Zeit;Kanal A
(ms);(mV)

-25,00999905;-13,05517864
-25,00499905;-13,52116013
-24,99999905;-13,05517864
-24,99499905;-13,52116013
-24,98999905;-13,05517864
-24,98499905;-13,05517864
-24,97999905;-13,52116013
-24,97499905;-13,05517864
-24,96999905;-13,05517864
-24,96499905;-11,18971348
-24,95999905;-12,58765888
-24,95499905;-12,58765888
-24,94999905;-12,12167740
-24,94499905;-10,72373199
-24,93999905;-10,72373199
-24,93499905;-10,25621223
-24,92999905;-10,25621223
-24,92499905;-9,32424927
-24,91999905;-9,32424927
-24,91499905;-6,99280214
-24,90999905;-8,39228535
-24,90499905;-7,92630339
-24,89999905;-7,45878410
-24,89499905;-4,66135550
-24,88999905;-6,99280214
-24,88499905;-6,99280214
-24,87999905;-6,52682066
-24,87499906;-6,06083870
-24,86999906;-6,06083870
-24,86499906;-6,06083870
-24,85999906;-6,06083870
-24,85499906;-5,59485674
-24,84999906;-6,52682066
-24,84499906;-6,52682066
-24,83999906;-6,06083870
-24,83499906;-6,52682066
-24,82999906;-6,52682066
-24,82499906;-6,06083870
-24,81999906;-6,06083870
-24,81499906;-6,06083870
-24,80999906;-6,06083870
-24,80499906;-6,52682066
-24,79999906;-6,06083870
-24,79499906;-6,06083870
-24,78999906;-5,12733746
-24,78499906;-5,12733746
-24,77999906;-5,12733746
-24,77499906;-3,72939205
-24,76999906;-3,72939205
-24,76499906;-4,19537354
-24,75999906;-3,72939205
-24,75499906;-3,72939205
-24,74999906;-3,26341033
-24,74499906;-3,72939205
-24,73999906;-3,26341033
-24,73499906;-2,32990885
-24,72999906;-0,46598175
-24,72499906;-1,39794528
-24,71999906;-1,39794528
-24,71499906;0,46598175
-24,70999906;0,00000000
-24,70499906;1,39794528
-24,69999906;1,39794528
-24,69499906;3,26341033
-24,68999906;4,19537354
-24,68499906;4,19537354
-24,67999906;5,59485674
-24,67499906;6,06083870
-24,66999906;6,99280214
-24,66499906;7,92630339
-24,65999906;9,32424927
-24,65499906;9,32424927
-24,64999906;10,25621223
-24,64499906;10,25621223
-24,63999906;10,72373199
-24,63499906;10,25621223
-24,62999906;11,18971348
-24,62499906;10,72373199
-24,61999906;10,25621223
-24,61499906;10,72373199
-24,60999906;9,32424927
-24,60499906;9,79023075
-24,59999906;9,32424927
-24,59499906;10,25621223
-24,58999906;8,85826683
-24,58499906;9,79023075
-24,57999906;8,85826683
-24,57499906;9,79023075
-24,56999906;9,79023075
-24,56499906;10,25621223
-24,55999906;10,72373199
-24,55499906;10,72373199
-24,54999906;10,25621223
-24,54499906;10,72373199
-24,53999906;13,98714256
-24,53499906;10,72373199
-24,52999906;9,79023075
-24,52499906;12,12167740
-24,51999906;10,72373199
-24,51499906;10,72373199
-24,50999906;11,65569592
-24,50499906;13,05517864
-24,49999906;11,65569592
-24,49499906;13,05517864
-24,48999906;13,05517864
-24,48499906;13,98714256
-24,47999907;13,98714256
-24,47499907;14,45312405
-24,46999907;14,45312405
-24,46499907;14,45312405
-24,45999907;14,45312405
-24,45499907;14,45312405
-24,44999907;14,45312405
-24,44499907;14,45312405
-24,43999907;13,98714256
-24,43499907;13,98714256
-24,42999907;13,52116013
-24,42499907;13,98714256
-24,41999907;12,58765888
-24,41499907;12,58765888
-24,40999907;12,12167740
-24,40499907;11,18971348
-24,39999907;11,18971348
-24,39499907;10,72373199
-24,38999907;11,18971348
-24,38499907;10,72373199
-24,37999907;10,72373199
-24,37499907;10,25621223
-24,36999907;9,79023075
-24,36499907;10,72373199
-24,35999907;10,25621223
-24,35499907;10,72373199
-24,34999907;10,25621223
-24,34499907;9,79023075
-24,33999907;9,79023075
-24,33499907;10,72373199
-24,32999907;10,25621223
-24,32499907;9,79023075
-24,31999907;10,25621223
-24,31499907;9,79023075
-24,30999907;9,79023075
-24,30499907;9,79023075
-24,29999907;9,32424927
-24,29499907;9,32424927
-24,28999907;9,79023075
-24,28499907;9,79023075
-24,27999907;8,85826683
-24,27499907;8,85826683
-24,26999907;8,39228535
-24,26499907;9,32424927
-24,25999907;7,45878410
-24,25499907;7,92630339
-24,24999907;8,39228535
-24,24499907;7,92630339
-24,23999907;8,85826683
-24,23499907;6,99280214
-24,22999907;8,39228535
-24,22499907;8,39228535
-24,21999907;7,92630339
-24,21499907;8,39228535
-24,20999907;8,39228535
-24,20499907;9,32424927
-24,19999907;9,32424927
-24,19499907;9,32424927
-24,18999907;8,85826683
-24,18499907;9,32424927
-24,17999907;9,32424927
-24,17499907;8,85826683
-24,16999907;8,39228535
-24,16499907;10,25621223
-24,15999907;8,39228535
-24,15499907;7,45878410
-24,14999907;6,52682066
-24,14499907;6,06083870
-24,13999907;4,66135550
-24,13499907;5,12733746
-24,12999907;6,06083870
-24,12499907;4,19537354
-24,11999907;3,26341033
-24,11499907;3,26341033
-24,10999907;2,79742837
-24,10499907;3,26341033
-24,09999907;2,32990885
-24,09499907;2,32990885
-24,08999907;2,32990885
-24,08499908;2,79742837
-24,07999908;2,79742837
-24,07499908;2,79742837
-24,06999908;2,79742837
-24,06499908;3,72939205
-24,05999908;3,26341033
-24,05499908;3,72939205
-24,04999908;2,79742837
-24,04499908;2,32990885
-24,03999908;2,79742837
-24,03499908;3,26341033
-24,02999908;2,79742837
-24,02499908;2,32990885
-24,01999908;2,32990885
-24,01499908;2,32990885
-24,00999908;2,79742837
-24,00499908;2,79742837
-23,99999908;3,72939205
-23,99499908;2,79742837
-23,98999908;3,72939205
-23,98499908;3,72939205
-23,97999908;4,19537354
-23,97499908;3,72939205
-23,96999908;3,72939205
-23,96499908;4,19537354
-23,95999908;3,72939205
-23,95499908;3,26341033
-23,94999908;2,79742837
-23,94499908;2,79742837
-23,93999908;1,39794528
-23,93499908;1,39794528
-23,92999908;0,46598175
-23,92499908;-0,46598175
-23,91999908;0,00000000
-23,91499908;0,00000000
-23,90999908;-0,46598175
-23,90499908;-1,86392701
-23,89999908;-1,39794528
-23,89499908;-1,39794528
-23,88999908;-1,39794528
-23,88499908;-0,93196350
-23,87999908;-0,93196350
-23,87499908;-0,93196350
-23,86999908;-1,39794528
-23,86499908;-0,93196350
-23,85999908;-0,93196350
-23,85499908;0,00000000
-23,84999908;-0,46598175
-23,84499908;-0,46598175
-23,83999908;-0,93196350
-23,83499908;-0,93196350
-23,82999908;-1,39794528
-23,82499908;-0,93196350
-23,81999908;-0,46598175
-23,81499908;-1,86392701
-23,80999908;-1,39794528
-23,80499908;-1,39794528
-23,79999908;-0,93196350
-23,79499908;-1,39794528
-23,78999908;0,46598175
-23,78499908;-1,39794528
-23,77999908;-0,93196350
-23,77499908;-0,93196350
-23,76999908;-1,86392701
-23,76499908;-1,39794528
-23,75999908;-1,86392701
-23,75499908;-1,39794528
-23,74999908;-2,32990885
-23,74499908;-1,39794528
-23,73999908;-2,32990885
-23,73499908;-1,86392701
-23,72999908;-2,79742837
-23,72499908;-2,32990885
-23,71999908;-2,79742837
-23,71499908;-2,79742837
-23,70999908;-2,79742837
-23,70499908;-2,32990885
-23,69999908;-2,32990885
-23,69499908;-3,26341033
-23,68999909;-3,26341033
-23,68499909;-2,79742837
-23,67999909;-3,26341033
-23,67499909;-3,72939205
-23,66999909;-3,72939205
-23,66499909;-3,26341033
-23,65999909;-3,72939205
-23,65499909;-3,72939205
-23,64999909;-3,72939205
-23,64499909;-4,19537354
-23,63999909;-3,26341033
-23,63499909;-3,72939205
-23,62999909;-2,79742837
-23,62499909;-3,26341033
-23,61999909;-3,26341033
-23,61499909;-2,32990885
-23,60999909;-2,79742837
-23,60499909;-2,32990885
-23,59999909;-2,79742837
-23,59499909;-2,79742837
-23,58999909;-2,79742837
-23,58499909;-2,79742837
-23,57999909;-3,26341033
-23,57499909;-3,72939205
-23,56999909;-4,66135550
-23,56499909;-4,66135550
-23,55999909;-5,59485674
-23,55499909;-5,59485674
-23,54999909;-5,12733746
-23,54499909;-6,52682066
-23,53999909;-6,06083870
-23,53499909;-6,06083870
-23,52999909;-6,06083870
-23,52499909;-5,12733746
-23,51999909;-4,66135550
-23,51499909;-3,26341033
-23,50999909;-4,19537354
-23,50499909;-3,26341033
-23,49999909;-3,26341033
-23,49499909;-2,32990885
-23,48999909;-2,32990885
-23,48499909;-2,79742837
-23,47999909;-2,32990885
-23,47499909;-3,26341033
-23,46999909;-3,72939205
-23,46499909;-3,72939205
-23,45999909;-5,12733746
-23,45499909;-5,59485674
-23,44999909;-6,06083870
-23,44499909;-6,52682066
-23,43999909;-7,45878410
-23,43499909;-7,45878410
-23,42999909;-7,92630339
-23,42499909;-9,32424927
-23,41999909;-8,85826683
-23,41499909;-10,72373199
-23,40999909;-7,92630339
-23,40499909;-8,39228535
-23,39999909;-8,85826683
-23,39499909;-9,32424927
-23,38999909;-9,79023075
-23,38499909;-9,32424927
-23,37999909;-10,25621223
-23,37499909;-10,72373199
-23,36999909;-10,72373199
-23,36499909;-12,58765888
-23,35999909;-13,05517864
-23,35499909;-14,45312405
-23,34999909;-15,38508797
-23,34499909;-15,38508797
-23,33999909;-16,31858826
-23,33499909;-16,78457069
-23,32999909;-17,71653366
-23,32499909;-17,71653366
-23,31999909;-17,71653366
-23,31499909;-18,18405342
-23,30999909;-15,85260677
-23,30499909;-15,85260677
-23,29999909;-14,91910553
-23,29499910;-14,45312405
-23,28999910;-13,52116013
-23,28499910;-12,58765888
-23,27999910;-12,12167740
-23,27499910;-11,65569592
-23,26999910;-10,25621223
-23,26499910;-9,32424927
-23,25999910;-9,32424927
-23,25499910;-9,32424927
-23,24999910;-8,39228535
-23,24499910;-8,39228535
-23,23999910;-8,39228535
-23,23499910;-9,32424927
-23,22999910;-9,79023075
-23,22499910;-9,79023075
-23,21999910;-9,32424927
-23,21499910;-10,72373199
-23,20999910;-10,72373199
-23,20499910;-10,72373199
-23,19999910;-9,79023075
-23,19499910;-10,72373199
-23,18999910;-11,18971348
-23,18499910;-10,25621223
-23,17999910;-10,72373199
-23,17499910;-9,79023075
-23,16999910;-10,25621223
-23,16499910;-10,25621223
-23,15999910;-9,79023075
-23,15499910;-8,85826683
-23,14999910;-8,85826683
-23,14499910;-8,39228535
-23,13999910;-8,39228535
-23,13499910;-8,39228535
-23,12999910;-8,85826683
-23,12499910;-7,92630339
-23,11999910;-7,92630339
-23,11499910;-8,85826683
-23,10999910;-7,92630339
-23,10499910;-7,92630339
-23,09999910;-7,45878410
-23,09499910;-7,45878410
-23,08999910;-6,52682066
-23,08499910;-6,52682066
-23,07999910;-6,06083870
-23,07499910;-5,12733746
-23,06999910;-4,19537354
-23,06499910;-3,72939205
-23,05999910;-2,32990885
-23,05499910;-0,93196350
-23,04999910;-0,46598175
-23,04499910;0,00000000
-23,03999910;-1,39794528
-23,03499910;1,39794528
-23,02999910;2,79742837
-23,02499910;2,79742837
-23,01999910;3,72939205
-23,01499910;4,19537354
-23,00999910;4,19537354
-23,00499910;4,19537354
-22,99999910;3,72939205
-22,99499910;3,72939205
-22,98999910;2,32990885
-22,98499910;3,26341033
-22,97999910;3,72939205
-22,97499910;2,32990885
-22,96999910;4,19537354
-22,96499910;3,72939205
-22,95999910;3,72939205
-22,95499910;4,66135550
-22,94999910;4,66135550
-22,94499910;6,06083870
-22,93999910;5,59485674
-22,93499910;5,59485674
-22,92999910;6,52682066
-22,92499910;6,52682066
-22,91999910;6,52682066
-22,91499910;6,52682066
-22,90999910;6,99280214
-22,90499910;6,99280214
-22,89999910;6,52682066
-22,89499911;6,06083870
-22,88999911;5,59485674
-22,88499911;6,06083870
-22,87999911;6,06083870
-22,87499911;6,06083870
-22,86999911;6,06083870
-22,86499911;6,52682066
-22,85999911;5,59485674
-22,85499911;6,99280214
-22,84999911;6,52682066
-22,84499911;7,92630339
-22,83999911;7,92630339
-22,83499911;8,39228535
-22,82999911;9,79023075
-22,82499911;10,25621223
-22,81999911;10,25621223
-22,81499911;10,72373199
-22,80999911;10,72373199
-22,80499911;10,25621223
-22,79999911;10,25621223
-22,79499911;10,72373199
-22,78999911;8,85826683
-22,78499911;9,79023075
-22,77999911;9,79023075
-22,77499911;8,85826683
-22,76999911;9,32424927
-22,76499911;8,85826683
-22,75999911;8,39228535
-22,75499911;7,92630339
-22,74999911;7,45878410
-22,74499911;8,39228535
-22,73999911;7,45878410
-22,73499911;7,45878410
-22,72999911;7,45878410
-22,72499911;6,99280214
-22,71999911;6,99280214
-22,71499911;6,52682066
-22,70999911;7,45878410
-22,70499911;6,06083870
-22,69999911;6,06083870
-22,69499911;5,12733746
-22,68999911;5,12733746
-22,68499911;4,66135550
-22,67999911;4,19537354
-22,67499911;4,66135550
-22,66999911;4,19537354
-22,66499911;2,32990885
-22,65999911;3,26341033
-22,65499911;3,72939205
-22,64999911;3,72939205
-22,64499911;3,72939205
-22,63999911;3,72939205
-22,63499911;3,26341033
-22,62999911;4,19537354
-22,62499911;4,66135550
-22,61999911;4,66135550
-22,61499911;3,72939205
-22,60999911;4,19537354
-22,60499911;4,66135550
-22,59999911;4,19537354
-22,59499911;4,19537354
-22,58999911;4,66135550
-22,58499911;4,66135550
-22,57999911;4,19537354
-22,57499911;4,66135550
-22,56999911;4,66135550
-22,56499911;5,59485674
-22,55999911;6,06083870
-22,55499911;6,06083870
-22,54999911;5,12733746
-22,54499911;5,12733746
-22,53999911;5,12733746
-22,53499911;4,66135550
-22,52999911;4,66135550
-22,52499911;4,66135550
-22,51999911;3,72939205
-22,51499911;2,79742837
-22,50999911;3,26341033
-22,50499911;2,32990885
-22,49999912;1,39794528
-22,49499912;0,93196350
-22,48999912;0,46598175
-22,48499912;0,00000000
-22,47999912;0,00000000
-22,47499912;-0,46598175
-22,46999912;-0,93196350
-22,46499912;-1,39794528
-22,45999912;-0,93196350
-22,45499912;-0,93196350
-22,44999912;-0,93196350
-22,44499912;-0,93196350
-22,43999912;-0,93196350
-22,43499912;-0,46598175
-22,42999912;-0,46598175
-22,42499912;0,00000000
-22,41999912;0,00000000
-22,41499912;0,00000000
-22,40999912;-0,46598175
-22,40499912;-0,46598175
-22,39999912;-1,39794528
-22,39499912;-1,39794528
-22,38999912;-0,46598175
-22,38499912;-0,46598175
-22,37999912;-2,32990885
-22,37499912;-2,32990885
-22,36999912;-3,26341033
-22,36499912;-2,79742837
-22,35999912;-3,26341033
-22,35499912;-3,26341033
-22,34999912;-3,72939205
-22,34499912;-3,72939205
-22,33999912;-3,72939205
-22,33499912;-3,72939205
-22,32999912;-4,66135550
-22,32499912;-4,66135550
-22,31999912;-4,66135550
-22,31499912;-5,12733746
-22,30999912;-4,19537354
-22,30499912;-4,19537354
-22,29999912;-2,79742837
-22,29499912;-4,19537354
-22,28999912;-5,12733746
-22,28499912;-5,12733746
-22,27999912;-5,59485674
-22,27499912;-5,59485674
-22,26999912;-6,99280214
-22,26499912;-6,52682066
-22,25999912;-6,99280214
-22,25499912;-7,45878410
-22,24999912;-7,92630339
-22,24499912;-7,92630339
-22,23999912;-8,39228535
-22,23499912;-8,39228535
-22,22999912;-8,39228535
-22,22499912;-8,39228535
-22,21999912;-8,85826683
-22,21499912;-9,32424927
-22,20999912;-8,85826683
-22,20499912;-9,32424927
-22,19999912;-8,85826683
-22,19499912;-9,32424927
-22,18999912;-9,79023075
-22,18499912;-9,79023075
-22,17999912;-9,79023075
-22,17499912;-10,25621223
-22,16999912;-10,25621223
-22,16499912;-11,65569592
-22,15999912;-11,65569592
-22,15499912;-12,12167740
-22,14999912;-12,12167740
-22,14499912;-12,58765888
-22,13999912;-13,52116013
-22,13499912;-13,98714256
-22,12999912;-13,52116013
-22,12499912;-13,52116013
-22,11999912;-14,45312405
-22,11499912;-14,91910553
-22,10999912;-14,91910553
-22,10499913;-13,98714256
-22,09999913;-14,45312405
-22,09499913;-14,45312405
-22,08999913;-13,98714256
-22,08499913;-12,12167740
-22,07999913;-12,58765888
-22,07499913;-12,12167740
-22,06999913;-11,65569592
-22,06499913;-10,25621223
-22,05999913;-10,72373199
-22,05499913;-9,79023075
-22,04999913;-9,32424927
-22,04499913;-8,85826683
-22,03999913;-8,39228535
-22,03499913;-8,39228535
-22,02999913;-7,92630339
-22,02499913;-7,45878410
-22,01999913;-6,99280214
-22,01499913;-7,45878410
-22,00999913;-7,45878410
-22,00499913;-8,85826683
-21,99999913;-7,45878410
-21,99499913;-8,39228535
-21,98999913;-7,45878410
-21,98499913;-8,39228535
-21,97999913;-7,92630339
-21,97499913;-7,92630339
-21,96999913;-7,92630339
-21,96499913;-7,92630339
-21,95999913;-7,92630339
-21,95499913;-7,92630339
-21,94999913;-7,92630339
-21,94499913;-4,66135550
-21,93999913;-7,92630339
-21,93499913;-6,52682066
-21,92999913;-7,92630339
-21,92499913;-7,45878410
-21,91999913;-7,45878410
-21,91499913;-8,39228535
-21,90999913;-6,06083870
-21,90499913;-6,52682066
-21,89999913;-6,52682066
-21,89499913;-5,59485674
-21,88999913;-5,59485674
-21,88499913;-4,66135550
-21,87999913;-5,12733746
-21,87499913;-4,66135550
-21,86999913;-3,26341033
-21,86499913;-3,26341033
-21,85999913;-3,72939205
-21,85499913;-2,79742837
-21,84999913;-2,32990885
-21,84499913;-1,86392701
-21,83999913;0,93196350
-21,83499913;-0,93196350
-21,82999913;0,46598175
-21,82499913;0,00000000
-21,81999913;1,39794528
-21,81499913;2,32990885
-21,80999913;2,79742837
-21,80499913;2,79742837
-21,79999913;4,19537354
-21,79499913;5,12733746
-21,78999913;6,06083870
-21,78499913;6,06083870
-21,77999913;7,45878410
-21,77499913;7,45878410
-21,76999913;8,39228535
-21,76499913;8,85826683
-21,75999913;9,32424927
-21,75499913;8,85826683
-21,74999913;10,25621223
-21,74499913;9,32424927
-21,73999913;9,79023075
-21,73499913;8,85826683
-21,72999913;9,32424927
-21,72499913;9,32424927
-21,71999913;8,85826683
-21,71499913;9,79023075
-21,70999914;9,79023075
-21,70499914;9,32424927
-21,69999914;8,85826683
-21,69499914;9,32424927
-21,68999914;9,32424927
-21,68499914;10,25621223
-21,67999914;9,32424927
-21,67499914;10,25621223
-21,66999914;9,79023075
-21,66499914;11,18971348
-21,65999914;10,25621223
-21,65499914;10,72373199
-21,64999914;10,72373199
-21,64499914;10,72373199
-21,63999914;11,18971348
-21,63499914;11,65569592
-21,62999914;11,65569592
-21,62499914;12,12167740
-21,61999914;12,12167740
-21,61499914;12,58765888
-21,60999914;11,65569592
-21,60499914;13,52116013
-21,59999914;13,98714256
-21,59499914;13,98714256
-21,58999914;13,98714256
-21,58499914;14,91910553
-21,57999914;14,91910553
-21,57499914;14,91910553
-21,56999914;14,91910553
-21,56499914;14,91910553
-21,55999914;14,45312405
-21,55499914;14,45312405
-21,54999914;13,52116013
-21,54499914;13,05517864
-21,53999914;14,91910553
-21,53499914;12,12167740
-21,52999914;11,18971348
-21,52499914;11,65569592
-21,51999914;10,72373199
-21,51499914;10,25621223
-21,50999914;9,79023075
-21,50499914;9,32424927
-21,49999914;8,85826683
-21,49499914;9,79023075
-21,48999914;9,79023075
-21,48499914;10,72373199
-21,47999914;9,79023075
-21,47499914;11,18971348
-21,46999914;8,85826683
-21,46499914;9,79023075
-21,45999914;10,25621223
-21,45499914;9,79023075
-21,44999914;9,79023075
-21,44499914;9,79023075
-21,43999914;9,32424927
-21,43499914;8,85826683
-21,42999914;8,39228535
-21,42499914;8,85826683
-21,41999914;8,39228535
-21,41499914;8,39228535
-21,40999914;7,92630339
-21,40499914;8,39228535
-21,39999914;7,92630339
-21,39499914;8,39228535
-21,38999914;7,92630339
-21,38499914;8,85826683
-21,37999914;8,85826683
-21,37499914;9,32424927
-21,36999914;9,79023075
-21,36499914;9,79023075
-21,35999914;9,32424927
-21,35499914;10,25621223
-21,34999914;10,25621223
-21,34499914;10,72373199
-21,33999914;10,72373199
-21,33499914;10,72373199
-21,32999914;10,25621223
-21,32499914;9,79023075
-21,31999914;9,79023075
-21,31499915;8,39228535
-21,30999915;9,32424927
-21,30499915;8,85826683
-21,29999915;7,45878410
-21,29499915;7,45878410
-21,28999915;6,99280214
-21,28499915;7,45878410
-21,27999915;6,06083870
-21,27499915;5,59485674
-21,26999915;4,19537354
-21,26499915;5,59485674
-21,25999915;4,66135550
-21,25499915;4,19537354
-21,24999915;4,66135550
-21,24499915;3,72939205
-21,23999915;3,72939205
-21,23499915;2,79742837
-21,22999915;2,79742837
-21,22499915;2,79742837
-21,21999915;2,32990885
-21,21499915;1,86392701
-21,20999915;0,93196350
-21,20499915;0,93196350
-21,19999915;0,93196350
-21,19499915;0,93196350
-21,18999915;0,93196350
-21,18499915;1,39794528
-21,17999915;1,39794528
-21,17499915;1,86392701
-21,16999915;1,86392701
-21,16499915;6,06083870
-21,15999915;3,72939205
-21,15499915;4,66135550
-21,14999915;5,12733746
-21,14499915;5,59485674
-21,13999915;6,06083870
-21,13499915;6,06083870
-21,12999915;6,52682066
-21,12499915;5,59485674
-21,11999915;6,06083870
-21,11499915;5,12733746
-21,10999915;3,72939205
-21,10499915;3,26341033
-21,09999915;1,39794528
-21,09499915;1,86392701
-21,08999915;1,39794528
-21,08499915;2,32990885
-21,07999915;0,93196350
-21,07499915;0,46598175
-21,06999915;0,93196350
-21,06499915;0,00000000
-21,05999915;0,00000000
-21,05499915;0,93196350
-21,04999915;0,46598175
-21,04499915;1,39794528
-21,03999915;1,39794528
-21,03499915;0,93196350
-21,02999915;0,93196350
-21,02499915;0,46598175
-21,01999915;0,46598175
-21,01499915;-0,93196350
-21,00999915;-0,93196350
-21,00499915;-1,39794528
-20,99999915;-1,39794528
-20,99499915;-1,39794528
-20,98999915;-2,32990885
-20,98499915;-3,26341033
-20,97999915;-2,79742837
-20,97499915;-1,86392701
-20,96999915;-2,32990885
-20,96499915;-2,32990885
-20,95999915;-1,39794528
-20,95499915;-0,93196350
-20,94999915;0,00000000
-20,94499915;-0,46598175
-20,93999915;0,46598175
-20,93499915;0,46598175
-20,92999915;0,46598175
-20,92499915;0,93196350
-20,91999916;0,46598175
-20,91499916;0,46598175
-20,90999916;-0,46598175
-20,90499916;-0,93196350
-20,89999916;-1,86392701
-20,89499916;-2,32990885
-20,88999916;-2,79742837
-20,88499916;-2,32990885
-20,87999916;-3,26341033
-20,87499916;-2,79742837
-20,86999916;-3,72939205
-20,86499916;-3,26341033
-20,85999916;-4,66135550
-20,85499916;-2,79742837
-20,84999916;-3,72939205
-20,84499916;-2,32990885
-20,83999916;-3,26341033
-20,83499916;-2,32990885
-20,82999916;-1,86392701
-20,82499916;-1,39794528
-20,81999916;-1,39794528
-20,81499916;-0,93196350
-20,80999916;-1,39794528
-20,80499916;-1,39794528
-20,79999916;-2,32990885
-20,79499916;-1,86392701
-20,78999916;-1,39794528
-20,78499916;-3,26341033
-20,77999916;-4,66135550
-20,77499916;-4,19537354
-20,76999916;-5,12733746
-20,76499916;-4,66135550
-20,75999916;-6,06083870
-20,75499916;-6,06083870
-20,74999916;-6,99280214
-20,74499916;-6,06083870
-20,73999916;-6,52682066
-20,73499916;-5,59485674
-20,72999916;-5,59485674
-20,72499916;-5,59485674
-20,71999916;-4,19537354
-20,71499916;-2,32990885
-20,70999916;-3,26341033
-20,70499916;-3,26341033
-20,69999916;-4,19537354
-20,69499916;-3,72939205
-20,68999916;-2,79742837
-20,68499916;-2,79742837
-20,67999916;-2,79742837
-20,67499916;-2,79742837
-20,66999916;-2,79742837
-20,66499916;-3,72939205
-20,65999916;-3,26341033
-20,65499916;-3,72939205
-20,64999916;-3,72939205
-20,64499916;-4,19537354
-20,63999916;-3,72939205
-20,63499916;-3,72939205
-20,62999916;-4,19537354
-20,62499916;-3,72939205
-20,61999916;-4,19537354
-20,61499916;-4,19537354
-20,60999916;-4,19537354
-20,60499916;-4,19537354
-20,59999916;-5,12733746
-20,59499916;-4,66135550
-20,58999916;-5,12733746
-20,58499916;-6,06083870
-20,57999916;-5,59485674
-20,57499916;-6,52682066
-20,56999916;-6,99280214
-20,56499916;-6,99280214
-20,55999916;-8,39228535
-20,55499916;-7,92630339
-20,54999916;-8,39228535
-20,54499916;-8,85826683
-20,53999916;-10,72373199
-20,53499916;-9,79023075
-20,52999916;-10,72373199
-20,52499916;-10,25621223
-20,51999917;-11,65569592
-20,51499917;-11,65569592
-20,50999917;-12,58765888
-20,50499917;-12,58765888
-20,49999917;-13,98714256
-20,49499917;-13,05517864
-20,48999917;-13,52116013
-20,48499917;-13,05517864
-20,47999917;-13,98714256
-20,47499917;-14,91910553
-20,46999917;-15,38508797
-20,46499917;-15,38508797
-20,45999917;-15,85260677
-20,45499917;-16,31858826
-20,44999917;-16,31858826
-20,44499917;-17,25055122
-20,43999917;-17,25055122
-20,43499917;-17,25055122
-20,42999917;-16,78457069
-20,42499917;-16,31858826
-20,41999917;-16,31858826
-20,41499917;-17,71653366
-20,40999917;-14,91910553
-20,40499917;-13,98714256
-20,39999917;-13,05517864
-20,39499917;-12,12167740
-20,38999917;-11,65569592
-20,38499917;-10,72373199
-20,37999917;-9,79023075
-20,37499917;-8,39228535
-20,36999917;-7,92630339
-20,36499917;-8,39228535
-20,35999917;-7,92630339
-20,35499917;-7,92630339
-20,34999917;-8,39228535
-20,34499917;-8,39228535
-20,33999917;-9,32424927
-20,33499917;-10,25621223
-20,32999917;-10,72373199
-20,32499917;-11,65569592
-20,31999917;-12,58765888
-20,31499917;-12,12167740
-20,30999917;-12,58765888
-20,30499917;-12,58765888
-20,29999917;-14,91910553
-20,29499917;-12,58765888
-20,28999917;-12,12167740
-20,28499917;-11,18971348
-20,27999917;-10,72373199
-20,27499917;-10,72373199
-20,26999917;-9,79023075
-20,26499917;-8,39228535
-20,25999917;-8,85826683
-20,25499917;-7,92630339
-20,24999917;-7,92630339
-20,24499917;-7,92630339
-20,23999917;-6,52682066
-20,23499917;-6,99280214
-20,22999917;-7,45878410
-20,22499917;-6,99280214
-20,21999917;-6,99280214
-20,21499917;-6,06083870
-20,20999917;-6,06083870
-20,20499917;-5,59485674
-20,19999917;-5,59485674
-20,19499917;-3,72939205
-20,18999917;-2,32990885
-20,18499917;-1,39794528
-20,17999917;-0,93196350
-20,17499917;0,46598175
-20,16999917;0,93196350
-20,16499917;2,32990885
-20,15999917;3,26341033
-20,15499917;3,26341033
-20,14999917;3,72939205
-20,14499917;4,19537354
-20,13999917;4,66135550
-20,13499917;4,19537354
-20,12999917;4,66135550
-20,12499918;5,12733746
-20,11999918;5,12733746
-20,11499918;3,72939205
-20,10999918;4,19537354
-20,10499918;4,19537354
-20,09999918;4,66135550
-20,09499918;3,72939205
-20,08999918;4,66135550
-20,08499918;3,72939205
-20,07999918;5,12733746
-20,07499918;5,12733746
-20,06999918;5,59485674
-20,06499918;6,06083870
-20,05999918;6,99280214
-20,05499918;6,99280214
-20,04999918;8,85826683
-20,04499918;6,99280214
-20,03999918;10,72373199
-20,03499918;7,45878410
-20,02999918;7,92630339
-20,02499918;6,99280214
-20,01999918;6,99280214
-20,01499918;6,06083870
-20,00999918;6,52682066
-20,00499918;6,52682066
-19,99999918;6,52682066
-19,99499918;6,52682066
-19,98999918;6,99280214
-19,98499918;6,06083870
-19,97999918;7,45878410
-19,97499918;7,92630339
-19,96999918;8,39228535
-19,96499918;9,32424927
-19,95999918;9,32424927
-19,95499918;10,72373199
-19,94999918;10,25621223
-19,94499918;11,18971348
-19,93999918;11,65569592
-19,93499918;11,18971348
-19,92999918;11,65569592
-19,92499918;11,65569592
-19,91999918;12,12167740
-19,91499918;11,18971348
-19,90999918;11,65569592
-19,90499918;10,25621223
-19,89999918;9,32424927
-19,89499918;9,79023075
-19,88999918;9,32424927
-19,88499918;9,32424927
-19,87999918;9,32424927
-19,87499918;8,39228535
-19,86999918;8,85826683
-19,86499918;7,92630339
-19,85999918;7,45878410
-19,85499918;7,45878410
-19,84999918;6,99280214
-19,84499918;6,06083870
-19,83999918;6,52682066
-19,83499918;6,52682066
-19,82999918;6,06083870
-19,82499918;6,06083870
-19,81999918;5,59485674
-19,81499918;4,66135550
-19,80999918;4,66135550
-19,80499918;5,12733746
-19,79999918;3,72939205
-19,79499918;3,72939205
-19,78999918;3,72939205
-19,78499918;3,72939205
-19,77999918;3,72939205
-19,77499918;3,72939205
-19,76999918;3,72939205
-19,76499918;2,79742837
-19,75999918;3,26341033
-19,75499918;3,72939205
-19,74999918;3,72939205
-19,74499918;4,66135550
-19,73999918;4,19537354
-19,73499918;4,19537354
-19,72999919;4,66135550
-19,72499919;4,66135550
-19,71999919;4,19537354
-19,71499919;5,12733746
-19,70999919;5,12733746
-19,70499919;5,12733746
-19,69999919;5,12733746
-19,69499919;4,66135550
-19,68999919;5,59485674
-19,68499919;4,66135550
-19,67999919;5,12733746
-19,67499919;4,66135550
-19,66999919;5,12733746
-19,66499919;6,06083870
-19,65999919;3,72939205
-19,65499919;2,79742837
-19,64999919;3,26341033
-19,64499919;3,26341033
-19,63999919;1,39794528
-19,63499919;1,39794528
-19,62999919;0,46598175
-19,62499919;1,39794528
-19,61999919;0,00000000
-19,61499919;0,46598175
-19,60999919;-0,93196350
-19,60499919;-0,93196350
-19,59999919;-0,93196350
-19,59499919;-0,46598175
-19,58999919;-1,39794528
-19,58499919;-0,46598175
-19,57999919;-0,93196350
-19,57499919;-0,93196350
-19,56999919;-0,93196350
-19,56499919;0,00000000
-19,55999919;-0,93196350
-19,55499919;0,00000000
-19,54999919;-0,93196350
-19,54499919;-0,93196350
-19,53999919;-0,46598175
-19,53499919;-0,93196350
-19,52999919;-0,93196350
-19,52499919;-0,46598175
-19,51999919;-1,86392701
-19,51499919;-0,93196350
-19,50999919;-1,39794528
-19,50499919;-1,39794528
-19,49999919;-2,32990885
-19,49499919;-1,86392701
-19,48999919;-2,32990885
-19,48499919;-0,93196350
-19,47999919;-2,32990885
-19,47499919;-2,79742837
-19,46999919;-2,32990885
-19,46499919;-2,79742837
-19,45999919;-3,26341033
-19,45499919;-2,79742837
-19,44999919;-2,79742837
-19,44499919;-2,79742837
-19,43999919;-2,32990885
-19,43499919;-3,26341033
-19,42999919;-2,79742837
-19,42499919;-3,26341033
-19,41999919;-3,26341033
-19,41499919;-3,26341033
-19,40999919;-3,72939205
-19,40499919;-3,72939205
-19,39999919;-3,72939205
-19,39499919;-4,19537354
-19,38999919;-4,66135550
-19,38499919;-5,12733746
-19,37999919;-5,59485674
-19,37499919;-6,06083870
-19,36999919;-6,06083870
-19,36499919;-6,52682066
-19,35999919;-7,45878410
-19,35499919;-6,99280214
-19,34999919;-8,39228535
-19,34499919;-7,92630339
-19,33999919;-8,85826683
-19,33499920;-8,85826683
-19,32999920;-9,32424927
-19,32499920;-9,32424927
-19,31999920;-10,25621223
-19,31499920;-9,79023075
-19,30999920;-9,79023075
-19,30499920;-10,25621223
-19,29999920;-9,79023075
-19,29499920;-10,72373199
-19,28999920;-8,85826683
-19,28499920;-11,65569592
-19,27999920;-10,72373199
-19,27499920;-12,12167740
-19,26999920;-11,65569592
-19,26499920;-11,65569592
-19,25999920;-12,12167740
-19,25499920;-12,12167740
-19,24999920;-13,05517864
-19,24499920;-12,12167740
-19,23999920;-13,05517864
-19,23499920;-12,58765888
-19,22999920;-13,05517864
-19,22499920;-12,58765888
-19,21999920;-12,58765888
-19,21499920;-12,58765888
-19,20999920;-12,12167740
-19,20499920;-13,52116013
-19,19999920;-13,05517864
-19,19499920;-12,12167740
-19,18999920;-11,65569592
-19,18499920;-12,12167740
-19,17999920;-11,65569592
-19,17499920;-10,25621223
-19,16999920;-10,25621223
-19,16499920;-9,79023075
-19,15999920;-9,79023075
-19,15499920;-8,39228535
-19,14999920;-7,92630339
-19,14499920;-7,45878410
-19,13999920;-6,99280214
-19,13499920;-6,99280214
-19,12999920;-6,06083870
-19,12499920;-6,06083870
-19,11999920;-6,06083870
-19,11499920;-6,52682066
-19,10999920;-6,99280214
-19,10499920;-6,06083870
-19,09999920;-7,45878410
-19,09499920;-6,99280214
-19,08999920;-6,99280214
-19,08499920;-7,92630339
-19,07999920;-7,92630339
-19,07499920;-7,92630339
-19,06999920;-7,45878410
-19,06499920;-7,92630339
-19,05999920;-7,92630339
-19,05499920;-6,99280214
-19,04999920;-6,99280214
-19,04499920;-6,99280214
-19,03999920;-7,45878410
-19,03499920;-6,52682066
-19,02999920;-5,59485674
-19,02499920;-5,59485674
-19,01999920;-6,06083870
-19,01499920;-7,92630339
-19,00999920;-4,66135550
-19,00499920;-4,66135550
-18,99999920;-5,12733746
-18,99499920;-4,19537354
-18,98999920;-4,19537354
-18,98499920;-3,72939205
-18,97999920;-3,26341033
-18,97499920;-2,32990885
-18,96999920;-2,32990885
-18,96499920;-1,39794528
-18,95999920;-1,39794528
-18,95499920;0,46598175
-18,94999920;0,46598175
-18,94499920;1,39794528
-18,93999921;1,86392701
-18,93499921;3,26341033
-18,92999921;4,19537354
-18,92499921;4,66135550
-18,91999921;5,59485674
-18,91499921;6,52682066
-18,90999921;7,92630339
-18,90499921;8,39228535
-18,89999921;9,79023075
-18,89499921;8,85826683
-18,88999921;9,79023075
-18,88499921;10,25621223
-18,87999921;10,25621223
-18,87499921;10,72373199
-18,86999921;10,25621223
-18,86499921;10,72373199
-18,85999921;9,79023075
-18,85499921;10,72373199
-18,84999921;10,25621223
-18,84499921;9,79023075
-18,83999921;9,32424927
-18,83499921;10,25621223
-18,82999921;9,79023075
-18,82499921;9,79023075
-18,81999921;9,79023075
-18,81499921;10,72373199
-18,80999921;10,72373199
-18,80499921;10,72373199
-18,79999921;10,72373199
-18,79499921;11,18971348
-18,78999921;12,12167740
-18,78499921;11,65569592
-18,77999921;12,12167740
-18,77499921;11,18971348
-18,76999921;12,12167740
-18,76499921;12,12167740
-18,75999921;11,65569592
-18,75499921;12,12167740
-18,74999921;12,58765888
-18,74499921;12,58765888
-18,73999921;12,58765888
-18,73499921;13,05517864
-18,72999921;13,52116013
-18,72499921;14,45312405
-18,71999921;14,45312405
-18,71499921;14,91910553
-18,70999921;15,38508797
-18,70499921;15,85260677
-18,69999921;16,31858826
-18,69499921;16,31858826
-18,68999921;15,85260677
-18,68499921;15,38508797
-18,67999921;15,38508797
-18,67499921;14,91910553
-18,66999921;14,45312405
-18,66499921;14,45312405
-18,65999921;13,52116013
-18,65499921;13,52116013
-18,64999921;13,05517864
-18,64499921;12,58765888
-18,63999921;11,65569592
-18,63499921;11,65569592
-18,62999921;11,18971348
-18,62499921;11,65569592
-18,61999921;11,18971348
-18,61499921;11,18971348
-18,60999921;10,72373199
-18,60499921;11,18971348
-18,59999921;11,18971348
-18,59499921;11,65569592
-18,58999921;10,72373199
-18,58499921;12,12167740
-18,57999921;11,18971348
-18,57499921;11,65569592
-18,56999921;11,18971348
-18,56499921;11,65569592
-18,55999921;10,72373199
-18,55499921;10,25621223
-18,54999921;12,58765888
-18,54499922;9,32424927
-18,53999922;11,18971348
-18,53499922;9,32424927
-18,52999922;8,85826683
-18,52499922;8,85826683
-18,51999922;7,92630339
-18,51499922;7,92630339
-18,50999922;8,39228535
-18,50499922;8,85826683
-18,49999922;9,32424927
-18,49499922;9,32424927
-18,48999922;7,92630339
-18,48499922;8,39228535
-18,47999922;8,85826683
-18,47499922;9,32424927
-18,46999922;9,32424927
-18,46499922;10,25621223
-18,45999922;9,79023075
-18,45499922;9,79023075
-18,44999922;8,85826683
-18,44499922;8,39228535
-18,43999922;8,85826683
-18,43499922;8,39228535
-18,42999922;7,45878410
-18,42499922;6,99280214
-18,41999922;6,99280214
-18,41499922;6,52682066
-18,40999922;5,59485674
-18,40499922;6,06083870
-18,39999922;5,59485674
-18,39499922;5,59485674
-18,38999922;5,59485674
-18,38499922;5,12733746
-18,37999922;4,19537354
-18,37499922;4,19537354
-18,36999922;3,72939205
-18,36499922;3,26341033
-18,35999922;3,72939205
-18,35499922;3,26341033
-18,34999922;2,79742837
-18,34499922;3,26341033
-18,33999922;2,79742837
-18,33499922;2,32990885
-18,32999922;2,32990885
-18,32499922;1,86392701
-18,31999922;0,93196350
-18,31499922;1,39794528
-18,30999922;1,39794528
-18,30499922;0,93196350
-18,29999922;2,32990885
-18,29499922;2,79742837
-18,28999922;1,86392701
-18,28499922;2,79742837
-18,27999922;3,26341033
-18,27499922;4,19537354
-18,26999922;2,32990885
-18,26499922;4,19537354
-18,25999922;3,72939205
-18,25499922;3,26341033
-18,24999922;3,26341033
-18,24499922;3,72939205
-18,23999922;3,26341033
-18,23499922;2,32990885
-18,22999922;3,26341033
-18,22499922;1,86392701
-18,21999922;1,86392701
-18,21499922;0,93196350
-18,20999922;0,93196350
-18,20499922;0,93196350
-18,19999922;0,46598175
-18,19499922;1,39794528
-18,18999922;0,00000000
-18,18499922;0,00000000
-18,17999922;0,46598175
-18,17499922;0,93196350
-18,16999922;0,93196350
-18,16499922;-1,86392701
-18,15999922;1,39794528
-18,15499922;1,39794528
-18,14999922;0,93196350
-18,14499923;0,46598175
-18,13999923;-0,46598175
-18,13499923;0,46598175
-18,12999923;0,00000000
-18,12499923;-0,93196350
-18,11999923;-1,86392701
-18,11499923;-0,93196350
-18,10999923;-1,86392701
-18,10499923;-1,86392701
-18,09999923;-1,39794528
-18,09499923;-1,86392701
-18,08999923;-0,93196350
-18,08499923;-2,32990885
-18,07999923;-0,93196350
-18,07499923;-0,46598175
-18,06999923;-0,93196350
-18,06499923;0,00000000
-18,05999923;0,00000000
-18,05499923;0,93196350
-18,04999923;0,46598175
-18,04499923;0,93196350
-18,03999923;0,93196350
-18,03499923;1,39794528
-18,02999923;-0,46598175
-18,02499923;-0,93196350
-18,01999923;-0,93196350
-18,01499923;-1,86392701
-18,00999923;-1,86392701
-18,00499923;-2,32990885
-17,99999923;-2,32990885
-17,99499923;-2,79742837
-17,98999923;-3,26341033
-17,98499923;-3,72939205
-17,97999923;-3,26341033
-17,97499923;-2,79742837
-17,96999923;-4,19537354
-17,96499923;-3,26341033
-17,95999923;-3,26341033
-17,95499923;-1,86392701
-17,94999923;-3,72939205
-17,94499923;-3,72939205
-17,93999923;-4,19537354
-17,93499923;-4,19537354
-17,92999923;-4,66135550
-17,92499923;-4,66135550
-17,91999923;-4,66135550
-17,91499923;-5,12733746
-17,90999923;-4,66135550
-17,90499923;-5,12733746
-17,89999923;-4,19537354
-17,89499923;-5,59485674
-17,88999923;-5,12733746
-17,88499923;-6,06083870
-17,87999923;-5,59485674
-17,87499923;-5,12733746
-17,86999923;-4,66135550
-17,86499923;-4,19537354
-17,85999923;-4,66135550
-17,85499923;-4,19537354
-17,84999923;-3,72939205
-17,84499923;-4,19537354
-17,83999923;-4,19537354
-17,83499923;-3,72939205
-17,82999923;-3,72939205
-17,82499923;-3,26341033
-17,81999923;-2,32990885
-17,81499923;-3,72939205
-17,80999923;-3,72939205
-17,80499923;-4,19537354
-17,79999923;-5,12733746
-17,79499923;-4,19537354
-17,78999923;-3,72939205
-17,78499923;-4,66135550
-17,77999923;-4,66135550
-17,77499923;-4,66135550
-17,76999923;-4,19537354
-17,76499923;-4,19537354
-17,75999923;-4,66135550
-17,75499923;-4,66135550
-17,74999924;-4,66135550
-17,74499924;-4,66135550
-17,73999924;-5,12733746
-17,73499924;-4,66135550
-17,72999924;-4,66135550
-17,72499924;-4,19537354
-17,71999924;-5,12733746
-17,71499924;-4,66135550
-17,70999924;-5,12733746
-17,70499924;-5,59485674
-17,69999924;-5,12733746
-17,69499924;-6,52682066
-17,68999924;-6,99280214
-17,68499924;-6,52682066
-17,67999924;-6,99280214
-17,67499924;-7,45878410
-17,66999924;-7,45878410
-17,66499924;-8,39228535
-17,65999924;-8,85826683
-17,65499924;-9,32424927
-17,64999924;-10,25621223
-17,64499924;-9,79023075
-17,63999924;-10,72373199
-17,63499924;-10,72373199
-17,62999924;-12,12167740
-17,62499924;-12,12167740
-17,61999924;-12,12167740
-17,61499924;-12,58765888
-17,60999924;-13,52116013
-17,60499924;-13,52116013
-17,59999924;-14,91910553
-17,59499924;-14,45312405
-17,58999924;-14,91910553
-17,58499924;-15,38508797
-17,57999924;-15,85260677
-17,57499924;-16,31858826
-17,56999924;-16,31858826
-17,56499924;-16,78457069
-17,55999924;-16,78457069
-17,55499924;-17,25055122
-17,54999924;-16,78457069
-17,54499924;-16,31858826
-17,53999924;-16,31858826
-17,53499924;-15,85260677
-17,52999924;-14,91910553
-17,52499924;-13,98714256
-17,51999924;-12,58765888
-17,51499924;-12,58765888
-17,50999924;-11,18971348
-17,50499924;-10,72373199
-17,49999924;-9,79023075
-17,49499924;-9,32424927
-17,48999924;-8,85826683
-17,48499924;-8,39228535
-17,47999924;-8,39228535
-17,47499924;-9,32424927
-17,46999924;-7,92630339
-17,46499924;-9,79023075
-17,45999924;-9,79023075
-17,45499924;-9,32424927
-17,44999924;-10,25621223
-17,44499924;-10,25621223
-17,43999924;-12,12167740
-17,43499924;-11,18971348
-17,42999924;-12,12167740
-17,42499924;-12,58765888
-17,41999924;-12,12167740
-17,41499924;-9,79023075
-17,40999924;-11,18971348
-17,40499924;-10,25621223
-17,39999924;-10,72373199
-17,39499924;-10,25621223
-17,38999924;-9,32424927
-17,38499924;-9,32424927
-17,37999924;-8,85826683
-17,37499924;-8,85826683
-17,36999924;-7,45878410
-17,36499924;-7,92630339
-17,35999924;-7,92630339
-17,35499925;-7,45878410
-17,34999925;-6,99280214
-17,34499925;-6,99280214
-17,33999925;-6,99280214
-17,33499925;-6,52682066
-17,32999925;-6,06083870
-17,32499925;-5,59485674
-17,31999925;-4,66135550
-17,31499925;-2,79742837
-17,30999925;-3,72939205
-17,30499925;-0,93196350
-17,29999925;-0,93196350
-17,29499925;0,46598175
-17,28999925;1,39794528
-17,28499925;2,32990885
-17,27999925;1,86392701
-17,27499925;2,79742837
-17,26999925;4,19537354
-17,26499925;3,72939205
-17,25999925;4,19537354
-17,25499925;4,66135550
-17,24999925;3,72939205
-17,24499925;4,19537354
-17,23999925;3,26341033
-17,23499925;3,72939205
-17,22999925;3,72939205
-17,22499925;3,72939205
-17,21999925;3,72939205
-17,21499925;4,19537354
-17,20999925;4,66135550
-17,20499925;4,66135550
-17,19999925;6,06083870
-17,19499925;5,12733746
-17,18999925;6,52682066
-17,18499925;6,99280214
-17,17999925;6,99280214
-17,17499925;7,45878410
-17,16999925;7,45878410
-17,16499925;7,92630339
-17,15999925;7,92630339
-17,15499925;7,92630339
-17,14999925;7,45878410
-17,14499925;7,92630339
-17,13999925;7,45878410
-17,13499925;6,99280214
-17,12999925;6,52682066
-17,12499925;7,45878410
-17,11999925;6,99280214
-17,11499925;7,45878410
-17,10999925;6,99280214
-17,10499925;6,99280214
-17,09999925;7,45878410
-17,09499925;7,92630339
-17,08999925;8,85826683
-17,08499925;8,85826683
-17,07999925;8,85826683
-17,07499925;10,72373199
-17,06999925;10,25621223
-17,06499925;11,65569592
-17,05999925;11,18971348
-17,05499925;11,65569592
-17,04999925;11,18971348
-17,04499925;10,72373199
-17,03999925;11,18971348
-17,03499925;10,72373199
-17,02999925;9,79023075
-17,02499925;9,32424927
-17,01999925;9,32424927
-17,01499925;8,85826683
-17,00999925;9,32424927
-17,00499925;9,32424927
-16,99999925;8,85826683
-16,99499925;8,85826683
-16,98999925;7,92630339
-16,98499925;7,92630339
-16,97999925;7,45878410
-16,97499925;7,92630339
-16,96999925;6,99280214
-16,96499925;7,92630339
-16,95999926;6,99280214
-16,95499926;6,52682066
-16,94999926;6,99280214
-16,94499926;6,06083870
-16,93999926;5,12733746
-16,93499926;5,12733746
-16,92999926;4,19537354
-16,92499926;4,66135550
-16,91999926;3,72939205
-16,91499926;3,26341033
-16,90999926;3,26341033
-16,90499926;3,72939205
-16,89999926;1,86392701
-16,89499926;2,32990885
-16,88999926;2,32990885
-16,88499926;2,32990885
-16,87999926;2,32990885
-16,87499926;2,79742837
-16,86999926;3,26341033
-16,86499926;2,79742837
-16,85999926;3,26341033
-16,85499926;2,32990885
-16,84999926;3,72939205
-16,84499926;3,72939205
-16,83999926;4,66135550
-16,83499926;4,66135550
-16,82999926;4,19537354
-16,82499926;5,12733746
-16,81999926;4,19537354
-16,81499926;5,12733746
-16,80999926;5,12733746
-16,80499926;5,12733746
-16,79999926;5,12733746
-16,79499926;4,66135550
-16,78999926;4,66135550
-16,78499926;4,19537354
-16,77999926;4,19537354
-16,77499926;3,72939205
-16,76999926;2,79742837
-16,76499926;3,26341033
-16,75999926;2,32990885
-16,75499926;1,86392701
-16,74999926;1,39794528
-16,74499926;0,46598175
-16,73999926;0,46598175
-16,73499926;0,00000000
-16,72999926;-0,46598175
-16,72499926;-0,93196350
-16,71999926;-1,39794528
-16,71499926;-0,93196350
-16,70999926;-1,86392701
-16,70499926;-0,93196350
-16,69999926;-0,93196350
-16,69499926;-0,93196350
-16,68999926;-1,86392701
-16,68499926;0,00000000
-16,67999926;-0,93196350
-16,67499926;-1,39794528
-16,66999926;0,00000000
-16,66499926;-1,86392701
-16,65999926;-0,93196350
-16,65499926;-1,86392701
-16,64999926;-0,93196350
-16,64499926;-4,66135550
-16,63999926;-1,86392701
-16,63499926;-1,39794528
-16,62999926;-1,86392701
-16,62499926;-1,39794528
-16,61999926;-3,26341033
-16,61499926;-2,79742837
-16,60999926;-3,26341033
-16,60499926;-3,26341033
-16,59999926;-4,19537354
-16,59499926;-2,79742837
-16,58999926;-3,26341033
-16,58499926;-3,72939205
-16,57999926;-3,72939205
-16,57499926;-3,72939205
-16,56999926;-3,72939205
-16,56499927;-3,26341033
-16,55999927;-3,72939205
-16,55499927;-3,72939205
-16,54999927;-4,19537354
-16,54499927;-3,26341033
-16,53999927;-4,19537354
-16,53499927;-3,72939205
-16,52999927;-4,19537354
-16,52499927;-4,66135550
-16,51999927;-4,66135550
-16,51499927;-5,59485674
-16,50999927;-6,06083870
-16,50499927;-6,52682066
-16,49999927;-7,45878410
-16,49499927;-7,45878410
-16,48999927;-8,39228535
-16,48499927;-10,25621223
-16,47999927;-8,85826683
-16,47499927;-9,32424927
-16,46999927;-10,72373199
-16,46499927;-10,72373199
-16,45999927;-11,18971348
-16,45499927;-10,72373199
-16,44999927;-10,25621223
-16,44499927;-9,79023075
-16,43999927;-10,72373199
-16,43499927;-9,79023075
-16,42999927;-9,79023075
-16,42499927;-10,25621223
-16,41999927;-10,72373199
-16,41499927;-10,25621223
-16,40999927;-9,79023075
-16,40499927;-12,12167740
-16,39999927;-10,72373199
-16,39499927;-11,65569592
-16,38999927;-11,18971348
-16,38499927;-12,12167740
-16,37999927;-11,65569592
-16,37499927;-12,12167740
-16,36999927;-12,58765888
-16,36499927;-13,05517864
-16,35999927;-13,05517864
-16,35499927;-12,12167740
-16,34999927;-13,52116013
-16,34499927;-12,12167740
-16,33999927;-13,05517864
-16,33499927;-12,58765888
-16,32999927;-12,12167740
-16,32499927;-11,65569592
-16,31999927;-12,58765888
-16,31499927;-12,12167740
-16,30999927;-12,12167740
-16,30499927;-11,18971348
-16,29999927;-10,72373199
-16,29499927;-10,25621223
-16,28999927;-9,79023075
-16,28499927;-10,25621223
-16,27999927;-10,25621223
-16,27499927;-8,85826683
-16,26999927;-6,99280214
-16,26499927;-7,92630339
-16,25999927;-8,39228535
-16,25499927;-7,45878410
-16,24999927;-7,45878410
-16,24499927;-6,99280214
-16,23999927;-6,99280214
-16,23499927;-6,99280214
-16,22999927;-7,45878410
-16,22499927;-6,52682066
-16,21999927;-6,99280214
-16,21499927;-7,45878410
-16,20999927;-7,45878410
-16,20499927;-7,45878410
-16,19999927;-7,92630339
-16,19499927;-6,99280214
-16,18999927;-8,39228535
-16,18499927;-8,39228535
-16,17999927;-8,39228535
-16,17499927;-7,45878410
-16,16999928;-8,39228535
-16,16499928;-8,39228535
-16,15999928;-8,85826683
-16,15499928;-7,45878410
-16,14999928;-6,99280214
-16,14499928;-7,45878410
-16,13999928;-6,99280214
-16,13499928;-6,99280214
-16,12999928;-6,06083870
-16,12499928;-5,59485674
-16,11999928;-5,12733746
-16,11499928;-4,66135550
-16,10999928;-4,19537354
-16,10499928;-3,26341033
-16,09999928;-2,79742837
-16,09499928;-3,26341033
-16,08999928;-1,86392701
-16,08499928;-0,46598175
-16,07999928;-0,46598175
-16,07499928;0,00000000
-16,06999928;0,46598175
-16,06499928;1,39794528
-16,05999928;2,79742837
-16,05499928;2,32990885
-16,04999928;3,72939205
-16,04499928;4,66135550
-16,03999928;5,12733746
-16,03499928;5,59485674
-16,02999928;6,99280214
-16,02499928;7,45878410
-16,01999928;7,92630339
-16,01499928;8,39228535
-16,00999928;8,85826683
-16,00499928;9,79023075
-15,99999928;9,79023075
-15,99499928;9,79023075
-15,98999928;9,32424927
-15,98499928;9,79023075
-15,97999928;9,79023075
-15,97499928;10,25621223
-15,96999928;9,79023075
-15,96499928;9,79023075
-15,95999928;9,79023075
-15,95499928;10,25621223
-15,94999928;9,79023075
-15,94499928;10,72373199
-15,93999928;10,25621223
-15,93499928;10,72373199
-15,92999928;10,25621223
-15,92499928;11,65569592
-15,91999928;10,72373199
-15,91499928;11,18971348
-15,90999928;11,18971348
-15,90499928;10,72373199
-15,89999928;11,18971348
-15,89499928;8,39228535
-15,88999928;10,72373199
-15,88499928;10,72373199
-15,87999928;10,72373199
-15,87499928;11,65569592
-15,86999928;11,18971348
-15,86499928;11,65569592
-15,85999928;11,18971348
-15,85499928;11,65569592
-15,84999928;11,18971348
-15,84499928;13,05517864
-15,83999928;12,58765888
-15,83499928;13,98714256
-15,82999928;13,98714256
-15,82499928;14,91910553
-15,81999928;13,98714256
-15,81499928;15,38508797
-15,80999928;15,38508797
-15,80499928;15,38508797
-15,79999928;14,91910553
-15,79499928;14,45312405
-15,78999928;14,45312405
-15,78499928;13,52116013
-15,77999928;13,98714256
-15,77499928;12,12167740
-15,76999929;12,12167740
-15,76499929;11,18971348
-15,75999929;11,18971348
-15,75499929;10,72373199
-15,74999929;10,72373199
-15,74499929;10,72373199
-15,73999929;10,72373199
-15,73499929;10,72373199
-15,72999929;10,72373199
-15,72499929;13,05517864
-15,71999929;10,25621223
-15,71499929;11,18971348
-15,70999929;11,18971348
-15,70499929;10,72373199
-15,69999929;11,18971348
-15,69499929;10,72373199
-15,68999929;10,25621223
-15,68499929;10,25621223
-15,67999929;10,25621223
-15,67499929;9,79023075
-15,66999929;8,39228535
-15,66499929;9,79023075
-15,65999929;8,85826683
-15,65499929;9,32424927
-15,64999929;8,39228535
-15,64499929;8,85826683
-15,63999929;8,85826683
-15,63499929;8,85826683
-15,62999929;8,85826683
-15,62499929;8,85826683
-15,61999929;9,79023075
-15,61499929;9,32424927
-15,60999929;9,32424927
-15,60499929;9,79023075
-15,59999929;9,79023075
-15,59499929;9,32424927
-15,58999929;9,79023075
-15,58499929;9,79023075
-15,57999929;9,32424927
-15,57499929;9,79023075
-15,56999929;8,85826683
-15,56499929;9,32424927
-15,55999929;8,85826683
-15,55499929;9,32424927
-15,54999929;7,92630339
-15,54499929;7,92630339
-15,53999929;7,92630339
-15,53499929;7,45878410
-15,52999929;6,99280214
-15,52499929;6,52682066
-15,51999929;6,99280214
-15,51499929;6,06083870
-15,50999929;5,12733746
-15,50499929;4,66135550
-15,49999929;2,79742837
-15,49499929;3,72939205
-15,48999929;2,79742837
-15,48499929;2,32990885
-15,47999929;1,39794528
-15,47499929;2,32990885
-15,46999929;1,86392701
-15,46499929;0,93196350
-15,45999929;0,93196350
-15,45499929;0,93196350
-15,44999929;0,93196350
-15,44499929;0,46598175
-15,43999929;0,00000000
-15,43499929;0,93196350
-15,42999929;0,46598175
-15,42499929;0,46598175
-15,41999929;1,39794528
-15,41499929;1,39794528
-15,40999929;1,39794528
-15,40499929;1,86392701
-15,39999929;2,32990885
-15,39499929;2,32990885
-15,38999929;2,32990885
-15,38499929;3,26341033
-15,37999929;3,26341033
-15,37499930;3,26341033
-15,36999930;2,79742837
-15,36499930;2,79742837
-15,35999930;2,32990885
-15,35499930;2,32990885
-15,34999930;2,32990885
-15,34499930;2,79742837
-15,33999930;2,32990885
-15,33499930;1,86392701
-15,32999930;1,39794528
-15,32499930;2,32990885
-15,31999930;0,93196350
-15,31499930;0,93196350
-15,30999930;0,93196350
-15,30499930;1,39794528
-15,29999930;0,93196350
-15,29499930;0,46598175
-15,28999930;1,39794528
-15,28499930;0,46598175
-15,27999930;0,00000000
-15,27499930;0,46598175
-15,26999930;-0,93196350
-15,26499930;-0,46598175
-15,25999930;-0,46598175
-15,25499930;-0,46598175
-15,24999930;-1,39794528
-15,24499930;-1,39794528
-15,23999930;-1,39794528
-15,23499930;-1,39794528
-15,22999930;-1,86392701
-15,22499930;-2,32990885
-15,21999930;-2,32990885
-15,21499930;-2,32990885
-15,20999930;-2,79742837
-15,20499930;-2,32990885
-15,19999930;-2,32990885
-15,19499930;-1,86392701
-15,18999930;-1,86392701
-15,18499930;-1,86392701
-15,17999930;-2,32990885
-15,17499930;0,00000000
-15,16999930;-1,39794528
-15,16499930;-2,32990885
-15,15999930;-1,39794528
-15,15499930;-0,93196350
-15,14999930;-0,93196350
-15,14499930;-1,39794528
-15,13999930;0,00000000
-15,13499930;-0,46598175
-15,12999930;0,00000000
-15,12499930;-2,79742837
-15,11999930;-0,93196350
-15,11499930;-0,46598175
-15,10999930;-0,46598175
-15,10499930;-1,86392701
-15,09999930;-1,39794528
-15,09499930;-1,39794528
-15,08999930;-2,79742837
-15,08499930;-2,79742837
-15,07999930;-3,72939205
-15,07499930;-3,26341033
-15,06999930;-3,72939205
-15,06499930;-3,72939205
-15,05999930;-4,19537354
-15,05499930;-3,72939205
-15,04999930;-5,12733746
-15,04499930;-3,72939205
-15,03999930;-4,19537354
-15,03499930;-3,26341033
-15,02999930;-3,72939205
-15,02499930;-3,26341033
-15,01999930;-2,79742837
-15,01499930;-2,32990885
-15,00999930;-3,26341033
-15,00499930;-2,79742837
-14,99999930;-2,79742837
-14,99499930;-2,79742837
-14,98999930;-2,79742837
-14,98499930;-3,72939205
-14,97999931;-4,19537354
-14,97499931;-3,72939205
-14,96999931;-4,19537354
-14,96499931;-4,19537354
-14,95999931;-4,19537354
-14,95499931;-4,66135550
-14,94999931;-4,19537354
-14,94499931;-3,26341033
-14,93999931;-4,19537354
-14,93499931;-3,72939205
-14,92999931;-3,72939205
-14,92499931;-3,26341033
-14,91999931;-3,26341033
-14,91499931;-3,26341033
-14,90999931;-3,72939205
-14,90499931;-3,72939205
-14,89999931;-3,72939205
-14,89499931;-3,26341033
-14,88999931;-3,72939205
-14,88499931;-3,26341033
-14,87999931;-5,12733746
-14,87499931;-4,66135550
-14,86999931;-5,12733746
-14,86499931;-4,19537354
-14,85999931;-5,12733746
-14,85499931;-5,12733746
-14,84999931;-5,12733746
-14,84499931;-5,59485674
-14,83999931;-5,59485674
-14,83499931;-6,06083870
-14,82999931;-6,06083870
-14,82499931;-6,52682066
-14,81999931;-6,99280214
-14,81499931;-6,52682066
-14,80999931;-6,99280214
-14,80499931;-7,92630339
-14,79999931;-7,92630339
-14,79499931;-7,45878410
-14,78999931;-8,39228535
-14,78499931;-8,39228535
-14,77999931;-9,32424927
-14,77499931;-9,32424927
-14,76999931;-9,79023075
-14,76499931;-8,85826683
-14,75999931;-10,25621223
-14,75499931;-10,72373199
-14,74999931;-8,39228535
-14,74499931;-11,18971348
-14,73999931;-13,05517864
-14,73499931;-13,05517864
-14,72999931;-13,05517864
-14,72499931;-13,52116013
-14,71999931;-13,98714256
-14,71499931;-14,91910553
-14,70999931;-15,38508797
-14,70499931;-14,91910553
-14,69999931;-15,38508797
-14,69499931;-15,85260677
-14,68999931;-15,85260677
-14,68499931;-16,31858826
-14,67999931;-15,85260677
-14,67499931;-15,38508797
-14,66999931;-14,91910553
-14,66499931;-14,45312405
-14,65999931;-13,98714256
-14,65499931;-13,98714256
-14,64999931;-13,05517864
-14,64499931;-12,58765888
-14,63999931;-12,58765888
-14,63499931;-10,25621223
-14,62999931;-9,79023075
-14,62499931;-8,85826683
-14,61999931;-8,85826683
-14,61499931;-7,92630339
-14,60999931;-8,85826683
-14,60499931;-8,39228535
-14,59999931;-8,85826683
-14,59499931;-8,85826683
-14,58999931;-9,79023075
-14,58499932;-8,39228535
-14,57999932;-9,79023075
-14,57499932;-9,32424927
-14,56999932;-10,72373199
-14,56499932;-9,79023075
-14,55999932;-10,72373199
-14,55499932;-10,72373199
-14,54999932;-10,72373199
-14,54499932;-10,25621223
-14,53999932;-10,72373199
-14,53499932;-9,79023075
-14,52999932;-9,79023075
-14,52499932;-9,32424927
-14,51999932;-8,85826683
-14,51499932;-8,39228535
-14,50999932;-7,92630339
-14,50499932;-7,92630339
-14,49999932;-7,92630339
-14,49499932;-7,92630339
-14,48999932;-7,92630339
-14,48499932;-7,45878410
-14,47999932;-7,45878410
-14,47499932;-7,92630339
-14,46999932;-7,45878410
-14,46499932;-7,45878410
-14,45999932;-6,06083870
-14,45499932;-6,52682066
-14,44999932;-5,59485674
-14,44499932;-4,19537354
-14,43999932;-3,72939205
-14,43499932;-3,72939205
-14,42999932;-2,32990885
-14,42499932;-1,39794528
-14,41999932;0,00000000
-14,41499932;0,46598175
-14,40999932;1,39794528
-14,40499932;1,39794528
-14,39999932;1,86392701
-14,39499932;3,26341033
-14,38999932;3,26341033
-14,38499932;3,26341033
-14,37999932;4,19537354
-14,37499932;6,99280214
-14,36999932;3,72939205
-14,36499932;3,26341033
-14,35999932;4,19537354
-14,35499932;4,66135550
-14,34999932;4,19537354
-14,34499932;3,72939205
-14,33999932;4,66135550
-14,33499932;5,12733746
-14,32999932;5,59485674
-14,32499932;6,06083870
-14,31999932;6,06083870
-14,31499932;7,45878410
-14,30999932;6,99280214
-14,30499932;7,45878410
-14,29999932;7,92630339
-14,29499932;8,39228535
-14,28999932;8,85826683
-14,28499932;7,45878410
-14,27999932;8,39228535
-14,27499932;7,92630339
-14,26999932;7,92630339
-14,26499932;7,92630339
-14,25999932;7,92630339
-14,25499932;8,85826683
-14,24999932;6,99280214
-14,24499932;7,92630339
-14,23999932;7,45878410
-14,23499932;7,92630339
-14,22999932;7,45878410
-14,22499932;8,39228535
-14,21999932;8,85826683
-14,21499932;8,39228535
-14,20999932;9,79023075
-14,20499932;10,25621223
-14,19999932;10,25621223
-14,19499932;10,72373199
-14,18999933;11,18971348
-14,18499933;12,12167740
-14,17999933;11,65569592
-14,17499933;12,12167740
-14,16999933;11,65569592
-14,16499933;11,65569592
-14,15999933;11,65569592
-14,15499933;10,72373199
-14,14999933;10,25621223
-14,14499933;10,25621223
-14,13999933;9,32424927
-14,13499933;9,32424927
-14,12999933;9,32424927
-14,12499933;8,85826683
-14,11999933;8,39228535
-14,11499933;7,92630339
-14,10999933;8,39228535
-14,10499933;8,39228535
-14,09999933;7,92630339
-14,09499933;8,39228535
-14,08999933;7,45878410
-14,08499933;6,99280214
-14,07999933;6,99280214
-14,07499933;6,52682066
-14,06999933;6,06083870
-14,06499933;6,99280214
-14,05999933;5,12733746
-14,05499933;5,59485674
-14,04999933;5,12733746
-14,04499933;4,66135550
-14,03999933;5,12733746
-14,03499933;4,19537354
-14,02999933;4,19537354
-14,02499933;3,72939205
-14,01999933;3,26341033
-14,01499933;3,26341033
-14,00999933;3,26341033
-14,00499933;3,26341033
-13,99999933;1,39794528
-13,99499933;3,72939205
-13,98999933;4,19537354
-13,98499933;4,19537354
-13,97999933;4,66135550
-13,97499933;4,19537354
-13,96999933;4,66135550
-13,96499933;5,12733746
-13,95999933;4,66135550
-13,95499933;5,12733746
-13,94999933;6,06083870
-13,94499933;5,59485674
-13,93999933;5,12733746
-13,93499933;5,12733746
-13,92999933;5,12733746
-13,92499933;5,59485674
-13,91999933;4,66135550
-13,91499933;5,59485674
-13,90999933;4,66135550
-13,90499933;5,12733746
-13,89999933;3,26341033
-13,89499933;3,72939205
-13,88999933;2,79742837
-13,88499933;3,26341033
-13,87999933;2,32990885
-13,87499933;2,32990885
-13,86999933;2,32990885
-13,86499933;2,32990885
-13,85999933;1,39794528
-13,85499933;0,93196350
-13,84999933;-0,46598175
-13,84499933;0,00000000
-13,83999933;0,00000000
-13,83499933;0,00000000
-13,82999933;0,00000000
-13,82499933;-0,46598175
-13,81999933;-0,93196350
-13,81499933;-0,93196350
-13,80999933;-1,86392701
-13,80499933;-1,86392701
-13,79999933;-1,39794528
-13,79499934;-1,86392701
-13,78999934;-1,86392701
-13,78499934;-1,86392701
-13,77999934;-2,32990885
-13,77499934;-2,32990885
-13,76999934;-3,26341033
-13,76499934;-3,26341033
-13,75999934;-3,26341033
-13,75499934;-2,32990885
-13,74999934;-3,72939205
-13,74499934;-3,72939205
-13,73999934;-3,72939205
-13,73499934;-2,32990885
-13,72999934;-3,26341033
-13,72499934;-2,79742837
-13,71999934;-2,79742837
-13,71499934;-3,26341033
-13,70999934;-3,26341033
-13,70499934;-1,86392701
-13,69999934;-3,72939205
-13,69499934;-3,26341033
-13,68999934;-4,19537354
-13,68499934;-3,72939205
-13,67999934;-4,19537354
-13,67499934;-3,72939205
-13,66999934;-3,72939205
-13,66499934;-4,66135550
-13,65999934;-4,19537354
-13,65499934;-3,72939205
-13,64999934;-4,19537354
-13,64499934;-4,19537354
-13,63999934;-4,19537354
-13,63499934;-4,19537354
-13,62999934;-4,66135550
-13,62499934;-2,32990885
-13,61999934;-5,59485674
-13,61499934;-4,66135550
-13,60999934;-5,12733746
-13,60499934;-5,59485674
-13,59999934;-6,52682066
-13,59499934;-6,52682066
-13,58999934;-6,99280214
-13,58499934;-7,45878410
-13,57999934;-7,92630339
-13,57499934;-8,39228535
-13,56999934;-8,85826683
-13,56499934;-8,85826683
-13,55999934;-9,32424927
-13,55499934;-9,79023075
-13,54999934;-9,79023075
-13,54499934;-10,25621223
-13,53999934;-10,72373199
-13,53499934;-10,72373199
-13,52999934;-10,72373199
-13,52499934;-12,12167740
-13,51999934;-12,12167740
-13,51499934;-12,12167740
-13,50999934;-12,12167740
-13,50499934;-12,12167740
-13,49999934;-12,58765888
-13,49499934;-12,58765888
-13,48999934;-12,58765888
-13,48499934;-12,58765888
-13,47999934;-13,05517864
-13,47499934;-13,05517864
-13,46999934;-13,05517864
-13,46499934;-13,98714256
-13,45999934;-13,52116013
-13,45499934;-13,98714256
-13,44999934;-13,52116013
-13,44499934;-12,58765888
-13,43999934;-12,12167740
-13,43499934;-12,12167740
-13,42999934;-12,12167740
-13,42499934;-11,18971348
-13,41999934;-11,65569592
-13,41499934;-11,18971348
-13,40999934;-10,25621223
-13,40499934;-10,25621223
-13,39999934;-9,32424927
-13,39499935;-8,85826683
-13,38999935;-7,92630339
-13,38499935;-7,92630339
-13,37999935;-7,45878410
-13,37499935;-7,92630339
-13,36999935;-6,52682066
-13,36499935;-6,99280214
-13,35999935;-6,99280214
-13,35499935;-7,92630339
-13,34999935;-6,99280214
-13,34499935;-7,45878410
-13,33999935;-7,92630339
-13,33499935;-8,39228535
-13,32999935;-7,92630339
-13,32499935;-7,45878410
-13,31999935;-7,45878410
-13,31499935;-6,99280214
-13,30999935;-7,92630339
-13,30499935;-7,92630339
-13,29999935;-6,99280214
-13,29499935;-7,45878410
-13,28999935;-6,52682066
-13,28499935;-6,52682066
-13,27999935;-6,52682066
-13,27499935;-6,06083870
-13,26999935;-6,99280214
-13,26499935;-5,59485674
-13,25999935;-5,12733746
-13,25499935;-4,66135550
-13,24999935;-4,19537354
-13,24499935;-3,72939205
-13,23999935;-3,72939205
-13,23499935;-2,79742837
-13,22999935;-1,86392701
-13,22499935;-2,79742837
-13,21999935;-2,79742837
-13,21499935;-2,32990885
-13,20999935;-1,86392701
-13,20499935;-0,93196350
-13,19999935;-0,46598175
-13,19499935;0,93196350
-13,18999935;0,93196350
-13,18499935;1,86392701
-13,17999935;1,86392701
-13,17499935;4,19537354
-13,16999935;3,72939205
-13,16499935;5,59485674
-13,15999935;5,12733746
-13,15499935;6,52682066
-13,14999935;6,99280214
-13,14499935;7,92630339
-13,13999935;8,39228535
-13,13499935;9,32424927
-13,12999935;9,32424927
-13,12499935;9,79023075
-13,11999935;9,79023075
-13,11499935;10,25621223
-13,10999935;9,79023075
-13,10499935;10,25621223
-13,09999935;10,25621223
-13,09499935;9,79023075
-13,08999935;10,25621223
-13,08499935;10,25621223
-13,07999935;10,25621223
-13,07499935;10,25621223
-13,06999935;8,85826683
-13,06499935;10,72373199
-13,05999935;10,72373199
-13,05499935;9,79023075
-13,04999935;11,18971348
-13,04499935;10,25621223
-13,03999935;11,18971348
-13,03499935;11,18971348
-13,02999935;11,65569592
-13,02499935;11,65569592
-13,01999935;11,65569592
-13,01499935;11,65569592
-13,00999935;11,18971348
-13,00499935;11,65569592
-12,99999936;11,65569592
-12,99499936;11,65569592
-12,98999936;12,12167740
-12,98499936;12,58765888
-12,97999936;13,05517864
-12,97499936;13,52116013
-12,96999936;13,05517864
-12,96499936;13,98714256
-12,95999936;14,45312405
-12,95499936;14,45312405
-12,94999936;14,91910553
-12,94499936;15,38508797
-12,93999936;14,45312405
-12,93499936;14,91910553
-12,92999936;14,91910553
-12,92499936;14,91910553
-12,91999936;13,98714256
-12,91499936;13,98714256
-12,90999936;13,52116013
-12,90499936;13,05517864
-12,89999936;12,12167740
-12,89499936;12,12167740
-12,88999936;10,72373199
-12,88499936;11,18971348
-12,87999936;9,79023075
-12,87499936;11,18971348
-12,86999936;9,79023075
-12,86499936;11,65569592
-12,85999936;9,79023075
-12,85499936;10,25621223
-12,84999936;8,85826683
-12,84499936;9,79023075
-12,83999936;10,72373199
-12,83499936;10,25621223
-12,82999936;9,79023075
-12,82499936;9,79023075
-12,81999936;10,72373199
-12,81499936;10,72373199
-12,80999936;10,72373199
-12,80499936;11,18971348
-12,79999936;10,25621223
-12,79499936;10,25621223
-12,78999936;9,79023075
-12,78499936;10,25621223
-12,77999936;9,79023075
-12,77499936;9,79023075
-12,76999936;9,32424927
-12,76499936;8,39228535
-12,75999936;8,85826683
-12,75499936;8,85826683
-12,74999936;8,39228535
-12,74499936;9,32424927
-12,73999936;9,32424927
-12,73499936;9,79023075
-12,72999936;9,32424927
-12,72499936;9,32424927
-12,71999936;8,85826683
-12,71499936;9,32424927
-12,70999936;9,79023075
-12,70499936;9,32424927
-12,69999936;8,85826683
-12,69499936;9,32424927
-12,68999936;9,32424927
-12,68499936;9,32424927
-12,67999936;8,85826683
-12,67499936;8,39228535
-12,66999936;8,85826683
-12,66499936;7,92630339
-12,65999936;7,45878410
-12,65499936;6,06083870
-12,64999936;6,06083870
-12,64499936;6,06083870
-12,63999936;6,06083870
-12,63499936;5,59485674
-12,62999936;5,12733746
-12,62499936;5,12733746
-12,61999936;4,66135550
-12,61499936;4,19537354
-12,60999936;4,19537354
-12,60499937;4,19537354
-12,59999937;4,19537354
-12,59499937;2,79742837
-12,58999937;3,26341033
-12,58499937;4,19537354
-12,57999937;3,26341033
-12,57499937;3,26341033
-12,56999937;3,26341033
-12,56499937;3,26341033
-12,55999937;4,19537354
-12,55499937;3,72939205
-12,54999937;2,79742837
-12,54499937;3,26341033
-12,53999937;2,79742837
-12,53499937;2,79742837
-12,52999937;3,26341033
-12,52499937;2,32990885
-12,51999937;2,79742837
-12,51499937;2,79742837
-12,50999937;2,79742837
-12,50499937;2,79742837
-12,49999937;2,79742837
-12,49499937;2,32990885
-12,48999937;2,32990885
-12,48499937;2,79742837
-12,47999937;6,06083870
-12,47499937;2,79742837
-12,46999937;2,79742837
-12,46499937;3,72939205
-12,45999937;4,66135550
-12,45499937;1,86392701
-12,44999937;2,79742837
-12,44499937;2,79742837
-12,43999937;2,79742837
-12,43499937;2,32990885
-12,42999937;1,39794528
-12,42499937;2,32990885
-12,41999937;0,93196350
-12,41499937;2,32990885
-12,40999937;0,00000000
-12,40499937;-0,46598175
-12,39999937;-0,93196350
-12,39499937;-0,46598175
-12,38999937;-0,93196350
-12,38499937;-0,93196350
-12,37999937;-1,39794528
-12,37499937;-0,46598175
-12,36999937;-1,39794528
-12,36499937;-0,93196350
-12,35999937;-0,46598175
-12,35499937;0,00000000
-12,34999937;0,00000000
-12,34499937;0,00000000
-12,33999937;-0,93196350
-12,33499937;-0,46598175
-12,32999937;-0,93196350
-12,32499937;-0,46598175
-12,31999937;-1,39794528
-12,31499937;-1,39794528
-12,30999937;-1,86392701
-12,30499937;-1,86392701
-12,29999937;-1,86392701
-12,29499937;-1,86392701
-12,28999937;-2,32990885
-12,28499937;-2,32990885
-12,27999937;-1,86392701
-12,27499937;-3,26341033
-12,26999937;-2,32990885
-12,26499937;-1,86392701
-12,25999937;-2,32990885
-12,25499937;-3,26341033
-12,24999937;-1,86392701
-12,24499937;-2,32990885
-12,23999937;-1,86392701
-12,23499937;-2,32990885
-12,22999937;-2,32990885
-12,22499937;-2,79742837
-12,21999937;-2,79742837
-12,21499937;-3,26341033
-12,20999938;-2,32990885
-12,20499938;-2,79742837
-12,19999938;-2,32990885
-12,19499938;-2,79742837
-12,18999938;-3,26341033
-12,18499938;-2,79742837
-12,17999938;-2,79742837
-12,17499938;-1,86392701
-12,16999938;-2,32990885
-12,16499938;-2,79742837
-12,15999938;-2,79742837
-12,15499938;-3,26341033
-12,14999938;-2,32990885
-12,14499938;-3,72939205
-12,13999938;-3,72939205
-12,13499938;-2,79742837
-12,12999938;-3,72939205
-12,12499938;-3,72939205
-12,11999938;-3,72939205
-12,11499938;-3,72939205
-12,10999938;-3,26341033
-12,10499938;-6,52682066
-12,09999938;-3,26341033
-12,09499938;-2,32990885
-12,08999938;-2,79742837
-12,08499938;-2,32990885
-12,07999938;-2,79742837
-12,07499938;-1,86392701
-12,06999938;-2,32990885
-12,06499938;-2,32990885
-12,05999938;-2,79742837
-12,05499938;-1,39794528
-12,04999938;-2,32990885
-12,04499938;-3,26341033
-12,03999938;-2,79742837
-12,03499938;-3,72939205
-12,02999938;-3,72939205
-12,02499938;-4,19537354
-12,01999938;-3,72939205
-12,01499938;-3,72939205
-12,00999938;-4,66135550
-12,00499938;-4,66135550
-11,99999938;-4,66135550
-11,99499938;-4,19537354
-11,98999938;-4,66135550
-11,98499938;-4,19537354
-11,97999938;-4,66135550
-11,97499938;-5,12733746
-11,96999938;-5,59485674
-11,96499938;-5,12733746
-11,95999938;-5,59485674
-11,95499938;-6,52682066
-11,94999938;-6,99280214
-11,94499938;-7,45878410
-11,93999938;-7,45878410
-11,93499938;-7,92630339
-11,92999938;-8,85826683
-11,92499938;-7,45878410
-11,91999938;-8,85826683
-11,91499938;-8,39228535
-11,90999938;-8,85826683
-11,90499938;-7,92630339
-11,89999938;-8,39228535
-11,89499938;-7,92630339
-11,88999938;-8,39228535
-11,88499938;-8,39228535
-11,87999938;-8,85826683
-11,87499938;-9,32424927
-11,86999938;-10,25621223
-11,86499938;-11,18971348
-11,85999938;-12,12167740
-11,85499938;-13,05517864
-11,84999938;-13,52116013
-11,84499938;-14,45312405
-11,83999938;-14,45312405
-11,83499938;-16,31858826
-11,82999938;-16,78457069
-11,82499938;-17,25055122
-11,81999938;-17,71653366
-11,81499939;-17,71653366
-11,80999939;-17,71653366
-11,80499939;-17,71653366
-11,79999939;-17,25055122
-11,79499939;-16,78457069
-11,78999939;-15,85260677
-11,78499939;-15,85260677
-11,77999939;-14,91910553
-11,77499939;-13,52116013
-11,76999939;-12,58765888
-11,76499939;-11,65569592
-11,75999939;-10,72373199
-11,75499939;-9,79023075
-11,74999939;-8,85826683
-11,74499939;-8,39228535
-11,73999939;-8,85826683
-11,73499939;-8,39228535
-11,72999939;-11,65569592
-11,72499939;-7,45878410
-11,71999939;-9,32424927
-11,71499939;-8,39228535
-11,70999939;-9,32424927
-11,70499939;-10,25621223
-11,69999939;-9,79023075
-11,69499939;-10,72373199
-11,68999939;-10,72373199
-11,68499939;-10,72373199
-11,67999939;-11,65569592
-11,67499939;-10,72373199
-11,66999939;-10,72373199
-11,66499939;-10,72373199
-11,65999939;-10,72373199
-11,65499939;-10,72373199
-11,64999939;-10,25621223
-11,64499939;-9,32424927
-11,63999939;-10,25621223
-11,63499939;-8,39228535
-11,62999939;-7,92630339
-11,62499939;-7,45878410
-11,61999939;-7,92630339
-11,61499939;-8,39228535
-11,60999939;-7,45878410
-11,60499939;-7,92630339
-11,59999939;-6,99280214
-11,59499939;-7,92630339
-11,58999939;-6,99280214
-11,58499939;-6,99280214
-11,57999939;-6,52682066
-11,57499939;-6,06083870
-11,56999939;-5,59485674
-11,56499939;-5,12733746
-11,55999939;-4,19537354
-11,55499939;-3,26341033
-11,54999939;-3,26341033
-11,54499939;-1,39794528
-11,53999939;-0,93196350
-11,53499939;0,00000000
-11,52999939;0,46598175
-11,52499939;0,93196350
-11,51999939;1,86392701
-11,51499939;2,32990885
-11,50999939;2,79742837
-11,50499939;2,32990885
-11,49999939;2,79742837
-11,49499939;2,79742837
-11,48999939;2,79742837
-11,48499939;3,26341033
-11,47999939;3,26341033
-11,47499939;3,72939205
-11,46999939;4,19537354
-11,46499939;3,72939205
-11,45999939;4,66135550
-11,45499939;4,19537354
-11,44999939;4,66135550
-11,44499939;5,59485674
-11,43999939;7,45878410
-11,43499939;6,52682066
-11,42999939;6,52682066
-11,42499939;6,99280214
-11,41999940;6,99280214
-11,41499940;6,99280214
-11,40999940;6,99280214
-11,40499940;6,06083870
-11,39999940;6,99280214
-11,39499940;6,99280214
-11,38999940;6,06083870
-11,38499940;5,59485674
-11,37999940;6,52682066
-11,37499940;5,59485674
-11,36999940;6,06083870
-11,36499940;5,59485674
-11,35999940;6,06083870
-11,35499940;3,26341033
-11,34999940;6,52682066
-11,34499940;6,52682066
-11,33999940;7,45878410
-11,33499940;7,92630339
-11,32999940;8,85826683
-11,32499940;9,32424927
-11,31999940;9,79023075
-11,31499940;10,25621223
-11,30999940;9,32424927
-11,30499940;10,72373199
-11,29999940;9,79023075
-11,29499940;10,72373199
-11,28999940;10,25621223
-11,28499940;10,25621223
-11,27999940;10,25621223
-11,27499940;10,25621223
-11,26999940;9,32424927
-11,26499940;9,32424927
-11,25999940;8,85826683
-11,25499940;8,85826683
-11,24999940;8,39228535
-11,24499940;8,39228535
-11,23999940;7,92630339
-11,23499940;7,92630339
-11,22999940;7,45878410
-11,22499940;8,39228535
-11,21999940;7,92630339
-11,21499940;7,45878410
-11,20999940;7,45878410
-11,20499940;6,52682066
-11,19999940;6,06083870
-11,19499940;6,06083870
-11,18999940;6,06083870
-11,18499940;5,12733746
-11,17999940;4,19537354
-11,17499940;4,19537354
-11,16999940;3,72939205
-11,16499940;3,72939205
-11,15999940;3,26341033
-11,15499940;2,32990885
-11,14999940;1,86392701
-11,14499940;2,79742837
-11,13999940;1,86392701
-11,13499940;2,79742837
-11,12999940;2,32990885
-11,12499940;2,32990885
-11,11999940;3,26341033
-11,11499940;3,26341033
-11,10999940;2,79742837
-11,10499940;3,72939205
-11,09999940;3,26341033
-11,09499940;3,26341033
-11,08999940;3,72939205
-11,08499940;3,72939205
-11,07999940;3,26341033
-11,07499940;4,19537354
-11,06999940;3,72939205
-11,06499940;3,72939205
-11,05999940;3,72939205
-11,05499940;3,72939205
-11,04999940;3,72939205
-11,04499940;3,26341033
-11,03999940;3,72939205
-11,03499940;4,19537354
-11,02999940;4,19537354
-11,02499940;4,66135550
-11,01999941;4,66135550
-11,01499941;4,19537354
-11,00999941;3,72939205
-11,00499941;4,66135550
-10,99999941;4,19537354
-10,99499941;4,19537354
-10,98999941;3,26341033
-10,98499941;2,79742837
-10,97999941;3,26341033
-10,97499941;0,93196350
-10,96999941;1,86392701
-10,96499941;0,93196350
-10,95999941;0,93196350
-10,95499941;0,46598175
-10,94999941;-0,46598175
-10,94499941;-0,46598175
-10,93999941;-0,93196350
-10,93499941;-0,93196350
-10,92999941;-0,93196350
-10,92499941;-1,39794528
-10,91999941;-0,93196350
-10,91499941;-1,39794528
-10,90999941;-0,93196350
-10,90499941;-0,93196350
-10,89999941;-1,39794528
-10,89499941;-0,46598175
-10,88999941;-1,39794528
-10,88499941;-0,93196350
-10,87999941;-1,39794528
-10,87499941;-0,46598175
-10,86999941;-1,39794528
-10,86499941;-1,39794528
-10,85999941;-1,86392701
-10,85499941;-0,46598175
-10,84999941;-3,26341033
-10,84499941;-3,26341033
-10,83999941;-2,79742837
-10,83499941;-2,79742837
-10,82999941;-3,26341033
-10,82499941;-3,26341033
-10,81999941;-3,72939205
-10,81499941;-3,26341033
-10,80999941;-3,26341033
-10,80499941;-4,19537354
-10,79999941;-3,72939205
-10,79499941;-3,72939205
-10,78999941;-4,19537354
-10,78499941;-4,66135550
-10,77999941;-4,66135550
-10,77499941;-5,12733746
-10,76999941;-4,66135550
-10,76499941;-5,59485674
-10,75999941;-5,59485674
-10,75499941;-6,06083870
-10,74999941;-6,52682066
-10,74499941;-6,99280214
-10,73999941;-8,39228535
-10,73499941;-7,45878410
-10,72999941;-8,85826683
-10,72499941;-7,92630339
-10,71999941;-8,39228535
-10,71499941;-8,85826683
-10,70999941;-9,79023075
-10,70499941;-9,32424927
-10,69999941;-9,79023075
-10,69499941;-10,25621223
-10,68999941;-9,79023075
-10,68499941;-9,79023075
-10,67999941;-10,25621223
-10,67499941;-10,72373199
-10,66999941;-10,72373199
-10,66499941;-10,72373199
-10,65999941;-11,65569592
-10,65499941;-11,65569592
-10,64999941;-12,12167740
-10,64499941;-12,58765888
-10,63999941;-13,52116013
-10,63499941;-13,05517864
-10,62999941;-13,05517864
-10,62499942;-13,98714256
-10,61999942;-13,52116013
-10,61499942;-13,52116013
-10,60999942;-13,98714256
-10,60499942;-12,58765888
-10,59999942;-12,58765888
-10,59499942;-13,05517864
-10,58999942;-11,18971348
-10,58499942;-11,65569592
-10,57999942;-11,18971348
-10,57499942;-11,18971348
-10,56999942;-11,18971348
-10,56499942;-12,12167740
-10,55999942;-11,18971348
-10,55499942;-11,18971348
-10,54999942;-10,25621223
-10,54499942;-10,72373199
-10,53999942;-9,79023075
-10,53499942;-8,85826683
-10,52999942;-9,32424927
-10,52499942;-9,32424927
-10,51999942;-8,39228535
-10,51499942;-7,92630339
-10,50999942;-7,45878410
-10,50499942;-7,92630339
-10,49999942;-7,92630339
-10,49499942;-6,99280214
-10,48999942;-6,52682066
-10,48499942;-7,45878410
-10,47999942;-6,99280214
-10,47499942;-6,06083870
-10,46999942;-7,45878410
-10,46499942;-6,99280214
-10,45999942;-7,92630339
-10,45499942;-6,52682066
-10,44999942;-7,45878410
-10,44499942;-7,92630339
-10,43999942;-7,92630339
-10,43499942;-7,45878410
-10,42999942;-7,92630339
-10,42499942;-7,45878410
-10,41999942;-7,92630339
-10,41499942;-7,45878410
-10,40999942;-7,45878410
-10,40499942;-7,45878410
-10,39999942;-6,99280214
-10,39499942;-5,59485674
-10,38999942;-5,12733746
-10,38499942;-5,12733746
-10,37999942;-4,19537354
-10,37499942;-3,72939205
-10,36999942;-3,26341033
-10,36499942;-3,26341033
-10,35999942;-2,79742837
-10,35499942;-2,79742837
-10,34999942;-2,32990885
-10,34499942;-2,32990885
-10,33999942;-0,93196350
-10,33499942;-1,39794528
-10,32999942;-0,93196350
-10,32499942;-0,93196350
-10,31999942;0,46598175
-10,31499942;0,00000000
-10,30999942;0,46598175
-10,30499942;1,86392701
-10,29999942;2,79742837
-10,29499942;3,72939205
-10,28999942;4,19537354
-10,28499942;5,12733746
-10,27999942;6,06083870
-10,27499942;6,52682066
-10,26999942;6,99280214
-10,26499942;8,85826683
-10,25999942;9,32424927
-10,25499942;10,25621223
-10,24999942;10,25621223
-10,24499942;10,25621223
-10,23999942;10,25621223
-10,23499942;10,25621223
-10,22999943;9,79023075
-10,22499943;10,25621223
-10,21999943;10,72373199
-10,21499943;11,18971348
-10,20999943;10,25621223
-10,20499943;10,25621223
-10,19999943;10,72373199
-10,19499943;10,72373199
-10,18999943;10,25621223
-10,18499943;10,72373199
-10,17999943;10,72373199
-10,17499943;10,72373199
-10,16999943;11,18971348
-10,16499943;10,72373199
-10,15999943;11,18971348
-10,15499943;10,72373199
-10,14999943;11,18971348
-10,14499943;11,65569592
-10,13999943;11,65569592
-10,13499943;12,12167740
-10,12999943;11,65569592
-10,12499943;12,58765888
-10,11999943;12,12167740
-10,11499943;13,05517864
-10,10999943;12,58765888
-10,10499943;13,05517864
-10,09999943;13,05517864
-10,09499943;13,52116013
-10,08999943;13,52116013
-10,08499943;13,52116013
-10,07999943;13,98714256
-10,07499943;13,98714256
-10,06999943;13,98714256
-10,06499943;14,45312405
-10,05999943;13,98714256
-10,05499943;13,98714256
-10,04999943;13,98714256
-10,04499943;13,98714256
-10,03999943;12,58765888
-10,03499943;13,52116013
-10,02999943;13,05517864
-10,02499943;12,12167740
-10,01999943;13,05517864
-10,01499943;12,58765888
-10,00999943;11,65569592
-10,00499943;11,65569592
-9,99999943;11,18971348
-9,99499943;11,65569592
-9,98999943;11,18971348
-9,98499943;11,18971348
-9,97999943;11,18971348
-9,97499943;10,72373199
-9,96999943;10,72373199
-9,96499943;10,25621223
-9,95999943;10,25621223
-9,95499943;10,72373199
-9,94999943;10,72373199
-9,94499943;10,72373199
-9,93999943;10,25621223
-9,93499943;10,25621223
-9,92999943;10,25621223
-9,92499943;10,72373199
-9,91999943;9,32424927
-9,91499943;10,25621223
-9,90999943;9,79023075
-9,90499943;9,32424927
-9,89999943;9,32424927
-9,89499943;9,32424927
-9,88999943;9,32424927
-9,88499943;8,39228535
-9,87999943;9,32424927
-9,87499943;8,39228535
-9,86999943;8,39228535
-9,86499943;8,39228535
-9,85999943;8,85826683
-9,85499943;8,85826683
-9,84999943;8,39228535
-9,84499943;8,85826683
-9,83999943;7,92630339
-9,83499944;7,92630339
-9,82999944;9,32424927
-9,82499944;9,32424927
-9,81999944;9,79023075
-9,81499944;10,25621223
-9,80999944;10,72373199
-9,80499944;10,25621223
-9,79999944;9,79023075
-9,79499944;10,72373199
-9,78999944;9,79023075
-9,78499944;9,79023075
-9,77999944;9,32424927
-9,77499944;9,32424927
-9,76999944;7,92630339
-9,76499944;7,92630339
-9,75999944;7,45878410
-9,75499944;6,06083870
-9,74999944;6,06083870
-9,74499944;6,52682066
-9,73999944;3,72939205
-9,73499944;4,19537354
-9,72999944;3,26341033
-9,72499944;3,26341033
-9,71999944;2,79742837
-9,71499944;2,79742837
-9,70999944;2,32990885
-9,70499944;2,32990885
-9,69999944;1,86392701
-9,69499944;2,32990885
-9,68999944;2,32990885
-9,68499944;2,79742837
-9,67999944;3,26341033
-9,67499944;3,26341033
-9,66999944;3,26341033
-9,66499944;3,26341033
-9,65999944;3,26341033
-9,65499944;2,79742837
-9,64999944;3,72939205
-9,64499944;3,26341033
-9,63999944;2,79742837
-9,63499944;2,79742837
-9,62999944;2,32990885
-9,62499944;3,26341033
-9,61999944;2,79742837
-9,61499944;2,32990885
-9,60999944;1,86392701
-9,60499944;2,79742837
-9,59999944;1,86392701
-9,59499944;2,32990885
-9,58999944;2,79742837
-9,58499944;2,32990885
-9,57999944;2,32990885
-9,57499944;1,86392701
-9,56999944;1,86392701
-9,56499944;2,79742837
-9,55999944;1,86392701
-9,55499944;1,39794528
-9,54999944;0,93196350
-9,54499944;0,46598175
-9,53999944;0,46598175
-9,53499944;0,46598175
-9,52999944;-0,46598175
-9,52499944;0,46598175
-9,51999944;0,46598175
-9,51499944;0,46598175
-9,50999944;-0,46598175
-9,50499944;0,00000000
-9,49999944;-0,46598175
-9,49499944;0,00000000
-9,48999944;0,00000000
-9,48499944;0,00000000
-9,47999944;-2,32990885
-9,47499944;-0,93196350
-9,46999944;-1,39794528
-9,46499944;-1,86392701
-9,45999944;-0,46598175
-9,45499944;-1,39794528
-9,44999944;-1,86392701
-9,44499944;-2,32990885
-9,43999945;-1,39794528
-9,43499945;-1,86392701
-9,42999945;-1,86392701
-9,42499945;-0,93196350
-9,41999945;-2,32990885
-9,41499945;-1,86392701
-9,40999945;-1,86392701
-9,40499945;-1,86392701
-9,39999945;-2,32990885
-9,39499945;-1,86392701
-9,38999945;-1,86392701
-9,38499945;-1,39794528
-9,37999945;-1,86392701
-9,37499945;-1,86392701
-9,36999945;-2,79742837
-9,36499945;-2,32990885
-9,35999945;-2,32990885
-9,35499945;-2,79742837
-9,34999945;-1,86392701
-9,34499945;-2,79742837
-9,33999945;-2,32990885
-9,33499945;-2,32990885
-9,32999945;-2,32990885
-9,32499945;-1,86392701
-9,31999945;-2,79742837
-9,31499945;-1,39794528
-9,30999945;-2,32990885
-9,30499945;-2,32990885
-9,29999945;-2,79742837
-9,29499945;-2,79742837
-9,28999945;-3,26341033
-9,28499945;-2,79742837
-9,27999945;-4,19537354
-9,27499945;-3,72939205
-9,26999945;-4,19537354
-9,26499945;-4,19537354
-9,25999945;-3,72939205
-9,25499945;-4,19537354
-9,24999945;-4,66135550
-9,24499945;-5,59485674
-9,23999945;-3,72939205
-9,23499945;-3,72939205
-9,22999945;-3,26341033
-9,22499945;-2,79742837
-9,21999945;-2,79742837
-9,21499945;-2,79742837
-9,20999945;-1,39794528
-9,20499945;-2,32990885
-9,19999945;-2,32990885
-9,19499945;-2,32990885
-9,18999945;-3,26341033
-9,18499945;-3,72939205
-9,17999945;-3,72939205
-9,17499945;-2,79742837
-9,16999945;-3,72939205
-9,16499945;-4,19537354
-9,15999945;-4,66135550
-9,15499945;-4,66135550
-9,14999945;-4,66135550
-9,14499945;-4,66135550
-9,13999945;-5,12733746
-9,13499945;-4,66135550
-9,12999945;-4,66135550
-9,12499945;-4,19537354
-9,11999945;-4,19537354
-9,11499945;-3,72939205
-9,10999945;-3,72939205
-9,10499945;-3,72939205
-9,09999945;-4,19537354
-9,09499945;-3,72939205
-9,08999945;-3,72939205
-9,08499945;-4,19537354
-9,07999945;-4,19537354
-9,07499945;-4,66135550
-9,06999945;-5,59485674
-9,06499945;-5,12733746
-9,05999945;-6,06083870
-9,05499945;-6,06083870
-9,04999945;-6,52682066
-9,04499945;-6,06083870
-9,03999946;-7,45878410
-9,03499946;-7,45878410
-9,02999946;-7,92630339
-9,02499946;-7,92630339
-9,01999946;-8,39228535
-9,01499946;-8,85826683
-9,00999946;-9,79023075
-9,00499946;-9,32424927
-8,99999946;-9,79023075
-8,99499946;-10,25621223
-8,98999946;-11,18971348
-8,98499946;-11,65569592
-8,97999946;-13,52116013
-8,97499946;-13,05517864
-8,96999946;-14,45312405
-8,96499946;-14,91910553
-8,95999946;-15,38508797
-8,95499946;-15,85260677
-8,94999946;-15,85260677
-8,94499946;-16,78457069
-8,93999946;-17,25055122
-8,93499946;-17,25055122
-8,92999946;-18,18405342
-8,92499946;-17,25055122
-8,91999946;-16,78457069
-8,91499946;-15,85260677
-8,90999946;-15,85260677
-8,90499946;-14,91910553
-8,89999946;-13,98714256
-8,89499946;-13,05517864
-8,88999946;-13,05517864
-8,88499946;-11,65569592
-8,87999946;-10,72373199
-8,87499946;-10,25621223
-8,86999946;-9,79023075
-8,86499946;-9,32424927
-8,85999946;-9,32424927
-8,85499946;-7,92630339
-8,84999946;-8,85826683
-8,84499946;-9,79023075
-8,83999946;-9,32424927
-8,83499946;-10,25621223
-8,82999946;-10,25621223
-8,82499946;-11,18971348
-8,81999946;-10,72373199
-8,81499946;-11,65569592
-8,80999946;-12,58765888
-8,80499946;-11,65569592
-8,79999946;-12,58765888
-8,79499946;-11,65569592
-8,78999946;-11,18971348
-8,78499946;-11,18971348
-8,77999946;-10,72373199
-8,77499946;-10,72373199
-8,76999946;-9,32424927
-8,76499946;-9,32424927
-8,75999946;-9,32424927
-8,75499946;-8,85826683
-8,74999946;-8,85826683
-8,74499946;-8,39228535
-8,73999946;-7,45878410
-8,73499946;-6,99280214
-8,72999946;-7,92630339
-8,72499946;-7,45878410
-8,71999946;-7,92630339
-8,71499946;-7,92630339
-8,70999946;-9,79023075
-8,70499946;-6,99280214
-8,69999946;-6,99280214
-8,69499946;-6,52682066
-8,68999946;-5,12733746
-8,68499946;-4,66135550
-8,67999946;-3,72939205
-8,67499946;-3,26341033
-8,66999946;-2,32990885
-8,66499946;-1,86392701
-8,65999946;-0,93196350
-8,65499946;0,00000000
-8,64999946;0,93196350
-8,64499947;1,86392701
-8,63999947;0,93196350
-8,63499947;2,79742837
-8,62999947;2,32990885
-8,62499947;2,79742837
-8,61999947;2,79742837
-8,61499947;2,32990885
-8,60999947;1,86392701
-8,60499947;3,26341033
-8,59999947;1,86392701
-8,59499947;2,79742837
-8,58999947;2,32990885
-8,58499947;3,26341033
-8,57999947;3,26341033
-8,57499947;4,19537354
-8,56999947;4,66135550
-8,56499947;5,12733746
-8,55999947;5,12733746
-8,55499947;6,06083870
-8,54999947;6,99280214
-8,54499947;6,52682066
-8,53999947;6,52682066
-8,53499947;7,45878410
-8,52999947;6,99280214
-8,52499947;6,99280214
-8,51999947;6,99280214
-8,51499947;6,99280214
-8,50999947;6,99280214
-8,50499947;6,99280214
-8,49999947;5,59485674
-8,49499947;6,06083870
-8,48999947;5,59485674
-8,48499947;6,52682066
-8,47999947;6,06083870
-8,47499947;6,52682066
-8,46999947;6,52682066
-8,46499947;7,45878410
-8,45999947;7,92630339
-8,45499947;7,92630339
-8,44999947;8,85826683
-8,44499947;8,85826683
-8,43999947;9,79023075
-8,43499947;10,25621223
-8,42999947;10,25621223
-8,42499947;10,72373199
-8,41999947;10,25621223
-8,41499947;10,72373199
-8,40999947;10,25621223
-8,40499947;9,79023075
-8,39999947;9,79023075
-8,39499947;9,32424927
-8,38999947;8,85826683
-8,38499947;9,32424927
-8,37999947;8,85826683
-8,37499947;7,92630339
-8,36999947;7,45878410
-8,36499947;8,39228535
-8,35999947;7,45878410
-8,35499947;7,92630339
-8,34999947;7,45878410
-8,34499947;6,99280214
-8,33999947;7,45878410
-8,33499947;6,99280214
-8,32999947;6,99280214
-8,32499947;6,52682066
-8,31999947;5,59485674
-8,31499947;6,52682066
-8,30999947;6,06083870
-8,30499947;5,12733746
-8,29999947;3,72939205
-8,29499947;4,66135550
-8,28999947;3,72939205
-8,28499947;3,72939205
-8,27999947;3,26341033
-8,27499947;3,26341033
-8,26999947;3,26341033
-8,26499947;2,32990885
-8,25999947;2,79742837
-8,25499947;2,79742837
-8,24999948;2,32990885
-8,24499948;2,32990885
-8,23999948;1,86392701
-8,23499948;2,32990885
-8,22999948;1,86392701
-8,22499948;2,79742837
-8,21999948;2,32990885
-8,21499948;3,26341033
-8,20999948;2,79742837
-8,20499948;2,79742837
-8,19999948;3,26341033
-8,19499948;4,19537354
-8,18999948;3,26341033
-8,18499948;4,19537354
-8,17999948;3,72939205
-8,17499948;3,72939205
-8,16999948;4,19537354
-8,16499948;3,72939205
-8,15999948;3,72939205
-8,15499948;4,19537354
-8,14999948;3,72939205
-8,14499948;4,19537354
-8,13999948;3,26341033
-8,13499948;3,72939205
-8,12999948;2,79742837
-8,12499948;2,32990885
-8,11999948;1,86392701
-8,11499948;2,32990885
-8,10999948;0,93196350
-8,10499948;1,39794528
-8,09999948;-1,39794528
-8,09499948;0,46598175
-8,08999948;0,00000000
-8,08499948;0,00000000
-8,07999948;0,00000000
-8,07499948;-1,39794528
-8,06999948;-1,39794528
-8,06499948;-1,39794528
-8,05999948;-1,39794528
-8,05499948;-1,86392701
-8,04999948;-1,86392701
-8,04499948;-1,86392701
-8,03999948;-2,32990885
-8,03499948;-0,93196350
-8,02999948;-2,32990885
-8,02499948;-2,32990885
-8,01999948;-2,79742837
-8,01499948;-2,32990885
-8,00999948;-3,72939205
-8,00499948;-4,19537354
-7,99999948;-3,72939205
-7,99499948;-3,72939205
-7,98999948;-3,72939205
-7,98499948;-4,19537354
-7,97999948;-4,19537354
-7,97499948;-3,72939205
-7,96999948;-3,72939205
-7,96499948;-3,72939205
-7,95999948;-3,26341033
-7,95499948;-3,26341033
-7,94999948;-3,26341033
-7,94499948;-5,12733746
-7,93999948;-5,12733746
-7,93499948;-3,26341033
-7,92999948;-4,19537354
-7,92499948;-2,79742837
-7,91999948;-2,32990885
-7,91499948;-4,66135550
-7,90999948;-4,19537354
-7,90499948;-4,19537354
-7,89999948;-5,12733746
-7,89499948;-4,19537354
-7,88999948;-6,06083870
-7,88499948;-6,06083870
-7,87999948;-5,59485674
-7,87499948;-5,59485674
-7,86999948;-7,45878410
-7,86499948;-7,92630339
-7,85999948;-8,39228535
-7,85499949;-7,92630339
-7,84999949;-8,85826683
-7,84499949;-8,39228535
-7,83999949;-9,32424927
-7,83499949;-9,79023075
-7,82999949;-9,79023075
-7,82499949;-9,32424927
-7,81999949;-9,32424927
-7,81499949;-9,32424927
-7,80999949;-10,72373199
-7,80499949;-11,18971348
-7,79999949;-11,65569592
-7,79499949;-11,18971348
-7,78999949;-11,18971348
-7,78499949;-11,65569592
-7,77999949;-11,65569592
-7,77499949;-11,65569592
-7,76999949;-12,12167740
-7,76499949;-12,58765888
-7,75999949;-12,58765888
-7,75499949;-12,58765888
-7,74999949;-13,52116013
-7,74499949;-12,58765888
-7,73999949;-12,58765888
-7,73499949;-12,58765888
-7,72999949;-13,52116013
-7,72499949;-13,05517864
-7,71999949;-13,52116013
-7,71499949;-13,98714256
-7,70999949;-13,52116013
-7,70499949;-12,12167740
-7,69999949;-12,12167740
-7,69499949;-12,12167740
-7,68999949;-12,12167740
-7,68499949;-13,05517864
-7,67999949;-11,18971348
-7,67499949;-11,18971348
-7,66999949;-11,18971348
-7,66499949;-10,25621223
-7,65999949;-10,25621223
-7,65499949;-9,79023075
-7,64999949;-8,85826683
-7,64499949;-8,39228535
-7,63999949;-8,85826683
-7,63499949;-8,39228535
-7,62999949;-8,85826683
-7,62499949;-8,39228535
-7,61999949;-8,85826683
-7,61499949;-7,45878410
-7,60999949;-8,85826683
-7,60499949;-7,92630339
-7,59999949;-8,39228535
-7,59499949;-8,85826683
-7,58999949;-8,85826683
-7,58499949;-8,85826683
-7,57999949;-8,85826683
-7,57499949;-8,85826683
-7,56999949;-9,32424927
-7,56499949;-9,79023075
-7,55999949;-9,32424927
-7,55499949;-8,85826683
-7,54999949;-9,32424927
-7,54499949;-8,85826683
-7,53999949;-8,85826683
-7,53499949;-8,39228535
-7,52999949;-8,39228535
-7,52499949;-6,52682066
-7,51999949;-7,45878410
-7,51499949;-6,99280214
-7,50999949;-6,52682066
-7,50499949;-5,59485674
-7,49999949;-7,45878410
-7,49499949;-5,59485674
-7,48999949;-4,66135550
-7,48499949;-4,66135550
-7,47999949;-5,12733746
-7,47499949;-3,72939205
-7,46999949;-3,72939205
-7,46499949;-3,26341033
-7,45999950;-3,26341033
-7,45499950;-2,79742837
-7,44999950;-2,32990885
-7,44499950;-0,46598175
-7,43999950;-0,46598175
-7,43499950;0,46598175
-7,42999950;0,93196350
-7,42499950;1,39794528
-7,41999950;1,86392701
-7,41499950;3,72939205
-7,40999950;4,19537354
-7,40499950;4,66135550
-7,39999950;5,59485674
-7,39499950;5,59485674
-7,38999950;6,99280214
-7,38499950;7,92630339
-7,37999950;7,92630339
-7,37499950;8,39228535
-7,36999950;8,85826683
-7,36499950;8,85826683
-7,35999950;9,79023075
-7,35499950;9,32424927
-7,34999950;9,79023075
-7,34499950;10,25621223
-7,33999950;9,32424927
-7,33499950;9,79023075
-7,32999950;9,79023075
-7,32499950;9,79023075
-7,31999950;9,79023075
-7,31499950;11,18971348
-7,30999950;9,79023075
-7,30499950;10,25621223
-7,29999950;8,85826683
-7,29499950;10,25621223
-7,28999950;9,32424927
-7,28499950;10,72373199
-7,27999950;11,18971348
-7,27499950;10,25621223
-7,26999950;11,18971348
-7,26499950;11,18971348
-7,25999950;11,18971348
-7,25499950;10,72373199
-7,24999950;10,25621223
-7,24499950;11,18971348
-7,23999950;11,18971348
-7,23499950;11,18971348
-7,22999950;11,18971348
-7,22499950;11,18971348
-7,21999950;11,65569592
-7,21499950;12,12167740
-7,20999950;12,12167740
-7,20499950;12,12167740
-7,19999950;13,05517864
-7,19499950;13,52116013
-7,18999950;15,38508797
-7,18499950;14,91910553
-7,17999950;13,98714256
-7,17499950;13,98714256
-7,16999950;13,52116013
-7,16499950;13,52116013
-7,15999950;14,45312405
-7,15499950;13,98714256
-7,14999950;13,05517864
-7,14499950;13,05517864
-7,13999950;13,05517864
-7,13499950;12,58765888
-7,12999950;12,12167740
-7,12499950;11,18971348
-7,11999950;11,65569592
-7,11499950;11,18971348
-7,10999950;10,25621223
-7,10499950;11,18971348
-7,09999950;8,85826683
-7,09499950;9,79023075
-7,08999950;9,32424927
-7,08499950;10,25621223
-7,07999950;9,79023075
-7,07499950;10,25621223
-7,06999950;9,79023075
-7,06499951;9,79023075
-7,05999951;10,72373199
-7,05499951;9,32424927
-7,04999951;9,79023075
-7,04499951;10,25621223
-7,03999951;9,32424927
-7,03499951;9,32424927
-7,02999951;9,79023075
-7,02499951;9,79023075
-7,01999951;9,32424927
-7,01499951;9,32424927
-7,00999951;8,85826683
-7,00499951;9,79023075
-6,99999951;9,32424927
-6,99499951;8,85826683
-6,98999951;9,32424927
-6,98499951;9,32424927
-6,97999951;8,85826683
-6,97499951;8,85826683
-6,96999951;8,85826683
-6,96499951;8,85826683
-6,95999951;8,85826683
-6,95499951;8,85826683
-6,94999951;8,39228535
-6,94499951;7,92630339
-6,93999951;7,92630339
-6,93499951;8,39228535
-6,92999951;7,92630339
-6,92499951;7,45878410
-6,91999951;6,52682066
-6,91499951;6,99280214
-6,90999951;6,52682066
-6,90499951;6,06083870
-6,89999951;6,52682066
-6,89499951;5,59485674
-6,88999951;5,12733746
-6,88499951;5,12733746
-6,87999951;4,19537354
-6,87499951;5,59485674
-6,86999951;5,12733746
-6,86499951;5,12733746
-6,85999951;4,19537354
-6,85499951;4,19537354
-6,84999951;3,72939205
-6,84499951;4,66135550
-6,83999951;4,19537354
-6,83499951;3,72939205
-6,82999951;2,79742837
-6,82499951;3,72939205
-6,81999951;2,79742837
-6,81499951;1,39794528
-6,80999951;2,32990885
-6,80499951;3,26341033
-6,79999951;2,79742837
-6,79499951;2,79742837
-6,78999951;2,32990885
-6,78499951;3,26341033
-6,77999951;2,79742837
-6,77499951;2,32990885
-6,76999951;2,79742837
-6,76499951;2,32990885
-6,75999951;2,79742837
-6,75499951;3,26341033
-6,74999951;2,79742837
-6,74499951;3,26341033
-6,73999951;3,26341033
-6,73499951;2,79742837
-6,72999951;3,26341033
-6,72499951;3,26341033
-6,71999951;3,72939205
-6,71499951;3,72939205
-6,70999951;2,32990885
-6,70499951;2,79742837
-6,69999951;0,93196350
-6,69499951;1,86392701
-6,68999951;2,32990885
-6,68499951;3,26341033
-6,67999951;2,32990885
-6,67499951;1,86392701
-6,66999951;2,32990885
-6,66499952;2,32990885
-6,65999952;2,32990885
-6,65499952;1,86392701
-6,64999952;1,39794528
-6,64499952;1,86392701
-6,63999952;1,39794528
-6,63499952;1,39794528
-6,62999952;1,39794528
-6,62499952;0,93196350
-6,61999952;0,00000000
-6,61499952;0,46598175
-6,60999952;0,46598175
-6,60499952;0,00000000
-6,59999952;0,00000000
-6,59499952;0,00000000
-6,58999952;0,00000000
-6,58499952;0,00000000
-6,57999952;-0,46598175
-6,57499952;-1,86392701
-6,56999952;-0,46598175
-6,56499952;-0,46598175
-6,55999952;-0,46598175
-6,55499952;-0,93196350
-6,54999952;-1,39794528
-6,54499952;-0,93196350
-6,53999952;-1,39794528
-6,53499952;-1,86392701
-6,52999952;-1,86392701
-6,52499952;-1,86392701
-6,51999952;-1,86392701
-6,51499952;-1,86392701
-6,50999952;-1,86392701
-6,50499952;-2,32990885
-6,49999952;-2,32990885
-6,49499952;-2,32990885
-6,48999952;-2,79742837
-6,48499952;-3,26341033
-6,47999952;-1,86392701
-6,47499952;-1,39794528
-6,46999952;-1,39794528
-6,46499952;-1,86392701
-6,45999952;-0,93196350
-6,45499952;-1,39794528
-6,44999952;-2,32990885
-6,44499952;-1,86392701
-6,43999952;-3,72939205
-6,43499952;-2,32990885
-6,42999952;-3,26341033
-6,42499952;-3,26341033
-6,41999952;-5,12733746
-6,41499952;-3,26341033
-6,40999952;-3,72939205
-6,40499952;-2,79742837
-6,39999952;-3,26341033
-6,39499952;-3,26341033
-6,38999952;-4,19537354
-6,38499952;-3,26341033
-6,37999952;-3,26341033
-6,37499952;-4,19537354
-6,36999952;-3,26341033
-6,36499952;-3,26341033
-6,35999952;-3,26341033
-6,35499952;-3,72939205
-6,34999952;-3,26341033
-6,34499952;-3,26341033
-6,33999952;-4,19537354
-6,33499952;-3,26341033
-6,32999952;-4,19537354
-6,32499952;-4,19537354
-6,31999952;-4,19537354
-6,31499952;-3,26341033
-6,30999952;-3,72939205
-6,30499952;-3,72939205
-6,29999952;-4,19537354
-6,29499952;-2,79742837
-6,28999952;-4,19537354
-6,28499952;-3,72939205
-6,27999952;-3,26341033
-6,27499952;-3,26341033
-6,26999953;-3,26341033
-6,26499953;-3,26341033
-6,25999953;-3,26341033
-6,25499953;-3,72939205
-6,24999953;-4,19537354
-6,24499953;-4,66135550
-6,23999953;-5,59485674
-6,23499953;-4,66135550
-6,22999953;-6,06083870
-6,22499953;-6,06083870
-6,21999953;-6,06083870
-6,21499953;-6,06083870
-6,20999953;-6,52682066
-6,20499953;-6,06083870
-6,19999953;-6,52682066
-6,19499953;-5,59485674
-6,18999953;-6,52682066
-6,18499953;-6,06083870
-6,17999953;-6,06083870
-6,17499953;-5,59485674
-6,16999953;-5,59485674
-6,16499953;-6,06083870
-6,15999953;-6,99280214
-6,15499953;-6,99280214
-6,14999953;-7,92630339
-6,14499953;-7,45878410
-6,13999953;-8,85826683
-6,13499953;-8,85826683
-6,12999953;-10,72373199
-6,12499953;-9,79023075
-6,11999953;-11,18971348
-6,11499953;-11,65569592
-6,10999953;-12,12167740
-6,10499953;-12,58765888
-6,09999953;-13,05517864
-6,09499953;-13,52116013
-6,08999953;-14,91910553
-6,08499953;-14,45312405
-6,07999953;-13,98714256
-6,07499953;-15,38508797
-6,06999953;-15,85260677
-6,06499953;-15,85260677
-6,05999953;-16,31858826
-6,05499953;-16,78457069
-6,04999953;-16,78457069
-6,04499953;-15,38508797
-6,03999953;-16,78457069
-6,03499953;-15,85260677
-6,02999953;-16,31858826
-6,02499953;-15,38508797
-6,01999953;-14,91910553
-6,01499953;-13,52116013
-6,00999953;-12,12167740
-6,00499953;-10,72373199
-5,99999953;-10,72373199
-5,99499953;-8,85826683
-5,98999953;-9,32424927
-5,98499953;-7,92630339
-5,97999953;-7,92630339
-5,97499953;-7,45878410
-5,96999953;-7,45878410
-5,96499953;-7,92630339
-5,95999953;-8,39228535
-5,95499953;-8,39228535
-5,94999953;-9,32424927
-5,94499953;-9,32424927
-5,93999953;-10,72373199
-5,93499953;-11,18971348
-5,92999953;-11,65569592
-5,92499953;-11,18971348
-5,91999953;-12,58765888
-5,91499953;-11,65569592
-5,90999953;-11,18971348
-5,90499953;-11,18971348
-5,89999953;-11,65569592
-5,89499953;-10,25621223
-5,88999953;-10,72373199
-5,88499953;-8,39228535
-5,87999953;-8,39228535
-5,87499954;-8,39228535
-5,86999954;-8,39228535
-5,86499954;-7,45878410
-5,85999954;-7,92630339
-5,85499954;-7,45878410
-5,84999954;-7,92630339
-5,84499954;-7,45878410
-5,83999954;-7,92630339
-5,83499954;-6,06083870
-5,82999954;-6,99280214
-5,82499954;-6,99280214
-5,81999954;-6,52682066
-5,81499954;-6,06083870
-5,80999954;-5,59485674
-5,80499954;-5,12733746
-5,79999954;-4,19537354
-5,79499954;-3,72939205
-5,78999954;-1,86392701
-5,78499954;-0,46598175
-5,77999954;0,93196350
-5,77499954;1,39794528
-5,76999954;2,32990885
-5,76499954;2,79742837
-5,75999954;4,19537354
-5,75499954;4,19537354
-5,74999954;4,66135550
-5,74499954;4,19537354
-5,73999954;5,12733746
-5,73499954;4,66135550
-5,72999954;5,12733746
-5,72499954;5,12733746
-5,71999954;4,19537354
-5,71499954;4,19537354
-5,70999954;4,66135550
-5,70499954;4,19537354
-5,69999954;5,12733746
-5,69499954;5,12733746
-5,68999954;5,12733746
-5,68499954;6,06083870
-5,67999954;6,99280214
-5,67499954;7,45878410
-5,66999954;6,99280214
-5,66499954;7,92630339
-5,65999954;7,45878410
-5,65499954;7,92630339
-5,64999954;7,45878410
-5,64499954;6,99280214
-5,63999954;7,45878410
-5,63499954;6,52682066
-5,62999954;6,52682066
-5,62499954;6,06083870
-5,61999954;6,06083870
-5,61499954;5,59485674
-5,60999954;6,06083870
-5,60499954;5,59485674
-5,59999954;5,12733746
-5,59499954;6,52682066
-5,58999954;6,52682066
-5,58499954;7,45878410
-5,57999954;7,45878410
-5,57499954;8,85826683
-5,56999954;9,32424927
-5,56499954;9,79023075
-5,55999954;9,79023075
-5,55499954;10,72373199
-5,54999954;10,72373199
-5,54499954;12,12167740
-5,53999954;11,18971348
-5,53499954;12,12167740
-5,52999954;11,65569592
-5,52499954;11,18971348
-5,51999954;10,72373199
-5,51499954;10,25621223
-5,50999954;10,25621223
-5,50499954;9,79023075
-5,49999954;9,79023075
-5,49499954;8,39228535
-5,48999954;8,39228535
-5,48499954;7,92630339
-5,47999955;7,92630339
-5,47499955;7,45878410
-5,46999955;7,45878410
-5,46499955;7,45878410
-5,45999955;7,45878410
-5,45499955;7,45878410
-5,44999955;6,99280214
-5,44499955;6,52682066
-5,43999955;6,52682066
-5,43499955;6,99280214
-5,42999955;6,06083870
-5,42499955;6,06083870
-5,41999955;5,59485674
-5,41499955;5,59485674
-5,40999955;4,66135550
-5,40499955;5,59485674
-5,39999955;4,66135550
-5,39499955;4,66135550
-5,38999955;3,72939205
-5,38499955;4,19537354
-5,37999955;3,72939205
-5,37499955;4,19537354
-5,36999955;3,26341033
-5,36499955;3,26341033
-5,35999955;5,12733746
-5,35499955;3,26341033
-5,34999955;3,26341033
-5,34499955;3,26341033
-5,33999955;4,19537354
-5,33499955;3,26341033
-5,32999955;4,19537354
-5,32499955;3,72939205
-5,31999955;3,26341033
-5,31499955;4,19537354
-5,30999955;3,72939205
-5,30499955;4,19537354
-5,29999955;4,19537354
-5,29499955;5,59485674
-5,28999955;5,12733746
-5,28499955;4,66135550
-5,27999955;4,66135550
-5,27499955;4,19537354
-5,26999955;4,66135550
-5,26499955;4,19537354
-5,25999955;3,72939205
-5,25499955;3,72939205
-5,24999955;3,26341033
-5,24499955;2,79742837
-5,23999955;2,32990885
-5,23499955;1,86392701
-5,22999955;1,39794528
-5,22499955;0,46598175
-5,21999955;0,93196350
-5,21499955;0,93196350
-5,20999955;0,00000000
-5,20499955;0,00000000
-5,19999955;-0,93196350
-5,19499955;-0,93196350
-5,18999955;-0,93196350
-5,18499955;-0,93196350
-5,17999955;-1,39794528
-5,17499955;-1,39794528
-5,16999955;-0,93196350
-5,16499955;-0,93196350
-5,15999955;-0,93196350
-5,15499955;-0,46598175
-5,14999955;-1,39794528
-5,14499955;-0,46598175
-5,13999955;-0,93196350
-5,13499955;-0,46598175
-5,12999955;-0,93196350
-5,12499955;0,00000000
-5,11999955;-0,93196350
-5,11499955;0,00000000
-5,10999955;-0,93196350
-5,10499955;0,00000000
-5,09999955;-1,86392701
-5,09499955;-0,93196350
-5,08999955;0,00000000
-5,08499956;-1,39794528
-5,07999956;-1,39794528
-5,07499956;-1,39794528
-5,06999956;-2,32990885
-5,06499956;-1,39794528
-5,05999956;-2,79742837
-5,05499956;-2,32990885
-5,04999956;-3,26341033
-5,04499956;-3,26341033
-5,03999956;-3,72939205
-5,03499956;-4,19537354
-5,02999956;-4,66135550
-5,02499956;-4,66135550
-5,01999956;-5,59485674
-5,01499956;-5,59485674
-5,00999956;-5,59485674
-5,00499956;-6,06083870
-4,99999956;-6,06083870
-4,99499956;-6,52682066
-4,98999956;-6,06083870
-4,98499956;-7,45878410
-4,97999956;-7,45878410
-4,97499956;-7,45878410
-4,96999956;-7,92630339
-4,96499956;-7,92630339
-4,95999956;-7,45878410
-4,95499956;-7,92630339
-4,94999956;-7,45878410
-4,94499956;-8,85826683
-4,93999956;-8,85826683
-4,93499956;-9,32424927
-4,92999956;-9,32424927
-4,92499956;-9,79023075
-4,91999956;-7,92630339
-4,91499956;-10,72373199
-4,90999956;-11,18971348
-4,90499956;-11,65569592
-4,89999956;-11,65569592
-4,89499956;-11,65569592
-4,88999956;-11,65569592
-4,88499956;-12,58765888
-4,87999956;-13,98714256
-4,87499956;-13,05517864
-4,86999956;-12,12167740
-4,86499956;-12,58765888
-4,85999956;-13,05517864
-4,85499956;-12,58765888
-4,84999956;-12,58765888
-4,84499956;-12,58765888
-4,83999956;-13,05517864
-4,83499956;-12,58765888
-4,82999956;-12,12167740
-4,82499956;-12,12167740
-4,81999956;-12,12167740
-4,81499956;-12,58765888
-4,80999956;-12,12167740
-4,80499956;-11,65569592
-4,79999956;-11,65569592
-4,79499956;-11,18971348
-4,78999956;-10,72373199
-4,78499956;-9,79023075
-4,77999956;-10,72373199
-4,77499956;-10,25621223
-4,76999956;-9,79023075
-4,76499956;-8,85826683
-4,75999956;-8,85826683
-4,75499956;-7,45878410
-4,74999956;-7,92630339
-4,74499956;-6,99280214
-4,73999956;-6,52682066
-4,73499956;-6,06083870
-4,72999956;-6,06083870
-4,72499956;-5,12733746
-4,71999956;-6,06083870
-4,71499956;-6,06083870
-4,70999956;-6,99280214
-4,70499956;-6,99280214
-4,69999956;-6,99280214
-4,69499956;-6,99280214
-4,68999957;-6,99280214
-4,68499957;-7,92630339
-4,67999957;-8,39228535
-4,67499957;-7,92630339
-4,66999957;-7,92630339
-4,66499957;-7,45878410
-4,65999957;-7,45878410
-4,65499957;-6,99280214
-4,64999957;-7,45878410
-4,64499957;-6,06083870
-4,63999957;-5,59485674
-4,63499957;-5,12733746
-4,62999957;-5,59485674
-4,62499957;-4,66135550
-4,61999957;-4,66135550
-4,61499957;-4,66135550
-4,60999957;-4,19537354
-4,60499957;-4,19537354
-4,59999957;-3,72939205
-4,59499957;-3,26341033
-4,58999957;-3,26341033
-4,58499957;-4,19537354
-4,57999957;-3,26341033
-4,57499957;-1,86392701
-4,56999957;-1,39794528
-4,56499957;-0,46598175
-4,55999957;-0,46598175
-4,55499957;0,46598175
-4,54999957;0,93196350
-4,54499957;4,66135550
-4,53999957;2,32990885
-4,53499957;3,26341033
-4,52999957;4,19537354
-4,52499957;5,12733746
-4,51999957;5,59485674
-4,51499957;6,52682066
-4,50999957;6,99280214
-4,50499957;7,45878410
-4,49999957;8,85826683
-4,49499957;8,39228535
-4,48999957;8,39228535
-4,48499957;7,92630339
-4,47999957;8,39228535
-4,47499957;9,79023075
-4,46999957;9,32424927
-4,46499957;9,79023075
-4,45999957;9,79023075
-4,45499957;10,25621223
-4,44999957;10,72373199
-4,44499957;10,72373199
-4,43999957;10,72373199
-4,43499957;11,18971348
-4,42999957;11,18971348
-4,42499957;11,65569592
-4,41999957;12,12167740
-4,41499957;11,65569592
-4,40999957;12,12167740
-4,40499957;11,18971348
-4,39999957;11,65569592
-4,39499957;11,65569592
-4,38999957;11,65569592
-4,38499957;11,18971348
-4,37999957;11,65569592
-4,37499957;12,12167740
-4,36999957;11,65569592
-4,36499957;11,65569592
-4,35999957;12,12167740
-4,35499957;12,58765888
-4,34999957;12,12167740
-4,34499957;13,05517864
-4,33999957;13,05517864
-4,33499957;13,98714256
-4,32999957;13,98714256
-4,32499957;14,91910553
-4,31999957;15,38508797
-4,31499957;15,85260677
-4,30999957;15,85260677
-4,30499957;16,31858826
-4,29999957;16,78457069
-4,29499957;16,31858826
-4,28999958;15,85260677
-4,28499958;17,71653366
-4,27999958;15,38508797
-4,27499958;14,91910553
-4,26999958;13,98714256
-4,26499958;14,45312405
-4,25999958;13,05517864
-4,25499958;12,12167740
-4,24999958;11,65569592
-4,24499958;11,65569592
-4,23999958;10,72373199
-4,23499958;11,18971348
-4,22999958;10,25621223
-4,22499958;9,79023075
-4,21999958;9,79023075
-4,21499958;10,25621223
-4,20999958;9,79023075
-4,20499958;10,25621223
-4,19999958;10,72373199
-4,19499958;10,72373199
-4,18999958;11,18971348
-4,18499958;10,25621223
-4,17999958;11,18971348
-4,17499958;10,72373199
-4,16999958;10,72373199
-4,16499958;10,25621223
-4,15999958;10,72373199
-4,15499958;10,25621223
-4,14999958;11,65569592
-4,14499958;9,32424927
-4,13999958;8,85826683
-4,13499958;8,85826683
-4,12999958;9,32424927
-4,12499958;9,32424927
-4,11999958;8,85826683
-4,11499958;9,32424927
-4,10999958;8,39228535
-4,10499958;8,85826683
-4,09999958;8,39228535
-4,09499958;9,32424927
-4,08999958;9,79023075
-4,08499958;9,79023075
-4,07999958;9,79023075
-4,07499958;10,25621223
-4,06999958;9,79023075
-4,06499958;9,79023075
-4,05999958;10,25621223
-4,05499958;9,79023075
-4,04999958;9,79023075
-4,04499958;9,79023075
-4,03999958;9,32424927
-4,03499958;8,85826683
-4,02999958;8,85826683
-4,02499958;8,39228535
-4,01999958;7,92630339
-4,01499958;6,99280214
-4,00999958;6,99280214
-4,00499958;6,52682066
-3,99999958;6,52682066
-3,99499958;5,59485674
-3,98999958;5,59485674
-3,98499958;5,12733746
-3,97999958;4,66135550
-3,97499958;4,66135550
-3,96999958;4,66135550
-3,96499958;4,19537354
-3,95999958;4,66135550
-3,95499958;3,72939205
-3,94999958;4,19537354
-3,94499958;3,26341033
-3,93999958;3,26341033
-3,93499958;2,32990885
-3,92999958;2,79742837
-3,92499958;3,26341033
-3,91999958;2,32990885
-3,91499958;2,79742837
-3,90999958;2,32990885
-3,90499958;2,79742837
-3,89999958;2,32990885
-3,89499959;2,32990885
-3,88999959;2,32990885
-3,88499959;4,66135550
-3,87999959;2,79742837
-3,87499959;2,79742837
-3,86999959;2,79742837
-3,86499959;3,72939205
-3,85999959;2,79742837
-3,85499959;3,72939205
-3,84999959;4,19537354
-3,84499959;3,72939205
-3,83999959;3,72939205
-3,83499959;3,72939205
-3,82999959;3,26341033
-3,82499959;2,79742837
-3,81999959;2,79742837
-3,81499959;2,79742837
-3,80999959;2,32990885
-3,80499959;1,39794528
-3,79999959;0,93196350
-3,79499959;0,93196350
-3,78999959;0,93196350
-3,78499959;0,00000000
-3,77999959;0,46598175
-3,77499959;-1,86392701
-3,76999959;0,46598175
-3,76499959;0,93196350
-3,75999959;0,46598175
-3,75499959;1,39794528
-3,74999959;0,93196350
-3,74499959;1,86392701
-3,73999959;0,46598175
-3,73499959;0,46598175
-3,72999959;0,93196350
-3,72499959;0,93196350
-3,71999959;0,93196350
-3,71499959;1,39794528
-3,70999959;0,93196350
-3,70499959;0,46598175
-3,69999959;0,00000000
-3,69499959;0,00000000
-3,68999959;0,00000000
-3,68499959;0,00000000
-3,67999959;-0,46598175
-3,67499959;0,46598175
-3,66999959;0,46598175
-3,66499959;-0,46598175
-3,65999959;0,46598175
-3,65499959;-0,93196350
-3,64999959;-0,93196350
-3,64499959;-0,93196350
-3,63999959;-0,93196350
-3,63499959;-0,93196350
-3,62999959;-0,93196350
-3,62499959;-1,39794528
-3,61999959;-1,86392701
-3,61499959;-0,93196350
-3,60999959;-1,39794528
-3,60499959;-2,32990885
-3,59999959;-2,32990885
-3,59499959;-1,86392701
-3,58999959;-2,32990885
-3,58499959;-1,86392701
-3,57999959;-2,32990885
-3,57499959;-2,32990885
-3,56999959;-2,32990885
-3,56499959;-1,86392701
-3,55999959;-1,39794528
-3,55499959;-2,32990885
-3,54999959;-2,32990885
-3,54499959;-1,86392701
-3,53999959;-1,86392701
-3,53499959;-0,93196350
-3,52999959;-1,86392701
-3,52499959;-1,86392701
-3,51999959;-2,79742837
-3,51499959;-2,79742837
-3,50999959;-2,79742837
-3,50499959;-2,32990885
-3,49999960;-2,79742837
-3,49499960;-3,26341033
-3,48999960;-3,72939205
-3,48499960;-4,19537354
-3,47999960;-4,19537354
-3,47499960;-4,19537354
-3,46999960;-3,26341033
-3,46499960;-3,72939205
-3,45999960;-3,72939205
-3,45499960;-2,79742837
-3,44999960;-2,79742837
-3,44499960;-3,26341033
-3,43999960;-2,32990885
-3,43499960;-2,79742837
-3,42999960;-2,79742837
-3,42499960;-3,26341033
-3,41999960;-2,79742837
-3,41499960;-3,26341033
-3,40999960;-3,26341033
-3,40499960;-2,79742837
-3,39999960;-1,86392701
-3,39499960;-3,72939205
-3,38999960;-3,72939205
-3,38499960;-3,72939205
-3,37999960;-4,66135550
-3,37499960;-4,19537354
-3,36999960;-4,19537354
-3,36499960;-4,19537354
-3,35999960;-4,19537354
-3,35499960;-3,72939205
-3,34999960;-3,26341033
-3,34499960;-3,26341033
-3,33999960;-3,72939205
-3,33499960;-1,86392701
-3,32999960;-3,26341033
-3,32499960;-3,72939205
-3,31999960;-4,19537354
-3,31499960;-3,72939205
-3,30999960;-3,72939205
-3,30499960;-4,66135550
-3,29999960;-5,12733746
-3,29499960;-6,06083870
-3,28999960;-6,99280214
-3,28499960;-6,99280214
-3,27999960;-7,45878410
-3,27499960;-8,39228535
-3,26999960;-9,79023075
-3,26499960;-9,32424927
-3,25999960;-9,79023075
-3,25499960;-9,79023075
-3,24999960;-9,32424927
-3,24499960;-10,25621223
-3,23999960;-10,25621223
-3,23499960;-11,18971348
-3,22999960;-11,65569592
-3,22499960;-11,65569592
-3,21999960;-12,12167740
-3,21499960;-11,65569592
-3,20999960;-13,52116013
-3,20499960;-13,52116013
-3,19999960;-13,98714256
-3,19499960;-15,38508797
-3,18999960;-15,38508797
-3,18499960;-15,85260677
-3,17999960;-16,78457069
-3,17499960;-16,78457069
-3,16999960;-17,71653366
-3,16499960;-17,25055122
-3,15999960;-16,78457069
-3,15499960;-16,31858826
-3,14999960;-16,78457069
-3,14499960;-14,91910553
-3,13999960;-14,45312405
-3,13499960;-13,05517864
-3,12999960;-12,12167740
-3,12499960;-11,65569592
-3,11999960;-10,72373199
-3,11499960;-8,85826683
-3,10999960;-8,39228535
-3,10499961;-7,45878410
-3,09999961;-6,99280214
-3,09499961;-6,52682066
-3,08999961;-6,99280214
-3,08499961;-6,99280214
-3,07999961;-7,45878410
-3,07499961;-6,99280214
-3,06999961;-7,92630339
-3,06499961;-8,85826683
-3,05999961;-8,85826683
-3,05499961;-9,32424927
-3,04999961;-9,79023075
-3,04499961;-10,25621223
-3,03999961;-10,72373199
-3,03499961;-11,18971348
-3,02999961;-10,72373199
-3,02499961;-7,92630339
-3,01999961;-10,25621223
-3,01499961;-9,79023075
-3,00999961;-9,32424927
-3,00499961;-8,85826683
-2,99999961;-7,92630339
-2,99499961;-7,45878410
-2,98999961;-7,45878410
-2,98499961;-6,99280214
-2,97999961;-7,92630339
-2,97499961;-6,52682066
-2,96999961;-7,45878410
-2,96499961;-6,06083870
-2,95999961;-6,99280214
-2,95499961;-6,99280214
-2,94999961;-5,59485674
-2,94499961;-6,06083870
-2,93999961;-4,66135550
-2,93499961;-5,12733746
-2,92999961;-3,26341033
-2,92499961;-3,26341033
-2,91999961;-1,86392701
-2,91499961;-1,86392701
-2,90999961;0,46598175
-2,90499961;0,93196350
-2,89999961;1,86392701
-2,89499961;2,32990885
-2,88999961;3,72939205
-2,88499961;4,19537354
-2,87999961;5,12733746
-2,87499961;5,12733746
-2,86999961;3,72939205
-2,86499961;5,59485674
-2,85999961;4,66135550
-2,85499961;6,06083870
-2,84999961;5,12733746
-2,84499961;4,66135550
-2,83999961;4,19537354
-2,83499961;4,66135550
-2,82999961;4,19537354
-2,82499961;3,72939205
-2,81999961;4,66135550
-2,81499961;4,19537354
-2,80999961;4,66135550
-2,80499961;5,12733746
-2,79999961;5,59485674
-2,79499961;6,06083870
-2,78999961;6,52682066
-2,78499961;6,52682066
-2,77999961;6,52682066
-2,77499961;7,45878410
-2,76999961;6,99280214
-2,76499961;7,92630339
-2,75999961;6,99280214
-2,75499961;7,45878410
-2,74999961;6,52682066
-2,74499961;6,99280214
-2,73999961;5,59485674
-2,73499961;5,12733746
-2,72999961;6,06083870
-2,72499961;6,52682066
-2,71999961;6,06083870
-2,71499961;6,52682066
-2,70999962;7,45878410
-2,70499962;7,92630339
-2,69999962;8,39228535
-2,69499962;8,39228535
-2,68999962;10,25621223
-2,68499962;12,12167740
-2,67999962;11,18971348
-2,67499962;13,05517864
-2,66999962;13,05517864
-2,66499962;13,05517864
-2,65999962;13,52116013
-2,65499962;13,05517864
-2,64999962;12,58765888
-2,64499962;13,52116013
-2,63999962;12,58765888
-2,63499962;12,12167740
-2,62999962;13,05517864
-2,62499962;10,25621223
-2,61999962;9,79023075
-2,61499962;9,32424927
-2,60999962;9,32424927
-2,60499962;8,39228535
-2,59999962;7,92630339
-2,59499962;7,92630339
-2,58999962;7,45878410
-2,58499962;6,99280214
-2,57999962;6,99280214
-2,57499962;8,39228535
-2,56999962;7,45878410
-2,56499962;6,99280214
-2,55999962;6,99280214
-2,55499962;6,99280214
-2,54999962;6,52682066
-2,54499962;6,52682066
-2,53999962;5,59485674
-2,53499962;5,12733746
-2,52999962;4,19537354
-2,52499962;4,19537354
-2,51999962;3,72939205
-2,51499962;3,72939205
-2,50999962;2,79742837
-2,50499962;3,26341033
-2,49999962;2,79742837
-2,49499962;3,26341033
-2,48999962;2,79742837
-2,48499962;2,79742837
-2,47999962;3,72939205
-2,47499962;3,72939205
-2,46999962;4,66135550
-2,46499962;4,19537354
-2,45999962;5,12733746
-2,45499962;5,12733746
-2,44999962;5,12733746
-2,44499962;5,59485674
-2,43999962;5,59485674
-2,43499962;6,06083870
-2,42999962;5,12733746
-2,42499962;6,06083870
-2,41999962;5,59485674
-2,41499962;5,59485674
-2,40999962;5,59485674
-2,40499962;5,59485674
-2,39999962;5,12733746
-2,39499962;5,12733746
-2,38999962;5,12733746
-2,38499962;4,66135550
-2,37999962;5,12733746
-2,37499962;4,66135550
-2,36999962;4,66135550
-2,36499962;4,19537354
-2,35999962;4,19537354
-2,35499962;4,19537354
-2,34999962;2,79742837
-2,34499962;2,79742837
-2,33999962;1,86392701
-2,33499962;1,86392701
-2,32999962;0,93196350
-2,32499962;0,46598175
-2,31999962;0,93196350
-2,31499963;0,00000000
-2,30999963;0,00000000
-2,30499963;-0,46598175
-2,29999963;-0,93196350
-2,29499963;-1,39794528
-2,28999963;-0,93196350
-2,28499963;-1,86392701
-2,27999963;-1,39794528
-2,27499963;-1,39794528
-2,26999963;-0,46598175
-2,26499963;-0,46598175
-2,25999963;-0,93196350
-2,25499963;-0,93196350
-2,24999963;-0,93196350
-2,24499963;0,00000000
-2,23999963;-1,39794528
-2,23499963;-1,39794528
-2,22999963;-1,39794528
-2,22499963;-1,39794528
-2,21999963;-2,32990885
-2,21499963;-1,86392701
-2,20999963;-2,32990885
-2,20499963;-2,32990885
-2,19999963;-2,32990885
-2,19499963;-2,32990885
-2,18999963;-2,32990885
-2,18499963;-3,26341033
-2,17999963;-3,26341033
-2,17499963;-3,72939205
-2,16999963;-3,26341033
-2,16499963;-3,72939205
-2,15999963;-4,19537354
-2,15499963;-3,26341033
-2,14999963;-4,19537354
-2,14499963;-4,19537354
-2,13999963;-4,66135550
-2,13499963;-4,19537354
-2,12999963;-5,12733746
-2,12499963;-5,12733746
-2,11999963;-6,06083870
-2,11499963;-5,59485674
-2,10999963;-6,52682066
-2,10499963;-6,99280214
-2,09999963;-7,45878410
-2,09499963;-7,92630339
-2,08999963;-7,92630339
-2,08499963;-7,45878410
-2,07999963;-7,92630339
-2,07499963;-8,85826683
-2,06999963;-7,45878410
-2,06499963;-9,32424927
-2,05999963;-9,32424927
-2,05499963;-8,85826683
-2,04999963;-9,32424927
-2,04499963;-8,85826683
-2,03999963;-9,79023075
-2,03499963;-9,79023075
-2,02999963;-10,25621223
-2,02499963;-10,25621223
-2,01999963;-10,72373199
-2,01499963;-10,72373199
-2,00999963;-11,65569592
-2,00499963;-10,72373199
-1,99999963;-11,65569592
-1,99499963;-12,12167740
-1,98999963;-12,58765888
-1,98499963;-13,05517864
-1,97999963;-12,58765888
-1,97499963;-13,05517864
-1,96999963;-13,52116013
-1,96499963;-13,98714256
-1,95999963;-14,91910553
-1,95499963;-14,45312405
-1,94999963;-13,98714256
-1,94499963;-13,52116013
-1,93999963;-13,98714256
-1,93499963;-12,58765888
-1,92999963;-12,58765888
-1,92499963;-12,58765888
-1,91999963;-12,12167740
-1,91499964;-11,18971348
-1,90999964;-10,72373199
-1,90499964;-11,65569592
-1,89999964;-10,72373199
-1,89499964;-9,32424927
-1,88999964;-9,32424927
-1,88499964;-8,85826683
-1,87999964;-11,65569592
-1,87499964;-8,85826683
-1,86999964;-8,39228535
-1,86499964;-8,39228535
-1,85999964;-7,92630339
-1,85499964;-7,45878410
-1,84999964;-8,39228535
-1,84499964;-7,92630339
-1,83999964;-7,45878410
-1,83499964;-8,85826683
-1,82999964;-8,39228535
-1,82499964;-8,85826683
-1,81999964;-7,92630339
-1,81499964;-8,85826683
-1,80999964;-9,32424927
-1,80499964;-8,85826683
-1,79999964;-8,39228535
-1,79499964;-8,85826683
-1,78999964;-7,92630339
-1,78499964;-8,39228535
-1,77999964;-8,39228535
-1,77499964;-7,92630339
-1,76999964;-7,92630339
-1,76499964;-7,45878410
-1,75999964;-6,06083870
-1,75499964;-6,06083870
-1,74999964;-6,06083870
-1,74499964;-5,59485674
-1,73999964;-5,12733746
-1,73499964;-5,59485674
-1,72999964;-5,59485674
-1,72499964;-3,26341033
-1,71999964;-4,19537354
-1,71499964;-3,26341033
-1,70999964;-3,26341033
-1,70499964;-2,79742837
-1,69999964;-2,79742837
-1,69499964;-2,32990885
-1,68999964;-1,86392701
-1,68499964;-1,39794528
-1,67999964;-1,39794528
-1,67499964;0,00000000
-1,66999964;-0,93196350
-1,66499964;2,32990885
-1,65999964;2,32990885
-1,65499964;4,19537354
-1,64999964;4,66135550
-1,64499964;5,12733746
-1,63999964;6,06083870
-1,63499964;6,99280214
-1,62999964;6,99280214
-1,62499964;7,92630339
-1,61999964;8,39228535
-1,61499964;8,85826683
-1,60999964;8,85826683
-1,60499964;9,32424927
-1,59999964;8,39228535
-1,59499964;9,32424927
-1,58999964;9,32424927
-1,58499964;8,85826683
-1,57999964;8,85826683
-1,57499964;8,85826683
-1,56999964;8,85826683
-1,56499964;8,85826683
-1,55999964;9,32424927
-1,55499964;9,32424927
-1,54999964;9,32424927
-1,54499964;9,32424927
-1,53999964;10,25621223
-1,53499964;10,72373199
-1,52999964;10,72373199
-1,52499964;10,25621223
-1,51999965;10,25621223
-1,51499965;10,72373199
-1,50999965;11,18971348
-1,50499965;13,05517864
-1,49999965;12,12167740
-1,49499965;11,65569592
-1,48999965;11,18971348
-1,48499965;11,18971348
-1,47999965;11,18971348
-1,47499965;11,65569592
-1,46999965;11,65569592
-1,46499965;12,12167740
-1,45999965;11,65569592
-1,45499965;11,65569592
-1,44999965;12,58765888
-1,44499965;13,52116013
-1,43999965;13,98714256
-1,43499965;13,52116013
-1,42999965;13,05517864
-1,42499965;13,98714256
-1,41999965;13,52116013
-1,41499965;13,98714256
-1,40999965;13,52116013
-1,40499965;13,52116013
-1,39999965;13,52116013
-1,39499965;13,05517864
-1,38999965;13,52116013
-1,38499965;13,52116013
-1,37999965;13,05517864
-1,37499965;12,58765888
-1,36999965;13,05517864
-1,36499965;12,12167740
-1,35999965;12,12167740
-1,35499965;12,12167740
-1,34999965;11,65569592
-1,34499965;12,12167740
-1,33999965;11,65569592
-1,33499965;11,18971348
-1,32999965;10,72373199
-1,32499965;10,72373199
-1,31999965;10,72373199
-1,31499965;10,72373199
-1,30999965;10,72373199
-1,30499965;10,25621223
-1,29999965;9,79023075
-1,29499965;9,79023075
-1,28999965;9,79023075
-1,28499965;10,25621223
-1,27999965;9,32424927
-1,27499965;9,79023075
-1,26999965;8,39228535
-1,26499965;9,32424927
-1,25999965;9,32424927
-1,25499965;9,32424927
-1,24999965;9,32424927
-1,24499965;9,32424927
-1,23999965;8,39228535
-1,23499965;8,85826683
-1,22999965;8,85826683
-1,22499965;8,39228535
-1,21999965;7,92630339
-1,21499965;8,39228535
-1,20999965;7,92630339
-1,20499965;8,39228535
-1,19999965;8,39228535
-1,19499965;8,39228535
-1,18999965;8,39228535
-1,18499965;8,85826683
-1,17999965;8,85826683
-1,17499965;8,85826683
-1,16999965;8,39228535
-1,16499965;8,85826683
-1,15999965;8,85826683
-1,15499965;7,92630339
-1,14999965;7,92630339
-1,14499965;7,45878410
-1,13999965;6,99280214
-1,13499965;6,52682066
-1,12999965;5,12733746
-1,12499966;5,59485674
-1,11999966;5,12733746
-1,11499966;5,59485674
-1,10999966;5,59485674
-1,10499966;5,12733746
-1,09999966;4,19537354
-1,09499966;3,72939205
-1,08999966;2,32990885
-1,08499966;3,26341033
-1,07999966;2,79742837
-1,07499966;3,26341033
-1,06999966;2,32990885
-1,06499966;2,79742837
-1,05999966;2,79742837
-1,05499966;2,32990885
-1,04999966;2,79742837
-1,04499966;2,32990885
-1,03999966;2,32990885
-1,03499966;2,79742837
-1,02999966;2,79742837
-1,02499966;3,26341033
-1,01999966;2,79742837
-1,01499966;3,26341033
-1,00999966;2,79742837
-1,00499966;3,72939205
-0,99999966;3,72939205
-0,99499966;3,26341033
-0,98999966;3,26341033
-0,98499966;2,32990885
-0,97999966;3,26341033
-0,97499966;2,79742837
-0,96999966;3,26341033
-0,96499966;2,79742837
-0,95999966;1,86392701
-0,95499966;1,86392701
-0,94999966;1,86392701
-0,94499966;1,86392701
-0,93999966;0,93196350
-0,93499966;0,93196350
-0,92999966;0,93196350
-0,92499966;1,39794528
-0,91999966;0,93196350
-0,91499966;0,46598175
-0,90999966;0,93196350
-0,90499966;1,39794528
-0,89999966;1,39794528
-0,89499966;1,39794528
-0,88999966;0,93196350
-0,88499966;1,86392701
-0,87999966;0,93196350
-0,87499966;0,93196350
-0,86999966;0,00000000
-0,86499966;0,46598175
-0,85999966;-0,46598175
-0,85499966;0,93196350
-0,84999966;-1,39794528
-0,84499966;-0,93196350
-0,83999966;-0,93196350
-0,83499966;-0,93196350
-0,82999966;-0,46598175
-0,82499966;-1,39794528
-0,81999966;-0,46598175
-0,81499966;-1,86392701
-0,80999966;-1,39794528
-0,80499966;-1,39794528
-0,79999966;-0,93196350
-0,79499966;-0,93196350
-0,78999966;-0,46598175
-0,78499966;-0,46598175
-0,77999966;-0,93196350
-0,77499966;-0,93196350
-0,76999966;-0,46598175
-0,76499966;0,00000000
-0,75999966;-0,93196350
-0,75499966;-1,86392701
-0,74999966;-1,39794528
-0,74499966;-0,46598175
-0,73999966;-1,86392701
-0,73499966;-1,39794528
-0,72999967;-1,86392701
-0,72499967;-1,86392701
-0,71999967;-1,86392701
-0,71499967;-2,32990885
-0,70999967;-2,32990885
-0,70499967;-2,32990885
-0,69999967;-2,32990885
-0,69499967;-2,79742837
-0,68999967;-2,32990885
-0,68499967;-2,79742837
-0,67999967;-4,19537354
-0,67499967;-3,26341033
-0,66999967;-3,26341033
-0,66499967;-2,79742837
-0,65999967;-3,72939205
-0,65499967;-4,19537354
-0,64999967;-4,19537354
-0,64499967;-3,72939205
-0,63999967;-3,72939205
-0,63499967;-3,72939205
-0,62999967;-3,26341033
-0,62499967;-3,72939205
-0,61999967;-3,26341033
-0,61499967;-4,19537354
-0,60999967;-4,19537354
-0,60499967;-4,19537354
-0,59999967;-3,72939205
-0,59499967;-3,72939205
-0,58999967;-3,26341033
-0,58499967;-4,19537354
-0,57999967;-3,72939205
-0,57499967;-4,19537354
-0,56999967;-4,19537354
-0,56499967;-4,66135550
-0,55999967;-4,66135550
-0,55499967;-4,66135550
-0,54999967;-4,19537354
-0,54499967;-5,12733746
-0,53999967;-5,12733746
-0,53499967;-5,12733746
-0,52999967;-4,66135550
-0,52499967;-5,12733746
-0,51999967;-4,66135550
-0,51499967;-5,12733746
-0,50999967;-4,66135550
-0,50499967;-5,59485674
-0,49999967;-4,66135550
-0,49499967;-5,59485674
-0,48999967;-5,59485674
-0,48499967;-5,12733746
-0,47999967;-5,12733746
-0,47499967;-5,59485674
-0,46999967;-5,59485674
-0,46499967;-5,12733746
-0,45999967;-5,12733746
-0,45499967;-5,59485674
-0,44999967;-5,59485674
-0,44499967;-5,59485674
-0,43999967;-5,59485674
-0,43499967;-6,52682066
-0,42999967;-5,59485674
-0,42499967;-6,06083870
-0,41999967;-6,52682066
-0,41499967;-7,45878410
-0,40999967;-7,45878410
-0,40499967;-8,39228535
-0,39999967;-8,85826683
-0,39499967;-9,32424927
-0,38999967;-8,85826683
-0,38499967;-9,79023075
-0,37999967;-9,32424927
-0,37499967;-11,18971348
-0,36999967;-11,18971348
-0,36499967;-11,65569592
-0,35999967;-12,12167740
-0,35499967;-12,12167740
-0,34999967;-12,58765888
-0,34499967;-13,52116013
-0,33999967;-13,98714256
-0,33499968;-13,98714256
-0,32999968;-14,45312405
-0,32499968;-14,91910553
-0,31999968;-14,91910553
-0,31499968;-15,38508797
-0,30999968;-15,38508797
-0,30499968;-15,85260677
-0,29999968;-16,78457069
-0,29499968;-15,85260677
-0,28999968;-15,85260677
-0,28499968;-15,38508797
-0,27999968;-15,85260677
-0,27499968;-15,38508797
-0,26999968;-14,45312405
-0,26499968;-14,45312405
-0,25999968;-14,91910553
-0,25499968;-14,91910553
-0,24999968;-13,98714256
-0,24499968;-13,05517864
-0,23999968;-12,12167740
-0,23499968;-11,18971348
-0,22999968;-10,72373199
-0,22499968;-10,25621223
-0,21999968;-10,25621223
-0,21499968;-8,39228535
-0,20999968;-9,79023075
-0,20499968;-8,85826683
-0,19999968;-8,85826683
-0,19499968;-9,32424927
-0,18999968;-9,79023075
-0,18499968;-9,32424927
-0,17999968;-10,25621223
-0,17499968;-10,25621223
-0,16999968;-11,18971348
-0,16499968;-10,72373199
-0,15999968;-11,18971348
-0,15499968;-11,18971348
-0,14999968;-11,65569592
-0,14499968;-10,72373199
-0,13999968;-10,25621223
-0,13499968;-10,25621223
-0,12999968;-10,25621223
-0,12499968;-9,79023075
-0,11999968;-9,79023075
-0,11499968;-8,85826683
-0,10999968;-9,32424927
-0,10499968;-8,85826683
-0,09999968;-8,85826683
-0,09499968;-8,85826683
-0,08999968;-8,39228535
-0,08499968;-7,92630339
-0,07999968;-7,92630339
-0,07499968;-7,92630339
-0,06999968;-6,99280214
-0,06499968;-6,52682066
-0,05999968;-6,06083870
-0,05499968;-5,59485674
-0,04999968;-4,66135550
-0,04499968;-4,66135550
-0,03999968;-2,79742837
-0,03499968;-2,79742837
-0,02999968;-2,32990885
-0,02499968;-0,46598175
-0,01999968;0,46598175
-0,01499968;0,46598175
-0,00999968;1,39794528
-0,00499968;1,39794528
0,00000032;2,32990885
0,00500032;2,32990885
0,01000032;3,26341033
0,01500032;3,72939205
0,02000032;2,79742837
0,02500032;1,86392701
0,03000032;3,26341033
0,03500032;2,79742837
0,04000032;2,79742837
0,04500032;2,79742837
0,05000032;2,79742837
0,05500032;3,26341033
0,06000031;3,72939205
0,06500031;4,19537354
0,07000031;5,12733746
0,07500031;4,66135550
0,08000031;5,59485674
0,08500031;5,59485674
0,09000031;5,59485674
0,09500031;6,06083870
0,10000031;6,06083870
0,10500031;6,06083870
0,11000031;6,06083870
0,11500031;6,52682066
0,12000031;6,52682066
0,12500031;6,52682066
0,13000031;4,19537354
0,13500031;5,59485674
0,14000031;5,12733746
0,14500031;4,19537354
0,15000031;5,59485674
0,15500031;4,66135550
0,16000031;5,12733746
0,16500031;6,06083870
0,17000031;5,59485674
0,17500031;6,06083870
0,18000031;6,99280214
0,18500031;7,92630339
0,19000031;7,92630339
0,19500031;9,32424927
0,20000031;9,79023075
0,20500031;10,72373199
0,21000031;10,72373199
0,21500031;10,72373199
0,22000031;11,65569592
0,22500031;11,18971348
0,23000031;10,72373199
0,23500031;10,72373199
0,24000031;10,25621223
0,24500031;10,25621223
0,25000031;9,32424927
0,25500031;9,32424927
0,26000031;8,85826683
0,26500031;8,39228535
0,27000031;7,45878410
0,27500031;7,45878410
0,28000031;6,99280214
0,28500031;7,92630339
0,29000031;6,99280214
0,29500031;6,99280214
0,30000031;6,52682066
0,30500031;7,45878410
0,31000031;6,99280214
0,31500031;6,99280214
0,32000031;6,06083870
0,32500031;6,99280214
0,33000031;5,59485674
0,33500031;7,45878410
0,34000031;5,59485674
0,34500031;6,06083870
0,35000031;5,59485674
0,35500031;5,12733746
0,36000031;3,26341033
0,36500031;5,12733746
0,37000031;4,19537354
0,37500031;4,19537354
0,38000031;3,72939205
0,38500031;3,26341033
0,39000031;2,79742837
0,39500031;3,72939205
0,40000031;3,26341033
0,40500031;3,72939205
0,41000031;4,19537354
0,41500031;4,19537354
0,42000031;4,66135550
0,42500031;4,66135550
0,43000031;4,66135550
0,43500031;4,19537354
0,44000031;4,66135550
0,44500031;4,66135550
0,45000031;4,19537354
0,45500031;4,19537354
0,46000030;4,66135550
0,46500030;3,72939205
0,47000030;4,66135550
0,47500030;4,19537354
0,48000030;3,72939205
0,48500030;3,72939205
0,49000030;4,19537354
0,49500030;3,26341033
0,50000030;3,26341033
0,50500030;2,79742837
0,51000030;2,32990885
0,51500030;1,86392701
0,52000030;1,86392701
0,52500030;1,39794528
0,53000030;1,39794528
0,53500030;0,93196350
0,54000030;0,93196350
0,54500030;-0,93196350
0,55000030;0,00000000
0,55500030;-0,46598175
0,56000030;-0,46598175
0,56500030;-1,86392701
0,57000030;-1,39794528
0,57500030;-1,39794528
0,58000030;-2,32990885
0,58500030;-2,32990885
0,59000030;-2,32990885
0,59500030;-1,86392701
0,60000030;-1,86392701
0,60500030;-2,79742837
0,61000030;-2,79742837
0,61500030;-1,86392701
0,62000030;-2,79742837
0,62500030;-2,32990885
0,63000030;-1,86392701
0,63500030;-2,32990885
0,64000030;-1,86392701
0,64500030;-2,32990885
0,65000030;-1,86392701
0,65500030;-2,79742837
0,66000030;-3,26341033
0,66500030;-2,79742837
0,67000030;-2,79742837
0,67500030;-2,32990885
0,68000030;-3,26341033
0,68500030;-2,32990885
0,69000030;-3,26341033
0,69500030;-2,79742837
0,70000030;-3,26341033
0,70500030;-2,79742837
0,71000030;-3,72939205
0,71500030;-3,26341033
0,72000030;-3,26341033
0,72500030;-3,26341033
0,73000030;-2,32990885
0,73500030;-3,72939205
0,74000030;-3,72939205
0,74500030;-5,12733746
0,75000030;-4,19537354
0,75500030;-4,66135550
0,76000030;-5,59485674
0,76500030;-6,52682066
0,77000030;-5,59485674
0,77500030;-6,52682066
0,78000030;-6,52682066
0,78500030;-7,45878410
0,79000030;-7,92630339
0,79500030;-8,85826683
0,80000030;-8,85826683
0,80500030;-9,79023075
0,81000030;-10,25621223
0,81500030;-10,25621223
0,82000030;-10,25621223
0,82500030;-9,79023075
0,83000030;-10,25621223
0,83500030;-10,72373199
0,84000030;-10,72373199
0,84500030;-10,72373199
0,85000030;-11,65569592
0,85500029;-11,18971348
0,86000029;-11,18971348
0,86500029;-11,65569592
0,87000029;-11,65569592
0,87500029;-12,12167740
0,88000029;-12,58765888
0,88500029;-12,12167740
0,89000029;-12,58765888
0,89500029;-13,52116013
0,90000029;-13,52116013
0,90500029;-13,52116013
0,91000029;-13,52116013
0,91500029;-13,52116013
0,92000029;-13,98714256
0,92500029;-13,52116013
0,93000029;-13,52116013
0,93500029;-13,52116013
0,94000029;-13,05517864
0,94500029;-13,98714256
0,95000029;-13,05517864
0,95500029;-12,58765888
0,96000029;-11,18971348
0,96500029;-11,65569592
0,97000029;-11,65569592
0,97500029;-10,72373199
0,98000029;-10,72373199
0,98500029;-8,85826683
0,99000029;-9,32424927
0,99500029;-7,92630339
1,00000029;-8,39228535
1,00500029;-6,99280214
1,01000029;-6,99280214
1,01500029;-6,99280214
1,02000029;-6,99280214
1,02500029;-7,45878410
1,03000029;-6,99280214
1,03500029;-7,45878410
1,04000029;-8,39228535
1,04500029;-7,92630339
1,05000029;-8,85826683
1,05500029;-8,39228535
1,06000029;-8,85826683
1,06500029;-9,32424927
1,07000029;-9,79023075
1,07500029;-8,85826683
1,08000029;-9,32424927
1,08500029;-8,39228535
1,09000029;-8,85826683
1,09500029;-8,39228535
1,10000029;-9,32424927
1,10500029;-7,92630339
1,11000029;-7,92630339
1,11500029;-7,45878410
1,12000029;-6,99280214
1,12500029;-6,06083870
1,13000029;-6,06083870
1,13500029;-6,06083870
1,14000029;-6,99280214
1,14500029;-4,66135550
1,15000029;-4,66135550
1,15500029;-4,19537354
1,16000029;-6,06083870
1,16500029;-3,26341033
1,17000029;-2,79742837
1,17500029;-2,32990885
1,18000029;-2,79742837
1,18500029;-1,39794528
1,19000029;-0,46598175
1,19500029;0,00000000
1,20000029;0,46598175
1,20500029;0,00000000
1,21000029;1,86392701
1,21500029;2,32990885
1,22000029;3,26341033
1,22500029;3,72939205
1,23000029;4,66135550
1,23500029;5,12733746
1,24000029;6,06083870
1,24500029;6,99280214
1,25000028;7,45878410
1,25500028;7,92630339
1,26000028;8,39228535
1,26500028;8,85826683
1,27000028;8,85826683
1,27500028;9,32424927
1,28000028;9,79023075
1,28500028;9,79023075
1,29000028;8,85826683
1,29500028;9,32424927
1,30000028;9,32424927
1,30500028;9,32424927
1,31000028;8,85826683
1,31500028;8,85826683
1,32000028;8,85826683
1,32500028;9,32424927
1,33000028;9,32424927
1,33500028;9,32424927
1,34000028;9,32424927
1,34500028;9,32424927
1,35000028;10,25621223
1,35500028;10,25621223
1,36000028;11,18971348
1,36500028;11,18971348
1,37000028;10,72373199
1,37500028;11,65569592
1,38000028;11,18971348
1,38500028;11,18971348
1,39000028;10,72373199
1,39500028;11,18971348
1,40000028;10,72373199
1,40500028;11,18971348
1,41000028;10,72373199
1,41500028;11,18971348
1,42000028;10,72373199
1,42500028;11,65569592
1,43000028;12,12167740
1,43500028;12,58765888
1,44000028;13,05517864
1,44500028;13,52116013
1,45000028;13,05517864
1,45500028;13,98714256
1,46000028;14,45312405
1,46500028;14,91910553
1,47000028;14,45312405
1,47500028;14,45312405
1,48000028;14,45312405
1,48500028;14,45312405
1,49000028;13,52116013
1,49500028;13,52116013
1,50000028;13,05517864
1,50500028;12,58765888
1,51000028;12,12167740
1,51500028;11,65569592
1,52000028;11,18971348
1,52500028;11,18971348
1,53000028;11,18971348
1,53500028;13,05517864
1,54000028;10,72373199
1,54500028;10,72373199
1,55000028;10,72373199
1,55500028;10,25621223
1,56000028;9,79023075
1,56500028;10,72373199
1,57000028;11,18971348
1,57500028;13,05517864
1,58000028;11,18971348
1,58500028;11,65569592
1,59000028;11,18971348
1,59500028;10,72373199
1,60000028;10,72373199
1,60500028;9,79023075
1,61000028;9,32424927
1,61500028;9,32424927
1,62000028;8,85826683
1,62500028;8,85826683
1,63000028;8,39228535
1,63500028;8,39228535
1,64000028;8,39228535
1,64500027;8,39228535
1,65000027;8,39228535
1,65500027;8,39228535
1,66000027;8,39228535
1,66500027;9,32424927
1,67000027;8,85826683
1,67500027;9,79023075
1,68000027;9,32424927
1,68500027;9,32424927
1,69000027;9,32424927
1,69500027;9,79023075
1,70000027;9,32424927
1,70500027;9,32424927
1,71000027;8,39228535
1,71500027;8,39228535
1,72000027;7,45878410
1,72500027;7,45878410
1,73000027;6,52682066
1,73500027;6,06083870
1,74000027;5,59485674
1,74500027;4,66135550
1,75000027;5,59485674
1,75500027;4,66135550
1,76000027;3,72939205
1,76500027;4,19537354
1,77000027;3,72939205
1,77500027;3,72939205
1,78000027;3,72939205
1,78500027;4,66135550
1,79000027;3,72939205
1,79500027;4,19537354
1,80000027;2,79742837
1,80500027;3,72939205
1,81000027;3,26341033
1,81500027;3,26341033
1,82000027;2,79742837
1,82500027;2,79742837
1,83000027;1,86392701
1,83500027;1,39794528
1,84000027;0,93196350
1,84500027;1,39794528
1,85000027;0,93196350
1,85500027;0,46598175
1,86000027;0,93196350
1,86500027;1,86392701
1,87000027;1,86392701
1,87500027;2,32990885
1,88000027;2,32990885
1,88500027;3,26341033
1,89000027;3,26341033
1,89500027;3,26341033
1,90000027;3,72939205
1,90500027;3,72939205
1,91000027;5,59485674
1,91500027;3,26341033
1,92000027;3,26341033
1,92500027;2,79742837
1,93000027;2,79742837
1,93500027;1,39794528
1,94000027;1,39794528
1,94500027;0,93196350
1,95000027;0,46598175
1,95500027;0,46598175
1,96000027;0,46598175
1,96500027;0,93196350
1,97000027;0,46598175
1,97500027;0,93196350
1,98000027;0,93196350
1,98500027;1,86392701
1,99000027;0,93196350
1,99500027;1,86392701
2,00000027;1,86392701
2,00500027;2,32990885
2,01000027;1,39794528
2,01500027;0,93196350
2,02000027;0,46598175
2,02500027;0,46598175
2,03000027;-0,46598175
2,03500027;-0,46598175
2,04000026;-1,39794528
2,04500026;-0,93196350
2,05000026;-1,39794528
2,05500026;-1,39794528
2,06000026;-1,39794528
2,06500026;-0,93196350
2,07000026;-0,93196350
2,07500026;-0,46598175
2,08000026;0,00000000
2,08500026;0,46598175
2,09000026;-0,46598175
2,09500026;-0,93196350
2,10000026;-0,93196350
2,10500026;-0,46598175
2,11000026;-1,86392701
2,11500026;-1,86392701
2,12000026;-2,32990885
2,12500026;-2,79742837
2,13000026;-3,26341033
2,13500026;-4,19537354
2,14000026;-2,32990885
2,14500026;-5,12733746
2,15000026;-4,19537354
2,15500026;-4,19537354
2,16000026;-3,26341033
2,16500026;-3,72939205
2,17000026;-3,72939205
2,17500026;-2,79742837
2,18000026;-3,26341033
2,18500026;-2,32990885
2,19000026;-2,32990885
2,19500026;-1,39794528
2,20000026;-1,39794528
2,20500026;-1,86392701
2,21000026;-1,39794528
2,21500026;-1,39794528
2,22000026;-1,86392701
2,22500026;-1,39794528
2,23000026;-1,86392701
2,23500026;-1,86392701
2,24000026;-2,79742837
2,24500026;-2,32990885
2,25000026;-2,79742837
2,25500026;-3,26341033
2,26000026;-3,26341033
2,26500026;-3,72939205
2,27000026;-3,72939205
2,27500026;-3,72939205
2,28000026;-3,26341033
2,28500026;-2,32990885
2,29000026;-3,72939205
2,29500026;-3,26341033
2,30000026;-2,79742837
2,30500026;-3,26341033
2,31000026;-3,26341033
2,31500026;-2,79742837
2,32000026;-2,79742837
2,32500026;-2,79742837
2,33000026;-3,26341033
2,33500026;-2,32990885
2,34000026;-3,26341033
2,34500026;-4,19537354
2,35000026;-4,19537354
2,35500026;-4,19537354
2,36000026;-4,19537354
2,36500026;-4,19537354
2,37000026;-4,66135550
2,37500026;-4,19537354
2,38000026;-4,19537354
2,38500026;-4,19537354
2,39000026;-4,19537354
2,39500026;-4,19537354
2,40000026;-4,19537354
2,40500026;-4,66135550
2,41000026;-4,19537354
2,41500026;-4,19537354
2,42000026;-4,19537354
2,42500026;-3,72939205
2,43000026;-4,66135550
2,43500025;-4,66135550
2,44000025;-5,12733746
2,44500025;-4,66135550
2,45000025;-5,12733746
2,45500025;-6,06083870
2,46000025;-6,06083870
2,46500025;-6,52682066
2,47000025;-6,52682066
2,47500025;-6,99280214
2,48000025;-7,45878410
2,48500025;-7,92630339
2,49000025;-7,92630339
2,49500025;-7,92630339
2,50000025;-7,92630339
2,50500025;-8,39228535
2,51000025;-9,79023075
2,51500025;-8,85826683
2,52000025;-10,25621223
2,52500025;-10,25621223
2,53000025;-11,18971348
2,53500025;-12,12167740
2,54000025;-12,58765888
2,54500025;-12,12167740
2,55000025;-13,52116013
2,55500025;-13,98714256
2,56000025;-14,91910553
2,56500025;-15,38508797
2,57000025;-15,85260677
2,57500025;-16,31858826
2,58000025;-16,78457069
2,58500025;-17,25055122
2,59000025;-17,25055122
2,59500025;-17,25055122
2,60000025;-16,78457069
2,60500025;-16,78457069
2,61000025;-15,85260677
2,61500025;-15,38508797
2,62000025;-14,45312405
2,62500025;-14,45312405
2,63000025;-13,05517864
2,63500025;-12,12167740
2,64000025;-11,65569592
2,64500025;-10,25621223
2,65000025;-9,32424927
2,65500025;-9,32424927
2,66000025;-6,99280214
2,66500025;-7,92630339
2,67000025;-7,92630339
2,67500025;-7,92630339
2,68000025;-7,92630339
2,68500025;-7,92630339
2,69000025;-9,79023075
2,69500025;-9,32424927
2,70000025;-9,79023075
2,70500025;-9,79023075
2,71000025;-10,72373199
2,71500025;-10,25621223
2,72000025;-11,18971348
2,72500025;-10,72373199
2,73000025;-10,72373199
2,73500025;-10,72373199
2,74000025;-10,25621223
2,74500025;-9,79023075
2,75000025;-9,32424927
2,75500025;-7,92630339
2,76000025;-9,32424927
2,76500025;-7,92630339
2,77000025;-7,45878410
2,77500025;-6,99280214
2,78000025;-6,99280214
2,78500025;-7,92630339
2,79000025;-7,45878410
2,79500025;-6,52682066
2,80000025;-7,45878410
2,80500025;-7,45878410
2,81000025;-6,99280214
2,81500025;-7,45878410
2,82000025;-6,06083870
2,82500025;-6,52682066
2,83000025;-6,06083870
2,83500024;-5,12733746
2,84000024;-4,19537354
2,84500024;-3,72939205
2,85000024;-1,86392701
2,85500024;-0,93196350
2,86000024;0,00000000
2,86500024;0,93196350
2,87000024;1,86392701
2,87500024;3,26341033
2,88000024;3,72939205
2,88500024;3,72939205
2,89000024;4,19537354
2,89500024;4,19537354
2,90000024;4,19537354
2,90500024;4,19537354
2,91000024;4,19537354
2,91500024;4,19537354
2,92000024;3,26341033
2,92500024;3,72939205
2,93000024;3,26341033
2,93500024;3,72939205
2,94000024;3,26341033
2,94500024;4,19537354
2,95000024;4,66135550
2,95500024;4,66135550
2,96000024;4,66135550
2,96500024;5,59485674
2,97000024;6,06083870
2,97500024;6,52682066
2,98000024;6,52682066
2,98500024;6,99280214
2,99000024;6,99280214
2,99500024;6,52682066
3,00000024;6,52682066
3,00500024;7,45878410
3,01000024;6,06083870
3,01500024;6,06083870
3,02000024;5,59485674
3,02500024;5,59485674
3,03000024;4,66135550
3,03500024;4,66135550
3,04000024;5,12733746
3,04500024;5,12733746
3,05000024;5,59485674
3,05500024;4,66135550
3,06000024;6,52682066
3,06500024;7,45878410
3,07000024;8,39228535
3,07500024;8,85826683
3,08000024;9,79023075
3,08500024;9,79023075
3,09000024;10,25621223
3,09500024;11,18971348
3,10000024;11,18971348
3,10500024;11,65569592
3,11000024;10,72373199
3,11500024;10,72373199
3,12000024;11,18971348
3,12500024;10,72373199
3,13000024;9,79023075
3,13500024;9,32424927
3,14000024;8,85826683
3,14500024;7,92630339
3,15000024;8,39228535
3,15500024;7,92630339
3,16000024;6,52682066
3,16500024;6,99280214
3,17000024;6,99280214
3,17500024;6,99280214
3,18000024;6,99280214
3,18500024;6,06083870
3,19000024;6,52682066
3,19500024;6,52682066
3,20000024;6,06083870
3,20500024;5,59485674
3,21000024;6,06083870
3,21500024;5,59485674
3,22000024;5,12733746
3,22500024;5,12733746
3,23000023;4,66135550
3,23500023;4,66135550
3,24000023;4,19537354
3,24500023;3,72939205
3,25000023;3,72939205
3,25500023;4,19537354
3,26000023;3,72939205
3,26500023;3,26341033
3,27000023;3,72939205
3,27500023;4,19537354
3,28000023;3,26341033
3,28500023;3,72939205
3,29000023;3,26341033
3,29500023;3,72939205
3,30000023;3,72939205
3,30500023;4,19537354
3,31000023;4,66135550
3,31500023;4,19537354
3,32000023;5,12733746
3,32500023;4,66135550
3,33000023;5,12733746
3,33500023;4,66135550
3,34000023;4,19537354
3,34500023;5,12733746
3,35000023;4,19537354
3,35500023;4,66135550
3,36000023;4,19537354
3,36500023;3,72939205
3,37000023;4,19537354
3,37500023;4,19537354
3,38000023;2,79742837
3,38500023;2,79742837
3,39000023;2,79742837
3,39500023;2,32990885
3,40000023;1,86392701
3,40500023;0,93196350
3,41000023;3,72939205
3,41500023;0,46598175
3,42000023;0,00000000
3,42500023;-0,46598175
3,43000023;-0,46598175
3,43500023;-3,26341033
3,44000023;-1,39794528
3,44500023;-1,86392701
3,45000023;-1,39794528
3,45500023;-1,39794528
3,46000023;-2,32990885
3,46500023;-1,86392701
3,47000023;-1,86392701
3,47500023;-1,86392701
3,48000023;-1,86392701
3,48500023;-1,86392701
3,49000023;-1,86392701
3,49500023;-1,39794528
3,50000023;-0,93196350
3,50500023;-1,39794528
3,51000023;-0,93196350
3,51500023;-0,93196350
3,52000023;-1,39794528
3,52500023;-1,39794528
3,53000023;-0,93196350
3,53500023;-1,86392701
3,54000023;-1,39794528
3,54500023;-0,93196350
3,55000023;-2,32990885
3,55500023;-1,86392701
3,56000023;-3,72939205
3,56500023;-2,79742837
3,57000023;-1,86392701
3,57500023;-2,79742837
3,58000023;-2,32990885
3,58500023;-2,32990885
3,59000023;-2,32990885
3,59500023;-2,32990885
3,60000023;-2,79742837
3,60500023;-2,32990885
3,61000023;-2,79742837
3,61500023;-3,26341033
3,62000023;-3,72939205
3,62500022;-3,72939205
3,63000022;-4,19537354
3,63500022;-4,66135550
3,64000022;-4,66135550
3,64500022;-5,59485674
3,65000022;-6,52682066
3,65500022;-6,52682066
3,66000022;-7,45878410
3,66500022;-7,45878410
3,67000022;-7,45878410
3,67500022;-8,85826683
3,68000022;-8,85826683
3,68500022;-9,32424927
3,69000022;-9,32424927
3,69500022;-10,25621223
3,70000022;-10,25621223
3,70500022;-9,32424927
3,71000022;-10,25621223
3,71500022;-10,25621223
3,72000022;-11,18971348
3,72500022;-10,72373199
3,73000022;-11,18971348
3,73500022;-11,18971348
3,74000022;-11,18971348
3,74500022;-11,65569592
3,75000022;-12,12167740
3,75500022;-12,58765888
3,76000022;-11,65569592
3,76500022;-13,05517864
3,77000022;-13,52116013
3,77500022;-13,05517864
3,78000022;-13,98714256
3,78500022;-15,38508797
3,79000022;-13,98714256
3,79500022;-14,91910553
3,80000022;-13,52116013
3,80500022;-15,85260677
3,81000022;-13,52116013
3,81500022;-13,98714256
3,82000022;-13,52116013
3,82500022;-13,52116013
3,83000022;-13,05517864
3,83500022;-12,58765888
3,84000022;-12,58765888
3,84500022;-11,65569592
3,85000022;-11,65569592
3,85500022;-10,72373199
3,86000022;-10,72373199
3,86500022;-9,79023075
3,87000022;-10,25621223
3,87500022;-9,32424927
3,88000022;-8,85826683
3,88500022;-7,92630339
3,89000022;-7,92630339
3,89500022;-7,45878410
3,90000022;-7,92630339
3,90500022;-7,92630339
3,91000022;-7,45878410
3,91500022;-7,45878410
3,92000022;-6,99280214
3,92500022;-6,52682066
3,93000022;-6,99280214
3,93500022;-6,52682066
3,94000022;-6,99280214
3,94500022;-7,45878410
3,95000022;-7,45878410
3,95500022;-8,39228535
3,96000022;-8,39228535
3,96500022;-8,39228535
3,97000022;-8,39228535
3,97500022;-8,39228535
3,98000022;-8,85826683
3,98500022;-7,92630339
3,99000022;-8,39228535
3,99500022;-7,45878410
4,00000022;-6,99280214
4,00500022;-6,06083870
4,01000022;-6,06083870
4,01500022;-6,06083870
4,02000021;-5,12733746
4,02500021;-4,66135550
4,03000021;-4,66135550
4,03500021;-4,19537354
4,04000021;-3,72939205
4,04500021;-3,26341033
4,05000021;-3,72939205
4,05500021;-3,26341033
4,06000021;-3,26341033
4,06500021;-2,32990885
4,07000021;-1,86392701
4,07500021;-0,93196350
4,08000021;-0,46598175
4,08500021;0,46598175
4,09000021;0,93196350
4,09500021;1,86392701
4,10000021;3,26341033
4,10500021;3,26341033
4,11000021;3,72939205
4,11500021;4,66135550
4,12000021;5,59485674
4,12500021;6,52682066
4,13000021;6,99280214
4,13500021;8,39228535
4,14000021;8,85826683
4,14500021;9,32424927
4,15000021;8,85826683
4,15500021;9,32424927
4,16000021;10,72373199
4,16500021;10,25621223
4,17000021;9,79023075
4,17500021;9,79023075
4,18000021;9,32424927
4,18500021;10,25621223
4,19000021;9,79023075
4,19500021;10,25621223
4,20000021;9,32424927
4,20500021;10,25621223
4,21000021;9,79023075
4,21500021;9,79023075
4,22000021;10,25621223
4,22500021;11,18971348
4,23000021;9,79023075
4,23500021;10,25621223
4,24000021;9,79023075
4,24500021;10,72373199
4,25000021;10,25621223
4,25500021;10,72373199
4,26000021;9,79023075
4,26500021;9,79023075
4,27000021;10,72373199
4,27500021;9,79023075
4,28000021;10,25621223
4,28500021;10,72373199
4,29000021;11,65569592
4,29500021;12,12167740
4,30000021;13,05517864
4,30500021;12,58765888
4,31000021;13,05517864
4,31500021;13,05517864
4,32000021;14,45312405
4,32500021;14,91910553
4,33000021;14,91910553
4,33500021;15,38508797
4,34000021;15,38508797
4,34500021;15,85260677
4,35000021;14,91910553
4,35500021;14,91910553
4,36000021;14,91910553
4,36500021;14,45312405
4,37000021;13,98714256
4,37500021;14,45312405
4,38000021;13,52116013
4,38500021;12,58765888
4,39000021;12,12167740
4,39500021;11,65569592
4,40000021;11,18971348
4,40500021;10,25621223
4,41000021;11,18971348
4,41500020;11,18971348
4,42000020;11,18971348
4,42500020;10,25621223
4,43000020;10,72373199
4,43500020;10,25621223
4,44000020;10,72373199
4,44500020;10,72373199
4,45000020;10,72373199
4,45500020;10,72373199
4,46000020;10,25621223
4,46500020;11,18971348
4,47000020;10,25621223
4,47500020;10,25621223
4,48000020;10,25621223
4,48500020;10,25621223
4,49000020;9,32424927
4,49500020;9,79023075
4,50000020;9,32424927
4,50500020;9,32424927
4,51000020;8,85826683
4,51500020;8,39228535
4,52000020;8,39228535
4,52500020;8,39228535
4,53000020;8,39228535
4,53500020;8,85826683
4,54000020;8,39228535
4,54500020;8,85826683
4,55000020;8,85826683
4,55500020;6,52682066
4,56000020;9,32424927
4,56500020;9,32424927
4,57000020;9,32424927
4,57500020;9,32424927
4,58000020;8,39228535
4,58500020;8,85826683
4,59000020;9,79023075
4,59500020;8,39228535
4,60000020;8,39228535
4,60500020;7,45878410
4,61000020;7,45878410
4,61500020;7,92630339
4,62000020;7,45878410
4,62500020;6,99280214
4,63000020;6,06083870
4,63500020;6,52682066
4,64000020;5,59485674
4,64500020;5,59485674
4,65000020;5,12733746
4,65500020;5,12733746
4,66000020;5,12733746
4,66500020;5,12733746
4,67000020;4,66135550
4,67500020;4,66135550
4,68000020;4,19537354
4,68500020;3,26341033
4,69000020;3,26341033
4,69500020;2,79742837
4,70000020;2,32990885
4,70500020;2,32990885
4,71000020;1,39794528
4,71500020;1,86392701
4,72000020;0,93196350
4,72500020;2,32990885
4,73000020;1,39794528
4,73500020;2,32990885
4,74000020;2,32990885
4,74500020;3,26341033
4,75000020;3,26341033
4,75500020;3,72939205
4,76000020;4,19537354
4,76500020;4,19537354
4,77000020;4,19537354
4,77500020;3,26341033
4,78000020;4,19537354
4,78500020;3,26341033
4,79000020;3,72939205
4,79500020;2,79742837
4,80000020;2,79742837
4,80500020;2,32990885
4,81000019;0,93196350
4,81500019;1,86392701
4,82000019;0,46598175
4,82500019;1,39794528
4,83000019;0,46598175
4,83500019;0,93196350
4,84000019;0,46598175
4,84500019;-0,46598175
4,85000019;0,93196350
4,85500019;0,93196350
4,86000019;0,93196350
4,86500019;0,93196350
4,87000019;0,93196350
4,87500019;0,93196350
4,88000019;1,39794528
4,88500019;0,46598175
4,89000019;0,00000000
4,89500019;0,00000000
4,90000019;-0,93196350
4,90500019;-0,93196350
4,91000019;-2,79742837
4,91500019;-1,86392701
4,92000019;-2,32990885
4,92500019;-2,79742837
4,93000019;-4,19537354
4,93500019;-1,86392701
4,94000019;-2,79742837
4,94500019;-2,32990885
4,95000019;-1,86392701
4,95500019;-1,39794528
4,96000019;-0,46598175
4,96500019;-1,39794528
4,97000019;-0,93196350
4,97500019;0,46598175
4,98000019;0,46598175
4,98500019;0,46598175
4,99000019;0,93196350
4,99500019;0,93196350
5,00000019;-0,46598175
5,00500019;0,00000000
5,01000019;-0,93196350
5,01500019;-0,93196350
5,02000019;-1,39794528
5,02500019;-1,86392701
5,03000019;-1,86392701
5,03500019;-2,32990885
5,04000019;-2,32990885
5,04500019;-2,79742837
5,05000019;-2,32990885
5,05500019;-2,79742837
5,06000019;-2,32990885
5,06500019;-2,32990885
5,07000019;-2,32990885
5,07500019;-2,79742837
5,08000019;-1,86392701
5,08500019;-1,39794528
5,09000019;-1,39794528
5,09500019;-1,86392701
5,10000019;-1,86392701
5,10500019;-1,86392701
5,11000019;-2,79742837
5,11500019;-2,32990885
5,12000019;-3,26341033
5,12500019;-2,79742837
5,13000019;-3,26341033
5,13500019;-4,19537354
5,14000019;-3,72939205
5,14500019;-3,72939205
5,15000019;-3,26341033
5,15500019;-3,72939205
5,16000019;-2,79742837
5,16500019;-3,26341033
5,17000019;-2,79742837
5,17500019;-2,79742837
5,18000019;-2,32990885
5,18500019;-2,32990885
5,19000019;-1,39794528
5,19500019;-1,39794528
5,20000019;-1,39794528
5,20500019;-1,86392701
5,21000018;-1,86392701
5,21500018;-2,32990885
5,22000018;-2,79742837
5,22500018;-2,32990885
5,23000018;-3,72939205
5,23500018;-2,79742837
5,24000018;-3,72939205
5,24500018;-3,26341033
5,25000018;-3,72939205
5,25500018;-2,79742837
5,26000018;-3,72939205
5,26500018;-3,26341033
5,27000018;-3,26341033
5,27500018;-3,72939205
5,28000018;-4,66135550
5,28500018;-3,26341033
5,29000018;-4,19537354
5,29500018;-2,79742837
5,30000018;-3,72939205
5,30500018;-1,39794528
5,31000018;-4,66135550
5,31500018;-3,72939205
5,32000018;-4,19537354
5,32500018;-3,72939205
5,33000018;-4,66135550
5,33500018;-4,19537354
5,34000018;-4,66135550
5,34500018;-4,66135550
5,35000018;-5,12733746
5,35500018;-5,59485674
5,36000018;-5,12733746
5,36500018;-6,06083870
5,37000018;-6,52682066
5,37500018;-7,45878410
5,38000018;-7,92630339
5,38500018;-7,92630339
5,39000018;-8,39228535
5,39500018;-9,79023075
5,40000018;-10,72373199
5,40500018;-12,12167740
5,41000018;-12,12167740
5,41500018;-12,58765888
5,42000018;-13,98714256
5,42500018;-14,45312405
5,43000018;-14,45312405
5,43500018;-14,45312405
5,44000018;-15,38508797
5,44500018;-14,91910553
5,45000018;-15,85260677
5,45500018;-16,31858826
5,46000018;-17,25055122
5,46500018;-16,31858826
5,47000018;-14,45312405
5,47500018;-16,78457069
5,48000018;-16,78457069
5,48500018;-16,78457069
5,49000018;-15,85260677
5,49500018;-14,91910553
5,50000018;-14,45312405
5,50500018;-13,05517864
5,51000018;-12,58765888
5,51500018;-11,65569592
5,52000018;-10,72373199
5,52500018;-9,32424927
5,53000018;-9,32424927
5,53500018;-8,85826683
5,54000018;-8,39228535
5,54500018;-8,39228535
5,55000018;-8,39228535
5,55500018;-8,39228535
5,56000018;-7,92630339
5,56500018;-9,32424927
5,57000018;-8,85826683
5,57500018;-6,52682066
5,58000018;-9,79023075
5,58500018;-9,79023075
5,59000018;-9,32424927
5,59500018;-10,25621223
5,60000018;-11,18971348
5,60500017;-10,72373199
5,61000017;-10,25621223
5,61500017;-9,79023075
5,62000017;-9,79023075
5,62500017;-8,85826683
5,63000017;-9,32424927
5,63500017;-8,85826683
5,64000017;-8,85826683
5,64500017;-7,92630339
5,65000017;-7,92630339
5,65500017;-6,99280214
5,66000017;-6,99280214
5,66500017;-6,99280214
5,67000017;-6,99280214
5,67500017;-6,52682066
5,68000017;-8,39228535
5,68500017;-6,06083870
5,69000017;-6,06083870
5,69500017;-5,12733746
5,70000017;-5,59485674
5,70500017;-4,19537354
5,71000017;-2,79742837
5,71500017;-1,86392701
5,72000017;-1,86392701
5,72500017;-0,46598175
5,73000017;0,46598175
5,73500017;1,39794528
5,74000017;1,86392701
5,74500017;2,79742837
5,75000017;2,32990885
5,75500017;3,26341033
5,76000017;3,72939205
5,76500017;3,72939205
5,77000017;3,72939205
5,77500017;4,19537354
5,78000017;4,19537354
5,78500017;4,19537354
5,79000017;3,26341033
5,79500017;3,72939205
5,80000017;4,19537354
5,80500017;4,19537354
5,81000017;4,19537354
5,81500017;6,06083870
5,82000017;4,66135550
5,82500017;5,12733746
5,83000017;6,06083870
5,83500017;6,06083870
5,84000017;6,52682066
5,84500017;6,99280214
5,85000017;6,99280214
5,85500017;7,92630339
5,86000017;8,39228535
5,86500017;7,45878410
5,87000017;7,92630339
5,87500017;7,45878410
5,88000017;6,99280214
5,88500017;6,06083870
5,89000017;6,06083870
5,89500017;6,06083870
5,90000017;5,12733746
5,90500017;6,06083870
5,91000017;5,59485674
5,91500017;5,59485674
5,92000017;5,12733746
5,92500017;6,06083870
5,93000017;6,52682066
5,93500017;7,92630339
5,94000017;7,45878410
5,94500017;8,39228535
5,95000017;9,32424927
5,95500017;9,79023075
5,96000017;12,58765888
5,96500017;11,65569592
5,97000017;10,72373199
5,97500017;12,58765888
5,98000017;11,18971348
5,98500017;11,18971348
5,99000017;10,72373199
5,99500017;10,72373199
6,00000016;9,79023075
6,00500016;9,32424927
6,01000016;8,85826683
6,01500016;9,32424927
6,02000016;7,92630339
6,02500016;7,92630339
6,03000016;7,92630339
6,03500016;8,39228535
6,04000016;7,45878410
6,04500016;7,92630339
6,05000016;7,92630339
6,05500016;7,92630339
6,06000016;7,92630339
6,06500016;7,92630339
6,07000016;7,92630339
6,07500016;7,92630339
6,08000016;7,45878410
6,08500016;7,45878410
6,09000016;6,99280214
6,09500016;5,59485674
6,10000016;6,06083870
6,10500016;5,12733746
6,11000016;4,19537354
6,11500016;4,66135550
6,12000016;4,19537354
6,12500016;4,19537354
6,13000016;3,72939205
6,13500016;3,26341033
6,14000016;2,79742837
6,14500016;2,79742837
6,15000016;2,79742837
6,15500016;3,26341033
6,16000016;3,72939205
6,16500016;3,72939205
6,17000016;3,72939205
6,17500016;4,66135550
6,18000016;3,72939205
6,18500016;4,66135550
6,19000016;4,66135550
6,19500016;4,19537354
6,20000016;4,66135550
6,20500016;5,12733746
6,21000016;4,66135550
6,21500016;4,19537354
6,22000016;4,66135550
6,22500016;4,19537354
6,23000016;4,66135550
6,23500016;3,72939205
6,24000016;4,19537354
6,24500016;5,12733746
6,25000016;3,72939205
6,25500016;4,66135550
6,26000016;4,19537354
6,26500016;3,72939205
6,27000016;3,72939205
6,27500016;3,72939205
6,28000016;2,79742837
6,28500016;2,79742837
6,29000016;0,93196350
6,29500016;1,39794528
6,30000016;1,86392701
6,30500016;0,00000000
6,31000016;-0,93196350
6,31500016;-0,46598175
6,32000016;-0,46598175
6,32500016;-0,46598175
6,33000016;-0,93196350
6,33500016;-1,39794528
6,34000016;-1,86392701
6,34500016;-2,32990885
6,35000016;-1,86392701
6,35500016;-2,32990885
6,36000016;-2,79742837
6,36500016;-2,32990885
6,37000016;-2,32990885
6,37500016;-2,79742837
6,38000016;-1,86392701
6,38500016;-1,86392701
6,39000016;-1,39794528
6,39500015;-1,39794528
6,40000015;-0,93196350
6,40500015;-1,39794528
6,41000015;-1,86392701
6,41500015;-2,32990885
6,42000015;-2,32990885
6,42500015;-2,79742837
6,43000015;-2,32990885
6,43500015;-2,79742837
6,44000015;-3,26341033
6,44500015;-3,72939205
6,45000015;-6,52682066
6,45500015;-4,19537354
6,46000015;-4,19537354
6,46500015;-5,12733746
6,47000015;-4,19537354
6,47500015;-4,19537354
6,48000015;-4,19537354
6,48500015;-4,19537354
6,49000015;-4,19537354
6,49500015;-4,19537354
6,50000015;-4,66135550
6,50500015;-4,66135550
6,51000015;-5,12733746
6,51500015;-4,19537354
6,52000015;-4,66135550
6,52500015;-5,12733746
6,53000015;-6,06083870
6,53500015;-6,06083870
6,54000015;-6,52682066
6,54500015;-6,99280214
6,55000015;-7,45878410
6,55500015;-7,45878410
6,56000015;-8,85826683
6,56500015;-8,85826683
6,57000015;-8,85826683
6,57500015;-9,79023075
6,58000015;-9,79023075
6,58500015;-9,79023075
6,59000015;-10,25621223
6,59500015;-10,25621223
6,60000015;-10,25621223
6,60500015;-10,25621223
6,61000015;-10,72373199
6,61500015;-10,72373199
6,62000015;-10,72373199
6,62500015;-11,18971348
6,63000015;-10,72373199
6,63500015;-10,72373199
6,64000015;-11,18971348
6,64500015;-12,12167740
6,65000015;-12,12167740
6,65500015;-12,58765888
6,66000015;-13,05517864
6,66500015;-13,05517864
6,67000015;-13,52116013
6,67500015;-13,98714256
6,68000015;-14,45312405
6,68500015;-13,98714256
6,69000015;-13,98714256
6,69500015;-13,98714256
6,70000015;-14,45312405
6,70500015;-13,52116013
6,71000015;-13,52116013
6,71500015;-12,58765888
6,72000015;-12,12167740
6,72500015;-12,12167740
6,73000015;-11,18971348
6,73500015;-10,72373199
6,74000015;-10,72373199
6,74500015;-10,25621223
6,75000015;-9,79023075
6,75500015;-8,85826683
6,76000015;-7,45878410
6,76500015;-7,92630339
6,77000015;-7,92630339
6,77500015;-8,39228535
6,78000015;-7,45878410
6,78500015;-7,45878410
6,79000014;-7,45878410
6,79500014;-7,45878410
6,80000014;-7,45878410
6,80500014;-7,45878410
6,81000014;-8,39228535
6,81500014;-7,92630339
6,82000014;-8,39228535
6,82500014;-9,32424927
6,83000014;-8,39228535
6,83500014;-8,39228535
6,84000014;-7,92630339
6,84500014;-8,39228535
6,85000014;-8,39228535
6,85500014;-7,45878410
6,86000014;-6,99280214
6,86500014;-7,45878410
6,87000014;-6,06083870
6,87500014;-6,06083870
6,88000014;-6,06083870
6,88500014;-6,52682066
6,89000014;-5,12733746
6,89500014;-5,59485674
6,90000014;-5,12733746
6,90500014;-5,12733746
6,91000014;-4,19537354
6,91500014;-4,66135550
6,92000014;-3,26341033
6,92500014;-3,26341033
6,93000014;-3,26341033
6,93500014;-2,79742837
6,94000014;-2,32990885
6,94500014;-1,39794528
6,95000014;-0,46598175
6,95500014;0,00000000
6,96000014;0,93196350
6,96500014;2,79742837
6,97000014;2,79742837
6,97500014;2,79742837
6,98000014;5,12733746
6,98500014;5,59485674
6,99000014;4,66135550
6,99500014;6,06083870
7,00000014;7,92630339
7,00500014;7,92630339
7,01000014;8,85826683
7,01500014;9,32424927
7,02000014;9,79023075
7,02500014;9,32424927
7,03000014;8,85826683
7,03500014;9,32424927
7,04000014;9,79023075
7,04500014;9,32424927
7,05000014;9,32424927
7,05500014;9,32424927
7,06000014;9,79023075
7,06500014;9,79023075
7,07000014;9,79023075
7,07500014;9,79023075
7,08000014;10,25621223
7,08500014;10,72373199
7,09000014;10,72373199
7,09500014;11,18971348
7,10000014;11,18971348
7,10500014;11,18971348
7,11000014;10,72373199
7,11500014;11,18971348
7,12000014;11,18971348
7,12500014;11,65569592
7,13000014;11,18971348
7,13500014;11,18971348
7,14000014;10,25621223
7,14500014;10,72373199
7,15000014;9,79023075
7,15500014;10,72373199
7,16000014;10,25621223
7,16500014;10,72373199
7,17000014;11,18971348
7,17500014;11,18971348
7,18000014;12,12167740
7,18500013;13,52116013
7,19000013;13,98714256
7,19500013;14,91910553
7,20000013;17,71653366
7,20500013;15,38508797
7,21000013;15,38508797
7,21500013;15,85260677
7,22000013;15,85260677
7,22500013;15,38508797
7,23000013;15,85260677
7,23500013;14,91910553
7,24000013;16,31858826
7,24500013;14,91910553
7,25000013;14,45312405
7,25500013;13,52116013
7,26000013;13,05517864
7,26500013;12,58765888
7,27000013;13,05517864
7,27500013;12,12167740
7,28000013;12,12167740
7,28500013;11,65569592
7,29000013;11,65569592
7,29500013;11,18971348
7,30000013;11,65569592
7,30500013;11,18971348
7,31000013;11,18971348
7,31500013;11,18971348
7,32000013;11,65569592
7,32500013;10,72373199
7,33000013;10,72373199
7,33500013;10,25621223
7,34000013;9,79023075
7,34500013;9,79023075
7,35000013;8,85826683
7,35500013;9,32424927
7,36000013;7,92630339
7,36500013;8,39228535
7,37000013;7,92630339
7,37500013;7,92630339
7,38000013;7,92630339
7,38500013;7,45878410
7,39000013;6,99280214
7,39500013;6,99280214
7,40000013;6,52682066
7,40500013;6,99280214
7,41000013;6,99280214
7,41500013;7,45878410
7,42000013;6,99280214
7,42500013;7,92630339
7,43000013;7,45878410
7,43500013;8,39228535
7,44000013;8,39228535
7,44500013;8,85826683
7,45000013;8,85826683
7,45500013;8,85826683
7,46000013;9,32424927
7,46500013;10,25621223
7,47000013;9,79023075
7,47500013;9,79023075
7,48000013;8,85826683
7,48500013;9,32424927
7,49000013;8,39228535
7,49500013;7,92630339
7,50000013;7,45878410
7,50500013;6,52682066
7,51000013;6,52682066
7,51500013;5,12733746
7,52000013;4,66135550
7,52500013;3,72939205
7,53000013;2,32990885
7,53500013;2,32990885
7,54000013;2,79742837
7,54500013;1,86392701
7,55000013;2,32990885
7,55500013;2,32990885
7,56000013;2,32990885
7,56500013;2,79742837
7,57000013;2,79742837
7,57500013;2,79742837
7,58000013;3,72939205
7,58500012;3,72939205
7,59000012;3,72939205
7,59500012;4,19537354
7,60000012;3,72939205
7,60500012;4,66135550
7,61000012;3,72939205
7,61500012;3,26341033
7,62000012;3,26341033
7,62500012;3,26341033
7,63000012;2,79742837
7,63500012;2,79742837
7,64000012;2,79742837
7,64500012;2,79742837
7,65000012;1,86392701
7,65500012;3,72939205
7,66000012;3,26341033
7,66500012;3,26341033
7,67000012;3,26341033
7,67500012;3,72939205
7,68000012;3,72939205
7,68500012;3,72939205
7,69000012;2,32990885
7,69500012;2,79742837
7,70000012;1,39794528
7,70500012;1,39794528
7,71000012;0,46598175
7,71500012;0,00000000
7,72000012;0,00000000
7,72500012;-1,86392701
7,73000012;-1,39794528
7,73500012;-1,39794528
7,74000012;-1,39794528
7,74500012;-0,93196350
7,75000012;-0,93196350
7,75500012;-0,46598175
7,76000012;0,00000000
7,76500012;0,46598175
7,77000012;0,93196350
7,77500012;0,93196350
7,78000012;1,39794528
7,78500012;1,86392701
7,79000012;1,86392701
7,79500012;1,86392701
7,80000012;0,93196350
7,80500012;0,46598175
7,81000012;0,00000000
7,81500012;0,00000000
7,82000012;-0,46598175
7,82500012;-1,39794528
7,83000012;-1,86392701
7,83500012;-2,79742837
7,84000012;-2,79742837
7,84500012;-2,32990885
7,85000012;-3,26341033
7,85500012;-2,32990885
7,86000012;-2,32990885
7,86500012;-1,86392701
7,87000012;-1,86392701
7,87500012;-0,93196350
7,88000012;-0,46598175
7,88500012;-0,93196350
7,89000012;0,00000000
7,89500012;0,00000000
7,90000012;-0,46598175
7,90500012;-0,93196350
7,91000012;-0,93196350
7,91500012;-1,39794528
7,92000012;-1,39794528
7,92500012;-1,86392701
7,93000012;-2,79742837
7,93500012;-2,79742837
7,94000012;-2,79742837
7,94500012;-1,86392701
7,95000012;-4,66135550
7,95500012;-2,79742837
7,96000012;-1,86392701
7,96500012;-2,79742837
7,97000012;-1,39794528
7,97500012;-2,32990885
7,98000011;-1,86392701
7,98500011;-2,79742837
7,99000011;-2,32990885
7,99500011;-2,79742837
8,00000011;-2,79742837
8,00500011;-2,79742837
8,01000011;-2,32990885
8,01500011;-3,26341033
8,02000011;-3,26341033
8,02500011;-3,26341033
8,03000011;-3,26341033
8,03500011;-3,72939205
8,04000011;-3,72939205
8,04500011;-4,19537354
8,05000011;-3,26341033
8,05500011;-4,19537354
8,06000011;-3,26341033
8,06500011;-3,72939205
8,07000011;-2,32990885
8,07500011;-2,79742837
8,08000011;-2,32990885
8,08500011;-2,32990885
8,09000011;-1,86392701
8,09500011;-1,86392701
8,10000011;-1,39794528
8,10500011;-1,86392701
8,11000011;-1,86392701
8,11500011;-3,26341033
8,12000011;-2,79742837
8,12500011;-2,79742837
8,13000011;-3,26341033
8,13500011;-2,79742837
8,14000011;-3,26341033
8,14500011;-3,26341033
8,15000011;-4,66135550
8,15500011;-4,19537354
8,16000011;-4,66135550
8,16500011;-4,19537354
8,17000011;-5,12733746
8,17500011;-4,66135550
8,18000011;-4,66135550
8,18500011;-5,12733746
8,19000011;-4,66135550
8,19500011;-4,19537354
8,20000011;-5,12733746
8,20500011;-5,12733746
8,21000011;-5,59485674
8,21500011;-6,06083870
8,22000011;-5,59485674
8,22500011;-6,06083870
8,23000011;-6,52682066
8,23500011;-6,52682066
8,24000011;-6,52682066
8,24500011;-6,99280214
8,25000011;-7,45878410
8,25500011;-6,52682066
8,26000011;-7,92630339
8,26500011;-8,39228535
8,27000011;-9,32424927
8,27500011;-10,25621223
8,28000011;-9,32424927
8,28500011;-9,32424927
8,29000011;-10,72373199
8,29500011;-11,18971348
8,30000011;-12,12167740
8,30500011;-12,58765888
8,31000011;-13,05517864
8,31500011;-13,52116013
8,32000011;-14,91910553
8,32500011;-12,12167740
8,33000011;-16,31858826
8,33500011;-15,38508797
8,34000011;-15,85260677
8,34500011;-16,78457069
8,35000011;-16,78457069
8,35500011;-16,78457069
8,36000011;-16,31858826
8,36500011;-15,85260677
8,37000011;-16,31858826
8,37500010;-15,38508797
8,38000010;-14,91910553
8,38500010;-14,45312405
8,39000010;-13,52116013
8,39500010;-12,12167740
8,40000010;-11,65569592
8,40500010;-10,72373199
8,41000010;-10,25621223
8,41500010;-9,32424927
8,42000010;-9,32424927
8,42500010;-9,32424927
8,43000010;-9,32424927
8,43500010;-8,85826683
8,44000010;-8,85826683
8,44500010;-9,79023075
8,45000010;-10,25621223
8,45500010;-9,32424927
8,46000010;-10,72373199
8,46500010;-11,18971348
8,47000010;-11,65569592
8,47500010;-11,65569592
8,48000010;-11,65569592
8,48500010;-11,18971348
8,49000010;-11,18971348
8,49500010;-10,72373199
8,50000010;-9,79023075
8,50500010;-9,79023075
8,51000010;-9,32424927
8,51500010;-10,25621223
8,52000010;-8,39228535
8,52500010;-8,39228535
8,53000010;-8,39228535
8,53500010;-7,92630339
8,54000010;-7,92630339
8,54500010;-7,45878410
8,55000010;-7,45878410
8,55500010;-7,45878410
8,56000010;-7,45878410
8,56500010;-7,45878410
8,57000010;-6,99280214
8,57500010;-6,99280214
8,58000010;-6,52682066
8,58500010;-5,59485674
8,59000010;-4,66135550
8,59500010;-4,19537354
8,60000010;-2,79742837
8,60500010;-2,32990885
8,61000010;-1,86392701
8,61500010;-0,46598175
8,62000010;0,46598175
8,62500010;1,39794528
8,63000010;2,32990885
8,63500010;2,32990885
8,64000010;2,32990885
8,64500010;3,26341033
8,65000010;3,26341033
8,65500010;3,26341033
8,66000010;3,26341033
8,66500010;3,72939205
8,67000010;3,26341033
8,67500010;3,26341033
8,68000010;3,26341033
8,68500010;2,79742837
8,69000010;3,26341033
8,69500010;2,79742837
8,70000010;2,32990885
8,70500010;4,19537354
8,71000010;5,12733746
8,71500010;5,12733746
8,72000010;6,99280214
8,72500010;6,52682066
8,73000010;6,52682066
8,73500010;6,52682066
8,74000010;7,92630339
8,74500010;8,39228535
8,75000010;7,92630339
8,75500010;7,45878410
8,76000010;7,45878410
8,76500010;6,52682066
8,77000009;6,99280214
8,77500009;6,52682066
8,78000009;6,52682066
8,78500009;5,59485674
8,79000009;5,59485674
8,79500009;5,59485674
8,80000009;6,06083870
8,80500009;6,06083870
8,81000009;6,52682066
8,81500009;7,45878410
8,82000009;7,92630339
8,82500009;8,85826683
8,83000009;9,32424927
8,83500009;10,72373199
8,84000009;10,25621223
8,84500009;11,18971348
8,85000009;11,18971348
8,85500009;12,12167740
8,86000009;11,65569592
8,86500009;12,12167740
8,87000009;11,18971348
8,87500009;11,65569592
8,88000009;10,25621223
8,88500009;9,79023075
8,89000009;9,32424927
8,89500009;8,85826683
8,90000009;8,39228535
8,90500009;7,92630339
8,91000009;7,92630339
8,91500009;8,39228535
8,92000009;7,45878410
8,92500009;6,99280214
8,93000009;7,45878410
8,93500009;6,99280214
8,94000009;6,99280214
8,94500009;6,99280214
8,95000009;6,06083870
8,95500009;6,99280214
8,96000009;6,99280214
8,96500009;6,06083870
8,97000009;6,06083870
8,97500009;6,06083870
8,98000009;4,19537354
8,98500009;5,12733746
8,99000009;4,19537354
8,99500009;3,72939205
9,00000009;3,26341033
9,00500009;2,79742837
9,01000009;3,26341033
9,01500009;2,79742837
9,02000009;2,79742837
9,02500009;2,32990885
9,03000009;2,79742837
9,03500009;3,26341033
9,04000009;2,79742837
9,04500009;3,26341033
9,05000009;3,72939205
9,05500009;4,19537354
9,06000009;3,72939205
9,06500009;4,66135550
9,07000009;5,12733746
9,07500009;3,26341033
9,08000009;5,59485674
9,08500009;5,59485674
9,09000009;5,59485674
9,09500009;6,06083870
9,10000009;5,59485674
9,10500009;5,59485674
9,11000009;5,12733746
9,11500009;5,12733746
9,12000009;5,59485674
9,12500009;5,12733746
9,13000009;5,59485674
9,13500009;5,12733746
9,14000009;3,72939205
9,14500009;3,26341033
9,15000009;2,79742837
9,15500009;2,79742837
9,16000009;3,26341033
9,16500008;1,86392701
9,17000008;1,86392701
9,17500008;0,93196350
9,18000008;0,93196350
9,18500008;0,46598175
9,19000008;0,00000000
9,19500008;0,46598175
9,20000008;-0,93196350
9,20500008;0,00000000
9,21000008;-1,39794528
9,21500008;-0,46598175
9,22000008;-1,86392701
9,22500008;-0,93196350
9,23000008;-0,93196350
9,23500008;-1,39794528
9,24000008;-1,39794528
9,24500008;-0,46598175
9,25000008;-0,93196350
9,25500008;-0,93196350
9,26000008;-1,39794528
9,26500008;-0,46598175
9,27000008;-1,39794528
9,27500008;-1,86392701
9,28000008;-1,86392701
9,28500008;-1,86392701
9,29000008;-1,86392701
9,29500008;-2,32990885
9,30000008;-2,32990885
9,30500008;-3,26341033
9,31000008;-2,79742837
9,31500008;-2,79742837
9,32000008;-3,72939205
9,32500008;-3,72939205
9,33000008;-3,72939205
9,33500008;-3,26341033
9,34000008;-4,19537354
9,34500008;-4,19537354
9,35000008;-4,66135550
9,35500008;-4,66135550
9,36000008;-4,19537354
9,36500008;-5,12733746
9,37000008;-4,19537354
9,37500008;-4,66135550
9,38000008;-4,66135550
9,38500008;-5,59485674
9,39000008;-5,59485674
9,39500008;-5,12733746
9,40000008;-6,99280214
9,40500008;-6,06083870
9,41000008;-6,99280214
9,41500008;-6,52682066
9,42000008;-7,45878410
9,42500008;-7,45878410
9,43000008;-7,92630339
9,43500008;-7,92630339
9,44000008;-8,85826683
9,44500008;-9,32424927
9,45000008;-9,79023075
9,45500008;-8,85826683
9,46000008;-9,79023075
9,46500008;-9,79023075
9,47000008;-10,25621223
9,47500008;-10,25621223
9,48000008;-10,25621223
9,48500008;-10,72373199
9,49000008;-9,79023075
9,49500008;-10,25621223
9,50000008;-11,18971348
9,50500008;-9,32424927
9,51000008;-10,25621223
9,51500008;-10,25621223
9,52000008;-10,72373199
9,52500008;-10,72373199
9,53000008;-10,25621223
9,53500008;-11,18971348
9,54000008;-12,12167740
9,54500008;-11,65569592
9,55000008;-12,58765888
9,55500008;-11,65569592
9,56000007;-11,65569592
9,56500007;-12,12167740
9,57000007;-11,18971348
9,57500007;-12,12167740
9,58000007;-11,65569592
9,58500007;-11,65569592
9,59000007;-11,65569592
9,59500007;-11,18971348
9,60000007;-10,72373199
9,60500007;-10,72373199
9,61000007;-10,72373199
9,61500007;-9,79023075
9,62000007;-9,79023075
9,62500007;-9,32424927
9,63000007;-9,32424927
9,63500007;-9,32424927
9,64000007;-8,85826683
9,64500007;-9,79023075
9,65000007;-8,39228535
9,65500007;-8,39228535
9,66000007;-8,85826683
9,66500007;-8,39228535
9,67000007;-7,92630339
9,67500007;-8,39228535
9,68000007;-8,39228535
9,68500007;-8,39228535
9,69000007;-8,39228535
9,69500007;-9,32424927
9,70000007;-9,32424927
9,70500007;-8,85826683
9,71000007;-8,85826683
9,71500007;-9,79023075
9,72000007;-8,39228535
9,72500007;-8,39228535
9,73000007;-9,32424927
9,73500007;-8,39228535
9,74000007;-7,45878410
9,74500007;-7,92630339
9,75000007;-6,99280214
9,75500007;-8,39228535
9,76000007;-6,52682066
9,76500007;-6,52682066
9,77000007;-7,45878410
9,77500007;-5,12733746
9,78000007;-6,06083870
9,78500007;-5,12733746
9,79000007;-5,59485674
9,79500007;-4,66135550
9,80000007;-4,66135550
9,80500007;-4,19537354
9,81000007;-3,72939205
9,81500007;-3,26341033
9,82000007;-2,79742837
9,82500007;-5,12733746
9,83000007;-0,93196350
9,83500007;-0,46598175
9,84000007;0,00000000
9,84500007;0,93196350
9,85000007;2,32990885
9,85500007;2,32990885
9,86000007;3,72939205
9,86500007;4,66135550
9,87000007;5,12733746
9,87500007;6,52682066
9,88000007;5,59485674
9,88500007;7,92630339
9,89000007;7,45878410
9,89500007;8,39228535
9,90000007;8,39228535
9,90500007;8,85826683
9,91000007;9,32424927
9,91500007;9,79023075
9,92000007;10,25621223
9,92500007;9,32424927
9,93000007;9,32424927
9,93500007;9,79023075
9,94000007;9,79023075
9,94500007;9,32424927
9,95000007;9,32424927
9,95500007;9,79023075
9,96000006;9,32424927
9,96500006;9,79023075
9,97000006;9,79023075
9,97500006;9,79023075
9,98000006;9,79023075
9,98500006;9,79023075
9,99000006;10,25621223
9,99500006;9,79023075
10,00000006;10,25621223
10,00500006;10,25621223
10,01000006;9,79023075
10,01500006;10,25621223
10,02000006;10,25621223
10,02500006;10,25621223
10,03000006;10,72373199
10,03500006;10,25621223
10,04000006;11,65569592
10,04500006;10,72373199
10,05000006;10,72373199
10,05500006;11,65569592
10,06000006;12,58765888
10,06500006;13,05517864
10,07000006;13,05517864
10,07500006;13,98714256
10,08000006;13,52116013
10,08500006;14,91910553
10,09000006;14,45312405
10,09500006;15,38508797
10,10000006;15,38508797
10,10500006;13,98714256
10,11000006;14,91910553
10,11500006;13,98714256
10,12000006;13,98714256
10,12500006;14,45312405
10,13000006;12,12167740
10,13500006;13,98714256
10,14000006;13,05517864
10,14500006;13,52116013
10,15000006;12,12167740
10,15500006;12,12167740
10,16000006;11,18971348
10,16500006;11,65569592
10,17000006;11,65569592
10,17500006;10,72373199
10,18000006;10,72373199
10,18500006;10,25621223
10,19000006;10,72373199
10,19500006;10,25621223
10,20000006;8,85826683
10,20500006;10,25621223
10,21000006;10,25621223
10,21500006;9,79023075
10,22000006;9,79023075
10,22500006;9,79023075
10,23000006;9,32424927
10,23500006;9,79023075
10,24000006;9,79023075
10,24500006;9,32424927
10,25000006;9,79023075
10,25500006;9,32424927
10,26000006;9,79023075
10,26500006;8,85826683
10,27000006;9,32424927
10,27500006;9,32424927
10,28000006;8,39228535
10,28500006;9,79023075
10,29000006;9,32424927
10,29500006;8,85826683
10,30000006;9,32424927
10,30500006;9,79023075
10,31000006;9,79023075
10,31500006;8,39228535
10,32000006;9,32424927
10,32500006;10,25621223
10,33000006;10,25621223
10,33500006;10,72373199
10,34000006;10,25621223
10,34500006;10,25621223
10,35000006;9,32424927
10,35500005;9,79023075
10,36000005;9,32424927
10,36500005;9,79023075
10,37000005;8,39228535
10,37500005;8,39228535
10,38000005;7,45878410
10,38500005;7,92630339
10,39000005;6,99280214
10,39500005;6,99280214
10,40000005;6,99280214
10,40500005;5,59485674
10,41000005;5,59485674
10,41500005;5,12733746
10,42000005;4,66135550
10,42500005;4,66135550
10,43000005;4,66135550
10,43500005;4,66135550
10,44000005;4,19537354
10,44500005;3,72939205
10,45000005;3,72939205
10,45500005;3,72939205
10,46000005;2,79742837
10,46500005;2,79742837
10,47000005;3,26341033
10,47500005;2,32990885
10,48000005;1,39794528
10,48500005;0,93196350
10,49000005;0,46598175
10,49500005;0,93196350
10,50000005;0,93196350
10,50500005;1,39794528
10,51000005;1,39794528
10,51500005;1,86392701
10,52000005;2,32990885
10,52500005;1,86392701
10,53000005;2,32990885
10,53500005;2,79742837
10,54000005;2,32990885
10,54500005;3,72939205
10,55000005;3,26341033
10,55500005;3,26341033
10,56000005;2,79742837
10,56500005;3,26341033
10,57000005;2,79742837
10,57500005;3,72939205
10,58000005;1,86392701
10,58500005;2,32990885
10,59000005;1,86392701
10,59500005;4,66135550
10,60000005;0,46598175
10,60500005;0,46598175
10,61000005;0,93196350
10,61500005;0,93196350
10,62000005;0,46598175
10,62500005;0,93196350
10,63000005;0,00000000
10,63500005;0,93196350
10,64000005;0,46598175
10,64500005;0,93196350
10,65000005;0,00000000
10,65500005;0,00000000
10,66000005;-0,93196350
10,66500005;-0,46598175
10,67000005;-1,39794528
10,67500005;0,00000000
10,68000005;-1,39794528
10,68500005;-0,46598175
10,69000005;-1,39794528
10,69500005;-0,46598175
10,70000005;-0,93196350
10,70500005;0,00000000
10,71000005;-0,46598175
10,71500005;1,39794528
10,72000005;0,93196350
10,72500005;0,00000000
10,73000005;1,39794528
10,73500005;0,00000000
10,74000005;0,93196350
10,74500005;0,93196350
10,75000004;0,46598175
10,75500004;-0,46598175
10,76000004;0,00000000
10,76500004;-1,39794528
10,77000004;-0,93196350
10,77500004;-1,39794528
10,78000004;-2,32990885
10,78500004;-2,79742837
10,79000004;-2,79742837
10,79500004;-2,79742837
10,80000004;-2,79742837
10,80500004;-3,26341033
10,81000004;-2,32990885
10,81500004;-3,26341033
10,82000004;-1,86392701
10,82500004;-2,79742837
10,83000004;-2,79742837
10,83500004;-2,32990885
10,84000004;-3,26341033
10,84500004;-2,79742837
10,85000004;-3,26341033
10,85500004;-3,26341033
10,86000004;-4,19537354
10,86500004;-3,72939205
10,87000004;-4,19537354
10,87500004;-4,19537354
10,88000004;-4,66135550
10,88500004;-3,26341033
10,89000004;-3,72939205
10,89500004;-4,19537354
10,90000004;-3,72939205
10,90500004;-3,72939205
10,91000004;-3,72939205
10,91500004;-3,26341033
10,92000004;-3,26341033
10,92500004;-2,79742837
10,93000004;-2,32990885
10,93500004;-2,79742837
10,94000004;-3,26341033
10,94500004;-2,79742837
10,95000004;-3,72939205
10,95500004;-3,26341033
10,96000004;-3,72939205
10,96500004;-4,19537354
10,97000004;-6,52682066
10,97500004;-3,72939205
10,98000004;-3,72939205
10,98500004;-3,72939205
10,99000004;-3,72939205
10,99500004;-3,72939205
11,00000004;-3,26341033
11,00500004;-3,26341033
11,01000004;-3,26341033
11,01500004;-3,72939205
11,02000004;-3,26341033
11,02500004;-3,72939205
11,03000004;-3,72939205
11,03500004;-4,19537354
11,04000004;-4,19537354
11,04500004;-4,66135550
11,05000004;-5,12733746
11,05500004;-5,59485674
11,06000004;-5,12733746
11,06500004;-4,66135550
11,07000004;-6,06083870
11,07500004;-5,12733746
11,08000004;-4,66135550
11,08500004;-5,59485674
11,09000004;-5,12733746
11,09500004;-5,59485674
11,10000004;-5,59485674
11,10500004;-5,12733746
11,11000004;-5,59485674
11,11500004;-5,12733746
11,12000004;-6,06083870
11,12500004;-6,06083870
11,13000004;-6,52682066
11,13500004;-6,52682066
11,14000004;-8,39228535
11,14500003;-9,32424927
11,15000003;-10,25621223
11,15500003;-11,18971348
11,16000003;-11,18971348
11,16500003;-12,58765888
11,17000003;-13,52116013
11,17500003;-13,52116013
11,18000003;-13,98714256
11,18500003;-14,91910553
11,19000003;-15,85260677
11,19500003;-15,85260677
11,20000003;-16,78457069
11,20500003;-16,31858826
11,21000003;-16,31858826
11,21500003;-17,25055122
11,22000003;-16,78457069
11,22500003;-17,71653366
11,23000003;-17,25055122
11,23500003;-17,25055122
11,24000003;-14,45312405
11,24500003;-16,31858826
11,25000003;-15,38508797
11,25500003;-14,45312405
11,26000003;-14,45312405
11,26500003;-13,52116013
11,27000003;-12,58765888
11,27500003;-12,12167740
11,28000003;-11,65569592
11,28500003;-10,25621223
11,29000003;-10,72373199
11,29500003;-9,79023075
11,30000003;-9,79023075
11,30500003;-8,85826683
11,31000003;-9,79023075
11,31500003;-10,72373199
11,32000003;-10,72373199
11,32500003;-10,25621223
11,33000003;-9,32424927
11,33500003;-10,25621223
11,34000003;-11,18971348
11,34500003;-13,98714256
11,35000003;-12,58765888
11,35500003;-12,12167740
11,36000003;-12,12167740
11,36500003;-12,12167740
11,37000003;-11,18971348
11,37500003;-11,18971348
11,38000003;-10,72373199
11,38500003;-10,72373199
11,39000003;-9,32424927
11,39500003;-9,32424927
11,40000003;-8,39228535
11,40500003;-8,39228535
11,41000003;-8,39228535
11,41500003;-7,92630339
11,42000003;-7,92630339
11,42500003;-7,45878410
11,43000003;-7,45878410
11,43500003;-7,45878410
11,44000003;-6,52682066
11,44500003;-6,06083870
11,45000003;-6,06083870
11,45500003;-5,59485674
11,46000003;-4,66135550
11,46500003;-3,72939205
11,47000003;-2,79742837
11,47500003;-2,32990885
11,48000003;-1,86392701
11,48500003;-1,39794528
11,49000003;0,00000000
11,49500003;0,46598175
11,50000003;1,39794528
11,50500003;2,32990885
11,51000003;2,79742837
11,51500003;2,79742837
11,52000003;2,79742837
11,52500003;3,72939205
11,53000003;4,19537354
11,53500003;3,72939205
11,54000002;3,26341033
11,54500002;2,79742837
11,55000002;3,26341033
11,55500002;3,72939205
11,56000002;3,26341033
11,56500002;4,19537354
11,57000002;3,72939205
11,57500002;6,99280214
11,58000002;5,12733746
11,58500002;5,59485674
11,59000002;6,06083870
11,59500002;7,45878410
11,60000002;7,45878410
11,60500002;6,99280214
11,61000002;7,92630339
11,61500002;7,92630339
11,62000002;8,85826683
11,62500002;7,92630339
11,63000002;7,92630339
11,63500002;7,45878410
11,64000002;7,45878410
11,64500002;6,99280214
11,65000002;6,52682066
11,65500002;6,99280214
11,66000002;6,06083870
11,66500002;6,52682066
11,67000002;6,52682066
11,67500002;7,45878410
11,68000002;7,45878410
11,68500002;7,45878410
11,69000002;7,92630339
11,69500002;8,85826683
11,70000002;9,79023075
11,70500002;9,79023075
11,71000002;10,72373199
11,71500002;10,72373199
11,72000002;11,18971348
11,72500002;11,65569592
11,73000002;13,05517864
11,73500002;12,12167740
11,74000002;11,65569592
11,74500002;12,58765888
11,75000002;11,18971348
11,75500002;10,25621223
11,76000002;9,79023075
11,76500002;10,25621223
11,77000002;9,32424927
11,77500002;9,32424927
11,78000002;8,39228535
11,78500002;8,85826683
11,79000002;8,39228535
11,79500002;8,39228535
11,80000002;8,85826683
11,80500002;7,92630339
11,81000002;7,45878410
11,81500002;7,92630339
11,82000002;7,45878410
11,82500002;7,45878410
11,83000002;7,45878410
11,83500002;6,99280214
11,84000002;6,99280214
11,84500002;7,45878410
11,85000002;6,52682066
11,85500002;6,52682066
11,86000002;6,06083870
11,86500002;6,06083870
11,87000002;5,12733746
11,87500002;5,12733746
11,88000002;4,19537354
11,88500002;5,12733746
11,89000002;4,19537354
11,89500002;4,66135550
11,90000002;3,72939205
11,90500002;3,72939205
11,91000002;3,72939205
11,91500002;3,26341033
11,92000002;3,72939205
11,92500002;3,26341033
11,93000002;2,79742837
11,93500002;4,19537354
11,94000001;4,19537354
11,94500001;4,66135550
11,95000001;4,19537354
11,95500001;4,66135550
11,96000001;4,66135550
11,96500001;5,59485674
11,97000001;5,12733746
11,97500001;5,12733746
11,98000001;5,12733746
11,98500001;5,59485674
11,99000001;4,66135550
11,99500001;4,66135550
12,00000001;4,66135550
12,00500001;4,19537354
12,01000001;3,72939205
12,01500001;3,26341033
12,02000001;3,26341033
12,02500001;3,26341033
12,03000001;2,79742837
12,03500001;2,32990885
12,04000001;1,86392701
12,04500001;1,86392701
12,05000001;0,93196350
12,05500001;1,39794528
12,06000001;0,46598175
12,06500001;0,46598175
12,07000001;0,46598175
12,07500001;0,00000000
12,08000001;-0,93196350
12,08500001;-0,93196350
12,09000001;-1,86392701
12,09500001;-1,39794528
12,10000001;-1,86392701
12,10500001;-1,39794528
12,11000001;-2,32990885
12,11500001;-1,39794528
12,12000001;-1,39794528
12,12500001;-1,39794528
12,13000001;-1,86392701
12,13500001;-1,39794528
12,14000001;-1,86392701
12,14500001;-0,46598175
12,15000001;-1,39794528
12,15500001;-0,93196350
12,16000001;-0,93196350
12,16500001;-0,93196350
12,17000001;-0,46598175
12,17500001;-0,93196350
12,18000001;0,00000000
12,18500001;-0,93196350
12,19000001;-0,93196350
12,19500001;-0,93196350
12,20000001;-1,86392701
12,20500001;-1,39794528
12,21000001;-2,32990885
12,21500001;-2,32990885
12,22000001;-3,26341033
12,22500001;-3,26341033
12,23000001;-3,72939205
12,23500001;-3,72939205
12,24000001;-4,19537354
12,24500001;-4,19537354
12,25000001;-4,19537354
12,25500001;-4,66135550
12,26000001;-5,12733746
12,26500001;-5,12733746
12,27000001;-5,12733746
12,27500001;-5,59485674
12,28000001;-6,52682066
12,28500001;-6,52682066
12,29000001;-7,45878410
12,29500001;-6,99280214
12,30000001;-6,99280214
12,30500001;-6,99280214
12,31000001;-7,92630339
12,31500001;-8,39228535
12,32000001;-8,39228535
12,32500001;-7,92630339
12,33000001;-8,85826683
12,33500000;-9,32424927
12,34000000;-9,79023075
12,34500000;-9,32424927
12,35000000;-11,18971348
12,35500000;-9,79023075
12,36000000;-11,65569592
12,36500000;-10,25621223
12,37000000;-12,12167740
12,37500000;-12,58765888
12,38000000;-11,65569592
12,38500000;-11,65569592
12,39000000;-11,65569592
12,39500000;-12,58765888
12,40000000;-12,12167740
12,40500000;-12,58765888
12,41000000;-12,12167740
12,41500000;-12,58765888
12,42000000;-13,05517864
12,42500000;-13,52116013
12,43000000;-14,45312405
12,43500000;-13,52116013
12,44000000;-13,52116013
12,44500000;-13,52116013
12,45000000;-13,98714256
12,45500000;-13,98714256
12,46000000;-13,52116013
12,46500000;-13,98714256
12,47000000;-11,65569592
12,47500000;-12,58765888
12,48000000;-11,65569592
12,48500000;-11,65569592
12,49000000;-11,18971348
12,49500000;-10,72373199
12,50000000;-9,32424927
12,50500000;-8,85826683
12,51000000;-8,39228535
12,51500000;-7,92630339
12,52000000;-6,99280214
12,52500000;-7,45878410
12,53000000;-6,06083870
12,53500000;-6,99280214
12,54000000;-6,52682066
12,54500000;-7,45878410
12,55000000;-6,52682066
12,55500000;-6,52682066
12,56000000;-7,92630339
12,56500000;-7,45878410
12,57000000;-8,39228535
12,57500000;-7,45878410
12,58000000;-7,92630339
12,58500000;-7,92630339
12,59000000;-8,39228535
12,59500000;-8,39228535
12,60000000;-8,39228535
12,60500000;-8,39228535
12,61000000;-7,45878410
12,61500000;-7,92630339
12,62000000;-7,45878410
12,62500000;-6,52682066
12,63000000;-6,52682066
12,63500000;-6,52682066
12,64000000;-4,19537354
12,64500000;-5,59485674
12,65000000;-5,59485674
12,65500000;-5,12733746
12,66000000;-5,12733746
12,66500000;-5,12733746
12,67000000;-4,66135550
12,67500000;-4,19537354
12,68000000;-3,72939205
12,68500000;-2,79742837
12,69000000;-3,26341033
12,69500000;-1,39794528
12,70000000;-1,86392701
12,70500000;-1,86392701
12,71000000;-0,46598175
12,71500000;0,46598175
12,72000000;1,39794528
12,72500000;1,39794528
12,72999999;2,79742837
12,73499999;3,72939205
12,73999999;4,66135550
12,74499999;6,06083870
12,74999999;6,99280214
12,75499999;6,99280214
12,75999999;7,92630339
12,76499999;8,85826683
12,76999999;8,39228535
12,77499999;7,92630339
12,77999999;8,85826683
12,78499999;9,32424927
12,78999999;9,32424927
12,79499999;9,79023075
12,79999999;9,32424927
12,80499999;9,79023075
12,80999999;9,32424927
12,81499999;9,79023075
12,81999999;9,79023075
12,82499999;10,25621223
12,82999999;10,25621223
12,83499999;10,72373199
12,83999999;10,72373199
12,84499999;11,18971348
12,84999999;11,18971348
12,85499999;11,65569592
12,85999999;11,65569592
12,86499999;14,45312405
12,86999999;12,12167740
12,87499999;11,65569592
12,87999999;11,18971348
12,88499999;11,65569592
12,88999999;10,72373199
12,89499999;11,65569592
12,89999999;10,72373199
12,90499999;11,18971348
12,90999999;10,72373199
12,91499999;11,18971348
12,91999999;12,12167740
12,92499999;12,12167740
12,92999999;12,58765888
12,93499999;13,05517864
12,93999999;13,52116013
12,94499999;15,38508797
12,94999999;13,52116013
12,95499999;14,91910553
12,95999999;13,98714256
12,96499999;14,91910553
12,96999999;14,91910553
12,97499999;14,91910553
12,97999999;14,91910553
12,98499999;14,45312405
12,98999999;13,52116013
12,99499999;13,05517864
12,99999999;12,58765888
13,00499999;12,12167740
13,00999999;11,65569592
13,01499999;11,18971348
13,01999999;10,72373199
13,02499999;11,65569592
13,02999999;10,25621223
13,03499999;11,18971348
13,03999999;10,25621223
13,04499999;10,72373199
13,04999999;10,25621223
13,05499999;10,72373199
13,05999999;11,18971348
13,06499999;11,18971348
13,06999999;11,65569592
13,07499999;11,18971348
13,07999999;11,18971348
13,08499999;11,18971348
13,08999999;11,18971348
13,09499999;11,18971348
13,09999999;10,72373199
13,10499999;10,72373199
13,10999999;10,72373199
13,11499999;10,25621223
13,11999999;9,32424927
13,12499998;8,85826683
13,12999998;7,92630339
13,13499998;9,79023075
13,13999998;8,39228535
13,14499998;10,25621223
13,14999998;8,39228535
13,15499998;9,79023075
13,15999998;8,85826683
13,16499998;8,85826683
13,16999998;8,85826683
13,17499998;8,85826683
13,17999998;9,32424927
13,18499998;9,32424927
13,18999998;8,85826683
13,19499998;9,79023075
13,19999998;8,85826683
13,20499998;9,32424927
13,20999998;9,32424927
13,21499998;8,85826683
13,21999998;8,85826683
13,22499998;8,39228535
13,22999998;7,92630339
13,23499998;8,39228535
13,23999998;9,79023075
13,24499998;7,92630339
13,24999998;8,39228535
13,25499998;6,99280214
13,25999998;6,06083870
13,26499998;6,52682066
13,26999998;6,06083870
13,27499998;5,59485674
13,27999998;5,12733746
13,28499998;4,66135550
13,28999998;4,66135550
13,29499998;4,19537354
13,29999998;4,19537354
13,30499998;3,72939205
13,30999998;3,72939205
13,31499998;2,79742837
13,31999998;2,79742837
13,32499998;3,26341033
13,32999998;3,26341033
13,33499998;3,26341033
13,33999998;3,72939205
13,34499998;4,19537354
13,34999998;2,79742837
13,35499998;2,32990885
13,35999998;2,79742837
13,36499998;2,79742837
13,36999998;3,26341033
13,37499998;3,72939205
13,37999998;3,72939205
13,38499998;3,72939205
13,38999998;3,72939205
13,39499998;3,72939205
13,39999998;3,72939205
13,40499998;4,19537354
13,40999998;4,66135550
13,41499998;3,26341033
13,41999998;4,19537354
13,42499998;3,72939205
13,42999998;3,72939205
13,43499998;3,72939205
13,43999998;3,26341033
13,44499998;2,79742837
13,44999998;2,32990885
13,45499998;1,86392701
13,45999998;1,86392701
13,46499998;1,39794528
13,46999998;1,39794528
13,47499998;0,93196350
13,47999998;0,46598175
13,48499998;0,46598175
13,48999998;0,46598175
13,49499998;0,00000000
13,49999998;0,93196350
13,50499998;1,39794528
13,50999998;0,93196350
13,51499998;0,46598175
13,51999997;0,93196350
13,52499997;0,46598175
13,52999997;-0,93196350
13,53499997;0,00000000
13,53999997;-0,93196350
13,54499997;0,00000000
13,54999997;-1,39794528
13,55499997;-1,86392701
13,55999997;-1,39794528
13,56499997;-0,93196350
13,56999997;-1,86392701
13,57499997;-1,86392701
13,57999997;-1,39794528
13,58499997;-0,93196350
13,58999997;-1,39794528
13,59499997;0,00000000
13,59999997;-1,86392701
13,60499997;-0,93196350
13,60999997;0,00000000
13,61499997;0,46598175
13,61999997;-0,46598175
13,62499997;-0,46598175
13,62999997;-0,93196350
13,63499997;0,46598175
13,63999997;-1,39794528
13,64499997;-1,39794528
13,64999997;-1,39794528
13,65499997;-0,93196350
13,65999997;-0,93196350
13,66499997;-1,39794528
13,66999997;-1,86392701
13,67499997;-1,86392701
13,67999997;-1,39794528
13,68499997;-1,86392701
13,68999997;-1,39794528
13,69499997;-1,39794528
13,69999997;-1,39794528
13,70499997;-1,39794528
13,70999997;-1,39794528
13,71499997;-1,86392701
13,71999997;-1,39794528
13,72499997;-2,32990885
13,72999997;-2,32990885
13,73499997;-2,32990885
13,73999997;-1,86392701
13,74499997;-1,86392701
13,74999997;-2,32990885
13,75499997;-1,86392701
13,75999997;-2,79742837
13,76499997;-1,86392701
13,76999997;-1,86392701
13,77499997;-1,86392701
13,77999997;-2,32990885
13,78499997;-2,79742837
13,78999997;-1,86392701
13,79499997;-2,79742837
13,79999997;-2,79742837
13,80499997;-2,79742837
13,80999997;-2,79742837
13,81499997;-2,32990885
13,81999997;-2,79742837
13,82499997;-3,26341033
13,82999997;-3,26341033
13,83499997;-2,79742837
13,83999997;-2,79742837
13,84499997;-2,79742837
13,84999997;-2,79742837
13,85499997;-2,79742837
13,85999997;-3,26341033
13,86499997;-2,79742837
13,86999997;-3,72939205
13,87499997;-3,26341033
13,87999997;-3,72939205
13,88499997;-3,26341033
13,88999997;-4,19537354
13,89499997;-3,26341033
13,89999997;-3,26341033
13,90499997;-3,72939205
13,90999997;-3,72939205
13,91499996;-3,72939205
13,91999996;-4,66135550
13,92499996;-4,19537354
13,92999996;-4,19537354
13,93499996;-4,19537354
13,93999996;-4,19537354
13,94499996;-3,72939205
13,94999996;-4,19537354
13,95499996;-5,12733746
13,95999996;-4,19537354
13,96499996;-5,12733746
13,96999996;-5,59485674
13,97499996;-5,59485674
13,97999996;-6,52682066
13,98499996;-6,06083870
13,98999996;-7,45878410
13,99499996;-7,92630339
13,99999996;-7,45878410
14,00499996;-7,92630339
14,00999996;-9,32424927
14,01499996;-8,85826683
14,01999996;-8,85826683
14,02499996;-10,25621223
14,02999996;-9,79023075
14,03499996;-11,65569592
14,03999996;-10,72373199
14,04499996;-11,65569592
14,04999996;-11,65569592
14,05499996;-13,05517864
14,05999996;-12,58765888
14,06499996;-14,45312405
14,06999996;-14,45312405
14,07499996;-14,45312405
14,07999996;-14,91910553
14,08499996;-14,91910553
14,08999996;-15,38508797
14,09499996;-16,31858826
14,09999996;-16,31858826
14,10499996;-16,31858826
14,10999996;-16,31858826
14,11499996;-16,31858826
14,11999996;-16,31858826
14,12499996;-15,85260677
14,12999996;-15,85260677
14,13499996;-14,91910553
14,13999996;-14,45312405
14,14499996;-12,58765888
14,14999996;-12,58765888
14,15499996;-11,65569592
14,15999996;-10,72373199
14,16499996;-10,72373199
14,16999996;-9,32424927
14,17499996;-8,85826683
14,17999996;-8,85826683
14,18499996;-8,85826683
14,18999996;-8,85826683
14,19499996;-7,92630339
14,19999996;-8,39228535
14,20499996;-8,85826683
14,20999996;-8,39228535
14,21499996;-9,79023075
14,21999996;-9,79023075
14,22499996;-10,25621223
14,22999996;-10,72373199
14,23499996;-10,72373199
14,23999996;-11,18971348
14,24499996;-10,25621223
14,24999996;-10,72373199
14,25499996;-10,25621223
14,25999996;-9,79023075
14,26499996;-9,32424927
14,26999996;-9,79023075
14,27499996;-8,39228535
14,27999996;-8,39228535
14,28499996;-6,99280214
14,28999996;-7,45878410
14,29499996;-7,45878410
14,29999996;-6,99280214
14,30499996;-6,06083870
14,30999996;-5,59485674
14,31499995;-6,99280214
14,31999995;-6,06083870
14,32499995;-6,06083870
14,32999995;-5,59485674
14,33499995;-3,72939205
14,33999995;-3,72939205
14,34499995;-3,72939205
14,34999995;-2,32990885
14,35499995;-1,86392701
14,35999995;-0,46598175
14,36499995;1,86392701
14,36999995;1,86392701
14,37499995;2,79742837
14,37999995;2,79742837
14,38499995;4,66135550
14,38999995;4,66135550
14,39499995;4,19537354
14,39999995;4,19537354
14,40499995;3,72939205
14,40999995;4,19537354
14,41499995;4,19537354
14,41999995;3,72939205
14,42499995;4,19537354
14,42999995;4,19537354
14,43499995;3,72939205
14,43999995;3,72939205
14,44499995;3,72939205
14,44999995;4,19537354
14,45499995;5,12733746
14,45999995;5,12733746
14,46499995;5,59485674
14,46999995;5,59485674
14,47499995;6,52682066
14,47999995;6,52682066
14,48499995;7,45878410
14,48999995;6,99280214
14,49499995;7,45878410
14,49999995;7,45878410
14,50499995;7,92630339
14,50999995;6,99280214
14,51499995;7,45878410
14,51999995;6,99280214
14,52499995;6,52682066
14,52999995;5,59485674
14,53499995;6,52682066
14,53999995;6,52682066
14,54499995;3,26341033
14,54999995;6,52682066
14,55499995;6,52682066
14,55999995;6,52682066
14,56499995;6,52682066
14,56999995;7,45878410
14,57499995;7,92630339
14,57999995;9,32424927
14,58499995;9,32424927
14,58999995;10,25621223
14,59499995;10,25621223
14,59999995;10,25621223
14,60499995;11,18971348
14,60999995;11,18971348
14,61499995;10,72373199
14,61999995;10,72373199
14,62499995;10,72373199
14,62999995;10,72373199
14,63499995;9,79023075
14,63999995;9,79023075
14,64499995;9,32424927
14,64999995;8,39228535
14,65499995;8,85826683
14,65999995;7,92630339
14,66499995;8,39228535
14,66999995;7,92630339
14,67499995;8,39228535
14,67999995;7,92630339
14,68499995;7,92630339
14,68999995;8,39228535
14,69499995;7,92630339
14,69999995;7,92630339
14,70499995;8,39228535
14,70999994;7,92630339
14,71499994;7,45878410
14,71999994;6,52682066
14,72499994;7,45878410
14,72999994;6,06083870
14,73499994;5,59485674
14,73999994;5,12733746
14,74499994;4,66135550
14,74999994;6,06083870
14,75499994;5,12733746
14,75999994;1,39794528
14,76499994;4,19537354
14,76999994;3,72939205
14,77499994;3,26341033
14,77999994;3,26341033
14,78499994;3,26341033
14,78999994;1,86392701
14,79499994;2,79742837
14,79999994;3,26341033
14,80499994;4,19537354
14,80999994;4,19537354
14,81499994;4,66135550
14,81999994;5,12733746
14,82499994;5,12733746
14,82999994;5,12733746
14,83499994;5,12733746
14,83999994;5,12733746
14,84499994;4,66135550
14,84999994;4,19537354
14,85499994;5,12733746
14,85999994;4,19537354
14,86499994;4,19537354
14,86999994;3,26341033
14,87499994;3,26341033
14,87999994;2,32990885
14,88499994;1,86392701
14,88999994;2,32990885
14,89499994;2,32990885
14,89999994;1,39794528
14,90499994;0,93196350
14,90999994;0,93196350
14,91499994;0,46598175
14,91999994;0,00000000
14,92499994;0,00000000
14,92999994;-0,93196350
14,93499994;-0,46598175
14,93999994;-0,93196350
14,94499994;-0,93196350
14,94999994;-1,39794528
14,95499994;-1,86392701
14,95999994;-1,39794528
14,96499994;-1,39794528
14,96999994;-1,39794528
14,97499994;-1,39794528
14,97999994;-1,86392701
14,98499994;-1,86392701
14,98999994;-1,86392701
14,99499994;-1,86392701
14,99999994;-1,86392701
15,00499994;-1,39794528
15,00999994;-1,86392701
15,01499994;-1,86392701
15,01999994;-1,86392701
15,02499994;-1,39794528
15,02999994;-1,39794528
15,03499994;-1,39794528
15,03999994;-1,39794528
15,04499994;-0,93196350
15,04999994;-0,93196350
15,05499994;-1,86392701
15,05999994;-1,39794528
15,06499994;-0,93196350
15,06999994;-1,39794528
15,07499994;-1,86392701
15,07999994;-1,86392701
15,08499994;-2,32990885
15,08999994;-1,86392701
15,09499994;-3,26341033
15,09999994;-4,19537354
15,10499993;-4,19537354
15,10999993;-4,19537354
15,11499993;-4,19537354
15,11999993;-4,66135550
15,12499993;-5,12733746
15,12999993;-5,12733746
15,13499993;-4,66135550
15,13999993;-5,12733746
15,14499993;-6,06083870
15,14999993;-6,06083870
15,15499993;-5,59485674
15,15999993;-6,06083870
15,16499993;-6,52682066
15,16999993;-6,99280214
15,17499993;-6,99280214
15,17999993;-6,99280214
15,18499993;-7,45878410
15,18999993;-7,92630339
15,19499993;-7,92630339
15,19999993;-8,39228535
15,20499993;-9,32424927
15,20999993;-9,32424927
15,21499993;-9,79023075
15,21999993;-10,25621223
15,22499993;-10,25621223
15,22999993;-10,72373199
15,23499993;-11,18971348
15,23999993;-11,65569592
15,24499993;-11,65569592
15,24999993;-12,12167740
15,25499993;-13,05517864
15,25999993;-13,52116013
15,26499993;-13,52116013
15,26999993;-13,52116013
15,27499993;-13,98714256
15,27999993;-13,52116013
15,28499993;-13,98714256
15,28999993;-13,52116013
15,29499993;-13,52116013
15,29999993;-13,52116013
15,30499993;-13,05517864
15,30999993;-13,05517864
15,31499993;-13,05517864
15,31999993;-12,58765888
15,32499993;-13,05517864
15,32999993;-12,58765888
15,33499993;-12,12167740
15,33999993;-12,12167740
15,34499993;-13,52116013
15,34999993;-11,65569592
15,35499993;-11,65569592
15,35999993;-10,72373199
15,36499993;-10,72373199
15,36999993;-10,72373199
15,37499993;-9,79023075
15,37999993;-9,32424927
15,38499993;-8,39228535
15,38999993;-8,39228535
15,39499993;-7,92630339
15,39999993;-8,39228535
15,40499993;-6,52682066
15,40999993;-7,45878410
15,41499993;-6,99280214
15,41999993;-6,99280214
15,42499993;-6,06083870
15,42999993;-6,99280214
15,43499993;-7,45878410
15,43999993;-7,92630339
15,44499993;-7,45878410
15,44999993;-7,92630339
15,45499993;-8,39228535
15,45999993;-7,92630339
15,46499993;-8,39228535
15,46999993;-8,85826683
15,47499993;-8,39228535
15,47999993;-8,39228535
15,48499993;-8,39228535
15,48999993;-8,39228535
15,49499993;-7,92630339
15,49999992;-7,92630339
15,50499992;-8,39228535
15,50999992;-10,25621223
15,51499992;-6,52682066
15,51999992;-6,52682066
15,52499992;-6,52682066
15,52999992;-6,99280214
15,53499992;-6,52682066
15,53999992;-6,06083870
15,54499992;-3,72939205
15,54999992;-6,06083870
15,55499992;-5,12733746
15,55999992;-4,19537354
15,56499992;-4,66135550
15,56999992;-4,19537354
15,57499992;-3,72939205
15,57999992;-2,79742837
15,58499992;-1,86392701
15,58999992;-2,32990885
15,59499992;-0,46598175
15,59999992;0,00000000
15,60499992;1,39794528
15,60999992;1,86392701
15,61499992;3,26341033
15,61999992;3,72939205
15,62499992;5,59485674
15,62999992;5,12733746
15,63499992;6,99280214
15,63999992;6,99280214
15,64499992;7,92630339
15,64999992;7,92630339
15,65499992;8,39228535
15,65999992;8,39228535
15,66499992;9,32424927
15,66999992;8,85826683
15,67499992;9,32424927
15,67999992;8,85826683
15,68499992;8,39228535
15,68999992;8,85826683
15,69499992;8,85826683
15,69999992;8,85826683
15,70499992;9,32424927
15,70999992;9,32424927
15,71499992;9,79023075
15,71999992;9,32424927
15,72499992;10,25621223
15,72999992;10,25621223
15,73499992;10,72373199
15,73999992;10,72373199
15,74499992;10,25621223
15,74999992;11,65569592
15,75499992;11,65569592
15,75999992;11,65569592
15,76499992;11,65569592
15,76999992;12,12167740
15,77499992;11,65569592
15,77999992;12,12167740
15,78499992;12,12167740
15,78999992;12,58765888
15,79499992;11,65569592
15,79999992;12,12167740
15,80499992;12,58765888
15,80999992;12,58765888
15,81499992;13,05517864
15,81999992;13,52116013
15,82499992;13,52116013
15,82999992;13,98714256
15,83499992;14,45312405
15,83999992;13,98714256
15,84499992;14,45312405
15,84999992;14,45312405
15,85499992;14,45312405
15,85999992;14,91910553
15,86499992;14,91910553
15,86999992;13,52116013
15,87499992;14,45312405
15,87999992;13,98714256
15,88499992;14,45312405
15,88999992;12,58765888
15,89499991;12,12167740
15,89999991;10,72373199
15,90499991;10,72373199
15,90999991;10,25621223
15,91499991;10,25621223
15,91999991;9,32424927
15,92499991;9,32424927
15,92999991;9,32424927
15,93499991;9,79023075
15,93999991;8,85826683
15,94499991;7,92630339
15,94999991;8,85826683
15,95499991;9,32424927
15,95999991;10,25621223
15,96499991;10,25621223
15,96999991;9,32424927
15,97499991;9,79023075
15,97999991;9,32424927
15,98499991;9,32424927
15,98999991;9,32424927
15,99499991;9,32424927
15,99999991;8,85826683
16,00499991;8,39228535
16,00999991;8,39228535
16,01499991;8,85826683
16,01999991;7,92630339
16,02499991;8,85826683
16,02999991;8,39228535
16,03499991;9,32424927
16,03999991;8,85826683
16,04499991;8,85826683
16,04999991;9,79023075
16,05499991;8,85826683
16,05999991;9,79023075
16,06499991;9,32424927
16,06999991;9,32424927
16,07499991;9,32424927
16,07999991;10,25621223
16,08499991;10,25621223
16,08999991;9,32424927
16,09499991;8,85826683
16,09999991;8,39228535
16,10499991;8,85826683
16,10999991;7,45878410
16,11499991;7,45878410
16,11999991;7,45878410
16,12499991;7,45878410
16,12999991;6,99280214
16,13499991;6,06083870
16,13999991;6,06083870
16,14499991;5,12733746
16,14999991;5,12733746
16,15499991;4,66135550
16,15999991;3,72939205
16,16499991;4,66135550
16,16999991;4,19537354
16,17499991;3,26341033
16,17999991;3,26341033
16,18499991;3,26341033
16,18999991;2,79742837
16,19499991;2,32990885
16,19999991;1,86392701
16,20499991;2,32990885
16,20999991;1,86392701
16,21499991;0,93196350
16,21999991;1,39794528
16,22499991;1,39794528
16,22999991;0,93196350
16,23499991;1,39794528
16,23999991;1,39794528
16,24499991;1,86392701
16,24999991;1,39794528
16,25499991;1,39794528
16,25999991;0,00000000
16,26499991;1,86392701
16,26999991;2,32990885
16,27499991;1,39794528
16,27999991;1,39794528
16,28499991;1,86392701
16,28999990;2,79742837
16,29499990;1,86392701
16,29999990;2,79742837
16,30499990;2,32990885
16,30999990;1,39794528
16,31499990;2,32990885
16,31999990;0,93196350
16,32499990;1,39794528
16,32999990;1,39794528
16,33499990;1,39794528
16,33999990;0,93196350
16,34499990;0,00000000
16,34999990;0,46598175
16,35499990;0,00000000
16,35999990;-0,46598175
16,36499990;0,00000000
16,36999990;-0,93196350
16,37499990;-0,93196350
16,37999990;-0,93196350
16,38499990;-0,93196350
16,38999990;-1,39794528
16,39499990;-1,39794528
16,39999990;-2,32990885
16,40499990;-0,93196350
16,40999990;-0,93196350
16,41499990;-0,93196350
16,41999990;-1,39794528
16,42499990;-0,93196350
16,42999990;-0,93196350
16,43499990;-0,93196350
16,43999990;-0,93196350
16,44499990;-1,39794528
16,44999990;-0,46598175
16,45499990;-0,93196350
16,45999990;-1,86392701
16,46499990;-1,39794528
16,46999990;-0,93196350
16,47499990;-1,86392701
16,47999990;-1,39794528
16,48499990;-1,86392701
16,48999990;-1,39794528
16,49499990;-2,32990885
16,49999990;-1,39794528
16,50499990;-1,39794528
16,50999990;-1,39794528
16,51499990;-1,39794528
16,51999990;-1,86392701
16,52499990;-1,86392701
16,52999990;-1,86392701
16,53499990;-1,86392701
16,53999990;-2,32990885
16,54499990;-2,32990885
16,54999990;-1,86392701
16,55499990;-2,79742837
16,55999990;-3,72939205
16,56499990;-2,32990885
16,56999990;-2,32990885
16,57499990;-3,26341033
16,57999990;-3,26341033
16,58499990;-3,72939205
16,58999990;-2,79742837
16,59499990;-3,26341033
16,59999990;-3,72939205
16,60499990;-3,72939205
16,60999990;-3,26341033
16,61499990;-3,72939205
16,61999990;-3,72939205
16,62499990;-3,26341033
16,62999990;-3,72939205
16,63499990;0,00000000
16,63999990;-3,72939205
16,64499990;-3,72939205
16,64999990;-3,26341033
16,65499990;-3,72939205
16,65999990;-3,26341033
16,66499990;-2,79742837
16,66999990;-3,26341033
16,67499990;-2,79742837
16,67999990;-2,79742837
16,68499990;-3,26341033
16,68999989;-3,26341033
16,69499989;-3,26341033
16,69999989;-3,26341033
16,70499989;-3,26341033
16,70999989;-3,72939205
16,71499989;-3,26341033
16,71999989;-4,19537354
16,72499989;-3,72939205
16,72999989;-4,66135550
16,73499989;-4,19537354
16,73999989;-4,66135550
16,74499989;-5,12733746
16,74999989;-5,12733746
16,75499989;-4,66135550
16,75999989;-4,66135550
16,76499989;-5,59485674
16,76999989;-5,59485674
16,77499989;-5,59485674
16,77999989;-5,12733746
16,78499989;-5,12733746
16,78999989;-5,59485674
16,79499989;-4,66135550
16,79999989;-5,59485674
16,80499989;-5,12733746
16,80999989;-5,59485674
16,81499989;-5,59485674
16,81999989;-5,59485674
16,82499989;-6,06083870
16,82999989;-6,52682066
16,83499989;-6,06083870
16,83999989;-5,59485674
16,84499989;-6,06083870
16,84999989;-6,99280214
16,85499989;-7,45878410
16,85999989;-6,99280214
16,86499989;-7,45878410
16,86999989;-6,99280214
16,87499989;-7,45878410
16,87999989;-8,39228535
16,88499989;-7,45878410
16,88999989;-8,39228535
16,89499989;-8,85826683
16,89999989;-10,25621223
16,90499989;-10,25621223
16,90999989;-10,25621223
16,91499989;-11,65569592
16,91999989;-12,12167740
16,92499989;-12,58765888
16,92999989;-13,05517864
16,93499989;-13,98714256
16,93999989;-13,98714256
16,94499989;-15,85260677
16,94999989;-17,25055122
16,95499989;-17,25055122
16,95999989;-17,71653366
16,96499989;-17,71653366
16,96999989;-18,18405342
16,97499989;-17,71653366
16,97999989;-18,65003586
16,98499989;-17,71653366
16,98999989;-18,18405342
16,99499989;-17,71653366
16,99999989;-16,78457069
17,00499989;-15,85260677
17,00999989;-17,25055122
17,01499989;-13,98714256
17,01999989;-14,45312405
17,02499989;-13,05517864
17,02999989;-13,05517864
17,03499989;-11,65569592
17,03999989;-11,18971348
17,04499989;-10,25621223
17,04999989;-9,32424927
17,05499989;-9,79023075
17,05999989;-9,32424927
17,06499989;-9,32424927
17,06999989;-8,85826683
17,07499989;-9,79023075
17,07999989;-10,25621223
17,08499988;-9,79023075
17,08999988;-10,72373199
17,09499988;-10,72373199
17,09999988;-11,65569592
17,10499988;-11,18971348
17,10999988;-11,18971348
17,11499988;-11,65569592
17,11999988;-11,18971348
17,12499988;-10,25621223
17,12999988;-10,72373199
17,13499988;-10,25621223
17,13999988;-9,79023075
17,14499988;-9,32424927
17,14999988;-9,79023075
17,15499988;-9,32424927
17,15999988;-8,85826683
17,16499988;-8,39228535
17,16999988;-7,92630339
17,17499988;-6,99280214
17,17999988;-7,92630339
17,18499988;-7,45878410
17,18999988;-7,45878410
17,19499988;-7,45878410
17,19999988;-7,45878410
17,20499988;-5,59485674
17,20999988;-6,06083870
17,21499988;-5,59485674
17,21999988;-4,66135550
17,22499988;-3,72939205
17,22999988;-2,32990885
17,23499988;-1,39794528
17,23999988;-0,93196350
17,24499988;0,00000000
17,24999988;0,93196350
17,25499988;1,86392701
17,25999988;1,86392701
17,26499988;2,79742837
17,26999988;2,79742837
17,27499988;3,26341033
17,27999988;3,26341033
17,28499988;3,26341033
17,28999988;3,26341033
17,29499988;3,26341033
17,29999988;3,72939205
17,30499988;2,79742837
17,30999988;3,26341033
17,31499988;2,79742837
17,31999988;2,79742837
17,32499988;2,79742837
17,32999988;3,26341033
17,33499988;4,19537354
17,33999988;4,19537354
17,34499988;4,66135550
17,34999988;4,66135550
17,35499988;5,12733746
17,35999988;6,52682066
17,36499988;6,52682066
17,36999988;6,06083870
17,37499988;6,99280214
17,37999988;6,99280214
17,38499988;3,72939205
17,38999988;5,59485674
17,39499988;6,99280214
17,39999988;6,06083870
17,40499988;5,59485674
17,40999988;5,59485674
17,41499988;5,59485674
17,41999988;5,59485674
17,42499988;6,52682066
17,42999988;6,06083870
17,43499988;6,99280214
17,43999988;7,45878410
17,44499988;7,92630339
17,44999988;6,06083870
17,45499988;8,85826683
17,45999988;9,32424927
17,46499988;10,72373199
17,46999988;10,72373199
17,47499988;10,72373199
17,47999987;10,72373199
17,48499987;11,18971348
17,48999987;11,18971348
17,49499987;11,65569592
17,49999987;10,25621223
17,50499987;10,72373199
17,50999987;10,72373199
17,51499987;10,72373199
17,51999987;10,25621223
17,52499987;9,79023075
17,52999987;9,32424927
17,53499987;9,79023075
17,53999987;8,85826683
17,54499987;9,32424927
17,54999987;7,92630339
17,55499987;8,85826683
17,55999987;8,39228535
17,56499987;8,85826683
17,56999987;7,92630339
17,57499987;8,39228535
17,57999987;7,45878410
17,58499987;7,92630339
17,58999987;6,99280214
17,59499987;6,06083870
17,59999987;6,52682066
17,60499987;5,12733746
17,60999987;5,12733746
17,61499987;5,12733746
17,61999987;4,19537354
17,62499987;4,19537354
17,62999987;3,26341033
17,63499987;3,72939205
17,63999987;3,26341033
17,64499987;2,79742837
17,64999987;2,79742837
17,65499987;1,86392701
17,65999987;2,32990885
17,66499987;2,79742837
17,66999987;3,26341033
17,67499987;3,26341033
17,67999987;3,26341033
17,68499987;3,26341033
17,68999987;3,72939205
17,69499987;4,19537354
17,69999987;4,19537354
17,70499987;4,66135550
17,70999987;4,19537354
17,71499987;4,66135550
17,71999987;4,66135550
17,72499987;5,12733746
17,72999987;5,12733746
17,73499987;5,12733746
17,73999987;5,12733746
17,74499987;4,66135550
17,74999987;5,12733746
17,75499987;5,12733746
17,75999987;4,19537354
17,76499987;4,19537354
17,76999987;3,72939205
17,77499987;3,72939205
17,77999987;2,32990885
17,78499987;2,79742837
17,78999987;1,86392701
17,79499987;2,79742837
17,79999987;1,39794528
17,80499987;1,39794528
17,80999987;0,46598175
17,81499987;-0,46598175
17,81999987;0,00000000
17,82499987;-0,46598175
17,82999987;-1,86392701
17,83499987;-1,39794528
17,83999987;-0,93196350
17,84499987;-1,86392701
17,84999987;-2,32990885
17,85499987;-1,86392701
17,85999987;-2,79742837
17,86499987;-2,32990885
17,86999987;-2,32990885
17,87499986;-1,86392701
17,87999986;-2,32990885
17,88499986;-2,32990885
17,88999986;-1,86392701
17,89499986;-1,86392701
17,89999986;-2,32990885
17,90499986;-2,32990885
17,90999986;-1,86392701
17,91499986;-1,86392701
17,91999986;-2,32990885
17,92499986;-2,32990885
17,92999986;-1,86392701
17,93499986;-5,12733746
17,93999986;-2,79742837
17,94499986;-2,32990885
17,94999986;-2,32990885
17,95499986;-2,32990885
17,95999986;-3,26341033
17,96499986;-2,79742837
17,96999986;-3,26341033
17,97499986;-2,79742837
17,97999986;-2,79742837
17,98499986;-3,26341033
17,98999986;-3,72939205
17,99499986;-3,72939205
17,99999986;-3,26341033
18,00499986;-4,19537354
18,00999986;-4,66135550
18,01499986;-5,59485674
18,01999986;-4,66135550
18,02499986;-5,59485674
18,02999986;-6,52682066
18,03499986;-6,52682066
18,03999986;-7,45878410
18,04499986;-6,99280214
18,04999986;-7,92630339
18,05499986;-7,92630339
18,05999986;-8,39228535
18,06499986;-7,92630339
18,06999986;-8,39228535
18,07499986;-7,92630339
18,07999986;-8,85826683
18,08499986;-8,85826683
18,08999986;-9,79023075
18,09499986;-10,25621223
18,09999986;-9,79023075
18,10499986;-9,79023075
18,10999986;-10,72373199
18,11499986;-11,18971348
18,11999986;-11,18971348
18,12499986;-11,65569592
18,12999986;-11,65569592
18,13499986;-11,18971348
18,13999986;-12,58765888
18,14499986;-13,05517864
18,14999986;-13,52116013
18,15499986;-14,45312405
18,15999986;-14,45312405
18,16499986;-13,98714256
18,16999986;-13,98714256
18,17499986;-14,91910553
18,17999986;-13,98714256
18,18499986;-14,45312405
18,18999986;-13,52116013
18,19499986;-13,05517864
18,19999986;-13,05517864
18,20499986;-13,98714256
18,20999986;-13,52116013
18,21499986;-12,12167740
18,21999986;-13,05517864
18,22499986;-12,58765888
18,22999986;-12,58765888
18,23499986;-10,72373199
18,23999986;-11,65569592
18,24499986;-10,25621223
18,24999986;-9,79023075
18,25499986;-10,25621223
18,25999986;-10,25621223
18,26499986;-8,85826683
18,26999985;-8,39228535
18,27499985;-8,39228535
18,27999985;-8,39228535
18,28499985;-7,92630339
18,28999985;-7,92630339
18,29499985;-7,45878410
18,29999985;-6,99280214
18,30499985;-7,45878410
18,30999985;-6,99280214
18,31499985;-7,92630339
18,31999985;-8,39228535
18,32499985;-8,39228535
18,32999985;-9,32424927
18,33499985;-8,85826683
18,33999985;-9,32424927
18,34499985;-9,32424927
18,34999985;-9,32424927
18,35499985;-9,32424927
18,35999985;-11,18971348
18,36499985;-9,32424927
18,36999985;-9,32424927
18,37499985;-9,32424927
18,37999985;-8,39228535
18,38499985;-8,85826683
18,38999985;-8,39228535
18,39499985;-7,92630339
18,39999985;-6,52682066
18,40499985;-6,52682066
18,40999985;-6,06083870
18,41499985;-5,12733746
18,41999985;-5,12733746
18,42499985;-4,66135550
18,42999985;-4,66135550
18,43499985;-4,66135550
18,43999985;-3,72939205
18,44499985;-2,79742837
18,44999985;-2,79742837
18,45499985;-1,86392701
18,45999985;-1,39794528
18,46499985;-0,46598175
18,46999985;0,00000000
18,47499985;0,46598175
18,47999985;1,39794528
18,48499985;1,86392701
18,48999985;3,26341033
18,49499985;4,19537354
18,49999985;4,66135550
18,50499985;5,59485674
18,50999985;6,99280214
18,51499985;6,99280214
18,51999985;7,45878410
18,52499985;8,39228535
18,52999985;6,99280214
18,53499985;8,85826683
18,53999985;8,85826683
18,54499985;8,85826683
18,54999985;8,85826683
18,55499985;8,85826683
18,55999985;9,79023075
18,56499985;8,85826683
18,56999985;9,32424927
18,57499985;8,85826683
18,57999985;8,85826683
18,58499985;8,85826683
18,58999985;9,79023075
18,59499985;9,79023075
18,59999985;10,25621223
18,60499985;10,72373199
18,60999985;10,25621223
18,61499985;11,18971348
18,61999985;11,65569592
18,62499985;11,65569592
18,62999985;11,65569592
18,63499985;11,18971348
18,63999985;11,65569592
18,64499985;12,12167740
18,64999985;12,12167740
18,65499985;11,65569592
18,65999985;12,12167740
18,66499984;11,65569592
18,66999984;12,12167740
18,67499984;11,18971348
18,67999984;11,65569592
18,68499984;12,58765888
18,68999984;12,58765888
18,69499984;13,05517864
18,69999984;13,05517864
18,70499984;13,98714256
18,70999984;14,45312405
18,71499984;14,45312405
18,71999984;15,38508797
18,72499984;15,38508797
18,72999984;15,38508797
18,73499984;15,38508797
18,73999984;15,85260677
18,74499984;14,45312405
18,74999984;14,91910553
18,75499984;14,45312405
18,75999984;14,45312405
18,76499984;13,52116013
18,76999984;13,05517864
18,77499984;13,05517864
18,77999984;10,25621223
18,78499984;11,18971348
18,78999984;10,72373199
18,79499984;9,79023075
18,79999984;9,79023075
18,80499984;11,18971348
18,80999984;9,32424927
18,81499984;10,25621223
18,81999984;9,79023075
18,82499984;9,79023075
18,82999984;10,25621223
18,83499984;10,25621223
18,83999984;10,72373199
18,84499984;10,72373199
18,84999984;10,72373199
18,85499984;10,72373199
18,85999984;10,25621223
18,86499984;10,25621223
18,86999984;10,25621223
18,87499984;10,25621223
18,87999984;10,25621223
18,88499984;9,32424927
18,88999984;9,32424927
18,89499984;8,85826683
18,89999984;8,85826683
18,90499984;6,99280214
18,90999984;8,39228535
18,91499984;8,39228535
18,91999984;8,85826683
18,92499984;7,92630339
18,92999984;9,32424927
18,93499984;8,39228535
18,93999984;9,32424927
18,94499984;8,39228535
18,94999984;8,39228535
18,95499984;8,85826683
18,95999984;7,92630339
18,96499984;8,39228535
18,96999984;8,85826683
18,97499984;9,79023075
18,97999984;8,39228535
18,98499984;7,92630339
18,98999984;6,99280214
18,99499984;7,92630339
18,99999984;7,45878410
19,00499984;7,45878410
19,00999984;6,52682066
19,01499984;7,45878410
19,01999984;6,99280214
19,02499984;6,99280214
19,02999984;5,12733746
19,03499984;6,06083870
19,03999984;5,59485674
19,04499984;5,12733746
19,04999984;4,66135550
19,05499984;4,19537354
19,05999984;4,19537354
19,06499983;3,72939205
19,06999983;3,26341033
19,07499983;2,79742837
19,07999983;2,79742837
19,08499983;2,32990885
19,08999983;0,93196350
19,09499983;1,86392701
19,09999983;1,39794528
19,10499983;1,86392701
19,10999983;1,86392701
19,11499983;1,39794528
19,11999983;1,39794528
19,12499983;1,86392701
19,12999983;1,86392701
19,13499983;1,86392701
19,13999983;2,32990885
19,14499983;3,26341033
19,14999983;2,32990885
19,15499983;3,26341033
19,15999983;2,79742837
19,16499983;3,26341033
19,16999983;2,79742837
19,17499983;3,72939205
19,17999983;3,26341033
19,18499983;2,79742837
19,18999983;2,79742837
19,19499983;1,86392701
19,19999983;2,79742837
19,20499983;2,32990885
19,20999983;1,86392701
19,21499983;1,39794528
19,21999983;2,32990885
19,22499983;1,39794528
19,22999983;1,39794528
19,23499983;1,39794528
19,23999983;0,93196350
19,24499983;0,93196350
19,24999983;0,93196350
19,25499983;0,46598175
19,25999983;-0,93196350
19,26499983;0,00000000
19,26999983;0,00000000
19,27499983;0,00000000
19,27999983;0,93196350
19,28499983;1,86392701
19,28999983;-0,46598175
19,29499983;-1,39794528
19,29999983;0,00000000
19,30499983;-0,93196350
19,30999983;0,00000000
19,31499983;-0,93196350
19,31999983;0,00000000
19,32499983;-0,93196350
19,32999983;-0,46598175
19,33499983;0,00000000
19,33999983;-0,46598175
19,34499983;0,00000000
19,34999983;-0,46598175
19,35499983;0,00000000
19,35999983;-1,86392701
19,36499983;-0,93196350
19,36999983;-0,93196350
19,37499983;0,93196350
19,37999983;-1,39794528
19,38499983;-0,93196350
19,38999983;-1,39794528
19,39499983;-1,39794528
19,39999983;-1,86392701
19,40499983;-2,32990885
19,40999983;-1,86392701
19,41499983;-1,86392701
19,41999983;-1,39794528
19,42499983;-1,86392701
19,42999983;-2,32990885
19,43499983;-2,32990885
19,43999983;-1,39794528
19,44499983;-2,32990885
19,44999983;-1,86392701
19,45499983;-2,32990885
19,45999982;-2,79742837
19,46499982;-2,32990885
19,46999982;-2,79742837
19,47499982;-2,79742837
19,47999982;-2,32990885
19,48499982;-2,32990885
19,48999982;-3,26341033
19,49499982;-2,32990885
19,49999982;-2,32990885
19,50499982;-2,32990885
19,50999982;-2,32990885
19,51499982;-2,32990885
19,51999982;-1,86392701
19,52499982;-1,86392701
19,52999982;-2,32990885
19,53499982;-2,32990885
19,53999982;-2,79742837
19,54499982;-2,79742837
19,54999982;-2,79742837
19,55499982;-2,79742837
19,55999982;-3,26341033
19,56499982;-2,79742837
19,56999982;-3,26341033
19,57499982;-3,26341033
19,57999982;-3,26341033
19,58499982;-3,72939205
19,58999982;-4,66135550
19,59499982;-4,19537354
19,59999982;-4,19537354
19,60499982;-3,72939205
19,60999982;-4,19537354
19,61499982;-3,26341033
19,61999982;-2,79742837
19,62499982;-2,79742837
19,62999982;-2,79742837
19,63499982;-2,79742837
19,63999982;-3,26341033
19,64499982;-3,26341033
19,64999982;-3,26341033
19,65499982;-0,93196350
19,65999982;-3,72939205
19,66499982;-3,72939205
19,66999982;-4,19537354
19,67499982;-4,19537354
19,67999982;-5,12733746
19,68499982;-4,66135550
19,68999982;-4,66135550
19,69499982;-5,12733746
19,69999982;-5,12733746
19,70499982;-5,59485674
19,70999982;-5,12733746
19,71499982;-5,59485674
19,71999982;-5,59485674
19,72499982;-5,12733746
19,72999982;-6,06083870
19,73499982;-5,59485674
19,73999982;-6,52682066
19,74499982;-6,52682066
19,74999982;-6,99280214
19,75499982;-7,45878410
19,75999982;-7,92630339
19,76499982;-8,39228535
19,76999982;-8,39228535
19,77499982;-7,45878410
19,77999982;-9,32424927
19,78499982;-10,25621223
19,78999982;-10,72373199
19,79499982;-11,65569592
19,79999982;-11,65569592
19,80499982;-12,12167740
19,80999982;-12,12167740
19,81499982;-13,05517864
19,81999982;-13,98714256
19,82499982;-13,98714256
19,82999982;-14,91910553
19,83499982;-14,45312405
19,83999982;-15,85260677
19,84499982;-15,38508797
19,84999982;-17,25055122
19,85499981;-16,78457069
19,85999981;-17,25055122
19,86499981;-17,25055122
19,86999981;-16,78457069
19,87499981;-17,25055122
19,87999981;-16,31858826
19,88499981;-16,31858826
19,88999981;-15,85260677
19,89499981;-15,38508797
19,89999981;-14,91910553
19,90499981;-12,12167740
19,90999981;-11,65569592
19,91499981;-10,72373199
19,91999981;-10,25621223
19,92499981;-8,39228535
19,92999981;-8,85826683
19,93499981;-7,92630339
19,93999981;-7,45878410
19,94499981;-8,39228535
19,94999981;-8,85826683
19,95499981;-8,85826683
19,95999981;-9,79023075
19,96499981;-10,25621223
19,96999981;-10,72373199
19,97499981;-12,12167740
19,97999981;-11,18971348
19,98499981;-12,12167740
19,98999981;-12,12167740
19,99499981;-12,12167740
19,99999981;-11,18971348
20,00499981;-10,72373199
20,00999981;-9,79023075
20,01499981;-10,25621223
20,01999981;-9,32424927
20,02499981;-9,32424927
20,02999981;-10,72373199
20,03499981;-8,39228535
20,03999981;-7,92630339
20,04499981;-6,52682066
20,04999981;-6,99280214
20,05499981;-7,45878410
20,05999981;-6,99280214
20,06499981;-7,45878410
20,06999981;-8,39228535
20,07499981;-6,99280214
20,07999981;-6,06083870
20,08499981;-6,06083870
20,08999981;-5,12733746
20,09499981;-4,19537354
20,09999981;-3,26341033
20,10499981;-1,86392701
20,10999981;-1,39794528
20,11499981;0,46598175
20,11999981;0,93196350
20,12499981;2,79742837
20,12999981;2,79742837
20,13499981;4,19537354
20,13999981;4,19537354
20,14499981;4,19537354
20,14999981;4,66135550
20,15499981;4,66135550
20,15999981;5,12733746
20,16499981;4,66135550
20,16999981;4,19537354
20,17499981;3,72939205
20,17999981;3,72939205
20,18499981;3,72939205
20,18999981;4,19537354
20,19499981;3,26341033
20,19999981;3,72939205
20,20499981;3,26341033
20,20999981;4,19537354
20,21499981;4,66135550
20,21999981;5,59485674
20,22499981;6,06083870
20,22999981;6,99280214
20,23499981;6,99280214
20,23999981;7,92630339
20,24499981;7,92630339
20,24999980;8,85826683
20,25499980;8,85826683
20,25999980;8,85826683
20,26499980;8,39228535
20,26999980;8,85826683
20,27499980;7,45878410
20,27999980;6,99280214
20,28499980;7,45878410
20,28999980;6,52682066
20,29499980;6,06083870
20,29999980;6,52682066
20,30499980;5,59485674
20,30999980;6,06083870
20,31499980;6,52682066
20,31999980;6,99280214
20,32499980;7,92630339
20,32999980;7,92630339
20,33499980;8,39228535
20,33999980;9,79023075
20,34499980;10,25621223
20,34999980;10,72373199
20,35499980;11,65569592
20,35999980;12,12167740
20,36499980;12,12167740
20,36999980;12,12167740
20,37499980;11,65569592
20,37999980;13,05517864
20,38499980;11,65569592
20,38999980;11,65569592
20,39499980;10,72373199
20,39999980;10,72373199
20,40499980;11,18971348
20,40999980;9,32424927
20,41499980;9,32424927
20,41999980;9,32424927
20,42499980;8,39228535
20,42999980;8,39228535
20,43499980;7,92630339
20,43999980;8,39228535
20,44499980;7,45878410
20,44999980;7,92630339
20,45499980;7,92630339
20,45999980;7,45878410
20,46499980;6,99280214
20,46999980;6,99280214
20,47499980;6,99280214
20,47999980;4,19537354
20,48499980;6,52682066
20,48999980;6,52682066
20,49499980;6,06083870
20,49999980;5,59485674
20,50499980;5,12733746
20,50999980;4,66135550
20,51499980;4,19537354
20,51999980;3,72939205
20,52499980;3,72939205
20,52999980;3,26341033
20,53499980;3,26341033
20,53999980;2,79742837
20,54499980;3,26341033
20,54999980;3,26341033
20,55499980;4,19537354
20,55999980;3,72939205
20,56499980;3,26341033
20,56999980;4,66135550
20,57499980;6,06083870
20,57999980;5,59485674
20,58499980;5,59485674
20,58999980;4,66135550
20,59499980;5,59485674
20,59999980;5,59485674
20,60499980;5,12733746
20,60999980;5,12733746
20,61499980;5,12733746
20,61999980;5,59485674
20,62499980;5,12733746
20,62999980;4,66135550
20,63499980;4,19537354
20,63999980;4,19537354
20,64499979;4,19537354
20,64999979;3,72939205
20,65499979;3,72939205
20,65999979;2,79742837
20,66499979;2,32990885
20,66999979;1,86392701
20,67499979;1,86392701
20,67999979;0,93196350
20,68499979;1,39794528
20,68999979;0,46598175
20,69499979;0,00000000
20,69999979;0,46598175
20,70499979;0,00000000
20,70999979;-0,93196350
20,71499979;-0,46598175
20,71999979;-1,39794528
20,72499979;-1,86392701
20,72999979;-1,39794528
20,73499979;-0,93196350
20,73999979;-1,86392701
20,74499979;-1,39794528
20,74999979;-1,39794528
20,75499979;-0,93196350
20,75999979;-1,86392701
20,76499979;0,00000000
20,76999979;-0,93196350
20,77499979;-0,93196350
20,77999979;2,79742837
20,78499979;0,00000000
20,78999979;-0,46598175
20,79499979;-1,39794528
20,79999979;-0,93196350
20,80499979;-0,93196350
20,80999979;-1,86392701
20,81499979;-1,86392701
20,81999979;-2,32990885
20,82499979;-2,79742837
20,82999979;-2,32990885
20,83499979;-2,32990885
20,83999979;-2,79742837
20,84499979;-1,86392701
20,84999979;-2,79742837
20,85499979;-2,79742837
20,85999979;-2,79742837
20,86499979;-2,79742837
20,86999979;-2,79742837
20,87499979;-3,72939205
20,87999979;-4,19537354
20,88499979;-5,12733746
20,88999979;-3,72939205
20,89499979;-5,12733746
20,89999979;-5,59485674
20,90499979;-5,12733746
20,90999979;-6,52682066
20,91499979;-6,06083870
20,91999979;-7,45878410
20,92499979;-6,99280214
20,92999979;-7,92630339
20,93499979;-8,85826683
20,93999979;-8,39228535
20,94499979;-9,32424927
20,94999979;-9,79023075
20,95499979;-9,32424927
20,95999979;-10,25621223
20,96499979;-9,79023075
20,96999979;-10,25621223
20,97499979;-10,25621223
20,97999979;-11,18971348
20,98499979;-10,72373199
20,98999979;-10,25621223
20,99499979;-11,18971348
20,99999979;-10,72373199
21,00499979;-12,12167740
21,00999979;-10,72373199
21,01499979;-11,65569592
21,01999979;-11,65569592
21,02499979;-13,05517864
21,02999979;-12,12167740
21,03499979;-12,58765888
21,03999978;-12,58765888
21,04499978;-12,12167740
21,04999978;-13,98714256
21,05499978;-13,05517864
21,05999978;-12,58765888
21,06499978;-12,58765888
21,06999978;-13,05517864
21,07499978;-12,12167740
21,07999978;-12,58765888
21,08499978;-11,65569592
21,08999978;-11,65569592
21,09499978;-11,18971348
21,09999978;-11,18971348
21,10499978;-10,25621223
21,10999978;-10,72373199
21,11499978;-9,79023075
21,11999978;-9,79023075
21,12499978;-9,32424927
21,12999978;-9,79023075
21,13499978;-9,32424927
21,13999978;-8,39228535
21,14499978;-8,85826683
21,14999978;-7,92630339
21,15499978;-6,52682066
21,15999978;-7,92630339
21,16499978;-7,45878410
21,16999978;-7,45878410
21,17499978;-7,45878410
21,17999978;-6,52682066
21,18499978;-6,52682066
21,18999978;-6,52682066
21,19499978;-6,99280214
21,19999978;-6,99280214
21,20499978;-7,45878410
21,20999978;-6,99280214
21,21499978;-7,92630339
21,21999978;-8,39228535
21,22499978;-7,92630339
21,22999978;-8,85826683
21,23499978;-8,85826683
21,23999978;-8,85826683
21,24499978;-8,39228535
21,24999978;-7,45878410
21,25499978;-7,92630339
21,25999978;-7,45878410
21,26499978;-6,99280214
21,26999978;-6,52682066
21,27499978;-5,59485674
21,27999978;-4,19537354
21,28499978;-5,59485674
21,28999978;-5,12733746
21,29499978;-4,19537354
21,29999978;-4,19537354
21,30499978;-3,26341033
21,30999978;-3,26341033
21,31499978;-2,79742837
21,31999978;-2,32990885
21,32499978;-2,79742837
21,32999978;-2,32990885
21,33499978;-2,32990885
21,33999978;-1,86392701
21,34499978;0,00000000
21,34999978;-0,46598175
21,35499978;0,93196350
21,35999978;1,39794528
21,36499978;2,32990885
21,36999978;2,79742837
21,37499978;4,66135550
21,37999978;5,12733746
21,38499978;6,99280214
21,38999978;7,92630339
21,39499978;7,45878410
21,39999978;8,85826683
21,40499978;8,85826683
21,40999978;9,79023075
21,41499978;8,85826683
21,41999978;9,32424927
21,42499978;9,79023075
21,42999978;9,79023075
21,43499978;9,32424927
21,43999977;9,79023075
21,44499977;8,39228535
21,44999977;9,32424927
21,45499977;9,79023075
21,45999977;9,32424927
21,46499977;9,79023075
21,46999977;9,32424927
21,47499977;9,32424927
21,47999977;9,79023075
21,48499977;9,79023075
21,48999977;9,79023075
21,49499977;10,25621223
21,49999977;10,25621223
21,50499977;10,25621223
21,50999977;10,72373199
21,51499977;11,18971348
21,51999977;10,25621223
21,52499977;10,25621223
21,52999977;10,72373199
21,53499977;11,18971348
21,53999977;10,72373199
21,54499977;11,18971348
21,54999977;8,85826683
21,55499977;11,18971348
21,55999977;11,18971348
21,56499977;12,12167740
21,56999977;12,58765888
21,57499977;12,58765888
21,57999977;12,58765888
21,58499977;13,98714256
21,58999977;15,38508797
21,59499977;14,91910553
21,59999977;13,98714256
21,60499977;14,91910553
21,60999977;14,91910553
21,61499977;14,91910553
21,61999977;14,91910553
21,62499977;14,91910553
21,62999977;14,45312405
21,63499977;13,98714256
21,63999977;13,98714256
21,64499977;13,52116013
21,64999977;13,52116013
21,65499977;13,52116013
21,65999977;13,98714256
21,66499977;12,58765888
21,66999977;13,05517864
21,67499977;13,52116013
21,67999977;12,12167740
21,68499977;12,58765888
21,68999977;12,12167740
21,69499977;11,65569592
21,69999977;12,58765888
21,70499977;12,12167740
21,70999977;12,12167740
21,71499977;12,12167740
21,71999977;12,12167740
21,72499977;11,65569592
21,72999977;11,18971348
21,73499977;11,18971348
21,73999977;10,72373199
21,74499977;9,79023075
21,74999977;10,25621223
21,75499977;9,79023075
21,75999977;8,85826683
21,76499977;8,39228535
21,76999977;8,85826683
21,77499977;8,85826683
21,77999977;8,39228535
21,78499977;8,39228535
21,78999977;7,92630339
21,79499977;7,92630339
21,79999977;8,39228535
21,80499977;8,85826683
21,80999977;9,32424927
21,81499977;9,32424927
21,81999977;9,79023075
21,82499977;9,32424927
21,82999977;9,79023075
21,83499976;7,45878410
21,83999976;10,25621223
21,84499976;10,25621223
21,84999976;9,32424927
21,85499976;9,79023075
21,85999976;8,85826683
21,86499976;8,85826683
21,86999976;8,85826683
21,87499976;8,39228535
21,87999976;8,39228535
21,88499976;6,99280214
21,88999976;7,45878410
21,89499976;5,59485674
21,89999976;6,52682066
21,90499976;5,12733746
21,90999976;5,59485674
21,91499976;5,12733746
21,91999976;4,19537354
21,92499976;1,39794528
21,92999976;4,66135550
21,93499976;3,72939205
21,93999976;3,72939205
21,94499976;2,79742837
21,94999976;3,26341033
21,95499976;2,79742837
21,95999976;2,79742837
21,96499976;1,86392701
21,96999976;2,79742837
21,97499976;2,79742837
21,97999976;2,79742837
21,98499976;3,26341033
21,98999976;4,19537354
21,99499976;3,26341033
21,99999976;3,26341033
22,00499976;3,72939205
22,00999976;3,26341033
22,01499976;3,26341033
22,01999976;2,79742837
22,02499976;3,26341033
22,02999976;3,26341033
22,03499976;1,86392701
22,03999976;2,32990885
22,04499976;2,79742837
22,04999976;1,86392701
22,05499976;2,32990885
22,05999976;2,32990885
22,06499976;2,32990885
22,06999976;2,32990885
22,07499976;2,32990885
22,07999976;2,32990885
22,08499976;2,32990885
22,08999976;1,86392701
22,09499976;2,32990885
22,09999976;1,86392701
22,10499976;2,32990885
22,10999976;2,32990885
22,11499976;1,86392701
22,11999976;1,39794528
22,12499976;1,86392701
22,12999976;0,93196350
22,13499976;1,39794528
22,13999976;0,46598175
22,14499976;0,93196350
22,14999976;0,93196350
22,15499976;0,93196350
22,15999976;0,00000000
22,16499976;0,93196350
22,16999976;0,46598175
22,17499976;0,93196350
22,17999976;0,93196350
22,18499976;0,46598175
22,18999976;0,00000000
22,19499976;0,46598175
22,19999976;-0,93196350
22,20499976;0,00000000
22,20999976;-0,93196350
22,21499976;-0,93196350
22,21999976;-2,32990885
22,22499976;-1,39794528
22,22999975;-2,32990885
22,23499975;-1,39794528
22,23999975;-1,86392701
22,24499975;-2,32990885
22,24999975;-1,86392701
22,25499975;-1,86392701
22,25999975;-1,86392701
22,26499975;-1,39794528
22,26999975;-0,93196350
22,27499975;-0,93196350
22,27999975;-0,93196350
22,28499975;-0,93196350
22,28999975;-1,86392701
22,29499975;-0,93196350
22,29999975;1,39794528
22,30499975;-1,86392701
22,30999975;-1,86392701
22,31499975;-2,32990885
22,31999975;-2,32990885
22,32499975;-2,79742837
22,32999975;-3,26341033
22,33499975;-2,79742837
22,33999975;-3,26341033
22,34499975;-3,26341033
22,34999975;-3,26341033
22,35499975;-2,79742837
22,35999975;-2,79742837
22,36499975;-2,32990885
22,36999975;-2,32990885
22,37499975;-1,86392701
22,37999975;-2,32990885
22,38499975;-1,86392701
22,38999975;-2,32990885
22,39499975;-3,26341033
22,39999975;-3,26341033
22,40499975;-4,66135550
22,40999975;-3,26341033
22,41499975;-3,26341033
22,41999975;-3,72939205
22,42499975;-3,72939205
22,42999975;-4,19537354
22,43499975;-3,72939205
22,43999975;-3,26341033
22,44499975;-3,72939205
22,44999975;-4,19537354
22,45499975;-3,26341033
22,45999975;-3,26341033
22,46499975;-2,79742837
22,46999975;-2,79742837
22,47499975;-2,79742837
22,47999975;-2,79742837
22,48499975;-3,26341033
22,48999975;-2,79742837
22,49499975;-3,26341033
22,49999975;-3,26341033
22,50499975;-3,72939205
22,50999975;-4,19537354
22,51499975;-4,66135550
22,51999975;-5,12733746
22,52499975;-5,12733746
22,52999975;-5,59485674
22,53499975;-5,12733746
22,53999975;-5,59485674
22,54499975;-6,06083870
22,54999975;-5,59485674
22,55499975;-5,59485674
22,55999975;-6,06083870
22,56499975;-6,06083870
22,56999975;-6,06083870
22,57499975;-5,12733746
22,57999975;-5,12733746
22,58499975;-5,59485674
22,58999975;-6,99280214
22,59499975;-5,12733746
22,59999975;-5,12733746
22,60499975;-5,59485674
22,60999975;-6,06083870
22,61499975;-5,59485674
22,61999975;-6,99280214
22,62499974;-6,06083870
22,62999974;-7,45878410
22,63499974;-6,99280214
22,63999974;-7,92630339
22,64499974;-7,45878410
22,64999974;-8,85826683
22,65499974;-8,85826683
22,65999974;-10,25621223
22,66499974;-9,79023075
22,66999974;-10,25621223
22,67499974;-9,32424927
22,67999974;-11,18971348
22,68499974;-13,05517864
22,68999974;-12,58765888
22,69499974;-13,05517864
22,69999974;-14,45312405
22,70499974;-15,38508797
22,70999974;-16,31858826
22,71499974;-15,85260677
22,71999974;-17,25055122
22,72499974;-17,25055122
22,72999974;-18,18405342
22,73499974;-17,71653366
22,73999974;-18,18405342
22,74499974;-18,65003586
22,74999974;-17,25055122
22,75499974;-16,31858826
22,75999974;-16,31858826
22,76499974;-15,38508797
22,76999974;-13,98714256
22,77499974;-13,52116013
22,77999974;-13,05517864
22,78499974;-10,72373199
22,78999974;-11,65569592
22,79499974;-9,79023075
22,79999974;-9,32424927
22,80499974;-8,85826683
22,80999974;-8,85826683
22,81499974;-7,92630339
22,81999974;-9,79023075
22,82499974;-9,32424927
22,82999974;-9,79023075
22,83499974;-9,79023075
22,83999974;-10,72373199
22,84499974;-10,72373199
22,84999974;-11,18971348
22,85499974;-10,72373199
22,85999974;-11,65569592
22,86499974;-11,65569592
22,86999974;-11,65569592
22,87499974;-10,72373199
22,87999974;-10,72373199
22,88499974;-10,25621223
22,88999974;-9,79023075
22,89499974;-8,85826683
22,89999974;-8,85826683
22,90499974;-8,39228535
22,90999974;-8,39228535
22,91499974;-8,39228535
22,91999974;-8,39228535
22,92499974;-8,39228535
22,92999974;-8,39228535
22,93499974;-7,92630339
22,93999974;-8,39228535
22,94499974;-7,92630339
22,94999974;-7,45878410
22,95499974;-6,06083870
22,95999974;-6,06083870
22,96499974;-5,59485674
22,96999974;-4,19537354
22,97499974;-3,72939205
22,97999974;-2,79742837
22,98499974;-1,39794528
22,98999974;-1,86392701
22,99499974;-0,46598175
22,99999974;0,93196350
23,00499974;0,46598175
23,00999974;0,93196350
23,01499974;1,39794528
23,01999973;2,32990885
23,02499973;2,32990885
23,02999973;2,32990885
23,03499973;2,79742837
23,03999973;3,26341033
23,04499973;2,32990885
23,04999973;3,26341033
23,05499973;2,32990885
23,05999973;2,79742837
23,06499973;2,79742837
23,06999973;3,72939205
23,07499973;3,26341033
23,07999973;3,72939205
23,08499973;4,66135550
23,08999973;5,59485674
23,09499973;6,52682066
23,09999973;6,06083870
23,10499973;7,45878410
23,10999973;6,99280214
23,11499973;7,45878410
23,11999973;8,39228535
23,12499973;7,92630339
23,12999973;8,85826683
23,13499973;8,39228535
23,13999973;6,99280214
23,14499973;7,45878410
23,14999973;7,45878410
23,15499973;7,45878410
23,15999973;6,99280214
23,16499973;6,52682066
23,16999973;7,45878410
23,17499973;6,52682066
23,17999973;6,52682066
23,18499973;6,99280214
23,18999973;7,45878410
23,19499973;7,45878410
23,19999973;7,45878410
23,20499973;8,85826683
23,20999973;9,32424927
23,21499973;9,32424927
23,21999973;10,72373199
23,22499973;10,25621223
23,22999973;11,18971348
23,23499973;11,65569592
23,23999973;11,65569592
23,24499973;12,12167740
23,24999973;11,18971348
23,25499973;12,12167740
23,25999973;12,12167740
23,26499973;11,65569592
23,26999973;10,72373199
23,27499973;10,72373199
23,27999973;10,25621223
23,28499973;9,79023075
23,28999973;9,79023075
23,29499973;9,79023075
23,29999973;9,32424927
23,30499973;9,32424927
23,30999973;8,85826683
23,31499973;8,85826683
23,31999973;8,85826683
23,32499973;7,92630339
23,32999973;7,45878410
23,33499973;7,92630339
23,33999973;7,92630339
23,34499973;7,45878410
23,34999973;6,52682066
23,35499973;6,06083870
23,35999973;5,12733746
23,36499973;4,19537354
23,36999973;5,12733746
23,37499973;4,66135550
23,37999973;3,72939205
23,38499973;3,72939205
23,38999973;1,86392701
23,39499973;3,26341033
23,39999973;2,32990885
23,40499973;2,79742837
23,40999973;1,86392701
23,41499972;2,32990885
23,41999972;2,79742837
23,42499972;5,59485674
23,42999972;4,19537354
23,43499972;4,66135550
23,43999972;4,66135550
23,44499972;5,12733746
23,44999972;4,66135550
23,45499972;5,12733746
23,45999972;4,19537354
23,46499972;4,19537354
23,46999972;4,66135550
23,47499972;4,66135550
23,47999972;4,66135550
23,48499972;4,19537354
23,48999972;4,19537354
23,49499972;4,19537354
23,49999972;3,72939205
23,50499972;3,72939205
23,50999972;3,26341033
23,51499972;3,72939205
23,51999972;2,79742837
23,52499972;3,26341033
23,52999972;2,79742837
23,53499972;2,79742837
23,53999972;2,79742837
23,54499972;2,32990885
23,54999972;1,86392701
23,55499972;1,86392701
23,55999972;1,39794528
23,56499972;0,93196350
23,56999972;0,46598175
23,57499972;0,00000000
23,57999972;-0,46598175
23,58499972;-0,46598175
23,58999972;0,00000000
23,59499972;-1,86392701
23,59999972;-1,86392701
23,60499972;-0,93196350
23,60999972;-1,39794528
23,61499972;-2,79742837
23,61999972;-2,32990885
23,62499972;-2,32990885
23,62999972;-1,86392701
23,63499972;-2,32990885
23,63999972;-1,86392701
23,64499972;-2,32990885
23,64999972;-2,79742837
23,65499972;-2,32990885
23,65999972;-1,86392701
23,66499972;-2,32990885
23,66999972;-1,86392701
23,67499972;-3,26341033
23,67999972;-2,79742837
23,68499972;-2,79742837
23,68999972;-3,72939205
23,69499972;-2,79742837
23,69999972;-3,72939205
23,70499972;-3,26341033
23,70999972;-3,72939205
23,71499972;-3,72939205
23,71999972;-2,79742837
23,72499972;-3,26341033
23,72999972;-2,79742837
23,73499972;-2,79742837
23,73999972;-2,79742837
23,74499972;-2,32990885
23,74999972;-3,26341033
23,75499972;-2,79742837
23,75999972;-2,79742837
23,76499972;-2,79742837
23,76999972;-2,79742837
23,77499972;-3,26341033
23,77999972;-4,19537354
23,78499972;-3,72939205
23,78999972;-4,66135550
23,79499972;-4,66135550
23,79999972;-4,66135550
23,80499972;-6,06083870
23,80999972;-6,52682066
23,81499971;-6,99280214
23,81999971;-9,32424927
23,82499971;-7,92630339
23,82999971;-9,32424927
23,83499971;-9,32424927
23,83999971;-9,32424927
23,84499971;-9,79023075
23,84999971;-9,79023075
23,85499971;-10,25621223
23,85999971;-10,72373199
23,86499971;-10,72373199
23,86999971;-11,18971348
23,87499971;-10,72373199
23,87999971;-10,72373199
23,88499971;-12,12167740
23,88999971;-11,18971348
23,89499971;-12,12167740
23,89999971;-11,65569592
23,90499971;-12,58765888
23,90999971;-13,05517864
23,91499971;-13,05517864
23,91999971;-13,52116013
23,92499971;-14,45312405
23,92999971;-13,52116013
23,93499971;-14,45312405
23,93999971;-14,91910553
23,94499971;-14,45312405
23,94999971;-13,98714256
23,95499971;-13,98714256
23,95999971;-13,98714256
23,96499971;-13,98714256
23,96999971;-13,52116013
23,97499971;-13,52116013
23,97999971;-13,05517864
23,98499971;-12,12167740
23,98999971;-13,05517864
23,99499971;-11,18971348
23,99999971;-10,25621223
24,00499971;-8,85826683
24,00999971;-10,25621223
24,01499971;-7,45878410
24,01999971;-9,32424927
24,02499971;-8,85826683
24,02999971;-8,39228535
24,03499971;-8,85826683
24,03999971;-7,92630339
24,04499971;-7,92630339
24,04999971;-8,85826683
24,05499971;-7,92630339
24,05999971;-7,92630339
24,06499971;-7,92630339
24,06999971;-7,92630339
24,07499971;-7,92630339
24,07999971;-7,92630339
24,08499971;-8,39228535
24,08999971;-7,92630339
24,09499971;-8,39228535
24,09999971;-7,92630339
24,10499971;-8,39228535
24,10999971;-8,39228535
24,11499971;-8,39228535
24,11999971;-8,85826683
24,12499971;-7,92630339
24,12999971;-7,92630339
24,13499971;-7,92630339
24,13999971;-7,92630339
24,14499971;-6,99280214
24,14999971;-6,99280214
24,15499971;-6,52682066
24,15999971;-6,52682066
24,16499971;-6,06083870
24,16999971;-5,12733746
24,17499971;-5,59485674
24,17999971;-4,66135550
24,18499971;-4,19537354
24,18999971;-3,26341033
24,19499971;-2,79742837
24,19999971;-2,32990885
24,20499971;-2,79742837
24,20999970;-1,86392701
24,21499970;-0,93196350
24,21999970;-0,46598175
24,22499970;0,93196350
24,22999970;0,93196350
24,23499970;2,32990885
24,23999970;2,32990885
24,24499970;3,72939205
24,24999970;3,72939205
24,25499970;5,12733746
24,25999970;6,06083870
24,26499970;6,52682066
24,26999970;6,52682066
24,27499970;7,92630339
24,27999970;8,85826683
24,28499970;8,85826683
24,28999970;9,32424927
24,29499970;8,85826683
24,29999970;9,32424927
24,30499970;8,85826683
24,30999970;8,85826683
24,31499970;8,85826683
24,31999970;9,79023075
24,32499970;9,32424927
24,32999970;8,85826683
24,33499970;9,32424927
24,33999970;7,45878410
24,34499970;9,32424927
24,34999970;8,85826683
24,35499970;8,85826683
24,35999970;8,85826683
24,36499970;9,32424927
24,36999970;9,32424927
24,37499970;9,79023075
24,37999970;10,25621223
24,38499970;9,79023075
24,38999970;10,25621223
24,39499970;10,25621223
24,39999970;10,25621223
24,40499970;10,25621223
24,40999970;10,25621223
24,41499970;11,65569592
24,41999970;11,18971348
24,42499970;11,65569592
24,42999970;11,18971348
24,43499970;11,65569592
24,43999970;12,58765888
24,44499970;13,05517864
24,44999970;13,52116013
24,45499970;13,52116013
24,45999970;13,98714256
24,46499970;14,91910553
24,46999970;14,91910553
24,47499970;17,25055122
24,47999970;15,85260677
24,48499970;15,38508797
24,48999970;15,38508797
24,49499970;14,45312405
24,49999970;15,38508797
24,50499970;13,98714256
24,50999970;13,52116013
24,51499970;13,98714256
24,51999970;12,58765888
24,52499970;12,58765888
24,52999970;11,18971348
24,53499970;11,65569592
24,53999970;11,18971348
24,54499970;11,18971348
24,54999970;12,12167740
24,55499970;9,79023075
24,55999970;10,72373199
24,56499970;10,25621223
24,56999970;10,25621223
24,57499970;7,92630339
24,57999970;10,25621223
24,58499970;10,25621223
24,58999970;10,72373199
24,59499970;10,25621223
24,59999970;10,25621223
24,60499969;10,72373199
24,60999969;7,92630339
24,61499969;9,79023075
24,61999969;8,85826683
24,62499969;8,85826683
24,62999969;8,85826683
24,63499969;7,92630339
24,63999969;8,39228535
24,64499969;7,45878410
24,64999969;7,92630339
24,65499969;7,45878410
24,65999969;7,92630339
24,66499969;7,92630339
24,66999969;8,39228535
24,67499969;8,39228535
24,67999969;8,85826683
24,68499969;9,32424927
24,68999969;9,32424927
24,69499969;10,25621223
24,69999969;9,79023075
24,70499969;10,72373199
24,70999969;9,79023075
24,71499969;10,25621223
24,71999969;11,18971348
24,72499969;10,25621223
24,72999969;10,72373199
24,73499969;8,39228535
24,73999969;8,85826683
24,74499969;8,85826683
24,74999969;6,99280214
24,75499969;6,52682066
24,75999969;5,59485674
24,76499969;6,06083870
24,76999969;6,06083870
24,77499969;5,59485674
24,77999969;4,66135550
24,78499969;4,19537354
24,78999969;4,66135550
24,79499969;3,72939205
24,79999969;3,72939205
24,80499969;3,26341033
24,80999969;3,72939205
24,81499969;3,72939205
24,81999969;3,26341033
24,82499969;3,26341033
24,82999969;2,32990885
24,83499969;2,79742837
24,83999969;3,26341033
24,84499969;2,32990885
24,84999969;1,86392701
24,85499969;1,86392701
24,85999969;1,86392701
24,86499969;0,93196350
24,86999969;1,86392701
24,87499969;2,32990885
24,87999969;3,26341033
24,88499969;1,86392701
24,88999969;2,32990885
24,89499969;1,86392701
24,89999969;2,32990885
24,90499969;2,79742837
24,90999969;2,32990885
24,91499969;3,26341033
24,91999969;2,79742837
24,92499969;5,12733746
24,92999969;2,79742837
24,93499969;3,72939205
24,93999969;2,79742837
24,94499969;1,39794528
24,94999969;3,26341033
24,95499969;2,32990885
24,95999969;1,86392701
24,96499969;2,32990885
24,96999969;1,86392701
24,97499969;1,86392701
24,97999969;1,86392701
24,98499969;1,39794528
24,98999969;1,39794528
24,99499969;2,32990885
24,99999968;1,86392701
25,00499968;1,86392701
