Zeit;Kanal A
(ms);(mV)

-25,00999905;-3,26648593
-25,00499905;-3,73246789
-24,99999905;-5,13348866
-24,99499905;-4,66596889
-24,98999905;-4,66596889
-24,98499905;-5,13348866
-24,97999905;-4,66596889
-24,97499905;-4,66596889
-24,96999905;-4,66596889
-24,96499905;-6,06699038
-24,95999905;-6,06699038
-24,95499905;-6,06699038
-24,94999905;-6,53297186
-24,94499905;-6,53297186
-24,93999905;-6,06699038
-24,93499905;-7,00049162
-24,92999905;-7,00049162
-24,92499905;-7,46647358
-24,91999905;-6,53297186
-24,91499905;-7,46647358
-24,90999905;-7,46647358
-24,90499905;-6,53297186
-24,89999905;-6,53297186
-24,89499905;-6,06699038
-24,88999905;-6,53297186
-24,88499905;-6,06699038
-24,87999905;-6,06699038
-24,87499906;-6,06699038
-24,86999906;-6,06699038
-24,86499906;-5,13348866
-24,85999906;-5,59947062
-24,85499906;-6,06699038
-24,84999906;-5,59947062
-24,84499906;-5,59947062
-24,83999906;-4,66596889
-24,83499906;-6,06699038
-24,82999906;-6,06699038
-24,82499906;-6,53297186
-24,81999906;-6,53297186
-24,81499906;-5,59947062
-24,80999906;-6,06699038
-24,80499906;-6,53297186
-24,79999906;-5,59947062
-24,79499906;-7,00049162
-24,78999906;-5,59947062
-24,78499906;-6,06699038
-24,77999906;-5,59947062
-24,77499906;-6,06699038
-24,76999906;-5,59947062
-24,76499906;-5,59947062
-24,75999906;-4,66596889
-24,75499906;-5,59947062
-24,74999906;-4,19998741
-24,74499906;-5,13348866
-24,73999906;-5,13348866
-24,73499906;-5,13348866
-24,72999906;-3,73246789
-24,72499906;-5,13348866
-24,71999906;-5,59947062
-24,71499906;-5,13348866
-24,70999906;-3,26648593
-24,70499906;-5,13348866
-24,69999906;-5,13348866
-24,69499906;-5,13348866
-24,68999906;-5,13348866
-24,68499906;-5,59947062
-24,67999906;-6,53297186
-24,67499906;-5,13348866
-24,66999906;-6,06699038
-24,66499906;-6,06699038
-24,65999906;-7,00049162
-24,65499906;-7,46647358
-24,64999906;-7,46647358
-24,64499906;-8,39997482
-24,63999906;-8,86749458
-24,63499906;-8,39997482
-24,62999906;-8,86749458
-24,62499906;-8,86749458
-24,61999906;-8,86749458
-24,61499906;-8,39997482
-24,60999906;-8,86749458
-24,60499906;-8,39997482
-24,59999906;-8,86749458
-24,59499906;-7,93399334
-24,58999906;-8,86749458
-24,58499906;-8,39997482
-24,57999906;-8,39997482
-24,57499906;-6,53297186
-24,56999906;-7,00049162
-24,56499906;-6,53297186
-24,55999906;-7,00049162
-24,55499906;-6,53297186
-24,54999906;-7,46647358
-24,54499906;-7,00049162
-24,53999906;-7,46647358
-24,53499906;-7,46647358
-24,52999906;-7,00049162
-24,52499906;-7,46647358
-24,51999906;-8,39997482
-24,51499906;-7,93399334
-24,50999906;-8,86749458
-24,50499906;-9,80099583
-24,49999906;-8,86749458
-24,49499906;-8,39997482
-24,48999906;-9,80099583
-24,48499906;-9,33347607
-24,47999907;-9,80099583
-24,47499907;-9,80099583
-24,46999907;-9,80099583
-24,46499907;-10,26697731
-24,45999907;-10,26697731
-24,45499907;-10,73449707
-24,44999907;-11,20047951
-24,44499907;-12,13398075
-24,43999907;-11,20047951
-24,43499907;-13,06748199
-24,42999907;-13,06748199
-24,42499907;-13,53500175
-24,41999907;-14,46850300
-24,41499907;-14,93448448
-24,40999907;-15,86798668
-24,40499907;-15,86798668
-24,39999907;-15,40046692
-24,39499907;-15,40046692
-24,38999907;-14,93448448
-24,38499907;-13,06748199
-24,37999907;-13,06748199
-24,37499907;-10,73449707
-24,36999907;-10,26697731
-24,36499907;-9,33347607
-24,35999907;-7,93399334
-24,35499907;-7,00049162
-24,34999907;-6,06699038
-24,34499907;-5,13348866
-24,33999907;-4,66596889
-24,33499907;-4,66596889
-24,32999907;-5,59947062
-24,32499907;-4,66596889
-24,31999907;-5,59947062
-24,31499907;-6,06699038
-24,30999907;-7,46647358
-24,30499907;-8,39997482
-24,29999907;-9,33347607
-24,29499907;-8,86749458
-24,28999907;-9,33347607
-24,28499907;-9,33347607
-24,27999907;-9,33347607
-24,27499907;-9,80099583
-24,26999907;-7,93399334
-24,26499907;-7,93399334
-24,25999907;-7,93399334
-24,25499907;-7,00049162
-24,24999907;-7,46647358
-24,24499907;-7,00049162
-24,23999907;-7,00049162
-24,23499907;-6,06699038
-24,22999907;-7,00049162
-24,22499907;-7,46647358
-24,21999907;-7,93399334
-24,21499907;-7,46647358
-24,20999907;-7,93399334
-24,20499907;-7,46647358
-24,19999907;-7,46647358
-24,19499907;-7,00049162
-24,18999907;-7,46647358
-24,18499907;-6,06699038
-24,17999907;-6,06699038
-24,17499907;-6,53297186
-24,16999907;-5,59947062
-24,16499907;-5,59947062
-24,15999907;-5,13348866
-24,15499907;-5,13348866
-24,14999907;-5,13348866
-24,14499907;-5,13348866
-24,13999907;-4,66596889
-24,13499907;-5,59947062
-24,12999907;-4,19998741
-24,12499907;-6,06699038
-24,11999907;-7,00049162
-24,11499907;-7,46647358
-24,10999907;-7,00049162
-24,10499907;-7,00049162
-24,09999907;-7,00049162
-24,09499907;-5,59947062
-24,08999907;-5,59947062
-24,08499908;-4,66596889
-24,07999908;-5,13348866
-24,07499908;-3,73246789
-24,06999908;-2,79896641
-24,06499908;-1,86546493
-24,05999908;-2,33298445
-24,05499908;-1,86546493
-24,04999908;-0,93196350
-24,04499908;-0,93196350
-24,03999908;0,00000000
-24,03499908;0,46598175
-24,02999908;-1,39948320
-24,02499908;-0,93196350
-24,01999908;-2,33298445
-24,01499908;-1,39948320
-24,00999908;-2,33298445
-24,00499908;-1,86546493
-23,99999908;-2,33298445
-23,99499908;-2,79896641
-23,98999908;-4,19998741
-23,98499908;-3,73246789
-23,97999908;-3,73246789
-23,97499908;-4,19998741
-23,96999908;-3,73246789
-23,96499908;-4,66596889
-23,95999908;-4,19998741
-23,95499908;-4,19998741
-23,94999908;-5,59947062
-23,94499908;-4,66596889
-23,93999908;-5,13348866
-23,93499908;-5,59947062
-23,92999908;-5,59947062
-23,92499908;-6,06699038
-23,91999908;-5,59947062
-23,91499908;-5,59947062
-23,90999908;-5,59947062
-23,90499908;-5,59947062
-23,89999908;-6,06699038
-23,89499908;-5,59947062
-23,88999908;-4,66596889
-23,88499908;-4,66596889
-23,87999908;-4,19998741
-23,87499908;-5,13348866
-23,86999908;-4,19998741
-23,86499908;-4,66596889
-23,85999908;-5,13348866
-23,85499908;-4,66596889
-23,84999908;-5,13348866
-23,84499908;-6,06699038
-23,83999908;-6,06699038
-23,83499908;-7,46647358
-23,82999908;-7,00049162
-23,82499908;-7,00049162
-23,81999908;-7,93399334
-23,81499908;-8,39997482
-23,80999908;-8,39997482
-23,80499908;-8,39997482
-23,79999908;-23,33599663
-23,79499908;-9,80099583
-23,78999908;-8,86749458
-23,78499908;-9,80099583
-23,77999908;-9,80099583
-23,77499908;-9,33347607
-23,76999908;-8,86749458
-23,76499908;-9,33347607
-23,75999908;-9,33347607
-23,75499908;-9,33347607
-23,74999908;-9,33347607
-23,74499908;-8,39997482
-23,73999908;-9,80099583
-23,73499908;-9,33347607
-23,72999908;-8,39997482
-23,72499908;-8,86749458
-23,71999908;-9,80099583
-23,71499908;-9,80099583
-23,70999908;-8,86749458
-23,70499908;-9,80099583
-23,69999908;-10,26697731
-23,69499908;-9,33347607
-23,68999909;-10,73449707
-23,68499909;-9,80099583
-23,67999909;-11,20047951
-23,67499909;-10,26697731
-23,66999909;-10,73449707
-23,66499909;-11,20047951
-23,65999909;-10,26697731
-23,65499909;-11,66799831
-23,64999909;-11,20047951
-23,64499909;-10,73449707
-23,63999909;-10,73449707
-23,63499909;-11,20047951
-23,62999909;-10,26697731
-23,62499909;-8,86749458
-23,61999909;-8,39997482
-23,61499909;-7,00049162
-23,60999909;-6,53297186
-23,60499909;-5,13348866
-23,59999909;-3,26648593
-23,59499909;-3,73246789
-23,58999909;-2,79896641
-23,58499909;-1,86546493
-23,57999909;-1,39948320
-23,57499909;-0,93196350
-23,56999909;-0,93196350
-23,56499909;-0,46598175
-23,55999909;-0,93196350
-23,55499909;-2,33298445
-23,54999909;-3,26648593
-23,54499909;-2,79896641
-23,53999909;-3,26648593
-23,53499909;-3,73246789
-23,52999909;-4,19998741
-23,52499909;-4,19998741
-23,51999909;-5,13348866
-23,51499909;-5,13348866
-23,50999909;-5,13348866
-23,50499909;-4,66596889
-23,49999909;-5,59947062
-23,49499909;-3,26648593
-23,48999909;-4,66596889
-23,48499909;-4,19998741
-23,47999909;-5,13348866
-23,47499909;-3,26648593
-23,46999909;-4,19998741
-23,46499909;-3,26648593
-23,45999909;-2,33298445
-23,45499909;-2,79896641
-23,44999909;-2,33298445
-23,44499909;-2,79896641
-23,43999909;-5,13348866
-23,43499909;-2,33298445
-23,42999909;-1,86546493
-23,42499909;-1,86546493
-23,41999909;-1,39948320
-23,41499909;-1,86546493
-23,40999909;-1,39948320
-23,40499909;-1,86546493
-23,39999909;-1,39948320
-23,39499909;-1,39948320
-23,38999909;-0,93196350
-23,38499909;-1,39948320
-23,37999909;-0,46598175
-23,37499909;-0,93196350
-23,36999909;-0,93196350
-23,36499909;-0,93196350
-23,35999909;-0,93196350
-23,35499909;-0,93196350
-23,34999909;0,00000000
-23,34499909;-0,46598175
-23,33999909;0,00000000
-23,33499909;0,00000000
-23,32999909;0,46598175
-23,32499909;1,86546493
-23,31999909;1,86546493
-23,31499909;3,26648593
-23,30999909;1,86546493
-23,30499909;3,26648593
-23,29999909;4,19998741
-23,29499910;4,19998741
-23,28999910;4,66596889
-23,28499910;5,13348866
-23,27999910;5,13348866
-23,27499910;5,59947062
-23,26999910;5,13348866
-23,26499910;5,59947062
-23,25999910;4,66596889
-23,25499910;5,59947062
-23,24999910;5,13348866
-23,24499910;4,19998741
-23,23999910;5,13348866
-23,23499910;4,66596889
-23,22999910;6,53297186
-23,22499910;4,19998741
-23,21999910;4,19998741
-23,21499910;4,66596889
-23,20999910;3,73246789
-23,20499910;3,73246789
-23,19999910;4,19998741
-23,19499910;3,26648593
-23,18999910;2,79896641
-23,18499910;3,73246789
-23,17999910;2,79896641
-23,17499910;4,19998741
-23,16999910;3,26648593
-23,16499910;4,19998741
-23,15999910;3,26648593
-23,15499910;3,73246789
-23,14999910;3,73246789
-23,14499910;4,19998741
-23,13999910;4,19998741
-23,13499910;4,19998741
-23,12999910;4,19998741
-23,12499910;4,19998741
-23,11999910;4,19998741
-23,11499910;3,73246789
-23,10999910;3,73246789
-23,10499910;3,26648593
-23,09999910;3,26648593
-23,09499910;3,26648593
-23,08999910;2,79896641
-23,08499910;1,86546493
-23,07999910;2,33298445
-23,07499910;2,33298445
-23,06999910;1,39948320
-23,06499910;0,46598175
-23,05999910;0,93196350
-23,05499910;0,93196350
-23,04999910;0,00000000
-23,04499910;0,46598175
-23,03999910;0,93196350
-23,03499910;0,00000000
-23,02999910;0,00000000
-23,02499910;0,46598175
-23,01999910;0,93196350
-23,01499910;0,46598175
-23,00999910;0,00000000
-23,00499910;0,00000000
-22,99999910;0,00000000
-22,99499910;1,39948320
-22,98999910;0,93196350
-22,98499910;1,86546493
-22,97999910;0,93196350
-22,97499910;2,33298445
-22,96999910;1,86546493
-22,96499910;2,33298445
-22,95999910;4,19998741
-22,95499910;3,26648593
-22,94999910;3,26648593
-22,94499910;4,19998741
-22,93999910;3,73246789
-22,93499910;3,73246789
-22,92999910;4,66596889
-22,92499910;4,66596889
-22,91999910;0,93196350
-22,91499910;5,13348866
-22,90999910;5,13348866
-22,90499910;5,59947062
-22,89999910;6,53297186
-22,89499911;6,53297186
-22,88999911;6,53297186
-22,88499911;6,53297186
-22,87999911;5,59947062
-22,87499911;7,46647358
-22,86999911;6,53297186
-22,86499911;6,53297186
-22,85999911;7,00049162
-22,85499911;6,53297186
-22,84999911;7,46647358
-22,84499911;7,93399334
-22,83999911;7,46647358
-22,83499911;7,93399334
-22,82999911;7,00049162
-22,82499911;6,53297186
-22,81999911;7,93399334
-22,81499911;8,39997482
-22,80999911;7,46647358
-22,80499911;7,46647358
-22,79999911;7,00049162
-22,79499911;7,46647358
-22,78999911;7,93399334
-22,78499911;7,00049162
-22,77999911;6,53297186
-22,77499911;7,00049162
-22,76999911;6,53297186
-22,76499911;6,53297186
-22,75999911;6,53297186
-22,75499911;6,53297186
-22,74999911;6,06699038
-22,74499911;5,59947062
-22,73999911;6,06699038
-22,73499911;6,06699038
-22,72999911;5,59947062
-22,72499911;5,59947062
-22,71999911;5,13348866
-22,71499911;3,73246789
-22,70999911;4,66596889
-22,70499911;5,13348866
-22,69999911;4,66596889
-22,69499911;3,26648593
-22,68999911;4,66596889
-22,68499911;3,73246789
-22,67999911;3,73246789
-22,67499911;3,26648593
-22,66999911;3,26648593
-22,66499911;3,73246789
-22,65999911;3,73246789
-22,65499911;2,33298445
-22,64999911;2,79896641
-22,64499911;2,79896641
-22,63999911;3,26648593
-22,63499911;3,26648593
-22,62999911;3,73246789
-22,62499911;4,19998741
-22,61999911;3,73246789
-22,61499911;4,66596889
-22,60999911;3,26648593
-22,60499911;2,79896641
-22,59999911;2,79896641
-22,59499911;3,73246789
-22,58999911;2,79896641
-22,58499911;2,79896641
-22,57999911;2,79896641
-22,57499911;2,33298445
-22,56999911;2,33298445
-22,56499911;1,86546493
-22,55999911;0,93196350
-22,55499911;0,93196350
-22,54999911;0,46598175
-22,54499911;-4,66596889
-22,53999911;-0,93196350
-22,53499911;0,00000000
-22,52999911;-0,93196350
-22,52499911;-1,39948320
-22,51999911;-1,86546493
-22,51499911;-1,39948320
-22,50999911;-0,93196350
-22,50499911;-1,86546493
-22,49999912;-2,33298445
-22,49499912;-2,33298445
-22,48999912;-2,33298445
-22,48499912;-1,39948320
-22,47999912;-0,93196350
-22,47499912;0,93196350
-22,46999912;1,39948320
-22,46499912;1,39948320
-22,45999912;3,26648593
-22,45499912;4,66596889
-22,44999912;5,59947062
-22,44499912;6,53297186
-22,43999912;6,53297186
-22,43499912;7,00049162
-22,42999912;7,46647358
-22,42499912;7,46647358
-22,41999912;8,39997482
-22,41499912;7,46647358
-22,40999912;7,46647358
-22,40499912;6,53297186
-22,39999912;5,13348866
-22,39499912;5,13348866
-22,38999912;4,66596889
-22,38499912;4,66596889
-22,37999912;4,19998741
-22,37499912;5,59947062
-22,36999912;5,13348866
-22,36499912;5,13348866
-22,35999912;5,59947062
-22,35499912;6,53297186
-22,34999912;7,00049162
-22,34499912;7,00049162
-22,33999912;6,53297186
-22,33499912;6,06699038
-22,32999912;6,06699038
-22,32499912;7,46647358
-22,31999912;6,53297186
-22,31499912;6,53297186
-22,30999912;7,00049162
-22,30499912;6,06699038
-22,29999912;7,00049162
-22,29499912;8,39997482
-22,28999912;6,53297186
-22,28499912;8,39997482
-22,27999912;8,39997482
-22,27499912;7,93399334
-22,26999912;7,93399334
-22,26499912;7,93399334
-22,25999912;8,39997482
-22,25499912;7,93399334
-22,24999912;8,39997482
-22,24499912;8,39997482
-22,23999912;8,39997482
-22,23499912;8,39997482
-22,22999912;7,46647358
-22,22499912;7,00049162
-22,21999912;7,93399334
-22,21499912;7,00049162
-22,20999912;6,53297186
-22,20499912;7,00049162
-22,19999912;7,46647358
-22,19499912;6,53297186
-22,18999912;7,46647358
-22,18499912;7,93399334
-22,17999912;7,93399334
-22,17499912;8,39997482
-22,16999912;9,33347607
-22,16499912;9,80099583
-22,15999912;10,73449707
-22,15499912;10,26697731
-22,14999912;10,26697731
-22,14499912;10,26697731
-22,13999912;11,20047951
-22,13499912;11,20047951
-22,12999912;11,66799831
-22,12499912;10,73449707
-22,11999912;10,26697731
-22,11499912;11,66799831
-22,10999912;10,26697731
-22,10499913;9,80099583
-22,09999913;9,80099583
-22,09499913;8,86749458
-22,08999913;8,86749458
-22,08499913;8,39997482
-22,07999913;6,53297186
-22,07499913;7,93399334
-22,06999913;7,93399334
-22,06499913;7,46647358
-22,05999913;6,53297186
-22,05499913;7,46647358
-22,04999913;7,00049162
-22,04499913;6,53297186
-22,03999913;6,06699038
-22,03499913;6,53297186
-22,02999913;4,19998741
-22,02499913;6,06699038
-22,01999913;6,53297186
-22,01499913;8,39997482
-22,00999913;6,53297186
-22,00499913;5,59947062
-21,99999913;6,53297186
-21,99499913;7,00049162
-21,98999913;7,46647358
-21,98499913;6,53297186
-21,97999913;6,53297186
-21,97499913;7,46647358
-21,96999913;6,53297186
-21,96499913;7,46647358
-21,95999913;7,00049162
-21,95499913;5,59947062
-21,94999913;5,59947062
-21,94499913;4,66596889
-21,93999913;5,13348866
-21,93499913;3,73246789
-21,92999913;3,26648593
-21,92499913;3,26648593
-21,91999913;2,79896641
-21,91499913;3,26648593
-21,90999913;2,79896641
-21,90499913;3,26648593
-21,89999913;2,79896641
-21,89499913;3,26648593
-21,88999913;2,33298445
-21,88499913;2,33298445
-21,87999913;2,79896641
-21,87499913;2,33298445
-21,86999913;2,79896641
-21,86499913;1,86546493
-21,85999913;2,79896641
-21,85499913;2,33298445
-21,84999913;1,86546493
-21,84499913;0,46598175
-21,83999913;1,39948320
-21,83499913;0,93196350
-21,82999913;1,86546493
-21,82499913;1,39948320
-21,81999913;0,46598175
-21,81499913;0,00000000
-21,80999913;0,46598175
-21,80499913;0,00000000
-21,79999913;0,46598175
-21,79499913;0,46598175
-21,78999913;-0,93196350
-21,78499913;0,46598175
-21,77999913;-0,46598175
-21,77499913;0,00000000
-21,76999913;0,46598175
-21,76499913;0,00000000
-21,75999913;-0,93196350
-21,75499913;-0,93196350
-21,74999913;-0,93196350
-21,74499913;-0,46598175
-21,73999913;0,00000000
-21,73499913;0,46598175
-21,72999913;0,00000000
-21,72499913;0,46598175
-21,71999913;1,86546493
-21,71499913;2,79896641
-21,70999914;3,26648593
-21,70499914;4,19998741
-21,69999914;4,19998741
-21,69499914;5,59947062
-21,68999914;5,59947062
-21,68499914;7,93399334
-21,67999914;8,39997482
-21,67499914;7,46647358
-21,66999914;7,00049162
-21,66499914;7,00049162
-21,65999914;7,00049162
-21,65499914;7,00049162
-21,64999914;6,06699038
-21,64499914;5,59947062
-21,63999914;5,13348866
-21,63499914;5,13348866
-21,62999914;4,19998741
-21,62499914;3,73246789
-21,61999914;3,26648593
-21,61499914;1,39948320
-21,60999914;2,79896641
-21,60499914;3,26648593
-21,59999914;3,26648593
-21,59499914;3,73246789
-21,58999914;2,33298445
-21,58499914;3,73246789
-21,57999914;4,66596889
-21,57499914;4,19998741
-21,56999914;4,19998741
-21,56499914;5,13348866
-21,55999914;5,13348866
-21,55499914;5,13348866
-21,54999914;6,06699038
-21,54499914;5,59947062
-21,53999914;6,06699038
-21,53499914;6,06699038
-21,52999914;6,06699038
-21,52499914;6,06699038
-21,51999914;6,53297186
-21,51499914;6,06699038
-21,50999914;6,53297186
-21,50499914;7,00049162
-21,49999914;6,53297186
-21,49499914;5,59947062
-21,48999914;6,06699038
-21,48499914;7,46647358
-21,47999914;7,00049162
-21,47499914;7,00049162
-21,46999914;6,53297186
-21,46499914;6,53297186
-21,45999914;5,59947062
-21,45499914;6,53297186
-21,44999914;6,06699038
-21,44499914;3,26648593
-21,43999914;7,00049162
-21,43499914;7,00049162
-21,42999914;7,00049162
-21,42499914;7,46647358
-21,41999914;7,46647358
-21,41499914;7,46647358
-21,40999914;7,93399334
-21,40499914;8,86749458
-21,39999914;8,86749458
-21,39499914;9,33347607
-21,38999914;9,33347607
-21,38499914;9,33347607
-21,37999914;10,26697731
-21,37499914;10,26697731
-21,36999914;9,33347607
-21,36499914;10,73449707
-21,35999914;10,26697731
-21,35499914;9,33347607
-21,34999914;9,80099583
-21,34499914;9,80099583
-21,33999914;8,86749458
-21,33499914;8,39997482
-21,32999914;8,86749458
-21,32499914;7,00049162
-21,31999914;7,46647358
-21,31499915;7,00049162
-21,30999915;6,53297186
-21,30499915;6,53297186
-21,29999915;6,06699038
-21,29499915;5,59947062
-21,28999915;6,06699038
-21,28499915;7,00049162
-21,27999915;5,59947062
-21,27499915;7,00049162
-21,26999915;6,53297186
-21,26499915;6,53297186
-21,25999915;6,53297186
-21,25499915;7,46647358
-21,24999915;6,53297186
-21,24499915;7,46647358
-21,23999915;7,46647358
-21,23499915;7,93399334
-21,22999915;7,00049162
-21,22499915;9,80099583
-21,21999915;7,46647358
-21,21499915;7,00049162
-21,20999915;7,46647358
-21,20499915;7,46647358
-21,19999915;6,06699038
-21,19499915;5,59947062
-21,18999915;5,59947062
-21,18499915;4,19998741
-21,17999915;3,26648593
-21,17499915;3,26648593
-21,16999915;2,79896641
-21,16499915;2,79896641
-21,15999915;1,86546493
-21,15499915;2,79896641
-21,14999915;1,39948320
-21,14499915;2,33298445
-21,13999915;1,39948320
-21,13499915;1,86546493
-21,12999915;1,39948320
-21,12499915;1,86546493
-21,11999915;1,86546493
-21,11499915;1,39948320
-21,10999915;1,39948320
-21,10499915;1,86546493
-21,09999915;2,33298445
-21,09499915;1,86546493
-21,08999915;1,39948320
-21,08499915;1,39948320
-21,07999915;1,86546493
-21,07499915;1,39948320
-21,06999915;1,39948320
-21,06499915;2,33298445
-21,05999915;1,86546493
-21,05499915;1,39948320
-21,04999915;2,79896641
-21,04499915;2,33298445
-21,03999915;2,33298445
-21,03499915;3,26648593
-21,02999915;-6,53297186
-21,02499915;3,26648593
-21,01999915;3,73246789
-21,01499915;3,73246789
-21,00999915;2,79896641
-21,00499915;3,73246789
-20,99999915;4,19998741
-20,99499915;3,73246789
-20,98999915;3,73246789
-20,98499915;3,26648593
-20,97999915;2,79896641
-20,97499915;3,26648593
-20,96999915;3,26648593
-20,96499915;4,19998741
-20,95999915;4,19998741
-20,95499915;3,73246789
-20,94999915;4,19998741
-20,94499915;4,19998741
-20,93999915;5,13348866
-20,93499915;5,13348866
-20,92999915;4,66596889
-20,92499915;6,06699038
-20,91999916;5,59947062
-20,91499916;6,06699038
-20,90999916;6,53297186
-20,90499916;6,53297186
-20,89999916;6,06699038
-20,89499916;7,46647358
-20,88999916;6,06699038
-20,88499916;5,59947062
-20,87999916;6,53297186
-20,87499916;5,13348866
-20,86999916;4,66596889
-20,86499916;5,13348866
-20,85999916;1,86546493
-20,85499916;2,79896641
-20,84999916;2,79896641
-20,84499916;2,79896641
-20,83999916;1,86546493
-20,83499916;1,86546493
-20,82999916;2,79896641
-20,82499916;2,79896641
-20,81999916;1,86546493
-20,81499916;2,33298445
-20,80999916;1,39948320
-20,80499916;1,39948320
-20,79999916;1,86546493
-20,79499916;1,86546493
-20,78999916;0,46598175
-20,78499916;1,39948320
-20,77999916;0,93196350
-20,77499916;0,93196350
-20,76999916;0,00000000
-20,76499916;-0,46598175
-20,75999916;-0,46598175
-20,75499916;-0,46598175
-20,74999916;-1,39948320
-20,74499916;-1,86546493
-20,73999916;-2,33298445
-20,73499916;-2,33298445
-20,72999916;-2,79896641
-20,72499916;-1,86546493
-20,71999916;-2,79896641
-20,71499916;-2,79896641
-20,70999916;-2,79896641
-20,70499916;-3,26648593
-20,69999916;-3,26648593
-20,69499916;-3,26648593
-20,68999916;-3,73246789
-20,68499916;-3,26648593
-20,67999916;-4,19998741
-20,67499916;-3,73246789
-20,66999916;-4,66596889
-20,66499916;-5,59947062
-20,65999916;-5,59947062
-20,65499916;-5,59947062
-20,64999916;-5,59947062
-20,64499916;-6,06699038
-20,63999916;-7,00049162
-20,63499916;-6,53297186
-20,62999916;-7,46647358
-20,62499916;-7,93399334
-20,61999916;-7,46647358
-20,61499916;-8,39997482
-20,60999916;-5,13348866
-20,60499916;-9,33347607
-20,59999916;-9,33347607
-20,59499916;-9,80099583
-20,58999916;-9,80099583
-20,58499916;-9,33347607
-20,57999916;-9,80099583
-20,57499916;-8,39997482
-20,56999916;-7,46647358
-20,56499916;-6,06699038
-20,55999916;-6,53297186
-20,55499916;-4,66596889
-20,54999916;-4,19998741
-20,54499916;-2,79896641
-20,53999916;-2,79896641
-20,53499916;-3,26648593
-20,52999916;-1,86546493
-20,52499916;-2,33298445
-20,51999917;-1,86546493
-20,51499917;-2,33298445
-20,50999917;-1,86546493
-20,50499917;-2,79896641
-20,49999917;-3,26648593
-20,49499917;-4,19998741
-20,48999917;-4,19998741
-20,48499917;-4,19998741
-20,47999917;-5,59947062
-20,47499917;-3,73246789
-20,46999917;-3,73246789
-20,46499917;-2,79896641
-20,45999917;-3,26648593
-20,45499917;-2,79896641
-20,44999917;-3,26648593
-20,44499917;-4,19998741
-20,43999917;-2,33298445
-20,43499917;-2,33298445
-20,42999917;-1,39948320
-20,42499917;-2,33298445
-20,41999917;-1,39948320
-20,41499917;-1,86546493
-20,40999917;-2,33298445
-20,40499917;-2,33298445
-20,39999917;-2,79896641
-20,39499917;-1,86546493
-20,38999917;-1,86546493
-20,38499917;-1,86546493
-20,37999917;-1,86546493
-20,37499917;-0,93196350
-20,36999917;-0,93196350
-20,36499917;0,00000000
-20,35999917;0,00000000
-20,35499917;0,93196350
-20,34999917;0,00000000
-20,34499917;0,46598175
-20,33999917;-0,46598175
-20,33499917;0,46598175
-20,32999917;-0,46598175
-20,32499917;0,00000000
-20,31999917;-1,86546493
-20,31499917;-1,39948320
-20,30999917;-1,86546493
-20,30499917;-2,33298445
-20,29999917;-1,39948320
-20,29499917;-1,86546493
-20,28999917;-1,86546493
-20,28499917;-1,39948320
-20,27999917;0,46598175
-20,27499917;-0,93196350
-20,26999917;-1,39948320
-20,26499917;-0,46598175
-20,25999917;0,93196350
-20,25499917;1,86546493
-20,24999917;0,93196350
-20,24499917;1,86546493
-20,23999917;1,39948320
-20,23499917;1,39948320
-20,22999917;1,39948320
-20,22499917;1,39948320
-20,21999917;2,33298445
-20,21499917;1,39948320
-20,20999917;0,93196350
-20,20499917;0,93196350
-20,19999917;0,46598175
-20,19499917;1,39948320
-20,18999917;0,00000000
-20,18499917;0,46598175
-20,17999917;0,00000000
-20,17499917;0,00000000
-20,16999917;-0,46598175
-20,16499917;0,00000000
-20,15999917;0,00000000
-20,15499917;-1,39948320
-20,14999917;-1,86546493
-20,14499917;-2,79896641
-20,13999917;-1,39948320
-20,13499917;-2,79896641
-20,12999917;-3,73246789
-20,12499918;-3,26648593
-20,11999918;-3,26648593
-20,11499918;-3,26648593
-20,10999918;-3,26648593
-20,10499918;-2,79896641
-20,09999918;-2,79896641
-20,09499918;-2,79896641
-20,08999918;-2,33298445
-20,08499918;-2,33298445
-20,07999918;-1,86546493
-20,07499918;-1,86546493
-20,06999918;-2,79896641
-20,06499918;-3,26648593
-20,05999918;-2,33298445
-20,05499918;-2,79896641
-20,04999918;-3,73246789
-20,04499918;-5,13348866
-20,03999918;-4,66596889
-20,03499918;-4,66596889
-20,02999918;-5,13348866
-20,02499918;-6,06699038
-20,01999918;-6,53297186
-20,01499918;-6,53297186
-20,00999918;-6,53297186
-20,00499918;-6,53297186
-19,99999918;-7,46647358
-19,99499918;-7,00049162
-19,98999918;-7,93399334
-19,98499918;-7,00049162
-19,97999918;-6,53297186
-19,97499918;-7,46647358
-19,96999918;-8,39997482
-19,96499918;-7,00049162
-19,95999918;-7,00049162
-19,95499918;-7,00049162
-19,94999918;-8,39997482
-19,94499918;-8,39997482
-19,93999918;-8,39997482
-19,93499918;-7,93399334
-19,92999918;-8,39997482
-19,92499918;-8,39997482
-19,91999918;-7,93399334
-19,91499918;-8,39997482
-19,90999918;-8,39997482
-19,90499918;-8,86749458
-19,89999918;-8,86749458
-19,89499918;-9,33347607
-19,88999918;-8,39997482
-19,88499918;-8,86749458
-19,87999918;-10,26697731
-19,87499918;-9,80099583
-19,86999918;-9,80099583
-19,86499918;-10,26697731
-19,85999918;-10,26697731
-19,85499918;-9,80099583
-19,84999918;-9,80099583
-19,84499918;-10,73449707
-19,83999918;-10,26697731
-19,83499918;-10,26697731
-19,82999918;-9,33347607
-19,82499918;-8,86749458
-19,81999918;-8,86749458
-19,81499918;-7,46647358
-19,80999918;-7,00049162
-19,80499918;-6,53297186
-19,79999918;-5,13348866
-19,79499918;-4,19998741
-19,78999918;-3,26648593
-19,78499918;-2,33298445
-19,77999918;-1,86546493
-19,77499918;-0,93196350
-19,76999918;-1,86546493
-19,76499918;0,00000000
-19,75999918;-1,86546493
-19,75499918;-0,93196350
-19,74999918;-21,46899414
-19,74499918;-2,33298445
-19,73999918;-1,86546493
-19,73499918;-2,33298445
-19,72999919;-2,33298445
-19,72499919;-2,33298445
-19,71999919;-2,79896641
-19,71499919;-2,33298445
-19,70999919;-3,26648593
-19,70499919;-3,73246789
-19,69999919;-3,26648593
-19,69499919;-2,79896641
-19,68999919;-2,79896641
-19,68499919;-2,79896641
-19,67999919;-3,26648593
-19,67499919;-2,33298445
-19,66999919;-2,33298445
-19,66499919;-3,73246789
-19,65999919;-2,33298445
-19,65499919;-2,33298445
-19,64999919;-1,39948320
-19,64499919;-1,39948320
-19,63999919;-1,39948320
-19,63499919;-0,46598175
-19,62999919;-0,46598175
-19,62499919;0,00000000
-19,61999919;1,86546493
-19,61499919;0,93196350
-19,60999919;1,39948320
-19,60499919;2,33298445
-19,59999919;2,33298445
-19,59499919;2,33298445
-19,58999919;2,79896641
-19,58499919;2,33298445
-19,57999919;1,39948320
-19,57499919;1,86546493
-19,56999919;0,46598175
-19,56499919;1,39948320
-19,55999919;0,00000000
-19,55499919;0,00000000
-19,54999919;0,46598175
-19,54499919;0,00000000
-19,53999919;0,00000000
-19,53499919;0,00000000
-19,52999919;0,46598175
-19,52499919;-0,46598175
-19,51999919;0,93196350
-19,51499919;0,00000000
-19,50999919;0,93196350
-19,50499919;3,26648593
-19,49999919;1,39948320
-19,49499919;1,39948320
-19,48999919;1,86546493
-19,48499919;1,86546493
-19,47999919;0,00000000
-19,47499919;2,33298445
-19,46999919;2,79896641
-19,46499919;1,86546493
-19,45999919;0,93196350
-19,45499919;2,33298445
-19,44999919;1,86546493
-19,44499919;0,93196350
-19,43999919;0,93196350
-19,43499919;0,93196350
-19,42999919;0,46598175
-19,42499919;0,00000000
-19,41999919;0,00000000
-19,41499919;-0,93196350
-19,40999919;-0,93196350
-19,40499919;-0,93196350
-19,39999919;-0,46598175
-19,39499919;-0,46598175
-19,38999919;-0,46598175
-19,38499919;-0,46598175
-19,37999919;-0,93196350
-19,37499919;-0,46598175
-19,36999919;-0,93196350
-19,36499919;-0,46598175
-19,35999919;0,00000000
-19,35499919;0,00000000
-19,34999919;0,46598175
-19,34499919;0,00000000
-19,33999919;0,00000000
-19,33499920;0,00000000
-19,32999920;-0,46598175
-19,32499920;0,46598175
-19,31999920;0,93196350
-19,31499920;1,86546493
-19,30999920;1,86546493
-19,30499920;0,93196350
-19,29999920;1,39948320
-19,29499920;1,86546493
-19,28999920;2,33298445
-19,28499920;1,86546493
-19,27999920;1,39948320
-19,27499920;1,86546493
-19,26999920;1,39948320
-19,26499920;2,33298445
-19,25999920;1,39948320
-19,25499920;0,93196350
-19,24999920;0,46598175
-19,24499920;0,93196350
-19,23999920;0,46598175
-19,23499920;-0,93196350
-19,22999920;-0,93196350
-19,22499920;-0,93196350
-19,21999920;-0,46598175
-19,21499920;0,00000000
-19,20999920;0,46598175
-19,20499920;0,93196350
-19,19999920;0,46598175
-19,19499920;1,39948320
-19,18999920;1,39948320
-19,18499920;1,39948320
-19,17999920;2,33298445
-19,17499920;1,86546493
-19,16999920;2,79896641
-19,16499920;2,79896641
-19,15999920;2,33298445
-19,15499920;4,19998741
-19,14999920;3,26648593
-19,14499920;3,73246789
-19,13999920;4,66596889
-19,13499920;4,19998741
-19,12999920;3,73246789
-19,12499920;4,66596889
-19,11999920;5,59947062
-19,11499920;5,13348866
-19,10999920;5,13348866
-19,10499920;4,66596889
-19,09999920;5,13348866
-19,09499920;4,66596889
-19,08999920;5,59947062
-19,08499920;5,59947062
-19,07999920;5,13348866
-19,07499920;6,06699038
-19,06999920;6,06699038
-19,06499920;6,06699038
-19,05999920;4,66596889
-19,05499920;6,53297186
-19,04999920;5,59947062
-19,04499920;5,59947062
-19,03999920;7,46647358
-19,03499920;6,06699038
-19,02999920;6,53297186
-19,02499920;6,53297186
-19,01999920;6,06699038
-19,01499920;6,53297186
-19,00999920;6,06699038
-19,00499920;6,53297186
-18,99999920;6,06699038
-18,99499920;5,13348866
-18,98999920;5,59947062
-18,98499920;6,06699038
-18,97999920;4,66596889
-18,97499920;6,06699038
-18,96999920;4,66596889
-18,96499920;4,66596889
-18,95999920;4,66596889
-18,95499920;5,13348866
-18,94999920;4,19998741
-18,94499920;4,19998741
-18,93999921;3,73246789
-18,93499921;3,73246789
-18,92999921;3,73246789
-18,92499921;4,66596889
-18,91999921;4,19998741
-18,91499921;4,66596889
-18,90999921;3,73246789
-18,90499921;4,66596889
-18,89999921;4,19998741
-18,89499921;4,19998741
-18,88999921;3,73246789
-18,88499921;4,19998741
-18,87999921;4,19998741
-18,87499921;4,19998741
-18,86999921;4,19998741
-18,86499921;5,13348866
-18,85999921;3,73246789
-18,85499921;4,66596889
-18,84999921;3,26648593
-18,84499921;4,19998741
-18,83999921;4,19998741
-18,83499921;3,73246789
-18,82999921;3,73246789
-18,82499921;3,26648593
-18,81999921;3,73246789
-18,81499921;3,26648593
-18,80999921;3,26648593
-18,80499921;3,73246789
-18,79999921;2,33298445
-18,79499921;3,26648593
-18,78999921;1,86546493
-18,78499921;2,33298445
-18,77999921;1,86546493
-18,77499921;2,33298445
-18,76999921;1,39948320
-18,76499921;0,93196350
-18,75999921;0,93196350
-18,75499921;0,93196350
-18,74999921;7,46647358
-18,74499921;0,46598175
-18,73999921;1,39948320
-18,73499921;0,46598175
-18,72999921;-1,86546493
-18,72499921;0,00000000
-18,71999921;0,93196350
-18,71499921;-0,93196350
-18,70999921;-0,93196350
-18,70499921;-0,93196350
-18,69999921;-0,93196350
-18,69499921;-1,39948320
-18,68999921;-1,39948320
-18,68499921;-1,39948320
-18,67999921;0,93196350
-18,67499921;-0,93196350
-18,66999921;-0,93196350
-18,66499921;0,93196350
-18,65999921;0,93196350
-18,65499921;2,79896641
-18,64999921;3,26648593
-18,64499921;4,19998741
-18,63999921;5,13348866
-18,63499921;6,06699038
-18,62999921;7,46647358
-18,62499921;7,00049162
-18,61999921;7,46647358
-18,61499921;7,46647358
-18,60999921;7,46647358
-18,60499921;7,00049162
-18,59999921;6,53297186
-18,59499921;6,53297186
-18,58999921;5,59947062
-18,58499921;4,66596889
-18,57999921;5,13348866
-18,57499921;4,66596889
-18,56999921;4,66596889
-18,56499921;4,66596889
-18,55999921;4,19998741
-18,55499921;4,19998741
-18,54999921;4,66596889
-18,54499922;5,13348866
-18,53999922;6,06699038
-18,53499922;6,06699038
-18,52999922;5,59947062
-18,52499922;5,59947062
-18,51999922;5,59947062
-18,51499922;6,06699038
-18,50999922;5,13348866
-18,50499922;6,06699038
-18,49999922;4,66596889
-18,49499922;5,13348866
-18,48999922;4,66596889
-18,48499922;4,66596889
-18,47999922;6,53297186
-18,47499922;6,06699038
-18,46999922;6,06699038
-18,46499922;6,53297186
-18,45999922;7,00049162
-18,45499922;7,46647358
-18,44999922;7,00049162
-18,44499922;7,00049162
-18,43999922;7,00049162
-18,43499922;7,00049162
-18,42999922;6,53297186
-18,42499922;5,59947062
-18,41999922;6,06699038
-18,41499922;5,59947062
-18,40999922;6,53297186
-18,40499922;5,59947062
-18,39999922;6,06699038
-18,39499922;5,59947062
-18,38999922;6,53297186
-18,38499922;6,53297186
-18,37999922;7,00049162
-18,37499922;7,46647358
-18,36999922;8,86749458
-18,36499922;8,86749458
-18,35999922;10,26697731
-18,35499922;10,26697731
-18,34999922;11,20047951
-18,34499922;10,73449707
-18,33999922;10,73449707
-18,33499922;10,26697731
-18,32999922;12,13398075
-18,32499922;11,20047951
-18,31999922;12,60150051
-18,31499922;11,20047951
-18,30999922;10,73449707
-18,30499922;10,73449707
-18,29999922;10,73449707
-18,29499922;10,26697731
-18,28999922;9,80099583
-18,28499922;10,26697731
-18,27999922;10,26697731
-18,27499922;10,26697731
-18,26999922;9,33347607
-18,26499922;10,73449707
-18,25999922;9,80099583
-18,25499922;10,26697731
-18,24999922;10,73449707
-18,24499922;10,73449707
-18,23999922;9,80099583
-18,23499922;8,86749458
-18,22999922;8,86749458
-18,22499922;7,46647358
-18,21999922;7,93399334
-18,21499922;8,39997482
-18,20999922;7,93399334
-18,20499922;7,93399334
-18,19999922;7,46647358
-18,19499922;8,39997482
-18,18999922;7,93399334
-18,18499922;7,46647358
-18,17999922;8,39997482
-18,17499922;8,39997482
-18,16999922;8,86749458
-18,16499922;8,39997482
-18,15999922;8,86749458
-18,15499922;8,39997482
-18,14999922;8,39997482
-18,14499923;7,93399334
-18,13999923;7,46647358
-18,13499923;7,93399334
-18,12999923;7,00049162
-18,12499923;7,46647358
-18,11999923;7,46647358
-18,11499923;6,53297186
-18,10999923;5,59947062
-18,10499923;5,59947062
-18,09999923;5,13348866
-18,09499923;5,13348866
-18,08999923;4,66596889
-18,08499923;4,66596889
-18,07999923;5,13348866
-18,07499923;3,73246789
-18,06999923;4,19998741
-18,06499923;3,26648593
-18,05999923;3,73246789
-18,05499923;2,79896641
-18,04999923;3,73246789
-18,04499923;2,79896641
-18,03999923;2,79896641
-18,03499923;2,79896641
-18,02999923;2,79896641
-18,02499923;2,79896641
-18,01999923;1,86546493
-18,01499923;1,86546493
-18,00999923;2,33298445
-18,00499923;2,33298445
-17,99999923;1,39948320
-17,99499923;2,79896641
-17,98999923;1,86546493
-17,98499923;2,33298445
-17,97999923;1,39948320
-17,97499923;1,86546493
-17,96999923;2,33298445
-17,96499923;0,93196350
-17,95999923;1,86546493
-17,95499923;1,39948320
-17,94999923;1,39948320
-17,94499923;1,86546493
-17,93999923;1,86546493
-17,93499923;1,86546493
-17,92999923;1,86546493
-17,92499923;2,33298445
-17,91999923;2,33298445
-17,91499923;3,73246789
-17,90999923;3,73246789
-17,90499923;4,66596889
-17,89999923;5,13348866
-17,89499923;5,59947062
-17,88999923;6,53297186
-17,88499923;7,46647358
-17,87999923;9,80099583
-17,87499923;9,33347607
-17,86999923;10,26697731
-17,86499923;11,66799831
-17,85999923;10,73449707
-17,85499923;12,13398075
-17,84999923;11,20047951
-17,84499923;11,66799831
-17,83999923;11,66799831
-17,83499923;11,20047951
-17,82999923;10,73449707
-17,82499923;9,80099583
-17,81999923;10,73449707
-17,81499923;9,80099583
-17,80999923;8,86749458
-17,80499923;8,39997482
-17,79999923;8,86749458
-17,79499923;9,33347607
-17,78999923;8,86749458
-17,78499923;8,39997482
-17,77999923;8,86749458
-17,77499923;9,33347607
-17,76999923;8,39997482
-17,76499923;8,86749458
-17,75999923;8,86749458
-17,75499923;9,33347607
-17,74999924;11,20047951
-17,74499924;9,33347607
-17,73999924;9,80099583
-17,73499924;9,80099583
-17,72999924;9,80099583
-17,72499924;8,86749458
-17,71999924;10,26697731
-17,71499924;10,26697731
-17,70999924;9,80099583
-17,70499924;9,80099583
-17,69999924;10,73449707
-17,69499924;11,20047951
-17,68999924;10,73449707
-17,68499924;10,73449707
-17,67999924;10,26697731
-17,67499924;10,26697731
-17,66999924;10,26697731
-17,66499924;10,73449707
-17,65999924;10,73449707
-17,65499924;9,33347607
-17,64999924;9,80099583
-17,64499924;9,80099583
-17,63999924;10,26697731
-17,63499924;10,26697731
-17,62999924;10,26697731
-17,62499924;9,80099583
-17,61999924;10,26697731
-17,61499924;11,66799831
-17,60999924;10,73449707
-17,60499924;11,66799831
-17,59999924;11,66799831
-17,59499924;12,60150051
-17,58999924;12,60150051
-17,58499924;12,13398075
-17,57999924;13,06748199
-17,57499924;13,06748199
-17,56999924;13,06748199
-17,56499924;13,53500175
-17,55999924;13,53500175
-17,55499924;13,06748199
-17,54999924;13,06748199
-17,54499924;12,60150051
-17,53999924;12,60150051
-17,53499924;11,20047951
-17,52999924;11,20047951
-17,52499924;10,73449707
-17,51999924;10,73449707
-17,51499924;9,80099583
-17,50999924;9,33347607
-17,50499924;8,39997482
-17,49999924;9,80099583
-17,49499924;9,33347607
-17,48999924;9,33347607
-17,48499924;9,33347607
-17,47999924;8,39997482
-17,47499924;9,80099583
-17,46999924;9,33347607
-17,46499924;10,73449707
-17,45999924;9,80099583
-17,45499924;10,73449707
-17,44999924;11,20047951
-17,44499924;11,66799831
-17,43999924;11,66799831
-17,43499924;12,60150051
-17,42999924;11,66799831
-17,42499924;12,13398075
-17,41999924;14,93448448
-17,41499924;11,20047951
-17,40999924;10,73449707
-17,40499924;11,66799831
-17,39999924;11,20047951
-17,39499924;11,20047951
-17,38999924;10,73449707
-17,38499924;9,80099583
-17,37999924;9,80099583
-17,37499924;9,33347607
-17,36999924;8,39997482
-17,36499924;9,33347607
-17,35999924;8,86749458
-17,35499925;8,39997482
-17,34999925;8,86749458
-17,34499925;9,33347607
-17,33999925;9,33347607
-17,33499925;7,93399334
-17,32999925;8,39997482
-17,32499925;8,39997482
-17,31999925;8,86749458
-17,31499925;8,86749458
-17,30999925;7,93399334
-17,30499925;8,86749458
-17,29999925;8,39997482
-17,29499925;8,39997482
-17,28999925;7,93399334
-17,28499925;7,93399334
-17,27999925;8,86749458
-17,27499925;8,39997482
-17,26999925;7,93399334
-17,26499925;10,26697731
-17,25999925;7,93399334
-17,25499925;7,93399334
-17,24999925;7,46647358
-17,24499925;9,33347607
-17,23999925;8,39997482
-17,23499925;9,33347607
-17,22999925;9,33347607
-17,22499925;8,39997482
-17,21999925;8,86749458
-17,21499925;7,46647358
-17,20999925;8,39997482
-17,20499925;8,39997482
-17,19999925;8,39997482
-17,19499925;8,86749458
-17,18999925;8,39997482
-17,18499925;5,59947062
-17,17999925;8,39997482
-17,17499925;7,93399334
-17,16999925;8,86749458
-17,16499925;7,93399334
-17,15999925;8,86749458
-17,15499925;8,86749458
-17,14999925;8,86749458
-17,14499925;8,86749458
-17,13999925;8,39997482
-17,13499925;8,86749458
-17,12999925;7,93399334
-17,12499925;8,86749458
-17,11999925;8,39997482
-17,11499925;8,39997482
-17,10999925;8,39997482
-17,10499925;7,93399334
-17,09999925;8,39997482
-17,09499925;7,93399334
-17,08999925;7,00049162
-17,08499925;7,46647358
-17,07999925;7,46647358
-17,07499925;7,46647358
-17,06999925;7,93399334
-17,06499925;7,00049162
-17,05999925;7,00049162
-17,05499925;7,46647358
-17,04999925;6,53297186
-17,04499925;7,46647358
-17,03999925;7,00049162
-17,03499925;8,39997482
-17,02999925;8,39997482
-17,02499925;7,93399334
-17,01999925;7,46647358
-17,01499925;6,53297186
-17,00999925;7,00049162
-17,00499925;7,93399334
-16,99999925;7,00049162
-16,99499925;7,00049162
-16,98999925;6,06699038
-16,98499925;7,46647358
-16,97999925;6,06699038
-16,97499925;7,00049162
-16,96999925;7,00049162
-16,96499925;6,06699038
-16,95999926;6,53297186
-16,95499926;6,06699038
-16,94999926;6,06699038
-16,94499926;6,06699038
-16,93999926;6,53297186
-16,93499926;7,00049162
-16,92999926;7,00049162
-16,92499926;6,06699038
-16,91999926;6,53297186
-16,91499926;5,59947062
-16,90999926;6,53297186
-16,90499926;5,59947062
-16,89999926;6,06699038
-16,89499926;6,06699038
-16,88999926;4,66596889
-16,88499926;4,19998741
-16,87999926;3,26648593
-16,87499926;2,79896641
-16,86999926;2,79896641
-16,86499926;4,19998741
-16,85999926;2,33298445
-16,85499926;1,86546493
-16,84999926;2,33298445
-16,84499926;0,46598175
-16,83999926;-0,46598175
-16,83499926;0,46598175
-16,82999926;0,00000000
-16,82499926;-0,46598175
-16,81999926;-0,46598175
-16,81499926;-1,86546493
-16,80999926;-0,46598175
-16,80499926;-1,39948320
-16,79999926;-1,86546493
-16,79499926;-1,86546493
-16,78999926;-2,79896641
-16,78499926;-3,26648593
-16,77999926;-2,79896641
-16,77499926;-2,79896641
-16,76999926;-3,26648593
-16,76499926;-1,86546493
-16,75999926;-2,33298445
-16,75499926;-1,86546493
-16,74999926;-0,93196350
-16,74499926;1,39948320
-16,73999926;1,86546493
-16,73499926;1,86546493
-16,72999926;2,33298445
-16,72499926;2,79896641
-16,71999926;4,66596889
-16,71499926;3,73246789
-16,70999926;3,73246789
-16,70499926;3,73246789
-16,69999926;3,26648593
-16,69499926;2,79896641
-16,68999926;1,86546493
-16,68499926;0,46598175
-16,67999926;1,39948320
-16,67499926;0,93196350
-16,66999926;1,39948320
-16,66499926;1,39948320
-16,65999926;1,39948320
-16,65499926;1,39948320
-16,64999926;0,00000000
-16,64499926;2,33298445
-16,63999926;2,33298445
-16,63499926;3,26648593
-16,62999926;2,79896641
-16,62499926;3,26648593
-16,61999926;2,79896641
-16,61499926;3,73246789
-16,60999926;3,73246789
-16,60499926;4,19998741
-16,59999926;4,19998741
-16,59499926;3,26648593
-16,58999926;4,19998741
-16,58499926;3,73246789
-16,57999926;3,73246789
-16,57499926;3,73246789
-16,56999926;4,66596889
-16,56499927;4,66596889
-16,55999927;4,66596889
-16,55499927;6,06699038
-16,54999927;5,59947062
-16,54499927;7,00049162
-16,53999927;6,06699038
-16,53499927;7,00049162
-16,52999927;6,06699038
-16,52499927;6,06699038
-16,51999927;5,59947062
-16,51499927;6,53297186
-16,50999927;6,06699038
-16,50499927;5,59947062
-16,49999927;4,66596889
-16,49499927;4,19998741
-16,48999927;5,13348866
-16,48499927;4,19998741
-16,47999927;4,66596889
-16,47499927;5,13348866
-16,46999927;4,19998741
-16,46499927;5,13348866
-16,45999927;5,13348866
-16,45499927;5,59947062
-16,44999927;6,53297186
-16,44499927;6,53297186
-16,43999927;6,06699038
-16,43499927;6,53297186
-16,42999927;7,00049162
-16,42499927;7,46647358
-16,41999927;6,53297186
-16,41499927;6,53297186
-16,40999927;6,06699038
-16,40499927;6,06699038
-16,39999927;5,13348866
-16,39499927;4,66596889
-16,38999927;4,66596889
-16,38499927;4,66596889
-16,37999927;3,73246789
-16,37499927;16,80148888
-16,36999927;3,26648593
-16,36499927;3,26648593
-16,35999927;2,33298445
-16,35499927;2,79896641
-16,34999927;1,86546493
-16,34499927;2,33298445
-16,33999927;1,39948320
-16,33499927;1,86546493
-16,32999927;1,86546493
-16,32499927;1,39948320
-16,31999927;1,39948320
-16,31499927;0,93196350
-16,30999927;0,46598175
-16,30499927;0,46598175
-16,29999927;0,93196350
-16,29499927;0,00000000
-16,28999927;1,86546493
-16,28499927;0,46598175
-16,27999927;0,93196350
-16,27499927;0,46598175
-16,26999927;1,39948320
-16,26499927;1,39948320
-16,25999927;0,93196350
-16,25499927;1,39948320
-16,24999927;1,39948320
-16,24499927;0,93196350
-16,23999927;0,46598175
-16,23499927;0,46598175
-16,22999927;0,46598175
-16,22499927;-0,46598175
-16,21999927;-0,93196350
-16,21499927;-0,93196350
-16,20999927;-0,93196350
-16,20499927;-1,39948320
-16,19999927;-2,33298445
-16,19499927;-1,86546493
-16,18999927;-2,79896641
-16,18499927;-3,26648593
-16,17999927;-3,26648593
-16,17499927;-4,19998741
-16,16999928;-4,19998741
-16,16499928;-3,26648593
-16,15999928;-3,26648593
-16,15499928;-3,73246789
-16,14999928;-3,73246789
-16,14499928;-3,73246789
-16,13999928;-3,73246789
-16,13499928;-4,19998741
-16,12999928;-3,26648593
-16,12499928;-3,73246789
-16,11999928;-4,19998741
-16,11499928;-4,66596889
-16,10999928;-5,13348866
-16,10499928;-4,66596889
-16,09999928;-4,66596889
-16,09499928;-5,13348866
-16,08999928;-5,13348866
-16,08499928;-6,06699038
-16,07999928;-5,59947062
-16,07499928;-5,59947062
-16,06999928;-6,06699038
-16,06499928;-6,06699038
-16,05999928;-6,06699038
-16,05499928;-6,06699038
-16,04999928;-6,53297186
-16,04499928;-6,06699038
-16,03999928;-11,20047951
-16,03499928;-6,53297186
-16,02999928;-7,00049162
-16,02499928;-6,53297186
-16,01999928;-7,46647358
-16,01499928;-6,06699038
-16,00999928;-6,06699038
-16,00499928;-4,66596889
-15,99999928;-4,19998741
-15,99499928;-4,19998741
-15,98999928;-3,26648593
-15,98499928;-3,26648593
-15,97999928;-1,86546493
-15,97499928;-1,39948320
-15,96999928;-0,46598175
-15,96499928;0,00000000
-15,95999928;0,00000000
-15,95499928;0,46598175
-15,94999928;0,46598175
-15,94499928;0,46598175
-15,93999928;1,39948320
-15,93499928;0,00000000
-15,92999928;-0,46598175
-15,92499928;-0,93196350
-15,91999928;-2,33298445
-15,91499928;-2,33298445
-15,90999928;-2,33298445
-15,90499928;-3,26648593
-15,89999928;-3,73246789
-15,89499928;-3,73246789
-15,88999928;-4,19998741
-15,88499928;-3,73246789
-15,87999928;-4,19998741
-15,87499928;-3,73246789
-15,86999928;-3,26648593
-15,86499928;-4,19998741
-15,85999928;-3,26648593
-15,85499928;-2,79896641
-15,84999928;-2,79896641
-15,84499928;-2,33298445
-15,83999928;-2,33298445
-15,83499928;-1,39948320
-15,82999928;-0,93196350
-15,82499928;-0,93196350
-15,81999928;-0,46598175
-15,81499928;0,00000000
-15,80999928;0,00000000
-15,80499928;0,00000000
-15,79999928;-0,46598175
-15,79499928;0,46598175
-15,78999928;-0,46598175
-15,78499928;-0,93196350
-15,77999928;0,00000000
-15,77499928;0,00000000
-15,76999929;-0,93196350
-15,76499929;0,00000000
-15,75999929;-1,86546493
-15,75499929;-1,86546493
-15,74999929;-1,39948320
-15,74499929;0,00000000
-15,73999929;-0,93196350
-15,73499929;-1,86546493
-15,72999929;-1,86546493
-15,72499929;-1,39948320
-15,71999929;-1,39948320
-15,71499929;-0,93196350
-15,70999929;-0,93196350
-15,70499929;0,46598175
-15,69999929;0,46598175
-15,69499929;0,00000000
-15,68999929;0,46598175
-15,68499929;0,00000000
-15,67999929;0,93196350
-15,67499929;0,46598175
-15,66999929;0,00000000
-15,66499929;-0,46598175
-15,65999929;-0,46598175
-15,65499929;-0,46598175
-15,64999929;-1,39948320
-15,64499929;-0,46598175
-15,63999929;-0,93196350
-15,63499929;-0,93196350
-15,62999929;-0,46598175
-15,62499929;-1,86546493
-15,61999929;-1,39948320
-15,61499929;-1,39948320
-15,60999929;-1,86546493
-15,60499929;-2,79896641
-15,59999929;-2,33298445
-15,59499929;-2,79896641
-15,58999929;-2,33298445
-15,58499929;-2,79896641
-15,57999929;-2,79896641
-15,57499929;-3,26648593
-15,56999929;-2,79896641
-15,56499929;-2,79896641
-15,55999929;-3,26648593
-15,55499929;-2,33298445
-15,54999929;-2,33298445
-15,54499929;-1,86546493
-15,53999929;-1,39948320
-15,53499929;0,00000000
-15,52999929;-0,93196350
-15,52499929;0,00000000
-15,51999929;-0,46598175
-15,51499929;0,93196350
-15,50999929;0,46598175
-15,50499929;1,39948320
-15,49999929;0,46598175
-15,49499929;1,39948320
-15,48999929;0,00000000
-15,48499929;1,86546493
-15,47999929;0,93196350
-15,47499929;-0,46598175
-15,46999929;0,00000000
-15,46499929;-0,93196350
-15,45999929;-1,39948320
-15,45499929;-1,39948320
-15,44999929;-0,93196350
-15,44499929;-2,79896641
-15,43999929;-2,79896641
-15,43499929;-3,73246789
-15,42999929;-2,33298445
-15,42499929;-2,79896641
-15,41999929;-3,73246789
-15,41499929;-3,73246789
-15,40999929;-4,66596889
-15,40499929;-3,73246789
-15,39999929;-4,19998741
-15,39499929;-4,66596889
-15,38999929;-3,73246789
-15,38499929;-3,73246789
-15,37999929;-3,73246789
-15,37499930;-4,19998741
-15,36999930;-2,33298445
-15,36499930;-3,73246789
-15,35999930;-3,26648593
-15,35499930;-2,33298445
-15,34999930;-2,79896641
-15,34499930;-2,79896641
-15,33999930;-1,86546493
-15,33499930;-1,86546493
-15,32999930;-1,86546493
-15,32499930;-1,39948320
-15,31999930;-2,33298445
-15,31499930;-1,39948320
-15,30999930;-1,86546493
-15,30499930;-2,33298445
-15,29999930;-1,86546493
-15,29499930;-1,39948320
-15,28999930;-1,86546493
-15,28499930;-2,33298445
-15,27999930;-3,26648593
-15,27499930;-1,86546493
-15,26999930;-2,33298445
-15,26499930;-3,26648593
-15,25999930;-3,26648593
-15,25499930;-2,33298445
-15,24999930;-1,39948320
-15,24499930;-2,33298445
-15,23999930;-2,33298445
-15,23499930;-1,86546493
-15,22999930;-1,39948320
-15,22499930;-1,39948320
-15,21999930;-1,86546493
-15,21499930;-0,93196350
-15,20999930;-1,39948320
-15,20499930;0,46598175
-15,19999930;-0,46598175
-15,19499930;-1,39948320
-15,18999930;-1,86546493
-15,18499930;-2,33298445
-15,17999930;-2,79896641
-15,17499930;-3,26648593
-15,16999930;-2,79896641
-15,16499930;-3,26648593
-15,15999930;-3,26648593
-15,15499930;-3,73246789
-15,14999930;-3,26648593
-15,14499930;-2,79896641
-15,13999930;-3,73246789
-15,13499930;-4,19998741
-15,12999930;-4,19998741
-15,12499930;-5,13348866
-15,11999930;-4,19998741
-15,11499930;-3,73246789
-15,10999930;-4,19998741
-15,10499930;-4,19998741
-15,09999930;-4,66596889
-15,09499930;-4,66596889
-15,08999930;-4,66596889
-15,08499930;-5,59947062
-15,07999930;-5,13348866
-15,07499930;-5,59947062
-15,06999930;-6,53297186
-15,06499930;-7,00049162
-15,05999930;-6,53297186
-15,05499930;-7,00049162
-15,04999930;-7,00049162
-15,04499930;-7,00049162
-15,03999930;-7,00049162
-15,03499930;-5,59947062
-15,02999930;-6,53297186
-15,02499930;-6,06699038
-15,01999930;-7,46647358
-15,01499930;-6,53297186
-15,00999930;-6,06699038
-15,00499930;-7,46647358
-14,99999930;-7,00049162
-14,99499930;-7,46647358
-14,98999930;-7,46647358
-14,98499930;-8,39997482
-14,97999931;-8,39997482
-14,97499931;-7,93399334
-14,96999931;-8,39997482
-14,96499931;-9,33347607
-14,95999931;-8,86749458
-14,95499931;-9,33347607
-14,94999931;-9,80099583
-14,94499931;-9,80099583
-14,93999931;-8,86749458
-14,93499931;-9,80099583
-14,92999931;-10,26697731
-14,92499931;-10,26697731
-14,91999931;-9,80099583
-14,91499931;-10,73449707
-14,90999931;-10,73449707
-14,90499931;-10,73449707
-14,89999931;-12,13398075
-14,89499931;-12,60150051
-14,88999931;-12,13398075
-14,88499931;-12,60150051
-14,87999931;-13,53500175
-14,87499931;-13,53500175
-14,86999931;-14,46850300
-14,86499931;-13,53500175
-14,85999931;-13,06748199
-14,85499931;-13,06748199
-14,84999931;-11,20047951
-14,84499931;-10,26697731
-14,83999931;-9,33347607
-14,83499931;-7,93399334
-14,82999931;-7,00049162
-14,82499931;-5,59947062
-14,81999931;-3,73246789
-14,81499931;-3,73246789
-14,80999931;-3,73246789
-14,80499931;-4,19998741
-14,79999931;-3,73246789
-14,79499931;-4,19998741
-14,78999931;-5,13348866
-14,78499931;-5,59947062
-14,77999931;-6,53297186
-14,77499931;-7,00049162
-14,76999931;-8,39997482
-14,76499931;-7,93399334
-14,75999931;-7,46647358
-14,75499931;-7,93399334
-14,74999931;-7,46647358
-14,74499931;-7,93399334
-14,73999931;-8,86749458
-14,73499931;-7,46647358
-14,72999931;-6,53297186
-14,72499931;-7,46647358
-14,71999931;-7,46647358
-14,71499931;-7,00049162
-14,70999931;-7,46647358
-14,70499931;-7,46647358
-14,69999931;-8,39997482
-14,69499931;-8,39997482
-14,68999931;-7,93399334
-14,68499931;-7,93399334
-14,67999931;-8,39997482
-14,67499931;-8,39997482
-14,66999931;-8,39997482
-14,66499931;-7,93399334
-14,65999931;-8,86749458
-14,65499931;-7,93399334
-14,64999931;-6,53297186
-14,64499931;-6,53297186
-14,63999931;-4,66596889
-14,63499931;-6,06699038
-14,62999931;-5,13348866
-14,62499931;-6,53297186
-14,61999931;-6,06699038
-14,61499931;-5,59947062
-14,60999931;-7,00049162
-14,60499931;-5,59947062
-14,59999931;-6,53297186
-14,59499931;-7,46647358
-14,58999931;-7,46647358
-14,58499932;-7,93399334
-14,57999932;-7,93399334
-14,57499932;-7,46647358
-14,56999932;-7,00049162
-14,56499932;-7,00049162
-14,55999932;-7,00049162
-14,55499932;-7,46647358
-14,54999932;-7,00049162
-14,54499932;-6,06699038
-14,53999932;6,06699038
-14,53499932;-4,66596889
-14,52999932;-4,66596889
-14,52499932;-3,73246789
-14,51999932;-4,66596889
-14,51499932;-3,26648593
-14,50999932;-3,73246789
-14,50499932;-3,26648593
-14,49999932;-3,26648593
-14,49499932;-3,26648593
-14,48999932;-4,66596889
-14,48499932;-3,73246789
-14,47999932;-5,13348866
-14,47499932;-5,13348866
-14,46999932;-4,66596889
-14,46499932;-5,59947062
-14,45999932;-6,06699038
-14,45499932;-5,13348866
-14,44999932;-5,59947062
-14,44499932;-6,06699038
-14,43999932;-5,59947062
-14,43499932;-7,46647358
-14,42999932;-6,53297186
-14,42499932;-6,53297186
-14,41999932;-7,93399334
-14,41499932;-6,53297186
-14,40999932;-7,00049162
-14,40499932;-7,46647358
-14,39999932;-7,46647358
-14,39499932;-7,46647358
-14,38999932;-7,93399334
-14,38499932;-7,46647358
-14,37999932;-7,00049162
-14,37499932;-6,06699038
-14,36999932;-7,46647358
-14,36499932;-5,59947062
-14,35999932;-5,59947062
-14,35499932;-5,59947062
-14,34999932;-4,66596889
-14,34499932;-4,66596889
-14,33999932;-5,13348866
-14,33499932;-5,13348866
-14,32999932;-5,59947062
-14,32499932;-4,66596889
-14,31999932;-5,59947062
-14,31499932;-5,59947062
-14,30999932;-6,06699038
-14,30499932;-5,59947062
-14,29999932;-6,53297186
-14,29499932;-7,00049162
-14,28999932;-6,53297186
-14,28499932;-7,00049162
-14,27999932;-7,00049162
-14,27499932;-7,00049162
-14,26999932;-6,53297186
-14,26499932;-6,53297186
-14,25999932;-7,46647358
-14,25499932;-7,93399334
-14,24999932;-6,53297186
-14,24499932;-7,93399334
-14,23999932;-8,39997482
-14,23499932;-8,86749458
-14,22999932;-9,80099583
-14,22499932;-8,86749458
-14,21999932;-10,26697731
-14,21499932;-9,80099583
-14,20999932;-9,33347607
-14,20499932;-10,26697731
-14,19999932;-9,33347607
-14,19499932;-8,86749458
-14,18999933;-9,80099583
-14,18499933;-9,80099583
-14,17999933;-8,86749458
-14,17499933;-9,80099583
-14,16999933;-9,80099583
-14,16499933;-9,80099583
-14,15999933;-9,33347607
-14,15499933;-9,33347607
-14,14999933;-9,80099583
-14,14499933;-10,26697731
-14,13999933;-10,26697731
-14,13499933;-10,73449707
-14,12999933;-10,26697731
-14,12499933;-10,73449707
-14,11999933;-10,26697731
-14,11499933;-10,26697731
-14,10999933;-10,26697731
-14,10499933;-10,73449707
-14,09999933;-10,73449707
-14,09499933;-9,80099583
-14,08999933;-9,33347607
-14,08499933;-8,86749458
-14,07999933;-7,46647358
-14,07499933;-7,00049162
-14,06999933;-6,06699038
-14,06499933;-5,13348866
-14,05999933;-5,13348866
-14,05499933;-4,19998741
-14,04999933;-3,26648593
-14,04499933;-4,66596889
-14,03999933;-4,19998741
-14,03499933;-5,13348866
-14,02999933;-5,59947062
-14,02499933;-5,59947062
-14,01999933;-5,13348866
-14,01499933;-6,06699038
-14,00999933;-6,06699038
-14,00499933;-7,00049162
-13,99999933;-7,93399334
-13,99499933;-7,46647358
-13,98999933;-9,33347607
-13,98499933;-7,93399334
-13,97999933;-7,00049162
-13,97499933;-7,93399334
-13,96999933;-7,46647358
-13,96499933;-7,00049162
-13,95999933;-7,93399334
-13,95499933;-7,00049162
-13,94999933;-7,00049162
-13,94499933;-6,06699038
-13,93999933;-7,00049162
-13,93499933;-5,59947062
-13,92999933;-6,53297186
-13,92499933;-5,59947062
-13,91999933;-6,06699038
-13,91499933;-5,59947062
-13,90999933;-5,59947062
-13,90499933;-5,59947062
-13,89999933;-4,66596889
-13,89499933;-5,13348866
-13,88999933;-4,66596889
-13,88499933;-4,19998741
-13,87999933;-5,13348866
-13,87499933;-4,66596889
-13,86999933;-5,13348866
-13,86499933;-5,13348866
-13,85999933;-4,19998741
-13,85499933;-5,13348866
-13,84999933;-6,06699038
-13,84499933;-5,13348866
-13,83999933;-5,13348866
-13,83499933;-4,19998741
-13,82999933;-4,19998741
-13,82499933;-2,79896641
-13,81999933;-2,79896641
-13,81499933;-2,33298445
-13,80999933;-2,33298445
-13,80499933;-1,39948320
-13,79999933;-1,86546493
-13,79499934;-1,86546493
-13,78999934;-1,39948320
-13,78499934;0,00000000
-13,77999934;-0,93196350
-13,77499934;0,00000000
-13,76999934;0,46598175
-13,76499934;-8,39997482
-13,75999934;0,46598175
-13,75499934;1,39948320
-13,74999934;0,46598175
-13,74499934;0,46598175
-13,73999934;2,33298445
-13,73499934;0,93196350
-13,72999934;0,93196350
-13,72499934;0,93196350
-13,71999934;0,46598175
-13,71499934;0,00000000
-13,70999934;0,93196350
-13,70499934;0,00000000
-13,69999934;0,46598175
-13,69499934;0,00000000
-13,68999934;0,93196350
-13,68499934;0,00000000
-13,67999934;0,46598175
-13,67499934;0,46598175
-13,66999934;1,39948320
-13,66499934;0,46598175
-13,65999934;0,46598175
-13,65499934;1,39948320
-13,64999934;1,39948320
-13,64499934;1,39948320
-13,63999934;2,79896641
-13,63499934;1,86546493
-13,62999934;2,79896641
-13,62499934;3,26648593
-13,61999934;2,79896641
-13,61499934;4,19998741
-13,60999934;3,73246789
-13,60499934;4,19998741
-13,59999934;3,26648593
-13,59499934;4,19998741
-13,58999934;3,73246789
-13,58499934;4,19998741
-13,57999934;3,26648593
-13,57499934;3,26648593
-13,56999934;2,79896641
-13,56499934;1,86546493
-13,55999934;2,33298445
-13,55499934;1,86546493
-13,54999934;1,39948320
-13,54499934;0,93196350
-13,53999934;0,00000000
-13,53499934;-0,46598175
-13,52999934;0,00000000
-13,52499934;0,00000000
-13,51999934;-0,93196350
-13,51499934;0,46598175
-13,50999934;-0,93196350
-13,50499934;0,46598175
-13,49999934;0,00000000
-13,49499934;-9,80099583
-13,48999934;0,00000000
-13,48499934;-0,46598175
-13,47999934;0,46598175
-13,47499934;0,00000000
-13,46999934;-0,46598175
-13,46499934;0,93196350
-13,45999934;0,46598175
-13,45499934;0,93196350
-13,44999934;1,39948320
-13,44499934;0,46598175
-13,43999934;0,46598175
-13,43499934;0,46598175
-13,42999934;1,39948320
-13,42499934;1,86546493
-13,41999934;1,86546493
-13,41499934;1,86546493
-13,40999934;2,33298445
-13,40499934;3,26648593
-13,39999934;3,26648593
-13,39499935;3,73246789
-13,38999935;4,19998741
-13,38499935;4,66596889
-13,37999935;4,66596889
-13,37499935;4,66596889
-13,36999935;4,66596889
-13,36499935;4,66596889
-13,35999935;5,13348866
-13,35499935;4,66596889
-13,34999935;5,13348866
-13,34499935;4,66596889
-13,33999935;4,66596889
-13,33499935;4,66596889
-13,32999935;4,66596889
-13,32499935;5,13348866
-13,31999935;5,13348866
-13,31499935;5,59947062
-13,30999935;6,06699038
-13,30499935;6,06699038
-13,29999935;6,06699038
-13,29499935;6,06699038
-13,28999935;7,00049162
-13,28499935;6,53297186
-13,27999935;7,00049162
-13,27499935;7,00049162
-13,26999935;6,06699038
-13,26499935;6,53297186
-13,25999935;7,00049162
-13,25499935;6,06699038
-13,24999935;5,59947062
-13,24499935;5,59947062
-13,23999935;5,59947062
-13,23499935;5,13348866
-13,22999935;4,66596889
-13,22499935;4,66596889
-13,21999935;5,13348866
-13,21499935;4,66596889
-13,20999935;5,13348866
-13,20499935;4,66596889
-13,19999935;4,66596889
-13,19499935;4,66596889
-13,18999935;3,73246789
-13,18499935;4,66596889
-13,17999935;3,26648593
-13,17499935;3,26648593
-13,16999935;2,33298445
-13,16499935;1,86546493
-13,15999935;1,86546493
-13,15499935;1,39948320
-13,14999935;1,39948320
-13,14499935;1,39948320
-13,13999935;0,46598175
-13,13499935;0,00000000
-13,12999935;0,46598175
-13,12499935;0,93196350
-13,11999935;0,00000000
-13,11499935;0,46598175
-13,10999935;1,86546493
-13,10499935;0,93196350
-13,09999935;0,46598175
-13,09499935;0,46598175
-13,08999935;0,46598175
-13,08499935;0,93196350
-13,07999935;0,00000000
-13,07499935;0,00000000
-13,06999935;-0,93196350
-13,06499935;-0,46598175
-13,05999935;-0,46598175
-13,05499935;-1,86546493
-13,04999935;-1,39948320
-13,04499935;-1,86546493
-13,03999935;-2,33298445
-13,03499935;-1,39948320
-13,02999935;-4,19998741
-13,02499935;-4,19998741
-13,01999935;-4,19998741
-13,01499935;-3,26648593
-13,00999935;-3,73246789
-13,00499935;-3,73246789
-12,99999936;-4,66596889
-12,99499936;-3,26648593
-12,98999936;-4,66596889
-12,98499936;-4,19998741
-12,97999936;-5,13348866
-12,97499936;-4,66596889
-12,96999936;-4,66596889
-12,96499936;-4,19998741
-12,95999936;-4,66596889
-12,95499936;-4,19998741
-12,94999936;-2,79896641
-12,94499936;-2,79896641
-12,93999936;-3,26648593
-12,93499936;-0,46598175
-12,92999936;0,00000000
-12,92499936;1,86546493
-12,91999936;1,86546493
-12,91499936;3,26648593
-12,90999936;2,79896641
-12,90499936;3,73246789
-12,89999936;3,73246789
-12,89499936;3,73246789
-12,88999936;3,73246789
-12,88499936;4,19998741
-12,87999936;3,73246789
-12,87499936;4,19998741
-12,86999936;3,26648593
-12,86499936;2,79896641
-12,85999936;3,26648593
-12,85499936;3,26648593
-12,84999936;1,86546493
-12,84499936;3,73246789
-12,83999936;3,26648593
-12,83499936;5,13348866
-12,82999936;3,73246789
-12,82499936;4,19998741
-12,81999936;4,66596889
-12,81499936;3,26648593
-12,80999936;4,66596889
-12,80499936;3,73246789
-12,79999936;3,73246789
-12,79499936;3,73246789
-12,78999936;4,19998741
-12,78499936;3,26648593
-12,77999936;3,73246789
-12,77499936;4,19998741
-12,76999936;3,73246789
-12,76499936;4,66596889
-12,75999936;4,19998741
-12,75499936;5,59947062
-12,74999936;5,59947062
-12,74499936;5,13348866
-12,73999936;5,13348866
-12,73499936;6,06699038
-12,72999936;6,06699038
-12,72499936;5,59947062
-12,71999936;5,13348866
-12,71499936;5,13348866
-12,70999936;4,66596889
-12,70499936;3,26648593
-12,69999936;3,26648593
-12,69499936;3,26648593
-12,68999936;1,86546493
-12,68499936;1,39948320
-12,67999936;2,79896641
-12,67499936;1,39948320
-12,66999936;2,33298445
-12,66499936;-6,06699038
-12,65999936;1,86546493
-12,65499936;1,86546493
-12,64999936;3,26648593
-12,64499936;2,33298445
-12,63999936;5,13348866
-12,63499936;5,59947062
-12,62999936;0,46598175
-12,62499936;4,19998741
-12,61999936;4,19998741
-12,61499936;6,06699038
-12,60999936;6,53297186
-12,60499937;7,00049162
-12,59999937;7,00049162
-12,59499937;7,00049162
-12,58999937;6,53297186
-12,58499937;5,59947062
-12,57999937;7,00049162
-12,57499937;5,59947062
-12,56999937;6,53297186
-12,56499937;6,06699038
-12,55999937;3,73246789
-12,55499937;5,59947062
-12,54999937;5,13348866
-12,54499937;4,66596889
-12,53999937;5,13348866
-12,53499937;4,66596889
-12,52999937;4,19998741
-12,52499937;4,66596889
-12,51999937;3,73246789
-12,51499937;4,19998741
-12,50999937;3,73246789
-12,50499937;3,73246789
-12,49999937;3,73246789
-12,49499937;4,19998741
-12,48999937;4,19998741
-12,48499937;4,19998741
-12,47999937;4,66596889
-12,47499937;5,59947062
-12,46999937;4,19998741
-12,46499937;5,59947062
-12,45999937;5,13348866
-12,45499937;6,53297186
-12,44999937;6,06699038
-12,44499937;5,59947062
-12,43999937;5,13348866
-12,43499937;6,06699038
-12,42999937;5,13348866
-12,42499937;4,19998741
-12,41999937;3,73246789
-12,41499937;3,26648593
-12,40999937;1,86546493
-12,40499937;0,93196350
-12,39999937;0,93196350
-12,39499937;-0,46598175
-12,38999937;-0,46598175
-12,38499937;-2,33298445
-12,37999937;-1,86546493
-12,37499937;-1,86546493
-12,36999937;-2,79896641
-12,36499937;-3,73246789
-12,35999937;-3,26648593
-12,35499937;-3,73246789
-12,34999937;-4,19998741
-12,34499937;-3,73246789
-12,33999937;-3,26648593
-12,33499937;-4,19998741
-12,32999937;-4,19998741
-12,32499937;-4,66596889
-12,31999937;11,66799831
-12,31499937;-4,19998741
-12,30999937;-4,66596889
-12,30499937;-5,13348866
-12,29999937;-6,06699038
-12,29499937;-6,06699038
-12,28999937;-6,06699038
-12,28499937;-6,53297186
-12,27999937;-6,53297186
-12,27499937;-6,06699038
-12,26999937;-6,53297186
-12,26499937;-6,53297186
-12,25999937;-7,46647358
-12,25499937;-7,93399334
-12,24999937;-7,46647358
-12,24499937;-7,46647358
-12,23999937;-7,46647358
-12,23499937;-4,66596889
-12,22999937;-7,93399334
-12,22499937;-7,93399334
-12,21999937;-8,39997482
-12,21499937;-8,39997482
-12,20999938;-7,93399334
-12,20499938;-8,39997482
-12,19999938;-7,46647358
-12,19499938;-7,46647358
-12,18999938;-6,53297186
-12,18499938;-5,59947062
-12,17999938;-5,59947062
-12,17499938;-4,19998741
-12,16999938;-3,73246789
-12,16499938;-2,33298445
-12,15999938;-1,86546493
-12,15499938;0,00000000
-12,14999938;0,00000000
-12,14499938;0,93196350
-12,13999938;0,00000000
-12,13499938;0,93196350
-12,12999938;0,93196350
-12,12499938;1,39948320
-12,11999938;0,93196350
-12,11499938;0,46598175
-12,10999938;0,00000000
-12,10499938;0,46598175
-12,09999938;-0,46598175
-12,09499938;-0,46598175
-12,08999938;-1,39948320
-12,08499938;-0,93196350
-12,07999938;-0,93196350
-12,07499938;-1,86546493
-12,06999938;-1,39948320
-12,06499938;-1,39948320
-12,05999938;-1,39948320
-12,05499938;-0,46598175
-12,04999938;-0,46598175
-12,04499938;-0,46598175
-12,03999938;0,93196350
-12,03499938;2,33298445
-12,02999938;1,39948320
-12,02499938;1,86546493
-12,01999938;1,86546493
-12,01499938;2,79896641
-12,00999938;2,79896641
-12,00499938;3,73246789
-11,99999938;4,19998741
-11,99499938;4,19998741
-11,98999938;4,19998741
-11,98499938;4,19998741
-11,97999938;21,93497658
-11,97499938;4,19998741
-11,96999938;3,73246789
-11,96499938;4,19998741
-11,95999938;3,73246789
-11,95499938;4,19998741
-11,94999938;3,26648593
-11,94499938;3,73246789
-11,93999938;3,26648593
-11,93499938;3,26648593
-11,92999938;2,79896641
-11,92499938;3,26648593
-11,91999938;2,33298445
-11,91499938;3,26648593
-11,90999938;2,33298445
-11,90499938;2,33298445
-11,89999938;2,33298445
-11,89499938;2,33298445
-11,88999938;2,33298445
-11,88499938;1,86546493
-11,87999938;1,39948320
-11,87499938;1,86546493
-11,86999938;0,46598175
-11,86499938;0,93196350
-11,85999938;0,46598175
-11,85499938;0,00000000
-11,84999938;0,00000000
-11,84499938;-0,46598175
-11,83999938;-1,39948320
-11,83499938;-2,79896641
-11,82999938;-2,33298445
-11,82499938;-2,33298445
-11,81999938;-1,86546493
-11,81499939;-2,79896641
-11,80999939;-3,26648593
-11,80499939;-3,73246789
-11,79999939;-3,73246789
-11,79499939;-3,26648593
-11,78999939;-3,26648593
-11,78499939;-4,19998741
-11,77999939;-3,26648593
-11,77499939;-3,73246789
-11,76999939;-3,73246789
-11,76499939;-4,19998741
-11,75999939;-3,73246789
-11,75499939;-4,19998741
-11,74999939;-4,19998741
-11,74499939;-5,59947062
-11,73999939;-5,59947062
-11,73499939;-5,59947062
-11,72999939;-3,73246789
-11,72499939;-5,13348866
-11,71999939;-5,13348866
-11,71499939;-4,66596889
-11,70999939;-3,73246789
-11,70499939;-4,66596889
-11,69999939;-3,73246789
-11,69499939;-3,73246789
-11,68999939;-3,26648593
-11,68499939;-2,33298445
-11,67999939;-2,79896641
-11,67499939;-3,26648593
-11,66999939;13,06748199
-11,66499939;-3,26648593
-11,65999939;-3,73246789
-11,65499939;-3,73246789
-11,64999939;-3,73246789
-11,64499939;-3,26648593
-11,63999939;-4,19998741
-11,63499939;-4,66596889
-11,62999939;-4,66596889
-11,62499939;-3,73246789
-11,61999939;-4,66596889
-11,61499939;-6,06699038
-11,60999939;-5,59947062
-11,60499939;-4,66596889
-11,59999939;-5,13348866
-11,59499939;-5,13348866
-11,58999939;-5,13348866
-11,58499939;-4,66596889
-11,57999939;-5,13348866
-11,57499939;-4,66596889
-11,56999939;-5,59947062
-11,56499939;-3,26648593
-11,55999939;-5,13348866
-11,55499939;-4,19998741
-11,54999939;-4,66596889
-11,54499939;-4,19998741
-11,53999939;-4,66596889
-11,53499939;-4,19998741
-11,52999939;-4,66596889
-11,52499939;-4,66596889
-11,51999939;-5,13348866
-11,51499939;-4,66596889
-11,50999939;-4,19998741
-11,50499939;-4,66596889
-11,49999939;-4,19998741
-11,49499939;-4,19998741
-11,48999939;-3,73246789
-11,48499939;-4,66596889
-11,47999939;-3,73246789
-11,47499939;-4,19998741
-11,46999939;-3,73246789
-11,46499939;-4,66596889
-11,45999939;-4,19998741
-11,45499939;-4,19998741
-11,44999939;-3,73246789
-11,44499939;-4,66596889
-11,43999939;-3,73246789
-11,43499939;-4,19998741
-11,42999939;-3,73246789
-11,42499939;-3,26648593
-11,41999940;-3,73246789
-11,41499940;-3,73246789
-11,40999940;-3,73246789
-11,40499940;-4,19998741
-11,39999940;-3,73246789
-11,39499940;-3,26648593
-11,38999940;-2,79896641
-11,38499940;-3,73246789
-11,37999940;-3,26648593
-11,37499940;-3,26648593
-11,36999940;-3,73246789
-11,36499940;-3,73246789
-11,35999940;-3,26648593
-11,35499940;-3,26648593
-11,34999940;-3,73246789
-11,34499940;-3,73246789
-11,33999940;-4,19998741
-11,33499940;-3,73246789
-11,32999940;-5,13348866
-11,32499940;-4,66596889
-11,31999940;-4,66596889
-11,31499940;-3,73246789
-11,30999940;-5,13348866
-11,30499940;-4,66596889
-11,29999940;-5,13348866
-11,29499940;-2,33298445
-11,28999940;-5,13348866
-11,28499940;-5,13348866
-11,27999940;-6,53297186
-11,27499940;-6,06699038
-11,26999940;-6,53297186
-11,26499940;-5,59947062
-11,25999940;-5,59947062
-11,25499940;-6,53297186
-11,24999940;-5,59947062
-11,24499940;-6,06699038
-11,23999940;-5,59947062
-11,23499940;-5,59947062
-11,22999940;-6,53297186
-11,22499940;-6,53297186
-11,21999940;-7,00049162
-11,21499940;-7,00049162
-11,20999940;-7,46647358
-11,20499940;-7,00049162
-11,19999940;-7,93399334
-11,19499940;-7,00049162
-11,18999940;-7,00049162
-11,18499940;-7,46647358
-11,17999940;-7,00049162
-11,17499940;-7,00049162
-11,16999940;-7,93399334
-11,16499940;-7,93399334
-11,15999940;-7,46647358
-11,15499940;-7,46647358
-11,14999940;-8,86749458
-11,14499940;-8,39997482
-11,13999940;-9,33347607
-11,13499940;-8,86749458
-11,12999940;-10,73449707
-11,12499940;-10,73449707
-11,11999940;-11,20047951
-11,11499940;-12,13398075
-11,10999940;-12,60150051
-11,10499940;-13,06748199
-11,09999940;-13,06748199
-11,09499940;-14,00098324
-11,08999940;-14,00098324
-11,08499940;-14,93448448
-11,07999940;-14,93448448
-11,07499940;-15,86798668
-11,06999940;-15,86798668
-11,06499940;-16,80148888
-11,05999940;-15,40046692
-11,05499940;-15,86798668
-11,04999940;-16,33396912
-11,04499940;-15,40046692
-11,03999940;-14,00098324
-11,03499940;-13,53500175
-11,02999940;-12,60150051
-11,02499940;-11,66799831
-11,01999941;-11,66799831
-11,01499941;-9,80099583
-11,00999941;-9,33347607
-11,00499941;-9,33347607
-10,99999941;-7,93399334
-10,99499941;-8,39997482
-10,98999941;-8,39997482
-10,98499941;-8,39997482
-10,97999941;-8,86749458
-10,97499941;-9,80099583
-10,96999941;-9,80099583
-10,96499941;-10,73449707
-10,95999941;-10,73449707
-10,95499941;-11,66799831
-10,94999941;-12,13398075
-10,94499941;-10,73449707
-10,93999941;-11,20047951
-10,93499941;-10,73449707
-10,92999941;-11,20047951
-10,92499941;-10,26697731
-10,91999941;-11,20047951
-10,91499941;-9,80099583
-10,90999941;-10,26697731
-10,90499941;-10,26697731
-10,89999941;-10,73449707
-10,89499941;-8,86749458
-10,88999941;-10,73449707
-10,88499941;-9,80099583
-10,87999941;-10,26697731
-10,87499941;-10,26697731
-10,86999941;-10,73449707
-10,86499941;-10,26697731
-10,85999941;-9,80099583
-10,85499941;-9,33347607
-10,84999941;-9,33347607
-10,84499941;-8,86749458
-10,83999941;-8,86749458
-10,83499941;-8,39997482
-10,82999941;-7,46647358
-10,82499941;-7,46647358
-10,81999941;-7,46647358
-10,81499941;-6,06699038
-10,80999941;-7,93399334
-10,80499941;-7,46647358
-10,79999941;-7,46647358
-10,79499941;-7,46647358
-10,78999941;-7,46647358
-10,78499941;-8,86749458
-10,77999941;-7,00049162
-10,77499941;-7,93399334
-10,76999941;-8,39997482
-10,76499941;-7,46647358
-10,75999941;-7,00049162
-10,75499941;-7,93399334
-10,74999941;-7,00049162
-10,74499941;-7,00049162
-10,73999941;-6,06699038
-10,73499941;-5,59947062
-10,72999941;-6,06699038
-10,72499941;-5,59947062
-10,71999941;-5,13348866
-10,71499941;-5,13348866
-10,70999941;-4,66596889
-10,70499941;-5,13348866
-10,69999941;-4,19998741
-10,69499941;-4,19998741
-10,68999941;-4,19998741
-10,68499941;-5,13348866
-10,67999941;-5,59947062
-10,67499941;-6,53297186
-10,66999941;-6,06699038
-10,66499941;-6,53297186
-10,65999941;-7,46647358
-10,65499941;-7,46647358
-10,64999941;-7,93399334
-10,64499941;-8,39997482
-10,63999941;-8,39997482
-10,63499941;-8,86749458
-10,62999941;-9,33347607
-10,62499942;-11,20047951
-10,61999942;-10,26697731
-10,61499942;-11,66799831
-10,60999942;-11,20047951
-10,60499942;-12,60150051
-10,59999942;-13,06748199
-10,59499942;-12,60150051
-10,58999942;-12,13398075
-10,58499942;-13,06748199
-10,57999942;-13,06748199
-10,57499942;-12,60150051
-10,56999942;-13,53500175
-10,56499942;-14,46850300
-10,55999942;-14,00098324
-10,55499942;-14,00098324
-10,54999942;-14,46850300
-10,54499942;-14,00098324
-10,53999942;-14,00098324
-10,53499942;-14,00098324
-10,52999942;-14,00098324
-10,52499942;-14,93448448
-10,51999942;-14,00098324
-10,51499942;-14,00098324
-10,50999942;-14,93448448
-10,50499942;-14,93448448
-10,49999942;-14,93448448
-10,49499942;-15,40046692
-10,48999942;-16,33396912
-10,48499942;-16,33396912
-10,47999942;-16,80148888
-10,47499942;-17,26746941
-10,46999942;-16,80148888
-10,46499942;-17,26746941
-10,45999942;-16,80148888
-10,45499942;-19,60199165
-10,44999942;-17,73498917
-10,44499942;-17,26746941
-10,43999942;-17,73498917
-10,43499942;-18,20096970
-10,42999942;-18,66848946
-10,42499942;-18,20096970
-10,41999942;-19,13447189
-10,41499942;-18,20096970
-10,40999942;-19,13447189
-10,40499942;-18,66848946
-10,39999942;-18,66848946
-10,39499942;-17,73498917
-10,38999942;-19,13447189
-10,38499942;-18,20096970
-10,37999942;-19,13447189
-10,37499942;-19,13447189
-10,36999942;-18,66848946
-10,36499942;-18,66848946
-10,35999942;-18,66848946
-10,35499942;-18,66848946
-10,34999942;-18,66848946
-10,34499942;-19,60199165
-10,33999942;-19,60199165
-10,33499942;-19,60199165
-10,32999942;-20,06797409
-10,32499942;-19,13447189
-10,31999942;-20,06797409
-10,31499942;-19,13447189
-10,30999942;-21,46899414
-10,30499942;-19,60199165
-10,29999942;-20,06797409
-10,29499942;-18,66848946
-10,28999942;-18,20096970
-10,28499942;-17,73498917
-10,27999942;-18,66848946
-10,27499942;-15,86798668
-10,26999942;-14,93448448
-10,26499942;-14,46850300
-10,25999942;-13,53500175
-10,25499942;-12,60150051
-10,24999942;-13,06748199
-10,24499942;-13,53500175
-10,23999942;-12,13398075
-10,23499942;-11,66799831
-10,22999943;-12,13398075
-10,22499943;-12,13398075
-10,21999943;-12,60150051
-10,21499943;-13,06748199
-10,20999943;-12,13398075
-10,20499943;-14,00098324
-10,19999943;-14,00098324
-10,19499943;-14,00098324
-10,18999943;-14,93448448
-10,18499943;-15,86798668
-10,17999943;-15,86798668
-10,17499943;-15,40046692
-10,16999943;-16,33396912
-10,16499943;-17,73498917
-10,15999943;-15,86798668
-10,15499943;-16,33396912
-10,14999943;-14,93448448
-10,14499943;-15,86798668
-10,13999943;-16,33396912
-10,13499943;-15,40046692
-10,12999943;-15,86798668
-10,12499943;-16,33396912
-10,11999943;-15,86798668
-10,11499943;-15,86798668
-10,10999943;-16,80148888
-10,10499943;-16,33396912
-10,09999943;-14,93448448
-10,09499943;-14,93448448
-10,08999943;-15,40046692
-10,08499943;-14,00098324
-10,07999943;-14,46850300
-10,07499943;-16,33396912
-10,06999943;-13,53500175
-10,06499943;-13,53500175
-10,05999943;-13,53500175
-10,05499943;-13,06748199
-10,04999943;-13,53500175
-10,04499943;-12,60150051
-10,03999943;-13,06748199
-10,03499943;-14,00098324
-10,02999943;-13,06748199
-10,02499943;-14,00098324
-10,01999943;-14,46850300
-10,01499943;-14,00098324
-10,00999943;-14,46850300
-10,00499943;-13,53500175
-9,99999943;-14,00098324
-9,99499943;-13,53500175
-9,98999943;-13,53500175
-9,98499943;-13,06748199
-9,97999943;-12,60150051
-9,97499943;-11,66799831
-9,96999943;-12,13398075
-9,96499943;-11,66799831
-9,95999943;-11,20047951
-9,95499943;-10,73449707
-9,94999943;-10,73449707
-9,94499943;-10,26697731
-9,93999943;-10,73449707
-9,93499943;-10,26697731
-9,92999943;-10,73449707
-9,92499943;-10,73449707
-9,91999943;-10,73449707
-9,91499943;-11,66799831
-9,90999943;-11,66799831
-9,90499943;-12,13398075
-9,89999943;-12,13398075
-9,89499943;-13,53500175
-9,88999943;-13,06748199
-9,88499943;-13,06748199
-9,87999943;-14,00098324
-9,87499943;-14,00098324
-9,86999943;-14,00098324
-9,86499943;-14,00098324
-9,85999943;-14,46850300
-9,85499943;-13,53500175
-9,84999943;-14,00098324
-9,84499943;-13,53500175
-9,83999943;-12,60150051
-9,83499944;-13,06748199
-9,82999944;-13,06748199
-9,82499944;-13,06748199
-9,81999944;-13,06748199
-9,81499944;-12,13398075
-9,80999944;-12,13398075
-9,80499944;-11,66799831
-9,79999944;-11,20047951
-9,79499944;-12,13398075
-9,78999944;-11,66799831
-9,78499944;-12,60150051
-9,77999944;-13,06748199
-9,77499944;-13,06748199
-9,76999944;-13,06748199
-9,76499944;-13,06748199
-9,75999944;-13,53500175
-9,75499944;-13,53500175
-9,74999944;-13,53500175
-9,74499944;-14,46850300
-9,73999944;-14,46850300
-9,73499944;-14,46850300
-9,72999944;-14,00098324
-9,72499944;-14,46850300
-9,71999944;-14,93448448
-9,71499944;-14,46850300
-9,70999944;-14,93448448
-9,70499944;-15,40046692
-9,69999944;-15,40046692
-9,69499944;-16,80148888
-9,68999944;-14,00098324
-9,68499944;-14,00098324
-9,67999944;-14,46850300
-9,67499944;-15,40046692
-9,66999944;-14,46850300
-9,66499944;-15,40046692
-9,65999944;-14,46850300
-9,65499944;-14,00098324
-9,64999944;-13,53500175
-9,64499944;-13,53500175
-9,63999944;-13,06748199
-9,63499944;-12,60150051
-9,62999944;-12,60150051
-9,62499944;-12,60150051
-9,61999944;-11,20047951
-9,61499944;-11,20047951
-9,60999944;-10,73449707
-9,60499944;-11,66799831
-9,59999944;-10,26697731
-9,59499944;-9,80099583
-9,58999944;-9,80099583
-9,58499944;-10,26697731
-9,57999944;-10,73449707
-9,57499944;-10,26697731
-9,56999944;-10,73449707
-9,56499944;-10,73449707
-9,55999944;-10,73449707
-9,55499944;-11,20047951
-9,54999944;-10,26697731
-9,54499944;-11,20047951
-9,53999944;-10,73449707
-9,53499944;-10,73449707
-9,52999944;-10,26697731
-9,52499944;-10,26697731
-9,51999944;-10,26697731
-9,51499944;-9,80099583
-9,50999944;-10,73449707
-9,50499944;-9,80099583
-9,49999944;-9,33347607
-9,49499944;-8,86749458
-9,48999944;-8,86749458
-9,48499944;-8,86749458
-9,47999944;-9,80099583
-9,47499944;-9,80099583
-9,46999944;-8,86749458
-9,46499944;-9,33347607
-9,45999944;-10,73449707
-9,45499944;-10,26697731
-9,44999944;-9,80099583
-9,44499944;-10,26697731
-9,43999945;-9,80099583
-9,43499945;-10,26697731
-9,42999945;-9,80099583
-9,42499945;-10,26697731
-9,41999945;-10,26697731
-9,41499945;-10,26697731
-9,40999945;-10,73449707
-9,40499945;-10,73449707
-9,39999945;-10,26697731
-9,39499945;-10,26697731
-9,38999945;-10,73449707
-9,38499945;-10,26697731
-9,37999945;-11,66799831
-9,37499945;-10,73449707
-9,36999945;-9,80099583
-9,36499945;-10,26697731
-9,35999945;-11,20047951
-9,35499945;-11,20047951
-9,34999945;-10,73449707
-9,34499945;-10,73449707
-9,33999945;-10,73449707
-9,33499945;-11,66799831
-9,32999945;-14,00098324
-9,32499945;-11,20047951
-9,31999945;-11,66799831
-9,31499945;-11,20047951
-9,30999945;-11,20047951
-9,30499945;-11,66799831
-9,29999945;-11,20047951
-9,29499945;-12,13398075
-9,28999945;-11,20047951
-9,28499945;-12,13398075
-9,27999945;-11,20047951
-9,27499945;-12,60150051
-9,26999945;-12,60150051
-9,26499945;-12,13398075
-9,25999945;-12,60150051
-9,25499945;-13,06748199
-9,24999945;-11,66799831
-9,24499945;-13,53500175
-9,23999945;-13,53500175
-9,23499945;-14,00098324
-9,22999945;-14,00098324
-9,22499945;-14,00098324
-9,21999945;-14,00098324
-9,21499945;-15,40046692
-9,20999945;-15,40046692
-9,20499945;-16,33396912
-9,19999945;-16,33396912
-9,19499945;-16,80148888
-9,18999945;-17,73498917
-9,18499945;-17,73498917
-9,17999945;-18,20096970
-9,17499945;-18,20096970
-9,16999945;-18,20096970
-9,16499945;-18,66848946
-9,15999945;-18,66848946
-9,15499945;-19,13447189
-9,14999945;-19,13447189
-9,14499945;-18,20096970
-9,13999945;-19,13447189
-9,13499945;-16,80148888
-9,12999945;-16,33396912
-9,12499945;-16,33396912
-9,11999945;-14,46850300
-9,11499945;-13,06748199
-9,10999945;-12,13398075
-9,10499945;-10,73449707
-9,09999945;-11,20047951
-9,09499945;-10,26697731
-9,08999945;-9,80099583
-9,08499945;-10,73449707
-9,07999945;-9,33347607
-9,07499945;-9,80099583
-9,06999945;-9,80099583
-9,06499945;-9,33347607
-9,05999945;-9,80099583
-9,05499945;-8,86749458
-9,04999945;-10,73449707
-9,04499945;-9,80099583
-9,03999946;-10,26697731
-9,03499946;-9,80099583
-9,02999946;-9,33347607
-9,02499946;-9,33347607
-9,01999946;-8,39997482
-9,01499946;-9,33347607
-9,00999946;-7,93399334
-9,00499946;-7,93399334
-8,99999946;-8,39997482
-8,99499946;-8,39997482
-8,98999946;-8,86749458
-8,98499946;-7,00049162
-8,97999946;-7,93399334
-8,97499946;-7,46647358
-8,96999946;-7,93399334
-8,96499946;-6,53297186
-8,95999946;-6,06699038
-8,95499946;-5,59947062
-8,94999946;-5,13348866
-8,94499946;-4,19998741
-8,93999946;-4,19998741
-8,93499946;-2,79896641
-8,92999946;-1,86546493
-8,92499946;-1,86546493
-8,91999946;-1,39948320
-8,91499946;-1,39948320
-8,90999946;-1,39948320
-8,90499946;-1,39948320
-8,89999946;-1,39948320
-8,89499946;-2,79896641
-8,88999946;-2,79896641
-8,88499946;-2,79896641
-8,87999946;-1,39948320
-8,87499946;-4,66596889
-8,86999946;-2,33298445
-8,86499946;-2,79896641
-8,85999946;-2,79896641
-8,85499946;-3,73246789
-8,84999946;-2,79896641
-8,84499946;-2,33298445
-8,83999946;-2,33298445
-8,83499946;-1,39948320
-8,82999946;-0,93196350
-8,82499946;-1,86546493
-8,81999946;-1,39948320
-8,81499946;0,00000000
-8,80999946;-0,46598175
-8,80499946;-0,93196350
-8,79999946;-0,93196350
-8,79499946;-0,93196350
-8,78999946;-1,39948320
-8,78499946;-1,39948320
-8,77999946;-1,86546493
-8,77499946;-3,26648593
-8,76999946;-2,33298445
-8,76499946;-3,73246789
-8,75999946;-3,73246789
-8,75499946;-3,26648593
-8,74999946;-4,19998741
-8,74499946;-3,73246789
-8,73999946;-3,73246789
-8,73499946;-4,19998741
-8,72999946;-4,66596889
-8,72499946;-3,73246789
-8,71999946;-4,66596889
-8,71499946;-4,19998741
-8,70999946;-3,26648593
-8,70499946;-4,19998741
-8,69999946;-5,13348866
-8,69499946;-6,06699038
-8,68999946;-5,59947062
-8,68499946;-6,06699038
-8,67999946;-6,53297186
-8,67499946;-7,00049162
-8,66999946;-6,53297186
-8,66499946;-6,06699038
-8,65999946;-6,53297186
-8,65499946;-6,06699038
-8,64999946;-5,59947062
-8,64499947;-5,13348866
-8,63999947;-6,06699038
-8,63499947;-3,73246789
-8,62999947;-3,73246789
-8,62499947;-3,26648593
-8,61999947;-2,79896641
-8,61499947;-2,33298445
-8,60999947;-2,79896641
-8,60499947;-0,93196350
-8,59999947;-2,33298445
-8,59499947;-3,26648593
-8,58999947;-3,26648593
-8,58499947;-3,73246789
-8,57999947;-4,19998741
-8,57499947;-3,73246789
-8,56999947;-4,66596889
-8,56499947;-3,73246789
-8,55999947;-4,66596889
-8,55499947;-5,59947062
-8,54999947;-4,66596889
-8,54499947;-5,13348866
-8,53999947;-5,13348866
-8,53499947;-5,13348866
-8,52999947;-4,19998741
-8,52499947;-4,66596889
-8,51999947;-4,66596889
-8,51499947;-3,73246789
-8,50999947;-3,73246789
-8,50499947;-3,73246789
-8,49999947;-4,66596889
-8,49499947;-4,19998741
-8,48999947;-3,73246789
-8,48499947;-4,19998741
-8,47999947;-4,66596889
-8,47499947;-5,13348866
-8,46999947;-5,13348866
-8,46499947;-5,13348866
-8,45999947;-4,66596889
-8,45499947;-4,66596889
-8,44999947;-3,73246789
-8,44499947;-4,66596889
-8,43999947;-3,73246789
-8,43499947;-3,73246789
-8,42999947;-3,73246789
-8,42499947;-3,26648593
-8,41999947;-4,66596889
-8,41499947;-3,26648593
-8,40999947;-3,26648593
-8,40499947;-3,73246789
-8,39999947;-2,33298445
-8,39499947;-2,79896641
-8,38999947;-2,33298445
-8,38499947;-1,86546493
-8,37999947;-2,33298445
-8,37499947;-1,86546493
-8,36999947;-0,46598175
-8,36499947;0,00000000
-8,35999947;0,00000000
-8,35499947;0,93196350
-8,34999947;1,39948320
-8,34499947;0,93196350
-8,33999947;1,86546493
-8,33499947;2,33298445
-8,32999947;0,93196350
-8,32499947;1,39948320
-8,31999947;0,93196350
-8,31499947;0,93196350
-8,30999947;0,93196350
-8,30499947;0,93196350
-8,29999947;0,93196350
-8,29499947;2,79896641
-8,28999947;0,00000000
-8,28499947;-0,46598175
-8,27999947;0,00000000
-8,27499947;-0,46598175
-8,26999947;-0,46598175
-8,26499947;0,00000000
-8,25999947;-0,46598175
-8,25499947;-0,46598175
-8,24999948;0,46598175
-8,24499948;0,00000000
-8,23999948;0,46598175
-8,23499948;1,39948320
-8,22999948;1,39948320
-8,22499948;1,39948320
-8,21999948;0,93196350
-8,21499948;2,79896641
-8,20999948;2,33298445
-8,20499948;3,73246789
-8,19999948;5,59947062
-8,19499948;3,26648593
-8,18999948;4,66596889
-8,18499948;5,59947062
-8,17999948;6,53297186
-8,17499948;7,00049162
-8,16999948;7,00049162
-8,16499948;7,00049162
-8,15999948;7,46647358
-8,15499948;7,93399334
-8,14999948;7,93399334
-8,14499948;7,46647358
-8,13999948;7,46647358
-8,13499948;8,39997482
-8,12999948;8,39997482
-8,12499948;8,86749458
-8,11999948;8,86749458
-8,11499948;9,33347607
-8,10999948;9,80099583
-8,10499948;9,33347607
-8,09999948;10,26697731
-8,09499948;9,33347607
-8,08999948;11,20047951
-8,08499948;11,66799831
-8,07999948;11,20047951
-8,07499948;12,60150051
-8,06999948;13,06748199
-8,06499948;13,06748199
-8,05999948;13,53500175
-8,05499948;14,00098324
-8,04999948;14,00098324
-8,04499948;13,53500175
-8,03999948;13,53500175
-8,03499948;14,00098324
-8,02999948;13,53500175
-8,02499948;13,06748199
-8,01999948;12,13398075
-8,01499948;13,53500175
-8,00999948;11,66799831
-8,00499948;11,66799831
-7,99999948;11,20047951
-7,99499948;12,13398075
-7,98999948;11,20047951
-7,98499948;11,20047951
-7,97999948;10,73449707
-7,97499948;11,20047951
-7,96999948;11,66799831
-7,96499948;11,20047951
-7,95999948;10,26697731
-7,95499948;10,73449707
-7,94999948;10,26697731
-7,94499948;10,73449707
-7,93999948;9,80099583
-7,93499948;10,73449707
-7,92999948;11,66799831
-7,92499948;10,73449707
-7,91999948;10,73449707
-7,91499948;11,66799831
-7,90999948;11,20047951
-7,90499948;11,20047951
-7,89999948;11,20047951
-7,89499948;12,13398075
-7,88999948;12,60150051
-7,88499948;13,06748199
-7,87999948;13,06748199
-7,87499948;13,06748199
-7,86999948;12,60150051
-7,86499948;14,00098324
-7,85999948;13,53500175
-7,85499949;13,06748199
-7,84999949;13,06748199
-7,84499949;12,13398075
-7,83999949;12,13398075
-7,83499949;12,60150051
-7,82999949;12,60150051
-7,82499949;12,13398075
-7,81999949;12,60150051
-7,81499949;12,60150051
-7,80999949;12,60150051
-7,80499949;12,60150051
-7,79999949;12,60150051
-7,79499949;13,06748199
-7,78999949;12,13398075
-7,78499949;13,06748199
-7,77999949;14,00098324
-7,77499949;13,53500175
-7,76999949;14,00098324
-7,76499949;14,46850300
-7,75999949;13,53500175
-7,75499949;14,93448448
-7,74999949;14,93448448
-7,74499949;14,46850300
-7,73999949;14,93448448
-7,73499949;16,80148888
-7,72999949;16,33396912
-7,72499949;15,86798668
-7,71999949;16,33396912
-7,71499949;17,26746941
-7,70999949;17,26746941
-7,70499949;17,26746941
-7,69999949;17,73498917
-7,69499949;16,80148888
-7,68999949;17,26746941
-7,68499949;17,73498917
-7,67999949;16,33396912
-7,67499949;17,73498917
-7,66999949;17,26746941
-7,66499949;17,73498917
-7,65999949;18,20096970
-7,65499949;17,73498917
-7,64999949;17,26746941
-7,64499949;16,33396912
-7,63999949;17,26746941
-7,63499949;17,73498917
-7,62999949;16,80148888
-7,62499949;17,26746941
-7,61999949;17,26746941
-7,61499949;18,66848946
-7,60999949;17,73498917
-7,60499949;18,20096970
-7,59999949;18,66848946
-7,59499949;18,20096970
-7,58999949;19,13447189
-7,58499949;18,66848946
-7,57999949;18,66848946
-7,57499949;19,13447189
-7,56999949;19,13447189
-7,56499949;18,66848946
-7,55999949;19,13447189
-7,55499949;18,66848946
-7,54999949;18,66848946
-7,54499949;19,60199165
-7,53999949;16,80148888
-7,53499949;18,66848946
-7,52999949;19,13447189
-7,52499949;20,06797409
-7,51999949;18,66848946
-7,51499949;19,60199165
-7,50999949;19,60199165
-7,50499949;18,66848946
-7,49999949;18,66848946
-7,49499949;18,20096970
-7,48999949;19,13447189
-7,48499949;19,13447189
-7,47999949;21,46899414
-7,47499949;19,60199165
-7,46999949;20,06797409
-7,46499949;19,60199165
-7,45999950;20,53549385
-7,45499950;20,53549385
-7,44999950;20,53549385
-7,44499950;21,00147629
-7,43999950;20,53549385
-7,43499950;20,06797409
-7,42999950;20,53549385
-7,42499950;20,06797409
-7,41999950;20,06797409
-7,41499950;21,00147629
-7,40999950;20,06797409
-7,40499950;20,53549385
-7,39999950;21,00147629
-7,39499950;20,53549385
-7,38999950;20,06797409
-7,38499950;20,06797409
-7,37999950;20,53549385
-7,37499950;20,53549385
-7,36999950;20,53549385
-7,36499950;20,53549385
-7,35999950;20,53549385
-7,35499950;20,53549385
-7,34999950;20,06797409
-7,34499950;19,13447189
-7,33999950;19,60199165
-7,33499950;19,60199165
-7,32999950;19,13447189
-7,32499950;18,20096970
-7,31999950;18,66848946
-7,31499950;17,73498917
-7,30999950;18,20096970
-7,30499950;17,26746941
-7,29999950;17,26746941
-7,29499950;17,26746941
-7,28999950;15,86798668
-7,28499950;15,40046692
-7,27999950;15,40046692
-7,27499950;15,40046692
-7,26999950;15,40046692
-7,26499950;15,40046692
-7,25999950;13,53500175
-7,25499950;13,53500175
-7,24999950;12,60150051
-7,24499950;13,06748199
-7,23999950;14,00098324
-7,23499950;12,60150051
-7,22999950;14,46850300
-7,22499950;15,40046692
-7,21999950;15,40046692
-7,21499950;17,26746941
-7,20999950;17,26746941
-7,20499950;19,60199165
-7,19999950;21,00147629
-7,19499950;21,46899414
-7,18999950;21,46899414
-7,18499950;21,46899414
-7,17999950;22,40249634
-7,17499950;21,46899414
-7,16999950;21,00147629
-7,16499950;21,46899414
-7,15999950;21,00147629
-7,15499950;19,60199165
-7,14999950;19,60199165
-7,14499950;18,66848946
-7,13999950;18,20096970
-7,13499950;17,73498917
-7,12999950;18,66848946
-7,12499950;19,13447189
-7,11999950;19,60199165
-7,11499950;18,66848946
-7,10999950;19,13447189
-7,10499950;20,06797409
-7,09999950;18,66848946
-7,09499950;20,06797409
-7,08999950;20,53549385
-7,08499950;21,00147629
-7,07999950;21,46899414
-7,07499950;20,53549385
-7,06999950;21,46899414
-7,06499951;23,33599663
-7,05999951;21,00147629
-7,05499951;21,46899414
-7,04999951;21,93497658
-7,04499951;21,46899414
-7,03999951;21,46899414
-7,03499951;22,86847687
-7,02999951;23,80197906
-7,02499951;24,26949883
-7,01999951;24,26949883
-7,01499951;24,73548126
-7,00999951;25,20300102
-7,00499951;24,26949883
-6,99999951;24,73548126
-6,99499951;25,20300102
-6,98999951;23,80197906
-6,98499951;24,73548126
-6,97999951;24,26949883
-6,97499951;22,86847687
-6,96999951;23,33599663
-6,96499951;22,40249634
-6,95999951;22,86847687
-6,95499951;23,33599663
-6,94999951;22,86847687
-6,94499951;23,80197906
-6,93999951;23,80197906
-6,93499951;24,26949883
-6,92999951;23,80197906
-6,92499951;25,20300102
-6,91999951;25,66898346
-6,91499951;25,66898346
-6,90999951;26,60248184
-6,90499951;26,60248184
-6,89999951;27,53598404
-6,89499951;26,60248184
-6,88999951;26,13650131
-6,88499951;26,60248184
-6,87999951;27,07000351
-6,87499951;26,60248184
-6,86999951;26,13650131
-6,86499951;26,13650131
-6,85999951;25,66898346
-6,85499951;24,73548126
-6,84999951;23,80197906
-6,84499951;23,80197906
-6,83999951;23,80197906
-6,83499951;22,86847687
-6,82999951;23,33599663
-6,82499951;21,46899414
-6,81999951;21,46899414
-6,81499951;20,53549385
-6,80999951;20,06797409
-6,80499951;19,60199165
-6,79999951;19,60199165
-6,79499951;19,60199165
-6,78999951;19,60199165
-6,78499951;20,06797409
-6,77999951;18,66848946
-6,77499951;19,13447189
-6,76999951;19,60199165
-6,76499951;19,13447189
-6,75999951;19,13447189
-6,75499951;19,13447189
-6,74999951;19,60199165
-6,74499951;20,06797409
-6,73999951;19,60199165
-6,73499951;20,53549385
-6,72999951;21,00147629
-6,72499951;20,53549385
-6,71999951;19,60199165
-6,71499951;21,00147629
-6,70999951;19,13447189
-6,70499951;20,06797409
-6,69999951;19,60199165
-6,69499951;18,66848946
-6,68999951;18,66848946
-6,68499951;18,20096970
-6,67999951;17,26746941
-6,67499951;17,26746941
-6,66999951;16,80148888
-6,66499952;17,73498917
-6,65999952;16,33396912
-6,65499952;15,40046692
-6,64999952;15,40046692
-6,64499952;15,86798668
-6,63999952;15,40046692
-6,63499952;15,40046692
-6,62999952;15,40046692
-6,62499952;15,40046692
-6,61999952;15,86798668
-6,61499952;15,40046692
-6,60999952;15,86798668
-6,60499952;15,86798668
-6,59999952;14,93448448
-6,59499952;15,86798668
-6,58999952;14,93448448
-6,58499952;15,40046692
-6,57999952;16,33396912
-6,57499952;15,86798668
-6,56999952;15,40046692
-6,56499952;14,00098324
-6,55999952;14,93448448
-6,55499952;14,46850300
-6,54999952;14,00098324
-6,54499952;14,46850300
-6,53999952;14,00098324
-6,53499952;13,53500175
-6,52999952;13,53500175
-6,52499952;13,53500175
-6,51999952;12,60150051
-6,51499952;13,53500175
-6,50999952;12,13398075
-6,50499952;12,13398075
-6,49999952;11,20047951
-6,49499952;13,06748199
-6,48999952;12,60150051
-6,48499952;12,60150051
-6,47999952;12,13398075
-6,47499952;14,00098324
-6,46999952;13,53500175
-6,46499952;14,93448448
-6,45999952;15,40046692
-6,45499952;15,86798668
-6,44999952;16,80148888
-6,44499952;18,20096970
-6,43999952;18,66848946
-6,43499952;19,13447189
-6,42999952;19,60199165
-6,42499952;19,13447189
-6,41999952;18,20096970
-6,41499952;19,13447189
-6,40999952;18,66848946
-6,40499952;18,20096970
-6,39999952;17,73498917
-6,39499952;16,80148888
-6,38999952;16,80148888
-6,38499952;15,86798668
-6,37999952;14,93448448
-6,37499952;15,40046692
-6,36999952;14,00098324
-6,36499952;14,00098324
-6,35999952;13,53500175
-6,35499952;13,53500175
-6,34999952;13,06748199
-6,34499952;14,00098324
-6,33999952;13,06748199
-6,33499952;13,06748199
-6,32999952;13,06748199
-6,32499952;13,53500175
-6,31999952;13,53500175
-6,31499952;13,53500175
-6,30999952;13,53500175
-6,30499952;14,46850300
-6,29999952;14,00098324
-6,29499952;14,00098324
-6,28999952;13,53500175
-6,28499952;18,66848946
-6,27999952;13,06748199
-6,27499952;14,93448448
-6,26999953;15,40046692
-6,26499953;16,80148888
-6,25999953;15,40046692
-6,25499953;15,86798668
-6,24999953;15,86798668
-6,24499953;16,33396912
-6,23999953;17,26746941
-6,23499953;16,33396912
-6,22999953;16,33396912
-6,22499953;16,80148888
-6,21999953;17,26746941
-6,21499953;16,80148888
-6,20999953;17,73498917
-6,20499953;17,26746941
-6,19999953;17,26746941
-6,19499953;17,73498917
-6,18999953;17,73498917
-6,18499953;17,73498917
-6,17999953;18,20096970
-6,17499953;18,66848946
-6,16999953;18,66848946
-6,16499953;19,60199165
-6,15999953;20,06797409
-6,15499953;21,46899414
-6,14999953;20,06797409
-6,14499953;21,00147629
-6,13999953;21,00147629
-6,13499953;20,53549385
-6,12999953;20,53549385
-6,12499953;20,53549385
-6,11999953;21,00147629
-6,11499953;21,46899414
-6,10999953;20,53549385
-6,10499953;19,60199165
-6,09999953;19,60199165
-6,09499953;19,60199165
-6,08999953;19,13447189
-6,08499953;19,13447189
-6,07999953;17,73498917
-6,07499953;18,66848946
-6,06999953;18,20096970
-6,06499953;17,73498917
-6,05999953;17,73498917
-6,05499953;17,26746941
-6,04999953;17,26746941
-6,04499953;17,26746941
-6,03999953;16,80148888
-6,03499953;16,80148888
-6,02999953;17,26746941
-6,02499953;16,80148888
-6,01999953;16,33396912
-6,01499953;17,26746941
-6,00999953;16,80148888
-6,00499953;16,33396912
-5,99999953;17,26746941
-5,99499953;16,80148888
-5,98999953;16,33396912
-5,98499953;16,80148888
-5,97999953;16,33396912
-5,97499953;16,80148888
-5,96999953;16,33396912
-5,96499953;15,86798668
-5,95999953;15,40046692
-5,95499953;15,40046692
-5,94999953;14,46850300
-5,94499953;14,93448448
-5,93999953;14,00098324
-5,93499953;14,00098324
-5,92999953;14,00098324
-5,92499953;13,53500175
-5,91999953;13,06748199
-5,91499953;13,06748199
-5,90999953;13,06748199
-5,90499953;12,13398075
-5,89999953;11,66799831
-5,89499953;12,13398075
-5,88999953;11,66799831
-5,88499953;10,26697731
-5,87999953;10,73449707
-5,87499954;9,80099583
-5,86999954;10,26697731
-5,86499954;9,33347607
-5,85999954;10,73449707
-5,85499954;10,26697731
-5,84999954;9,33347607
-5,84499954;11,20047951
-5,83999954;9,80099583
-5,83499954;9,80099583
-5,82999954;9,80099583
-5,82499954;9,80099583
-5,81999954;9,80099583
-5,81499954;9,33347607
-5,80999954;9,80099583
-5,80499954;10,26697731
-5,79999954;10,26697731
-5,79499954;11,20047951
-5,78999954;11,66799831
-5,78499954;12,60150051
-5,77999954;13,06748199
-5,77499954;12,60150051
-5,76999954;11,66799831
-5,76499954;13,06748199
-5,75999954;12,13398075
-5,75499954;11,66799831
-5,74999954;10,73449707
-5,74499954;12,60150051
-5,73999954;13,06748199
-5,73499954;13,06748199
-5,72999954;12,60150051
-5,72499954;13,06748199
-5,71999954;13,06748199
-5,71499954;13,53500175
-5,70999954;13,06748199
-5,70499954;13,06748199
-5,69999954;13,06748199
-5,69499954;12,13398075
-5,68999954;13,53500175
-5,68499954;13,53500175
-5,67999954;12,60150051
-5,67499954;14,00098324
-5,66999954;13,06748199
-5,66499954;14,00098324
-5,65999954;14,00098324
-5,65499954;13,06748199
-5,64999954;13,53500175
-5,64499954;13,53500175
-5,63999954;14,00098324
-5,63499954;13,06748199
-5,62999954;13,53500175
-5,62499954;13,53500175
-5,61999954;13,53500175
-5,61499954;11,20047951
-5,60999954;12,60150051
-5,60499954;12,13398075
-5,59999954;12,13398075
-5,59499954;13,06748199
-5,58999954;12,60150051
-5,58499954;12,60150051
-5,57999954;11,66799831
-5,57499954;11,20047951
-5,56999954;12,13398075
-5,56499954;11,66799831
-5,55999954;11,20047951
-5,55499954;10,73449707
-5,54999954;10,26697731
-5,54499954;10,73449707
-5,53999954;9,80099583
-5,53499954;9,33347607
-5,52999954;9,33347607
-5,52499954;9,33347607
-5,51999954;9,80099583
-5,51499954;9,33347607
-5,50999954;9,33347607
-5,50499954;8,86749458
-5,49999954;8,39997482
-5,49499954;8,39997482
-5,48999954;8,39997482
-5,48499954;7,46647358
-5,47999955;7,00049162
-5,47499955;7,00049162
-5,46999955;7,46647358
-5,46499955;6,53297186
-5,45999955;7,46647358
-5,45499955;6,06699038
-5,44999955;6,53297186
-5,44499955;5,59947062
-5,43999955;5,13348866
-5,43499955;5,59947062
-5,42999955;4,19998741
-5,42499955;4,66596889
-5,41999955;3,73246789
-5,41499955;3,73246789
-5,40999955;2,79896641
-5,40499955;2,33298445
-5,39999955;1,86546493
-5,39499955;2,79896641
-5,38999955;1,39948320
-5,38499955;1,86546493
-5,37999955;-0,46598175
-5,37499955;0,00000000
-5,36999955;-0,93196350
-5,36499955;-0,93196350
-5,35999955;-1,86546493
-5,35499955;-1,86546493
-5,34999955;-1,86546493
-5,34499955;-0,93196350
-5,33999955;-2,79896641
-5,33499955;-2,33298445
-5,32999955;-2,33298445
-5,32499955;-1,39948320
-5,31999955;-0,46598175
-5,31499955;0,93196350
-5,30999955;1,86546493
-5,30499955;2,79896641
-5,29999955;4,19998741
-5,29499955;4,66596889
-5,28999955;5,13348866
-5,28499955;5,13348866
-5,27999955;7,00049162
-5,27499955;6,53297186
-5,26999955;6,06699038
-5,26499955;5,13348866
-5,25999955;5,59947062
-5,25499955;5,59947062
-5,24999955;4,66596889
-5,24499955;3,73246789
-5,23999955;3,73246789
-5,23499955;3,26648593
-5,22999955;3,73246789
-5,22499955;2,79896641
-5,21999955;3,26648593
-5,21499955;3,26648593
-5,20999955;5,13348866
-5,20499955;3,26648593
-5,19999955;4,19998741
-5,19499955;3,73246789
-5,18999955;4,19998741
-5,18499955;4,19998741
-5,17999955;3,73246789
-5,17499955;4,19998741
-5,16999955;3,73246789
-5,16499955;3,26648593
-5,15999955;4,19998741
-5,15499955;2,79896641
-5,14999955;3,73246789
-5,14499955;3,26648593
-5,13999955;4,19998741
-5,13499955;4,19998741
-5,12999955;4,66596889
-5,12499955;5,13348866
-5,11999955;5,13348866
-5,11499955;4,19998741
-5,10999955;5,59947062
-5,10499955;5,59947062
-5,09999955;6,06699038
-5,09499955;5,59947062
-5,08999955;6,06699038
-5,08499956;5,59947062
-5,07999956;3,73246789
-5,07499956;4,66596889
-5,06999956;4,19998741
-5,06499956;5,13348866
-5,05999956;2,79896641
-5,05499956;3,26648593
-5,04999956;4,19998741
-5,04499956;3,73246789
-5,03999956;4,19998741
-5,03499956;3,73246789
-5,02999956;4,19998741
-5,02499956;4,19998741
-5,01999956;4,19998741
-5,01499956;3,73246789
-5,00999956;5,13348866
-5,00499956;4,66596889
-4,99999956;5,59947062
-4,99499956;5,59947062
-4,98999956;5,13348866
-4,98499956;6,06699038
-4,97999956;5,59947062
-4,97499956;6,53297186
-4,96999956;4,66596889
-4,96499956;5,13348866
-4,95999956;6,53297186
-4,95499956;5,13348866
-4,94999956;4,19998741
-4,94499956;3,73246789
-4,93999956;2,79896641
-4,93499956;3,73246789
-4,92999956;2,33298445
-4,92499956;2,33298445
-4,91999956;1,39948320
-4,91499956;1,39948320
-4,90999956;0,93196350
-4,90499956;1,39948320
-4,89999956;0,46598175
-4,89499956;0,00000000
-4,88999956;-0,93196350
-4,88499956;-0,46598175
-4,87999956;-1,39948320
-4,87499956;-1,39948320
-4,86999956;-0,93196350
-4,86499956;-2,79896641
-4,85999956;-0,93196350
-4,85499956;-1,39948320
-4,84999956;0,00000000
-4,84499956;-1,39948320
-4,83999956;-0,93196350
-4,83499956;-0,46598175
-4,82999956;-0,46598175
-4,82499956;-1,39948320
-4,81999956;-1,39948320
-4,81499956;-2,33298445
-4,80999956;-1,86546493
-4,80499956;-2,33298445
-4,79999956;-2,33298445
-4,79499956;-3,26648593
-4,78999956;-3,73246789
-4,78499956;-3,73246789
-4,77999956;-4,66596889
-4,77499956;-5,13348866
-4,76999956;-5,59947062
-4,76499956;-6,06699038
-4,75999956;-7,00049162
-4,75499956;-7,00049162
-4,74999956;-7,46647358
-4,74499956;-7,00049162
-4,73999956;-7,46647358
-4,73499956;-7,00049162
-4,72999956;-7,93399334
-4,72499956;-7,93399334
-4,71999956;-7,93399334
-4,71499956;-7,93399334
-4,70999956;-7,93399334
-4,70499956;-9,33347607
-4,69999956;-8,86749458
-4,69499956;-9,80099583
-4,68999957;-9,80099583
-4,68499957;-9,80099583
-4,67999957;-10,73449707
-4,67499957;-10,73449707
-4,66999957;-10,73449707
-4,66499957;-9,80099583
-4,65999957;-11,20047951
-4,65499957;-12,13398075
-4,64999957;-12,60150051
-4,64499957;-11,66799831
-4,63999957;-12,13398075
-4,63499957;-13,06748199
-4,62999957;-11,66799831
-4,62499957;-12,13398075
-4,61999957;-11,20047951
-4,61499957;-11,66799831
-4,60999957;-12,13398075
-4,60499957;-12,13398075
-4,59999957;-12,60150051
-4,59499957;-11,20047951
-4,58999957;-11,66799831
-4,58499957;-11,66799831
-4,57999957;-10,73449707
-4,57499957;-11,66799831
-4,56999957;-10,73449707
-4,56499957;-9,80099583
-4,55999957;-9,33347607
-4,55499957;-7,93399334
-4,54999957;-7,93399334
-4,54499957;-6,53297186
-4,53999957;-6,06699038
-4,53499957;-6,06699038
-4,52999957;-5,59947062
-4,52499957;-5,59947062
-4,51999957;-5,13348866
-4,51499957;-4,19998741
-4,50999957;-5,59947062
-4,50499957;-4,66596889
-4,49999957;-5,13348866
-4,49499957;-5,59947062
-4,48999957;-6,06699038
-4,48499957;-7,00049162
-4,47999957;-7,46647358
-4,47499957;-7,93399334
-4,46999957;-8,39997482
-4,46499957;-7,93399334
-4,45999957;-7,93399334
-4,45499957;-8,86749458
-4,44999957;-8,39997482
-4,44499957;-7,93399334
-4,43999957;-7,93399334
-4,43499957;-7,93399334
-4,42999957;-7,93399334
-4,42499957;-7,46647358
-4,41999957;-8,39997482
-4,41499957;-7,93399334
-4,40999957;-8,86749458
-4,40499957;-7,93399334
-4,39999957;-8,39997482
-4,39499957;-7,93399334
-4,38999957;-7,93399334
-4,38499957;-7,93399334
-4,37999957;-7,46647358
-4,37499957;-7,46647358
-4,36999957;-7,46647358
-4,36499957;-7,00049162
-4,35999957;-7,00049162
-4,35499957;-6,53297186
-4,34999957;-7,00049162
-4,34499957;-7,00049162
-4,33999957;-6,06699038
-4,33499957;-6,53297186
-4,32999957;-7,00049162
-4,32499957;-6,06699038
-4,31999957;-7,46647358
-4,31499957;-7,46647358
-4,30999957;-7,00049162
-4,30499957;-7,00049162
-4,29999957;-6,06699038
-4,29499957;-6,53297186
-4,28999958;-7,46647358
-4,28499958;-6,53297186
-4,27999958;-7,00049162
-4,27499958;-7,00049162
-4,26999958;-7,46647358
-4,26499958;-7,00049162
-4,25999958;-6,06699038
-4,25499958;-6,06699038
-4,24999958;-5,13348866
-4,24499958;-4,66596889
-4,23999958;-5,59947062
-4,23499958;-4,19998741
-4,22999958;-5,13348866
-4,22499958;-5,13348866
-4,21999958;-4,19998741
-4,21499958;-4,66596889
-4,20999958;-5,59947062
-4,20499958;-6,06699038
-4,19999958;-5,59947062
-4,19499958;-5,59947062
-4,18999958;-6,06699038
-4,18499958;-6,06699038
-4,17999958;-6,53297186
-4,17499958;-7,00049162
-4,16999958;-7,00049162
-4,16499958;-7,46647358
-4,15999958;-7,93399334
-4,15499958;-7,46647358
-4,14999958;-7,00049162
-4,14499958;-7,00049162
-4,13999958;-7,46647358
-4,13499958;-7,46647358
-4,12999958;-7,00049162
-4,12499958;-8,39997482
-4,11999958;-7,93399334
-4,11499958;-7,46647358
-4,10999958;-7,93399334
-4,10499958;-7,00049162
-4,09999958;-7,46647358
-4,09499958;-7,00049162
-4,08999958;-7,00049162
-4,08499958;-6,53297186
-4,07999958;-7,46647358
-4,07499958;-7,00049162
-4,06999958;-6,53297186
-4,06499958;-6,53297186
-4,05999958;-7,00049162
-4,05499958;-7,46647358
-4,04999958;-7,46647358
-4,04499958;-7,00049162
-4,03999958;-8,39997482
-4,03499958;-7,00049162
-4,02999958;-7,46647358
-4,02499958;-7,46647358
-4,01999958;-8,39997482
-4,01499958;-8,39997482
-4,00999958;-8,86749458
-4,00499958;-8,39997482
-3,99999958;-8,86749458
-3,99499958;-10,26697731
-3,98999958;-9,33347607
-3,98499958;-9,33347607
-3,97999958;-10,26697731
-3,97499958;-11,66799831
-3,96999958;-10,26697731
-3,96499958;-9,80099583
-3,95999958;-10,73449707
-3,95499958;-10,26697731
-3,94999958;-10,26697731
-3,94499958;-10,26697731
-3,93999958;-10,26697731
-3,93499958;-9,80099583
-3,92999958;-9,33347607
-3,92499958;-8,86749458
-3,91999958;-9,80099583
-3,91499958;-9,33347607
-3,90999958;-21,93497658
-3,90499958;-8,86749458
-3,89999958;-8,86749458
-3,89499959;-9,33347607
-3,88999959;-8,86749458
-3,88499959;-8,86749458
-3,87999959;-8,86749458
-3,87499959;-8,86749458
-3,86999959;-9,80099583
-3,86499959;-8,39997482
-3,85999959;-8,86749458
-3,85499959;-8,86749458
-3,84999959;-9,33347607
-3,84499959;-8,39997482
-3,83999959;-10,26697731
-3,83499959;-8,39997482
-3,82999959;-8,86749458
-3,82499959;-8,86749458
-3,81999959;-7,93399334
-3,81499959;-7,46647358
-3,80999959;-7,46647358
-3,80499959;-7,46647358
-3,79999959;-7,93399334
-3,79499959;-7,46647358
-3,78999959;-7,00049162
-3,78499959;-7,00049162
-3,77999959;-7,00049162
-3,77499959;-7,00049162
-3,76999959;-7,46647358
-3,76499959;-7,00049162
-3,75999959;-7,00049162
-3,75499959;-7,93399334
-3,74999959;-7,46647358
-3,74499959;-8,39997482
-3,73999959;-7,93399334
-3,73499959;-7,93399334
-3,72999959;-7,93399334
-3,72499959;-8,39997482
-3,71999959;-8,86749458
-3,71499959;-8,39997482
-3,70999959;-9,33347607
-3,70499959;-7,93399334
-3,69999959;-7,93399334
-3,69499959;-7,93399334
-3,68999959;-7,93399334
-3,68499959;-8,39997482
-3,67999959;-7,93399334
-3,67499959;-8,39997482
-3,66999959;-7,46647358
-3,66499959;-7,93399334
-3,65999959;-7,93399334
-3,65499959;-7,93399334
-3,64999959;-8,39997482
-3,64499959;-8,86749458
-3,63999959;-7,93399334
-3,63499959;-8,39997482
-3,62999959;-7,93399334
-3,62499959;-8,86749458
-3,61999959;-9,33347607
-3,61499959;-8,39997482
-3,60999959;-9,33347607
-3,60499959;-9,33347607
-3,59999959;-9,33347607
-3,59499959;-9,33347607
-3,58999959;-9,80099583
-3,58499959;-9,33347607
-3,57999959;-9,80099583
-3,57499959;-8,86749458
-3,56999959;-10,26697731
-3,56499959;-10,26697731
-3,55999959;-10,26697731
-3,55499959;-10,26697731
-3,54999959;-10,26697731
-3,54499959;-10,73449707
-3,53999959;-10,73449707
-3,53499959;-10,26697731
-3,52999959;-10,26697731
-3,52499959;-10,73449707
-3,51999959;-10,73449707
-3,51499959;-10,73449707
-3,50999959;-11,66799831
-3,50499959;-11,20047951
-3,49999960;-11,66799831
-3,49499960;-12,13398075
-3,48999960;-12,13398075
-3,48499960;-13,06748199
-3,47999960;-13,06748199
-3,47499960;-13,06748199
-3,46999960;-14,00098324
-3,46499960;-14,93448448
-3,45999960;-14,93448448
-3,45499960;-15,40046692
-3,44999960;-16,80148888
-3,44499960;-15,86798668
-3,43999960;-15,40046692
-3,43499960;-17,26746941
-3,42999960;-17,26746941
-3,42499960;-16,80148888
-3,41999960;-16,80148888
-3,41499960;-16,33396912
-3,40999960;-16,33396912
-3,40499960;-14,93448448
-3,39999960;-14,00098324
-3,39499960;-13,06748199
-3,38999960;-12,13398075
-3,38499960;-11,66799831
-3,37999960;-9,80099583
-3,37499960;-9,80099583
-3,36999960;-8,86749458
-3,36499960;-8,39997482
-3,35999960;-8,86749458
-3,35499960;-8,39997482
-3,34999960;-8,86749458
-3,34499960;-8,39997482
-3,33999960;-9,80099583
-3,33499960;-9,33347607
-3,32999960;-9,33347607
-3,32499960;-9,80099583
-3,31999960;-11,20047951
-3,31499960;-10,26697731
-3,30999960;-10,73449707
-3,30499960;-10,26697731
-3,29999960;-10,26697731
-3,29499960;-9,80099583
-3,28999960;-10,73449707
-3,28499960;-9,80099583
-3,27999960;-9,80099583
-3,27499960;-8,86749458
-3,26999960;-8,86749458
-3,26499960;-9,33347607
-3,25999960;-8,86749458
-3,25499960;-8,86749458
-3,24999960;-8,86749458
-3,24499960;-8,86749458
-3,23999960;-7,93399334
-3,23499960;-7,93399334
-3,22999960;-7,93399334
-3,22499960;-6,53297186
-3,21999960;-6,53297186
-3,21499960;-6,53297186
-3,20999960;-5,59947062
-3,20499960;-5,59947062
-3,19999960;-5,13348866
-3,19499960;-5,13348866
-3,18999960;-4,19998741
-3,18499960;-3,26648593
-3,17999960;-4,19998741
-3,17499960;-2,79896641
-3,16999960;-3,73246789
-3,16499960;-4,66596889
-3,15999960;-4,66596889
-3,15499960;-5,59947062
-3,14999960;-5,59947062
-3,14499960;-5,59947062
-3,13999960;-5,13348866
-3,13499960;-4,66596889
-3,12999960;-4,66596889
-3,12499960;-4,19998741
-3,11999960;-4,66596889
-3,11499960;-3,26648593
-3,10999960;-3,73246789
-3,10499961;-2,33298445
-3,09999961;-1,86546493
-3,09499961;-1,39948320
-3,08999961;-0,46598175
-3,08499961;-1,39948320
-3,07999961;-0,46598175
-3,07499961;0,46598175
-3,06999961;0,93196350
-3,06499961;0,93196350
-3,05999961;-0,46598175
-3,05499961;0,93196350
-3,04999961;-1,39948320
-3,04499961;0,00000000
-3,03999961;-0,46598175
-3,03499961;0,00000000
-3,02999961;-1,86546493
-3,02499961;-1,86546493
-3,01999961;-2,79896641
-3,01499961;-3,26648593
-3,00999961;-3,26648593
-3,00499961;-5,13348866
-2,99999961;-4,66596889
-2,99499961;-4,66596889
-2,98999961;-5,13348866
-2,98499961;-4,66596889
-2,97999961;-5,59947062
-2,97499961;-5,59947062
-2,96999961;-6,06699038
-2,96499961;-6,06699038
-2,95999961;-6,53297186
-2,95499961;-6,06699038
-2,94999961;-7,00049162
-2,94499961;-6,06699038
-2,93999961;-6,06699038
-2,93499961;-6,53297186
-2,92999961;-6,06699038
-2,92499961;-6,53297186
-2,91999961;-7,00049162
-2,91499961;-5,13348866
-2,90999961;-6,53297186
-2,90499961;-4,66596889
-2,89999961;-5,59947062
-2,89499961;-5,59947062
-2,88999961;-6,53297186
-2,88499961;-5,13348866
-2,87999961;-6,53297186
-2,87499961;-4,66596889
-2,86999961;-6,06699038
-2,86499961;-6,06699038
-2,85999961;-7,00049162
-2,85499961;-6,53297186
-2,84999961;-7,46647358
-2,84499961;-7,93399334
-2,83999961;-8,86749458
-2,83499961;-7,93399334
-2,82999961;-8,86749458
-2,82499961;-9,33347607
-2,81999961;-8,86749458
-2,81499961;-8,86749458
-2,80999961;-9,80099583
-2,80499961;-8,86749458
-2,79999961;-9,33347607
-2,79499961;-8,86749458
-2,78999961;-10,26697731
-2,78499961;-9,33347607
-2,77999961;-9,80099583
-2,77499961;-9,33347607
-2,76999961;-9,80099583
-2,76499961;-9,33347607
-2,75999961;-9,33347607
-2,75499961;-9,80099583
-2,74999961;-8,39997482
-2,74499961;-8,39997482
-2,73999961;-7,46647358
-2,73499961;-8,39997482
-2,72999961;-8,39997482
-2,72499961;-7,93399334
-2,71999961;-7,46647358
-2,71499961;-8,39997482
-2,70999962;-7,93399334
-2,70499962;-7,93399334
-2,69999962;-7,93399334
-2,69499962;-6,53297186
-2,68999962;-7,93399334
-2,68499962;-7,93399334
-2,67999962;-7,46647358
-2,67499962;-7,46647358
-2,66999962;-6,53297186
-2,66499962;-6,06699038
-2,65999962;-6,06699038
-2,65499962;-4,66596889
-2,64999962;-2,79896641
-2,64499962;-3,26648593
-2,63999962;-3,26648593
-2,63499962;-2,33298445
-2,62999962;-1,86546493
-2,62499962;-1,39948320
-2,61999962;0,46598175
-2,61499962;0,46598175
-2,60999962;0,46598175
-2,60499962;0,93196350
-2,59999962;0,46598175
-2,59499962;0,46598175
-2,58999962;0,93196350
-2,58499962;1,39948320
-2,57999962;0,00000000
-2,57499962;0,00000000
-2,56999962;-0,93196350
-2,56499962;-0,93196350
-2,55999962;-0,93196350
-2,55499962;-1,39948320
-2,54999962;-0,93196350
-2,54499962;-0,93196350
-2,53999962;-0,93196350
-2,53499962;-0,93196350
-2,52999962;-0,93196350
-2,52499962;-0,93196350
-2,51999962;-1,39948320
-2,51499962;-1,39948320
-2,50999962;-2,33298445
-2,50499962;-1,39948320
-2,49999962;-1,39948320
-2,49499962;-1,39948320
-2,48999962;-0,93196350
-2,48499962;-0,93196350
-2,47999962;-0,46598175
-2,47499962;-0,93196350
-2,46999962;-1,39948320
-2,46499962;-0,46598175
-2,45999962;0,93196350
-2,45499962;1,39948320
-2,44999962;1,86546493
-2,44499962;0,00000000
-2,43999962;1,39948320
-2,43499962;1,86546493
-2,42999962;1,86546493
-2,42499962;0,93196350
-2,41999962;0,93196350
-2,41499962;0,93196350
-2,40999962;1,39948320
-2,40499962;0,00000000
-2,39999962;0,46598175
-2,39499962;0,93196350
-2,38999962;0,00000000
-2,38499962;0,46598175
-2,37999962;0,00000000
-2,37499962;0,46598175
-2,36999962;0,46598175
-2,36499962;0,93196350
-2,35999962;0,46598175
-2,35499962;0,46598175
-2,34999962;0,93196350
-2,34499962;0,46598175
-2,33999962;0,93196350
-2,33499962;1,39948320
-2,32999962;1,86546493
-2,32499962;1,39948320
-2,31999962;0,46598175
-2,31499963;0,00000000
-2,30999963;1,39948320
-2,30499963;2,33298445
-2,29999963;1,86546493
-2,29499963;1,86546493
-2,28999963;1,39948320
-2,28499963;1,39948320
-2,27999963;1,39948320
-2,27499963;1,39948320
-2,26999963;0,93196350
-2,26499963;-0,46598175
-2,25999963;0,46598175
-2,25499963;0,93196350
-2,24999963;-0,46598175
-2,24499963;0,93196350
-2,23999963;1,39948320
-2,23499963;1,39948320
-2,22999963;0,00000000
-2,22499963;2,33298445
-2,21999963;2,33298445
-2,21499963;1,86546493
-2,20999963;2,33298445
-2,20499963;2,33298445
-2,19999963;2,33298445
-2,19499963;2,79896641
-2,18999963;3,73246789
-2,18499963;3,73246789
-2,17999963;2,79896641
-2,17499963;3,26648593
-2,16999963;4,19998741
-2,16499963;4,19998741
-2,15999963;3,73246789
-2,15499963;4,19998741
-2,14999963;3,73246789
-2,14499963;3,26648593
-2,13999963;5,13348866
-2,13499963;4,66596889
-2,12999963;4,66596889
-2,12499963;3,73246789
-2,11999963;3,26648593
-2,11499963;3,26648593
-2,10999963;3,26648593
-2,10499963;3,73246789
-2,09999963;2,79896641
-2,09499963;2,33298445
-2,08999963;1,86546493
-2,08499963;1,39948320
-2,07999963;0,46598175
-2,07499963;1,86546493
-2,06999963;0,93196350
-2,06499963;0,93196350
-2,05999963;0,93196350
-2,05499963;0,93196350
-2,04999963;0,46598175
-2,04499963;0,93196350
-2,03999963;0,46598175
-2,03499963;2,33298445
-2,02999963;0,46598175
-2,02499963;0,00000000
-2,01999963;1,39948320
-2,01499963;0,46598175
-2,00999963;0,46598175
-2,00499963;0,46598175
-1,99999963;0,46598175
-1,99499963;0,46598175
-1,98999963;0,46598175
-1,98499963;0,46598175
-1,97999963;0,00000000
-1,97499963;0,46598175
-1,96999963;1,39948320
-1,96499963;-0,46598175
-1,95999963;0,46598175
-1,95499963;0,46598175
-1,94999963;0,93196350
-1,94499963;0,46598175
-1,93999963;-0,46598175
-1,93499963;0,00000000
-1,92999963;0,46598175
-1,92499963;0,46598175
-1,91999963;0,00000000
-1,91499964;0,46598175
-1,90999964;0,46598175
-1,90499964;1,39948320
-1,89999964;-9,80099583
-1,89499964;0,93196350
-1,88999964;1,39948320
-1,88499964;0,93196350
-1,87999964;1,39948320
-1,87499964;0,93196350
-1,86999964;1,86546493
-1,86499964;0,46598175
-1,85999964;1,86546493
-1,85499964;1,39948320
-1,84999964;0,93196350
-1,84499964;0,93196350
-1,83999964;1,39948320
-1,83499964;1,39948320
-1,82999964;0,46598175
-1,82499964;0,00000000
-1,81999964;1,86546493
-1,81499964;1,39948320
-1,80999964;0,46598175
-1,80499964;0,00000000
-1,79999964;0,00000000
-1,79499964;-0,93196350
-1,78999964;-0,93196350
-1,78499964;-0,46598175
-1,77999964;-0,93196350
-1,77499964;0,00000000
-1,76999964;-0,93196350
-1,76499964;-0,46598175
-1,75999964;-0,46598175
-1,75499964;-0,46598175
-1,74999964;-1,39948320
-1,74499964;-1,39948320
-1,73999964;-0,93196350
-1,73499964;-1,39948320
-1,72999964;-1,39948320
-1,72499964;-1,86546493
-1,71999964;-2,33298445
-1,71499964;-1,86546493
-1,70999964;-2,79896641
-1,70499964;-2,79896641
-1,69999964;-3,73246789
-1,69499964;-4,19998741
-1,68999964;-3,73246789
-1,68499964;-4,19998741
-1,67999964;-4,66596889
-1,67499964;-4,66596889
-1,66999964;-4,66596889
-1,66499964;-5,13348866
-1,65999964;-4,66596889
-1,65499964;-3,73246789
-1,64999964;-4,66596889
-1,64499964;-5,13348866
-1,63999964;-5,13348866
-1,63499964;-3,73246789
-1,62999964;-5,13348866
-1,62499964;-4,66596889
-1,61999964;-6,06699038
-1,61499964;-5,59947062
-1,60999964;-5,13348866
-1,60499964;-5,59947062
-1,59999964;-6,06699038
-1,59499964;-3,26648593
-1,58999964;-6,53297186
-1,58499964;-7,00049162
-1,57999964;-7,00049162
-1,57499964;-7,46647358
-1,56999964;-7,93399334
-1,56499964;-7,93399334
-1,55999964;-8,39997482
-1,55499964;-8,86749458
-1,54999964;-9,33347607
-1,54499964;-9,80099583
-1,53999964;-10,26697731
-1,53499964;-10,26697731
-1,52999964;-11,66799831
-1,52499964;-9,80099583
-1,51999965;-9,33347607
-1,51499965;-9,33347607
-1,50999965;-8,39997482
-1,50499965;-6,06699038
-1,49999965;-6,53297186
-1,49499965;-5,13348866
-1,48999965;-4,19998741
-1,48499965;-3,73246789
-1,47999965;-2,79896641
-1,47499965;-2,79896641
-1,46999965;-1,39948320
-1,46499965;-2,33298445
-1,45999965;-1,39948320
-1,45499965;-2,79896641
-1,44999965;-2,79896641
-1,44499965;-3,26648593
-1,43999965;-2,79896641
-1,43499965;-5,59947062
-1,42999965;-6,06699038
-1,42499965;-5,59947062
-1,41999965;-5,13348866
-1,41499965;-6,06699038
-1,40999965;-6,06699038
-1,40499965;-6,53297186
-1,39999965;-6,53297186
-1,39499965;-6,06699038
-1,38999965;-6,06699038
-1,38499965;-5,59947062
-1,37999965;-5,13348866
-1,37499965;-5,13348866
-1,36999965;-6,06699038
-1,36499965;-3,73246789
-1,35999965;-4,66596889
-1,35499965;-4,19998741
-1,34999965;-4,66596889
-1,34499965;-5,13348866
-1,33999965;-5,59947062
-1,33499965;-4,66596889
-1,32999965;-4,66596889
-1,32499965;-4,19998741
-1,31999965;-4,19998741
-1,31499965;-4,19998741
-1,30999965;-3,26648593
-1,30499965;-2,79896641
-1,29999965;-2,79896641
-1,29499965;-2,33298445
-1,28999965;-3,26648593
-1,28499965;-2,79896641
-1,27999965;-2,79896641
-1,27499965;-3,73246789
-1,26999965;-4,19998741
-1,26499965;-5,13348866
-1,25999965;-6,06699038
-1,25499965;-6,06699038
-1,24999965;-6,53297186
-1,24499965;-6,53297186
-1,23999965;-6,06699038
-1,23499965;-7,93399334
-1,22999965;-6,53297186
-1,22499965;-6,53297186
-1,21999965;-6,06699038
-1,21499965;-4,66596889
-1,20999965;-5,13348866
-1,20499965;-3,73246789
-1,19999965;-2,79896641
-1,19499965;-2,33298445
-1,18999965;-1,86546493
-1,18499965;-2,33298445
-1,17999965;-1,39948320
-1,17499965;-1,39948320
-1,16999965;-0,93196350
-1,16499965;-0,46598175
-1,15999965;-1,39948320
-1,15499965;-0,46598175
-1,14999965;-1,86546493
-1,14499965;0,00000000
-1,13999965;-2,33298445
-1,13499965;-2,33298445
-1,12999965;-3,26648593
-1,12499966;-3,26648593
-1,11999966;-3,26648593
-1,11499966;-3,73246789
-1,10999966;-3,26648593
-1,10499966;-4,66596889
-1,09999966;-2,33298445
-1,09499966;-3,73246789
-1,08999966;-4,66596889
-1,08499966;-3,73246789
-1,07999966;-5,13348866
-1,07499966;-3,73246789
-1,06999966;-4,66596889
-1,06499966;-4,19998741
-1,05999966;-4,66596889
-1,05499966;-4,19998741
-1,04999966;-4,19998741
-1,04499966;-3,73246789
-1,03999966;-3,73246789
-1,03499966;-3,73246789
-1,02999966;-3,73246789
-1,02499966;-3,26648593
-1,01999966;-1,39948320
-1,01499966;-1,86546493
-1,00999966;-2,79896641
-1,00499966;-2,79896641
-0,99999966;-3,26648593
-0,99499966;-2,79896641
-0,98999966;-3,73246789
-0,98499966;-3,73246789
-0,97999966;-4,66596889
-0,97499966;-6,06699038
-0,96999966;-5,59947062
-0,96499966;-7,00049162
-0,95999966;-7,46647358
-0,95499966;-7,00049162
-0,94999966;-7,93399334
-0,94499966;-8,39997482
-0,93999966;-8,86749458
-0,93499966;-9,33347607
-0,92999966;-9,33347607
-0,92499966;-9,80099583
-0,91999966;-10,26697731
-0,91499966;-10,26697731
-0,90999966;-9,80099583
-0,90499966;-10,73449707
-0,89999966;-10,26697731
-0,89499966;-10,26697731
-0,88999966;-10,26697731
-0,88499966;-11,20047951
-0,87999966;-12,13398075
-0,87499966;-11,20047951
-0,86999966;-11,20047951
-0,86499966;-11,66799831
-0,85999966;-10,73449707
-0,85499966;-11,20047951
-0,84999966;-10,73449707
-0,84499966;-11,20047951
-0,83999966;-9,80099583
-0,83499966;-9,80099583
-0,82999966;-11,20047951
-0,82499966;-11,20047951
-0,81999966;-11,20047951
-0,81499966;-10,26697731
-0,80999966;-11,20047951
-0,80499966;-10,73449707
-0,79999966;-11,20047951
-0,79499966;-11,20047951
-0,78999966;-11,66799831
-0,78499966;-11,66799831
-0,77999966;-12,60150051
-0,77499966;-12,60150051
-0,76999966;-12,60150051
-0,76499966;-12,60150051
-0,75999966;-12,60150051
-0,75499966;-11,20047951
-0,74999966;-11,66799831
-0,74499966;-9,80099583
-0,73999966;-9,80099583
-0,73499966;-7,93399334
-0,72999967;-6,53297186
-0,72499967;-5,59947062
-0,71999967;-6,06699038
-0,71499967;-3,73246789
-0,70999967;-1,86546493
-0,70499967;-3,26648593
-0,69999967;-3,73246789
-0,69499967;-3,26648593
-0,68999967;-2,79896641
-0,68499967;-3,26648593
-0,67999967;-4,19998741
-0,67499967;-3,26648593
-0,66999967;-3,73246789
-0,66499967;-5,13348866
-0,65999967;-5,13348866
-0,65499967;-6,53297186
-0,64999967;-7,00049162
-0,64499967;-7,93399334
-0,63999967;-7,46647358
-0,63499967;-8,86749458
-0,62999967;-8,86749458
-0,62499967;-8,86749458
-0,61999967;-7,93399334
-0,61499967;-8,39997482
-0,60999967;-7,00049162
-0,60499967;-7,93399334
-0,59999967;-7,46647358
-0,59499967;-7,46647358
-0,58999967;-7,00049162
-0,58499967;-6,06699038
-0,57999967;-6,06699038
-0,57499967;-4,66596889
-0,56999967;-3,73246789
-0,56499967;-3,26648593
-0,55999967;-3,26648593
-0,55499967;-2,33298445
-0,54999967;-1,86546493
-0,54499967;-1,39948320
-0,53999967;-0,93196350
-0,53499967;-0,46598175
-0,52999967;0,00000000
-0,52499967;0,46598175
-0,51999967;-0,46598175
-0,51499967;-0,46598175
-0,50999967;0,00000000
-0,50499967;-0,93196350
-0,49999967;-1,39948320
-0,49499967;-1,39948320
-0,48999967;-1,39948320
-0,48499967;-1,39948320
-0,47999967;-1,86546493
-0,47499967;-2,33298445
-0,46999967;-1,39948320
-0,46499967;-1,39948320
-0,45999967;-1,39948320
-0,45499967;-0,93196350
-0,44999967;0,93196350
-0,44499967;-0,46598175
-0,43999967;0,46598175
-0,43499967;-0,93196350
-0,42999967;1,39948320
-0,42499967;0,93196350
-0,41999967;1,39948320
-0,41499967;1,39948320
-0,40999967;1,39948320
-0,40499967;1,39948320
-0,39999967;0,46598175
-0,39499967;0,46598175
-0,38999967;0,46598175
-0,38499967;0,00000000
-0,37999967;-0,93196350
-0,37499967;-0,46598175
-0,36999967;-1,86546493
-0,36499967;-1,86546493
-0,35999967;-1,39948320
-0,35499967;-1,86546493
-0,34999967;-3,26648593
-0,34499967;-2,33298445
-0,33999967;-3,73246789
-0,33499968;-3,26648593
-0,32999968;-4,66596889
-0,32499968;-3,26648593
-0,31999968;-4,19998741
-0,31499968;-4,66596889
-0,30999968;-3,73246789
-0,30499968;-4,19998741
-0,29999968;-4,19998741
-0,29499968;-4,19998741
-0,28999968;-4,19998741
-0,28499968;-3,26648593
-0,27999968;-4,66596889
-0,27499968;-2,79896641
-0,26999968;-3,26648593
-0,26499968;-3,73246789
-0,25999968;-3,26648593
-0,25499968;-1,86546493
-0,24999968;-2,79896641
-0,24499968;-1,86546493
-0,23999968;-1,86546493
-0,23499968;-2,79896641
-0,22999968;-2,33298445
-0,22499968;-1,86546493
-0,21999968;-2,33298445
-0,21499968;-2,79896641
-0,20999968;-2,79896641
-0,20499968;-3,73246789
-0,19999968;-3,73246789
-0,19499968;-2,79896641
-0,18999968;-4,19998741
-0,18499968;-3,26648593
-0,17999968;-3,26648593
-0,17499968;-3,73246789
-0,16999968;-4,19998741
-0,16499968;-3,73246789
-0,15999968;-3,73246789
-0,15499968;-2,79896641
-0,14999968;-3,73246789
-0,14499968;-3,73246789
-0,13999968;-3,26648593
-0,13499968;-3,73246789
-0,12999968;-3,73246789
-0,12499968;-3,73246789
-0,11999968;-2,79896641
-0,11499968;-2,33298445
-0,10999968;-2,33298445
-0,10499968;-1,86546493
-0,09999968;-1,39948320
-0,09499968;-1,39948320
-0,08999968;-1,86546493
-0,08499968;-0,46598175
-0,07999968;-0,93196350
-0,07499968;0,46598175
-0,06999968;0,00000000
-0,06499968;0,46598175
-0,05999968;0,46598175
-0,05499968;0,46598175
-0,04999968;0,46598175
-0,04499968;0,46598175
-0,03999968;0,93196350
-0,03499968;0,46598175
-0,02999968;1,39948320
-0,02499968;1,39948320
-0,01999968;1,39948320
-0,01499968;1,39948320
-0,00999968;0,93196350
-0,00499968;1,39948320
0,00000032;2,33298445
0,00500032;0,93196350
0,01000032;0,46598175
0,01500032;1,39948320
0,02000032;1,39948320
0,02500032;1,39948320
0,03000032;0,46598175
0,03500032;1,39948320
0,04000032;2,33298445
0,04500032;1,39948320
0,05000032;-1,39948320
0,05500032;2,33298445
0,06000031;0,93196350
0,06500031;1,39948320
0,07000031;1,86546493
0,07500031;2,33298445
0,08000031;1,86546493
0,08500031;1,39948320
0,09000031;3,26648593
0,09500031;1,86546493
0,10000031;1,86546493
0,10500031;0,46598175
0,11000031;0,46598175
0,11500031;0,00000000
0,12000031;0,00000000
0,12500031;0,00000000
0,13000031;-0,93196350
0,13500031;-1,86546493
0,14000031;-1,39948320
0,14500031;-0,93196350
0,15000031;-2,79896641
0,15500031;-1,86546493
0,16000031;-2,79896641
0,16500031;-2,33298445
0,17000031;-1,86546493
0,17500031;-1,86546493
0,18000031;-2,33298445
0,18500031;-2,33298445
0,19000031;-1,86546493
0,19500031;-1,86546493
0,20000031;-1,39948320
0,20500031;-0,93196350
0,21000031;-1,86546493
0,21500031;-1,86546493
0,22000031;-0,46598175
0,22500031;-0,93196350
0,23000031;-0,46598175
0,23500031;-0,93196350
0,24000031;-1,39948320
0,24500031;-1,39948320
0,25000031;-1,86546493
0,25500031;-1,39948320
0,26000031;-1,86546493
0,26500031;-0,93196350
0,27000031;-1,39948320
0,27500031;-0,46598175
0,28000031;-0,93196350
0,28500031;-0,46598175
0,29000031;-1,86546493
0,29500031;-0,93196350
0,30000031;-0,93196350
0,30500031;-1,86546493
0,31000031;-2,79896641
0,31500031;-2,33298445
0,32000031;-1,86546493
0,32500031;-2,33298445
0,33000031;-3,26648593
0,33500031;-2,79896641
0,34000031;-2,79896641
0,34500031;-4,19998741
0,35000031;-3,73246789
0,35500031;-3,26648593
0,36000031;-3,73246789
0,36500031;-5,59947062
0,37000031;-4,19998741
0,37500031;-3,73246789
0,38000031;-4,19998741
0,38500031;-3,73246789
0,39000031;-3,26648593
0,39500031;-2,79896641
0,40000031;-2,33298445
0,40500031;-0,46598175
0,41000031;-0,46598175
0,41500031;0,93196350
0,42000031;1,39948320
0,42500031;4,19998741
0,43000031;4,66596889
0,43500031;5,59947062
0,44000031;4,19998741
0,44500031;6,53297186
0,45000031;6,53297186
0,45500031;7,00049162
0,46000030;6,53297186
0,46500030;6,53297186
0,47000030;6,53297186
0,47500030;6,53297186
0,48000030;5,59947062
0,48500030;4,66596889
0,49000030;4,19998741
0,49500030;4,66596889
0,50000030;4,19998741
0,50500030;4,19998741
0,51000030;4,66596889
0,51500030;5,13348866
0,52000030;4,66596889
0,52500030;4,66596889
0,53000030;4,66596889
0,53500030;6,06699038
0,54000030;5,13348866
0,54500030;6,06699038
0,55000030;5,13348866
0,55500030;5,13348866
0,56000030;5,59947062
0,56500030;7,00049162
0,57000030;8,39997482
0,57500030;6,06699038
0,58000030;6,53297186
0,58500030;7,00049162
0,59000030;7,00049162
0,59500030;7,46647358
0,60000030;7,93399334
0,60500030;7,00049162
0,61000030;7,93399334
0,61500030;7,93399334
0,62000030;7,46647358
0,62500030;8,39997482
0,63000030;7,93399334
0,63500030;7,93399334
0,64000030;7,46647358
0,64500030;7,46647358
0,65000030;7,00049162
0,65500030;7,93399334
0,66000030;7,46647358
0,66500030;7,00049162
0,67000030;7,00049162
0,67500030;7,00049162
0,68000030;7,93399334
0,68500030;8,39997482
0,69000030;8,39997482
0,69500030;8,86749458
0,70000030;13,06748199
0,70500030;9,80099583
0,71000030;10,26697731
0,71500030;10,73449707
0,72000030;11,20047951
0,72500030;10,73449707
0,73000030;12,13398075
0,73500030;13,06748199
0,74000030;12,60150051
0,74500030;12,13398075
0,75000030;12,13398075
0,75500030;12,60150051
0,76000030;13,06748199
0,76500030;13,06748199
0,77000030;12,13398075
0,77500030;12,13398075
0,78000030;12,13398075
0,78500030;10,26697731
0,79000030;11,20047951
0,79500030;10,26697731
0,80000030;10,26697731
0,80500030;9,80099583
0,81000030;9,80099583
0,81500030;9,33347607
0,82000030;9,80099583
0,82500030;10,26697731
0,83000030;10,26697731
0,83500030;8,86749458
0,84000030;9,33347607
0,84500030;9,33347607
0,85000030;10,73449707
0,85500029;9,80099583
0,86000029;10,26697731
0,86500029;10,73449707
0,87000029;10,73449707
0,87500029;11,66799831
0,88000029;12,13398075
0,88500029;11,66799831
0,89000029;12,13398075
0,89500029;12,13398075
0,90000029;12,13398075
0,90500029;12,60150051
0,91000029;12,60150051
0,91500029;12,13398075
0,92000029;12,13398075
0,92500029;11,66799831
0,93000029;11,20047951
0,93500029;10,73449707
0,94000029;10,26697731
0,94500029;10,73449707
0,95000029;10,26697731
0,95500029;9,80099583
0,96000029;10,26697731
0,96500029;10,73449707
0,97000029;10,26697731
0,97500029;9,80099583
0,98000029;10,26697731
0,98500029;10,26697731
0,99000029;10,26697731
0,99500029;10,26697731
1,00000029;9,80099583
1,00500029;9,80099583
1,01000029;9,80099583
1,01500029;8,86749458
1,02000029;7,93399334
1,02500029;8,86749458
1,03000029;8,39997482
1,03500029;8,39997482
1,04000029;7,00049162
1,04500029;7,93399334
1,05000029;7,46647358
1,05500029;6,53297186
1,06000029;7,46647358
1,06500029;7,00049162
1,07000029;6,53297186
1,07500029;7,46647358
1,08000029;7,00049162
1,08500029;7,93399334
1,09000029;7,46647358
1,09500029;7,00049162
1,10000029;7,46647358
1,10500029;8,39997482
1,11000029;7,93399334
1,11500029;7,46647358
1,12000029;6,53297186
1,12500029;7,00049162
1,13000029;7,00049162
1,13500029;6,53297186
1,14000029;7,00049162
1,14500029;7,46647358
1,15000029;7,00049162
1,15500029;6,06699038
1,16000029;7,00049162
1,16500029;8,86749458
1,17000029;8,39997482
1,17500029;8,86749458
1,18000029;10,26697731
1,18500029;10,73449707
1,19000029;10,26697731
1,19500029;12,60150051
1,20000029;12,13398075
1,20500029;13,06748199
1,21000029;13,06748199
1,21500029;13,53500175
1,22000029;13,53500175
1,22500029;13,06748199
1,23000029;12,60150051
1,23500029;11,66799831
1,24000029;11,66799831
1,24500029;12,13398075
1,25000028;11,20047951
1,25500028;11,66799831
1,26000028;11,20047951
1,26500028;10,73449707
1,27000028;10,26697731
1,27500028;9,80099583
1,28000028;10,26697731
1,28500028;10,26697731
1,29000028;9,33347607
1,29500028;10,26697731
1,30000028;10,73449707
1,30500028;10,73449707
1,31000028;10,73449707
1,31500028;11,66799831
1,32000028;12,13398075
1,32500028;13,06748199
1,33000028;13,06748199
1,33500028;13,06748199
1,34000028;14,46850300
1,34500028;14,46850300
1,35000028;15,40046692
1,35500028;15,86798668
1,36000028;16,80148888
1,36500028;16,80148888
1,37000028;16,80148888
1,37500028;17,26746941
1,38000028;18,66848946
1,38500028;18,66848946
1,39000028;18,20096970
1,39500028;18,20096970
1,40000028;18,66848946
1,40500028;20,06797409
1,41000028;19,60199165
1,41500028;20,06797409
1,42000028;20,06797409
1,42500028;20,53549385
1,43000028;21,00147629
1,43500028;21,46899414
1,44000028;21,00147629
1,44500028;21,93497658
1,45000028;22,40249634
1,45500028;22,86847687
1,46000028;22,86847687
1,46500028;22,86847687
1,47000028;22,86847687
1,47500028;23,33599663
1,48000028;22,86847687
1,48500028;22,40249634
1,49000028;22,86847687
1,49500028;22,86847687
1,50000028;22,40249634
1,50500028;22,86847687
1,51000028;22,40249634
1,51500028;22,86847687
1,52000028;21,93497658
1,52500028;22,86847687
1,53000028;21,93497658
1,53500028;22,40249634
1,54000028;22,40249634
1,54500028;22,40249634
1,55000028;21,93497658
1,55500028;21,46899414
1,56000028;21,00147629
1,56500028;21,00147629
1,57000028;21,00147629
1,57500028;21,00147629
1,58000028;21,00147629
1,58500028;20,53549385
1,59000028;20,53549385
1,59500028;20,53549385
1,60000028;20,53549385
1,60500028;20,53549385
1,61000028;21,93497658
1,61500028;20,06797409
1,62000028;19,60199165
1,62500028;20,06797409
1,63000028;20,06797409
1,63500028;19,60199165
1,64000028;20,06797409
1,64500027;19,60199165
1,65000027;18,66848946
1,65500027;19,13447189
1,66000027;19,13447189
1,66500027;19,13447189
1,67000027;18,20096970
1,67500027;18,66848946
1,68000027;19,13447189
1,68500027;18,20096970
1,69000027;18,20096970
1,69500027;18,20096970
1,70000027;17,73498917
1,70500027;17,26746941
1,71000027;16,80148888
1,71500027;16,33396912
1,72000027;16,80148888
1,72500027;16,80148888
1,73000027;16,33396912
1,73500027;16,80148888
1,74000027;15,86798668
1,74500027;16,33396912
1,75000027;15,86798668
1,75500027;16,33396912
1,76000027;16,80148888
1,76500027;15,40046692
1,77000027;16,80148888
1,77500027;15,40046692
1,78000027;16,80148888
1,78500027;16,80148888
1,79000027;16,33396912
1,79500027;15,40046692
1,80000027;15,86798668
1,80500027;17,73498917
1,81000027;17,73498917
1,81500027;17,73498917
1,82000027;18,20096970
1,82500027;18,20096970
1,83000027;19,13447189
1,83500027;18,66848946
1,84000027;19,60199165
1,84500027;19,60199165
1,85000027;19,60199165
1,85500027;21,46899414
1,86000027;20,53549385
1,86500027;22,40249634
1,87000027;21,46899414
1,87500027;21,46899414
1,88000027;21,00147629
1,88500027;21,46899414
1,89000027;21,93497658
1,89500027;21,46899414
1,90000027;21,93497658
1,90500027;21,93497658
1,91000027;21,46899414
1,91500027;22,86847687
1,92000027;21,93497658
1,92500027;22,86847687
1,93000027;23,33599663
1,93500027;23,80197906
1,94000027;23,80197906
1,94500027;24,73548126
1,95000027;24,26949883
1,95500027;23,33599663
1,96000027;24,26949883
1,96500027;22,40249634
1,97000027;23,33599663
1,97500027;23,80197906
1,98000027;23,33599663
1,98500027;22,40249634
1,99000027;21,93497658
1,99500027;21,93497658
2,00000027;20,53549385
2,00500027;20,06797409
2,01000027;20,06797409
2,01500027;20,06797409
2,02000027;18,20096970
2,02500027;19,60199165
2,03000027;19,13447189
2,03500027;18,20096970
2,04000026;19,13447189
2,04500026;18,66848946
2,05000026;18,66848946
2,05500026;17,73498917
2,06000026;18,66848946
2,06500026;18,66848946
2,07000026;17,73498917
2,07500026;17,73498917
2,08000026;17,73498917
2,08500026;17,26746941
2,09000026;16,80148888
2,09500026;16,80148888
2,10000026;16,33396912
2,10500026;14,93448448
2,11000026;15,86798668
2,11500026;16,33396912
2,12000026;14,93448448
2,12500026;15,40046692
2,13000026;14,46850300
2,13500026;15,40046692
2,14000026;14,93448448
2,14500026;14,93448448
2,15000026;14,46850300
2,15500026;15,40046692
2,16000026;14,93448448
2,16500026;14,46850300
2,17000026;14,46850300
2,17500026;14,93448448
2,18000026;13,53500175
2,18500026;14,46850300
2,19000026;13,53500175
2,19500026;13,53500175
2,20000026;14,46850300
2,20500026;14,00098324
2,21000026;14,46850300
2,21500026;13,06748199
2,22000026;12,60150051
2,22500026;13,53500175
2,23000026;12,60150051
2,23500026;11,66799831
2,24000026;11,66799831
2,24500026;11,20047951
2,25000026;10,26697731
2,25500026;9,80099583
2,26000026;9,33347607
2,26500026;8,86749458
2,27000026;8,39997482
2,27500026;8,39997482
2,28000026;7,93399334
2,28500026;7,46647358
2,29000026;6,53297186
2,29500026;6,53297186
2,30000026;7,93399334
2,30500026;7,93399334
2,31000026;7,46647358
2,31500026;8,39997482
2,32000026;9,80099583
2,32500026;10,26697731
2,33000026;11,20047951
2,33500026;12,60150051
2,34000026;13,53500175
2,34500026;14,46850300
2,35000026;14,46850300
2,35500026;15,40046692
2,36000026;14,93448448
2,36500026;16,33396912
2,37000026;15,86798668
2,37500026;14,93448448
2,38000026;14,46850300
2,38500026;14,00098324
2,39000026;13,06748199
2,39500026;11,20047951
2,40000026;11,66799831
2,40500026;11,66799831
2,41000026;12,13398075
2,41500026;10,73449707
2,42000026;11,66799831
2,42500026;12,13398075
2,43000026;10,73449707
2,43500025;12,13398075
2,44000025;11,66799831
2,44500025;12,60150051
2,45000025;12,13398075
2,45500025;11,20047951
2,46000025;12,13398075
2,46500025;11,66799831
2,47000025;11,66799831
2,47500025;12,60150051
2,48000025;11,66799831
2,48500025;10,73449707
2,49000025;12,13398075
2,49500025;12,13398075
2,50000025;11,66799831
2,50500025;11,20047951
2,51000025;11,66799831
2,51500025;11,66799831
2,52000025;11,66799831
2,52500025;11,20047951
2,53000025;11,66799831
2,53500025;10,73449707
2,54000025;12,13398075
2,54500025;10,73449707
2,55000025;10,73449707
2,55500025;10,73449707
2,56000025;10,73449707
2,56500025;11,20047951
2,57000025;10,26697731
2,57500025;11,20047951
2,58000025;12,13398075
2,58500025;10,73449707
2,59000025;11,20047951
2,59500025;11,20047951
2,60000025;10,73449707
2,60500025;12,13398075
2,61000025;8,39997482
2,61500025;11,20047951
2,62000025;11,20047951
2,62500025;11,66799831
2,63000025;11,20047951
2,63500025;12,13398075
2,64000025;12,60150051
2,64500025;12,13398075
2,65000025;11,66799831
2,65500025;12,13398075
2,66000025;11,66799831
2,66500025;12,13398075
2,67000025;11,20047951
2,67500025;11,20047951
2,68000025;10,73449707
2,68500025;10,73449707
2,69000025;9,80099583
2,69500025;10,26697731
2,70000025;9,80099583
2,70500025;9,33347607
2,71000025;8,86749458
2,71500025;7,93399334
2,72000025;8,86749458
2,72500025;7,00049162
2,73000025;7,46647358
2,73500025;7,00049162
2,74000025;6,06699038
2,74500025;4,66596889
2,75000025;4,66596889
2,75500025;4,66596889
2,76000025;4,66596889
2,76500025;3,73246789
2,77000025;4,19998741
2,77500025;3,73246789
2,78000025;3,73246789
2,78500025;3,73246789
2,79000025;4,19998741
2,79500025;4,19998741
2,80000025;2,79896641
2,80500025;3,26648593
2,81000025;4,19998741
2,81500025;2,79896641
2,82000025;3,26648593
2,82500025;1,86546493
2,83000025;3,73246789
2,83500024;1,86546493
2,84000024;1,86546493
2,84500024;0,46598175
2,85000024;0,46598175
2,85500024;0,00000000
2,86000024;-1,39948320
2,86500024;-0,93196350
2,87000024;-1,39948320
2,87500024;-1,86546493
2,88000024;-2,79896641
2,88500024;-3,26648593
2,89000024;-3,73246789
2,89500024;-4,19998741
2,90000024;-4,19998741
2,90500024;-5,13348866
2,91000024;-6,06699038
2,91500024;-6,06699038
2,92000024;-7,00049162
2,92500024;-7,00049162
2,93000024;-7,00049162
2,93500024;-7,46647358
2,94000024;-7,46647358
2,94500024;-6,53297186
2,95000024;-7,46647358
2,95500024;-7,00049162
2,96000024;-7,46647358
2,96500024;-9,33347607
2,97000024;-7,46647358
2,97500024;-7,46647358
2,98000024;-6,53297186
2,98500024;-8,86749458
2,99000024;-8,39997482
2,99500024;-7,93399334
3,00000024;-9,33347607
3,00500024;-9,80099583
3,01000024;-10,73449707
3,01500024;-10,26697731
3,02000024;-11,20047951
3,02500024;-10,73449707
3,03000024;-12,13398075
3,03500024;-12,13398075
3,04000024;-13,06748199
3,04500024;-11,66799831
3,05000024;-12,60150051
3,05500024;-11,66799831
3,06000024;-11,20047951
3,06500024;-10,73449707
3,07000024;-10,26697731
3,07500024;-10,26697731
3,08000024;-7,93399334
3,08500024;-7,46647358
3,09000024;-7,46647358
3,09500024;-6,06699038
3,10000024;-5,59947062
3,10500024;-3,73246789
3,11000024;-4,19998741
3,11500024;-3,26648593
3,12000024;-3,73246789
3,12500024;-4,19998741
3,13000024;-3,73246789
3,13500024;-4,19998741
3,14000024;-6,53297186
3,14500024;-7,00049162
3,15000024;-6,53297186
3,15500024;-6,53297186
3,16000024;-7,00049162
3,16500024;-7,93399334
3,17000024;-7,93399334
3,17500024;-8,86749458
3,18000024;-9,33347607
3,18500024;-8,39997482
3,19000024;-8,86749458
3,19500024;-7,93399334
3,20000024;-8,86749458
3,20500024;-10,26697731
3,21000024;-9,80099583
3,21500024;-10,26697731
3,22000024;-9,33347607
3,22500024;-10,26697731
3,23000023;-9,80099583
3,23500023;-9,33347607
3,24000023;-9,33347607
3,24500023;-8,86749458
3,25000023;-8,86749458
3,25500023;-7,93399334
3,26000023;-7,93399334
3,26500023;-7,00049162
3,27000023;-7,46647358
3,27500023;-6,53297186
3,28000023;-7,00049162
3,28500023;-6,06699038
3,29000023;-6,53297186
3,29500023;-6,06699038
3,30000023;-6,06699038
3,30500023;-6,06699038
3,31000023;-7,00049162
3,31500023;-7,00049162
3,32000023;-6,53297186
3,32500023;-7,93399334
3,33000023;-8,86749458
3,33500023;-9,80099583
3,34000023;-8,86749458
3,34500023;-8,39997482
3,35000023;-9,33347607
3,35500023;-9,33347607
3,36000023;-9,80099583
3,36500023;-8,86749458
3,37000023;-8,39997482
3,37500023;-7,93399334
3,38000023;-6,53297186
3,38500023;-8,39997482
3,39000023;-6,06699038
3,39500023;-6,06699038
3,40000023;-6,53297186
3,40500023;-5,13348866
3,41000023;-5,59947062
3,41500023;-5,59947062
3,42000023;-5,59947062
3,42500023;-6,06699038
3,43000023;-7,46647358
3,43500023;-7,00049162
3,44000023;-7,93399334
3,44500023;-7,93399334
3,45000023;-7,46647358
3,45500023;-9,33347607
3,46000023;-8,39997482
3,46500023;-8,86749458
3,47000023;-8,39997482
3,47500023;-8,86749458
3,48000023;-8,86749458
3,48500023;-8,86749458
3,49000023;-8,86749458
3,49500023;-8,39997482
3,50000023;-9,33347607
3,50500023;-8,39997482
3,51000023;-7,46647358
3,51500023;-8,39997482
3,52000023;-8,39997482
3,52500023;-8,39997482
3,53000023;-7,00049162
3,53500023;-7,46647358
3,54000023;-7,00049162
3,54500023;-7,00049162
3,55000023;-6,06699038
3,55500023;-6,53297186
3,56000023;-6,53297186
3,56500023;-7,00049162
3,57000023;-6,53297186
3,57500023;-6,53297186
3,58000023;-6,53297186
3,58500023;-6,53297186
3,59000023;-7,00049162
3,59500023;-8,39997482
3,60000023;-8,39997482
3,60500023;-8,39997482
3,61000023;-9,33347607
3,61500023;-9,80099583
3,62000023;-9,33347607
3,62500022;-11,20047951
3,63000022;-11,66799831
3,63500022;-12,13398075
3,64000022;-13,06748199
3,64500022;-13,53500175
3,65000022;-28,93700600
3,65500022;-14,93448448
3,66000022;-14,93448448
3,66500022;-14,93448448
3,67000022;-14,93448448
3,67500022;-15,40046692
3,68000022;-15,40046692
3,68500022;-14,46850300
3,69000022;-14,93448448
3,69500022;-14,46850300
3,70000022;-14,00098324
3,70500022;-13,53500175
3,71000022;-12,60150051
3,71500022;-12,60150051
3,72000022;-13,06748199
3,72500022;-12,13398075
3,73000022;-11,66799831
3,73500022;-12,13398075
3,74000022;-12,13398075
3,74500022;-11,66799831
3,75000022;-11,66799831
3,75500022;-11,66799831
3,76000022;-12,60150051
3,76500022;-13,53500175
3,77000022;-11,66799831
3,77500022;-12,13398075
3,78000022;-13,06748199
3,78500022;-12,60150051
3,79000022;-11,66799831
3,79500022;-12,13398075
3,80000022;-12,13398075
3,80500022;-11,20047951
3,81000022;-10,26697731
3,81500022;-10,73449707
3,82000022;-11,66799831
3,82500022;-9,80099583
3,83000022;-9,80099583
3,83500022;-9,33347607
3,84000022;-9,80099583
3,84500022;-9,33347607
3,85000022;-9,80099583
3,85500022;-9,80099583
3,86000022;-9,80099583
3,86500022;-10,26697731
3,87000022;-9,33347607
3,87500022;-9,80099583
3,88000022;-10,26697731
3,88500022;-10,26697731
3,89000022;-9,33347607
3,89500022;-10,26697731
3,90000022;-10,73449707
3,90500022;-10,26697731
3,91000022;-9,80099583
3,91500022;-10,26697731
3,92000022;-9,80099583
3,92500022;-10,26697731
3,93000022;-9,80099583
3,93500022;-10,73449707
3,94000022;-10,26697731
3,94500022;-10,73449707
3,95000022;-11,20047951
3,95500022;-12,13398075
3,96000022;-12,13398075
3,96500022;-12,60150051
3,97000022;-12,60150051
3,97500022;-13,06748199
3,98000022;-14,00098324
3,98500022;-12,60150051
3,99000022;-13,53500175
3,99500022;-13,53500175
4,00000022;-14,00098324
4,00500022;-14,00098324
4,01000022;-13,06748199
4,01500022;-12,60150051
4,02000021;-13,06748199
4,02500021;-12,60150051
4,03000021;-12,13398075
4,03500021;-12,60150051
4,04000021;-13,06748199
4,04500021;-11,66799831
4,05000021;-13,06748199
4,05500021;-12,60150051
4,06000021;-12,60150051
4,06500021;-13,06748199
4,07000021;-13,06748199
4,07500021;-13,53500175
4,08000021;-13,53500175
4,08500021;-14,00098324
4,09000021;-13,53500175
4,09500021;-13,53500175
4,10000021;-14,46850300
4,10500021;-14,00098324
4,11000021;-14,46850300
4,11500021;-13,53500175
4,12000021;-14,93448448
4,12500021;-14,93448448
4,13000021;-14,00098324
4,13500021;-14,93448448
4,14000021;-16,33396912
4,14500021;-16,33396912
4,15000021;-15,86798668
4,15500021;-17,26746941
4,16000021;-17,26746941
4,16500021;-17,73498917
4,17000021;-17,26746941
4,17500021;-19,13447189
4,18000021;-18,66848946
4,18500021;-19,60199165
4,19000021;-19,60199165
4,19500021;-19,13447189
4,20000021;-19,60199165
4,20500021;-19,13447189
4,21000021;-19,60199165
4,21500021;-21,00147629
4,22000021;-17,26746941
4,22500021;-17,26746941
4,23000021;-15,40046692
4,23500021;-14,93448448
4,24000021;-13,53500175
4,24500021;-13,06748199
4,25000021;-12,60150051
4,25500021;-13,06748199
4,26000021;-10,73449707
4,26500021;-10,73449707
4,27000021;-10,73449707
4,27500021;-11,20047951
4,28000021;-10,26697731
4,28500021;-11,66799831
4,29000021;-12,13398075
4,29500021;-11,66799831
4,30000021;-13,53500175
4,30500021;-12,60150051
4,31000021;-13,53500175
4,31500021;-14,00098324
4,32000021;-14,00098324
4,32500021;-14,00098324
4,33000021;-13,06748199
4,33500021;-13,53500175
4,34000021;-13,06748199
4,34500021;-12,60150051
4,35000021;-13,06748199
4,35500021;-11,66799831
4,36000021;-11,66799831
4,36500021;-11,66799831
4,37000021;-12,13398075
4,37500021;-12,13398075
4,38000021;-12,60150051
4,38500021;-11,66799831
4,39000021;-11,66799831
4,39500021;-10,26697731
4,40000021;-11,20047951
4,40500021;-11,20047951
4,41000021;-10,26697731
4,41500020;-10,26697731
4,42000020;-10,73449707
4,42500020;-10,26697731
4,43000020;-10,73449707
4,43500020;-10,26697731
4,44000020;-10,73449707
4,44500020;-11,20047951
4,45000020;-10,26697731
4,45500020;-10,73449707
4,46000020;-11,20047951
4,46500020;-10,26697731
4,47000020;-10,73449707
4,47500020;-10,73449707
4,48000020;-10,73449707
4,48500020;-10,26697731
4,49000020;-10,26697731
4,49500020;-10,26697731
4,50000020;-10,26697731
4,50500020;-9,80099583
4,51000020;-9,80099583
4,51500020;-9,80099583
4,52000020;-8,86749458
4,52500020;-7,93399334
4,53000020;-7,93399334
4,53500020;-7,00049162
4,54000020;-7,00049162
4,54500020;-6,06699038
4,55000020;-6,06699038
4,55500020;-5,59947062
4,56000020;-5,59947062
4,56500020;-4,66596889
4,57000020;-4,19998741
4,57500020;-4,66596889
4,58000020;-3,26648593
4,58500020;-4,19998741
4,59000020;-5,13348866
4,59500020;-5,13348866
4,60000020;-5,59947062
4,60500020;-6,53297186
4,61000020;-7,00049162
4,61500020;-6,06699038
4,62000020;-7,93399334
4,62500020;-7,46647358
4,63000020;-8,39997482
4,63500020;-7,46647358
4,64000020;-8,39997482
4,64500020;-8,39997482
4,65000020;-9,33347607
4,65500020;-8,86749458
4,66000020;-7,93399334
4,66500020;-8,39997482
4,67000020;-8,39997482
4,67500020;-8,39997482
4,68000020;-8,39997482
4,68500020;-8,39997482
4,69000020;-7,93399334
4,69500020;-7,46647358
4,70000020;-7,46647358
4,70500020;-6,53297186
4,71000020;-7,93399334
4,71500020;-7,93399334
4,72000020;-7,00049162
4,72500020;-6,06699038
4,73000020;-6,53297186
4,73500020;-5,59947062
4,74000020;-7,00049162
4,74500020;-7,00049162
4,75000020;-7,46647358
4,75500020;-7,93399334
4,76000020;-9,33347607
4,76500020;-9,33347607
4,77000020;-10,73449707
4,77500020;-11,20047951
4,78000020;-11,20047951
4,78500020;-14,00098324
4,79000020;-12,13398075
4,79500020;-12,13398075
4,80000020;-12,60150051
4,80500020;-13,06748199
4,81000019;-13,53500175
4,81500019;-13,06748199
4,82000019;-12,60150051
4,82500019;-13,06748199
4,83000019;-13,06748199
4,83500019;-13,53500175
4,84000019;-13,06748199
4,84500019;-13,06748199
4,85000019;-13,06748199
4,85500019;-13,53500175
4,86000019;-13,53500175
4,86500019;-13,53500175
4,87000019;-14,00098324
4,87500019;-14,00098324
4,88000019;-14,93448448
4,88500019;-14,93448448
4,89000019;-15,40046692
4,89500019;-14,93448448
4,90000019;-15,40046692
4,90500019;-15,40046692
4,91000019;-15,86798668
4,91500019;-16,80148888
4,92000019;-17,73498917
4,92500019;-16,33396912
4,93000019;-17,73498917
4,93500019;-16,33396912
4,94000019;-17,73498917
4,94500019;-17,73498917
4,95000019;-17,26746941
4,95500019;-17,26746941
4,96000019;-17,26746941
4,96500019;-16,33396912
4,97000019;-16,33396912
4,97500019;-15,40046692
4,98000019;-14,93448448
4,98500019;-14,46850300
4,99000019;-14,00098324
4,99500019;-12,60150051
5,00000019;-12,13398075
5,00500019;-11,66799831
5,01000019;-11,66799831
5,01500019;-10,26697731
5,02000019;-9,80099583
5,02500019;-8,86749458
5,03000019;-9,80099583
5,03500019;-9,33347607
5,04000019;-9,80099583
5,04500019;-9,80099583
5,05000019;-9,80099583
5,05500019;-9,80099583
5,06000019;-10,26697731
5,06500019;-11,66799831
5,07000019;-12,60150051
5,07500019;-13,06748199
5,08000019;-12,60150051
5,08500019;-12,13398075
5,09000019;-12,13398075
5,09500019;-10,73449707
5,10000019;-12,13398075
5,10500019;-11,20047951
5,11000019;-11,66799831
5,11500019;-10,73449707
5,12000019;-10,73449707
5,12500019;-10,26697731
5,13000019;-10,26697731
5,13500019;-10,26697731
5,14000019;-9,80099583
5,14500019;-9,80099583
5,15000019;-8,86749458
5,15500019;-9,33347607
5,16000019;-9,33347607
5,16500019;-7,93399334
5,17000019;-8,39997482
5,17500019;-9,80099583
5,18000019;-6,06699038
5,18500019;-6,06699038
5,19000019;-5,13348866
5,19500019;-6,06699038
5,20000019;-5,13348866
5,20500019;-5,59947062
5,21000018;-5,59947062
5,21500018;-4,66596889
5,22000018;-4,66596889
5,22500018;-5,59947062
5,23000018;-4,66596889
5,23500018;-5,13348866
5,24000018;-6,06699038
5,24500018;-4,66596889
5,25000018;-6,06699038
5,25500018;-6,06699038
5,26000018;-5,13348866
5,26500018;-4,66596889
5,27000018;-5,13348866
5,27500018;-4,66596889
5,28000018;-4,19998741
5,28500018;-4,19998741
5,29000018;-4,19998741
5,29500018;-3,73246789
5,30000018;-4,19998741
5,30500018;-3,73246789
5,31000018;-3,73246789
5,31500018;-4,66596889
5,32000018;-4,19998741
5,32500018;-4,19998741
5,33000018;-4,66596889
5,33500018;-4,66596889
5,34000018;-5,13348866
5,34500018;-5,13348866
5,35000018;-6,06699038
5,35500018;-6,06699038
5,36000018;-6,53297186
5,36500018;-7,46647358
5,37000018;-7,00049162
5,37500018;-6,53297186
5,38000018;-7,46647358
5,38500018;-7,93399334
5,39000018;-8,39997482
5,39500018;-8,39997482
5,40000018;-8,39997482
5,40500018;-8,86749458
5,41000018;-8,39997482
5,41500018;-8,39997482
5,42000018;-8,86749458
5,42500018;-8,86749458
5,43000018;-8,86749458
5,43500018;-8,39997482
5,44000018;-7,93399334
5,44500018;-7,46647358
5,45000018;-7,93399334
5,45500018;-7,46647358
5,46000018;-7,46647358
5,46500018;-7,46647358
5,47000018;-7,93399334
5,47500018;-7,46647358
5,48000018;-7,46647358
5,48500018;-7,00049162
5,49000018;-6,53297186
5,49500018;-7,00049162
5,50000018;-7,93399334
5,50500018;-7,00049162
5,51000018;-7,93399334
5,51500018;-9,33347607
5,52000018;-7,93399334
5,52500018;-9,33347607
5,53000018;-9,33347607
5,53500018;-9,80099583
5,54000018;-10,73449707
5,54500018;-9,80099583
5,55000018;-10,26697731
5,55500018;-10,73449707
5,56000018;-11,20047951
5,56500018;-10,26697731
5,57000018;-11,20047951
5,57500018;-11,66799831
5,58000018;-12,60150051
5,58500018;-12,13398075
5,59000018;-11,66799831
5,59500018;-12,60150051
5,60000018;-12,60150051
5,60500017;-12,13398075
5,61000017;-11,66799831
5,61500017;-12,60150051
5,62000017;-12,60150051
5,62500017;-12,60150051
5,63000017;-12,13398075
5,63500017;-12,13398075
5,64000017;-11,20047951
5,64500017;-11,66799831
5,65000017;-11,20047951
5,65500017;-11,66799831
5,66000017;-9,80099583
5,66500017;-11,20047951
5,67000017;-10,73449707
5,67500017;-10,26697731
5,68000017;-9,33347607
5,68500017;-9,80099583
5,69000017;-9,80099583
5,69500017;-9,80099583
5,70000017;-8,86749458
5,70500017;-9,80099583
5,71000017;-8,39997482
5,71500017;-8,86749458
5,72000017;-8,86749458
5,72500017;-7,93399334
5,73000017;-7,93399334
5,73500017;-7,93399334
5,74000017;-8,39997482
5,74500017;-7,00049162
5,75000017;-7,93399334
5,75500017;-8,86749458
5,76000017;-7,46647358
5,76500017;-7,93399334
5,77000017;-7,46647358
5,77500017;-7,00049162
5,78000017;-7,46647358
5,78500017;-7,00049162
5,79000017;-6,53297186
5,79500017;-7,46647358
5,80000017;-7,00049162
5,80500017;-6,53297186
5,81000017;-7,00049162
5,81500017;-6,53297186
5,82000017;-6,06699038
5,82500017;-7,00049162
5,83000017;-7,00049162
5,83500017;-6,53297186
5,84000017;-7,46647358
5,84500017;-6,53297186
5,85000017;-7,46647358
5,85500017;-5,59947062
5,86000017;-7,46647358
5,86500017;-7,93399334
5,87000017;-8,86749458
5,87500017;-8,39997482
5,88000017;-8,86749458
5,88500017;-9,33347607
5,89000017;-8,39997482
5,89500017;-8,86749458
5,90000017;-9,33347607
5,90500017;-8,86749458
5,91000017;-10,26697731
5,91500017;-8,86749458
5,92000017;-8,39997482
5,92500017;-9,33347607
5,93000017;-9,33347607
5,93500017;-9,33347607
5,94000017;-10,26697731
5,94500017;-10,26697731
5,95000017;-10,73449707
5,95500017;-9,33347607
5,96000017;-9,80099583
5,96500017;-9,80099583
5,97000017;-10,26697731
5,97500017;-10,26697731
5,98000017;-10,26697731
5,98500017;-11,20047951
5,99000017;-11,66799831
5,99500017;-12,13398075
6,00000016;-12,13398075
6,00500016;-12,13398075
6,01000016;-13,06748199
6,01500016;-13,53500175
6,02000016;-15,86798668
6,02500016;-13,53500175
6,03000016;-14,93448448
6,03500016;-15,40046692
6,04000016;-15,86798668
6,04500016;-15,40046692
6,05000016;-15,86798668
6,05500016;-16,33396912
6,06000016;-16,80148888
6,06500016;-16,80148888
6,07000016;-17,26746941
6,07500016;-16,80148888
6,08000016;-17,73498917
6,08500016;-18,66848946
6,09000016;-20,53549385
6,09500016;-18,66848946
6,10000016;-19,13447189
6,10500016;-19,13447189
6,11000016;-19,13447189
6,11500016;-19,13447189
6,12000016;-18,20096970
6,12500016;-16,33396912
6,13000016;-16,33396912
6,13500016;-14,93448448
6,14000016;-14,00098324
6,14500016;-14,00098324
6,15000016;-12,13398075
6,15500016;-11,66799831
6,16000016;-10,26697731
6,16500016;-10,26697731
6,17000016;-9,33347607
6,17500016;-10,26697731
6,18000016;-9,33347607
6,18500016;-10,73449707
6,19000016;-10,26697731
6,19500016;-9,80099583
6,20000016;-11,20047951
6,20500016;-11,66799831
6,21000016;-11,66799831
6,21500016;-12,13398075
6,22000016;-9,33347607
6,22500016;-11,66799831
6,23000016;-11,20047951
6,23500016;-11,20047951
6,24000016;-10,73449707
6,24500016;-9,33347607
6,25000016;-9,33347607
6,25500016;-9,80099583
6,26000016;-9,33347607
6,26500016;-8,39997482
6,27000016;-8,86749458
6,27500016;-7,93399334
6,28000016;-8,39997482
6,28500016;-7,93399334
6,29000016;-8,86749458
6,29500016;-7,46647358
6,30000016;-7,93399334
6,30500016;-7,00049162
6,31000016;-7,46647358
6,31500016;-6,06699038
6,32000016;-5,13348866
6,32500016;-6,06699038
6,33000016;-5,13348866
6,33500016;-4,66596889
6,34000016;-5,13348866
6,34500016;-4,19998741
6,35000016;-5,13348866
6,35500016;-3,26648593
6,36000016;-4,66596889
6,36500016;-4,19998741
6,37000016;-5,13348866
6,37500016;-4,66596889
6,38000016;-5,13348866
6,38500016;-5,13348866
6,39000016;-5,59947062
6,39500015;-5,13348866
6,40000015;-5,59947062
6,40500015;-4,66596889
6,41000015;-4,66596889
6,41500015;-4,19998741
6,42000015;-3,73246789
6,42500015;-3,26648593
6,43000015;-3,73246789
6,43500015;-1,86546493
6,44000015;-2,33298445
6,44500015;-1,39948320
6,45000015;-2,33298445
6,45500015;-1,86546493
6,46000015;-0,93196350
6,46500015;-0,46598175
6,47000015;-1,39948320
6,47500015;-1,39948320
6,48000015;-1,86546493
6,48500015;-1,86546493
6,49000015;-2,79896641
6,49500015;-2,79896641
6,50000015;-2,79896641
6,50500015;-2,79896641
6,51000015;-2,33298445
6,51500015;-4,19998741
6,52000015;-3,73246789
6,52500015;-4,66596889
6,53000015;-5,13348866
6,53500015;-5,59947062
6,54000015;-5,59947062
6,54500015;-5,59947062
6,55000015;-5,13348866
6,55500015;-6,06699038
6,56000015;-6,53297186
6,56500015;-6,53297186
6,57000015;-7,00049162
6,57500015;-7,46647358
6,58000015;-7,46647358
6,58500015;-6,53297186
6,59000015;-7,00049162
6,59500015;-7,46647358
6,60000015;-8,39997482
6,60500015;-6,53297186
6,61000015;-6,06699038
6,61500015;-6,53297186
6,62000015;-6,53297186
6,62500015;-6,06699038
6,63000015;-6,53297186
6,63500015;-6,53297186
6,64000015;-6,06699038
6,64500015;-7,00049162
6,65000015;-7,46647358
6,65500015;-7,46647358
6,66000015;-7,46647358
6,66500015;-7,93399334
6,67000015;-9,80099583
6,67500015;-8,39997482
6,68000015;-9,80099583
6,68500015;-10,73449707
6,69000015;-10,26697731
6,69500015;-10,73449707
6,70000015;-10,26697731
6,70500015;-10,26697731
6,71000015;-10,73449707
6,71500015;-9,80099583
6,72000015;-10,73449707
6,72500015;-10,73449707
6,73000015;-11,20047951
6,73500015;-11,20047951
6,74000015;-10,26697731
6,74500015;-10,26697731
6,75000015;-10,73449707
6,75500015;-11,20047951
6,76000015;-11,20047951
6,76500015;-9,80099583
6,77000015;-11,20047951
6,77500015;-11,66799831
6,78000015;-11,66799831
6,78500015;-10,73449707
6,79000014;-11,66799831
6,79500014;-11,66799831
6,80000014;-11,66799831
6,80500014;-11,20047951
6,81000014;-11,66799831
6,81500014;-11,66799831
6,82000014;-12,13398075
6,82500014;-11,20047951
6,83000014;-11,66799831
6,83500014;-12,13398075
6,84000014;-12,13398075
6,84500014;-11,20047951
6,85000014;-10,73449707
6,85500014;-10,73449707
6,86000014;-10,73449707
6,86500014;-9,80099583
6,87000014;-9,80099583
6,87500014;-8,86749458
6,88000014;-8,39997482
6,88500014;-8,39997482
6,89000014;-7,00049162
6,89500014;-6,53297186
6,90000014;-5,59947062
6,90500014;-4,66596889
6,91000014;-3,73246789
6,91500014;-3,26648593
6,92000014;-1,86546493
6,92500014;-2,79896641
6,93000014;-1,39948320
6,93500014;-1,39948320
6,94000014;-1,39948320
6,94500014;-0,46598175
6,95000014;-1,86546493
6,95500014;-1,39948320
6,96000014;-1,86546493
6,96500014;-2,79896641
6,97000014;-3,73246789
6,97500014;-3,26648593
6,98000014;-4,66596889
6,98500014;-3,73246789
6,99000014;-5,59947062
6,99500014;-5,13348866
7,00000014;-5,13348866
7,00500014;-5,13348866
7,01000014;-5,59947062
7,01500014;-5,13348866
7,02000014;-6,53297186
7,02500014;-4,19998741
7,03000014;-5,59947062
7,03500014;-5,13348866
7,04000014;-4,19998741
7,04500014;-3,73246789
7,05000014;-4,19998741
7,05500014;-4,19998741
7,06000014;-3,26648593
7,06500014;-3,73246789
7,07000014;-2,79896641
7,07500014;-1,86546493
7,08000014;-2,79896641
7,08500014;-1,86546493
7,09000014;-1,39948320
7,09500014;-0,93196350
7,10000014;-0,93196350
7,10500014;0,00000000
7,11000014;0,46598175
7,11500014;-13,06748199
7,12000014;0,93196350
7,12500014;0,00000000
7,13000014;-0,46598175
7,13500014;0,00000000
7,14000014;0,00000000
7,14500014;0,00000000
7,15000014;0,00000000
7,15500014;0,00000000
7,16000014;1,39948320
7,16500014;0,93196350
7,17000014;0,93196350
7,17500014;1,86546493
7,18000014;3,73246789
7,18500013;1,86546493
7,19000013;2,33298445
7,19500013;2,33298445
7,20000013;3,26648593
7,20500013;4,19998741
7,21000013;4,19998741
7,21500013;5,13348866
7,22000013;3,26648593
7,22500013;6,06699038
7,23000013;3,73246789
7,23500013;4,19998741
7,24000013;3,73246789
7,24500013;4,19998741
7,25000013;3,73246789
7,25500013;3,73246789
7,26000013;3,73246789
7,26500013;3,26648593
7,27000013;3,73246789
7,27500013;3,26648593
7,28000013;3,26648593
7,28500013;2,33298445
7,29000013;2,79896641
7,29500013;2,79896641
7,30000013;1,86546493
7,30500013;2,79896641
7,31000013;1,86546493
7,31500013;1,86546493
7,32000013;0,00000000
7,32500013;1,39948320
7,33000013;0,93196350
7,33500013;0,93196350
7,34000013;1,86546493
7,34500013;1,86546493
7,35000013;1,86546493
7,35500013;1,86546493
7,36000013;2,33298445
7,36500013;3,26648593
7,37000013;3,73246789
7,37500013;3,73246789
7,38000013;3,73246789
7,38500013;4,66596889
7,39000013;5,13348866
7,39500013;4,19998741
7,40000013;4,19998741
7,40500013;4,66596889
7,41000013;3,26648593
7,41500013;4,66596889
7,42000013;2,33298445
7,42500013;1,86546493
7,43000013;2,33298445
7,43500013;1,86546493
7,44000013;0,93196350
7,44500013;0,46598175
7,45000013;0,46598175
7,45500013;-0,46598175
7,46000013;-0,93196350
7,46500013;0,00000000
7,47000013;0,00000000
7,47500013;-0,93196350
7,48000013;0,46598175
7,48500013;0,46598175
7,49000013;0,00000000
7,49500013;0,00000000
7,50000013;0,00000000
7,50500013;0,93196350
7,51000013;-0,46598175
7,51500013;0,46598175
7,52000013;0,93196350
7,52500013;0,93196350
7,53000013;0,46598175
7,53500013;0,93196350
7,54000013;1,39948320
7,54500013;2,79896641
7,55000013;2,79896641
7,55500013;3,26648593
7,56000013;3,73246789
7,56500013;3,26648593
7,57000013;4,66596889
7,57500013;5,13348866
7,58000013;4,66596889
7,58500012;5,13348866
7,59000012;5,13348866
7,59500012;5,13348866
7,60000012;5,59947062
7,60500012;5,13348866
7,61000012;5,13348866
7,61500012;6,06699038
7,62000012;6,53297186
7,62500012;6,53297186
7,63000012;6,53297186
7,63500012;6,53297186
7,64000012;7,00049162
7,64500012;7,93399334
7,65000012;7,00049162
7,65500012;7,93399334
7,66000012;7,93399334
7,66500012;7,93399334
7,67000012;7,93399334
7,67500012;8,86749458
7,68000012;8,86749458
7,68500012;9,80099583
7,69000012;8,86749458
7,69500012;8,86749458
7,70000012;8,86749458
7,70500012;8,86749458
7,71000012;8,39997482
7,71500012;8,39997482
7,72000012;7,46647358
7,72500012;7,46647358
7,73000012;7,46647358
7,73500012;9,33347607
7,74000012;7,46647358
7,74500012;7,93399334
7,75000012;7,46647358
7,75500012;7,46647358
7,76000012;7,00049162
7,76500012;7,00049162
7,77000012;7,46647358
7,77500012;7,00049162
7,78000012;7,46647358
7,78500012;7,46647358
7,79000012;6,53297186
7,79500012;6,53297186
7,80000012;6,06699038
7,80500012;7,00049162
7,81000012;6,53297186
7,81500012;5,59947062
7,82000012;6,06699038
7,82500012;5,13348866
7,83000012;5,13348866
7,83500012;5,13348866
7,84000012;4,66596889
7,84500012;7,00049162
7,85000012;5,13348866
7,85500012;5,13348866
7,86000012;5,59947062
7,86500012;4,66596889
7,87000012;5,59947062
7,87500012;6,06699038
7,88000012;5,59947062
7,88500012;6,06699038
7,89000012;6,06699038
7,89500012;5,59947062
7,90000012;5,13348866
7,90500012;5,13348866
7,91000012;5,13348866
7,91500012;4,66596889
7,92000012;5,13348866
7,92500012;4,19998741
7,93000012;3,73246789
7,93500012;4,66596889
7,94000012;3,73246789
7,94500012;2,79896641
7,95000012;3,73246789
7,95500012;2,79896641
7,96000012;2,33298445
7,96500012;3,26648593
7,97000012;1,86546493
7,97500012;1,86546493
7,98000011;2,33298445
7,98500011;1,86546493
7,99000011;1,39948320
7,99500011;1,39948320
8,00000011;0,46598175
8,00500011;1,39948320
8,01000011;0,00000000
8,01500011;0,00000000
8,02000011;0,46598175
8,02500011;0,93196350
8,03000011;1,39948320
8,03500011;1,39948320
8,04000011;1,86546493
8,04500011;2,79896641
8,05000011;3,73246789
8,05500011;5,13348866
8,06000011;6,53297186
8,06500011;7,46647358
8,07000011;7,46647358
8,07500011;9,33347607
8,08000011;10,26697731
8,08500011;9,33347607
8,09000011;9,33347607
8,09500011;9,33347607
8,10000011;9,33347607
8,10500011;8,39997482
8,11000011;7,93399334
8,11500011;7,46647358
8,12000011;7,00049162
8,12500011;6,06699038
8,13000011;6,53297186
8,13500011;5,59947062
8,14000011;6,06699038
8,14500011;6,53297186
8,15000011;7,00049162
8,15500011;7,00049162
8,16000011;6,06699038
8,16500011;7,00049162
8,17000011;7,46647358
8,17500011;7,46647358
8,18000011;7,93399334
8,18500011;8,39997482
8,19000011;8,86749458
8,19500011;8,86749458
8,20000011;8,86749458
8,20500011;8,86749458
8,21000011;9,33347607
8,21500011;9,80099583
8,22000011;10,26697731
8,22500011;11,20047951
8,23000011;11,66799831
8,23500011;11,66799831
8,24000011;12,13398075
8,24500011;12,60150051
8,25000011;12,60150051
8,25500011;13,53500175
8,26000011;13,53500175
8,26500011;12,60150051
8,27000011;12,60150051
8,27500011;12,13398075
8,28000011;11,66799831
8,28500011;13,53500175
8,29000011;9,80099583
8,29500011;11,66799831
8,30000011;10,26697731
8,30500011;10,73449707
8,31000011;10,73449707
8,31500011;10,73449707
8,32000011;10,26697731
8,32500011;11,66799831
8,33000011;11,66799831
8,33500011;12,13398075
8,34000011;12,13398075
8,34500011;13,53500175
8,35000011;14,00098324
8,35500011;12,60150051
8,36000011;13,06748199
8,36500011;14,93448448
8,37000011;14,93448448
8,37500010;14,00098324
8,38000010;14,46850300
8,38500010;14,93448448
8,39000010;14,46850300
8,39500010;13,53500175
8,40000010;13,06748199
8,40500010;14,00098324
8,41000010;12,60150051
8,41500010;11,66799831
8,42000010;12,60150051
8,42500010;13,06748199
8,43000010;12,13398075
8,43500010;11,66799831
8,44000010;11,20047951
8,44500010;11,20047951
8,45000010;11,20047951
8,45500010;12,60150051
8,46000010;11,66799831
8,46500010;11,20047951
8,47000010;10,26697731
8,47500010;10,26697731
8,48000010;10,73449707
8,48500010;10,26697731
8,49000010;9,80099583
8,49500010;9,33347607
8,50000010;9,33347607
8,50500010;10,26697731
8,51000010;9,80099583
8,51500010;9,33347607
8,52000010;10,73449707
8,52500010;11,66799831
8,53000010;10,73449707
8,53500010;11,66799831
8,54000010;10,26697731
8,54500010;11,66799831
8,55000010;11,20047951
8,55500010;11,66799831
8,56000010;11,20047951
8,56500010;10,73449707
8,57000010;10,73449707
8,57500010;10,26697731
8,58000010;9,80099583
8,58500010;8,86749458
8,59000010;8,86749458
8,59500010;7,93399334
8,60000010;7,46647358
8,60500010;7,93399334
8,61000010;6,53297186
8,61500010;7,93399334
8,62000010;7,46647358
8,62500010;1,86546493
8,63000010;6,53297186
8,63500010;7,00049162
8,64000010;6,06699038
8,64500010;7,00049162
8,65000010;6,53297186
8,65500010;7,00049162
8,66000010;7,46647358
8,66500010;7,00049162
8,67000010;6,53297186
8,67500010;7,00049162
8,68000010;7,00049162
8,68500010;7,46647358
8,69000010;7,00049162
8,69500010;7,00049162
8,70000010;7,00049162
8,70500010;7,93399334
8,71000010;7,93399334
8,71500010;7,46647358
8,72000010;7,00049162
8,72500010;7,00049162
8,73000010;7,00049162
8,73500010;7,93399334
8,74000010;6,53297186
8,74500010;6,53297186
8,75000010;6,06699038
8,75500010;6,53297186
8,76000010;7,00049162
8,76500010;6,53297186
8,77000009;7,00049162
8,77500009;7,46647358
8,78000009;7,00049162
8,78500009;7,93399334
8,79000009;9,33347607
8,79500009;9,80099583
8,80000009;10,26697731
8,80500009;10,73449707
8,81000009;12,60150051
8,81500009;12,60150051
8,82000009;13,53500175
8,82500009;14,00098324
8,83000009;14,00098324
8,83500009;14,93448448
8,84000009;14,93448448
8,84500009;15,40046692
8,85000009;15,40046692
8,85500009;15,86798668
8,86000009;13,06748199
8,86500009;14,46850300
8,87000009;13,53500175
8,87500009;12,60150051
8,88000009;12,60150051
8,88500009;12,60150051
8,89000009;12,13398075
8,89500009;11,20047951
8,90000009;11,66799831
8,90500009;11,20047951
8,91000009;11,20047951
8,91500009;11,66799831
8,92000009;11,66799831
8,92500009;12,13398075
8,93000009;12,13398075
8,93500009;13,06748199
8,94000009;12,13398075
8,94500009;11,20047951
8,95000009;11,66799831
8,95500009;12,60150051
8,96000009;12,60150051
8,96500009;12,60150051
8,97000009;12,60150051
8,97500009;13,06748199
8,98000009;14,00098324
8,98500009;13,53500175
8,99000009;14,46850300
8,99500009;13,53500175
9,00000009;14,46850300
9,00500009;14,93448448
9,01000009;14,93448448
9,01500009;14,93448448
9,02000009;14,93448448
9,02500009;15,40046692
9,03000009;14,46850300
9,03500009;14,46850300
9,04000009;14,46850300
9,04500009;14,00098324
9,05000009;14,46850300
9,05500009;14,46850300
9,06000009;14,93448448
9,06500009;14,00098324
9,07000009;15,40046692
9,07500009;14,93448448
9,08000009;14,46850300
9,08500009;15,86798668
9,09000009;15,40046692
9,09500009;15,40046692
9,10000009;16,33396912
9,10500009;16,80148888
9,11000009;17,73498917
9,11500009;17,73498917
9,12000009;16,80148888
9,12500009;15,40046692
9,13000009;17,73498917
9,13500009;17,26746941
9,14000009;16,80148888
9,14500009;17,73498917
9,15000009;16,33396912
9,15500009;16,80148888
9,16000009;16,33396912
9,16500008;17,26746941
9,17000008;16,80148888
9,17500008;16,33396912
9,18000008;15,86798668
9,18500008;15,86798668
9,19000008;15,40046692
9,19500008;14,46850300
9,20000008;14,93448448
9,20500008;14,93448448
9,21000008;15,40046692
9,21500008;14,46850300
9,22000008;14,46850300
9,22500008;14,46850300
9,23000008;14,46850300
9,23500008;14,46850300
9,24000008;14,93448448
9,24500008;14,93448448
9,25000008;15,86798668
9,25500008;15,86798668
9,26000008;15,86798668
9,26500008;16,33396912
9,27000008;16,33396912
9,27500008;16,80148888
9,28000008;16,80148888
9,28500008;17,26746941
9,29000008;16,33396912
9,29500008;16,80148888
9,30000008;16,33396912
9,30500008;17,26746941
9,31000008;15,86798668
9,31500008;15,86798668
9,32000008;15,86798668
9,32500008;15,40046692
9,33000008;15,86798668
9,33500008;14,93448448
9,34000008;13,06748199
9,34500008;14,46850300
9,35000008;13,06748199
9,35500008;14,93448448
9,36000008;14,46850300
9,36500008;14,00098324
9,37000008;14,00098324
9,37500008;14,00098324
9,38000008;14,46850300
9,38500008;14,00098324
9,39000008;14,93448448
9,39500008;14,00098324
9,40000008;14,46850300
9,40500008;14,46850300
9,41000008;15,86798668
9,41500008;14,93448448
9,42000008;14,00098324
9,42500008;14,46850300
9,43000008;14,46850300
9,43500008;14,46850300
9,44000008;14,00098324
9,44500008;14,46850300
9,45000008;14,46850300
9,45500008;14,46850300
9,46000008;14,00098324
9,46500008;14,46850300
9,47000008;14,93448448
9,47500008;14,93448448
9,48000008;14,93448448
9,48500008;16,33396912
9,49000008;15,40046692
9,49500008;16,80148888
9,50000008;16,80148888
9,50500008;15,86798668
9,51000008;16,80148888
9,51500008;16,80148888
9,52000008;17,26746941
9,52500008;17,26746941
9,53000008;14,00098324
9,53500008;15,40046692
9,54000008;15,86798668
9,54500008;15,86798668
9,55000008;14,93448448
9,55500008;15,86798668
9,56000007;16,33396912
9,56500007;15,86798668
9,57000007;15,86798668
9,57500007;16,33396912
9,58000007;15,86798668
9,58500007;15,86798668
9,59000007;16,33396912
9,59500007;18,20096970
9,60000007;16,33396912
9,60500007;15,86798668
9,61000007;16,80148888
9,61500007;15,40046692
9,62000007;15,86798668
9,62500007;15,40046692
9,63000007;15,40046692
9,63500007;15,40046692
9,64000007;14,00098324
9,64500007;14,93448448
9,65000007;14,00098324
9,65500007;14,00098324
9,66000007;13,53500175
9,66500007;14,00098324
9,67000007;13,06748199
9,67500007;14,46850300
9,68000007;14,00098324
9,68500007;14,46850300
9,69000007;13,53500175
9,69500007;13,53500175
9,70000007;13,53500175
9,70500007;13,06748199
9,71000007;13,53500175
9,71500007;11,66799831
9,72000007;12,60150051
9,72500007;11,66799831
9,73000007;11,66799831
9,73500007;10,73449707
9,74000007;10,26697731
9,74500007;10,26697731
9,75000007;11,66799831
9,75500007;10,26697731
9,76000007;10,73449707
9,76500007;10,26697731
9,77000007;9,80099583
9,77500007;9,33347607
9,78000007;10,26697731
9,78500007;9,33347607
9,79000007;10,26697731
9,79500007;9,33347607
9,80000007;9,33347607
9,80500007;9,80099583
9,81000007;9,33347607
9,81500007;8,86749458
9,82000007;9,33347607
9,82500007;9,33347607
9,83000007;8,39997482
9,83500007;7,46647358
9,84000007;6,53297186
9,84500007;7,00049162
9,85000007;6,06699038
9,85500007;6,06699038
9,86000007;5,13348866
9,86500007;5,59947062
9,87000007;5,59947062
9,87500007;5,59947062
9,88000007;4,66596889
9,88500007;13,53500175
9,89000007;5,59947062
9,89500007;4,66596889
9,90000007;4,19998741
9,90500007;3,26648593
9,91000007;2,79896641
9,91500007;3,26648593
9,92000007;2,79896641
9,92500007;2,33298445
9,93000007;2,33298445
9,93500007;3,73246789
9,94000007;3,73246789
9,94500007;5,59947062
9,95000007;6,53297186
9,95500007;6,53297186
9,96000006;7,93399334
9,96500006;8,39997482
9,97000006;9,80099583
9,97500006;8,39997482
9,98000006;9,80099583
9,98500006;9,80099583
9,99000006;9,80099583
9,99500006;9,80099583
10,00000006;9,33347607
10,00500006;8,39997482
10,01000006;8,39997482
10,01500006;7,46647358
10,02000006;6,53297186
10,02500006;7,46647358
10,03000006;7,00049162
10,03500006;6,06699038
10,04000006;6,53297186
10,04500006;7,00049162
10,05000006;7,00049162
10,05500006;7,00049162
10,06000006;7,46647358
10,06500006;7,93399334
10,07000006;7,46647358
10,07500006;8,39997482
10,08000006;7,46647358
10,08500006;8,39997482
10,09000006;8,39997482
10,09500006;7,93399334
10,10000006;8,39997482
10,10500006;7,93399334
10,11000006;7,93399334
10,11500006;8,39997482
10,12000006;7,46647358
10,12500006;8,39997482
10,13000006;8,39997482
10,13500006;7,93399334
10,14000006;8,86749458
10,14500006;9,80099583
10,15000006;8,86749458
10,15500006;10,26697731
10,16000006;9,80099583
10,16500006;10,26697731
10,17000006;9,80099583
10,17500006;9,33347607
10,18000006;9,80099583
10,18500006;8,86749458
10,19000006;7,93399334
10,19500006;7,93399334
10,20000006;7,93399334
10,20500006;8,39997482
10,21000006;7,46647358
10,21500006;7,46647358
10,22000006;7,00049162
10,22500006;8,39997482
10,23000006;9,80099583
10,23500006;8,39997482
10,24000006;8,86749458
10,24500006;9,80099583
10,25000006;9,80099583
10,25500006;10,26697731
10,26000006;11,20047951
10,26500006;11,66799831
10,27000006;10,26697731
10,27500006;10,26697731
10,28000006;10,73449707
10,28500006;9,33347607
10,29000006;9,80099583
10,29500006;8,86749458
10,30000006;7,46647358
10,30500006;7,93399334
10,31000006;7,00049162
10,31500006;7,00049162
10,32000006;6,06699038
10,32500006;5,59947062
10,33000006;5,13348866
10,33500006;4,19998741
10,34000006;4,19998741
10,34500006;3,73246789
10,35000006;3,26648593
10,35500005;3,73246789
10,36000005;3,26648593
10,36500005;3,26648593
10,37000005;2,33298445
10,37500005;2,79896641
10,38000005;2,33298445
10,38500005;1,86546493
10,39000005;1,86546493
10,39500005;1,39948320
10,40000005;1,86546493
10,40500005;1,39948320
10,41000005;1,39948320
10,41500005;1,86546493
10,42000005;0,93196350
10,42500005;1,39948320
10,43000005;0,93196350
10,43500005;0,00000000
10,44000005;0,46598175
10,44500005;0,46598175
10,45000005;0,46598175
10,45500005;0,46598175
10,46000005;0,00000000
10,46500005;-0,46598175
10,47000005;0,00000000
10,47500005;-0,93196350
10,48000005;-1,39948320
10,48500005;-2,79896641
10,49000005;-2,79896641
10,49500005;-3,26648593
10,50000005;-3,73246789
10,50500005;-3,73246789
10,51000005;-3,73246789
10,51500005;-4,19998741
10,52000005;-4,19998741
10,52500005;-4,66596889
10,53000005;-4,66596889
10,53500005;-4,19998741
10,54000005;-3,73246789
10,54500005;-3,73246789
10,55000005;-4,19998741
10,55500005;-4,19998741
10,56000005;-4,19998741
10,56500005;-5,59947062
10,57000005;-4,66596889
10,57500005;-3,73246789
10,58000005;-4,19998741
10,58500005;-5,13348866
10,59000005;-5,13348866
10,59500005;-5,59947062
10,60000005;-5,59947062
10,60500005;-5,59947062
10,61000005;-5,13348866
10,61500005;-5,59947062
10,62000005;-6,06699038
10,62500005;-6,06699038
10,63000005;-7,00049162
10,63500005;-7,46647358
10,64000005;-7,46647358
10,64500005;-6,53297186
10,65000005;-7,46647358
10,65500005;-7,93399334
10,66000005;-7,46647358
10,66500005;-8,39997482
10,67000005;-7,93399334
10,67500005;-7,00049162
10,68000005;-7,46647358
10,68500005;-6,53297186
10,69000005;-6,06699038
10,69500005;-5,59947062
10,70000005;-5,59947062
10,70500005;-4,19998741
10,71000005;-4,19998741
10,71500005;-3,73246789
10,72000005;-3,26648593
10,72500005;-2,79896641
10,73000005;-2,79896641
10,73500005;-1,86546493
10,74000005;-2,33298445
10,74500005;-2,79896641
10,75000004;-3,73246789
10,75500004;-2,79896641
10,76000004;-4,66596889
10,76500004;-4,66596889
10,77000004;-5,59947062
10,77500004;-5,13348866
10,78000004;-7,00049162
10,78500004;-6,53297186
10,79000004;-7,93399334
10,79500004;-8,39997482
10,80000004;-8,39997482
10,80500004;-7,93399334
10,81000004;-8,86749458
10,81500004;-8,39997482
10,82000004;-7,93399334
10,82500004;-8,86749458
10,83000004;-8,39997482
10,83500004;-8,86749458
10,84000004;-9,33347607
10,84500004;-9,80099583
10,85000004;-8,86749458
10,85500004;-9,80099583
10,86000004;-8,86749458
10,86500004;-9,33347607
10,87000004;-8,86749458
10,87500004;-8,86749458
10,88000004;-8,39997482
10,88500004;-8,39997482
10,89000004;-7,93399334
10,89500004;-7,46647358
10,90000004;-7,00049162
10,90500004;-7,93399334
10,91000004;-7,46647358
10,91500004;-7,46647358
10,92000004;-7,00049162
10,92500004;-7,00049162
10,93000004;-7,00049162
10,93500004;-7,00049162
10,94000004;-7,00049162
10,94500004;-6,06699038
10,95000004;-6,06699038
10,95500004;-6,06699038
10,96000004;-6,53297186
10,96500004;-7,00049162
10,97000004;-6,06699038
10,97500004;-6,06699038
10,98000004;-6,06699038
10,98500004;-5,13348866
10,99000004;-4,19998741
10,99500004;-5,13348866
11,00000004;-4,66596889
11,00500004;-4,66596889
11,01000004;-4,19998741
11,01500004;-4,19998741
11,02000004;-3,73246789
11,02500004;-3,26648593
11,03000004;-3,73246789
11,03500004;-3,73246789
11,04000004;-3,26648593
11,04500004;-4,66596889
11,05000004;-4,19998741
11,05500004;-4,19998741
11,06000004;-5,59947062
11,06500004;-4,66596889
11,07000004;-5,59947062
11,07500004;-6,53297186
11,08000004;-7,00049162
11,08500004;-7,46647358
11,09000004;-7,00049162
11,09500004;-7,46647358
11,10000004;-7,46647358
11,10500004;-7,46647358
11,11000004;-8,39997482
11,11500004;-9,33347607
11,12000004;-8,86749458
11,12500004;-8,39997482
11,13000004;-8,39997482
11,13500004;-9,80099583
11,14000004;-7,46647358
11,14500003;-8,86749458
11,15000003;-6,06699038
11,15500003;-8,39997482
11,16000003;-7,93399334
11,16500003;-8,86749458
11,17000003;-9,33347607
11,17500003;-8,39997482
11,18000003;-9,33347607
11,18500003;-9,33347607
11,19000003;-10,73449707
11,19500003;-9,80099583
11,20000003;-10,73449707
11,20500003;-10,26697731
11,21000003;-11,66799831
11,21500003;-11,66799831
11,22000003;-11,66799831
11,22500003;-12,60150051
11,23000003;-13,06748199
11,23500003;-13,06748199
11,24000003;-13,06748199
11,24500003;-13,53500175
11,25000003;-14,00098324
11,25500003;-13,53500175
11,26000003;-14,46850300
11,26500003;-14,93448448
11,27000003;-14,00098324
11,27500003;-13,53500175
11,28000003;-13,53500175
11,28500003;-14,00098324
11,29000003;-14,46850300
11,29500003;-14,46850300
11,30000003;-14,00098324
11,30500003;-15,40046692
11,31000003;-14,46850300
11,31500003;-14,46850300
11,32000003;-14,00098324
11,32500003;-14,00098324
11,33000003;-14,93448448
11,33500003;-14,00098324
11,34000003;-14,93448448
11,34500003;-14,93448448
11,35000003;-14,00098324
11,35500003;-14,46850300
11,36000003;-14,46850300
11,36500003;-14,93448448
11,37000003;-14,93448448
11,37500003;-14,00098324
11,38000003;-14,00098324
11,38500003;-13,06748199
11,39000003;-12,60150051
11,39500003;-12,60150051
11,40000003;-12,60150051
11,40500003;-12,60150051
11,41000003;-12,13398075
11,41500003;-12,13398075
11,42000003;-12,13398075
11,42500003;-12,13398075
11,43000003;-11,66799831
11,43500003;-11,66799831
11,44000003;-11,20047951
11,44500003;-11,20047951
11,45000003;-10,73449707
11,45500003;-11,20047951
11,46000003;-10,26697731
11,46500003;-10,73449707
11,47000003;-11,20047951
11,47500003;-9,80099583
11,48000003;-10,26697731
11,48500003;-10,26697731
11,49000003;-10,26697731
11,49500003;-9,33347607
11,50000003;-10,73449707
11,50500003;-11,20047951
11,51000003;-11,20047951
11,51500003;-11,66799831
11,52000003;-12,13398075
11,52500003;-12,60150051
11,53000003;-12,60150051
11,53500003;-12,13398075
11,54000002;-13,06748199
11,54500002;-12,60150051
11,55000002;-14,93448448
11,55500002;-12,60150051
11,56000002;-13,06748199
11,56500002;-13,06748199
11,57000002;-13,06748199
11,57500002;-12,60150051
11,58000002;-10,73449707
11,58500002;-12,13398075
11,59000002;-12,60150051
11,59500002;-12,13398075
11,60000002;-13,53500175
11,60500002;-13,06748199
11,61000002;-13,06748199
11,61500002;-12,60150051
11,62000002;-14,00098324
11,62500002;-14,00098324
11,63000002;-14,46850300
11,63500002;-14,46850300
11,64000002;-15,40046692
11,64500002;-15,40046692
11,65000002;-15,86798668
11,65500002;-16,80148888
11,66000002;-15,86798668
11,66500002;-16,33396912
11,67000002;-16,33396912
11,67500002;-14,93448448
11,68000002;-16,80148888
11,68500002;-16,80148888
11,69000002;-18,66848946
11,69500002;-18,66848946
11,70000002;-18,66848946
11,70500002;-19,60199165
11,71000002;-20,53549385
11,71500002;-21,00147629
11,72000002;-21,00147629
11,72500002;-21,93497658
11,73000002;-21,93497658
11,73500002;-21,93497658
11,74000002;-21,46899414
11,74500002;-21,46899414
11,75000002;-19,60199165
11,75500002;-21,46899414
11,76000002;-21,46899414
11,76500002;-21,00147629
11,77000002;-21,00147629
11,77500002;-21,93497658
11,78000002;-22,40249634
11,78500002;-22,86847687
11,79000002;-23,33599663
11,79500002;-23,33599663
11,80000002;-24,26949883
11,80500002;-24,26949883
11,81000002;-26,13650131
11,81500002;-25,20300102
11,82000002;-25,66898346
11,82500002;-26,13650131
11,83000002;-25,20300102
11,83500002;-24,73548126
11,84000002;-24,26949883
11,84500002;-23,33599663
11,85000002;-22,40249634
11,85500002;-21,46899414
11,86000002;-20,06797409
11,86500002;-19,13447189
11,87000002;-17,73498917
11,87500002;-17,73498917
11,88000002;-15,86798668
11,88500002;-15,40046692
11,89000002;-15,40046692
11,89500002;-14,46850300
11,90000002;-14,46850300
11,90500002;-14,93448448
11,91000002;-15,40046692
11,91500002;-16,33396912
11,92000002;-15,40046692
11,92500002;-16,80148888
11,93000002;-17,26746941
11,93500002;-17,73498917
11,94000001;-17,26746941
11,94500001;-17,73498917
11,95000001;-17,73498917
11,95500001;-16,33396912
11,96000001;-16,80148888
11,96500001;-13,53500175
11,97000001;-15,40046692
11,97500001;-15,40046692
11,98000001;-14,93448448
11,98500001;-14,93448448
11,99000001;-14,93448448
11,99500001;-15,40046692
12,00000001;-15,40046692
12,00500001;-15,40046692
12,01000001;-14,93448448
12,01500001;-15,40046692
12,02000001;-14,93448448
12,02500001;-14,46850300
12,03000001;-14,46850300
12,03500001;-14,46850300
12,04000001;-14,93448448
12,04500001;-13,53500175
12,05000001;-14,46850300
12,05500001;-14,46850300
12,06000001;-14,00098324
12,06500001;-15,40046692
12,07000001;-14,00098324
12,07500001;-14,93448448
12,08000001;-14,46850300
12,08500001;-14,93448448
12,09000001;-15,86798668
12,09500001;-16,33396912
12,10000001;-15,86798668
12,10500001;-14,93448448
12,11000001;-18,20096970
12,11500001;-15,86798668
12,12000001;-14,93448448
12,12500001;-14,93448448
12,13000001;-14,46850300
12,13500001;-14,46850300
12,14000001;-13,06748199
12,14500001;-12,13398075
12,15000001;-13,53500175
12,15500001;-11,66799831
12,16000001;-11,66799831
12,16500001;-12,60150051
12,17000001;-12,13398075
12,17500001;-11,20047951
12,18000001;-11,66799831
12,18500001;-11,20047951
12,19000001;-13,06748199
12,19500001;-10,73449707
12,20000001;-12,13398075
12,20500001;-11,20047951
12,21000001;-11,20047951
12,21500001;-8,39997482
12,22000001;-12,13398075
12,22500001;-11,66799831
12,23000001;-11,66799831
12,23500001;-11,66799831
12,24000001;-11,66799831
12,24500001;-11,20047951
12,25000001;-11,20047951
12,25500001;-11,66799831
12,26000001;-13,06748199
12,26500001;-11,66799831
12,27000001;-13,06748199
12,27500001;-12,13398075
12,28000001;-13,53500175
12,28500001;-12,13398075
12,29000001;-13,53500175
12,29500001;-13,06748199
12,30000001;-13,06748199
12,30500001;-13,06748199
12,31000001;-13,06748199
12,31500001;-13,53500175
12,32000001;-13,06748199
12,32500001;-12,60150051
12,33000001;-11,66799831
12,33500000;-12,13398075
12,34000000;-12,60150051
12,34500000;-12,60150051
12,35000000;-12,60150051
12,35500000;-13,06748199
12,36000000;-13,06748199
12,36500000;-12,13398075
12,37000000;-12,60150051
12,37500000;-13,53500175
12,38000000;-15,40046692
12,38500000;-14,00098324
12,39000000;-14,93448448
12,39500000;-14,93448448
12,40000000;-16,33396912
12,40500000;-15,86798668
12,41000000;-16,33396912
12,41500000;-16,33396912
12,42000000;-16,33396912
12,42500000;-16,80148888
12,43000000;-16,33396912
12,43500000;-16,80148888
12,44000000;-16,33396912
12,44500000;-16,80148888
12,45000000;-15,86798668
12,45500000;-17,26746941
12,46000000;-18,20096970
12,46500000;-17,26746941
12,47000000;-17,73498917
12,47500000;-18,20096970
12,48000000;-17,73498917
12,48500000;-17,73498917
12,49000000;-17,26746941
12,49500000;-18,20096970
12,50000000;-17,26746941
12,50500000;-17,73498917
12,51000000;-16,80148888
12,51500000;-18,20096970
12,52000000;-16,80148888
12,52500000;-17,26746941
12,53000000;-17,26746941
12,53500000;-17,26746941
12,54000000;-16,80148888
12,54500000;-17,73498917
12,55000000;-15,86798668
12,55500000;-17,26746941
12,56000000;-17,73498917
12,56500000;-18,66848946
12,57000000;-18,66848946
12,57500000;-17,73498917
12,58000000;-21,00147629
12,58500000;-18,20096970
12,59000000;-17,73498917
12,59500000;-17,73498917
12,60000000;-16,80148888
12,60500000;-15,40046692
12,61000000;-14,46850300
12,61500000;-14,00098324
12,62000000;-13,53500175
12,62500000;-12,13398075
12,63000000;-11,66799831
12,63500000;-11,20047951
12,64000000;-10,26697731
12,64500000;-10,26697731
12,65000000;-8,86749458
12,65500000;-8,86749458
12,66000000;-9,33347607
12,66500000;-9,33347607
12,67000000;-10,26697731
12,67500000;-10,26697731
12,68000000;-10,26697731
12,68500000;-10,73449707
12,69000000;-10,73449707
12,69500000;-11,20047951
12,70000000;-19,60199165
12,70500000;-11,20047951
12,71000000;-11,20047951
12,71500000;-12,13398075
12,72000000;-11,20047951
12,72500000;-11,66799831
12,72999999;-10,73449707
12,73499999;-11,20047951
12,73999999;-10,73449707
12,74499999;-10,73449707
12,74999999;-10,73449707
12,75499999;-9,80099583
12,75999999;-9,80099583
12,76499999;-9,80099583
12,76999999;-7,93399334
12,77499999;-8,39997482
12,77999999;-7,93399334
12,78499999;-7,00049162
12,78999999;-7,46647358
12,79499999;-5,13348866
12,79999999;-5,13348866
12,80499999;-4,19998741
12,80999999;-3,26648593
12,81499999;-4,19998741
12,81999999;-2,79896641
12,82499999;-2,79896641
12,82999999;-1,86546493
12,83499999;-2,33298445
12,83999999;-1,86546493
12,84499999;-0,46598175
12,84999999;-2,79896641
12,85499999;-1,86546493
12,85999999;-2,33298445
12,86499999;-2,33298445
12,86999999;-2,79896641
12,87499999;-3,26648593
12,87999999;-2,79896641
12,88499999;-3,73246789
12,88999999;-3,26648593
12,89499999;-2,33298445
12,89999999;-2,33298445
12,90499999;-1,86546493
12,90999999;-2,33298445
12,91499999;-1,86546493
12,91999999;-0,46598175
12,92499999;-0,93196350
12,92999999;0,46598175
12,93499999;-0,46598175
12,93999999;0,00000000
12,94499999;0,00000000
12,94999999;-2,33298445
12,95499999;-1,86546493
12,95999999;-1,39948320
12,96499999;-0,93196350
12,96999999;-2,33298445
12,97499999;-2,79896641
12,97999999;-1,86546493
12,98499999;-2,79896641
12,98999999;-3,26648593
12,99499999;-3,26648593
12,99999999;-3,73246789
13,00499999;-4,19998741
13,00999999;-2,79896641
13,01499999;-3,73246789
13,01999999;-3,73246789
13,02499999;-3,26648593
13,02999999;-2,79896641
13,03499999;-4,19998741
13,03999999;-3,26648593
13,04499999;-3,26648593
13,04999999;-3,26648593
13,05499999;-2,79896641
13,05999999;-2,33298445
13,06499999;-1,86546493
13,06999999;-1,86546493
13,07499999;-2,79896641
13,07999999;-1,39948320
13,08499999;-0,93196350
13,08999999;-1,39948320
13,09499999;-0,93196350
13,09999999;-0,93196350
13,10499999;0,00000000
13,10999999;0,00000000
13,11499999;-0,93196350
13,11999999;0,46598175
13,12499998;0,46598175
13,12999998;0,00000000
13,13499998;0,00000000
13,13999998;0,00000000
13,14499998;1,39948320
13,14999998;0,46598175
13,15499998;1,86546493
13,15999998;0,93196350
13,16499998;1,86546493
13,16999998;1,39948320
13,17499998;1,39948320
13,17999998;1,86546493
13,18499998;1,86546493
13,18999998;1,86546493
13,19499998;1,39948320
13,19999998;2,33298445
13,20499998;1,86546493
13,20999998;1,86546493
13,21499998;2,79896641
13,21999998;0,46598175
13,22499998;0,93196350
13,22999998;2,33298445
13,23499998;2,79896641
13,23999998;2,79896641
13,24499998;2,79896641
13,24999998;3,73246789
13,25499998;3,73246789
13,25999998;3,26648593
13,26499998;4,19998741
13,26999998;4,19998741
13,27499998;4,66596889
13,27999998;5,13348866
13,28499998;4,19998741
13,28999998;5,13348866
13,29499998;5,13348866
13,29999998;5,13348866
13,30499998;6,06699038
13,30999998;5,59947062
13,31499998;6,06699038
13,31999998;6,06699038
13,32499998;5,59947062
13,32999998;5,59947062
13,33499998;5,13348866
13,33999998;6,06699038
13,34499998;6,06699038
13,34999998;5,59947062
13,35499998;7,46647358
13,35999998;6,53297186
13,36499998;7,46647358
13,36999998;6,53297186
13,37499998;6,53297186
13,37999998;7,46647358
13,38499998;7,93399334
13,38999998;7,00049162
13,39499998;8,39997482
13,39999998;7,46647358
13,40499998;7,46647358
13,40999998;7,00049162
13,41499998;6,06699038
13,41999998;6,53297186
13,42499998;7,00049162
13,42999998;5,59947062
13,43499998;5,59947062
13,43999998;5,13348866
13,44499998;5,59947062
13,44999998;5,59947062
13,45499998;5,13348866
13,45999998;5,13348866
13,46499998;5,59947062
13,46999998;5,59947062
13,47499998;5,59947062
13,47999998;6,53297186
13,48499998;6,53297186
13,48999998;6,53297186
13,49499998;6,06699038
13,49999998;7,00049162
13,50499998;6,53297186
13,50999998;6,53297186
13,51499998;7,00049162
13,51999997;6,06699038
13,52499997;5,13348866
13,52999997;7,93399334
13,53499997;7,93399334
13,53999997;7,93399334
13,54499997;7,93399334
13,54999997;7,00049162
13,55499997;7,93399334
13,55999997;7,46647358
13,56499997;8,39997482
13,56999997;7,93399334
13,57499997;7,46647358
13,57999997;7,93399334
13,58499997;7,93399334
13,58999997;7,93399334
13,59499997;7,46647358
13,59999997;7,46647358
13,60499997;7,46647358
13,60999997;7,00049162
13,61499997;7,00049162
13,61999997;7,00049162
13,62499997;7,00049162
13,62999997;7,00049162
13,63499997;6,53297186
13,63999997;6,53297186
13,64499997;7,00049162
13,64999997;7,93399334
13,65499997;6,53297186
13,65999997;7,46647358
13,66499997;6,06699038
13,66999997;6,06699038
13,67499997;5,59947062
13,67999997;5,59947062
13,68499997;5,13348866
13,68999997;4,66596889
13,69499997;4,66596889
13,69999997;4,19998741
13,70499997;3,73246789
13,70999997;2,79896641
13,71499997;3,26648593
13,71999997;3,26648593
13,72499997;2,33298445
13,72999997;1,86546493
13,73499997;2,33298445
13,73999997;1,86546493
13,74499997;2,33298445
13,74999997;2,79896641
13,75499997;3,73246789
13,75999997;4,19998741
13,76499997;4,19998741
13,76999997;6,06699038
13,77499997;7,46647358
13,77999997;9,80099583
13,78499997;9,80099583
13,78999997;9,80099583
13,79499997;10,26697731
13,79999997;10,73449707
13,80499997;10,73449707
13,80999997;9,80099583
13,81499997;10,26697731
13,81999997;9,80099583
13,82499997;9,80099583
13,82999997;8,86749458
13,83499997;8,86749458
13,83999997;7,46647358
13,84499997;8,39997482
13,84999997;8,86749458
13,85499997;8,39997482
13,85999997;9,33347607
13,86499997;8,39997482
13,86999997;9,80099583
13,87499997;9,33347607
13,87999997;10,26697731
13,88499997;9,80099583
13,88999997;10,73449707
13,89499997;9,80099583
13,89999997;10,73449707
13,90499997;11,66799831
13,90999997;11,66799831
13,91499996;11,20047951
13,91999996;12,13398075
13,92499996;13,06748199
13,92999996;12,60150051
13,93499996;13,06748199
13,93999996;12,60150051
13,94499996;13,53500175
13,94999996;12,60150051
13,95499996;12,60150051
13,95999996;14,46850300
13,96499996;15,40046692
13,96999996;14,93448448
13,97499996;14,00098324
13,97999996;14,93448448
13,98499996;14,46850300
13,98999996;14,46850300
13,99499996;14,00098324
13,99999996;13,06748199
14,00499996;13,53500175
14,00999996;14,93448448
14,01499996;14,46850300
14,01999996;14,00098324
14,02499996;14,46850300
14,02999996;14,00098324
14,03499996;15,40046692
14,03999996;14,00098324
14,04499996;14,93448448
14,04999996;15,40046692
14,05499996;15,40046692
14,05999996;16,33396912
14,06499996;16,80148888
14,06999996;16,80148888
14,07499996;17,26746941
14,07999996;17,26746941
14,08499996;18,20096970
14,08999996;17,26746941
14,09499996;17,26746941
14,09999996;18,66848946
14,10499996;18,20096970
14,10999996;18,20096970
14,11499996;17,73498917
14,11999996;18,20096970
14,12499996;17,73498917
14,12999996;17,73498917
14,13499996;16,33396912
14,13999996;15,86798668
14,14499996;15,86798668
14,14999996;15,86798668
14,15499996;15,40046692
14,15999996;14,93448448
14,16499996;14,46850300
14,16999996;14,00098324
14,17499996;13,53500175
14,17999996;14,93448448
14,18499996;14,00098324
14,18999996;13,53500175
14,19499996;13,53500175
14,19999996;13,06748199
14,20499996;13,53500175
14,20999996;13,06748199
14,21499996;14,00098324
14,21999996;14,93448448
14,22499996;14,46850300
14,22999996;14,93448448
14,23499996;14,93448448
14,23999996;14,93448448
14,24499996;15,40046692
14,24999996;15,40046692
14,25499996;15,86798668
14,25999996;14,93448448
14,26499996;15,40046692
14,26999996;14,46850300
14,27499996;14,46850300
14,27999996;13,53500175
14,28499996;13,53500175
14,28999996;14,00098324
14,29499996;13,06748199
14,29999996;12,13398075
14,30499996;11,66799831
14,30999996;10,73449707
14,31499995;10,26697731
14,31999995;10,26697731
14,32499995;10,73449707
14,32999995;10,73449707
14,33499995;9,80099583
14,33999995;9,33347607
14,34499995;9,33347607
14,34999995;9,80099583
14,35499995;10,26697731
14,35999995;8,86749458
14,36499995;9,33347607
14,36999995;9,33347607
14,37499995;8,39997482
14,37999995;8,86749458
14,38499995;9,33347607
14,38999995;8,86749458
14,39499995;8,39997482
14,39999995;8,39997482
14,40499995;8,39997482
14,40999995;8,86749458
14,41499995;8,39997482
14,41999995;8,39997482
14,42499995;9,33347607
14,42999995;8,86749458
14,43499995;8,39997482
14,43999995;8,39997482
14,44499995;8,86749458
14,44999995;8,86749458
14,45499995;8,39997482
14,45999995;9,33347607
14,46499995;8,86749458
14,46999995;8,39997482
14,47499995;3,73246789
14,47999995;7,46647358
14,48499995;8,86749458
14,48999995;9,33347607
14,49499995;9,33347607
14,49999995;10,26697731
14,50499995;10,73449707
14,50999995;10,26697731
14,51499995;11,66799831
14,51999995;12,60150051
14,52499995;13,53500175
14,52999995;14,46850300
14,53499995;14,93448448
14,53999995;16,33396912
14,54499995;16,80148888
14,54999995;16,80148888
14,55499995;17,26746941
14,55999995;17,26746941
14,56499995;17,26746941
14,56999995;17,73498917
14,57499995;17,26746941
14,57999995;16,80148888
14,58499995;19,13447189
14,58999995;16,33396912
14,59499995;15,40046692
14,59999995;15,86798668
14,60499995;16,33396912
14,60999995;16,33396912
14,61499995;15,86798668
14,61999995;15,86798668
14,62499995;15,86798668
14,62999995;16,33396912
14,63499995;15,86798668
14,63999995;15,86798668
14,64499995;16,33396912
14,64999995;16,33396912
14,65499995;16,33396912
14,65999995;16,33396912
14,66499995;17,26746941
14,66999995;16,80148888
14,67499995;16,80148888
14,67999995;16,33396912
14,68499995;17,73498917
14,68999995;17,73498917
14,69499995;17,73498917
14,69999995;18,66848946
14,70499995;18,20096970
14,70999994;18,20096970
14,71499994;18,20096970
14,71999994;19,60199165
14,72499994;18,66848946
14,72999994;18,66848946
14,73499994;18,20096970
14,73999994;18,66848946
14,74499994;7,00049162
14,74999994;18,20096970
14,75499994;18,66848946
14,75999994;18,20096970
14,76499994;17,73498917
14,76999994;18,20096970
14,77499994;17,73498917
14,77999994;17,73498917
14,78499994;18,20096970
14,78999994;17,73498917
14,79499994;18,66848946
14,79999994;18,66848946
14,80499994;19,13447189
14,80999994;18,20096970
14,81499994;20,06797409
14,81999994;19,60199165
14,82499994;20,06797409
14,82999994;20,06797409
14,83499994;20,06797409
14,83999994;20,06797409
14,84499994;20,53549385
14,84999994;20,53549385
14,85499994;20,53549385
14,85999994;20,53549385
14,86499994;20,53549385
14,86999994;19,60199165
14,87499994;19,13447189
14,87999994;20,06797409
14,88499994;19,13447189
14,88999994;19,60199165
14,89499994;19,13447189
14,89999994;18,66848946
14,90499994;19,13447189
14,90999994;18,66848946
14,91499994;17,73498917
14,91999994;18,20096970
14,92499994;17,73498917
14,92999994;17,73498917
14,93499994;17,26746941
14,93999994;17,26746941
14,94499994;17,73498917
14,94999994;17,26746941
14,95499994;17,73498917
14,95999994;17,73498917
14,96499994;17,26746941
14,96999994;17,73498917
14,97499994;18,66848946
14,97999994;19,60199165
14,98499994;18,20096970
14,98999994;19,13447189
14,99499994;18,20096970
14,99999994;18,20096970
15,00499994;19,13447189
15,00999994;18,20096970
15,01499994;18,66848946
15,01999994;18,20096970
15,02499994;17,73498917
15,02999994;17,26746941
15,03499994;17,26746941
15,03999994;15,40046692
15,04499994;16,80148888
15,04999994;15,86798668
15,05499994;16,33396912
15,05999994;15,40046692
15,06499994;15,40046692
15,06999994;14,93448448
15,07499994;14,46850300
15,07999994;14,00098324
15,08499994;14,00098324
15,08999994;13,53500175
15,09499994;13,53500175
15,09999994;13,53500175
15,10499993;13,53500175
15,10999993;13,06748199
15,11499993;13,06748199
15,11999993;13,06748199
15,12499993;15,40046692
15,12999993;13,06748199
15,13499993;12,60150051
15,13999993;13,06748199
15,14499993;13,53500175
15,14999993;12,13398075
15,15499993;12,60150051
15,15999993;12,13398075
15,16499993;15,40046692
15,16999993;12,60150051
15,17499993;14,00098324
15,17999993;12,60150051
15,18499993;14,00098324
15,18999993;14,46850300
15,19499993;15,40046692
15,19999993;15,40046692
15,20499993;14,93448448
15,20999993;14,93448448
15,21499993;14,93448448
15,21999993;15,40046692
15,22499993;14,93448448
15,22999993;15,40046692
15,23499993;15,40046692
15,23999993;14,46850300
15,24499993;14,93448448
15,24999993;14,46850300
15,25499993;14,46850300
15,25999993;15,40046692
15,26499993;14,93448448
15,26999993;14,93448448
15,27499993;14,93448448
15,27999993;14,93448448
15,28499993;14,93448448
15,28999993;15,40046692
15,29499993;15,86798668
15,29999993;16,33396912
15,30499993;16,33396912
15,30999993;15,40046692
15,31499993;15,40046692
15,31999993;14,93448448
15,32499993;15,86798668
15,32999993;15,40046692
15,33499993;14,93448448
15,33999993;14,93448448
15,34499993;14,93448448
15,34999993;14,93448448
15,35499993;14,46850300
15,35999993;14,93448448
15,36499993;12,60150051
15,36999993;14,00098324
15,37499993;14,00098324
15,37999993;13,53500175
15,38499993;14,46850300
15,38999993;14,46850300
15,39499993;14,93448448
15,39999993;14,93448448
15,40499993;14,93448448
15,40999993;14,93448448
15,41499993;14,00098324
15,41999993;14,46850300
15,42499993;14,00098324
15,42999993;14,00098324
15,43499993;13,06748199
15,43999993;13,53500175
15,44499993;13,06748199
15,44999993;12,60150051
15,45499993;11,66799831
15,45999993;11,66799831
15,46499993;10,73449707
15,46999993;11,20047951
15,47499993;11,66799831
15,47999993;11,20047951
15,48499993;11,20047951
15,48999993;10,73449707
15,49499993;11,20047951
15,49999992;11,20047951
15,50499992;10,73449707
15,50999992;10,73449707
15,51499992;10,73449707
15,51999992;10,26697731
15,52499992;10,26697731
15,52999992;9,33347607
15,53499992;9,80099583
15,53999992;8,39997482
15,54499992;7,93399334
15,54999992;7,00049162
15,55499992;6,53297186
15,55999992;6,06699038
15,56499992;5,13348866
15,56999992;3,73246789
15,57499992;3,26648593
15,57999992;2,33298445
15,58499992;3,26648593
15,58999992;1,86546493
15,59499992;2,33298445
15,59999992;1,39948320
15,60499992;1,86546493
15,60999992;1,39948320
15,61499992;0,46598175
15,61999992;0,00000000
15,62499992;-0,93196350
15,62999992;-0,93196350
15,63499992;-1,86546493
15,63999992;-2,33298445
15,64499992;-1,86546493
15,64999992;-2,33298445
15,65499992;-0,93196350
15,65999992;-0,93196350
15,66499992;0,46598175
15,66999992;0,93196350
15,67499992;2,79896641
15,67999992;3,73246789
15,68499992;4,66596889
15,68999992;4,66596889
15,69499992;6,06699038
15,69999992;5,59947062
15,70499992;6,53297186
15,70999992;4,19998741
15,71499992;4,66596889
15,71999992;4,66596889
15,72499992;4,19998741
15,72999992;3,73246789
15,73499992;2,79896641
15,73999992;2,79896641
15,74499992;2,33298445
15,74999992;-1,86546493
15,75499992;2,33298445
15,75999992;2,33298445
15,76499992;1,39948320
15,76999992;3,26648593
15,77499992;4,19998741
15,77999992;5,13348866
15,78499992;4,19998741
15,78999992;5,13348866
15,79499992;5,59947062
15,79999992;4,19998741
15,80499992;6,06699038
15,80999992;6,06699038
15,81499992;6,53297186
15,81999992;6,53297186
15,82499992;6,06699038
15,82999992;7,00049162
15,83499992;6,53297186
15,83999992;7,00049162
15,84499992;7,46647358
15,84999992;-1,39948320
15,85499992;8,86749458
15,85999992;8,86749458
15,86499992;9,33347607
15,86999992;9,80099583
15,87499992;9,33347607
15,87999992;8,86749458
15,88499992;8,86749458
15,88999992;9,33347607
15,89499991;8,86749458
15,89999991;8,86749458
15,90499991;8,39997482
15,90999991;7,00049162
15,91499991;7,46647358
15,91999991;7,46647358
15,92499991;7,46647358
15,92999991;7,00049162
15,93499991;7,46647358
15,93999991;7,46647358
15,94499991;7,93399334
15,94999991;7,93399334
15,95499991;8,86749458
15,95999991;7,46647358
15,96499991;8,39997482
15,96999991;8,39997482
15,97499991;9,33347607
15,97999991;7,46647358
15,98499991;9,33347607
15,98999991;8,39997482
15,99499991;9,33347607
15,99999991;8,39997482
16,00499991;7,93399334
16,00999991;7,00049162
16,01499991;6,06699038
16,01999991;6,06699038
16,02499991;5,59947062
16,02999991;4,66596889
16,03499991;4,19998741
16,03999991;3,73246789
16,04499991;3,73246789
16,04999991;1,86546493
16,05499991;3,26648593
16,05999991;3,26648593
16,06499991;2,33298445
16,06999991;2,33298445
16,07499991;1,86546493
16,07999991;1,86546493
16,08499991;1,39948320
16,08999991;0,00000000
16,09499991;0,93196350
16,09999991;0,00000000
16,10499991;0,46598175
16,10999991;-0,46598175
16,11499991;0,46598175
16,11999991;-0,93196350
16,12499991;-0,46598175
16,12999991;-0,46598175
16,13499991;-0,46598175
16,13999991;-0,93196350
16,14499991;-0,93196350
16,14999991;-0,46598175
16,15499991;-0,93196350
16,15999991;-0,46598175
16,16499991;-0,93196350
16,16999991;-1,86546493
16,17499991;-1,39948320
16,17999991;-3,73246789
16,18499991;-1,39948320
16,18999991;-1,39948320
16,19499991;-2,79896641
16,19999991;-3,73246789
16,20499991;-3,26648593
16,20999991;-3,73246789
16,21499991;-3,73246789
16,21999991;-3,73246789
16,22499991;-4,66596889
16,22999991;-4,66596889
16,23499991;-5,59947062
16,23999991;-5,59947062
16,24499991;-5,59947062
16,24999991;-5,59947062
16,25499991;-5,59947062
16,25999991;-6,53297186
16,26499991;-5,59947062
16,26999991;-6,06699038
16,27499991;-4,66596889
16,27999991;-6,53297186
16,28499991;-7,00049162
16,28999990;-6,53297186
16,29499990;-6,06699038
16,29999990;-6,06699038
16,30499990;-5,59947062
16,30999990;-6,53297186
16,31499990;-6,53297186
16,31999990;-6,53297186
16,32499990;-6,06699038
16,32999990;-7,00049162
16,33499990;-6,53297186
16,33999990;-6,53297186
16,34499990;-7,00049162
16,34999990;-7,00049162
16,35499990;-7,46647358
16,35999990;-8,39997482
16,36499990;-7,46647358
16,36999990;-7,00049162
16,37499990;-7,46647358
16,37999990;-9,80099583
16,38499990;-8,39997482
16,38999990;-8,39997482
16,39499990;-7,46647358
16,39999990;-7,93399334
16,40499990;-7,00049162
16,40999990;-7,00049162
16,41499990;-6,53297186
16,41999990;-6,06699038
16,42499990;-5,13348866
16,42999990;-2,79896641
16,43499990;-2,79896641
16,43999990;-1,39948320
16,44499990;-0,93196350
16,44999990;0,93196350
16,45499990;0,00000000
16,45999990;1,86546493
16,46499990;1,39948320
16,46999990;2,33298445
16,47499990;2,79896641
16,47999990;1,86546493
16,48499990;0,46598175
16,48999990;-0,46598175
16,49499990;-2,79896641
16,49999990;-1,86546493
16,50499990;-2,79896641
16,50999990;-3,73246789
16,51499990;-4,19998741
16,51999990;-6,06699038
16,52499990;-5,13348866
16,52999990;-5,59947062
16,53499990;-6,06699038
16,53999990;-6,06699038
16,54499990;-6,06699038
16,54999990;-5,59947062
16,55499990;-6,53297186
16,55999990;-6,53297186
16,56499990;-6,06699038
16,56999990;-5,13348866
16,57499990;-5,59947062
16,57999990;-6,53297186
16,58499990;-4,19998741
16,58999990;-4,66596889
16,59499990;-4,66596889
16,59999990;-4,19998741
16,60499990;-3,73246789
16,60999990;-3,73246789
16,61499990;-3,26648593
16,61999990;-3,73246789
16,62499990;-3,73246789
16,62999990;-4,66596889
16,63499990;-3,73246789
16,63999990;-3,26648593
16,64499990;-0,46598175
16,64999990;-4,66596889
16,65499990;-3,26648593
16,65999990;-4,19998741
16,66499990;-4,19998741
16,66999990;-4,19998741
16,67499990;-4,19998741
16,67999990;-4,19998741
16,68499990;-3,73246789
16,68999989;-4,19998741
16,69499989;-4,19998741
16,69999989;-3,73246789
16,70499989;-3,26648593
16,70999989;-2,79896641
16,71499989;-2,33298445
16,71999989;-0,46598175
16,72499989;-1,39948320
16,72999989;0,00000000
16,73499989;0,00000000
16,73999989;0,00000000
16,74499989;0,93196350
16,74999989;0,46598175
16,75499989;0,93196350
16,75999989;0,46598175
16,76499989;0,93196350
16,76999989;0,93196350
16,77499989;0,00000000
16,77999989;0,46598175
16,78499989;-0,46598175
16,78999989;-0,46598175
16,79499989;-0,93196350
16,79999989;-1,86546493
16,80499989;-1,86546493
16,80999989;-2,79896641
16,81499989;-1,86546493
16,81999989;-2,33298445
16,82499989;-3,26648593
16,82999989;-3,26648593
16,83499989;-2,79896641
16,83999989;-2,79896641
16,84499989;-1,86546493
16,84999989;-1,86546493
16,85499989;-1,86546493
16,85999989;-1,39948320
16,86499989;-0,93196350
16,86999989;-0,93196350
16,87499989;-0,93196350
16,87999989;-0,46598175
16,88499989;-0,46598175
16,88999989;-0,93196350
16,89499989;0,46598175
16,89999989;-0,46598175
16,90499989;-0,93196350
16,90999989;-7,00049162
16,91499989;-0,93196350
16,91999989;-1,86546493
16,92499989;-1,39948320
16,92999989;-1,86546493
16,93499989;-2,33298445
16,93999989;-2,33298445
16,94499989;-2,79896641
16,94999989;-3,26648593
16,95499989;-3,73246789
16,95999989;-3,73246789
16,96499989;-4,19998741
16,96999989;-4,19998741
16,97499989;-4,66596889
16,97999989;-3,73246789
16,98499989;-5,13348866
16,98999989;-4,66596889
16,99499989;-6,06699038
16,99999989;-5,13348866
17,00499989;-4,19998741
17,00999989;-4,66596889
17,01499989;-4,66596889
17,01999989;-4,66596889
17,02499989;-4,19998741
17,02999989;-4,66596889
17,03499989;-5,13348866
17,03999989;-5,13348866
17,04499989;-4,66596889
17,04999989;-4,66596889
17,05499989;-4,66596889
17,05999989;-4,19998741
17,06499989;-4,66596889
17,06999989;-4,66596889
17,07499989;-4,66596889
17,07999989;-5,13348866
17,08499988;-4,19998741
17,08999988;-5,13348866
17,09499988;-4,66596889
17,09999988;-5,13348866
17,10499988;-4,66596889
17,10999988;-4,66596889
17,11499988;-5,13348866
17,11999988;-4,66596889
17,12499988;-5,13348866
17,12999988;-4,66596889
17,13499988;-4,66596889
17,13999988;-4,19998741
17,14499988;-4,19998741
17,14999988;-3,73246789
17,15499988;-3,73246789
17,15999988;-3,26648593
17,16499988;-3,26648593
17,16999988;-2,79896641
17,17499988;-2,33298445
17,17999988;-2,33298445
17,18499988;-2,79896641
17,18999988;-2,79896641
17,19499988;-2,79896641
17,19999988;-1,86546493
17,20499988;-1,86546493
17,20999988;-1,39948320
17,21499988;-2,79896641
17,21999988;-3,26648593
17,22499988;-2,79896641
17,22999988;-3,26648593
17,23499988;-2,79896641
17,23999988;-4,66596889
17,24499988;-3,26648593
17,24999988;-3,73246789
17,25499988;-3,73246789
17,25999988;-3,73246789
17,26499988;-3,73246789
17,26999988;-4,19998741
17,27499988;-4,19998741
17,27999988;-3,73246789
17,28499988;-4,19998741
17,28999988;-4,66596889
17,29499988;-4,66596889
17,29999988;-5,13348866
17,30499988;-5,13348866
17,30999988;-5,13348866
17,31499988;-5,59947062
17,31999988;-6,06699038
17,32499988;-6,06699038
17,32999988;-6,06699038
17,33499988;-6,06699038
17,33999988;-6,06699038
17,34499988;-6,06699038
17,34999988;-6,53297186
17,35499988;-6,53297186
17,35999988;-7,00049162
17,36499988;-6,53297186
17,36999988;-7,00049162
17,37499988;-7,00049162
17,37999988;-7,46647358
17,38499988;-7,46647358
17,38999988;-7,00049162
17,39499988;-7,93399334
17,39999988;-7,93399334
17,40499988;-7,93399334
17,40999988;-8,39997482
17,41499988;-8,39997482
17,41999988;-8,86749458
17,42499988;-8,86749458
17,42999988;-8,39997482
17,43499988;-8,86749458
17,43999988;-9,33347607
17,44499988;-10,73449707
17,44999988;-10,26697731
17,45499988;-10,26697731
17,45999988;-10,26697731
17,46499988;-10,73449707
17,46999988;-11,20047951
17,47499988;-14,93448448
17,47999987;-11,66799831
17,48499987;-11,66799831
17,48999987;-12,60150051
17,49499987;-12,60150051
17,49999987;-12,60150051
17,50499987;-12,60150051
17,50999987;-13,06748199
17,51499987;-13,53500175
17,51999987;-14,46850300
17,52499987;-14,46850300
17,52999987;-14,93448448
17,53499987;-14,93448448
17,53999987;-15,40046692
17,54499987;-15,86798668
17,54999987;-15,86798668
17,55499987;-15,86798668
17,55999987;-15,40046692
17,56499987;-15,40046692
17,56999987;-14,46850300
17,57499987;-13,06748199
17,57999987;-13,06748199
17,58499987;-11,20047951
17,58999987;-10,73449707
17,59499987;-9,80099583
17,59999987;-8,86749458
17,60499987;-7,93399334
17,60999987;-7,93399334
17,61499987;-8,39997482
17,61999987;-7,93399334
17,62499987;-8,86749458
17,62999987;-9,33347607
17,63499987;-9,80099583
17,63999987;-10,26697731
17,64499987;-10,73449707
17,64999987;-11,66799831
17,65499987;-11,66799831
17,65999987;-11,66799831
17,66499987;-11,66799831
17,66999987;-11,66799831
17,67499987;-11,20047951
17,67999987;-11,66799831
17,68499987;-11,66799831
17,68999987;-10,73449707
17,69499987;-10,73449707
17,69999987;-11,20047951
17,70499987;-10,73449707
17,70999987;-10,26697731
17,71499987;-10,26697731
17,71999987;-10,73449707
17,72499987;-10,73449707
17,72999987;-9,33347607
17,73499987;-10,73449707
17,73999987;-0,46598175
17,74499987;-11,66799831
17,74999987;-10,73449707
17,75499987;-10,73449707
17,75999987;-10,73449707
17,76499987;-10,26697731
17,76999987;-9,80099583
17,77499987;-9,80099583
17,77999987;-9,33347607
17,78499987;-9,33347607
17,78999987;-8,86749458
17,79499987;-9,80099583
17,79999987;-9,33347607
17,80499987;-8,86749458
17,80999987;-8,86749458
17,81499987;-9,33347607
17,81999987;-9,33347607
17,82499987;-9,33347607
17,82999987;-9,33347607
17,83499987;-8,86749458
17,83999987;-10,73449707
17,84499987;-8,86749458
17,84999987;-8,39997482
17,85499987;-7,46647358
17,85999987;-7,93399334
17,86499987;-8,39997482
17,86999987;-6,53297186
17,87499986;-6,06699038
17,87999986;-5,59947062
17,88499986;-5,13348866
17,88999986;-5,59947062
17,89499986;-4,66596889
17,89999986;-4,66596889
17,90499986;-4,19998741
17,90999986;-4,19998741
17,91499986;-4,66596889
17,91999986;-5,13348866
17,92499986;-4,66596889
17,92999986;-5,13348866
17,93499986;-5,59947062
17,93999986;-5,59947062
17,94499986;-5,59947062
17,94999986;-6,06699038
17,95499986;-6,53297186
17,95999986;-7,00049162
17,96499986;-7,46647358
17,96999986;-7,93399334
17,97499986;-7,93399334
17,97999986;-8,86749458
17,98499986;-8,86749458
17,98999986;-9,33347607
17,99499986;-8,39997482
17,99999986;-12,13398075
18,00499986;-10,73449707
18,00999986;-11,20047951
18,01499986;-10,73449707
18,01999986;-11,66799831
18,02499986;-11,20047951
18,02999986;-11,66799831
18,03499986;-10,73449707
18,03999986;-11,66799831
18,04499986;-11,20047951
18,04999986;-11,20047951
18,05499986;-10,26697731
18,05999986;-10,26697731
18,06499986;-9,80099583
18,06999986;-9,80099583
18,07499986;-10,26697731
18,07999986;-10,26697731
18,08499986;-10,73449707
18,08999986;-11,20047951
18,09499986;-10,26697731
18,09999986;-10,73449707
18,10499986;-12,13398075
18,10999986;-12,60150051
18,11499986;-13,06748199
18,11999986;-14,00098324
18,12499986;-13,53500175
18,12999986;-15,40046692
18,13499986;-17,26746941
18,13999986;-15,40046692
18,14499986;-15,40046692
18,14999986;-16,33396912
18,15499986;-16,80148888
18,15999986;-16,33396912
18,16499986;-15,40046692
18,16999986;-15,86798668
18,17499986;-15,40046692
18,17999986;-15,40046692
18,18499986;-15,86798668
18,18999986;-15,86798668
18,19499986;-16,80148888
18,19999986;-15,86798668
18,20499986;-16,33396912
18,20999986;-16,80148888
18,21499986;-16,80148888
18,21999986;-16,80148888
18,22499986;-16,80148888
18,22999986;-16,80148888
18,23499986;-17,26746941
18,23999986;-17,26746941
18,24499986;-17,26746941
18,24999986;-16,80148888
18,25499986;-17,26746941
18,25999986;-17,26746941
18,26499986;-17,26746941
18,26999985;-16,33396912
18,27499985;-18,20096970
18,27999985;-17,26746941
18,28499985;-17,26746941
18,28999985;-18,66848946
18,29499985;-18,20096970
18,29999985;-17,26746941
18,30499985;-17,26746941
18,30999985;-16,80148888
18,31499985;-16,80148888
18,31999985;-15,86798668
18,32499985;-14,93448448
18,32999985;-14,46850300
18,33499985;-12,60150051
18,33999985;-12,13398075
18,34499985;-12,13398075
18,34999985;-12,13398075
18,35499985;-10,26697731
18,35999985;-9,80099583
18,36499985;-12,13398075
18,36999985;-9,80099583
18,37499985;-9,33347607
18,37999985;-8,86749458
18,38499985;-9,80099583
18,38999985;-9,33347607
18,39499985;-10,26697731
18,39999985;-9,80099583
18,40499985;-10,26697731
18,40999985;-9,80099583
18,41499985;-11,20047951
18,41999985;-11,20047951
18,42499985;-12,60150051
18,42999985;-13,53500175
18,43499985;-12,13398075
18,43999985;-12,60150051
18,44499985;-12,13398075
18,44999985;-7,93399334
18,45499985;-11,66799831
18,45999985;-11,66799831
18,46499985;-11,20047951
18,46999985;-11,20047951
18,47499985;-10,26697731
18,47999985;-12,13398075
18,48499985;-10,73449707
18,48999985;-11,20047951
18,49499985;-10,26697731
18,49999985;-9,33347607
18,50499985;-10,73449707
18,50999985;-9,33347607
18,51499985;-8,86749458
18,51999985;-8,86749458
18,52499985;-8,39997482
18,52999985;-7,93399334
18,53499985;-7,00049162
18,53999985;-7,00049162
18,54499985;-6,53297186
18,54999985;-7,00049162
18,55499985;-6,53297186
18,55999985;-4,66596889
18,56499985;-5,13348866
18,56999985;-5,59947062
18,57499985;-5,59947062
18,57999985;-3,73246789
18,58499985;-4,66596889
18,58999985;-5,13348866
18,59499985;-6,06699038
18,59999985;-5,13348866
18,60499985;-5,59947062
18,60999985;-5,13348866
18,61499985;-3,26648593
18,61999985;-3,26648593
18,62499985;-2,33298445
18,62999985;-2,33298445
18,63499985;-2,33298445
18,63999985;-2,33298445
18,64499985;-1,86546493
18,64999985;-2,33298445
18,65499985;-1,86546493
18,65999985;-2,79896641
18,66499984;-2,79896641
18,66999984;-1,86546493
18,67499984;-2,79896641
18,67999984;-2,79896641
18,68499984;-3,26648593
18,68999984;-4,19998741
18,69499984;-4,19998741
18,69999984;-4,19998741
18,70499984;-3,73246789
18,70999984;-3,73246789
18,71499984;-4,19998741
18,71999984;-3,73246789
18,72499984;-3,73246789
18,72999984;-4,66596889
18,73499984;-3,73246789
18,73999984;-4,66596889
18,74499984;-3,73246789
18,74999984;-4,66596889
18,75499984;-5,13348866
18,75999984;-4,66596889
18,76499984;-4,66596889
18,76999984;-5,13348866
18,77499984;-4,66596889
18,77999984;-5,59947062
18,78499984;-5,13348866
18,78999984;-5,59947062
18,79499984;-5,59947062
18,79999984;-6,06699038
18,80499984;-6,06699038
18,80999984;-5,59947062
18,81499984;-5,13348866
18,81999984;-5,13348866
18,82499984;-5,59947062
18,82999984;-5,59947062
18,83499984;-4,66596889
18,83999984;-5,13348866
18,84499984;-5,13348866
18,84999984;-5,13348866
18,85499984;-5,59947062
18,85999984;-5,13348866
18,86499984;-5,13348866
18,86999984;-4,66596889
18,87499984;-4,19998741
18,87999984;-4,66596889
18,88499984;-4,19998741
18,88999984;-4,66596889
18,89499984;-4,66596889
18,89999984;-4,19998741
18,90499984;-2,79896641
18,90999984;-4,19998741
18,91499984;-4,66596889
18,91999984;-4,66596889
18,92499984;-8,86749458
18,92999984;-4,19998741
18,93499984;-5,13348866
18,93999984;-5,13348866
18,94499984;-4,66596889
18,94999984;-4,66596889
18,95499984;-4,19998741
18,95999984;-4,66596889
18,96499984;-4,19998741
18,96999984;-2,79896641
18,97499984;-2,33298445
18,97999984;-1,86546493
18,98499984;-1,39948320
18,98999984;-1,86546493
18,99499984;-1,39948320
18,99999984;0,00000000
19,00499984;0,00000000
19,00999984;0,00000000
19,01499984;0,93196350
19,01999984;1,39948320
19,02499984;1,39948320
19,02999984;0,93196350
19,03499984;1,39948320
19,03999984;0,46598175
19,04499984;0,93196350
19,04999984;0,93196350
19,05499984;1,39948320
19,05999984;0,93196350
19,06499983;0,46598175
19,06999983;0,46598175
19,07499983;0,93196350
19,07999983;0,93196350
19,08499983;1,39948320
19,08999983;0,93196350
19,09499983;0,46598175
19,09999983;2,33298445
19,10499983;1,86546493
19,10999983;1,39948320
19,11499983;0,93196350
19,11999983;0,93196350
19,12499983;1,39948320
19,12999983;0,46598175
19,13499983;0,00000000
19,13999983;0,46598175
19,14499983;0,00000000
19,14999983;-0,93196350
19,15499983;-1,86546493
19,15999983;-0,93196350
19,16499983;-1,86546493
19,16999983;-2,33298445
19,17499983;-1,39948320
19,17999983;-2,33298445
19,18499983;-1,39948320
19,18999983;-1,86546493
19,19499983;-0,46598175
19,19999983;-1,39948320
19,20499983;-2,33298445
19,20999983;-1,86546493
19,21499983;-1,86546493
19,21999983;-1,86546493
19,22499983;-2,33298445
19,22999983;-2,33298445
19,23499983;-1,39948320
19,23999983;-2,33298445
19,24499983;-2,33298445
19,24999983;-2,79896641
19,25499983;-1,86546493
19,25999983;-2,79896641
19,26499983;-2,33298445
19,26999983;-2,33298445
19,27499983;-2,79896641
19,27999983;-2,33298445
19,28499983;-2,79896641
19,28999983;-2,79896641
19,29499983;-2,33298445
19,29999983;-2,33298445
19,30499983;-1,86546493
19,30999983;-2,33298445
19,31499983;-1,39948320
19,31999983;-0,93196350
19,32499983;-2,33298445
19,32999983;-2,33298445
19,33499983;-1,86546493
19,33999983;-1,86546493
19,34499983;-1,86546493
19,34999983;-1,86546493
19,35499983;-2,33298445
19,35999983;-2,33298445
19,36499983;-1,39948320
19,36999983;-1,86546493
19,37499983;-2,33298445
19,37999983;-2,33298445
19,38499983;-1,86546493
19,38999983;-2,79896641
19,39499983;-1,86546493
19,39999983;-0,46598175
19,40499983;-3,26648593
19,40999983;-2,79896641
19,41499983;-4,19998741
19,41999983;-4,66596889
19,42499983;-5,59947062
19,42999983;-7,00049162
19,43499983;-15,40046692
19,43999983;-7,00049162
19,44499983;-7,93399334
19,44999983;-7,46647358
19,45499983;-6,53297186
19,45999982;-7,46647358
19,46499982;-6,06699038
19,46999982;-1,39948320
19,47499982;-5,13348866
19,47999982;-3,26648593
19,48499982;-1,86546493
19,48999982;-0,46598175
19,49499982;0,93196350
19,49999982;1,39948320
19,50499982;3,26648593
19,50999982;2,79896641
19,51499982;2,33298445
19,51999982;2,33298445
19,52499982;2,33298445
19,52999982;1,39948320
19,53499982;0,93196350
19,53999982;-0,46598175
19,54499982;-1,39948320
19,54999982;-1,39948320
19,55499982;-1,86546493
19,55999982;-2,79896641
19,56499982;-2,79896641
19,56999982;-2,79896641
19,57499982;-2,33298445
19,57999982;-2,79896641
19,58499982;-1,39948320
19,58999982;-1,39948320
19,59499982;-3,26648593
19,59999982;-1,86546493
19,60499982;-0,46598175
19,60999982;-0,93196350
19,61499982;-0,46598175
19,61999982;-0,93196350
19,62499982;0,00000000
19,62999982;0,00000000
19,63499982;0,46598175
19,63999982;1,39948320
19,64499982;0,93196350
19,64999982;0,93196350
19,65499982;1,39948320
19,65999982;1,86546493
19,66499982;2,33298445
19,66999982;2,79896641
19,67499982;4,19998741
19,67999982;4,66596889
19,68499982;5,59947062
19,68999982;5,13348866
19,69499982;5,13348866
19,69999982;5,13348866
19,70499982;6,06699038
19,70999982;5,59947062
19,71499982;7,46647358
19,71999982;6,06699038
19,72499982;6,53297186
19,72999982;7,00049162
19,73499982;6,53297186
19,73999982;7,46647358
19,74499982;7,00049162
19,74999982;8,86749458
19,75499982;9,33347607
19,75999982;9,33347607
19,76499982;9,80099583
19,76999982;10,26697731
19,77499982;11,66799831
19,77999982;10,73449707
19,78499982;8,86749458
19,78999982;11,66799831
19,79499982;13,06748199
19,79999982;11,20047951
19,80499982;11,66799831
19,80999982;11,20047951
19,81499982;10,26697731
19,81999982;9,80099583
19,82499982;11,66799831
19,82999982;10,26697731
19,83499982;9,80099583
19,83999982;10,26697731
19,84499982;9,33347607
19,84999982;9,33347607
19,85499981;9,80099583
19,85999981;8,39997482
19,86499981;8,86749458
19,86999981;7,00049162
19,87499981;7,00049162
19,87999981;7,00049162
19,88499981;5,59947062
19,88999981;6,06699038
19,89499981;4,66596889
19,89999981;4,66596889
19,90499981;4,66596889
19,90999981;2,33298445
19,91499981;2,33298445
19,91999981;3,73246789
19,92499981;3,26648593
19,92999981;2,33298445
19,93499981;3,26648593
19,93999981;3,26648593
19,94499981;3,73246789
19,94999981;2,79896641
19,95499981;3,73246789
19,95999981;3,73246789
19,96499981;4,19998741
19,96999981;3,73246789
19,97499981;3,73246789
19,97999981;3,73246789
19,98499981;3,26648593
19,98999981;2,33298445
19,99499981;3,26648593
19,99999981;1,86546493
20,00499981;0,93196350
20,00999981;1,39948320
20,01499981;0,00000000
20,01999981;-0,46598175
20,02499981;-0,46598175
20,02999981;-0,93196350
20,03499981;-1,86546493
20,03999981;-2,33298445
20,04499981;-1,86546493
20,04999981;-1,86546493
20,05499981;-2,33298445
20,05999981;-1,39948320
20,06499981;-2,33298445
20,06999981;-1,39948320
20,07499981;-3,26648593
20,07999981;-2,79896641
20,08499981;-2,79896641
20,08999981;-3,26648593
20,09499981;-3,26648593
20,09999981;-2,79896641
20,10499981;-2,33298445
20,10999981;-2,79896641
20,11499981;-3,26648593
20,11999981;-2,79896641
20,12499981;-3,26648593
20,12999981;-2,33298445
20,13499981;-3,26648593
20,13999981;-2,33298445
20,14499981;-2,79896641
20,14999981;-1,86546493
20,15499981;-1,86546493
20,15999981;-1,39948320
20,16499981;-1,86546493
20,16999981;-2,33298445
20,17499981;-2,79896641
20,17999981;-2,33298445
20,18499981;-2,79896641
20,18999981;-1,39948320
20,19499981;-1,39948320
20,19999981;-0,93196350
20,20499981;-1,86546493
20,20999981;-1,86546493
20,21499981;-0,93196350
20,21999981;0,93196350
20,22499981;0,93196350
20,22999981;0,46598175
20,23499981;2,33298445
20,23999981;2,79896641
20,24499981;3,73246789
20,24999980;4,66596889
20,25499980;5,59947062
20,25999980;6,53297186
20,26499980;7,00049162
20,26999980;7,46647358
20,27499980;7,00049162
20,27999980;7,46647358
20,28499980;7,93399334
20,28999980;7,00049162
20,29499980;6,53297186
20,29999980;6,06699038
20,30499980;21,93497658
20,30999980;5,59947062
20,31499980;7,00049162
20,31999980;5,13348866
20,32499980;5,13348866
20,32999980;5,13348866
20,33499980;4,19998741
20,33999980;4,66596889
20,34499980;4,19998741
20,34999980;4,66596889
20,35499980;4,19998741
20,35999980;5,13348866
20,36499980;4,19998741
20,36999980;4,66596889
20,37499980;5,13348866
20,37999980;5,13348866
20,38499980;5,13348866
20,38999980;5,13348866
20,39499980;7,00049162
20,39999980;6,53297186
20,40499980;6,53297186
20,40999980;7,46647358
20,41499980;7,00049162
20,41999980;6,53297186
20,42499980;6,53297186
20,42999980;7,00049162
20,43499980;7,93399334
20,43999980;7,46647358
20,44499980;7,46647358
20,44999980;8,39997482
20,45499980;7,93399334
20,45999980;8,39997482
20,46499980;8,39997482
20,46999980;7,93399334
20,47499980;8,39997482
20,47999980;7,46647358
20,48499980;7,00049162
20,48999980;7,00049162
20,49499980;7,00049162
20,49999980;7,00049162
20,50499980;6,53297186
20,50999980;7,00049162
20,51499980;7,00049162
20,51999980;7,00049162
20,52499980;7,93399334
20,52999980;7,00049162
20,53499980;7,93399334
20,53999980;8,39997482
20,54499980;9,33347607
20,54999980;9,80099583
20,55499980;10,26697731
20,55999980;9,33347607
20,56499980;10,26697731
20,56999980;10,73449707
20,57499980;9,80099583
20,57999980;9,33347607
20,58499980;9,80099583
20,58999980;8,39997482
20,59499980;10,26697731
20,59999980;7,46647358
20,60499980;7,93399334
20,60999980;4,19998741
20,61499980;7,46647358
20,61999980;6,06699038
20,62499980;5,59947062
20,62999980;5,13348866
20,63499980;5,13348866
20,63999980;4,66596889
20,64499979;4,66596889
20,64999979;4,66596889
20,65499979;5,13348866
20,65999979;4,66596889
20,66499979;5,13348866
20,66999979;5,13348866
20,67499979;4,66596889
20,67999979;5,13348866
20,68499979;6,06699038
20,68999979;5,13348866
20,69499979;5,13348866
20,69999979;7,00049162
20,70499979;7,00049162
20,70999979;6,53297186
20,71499979;7,46647358
20,71999979;7,00049162
20,72499979;7,46647358
20,72999979;7,46647358
20,73499979;7,46647358
20,73999979;7,93399334
20,74499979;7,46647358
20,74999979;7,00049162
20,75499979;7,46647358
20,75999979;7,00049162
20,76499979;7,00049162
20,76999979;6,53297186
20,77499979;6,53297186
20,77999979;6,53297186
20,78499979;6,06699038
20,78999979;6,06699038
20,79499979;5,59947062
20,79999979;5,13348866
20,80499979;4,66596889
20,80999979;4,66596889
20,81499979;5,13348866
20,81999979;5,13348866
20,82499979;4,66596889
20,82999979;5,59947062
20,83499979;5,13348866
20,83999979;6,06699038
20,84499979;4,66596889
20,84999979;6,53297186
20,85499979;5,59947062
20,85999979;5,59947062
20,86499979;6,53297186
20,86999979;7,00049162
20,87499979;6,06699038
20,87999979;7,46647358
20,88499979;7,00049162
20,88999979;6,53297186
20,89499979;6,06699038
20,89999979;6,53297186
20,90499979;6,53297186
20,90999979;6,06699038
20,91499979;6,06699038
20,91999979;5,59947062
20,92499979;5,13348866
20,92999979;5,59947062
20,93499979;5,59947062
20,93999979;5,13348866
20,94499979;5,13348866
20,94999979;4,66596889
20,95499979;4,19998741
20,95999979;3,73246789
20,96499979;4,19998741
20,96999979;4,66596889
20,97499979;4,19998741
20,97999979;4,19998741
20,98499979;3,73246789
20,98999979;3,73246789
20,99499979;4,66596889
20,99999979;3,73246789
21,00499979;3,26648593
21,00999979;2,33298445
21,01499979;3,26648593
21,01999979;3,26648593
21,02499979;2,33298445
21,02999979;2,79896641
21,03499979;2,79896641
21,03999978;2,79896641
21,04499978;2,33298445
21,04999978;2,79896641
21,05499978;2,33298445
21,05999978;2,79896641
21,06499978;2,79896641
21,06999978;1,86546493
21,07499978;2,33298445
21,07999978;1,86546493
21,08499978;1,86546493
21,08999978;1,86546493
21,09499978;1,39948320
21,09999978;1,39948320
21,10499978;1,86546493
21,10999978;1,39948320
21,11499978;1,86546493
21,11999978;2,33298445
21,12499978;1,86546493
21,12999978;1,39948320
21,13499978;1,86546493
21,13999978;2,33298445
21,14499978;2,33298445
21,14999978;0,93196350
21,15499978;1,86546493
21,15999978;2,33298445
21,16499978;2,33298445
21,16999978;2,33298445
21,17499978;2,79896641
21,17999978;2,79896641
21,18499978;2,79896641
21,18999978;2,33298445
21,19499978;2,79896641
21,19999978;3,73246789
21,20499978;2,79896641
21,20999978;3,73246789
21,21499978;3,26648593
21,21999978;4,19998741
21,22499978;4,19998741
21,22999978;3,73246789
21,23499978;2,79896641
21,23999978;3,26648593
21,24499978;3,26648593
21,24999978;1,86546493
21,25499978;2,33298445
21,25999978;2,79896641
21,26499978;1,86546493
21,26999978;0,46598175
21,27499978;0,46598175
21,27999978;0,93196350
21,28499978;0,00000000
21,28999978;0,00000000
21,29499978;-0,93196350
21,29999978;-0,93196350
21,30499978;-1,39948320
21,30999978;-1,86546493
21,31499978;-2,79896641
21,31999978;-2,79896641
21,32499978;-2,79896641
21,32999978;-4,19998741
21,33499978;-3,73246789
21,33999978;-4,19998741
21,34499978;-4,66596889
21,34999978;-5,59947062
21,35499978;-6,06699038
21,35999978;-6,06699038
21,36499978;-6,06699038
21,36999978;-5,13348866
21,37499978;-4,19998741
21,37999978;-5,59947062
21,38499978;-5,13348866
21,38999978;-3,73246789
21,39499978;-2,79896641
21,39999978;-2,79896641
21,40499978;-2,33298445
21,40999978;-1,86546493
21,41499978;-1,86546493
21,41999978;-0,93196350
21,42499978;-0,93196350
21,42999978;-2,33298445
21,43499978;-1,39948320
21,43999977;-2,79896641
21,44499977;-3,73246789
21,44999977;-4,19998741
21,45499977;-4,66596889
21,45999977;-5,59947062
21,46499977;-5,59947062
21,46999977;-5,13348866
21,47499977;-5,59947062
21,47999977;-5,59947062
21,48499977;-5,59947062
21,48999977;-5,59947062
21,49499977;-5,59947062
21,49999977;-4,66596889
21,50499977;-5,13348866
21,50999977;-4,66596889
21,51499977;-4,19998741
21,51999977;-4,19998741
21,52499977;-4,19998741
21,52999977;-4,66596889
21,53499977;-3,73246789
21,53999977;-4,66596889
21,54499977;-3,73246789
21,54999977;-5,59947062
21,55499977;-4,19998741
21,55999977;-4,19998741
21,56499977;-3,26648593
21,56999977;-2,33298445
21,57499977;-1,86546493
21,57999977;-1,86546493
21,58499977;0,00000000
21,58999977;-0,93196350
21,59499977;-1,86546493
21,59999977;-0,93196350
21,60499977;-0,46598175
21,60999977;-1,39948320
21,61499977;0,00000000
21,61999977;0,00000000
21,62499977;-0,93196350
21,62999977;-0,46598175
21,63499977;0,00000000
21,63999977;-0,46598175
21,64499977;0,46598175
21,64999977;-0,46598175
21,65499977;0,46598175
21,65999977;1,39948320
21,66499977;2,79896641
21,66999977;2,33298445
21,67499977;2,33298445
21,67999977;2,33298445
21,68499977;1,86546493
21,68999977;2,79896641
21,69499977;3,73246789
21,69999977;4,19998741
21,70499977;3,26648593
21,70999977;3,73246789
21,71499977;3,73246789
21,71999977;3,73246789
21,72499977;3,26648593
21,72999977;2,33298445
21,73499977;1,86546493
21,73999977;1,86546493
21,74499977;1,39948320
21,74999977;0,46598175
21,75499977;0,00000000
21,75999977;-0,46598175
21,76499977;-0,93196350
21,76999977;-1,86546493
21,77499977;-2,79896641
21,77999977;-1,86546493
21,78499977;-2,33298445
21,78999977;-2,79896641
21,79499977;-2,33298445
21,79999977;-3,26648593
21,80499977;-3,26648593
21,80999977;-4,19998741
21,81499977;-3,26648593
21,81999977;-3,26648593
21,82499977;-3,73246789
21,82999977;-4,66596889
21,83499976;-4,19998741
21,83999976;-4,19998741
21,84499976;-4,19998741
21,84999976;-3,73246789
21,85499976;-4,66596889
21,85999976;-4,19998741
21,86499976;-4,19998741
21,86999976;-3,73246789
21,87499976;-4,19998741
21,87999976;-4,19998741
21,88499976;-4,66596889
21,88999976;-3,73246789
21,89499976;-4,66596889
21,89999976;-4,66596889
21,90499976;-5,13348866
21,90999976;-4,66596889
21,91499976;-6,06699038
21,91999976;-6,06699038
21,92499976;-6,06699038
21,92999976;-6,53297186
21,93499976;-7,00049162
21,93999976;-7,00049162
21,94499976;-7,00049162
21,94999976;-7,46647358
21,95499976;-7,00049162
21,95999976;-7,93399334
21,96499976;-8,86749458
21,96999976;-8,39997482
21,97499976;-9,80099583
21,97999976;-9,33347607
21,98499976;-9,80099583
21,98999976;-9,80099583
21,99499976;-12,13398075
21,99999976;-10,26697731
22,00499976;-10,26697731
22,00999976;-10,26697731
22,01499976;-10,26697731
22,01999976;-10,73449707
22,02499976;-11,20047951
22,02999976;-10,73449707
22,03499976;-10,26697731
22,03999976;-10,26697731
22,04499976;-10,73449707
22,04999976;-9,80099583
22,05499976;-10,73449707
22,05999976;-11,20047951
22,06499976;-8,39997482
22,06999976;-11,20047951
22,07499976;-11,20047951
22,07999976;-11,66799831
22,08499976;-11,66799831
22,08999976;-11,66799831
22,09499976;-12,60150051
22,09999976;-12,13398075
22,10499976;-11,66799831
22,10999976;-12,13398075
22,11499976;-12,60150051
22,11999976;-11,66799831
22,12499976;-11,20047951
22,12999976;-11,20047951
22,13499976;-9,80099583
22,13999976;-10,26697731
22,14499976;-9,80099583
22,14999976;-7,93399334
22,15499976;-7,46647358
22,15999976;-7,93399334
22,16499976;-5,59947062
22,16999976;-4,19998741
22,17499976;-4,19998741
22,17999976;-3,26648593
22,18499976;-3,26648593
22,18999976;-4,19998741
22,19499976;-3,26648593
22,19999976;-3,73246789
22,20499976;-4,19998741
22,20999976;-4,66596889
22,21499976;-5,13348866
22,21999976;-4,66596889
22,22499976;-4,66596889
22,22999975;-6,06699038
22,23499975;-6,53297186
22,23999975;-6,53297186
22,24499975;-6,53297186
22,24999975;-7,00049162
22,25499975;-7,00049162
22,25999975;-6,53297186
22,26499975;-6,06699038
22,26999975;-6,53297186
22,27499975;-7,00049162
22,27999975;-6,06699038
22,28499975;-6,53297186
22,28999975;-6,06699038
22,29499975;-6,06699038
22,29999975;-6,06699038
22,30499975;-5,13348866
22,30999975;-5,13348866
22,31499975;-4,66596889
22,31999975;-3,26648593
22,32499975;-4,19998741
22,32999975;-2,79896641
22,33499975;-0,46598175
22,33999975;-2,79896641
22,34499975;-0,93196350
22,34999975;-0,93196350
22,35499975;-0,46598175
22,35999975;1,86546493
22,36499975;0,46598175
22,36999975;0,46598175
22,37499975;0,00000000
22,37999975;0,46598175
22,38499975;0,93196350
22,38999975;0,93196350
22,39499975;1,86546493
22,39999975;0,93196350
22,40499975;0,93196350
22,40999975;1,39948320
22,41499975;1,39948320
22,41999975;1,39948320
22,42499975;1,86546493
22,42999975;1,39948320
22,43499975;1,86546493
22,43999975;2,33298445
22,44499975;2,33298445
22,44999975;2,79896641
22,45499975;2,33298445
22,45999975;2,33298445
22,46499975;2,79896641
22,46999975;3,26648593
22,47499975;2,79896641
22,47999975;2,33298445
22,48499975;2,79896641
22,48999975;2,33298445
22,49499975;1,86546493
22,49999975;0,93196350
22,50499975;0,93196350
22,50999975;0,93196350
22,51499975;0,00000000
22,51999975;0,00000000
22,52499975;-0,93196350
22,52999975;-1,39948320
22,53499975;-1,39948320
22,53999975;-2,33298445
22,54499975;-1,86546493
22,54999975;-1,39948320
22,55499975;-2,33298445
22,55999975;-2,79896641
22,56499975;-2,33298445
22,56999975;-2,79896641
22,57499975;-4,66596889
22,57999975;-2,33298445
22,58499975;-2,79896641
22,58999975;-2,33298445
22,59499975;-3,26648593
22,59999975;-2,79896641
22,60499975;-2,79896641
22,60999975;-3,26648593
22,61499975;-3,26648593
22,61999975;-3,73246789
22,62499974;-2,79896641
22,62999974;-3,26648593
22,63499974;-2,79896641
22,63999974;-2,79896641
22,64499974;-2,79896641
22,64999974;-3,26648593
22,65499974;-2,33298445
22,65999974;-3,26648593
22,66499974;-2,79896641
22,66999974;-3,26648593
22,67499974;-2,79896641
22,67999974;-3,26648593
22,68499974;-3,26648593
22,68999974;-2,79896641
22,69499974;-2,79896641
22,69999974;-2,33298445
22,70499974;-2,33298445
22,70999974;-2,33298445
22,71499974;-1,86546493
22,71999974;-1,39948320
22,72499974;-0,93196350
22,72999974;-1,39948320
22,73499974;-1,86546493
22,73999974;-0,93196350
22,74499974;-1,39948320
22,74999974;-0,93196350
22,75499974;-0,93196350
22,75999974;-0,93196350
22,76499974;0,00000000
22,76999974;-0,46598175
22,77499974;0,00000000
22,77999974;0,00000000
22,78499974;-0,46598175
22,78999974;0,00000000
22,79499974;0,93196350
22,79999974;0,93196350
22,80499974;1,86546493
22,80999974;1,86546493
22,81499974;1,86546493
22,81999974;2,79896641
22,82499974;1,39948320
22,82999974;2,33298445
22,83499974;3,26648593
22,83999974;3,26648593
22,84499974;3,26648593
22,84999974;3,26648593
22,85499974;2,33298445
22,85999974;4,19998741
22,86499974;2,33298445
22,86999974;1,86546493
22,87499974;2,79896641
22,87999974;2,79896641
22,88499974;2,33298445
22,88999974;3,26648593
22,89499974;3,73246789
22,89999974;3,73246789
22,90499974;4,19998741
22,90999974;3,73246789
22,91499974;4,19998741
22,91999974;3,73246789
22,92499974;4,19998741
22,92999974;4,19998741
22,93499974;6,06699038
22,93999974;5,13348866
22,94499974;5,13348866
22,94999974;3,73246789
22,95499974;4,19998741
22,95999974;4,19998741
22,96499974;2,79896641
22,96999974;2,79896641
22,97499974;3,73246789
22,97999974;1,39948320
22,98499974;2,79896641
22,98999974;1,86546493
22,99499974;1,86546493
22,99999974;1,39948320
23,00499974;1,86546493
23,00999974;1,39948320
23,01499974;1,39948320
23,01999973;0,93196350
23,02499973;0,93196350
23,02999973;-0,46598175
23,03499973;0,46598175
23,03999973;0,46598175
23,04499973;1,39948320
23,04999973;0,93196350
23,05499973;0,93196350
23,05999973;0,93196350
23,06499973;0,46598175
23,06999973;0,93196350
23,07499973;1,39948320
23,07999973;1,39948320
23,08499973;0,93196350
23,08999973;0,93196350
23,09499973;0,46598175
23,09999973;0,46598175
23,10499973;0,93196350
23,10999973;0,46598175
23,11499973;0,46598175
23,11999973;-0,46598175
23,12499973;-0,46598175
23,12999973;-0,46598175
23,13499973;-1,86546493
23,13999973;-0,93196350
23,14499973;-0,93196350
23,14999973;-2,33298445
23,15499973;-0,93196350
23,15999973;-1,39948320
23,16499973;-1,86546493
23,16999973;-1,86546493
23,17499973;-1,86546493
23,17999973;-0,93196350
23,18499973;-2,79896641
23,18999973;-1,86546493
23,19499973;-1,86546493
23,19999973;-0,46598175
23,20499973;-2,33298445
23,20999973;-2,33298445
23,21499973;-3,26648593
23,21999973;-3,73246789
23,22499973;-2,79896641
23,22999973;-3,73246789
23,23499973;-5,13348866
23,23999973;-3,73246789
23,24499973;-6,06699038
23,24999973;-6,06699038
23,25499973;-6,53297186
23,25999973;-6,06699038
23,26499973;-7,00049162
23,26999973;-6,06699038
23,27499973;-6,53297186
23,27999973;-5,59947062
23,28499973;-4,66596889
23,28999973;-3,73246789
23,29499973;-3,26648593
23,29999973;-0,93196350
23,30499973;0,00000000
23,30999973;0,93196350
23,31499973;1,39948320
23,31999973;2,33298445
23,32499973;3,73246789
23,32999973;3,26648593
23,33499973;3,26648593
23,33999973;3,26648593
23,34499973;2,33298445
23,34999973;3,26648593
23,35499973;0,93196350
23,35999973;1,39948320
23,36499973;0,46598175
23,36999973;0,93196350
23,37499973;0,00000000
23,37999973;0,00000000
23,38499973;0,46598175
23,38999973;0,46598175
23,39499973;0,46598175
23,39999973;0,46598175
23,40499973;0,93196350
23,40999973;0,93196350
23,41499972;1,86546493
23,41999972;2,79896641
23,42499972;3,73246789
23,42999972;3,26648593
23,43499972;3,26648593
23,43999972;3,73246789
23,44499972;3,73246789
23,44999972;4,66596889
23,45499972;4,19998741
23,45999972;5,13348866
23,46499972;4,66596889
23,46999972;4,66596889
23,47499972;4,66596889
23,47999972;6,06699038
23,48499972;4,66596889
23,48999972;6,06699038
23,49499972;5,13348866
23,49999972;6,06699038
23,50499972;5,59947062
23,50999972;5,13348866
23,51499972;6,53297186
23,51999972;5,59947062
23,52499972;6,06699038
23,52999972;4,66596889
23,53499972;1,86546493
23,53999972;4,19998741
23,54499972;4,66596889
23,54999972;5,13348866
23,55499972;4,66596889
23,55999972;3,73246789
23,56499972;4,66596889
23,56999972;4,19998741
23,57499972;4,66596889
23,57999972;4,66596889
23,58499972;6,53297186
23,58999972;6,53297186
23,59499972;7,00049162
23,59999972;7,00049162
23,60499972;8,39997482
23,60999972;9,33347607
23,61499972;9,33347607
23,61999972;9,80099583
23,62499972;9,80099583
23,62999972;10,73449707
23,63499972;10,26697731
23,63999972;10,26697731
23,64499972;9,80099583
23,64999972;9,33347607
23,65499972;9,80099583
23,65999972;7,00049162
23,66499972;7,93399334
23,66999972;7,46647358
23,67499972;7,93399334
23,67999972;6,53297186
23,68499972;6,53297186
23,68999972;5,59947062
23,69499972;5,59947062
23,69999972;5,59947062
23,70499972;5,13348866
23,70999972;6,06699038
23,71499972;5,59947062
23,71999972;5,59947062
23,72499972;5,59947062
23,72999972;6,06699038
23,73499972;5,13348866
23,73999972;4,66596889
23,74499972;5,59947062
23,74999972;7,00049162
23,75499972;6,06699038
23,75999972;6,53297186
23,76499972;4,19998741
23,76999972;5,59947062
23,77499972;6,53297186
23,77999972;6,53297186
23,78499972;6,06699038
23,78999972;6,53297186
23,79499972;6,06699038
23,79999972;5,59947062
23,80499972;4,19998741
23,80999972;4,19998741
23,81499971;2,79896641
23,81999971;2,79896641
23,82499971;1,86546493
23,82999971;1,86546493
23,83499971;0,46598175
23,83999971;0,00000000
23,84499971;-0,46598175
23,84999971;-0,46598175
23,85499971;0,00000000
23,85999971;-0,46598175
23,86499971;-1,39948320
23,86999971;-0,93196350
23,87499971;0,00000000
23,87999971;-0,93196350
23,88499971;0,00000000
23,88999971;-1,39948320
23,89499971;-0,46598175
23,89999971;-0,93196350
23,90499971;-1,39948320
23,90999971;-0,93196350
23,91499971;-1,86546493
23,91999971;-1,86546493
23,92499971;-1,86546493
23,92999971;-1,86546493
23,93499971;-3,26648593
23,93999971;-1,86546493
23,94499971;-2,33298445
23,94999971;-3,73246789
23,95499971;-2,33298445
23,95999971;-3,73246789
23,96499971;-2,79896641
23,96999971;-4,19998741
23,97499971;-4,19998741
23,97999971;-3,26648593
23,98499971;-3,73246789
23,98999971;-3,73246789
23,99499971;-3,73246789
23,99999971;-2,79896641
24,00499971;-3,73246789
24,00999971;-2,79896641
24,01499971;-3,26648593
24,01999971;-2,79896641
24,02499971;-2,79896641
24,02999971;-3,26648593
24,03499971;-2,79896641
24,03999971;-1,86546493
24,04499971;0,00000000
24,04999971;0,00000000
24,05499971;0,46598175
24,05999971;2,33298445
24,06499971;3,26648593
24,06999971;3,73246789
24,07499971;5,13348866
24,07999971;4,66596889
24,08499971;5,13348866
24,08999971;5,59947062
24,09499971;6,53297186
24,09999971;5,13348866
24,10499971;5,59947062
24,10999971;5,13348866
24,11499971;3,73246789
24,11999971;1,39948320
24,12499971;3,73246789
24,12999971;3,26648593
24,13499971;2,33298445
24,13999971;3,26648593
24,14499971;2,33298445
24,14999971;3,26648593
24,15499971;2,33298445
24,15999971;1,86546493
24,16499971;2,33298445
24,16999971;1,86546493
24,17499971;1,86546493
24,17999971;2,79896641
24,18499971;1,86546493
24,18999971;3,26648593
24,19499971;3,26648593
24,19999971;3,73246789
24,20499971;3,26648593
24,20999970;3,73246789
24,21499970;3,26648593
24,21999970;3,73246789
24,22499970;4,66596889
24,22999970;5,13348866
24,23499970;4,19998741
24,23999970;4,66596889
24,24499970;6,06699038
24,24999970;5,59947062
24,25499970;6,06699038
24,25999970;6,53297186
24,26499970;12,13398075
24,26999970;7,46647358
24,27499970;6,53297186
24,27999970;5,59947062
24,28499970;5,59947062
24,28999970;5,13348866
24,29499970;5,59947062
24,29999970;5,13348866
24,30499970;6,53297186
24,30999970;5,59947062
24,31499970;5,59947062
24,31999970;5,13348866
24,32499970;5,59947062
24,32999970;4,19998741
24,33499970;5,13348866
24,33999970;6,06699038
24,34499970;6,53297186
24,34999970;7,46647358
24,35499970;7,00049162
24,35999970;7,00049162
24,36499970;8,39997482
24,36999970;7,00049162
24,37499970;7,00049162
24,37999970;7,93399334
24,38499970;7,00049162
24,38999970;7,46647358
24,39499970;6,53297186
24,39999970;6,53297186
24,40499970;6,53297186
24,40999970;6,06699038
24,41499970;6,53297186
24,41999970;5,13348866
24,42499970;6,06699038
24,42999970;4,66596889
24,43499970;4,19998741
24,43999970;4,19998741
24,44499970;4,19998741
24,44999970;3,73246789
24,45499970;3,73246789
24,45999970;4,19998741
24,46499970;2,79896641
24,46999970;3,73246789
24,47499970;3,26648593
24,47999970;2,79896641
24,48499970;3,26648593
24,48999970;2,33298445
24,49499970;3,26648593
24,49999970;3,26648593
24,50499970;3,73246789
24,50999970;2,33298445
24,51499970;3,26648593
24,51999970;3,73246789
24,52499970;4,66596889
24,52999970;3,73246789
24,53499970;4,19998741
24,53999970;4,19998741
24,54499970;6,06699038
24,54999970;5,59947062
24,55499970;5,59947062
24,55999970;6,06699038
24,56499970;7,00049162
24,56999970;5,59947062
24,57499970;5,59947062
24,57999970;4,66596889
24,58499970;5,13348866
24,58999970;5,59947062
24,59499970;5,13348866
24,59999970;4,66596889
24,60499969;4,66596889
24,60999969;3,73246789
24,61499969;4,19998741
24,61999969;3,73246789
24,62499969;3,26648593
24,62999969;3,26648593
24,63499969;3,26648593
24,63999969;2,79896641
24,64499969;3,26648593
24,64999969;2,79896641
24,65499969;2,79896641
24,65999969;2,33298445
24,66499969;2,33298445
24,66999969;1,39948320
24,67499969;2,33298445
24,67999969;1,86546493
24,68499969;1,86546493
24,68999969;1,86546493
24,69499969;2,79896641
24,69999969;2,33298445
24,70499969;2,33298445
24,70999969;2,33298445
24,71499969;2,33298445
24,71999969;1,86546493
24,72499969;2,33298445
24,72999969;2,33298445
24,73499969;2,33298445
24,73999969;2,33298445
24,74499969;2,33298445
24,74999969;1,86546493
24,75499969;0,93196350
24,75999969;1,39948320
24,76499969;0,93196350
24,76999969;0,93196350
24,77499969;0,00000000
24,77999969;-0,93196350
24,78499969;-0,93196350
24,78999969;-0,93196350
24,79499969;-1,39948320
24,79999969;0,00000000
24,80499969;-0,46598175
24,80999969;-0,93196350
24,81499969;0,00000000
24,81999969;0,46598175
24,82499969;0,46598175
24,82999969;0,93196350
24,83499969;0,46598175
24,83999969;1,39948320
24,84499969;0,46598175
24,84999969;1,39948320
24,85499969;1,39948320
24,85999969;1,86546493
24,86499969;1,39948320
24,86999969;0,46598175
24,87499969;0,00000000
24,87999969;0,00000000
24,88499969;0,00000000
24,88999969;-0,46598175
24,89499969;-1,86546493
24,89999969;-0,93196350
24,90499969;-1,39948320
24,90999969;-1,39948320
24,91499969;-1,86546493
24,91999969;-2,33298445
24,92499969;-2,33298445
24,92999969;-1,86546493
24,93499969;-1,39948320
24,93999969;-1,86546493
24,94499969;-0,93196350
24,94999969;-0,93196350
24,95499969;-1,39948320
24,95999969;-1,39948320
24,96499969;-1,86546493
24,96999969;-0,46598175
24,97499969;-1,39948320
24,97999969;-1,39948320
24,98499969;-0,46598175
24,98999969;-1,86546493
24,99499969;-1,39948320
24,99999968;-1,39948320
25,00499968;-1,86546493
