Zeit;Kanal A
(ms);(mV)

-25,00999905;-8,39997482
-25,00499905;-8,39997482
-24,99999905;-8,86749458
-24,99499905;-8,86749458
-24,98999905;-10,26697731
-24,98499905;-9,80099583
-24,97999905;-10,26697731
-24,97499905;-10,26697731
-24,96999905;-10,73449707
-24,96499905;-10,26697731
-24,95999905;-11,66799831
-24,95499905;-10,73449707
-24,94999905;-12,60150051
-24,94499905;-13,06748199
-24,93999905;-13,53500175
-24,93499905;-14,46850300
-24,92999905;-14,00098324
-24,92499905;-14,93448448
-24,91999905;-14,46850300
-24,91499905;-14,00098324
-24,90999905;-13,53500175
-24,90499905;-13,06748199
-24,89999905;-12,60150051
-24,89499905;-11,66799831
-24,88999905;-10,73449707
-24,88499905;-8,86749458
-24,87999905;-8,86749458
-24,87499906;-6,53297186
-24,86999906;-5,59947062
-24,86499906;-5,13348866
-24,85999906;-3,73246789
-24,85499906;-3,26648593
-24,84999906;-4,19998741
-24,84499906;-4,19998741
-24,83999906;-6,53297186
-24,83499906;-5,13348866
-24,82999906;-7,00049162
-24,82499906;-8,39997482
-24,81999906;-9,33347607
-24,81499906;-9,80099583
-24,80999906;-10,26697731
-24,80499906;-11,20047951
-24,79999906;-10,73449707
-24,79499906;-10,26697731
-24,78999906;-10,26697731
-24,78499906;-9,80099583
-24,77999906;-9,33347607
-24,77499906;-9,33347607
-24,76999906;-8,39997482
-24,76499906;-8,39997482
-24,75999906;-7,46647358
-24,75499906;-7,46647358
-24,74999906;-7,00049162
-24,74499906;-5,59947062
-24,73999906;-6,06699038
-24,73499906;-5,13348866
-24,72999906;-5,13348866
-24,72499906;-5,59947062
-24,71999906;-4,19998741
-24,71499906;-5,13348866
-24,70999906;-4,66596889
-24,70499906;-4,19998741
-24,69999906;-4,19998741
-24,69499906;-18,20096970
-24,68999906;-3,26648593
-24,68499906;-3,26648593
-24,67999906;-3,73246789
-24,67499906;-4,19998741
-24,66999906;-3,73246789
-24,66499906;-4,66596889
-24,65999906;-5,13348866
-24,65499906;-5,13348866
-24,64999906;-4,66596889
-24,64499906;-5,59947062
-24,63999906;-5,59947062
-24,63499906;-6,06699038
-24,62999906;-5,59947062
-24,62499906;-5,59947062
-24,61999906;-5,59947062
-24,61499906;-4,66596889
-24,60999906;-4,19998741
-24,60499906;-3,73246789
-24,59999906;-3,73246789
-24,59499906;-2,79896641
-24,58999906;-1,39948320
-24,58499906;-1,86546493
-24,57999906;-1,39948320
-24,57499906;-0,93196350
-24,56999906;-0,46598175
-24,56499906;-0,46598175
-24,55999906;0,00000000
-24,55499906;-0,93196350
-24,54999906;-0,93196350
-24,54499906;-0,93196350
-24,53999906;-1,39948320
-24,53499906;-1,39948320
-24,52999906;-1,39948320
-24,52499906;-3,26648593
-24,51999906;-3,26648593
-24,51499906;-3,73246789
-24,50999906;-3,26648593
-24,50499906;-4,19998741
-24,49999906;-4,19998741
-24,49499906;-4,66596889
-24,48999906;-5,13348866
-24,48499906;-5,59947062
-24,47999907;-7,46647358
-24,47499907;-7,00049162
-24,46999907;-7,00049162
-24,46499907;-7,00049162
-24,45999907;-7,46647358
-24,45499907;-7,46647358
-24,44999907;-7,46647358
-24,44499907;-7,46647358
-24,43999907;-7,46647358
-24,43499907;-7,93399334
-24,42999907;-7,00049162
-24,42499907;-7,00049162
-24,41999907;-7,00049162
-24,41499907;-6,53297186
-24,40999907;-6,06699038
-24,40499907;-6,53297186
-24,39999907;-5,13348866
-24,39499907;-6,06699038
-24,38999907;-7,00049162
-24,38499907;-6,53297186
-24,37999907;-6,53297186
-24,37499907;-7,00049162
-24,36999907;-6,53297186
-24,36499907;-7,93399334
-24,35999907;-7,46647358
-24,35499907;-8,86749458
-24,34999907;-8,39997482
-24,34499907;-8,86749458
-24,33999907;-8,86749458
-24,33499907;-10,26697731
-24,32999907;-9,80099583
-24,32499907;-10,73449707
-24,31999907;-10,73449707
-24,31499907;-10,73449707
-24,30999907;-10,73449707
-24,30499907;-10,26697731
-24,29999907;-10,26697731
-24,29499907;-10,26697731
-24,28999907;-9,33347607
-24,28499907;-11,20047951
-24,27999907;-9,80099583
-24,27499907;-11,20047951
-24,26999907;-11,20047951
-24,26499907;-10,73449707
-24,25999907;-10,26697731
-24,25499907;-9,80099583
-24,24999907;-10,26697731
-24,24499907;-10,26697731
-24,23999907;-9,33347607
-24,23499907;-11,20047951
-24,22999907;-9,80099583
-24,22499907;-11,20047951
-24,21999907;-9,80099583
-24,21499907;-10,26697731
-24,20999907;-10,73449707
-24,20499907;-10,26697731
-24,19999907;-10,26697731
-24,19499907;-11,20047951
-24,18999907;-11,20047951
-24,18499907;-10,73449707
-24,17999907;-12,13398075
-24,17499907;-12,60150051
-24,16999907;-11,20047951
-24,16499907;-11,66799831
-24,15999907;-10,26697731
-24,15499907;-11,66799831
-24,14999907;-12,13398075
-24,14499907;-12,60150051
-24,13999907;-10,73449707
-24,13499907;-10,26697731
-24,12999907;-9,80099583
-24,12499907;-9,33347607
-24,11999907;-8,39997482
-24,11499907;-7,00049162
-24,10999907;-6,53297186
-24,10499907;-5,13348866
-24,09999907;-4,66596889
-24,09499907;-3,26648593
-24,08999907;-3,26648593
-24,08499908;-3,26648593
-24,07999908;-2,79896641
-24,07499908;-3,26648593
-24,06999908;-3,26648593
-24,06499908;-4,66596889
-24,05999908;-4,19998741
-24,05499908;-4,66596889
-24,04999908;-5,59947062
-24,04499908;-6,06699038
-24,03999908;-6,06699038
-24,03499908;-6,53297186
-24,02999908;-6,53297186
-24,02499908;-5,59947062
-24,01999908;-7,46647358
-24,01499908;-6,53297186
-24,00999908;-7,46647358
-24,00499908;-7,93399334
-23,99999908;-7,46647358
-23,99499908;-7,46647358
-23,98999908;-7,00049162
-23,98499908;-6,53297186
-23,97999908;-5,59947062
-23,97499908;-6,06699038
-23,96999908;-5,59947062
-23,96499908;-5,59947062
-23,95999908;-5,13348866
-23,95499908;-4,19998741
-23,94999908;-4,66596889
-23,94499908;-3,73246789
-23,93999908;-2,79896641
-23,93499908;-3,26648593
-23,92999908;-2,33298445
-23,92499908;-2,33298445
-23,91999908;-1,86546493
-23,91499908;-1,39948320
-23,90999908;-1,86546493
-23,90499908;-0,93196350
-23,89999908;-0,46598175
-23,89499908;-1,39948320
-23,88999908;0,00000000
-23,88499908;-2,33298445
-23,87999908;-3,26648593
-23,87499908;-1,86546493
-23,86999908;-2,33298445
-23,86499908;0,00000000
-23,85999908;-0,93196350
-23,85499908;-1,39948320
-23,84999908;-0,46598175
-23,84499908;0,00000000
-23,83999908;-0,93196350
-23,83499908;0,00000000
-23,82999908;0,93196350
-23,82499908;0,93196350
-23,81999908;0,46598175
-23,81499908;1,39948320
-23,80999908;1,39948320
-23,80499908;0,46598175
-23,79999908;1,86546493
-23,79499908;1,86546493
-23,78999908;1,39948320
-23,78499908;0,46598175
-23,77999908;2,33298445
-23,77499908;0,00000000
-23,76999908;0,93196350
-23,76499908;0,93196350
-23,75999908;0,46598175
-23,75499908;-2,33298445
-23,74999908;0,00000000
-23,74499908;0,46598175
-23,73999908;0,00000000
-23,73499908;0,00000000
-23,72999908;-0,93196350
-23,72499908;-1,86546493
-23,71999908;-0,93196350
-23,71499908;-1,86546493
-23,70999908;-1,86546493
-23,70499908;-1,39948320
-23,69999908;-1,86546493
-23,69499908;-2,33298445
-23,68999909;-2,33298445
-23,68499909;-1,39948320
-23,67999909;-2,79896641
-23,67499909;-2,33298445
-23,66999909;-1,86546493
-23,66499909;-1,86546493
-23,65999909;-1,86546493
-23,65499909;-1,39948320
-23,64999909;0,00000000
-23,64499909;-0,93196350
-23,63999909;-0,93196350
-23,63499909;-0,93196350
-23,62999909;0,00000000
-23,62499909;0,00000000
-23,61999909;0,93196350
-23,61499909;0,00000000
-23,60999909;0,00000000
-23,60499909;0,46598175
-23,59999909;-0,93196350
-23,59499909;-0,46598175
-23,58999909;-0,46598175
-23,58499909;-1,39948320
-23,57999909;-1,39948320
-23,57499909;-1,39948320
-23,56999909;-1,86546493
-23,56499909;-1,39948320
-23,55999909;-1,39948320
-23,55499909;-1,39948320
-23,54999909;-1,39948320
-23,54499909;-1,86546493
-23,53999909;-1,86546493
-23,53499909;-1,39948320
-23,52999909;-1,39948320
-23,52499909;-0,46598175
-23,51999909;-1,39948320
-23,51499909;0,46598175
-23,50999909;-0,46598175
-23,50499909;-0,46598175
-23,49999909;0,00000000
-23,49499909;0,46598175
-23,48999909;0,46598175
-23,48499909;-0,46598175
-23,47999909;0,00000000
-23,47499909;0,93196350
-23,46999909;-0,93196350
-23,46499909;0,46598175
-23,45999909;-0,46598175
-23,45499909;0,00000000
-23,44999909;0,46598175
-23,44499909;0,46598175
-23,43999909;-0,46598175
-23,43499909;-0,46598175
-23,42999909;-0,93196350
-23,42499909;-0,93196350
-23,41999909;-0,93196350
-23,41499909;-0,46598175
-23,40999909;-0,46598175
-23,40499909;0,46598175
-23,39999909;0,46598175
-23,39499909;0,46598175
-23,38999909;0,46598175
-23,38499909;0,93196350
-23,37999909;1,86546493
-23,37499909;0,46598175
-23,36999909;1,86546493
-23,36499909;0,93196350
-23,35999909;1,86546493
-23,35499909;0,93196350
-23,34999909;2,33298445
-23,34499909;0,93196350
-23,33999909;0,93196350
-23,33499909;0,93196350
-23,32999909;0,93196350
-23,32499909;0,93196350
-23,31999909;0,93196350
-23,31499909;0,00000000
-23,30999909;0,46598175
-23,30499909;0,46598175
-23,29999909;0,46598175
-23,29499910;0,00000000
-23,28999910;0,00000000
-23,28499910;0,46598175
-23,27999910;0,00000000
-23,27499910;-0,46598175
-23,26999910;0,00000000
-23,26499910;0,93196350
-23,25999910;0,93196350
-23,25499910;0,00000000
-23,24999910;-1,39948320
-23,24499910;0,00000000
-23,23999910;0,00000000
-23,23499910;-0,93196350
-23,22999910;0,46598175
-23,22499910;-1,39948320
-23,21999910;0,00000000
-23,21499910;-0,46598175
-23,20999910;0,46598175
-23,20499910;0,46598175
-23,19999910;0,46598175
-23,19499910;0,46598175
-23,18999910;0,00000000
-23,18499910;0,46598175
-23,17999910;1,39948320
-23,17499910;0,46598175
-23,16999910;0,00000000
-23,16499910;-0,93196350
-23,15999910;0,00000000
-23,15499910;-0,46598175
-23,14999910;-1,39948320
-23,14499910;-1,39948320
-23,13999910;-1,39948320
-23,13499910;-1,39948320
-23,12999910;-1,39948320
-23,12499910;-2,79896641
-23,11999910;-2,33298445
-23,11499910;-2,79896641
-23,10999910;-2,79896641
-23,10499910;-1,39948320
-23,09999910;-3,26648593
-23,09499910;-3,26648593
-23,08999910;-3,73246789
-23,08499910;-2,79896641
-23,07999910;-3,26648593
-23,07499910;-3,73246789
-23,06999910;-3,73246789
-23,06499910;-3,73246789
-23,05999910;-3,73246789
-23,05499910;-4,19998741
-23,04999910;-4,19998741
-23,04499910;-5,13348866
-23,03999910;-6,06699038
-23,03499910;-6,06699038
-23,02999910;-6,53297186
-23,02499910;-7,00049162
-23,01999910;-7,93399334
-23,01499910;-7,46647358
-23,00999910;-7,93399334
-23,00499910;-7,00049162
-22,99999910;-7,00049162
-22,99499910;-6,06699038
-22,98999910;-4,19998741
-22,98499910;-3,73246789
-22,97999910;-1,86546493
-22,97499910;-1,39948320
-22,96999910;0,93196350
-22,96499910;1,39948320
-22,95999910;2,33298445
-22,95499910;2,33298445
-22,94999910;3,26648593
-22,94499910;2,33298445
-22,93999910;1,39948320
-22,93499910;0,93196350
-22,92999910;0,93196350
-22,92499910;0,00000000
-22,91999910;-0,46598175
-22,91499910;-0,93196350
-22,90999910;-0,93196350
-22,90499910;-1,86546493
-22,89999910;-0,93196350
-22,89499911;-1,39948320
-22,88999911;-0,93196350
-22,88499911;-0,93196350
-22,87999911;0,93196350
-22,87499911;0,46598175
-22,86999911;1,86546493
-22,86499911;1,86546493
-22,85999911;2,33298445
-22,85499911;2,79896641
-22,84999911;2,33298445
-22,84499911;2,79896641
-22,83999911;3,73246789
-22,83499911;2,79896641
-22,82999911;3,73246789
-22,82499911;3,26648593
-22,81999911;4,66596889
-22,81499911;3,73246789
-22,80999911;3,26648593
-22,80499911;3,26648593
-22,79999911;3,26648593
-22,79499911;2,79896641
-22,78999911;2,79896641
-22,78499911;4,66596889
-22,77999911;1,86546493
-22,77499911;0,93196350
-22,76999911;0,93196350
-22,76499911;0,46598175
-22,75999911;0,46598175
-22,75499911;-0,93196350
-22,74999911;-0,46598175
-22,74499911;-0,93196350
-22,73999911;-0,93196350
-22,73499911;0,00000000
-22,72999911;-0,46598175
-22,72499911;0,93196350
-22,71999911;1,39948320
-22,71499911;1,86546493
-22,70999911;3,26648593
-22,70499911;3,26648593
-22,69999911;3,26648593
-22,69499911;4,19998741
-22,68999911;4,66596889
-22,68499911;4,19998741
-22,67999911;3,73246789
-22,67499911;4,66596889
-22,66999911;5,59947062
-22,66499911;4,19998741
-22,65999911;4,66596889
-22,65499911;3,73246789
-22,64999911;5,13348866
-22,64499911;4,66596889
-22,63999911;3,73246789
-22,63499911;3,26648593
-22,62999911;3,73246789
-22,62499911;3,26648593
-22,61999911;4,19998741
-22,61499911;3,73246789
-22,60999911;4,19998741
-22,60499911;3,73246789
-22,59999911;3,73246789
-22,59499911;4,19998741
-22,58999911;4,19998741
-22,58499911;3,73246789
-22,57999911;4,66596889
-22,57499911;4,19998741
-22,56999911;3,73246789
-22,56499911;3,73246789
-22,55999911;3,73246789
-22,55499911;2,79896641
-22,54999911;2,33298445
-22,54499911;1,86546493
-22,53999911;1,86546493
-22,53499911;1,39948320
-22,52999911;1,86546493
-22,52499911;2,33298445
-22,51999911;1,86546493
-22,51499911;3,26648593
-22,50999911;4,66596889
-22,50499911;4,19998741
-22,49999912;5,13348866
-22,49499912;5,59947062
-22,48999912;5,59947062
-22,48499912;5,59947062
-22,47999912;5,59947062
-22,47499912;5,59947062
-22,46999912;5,59947062
-22,46499912;5,13348866
-22,45999912;4,19998741
-22,45499912;3,26648593
-22,44999912;2,79896641
-22,44499912;3,26648593
-22,43999912;1,86546493
-22,43499912;0,93196350
-22,42999912;0,46598175
-22,42499912;0,46598175
-22,41999912;0,93196350
-22,41499912;1,39948320
-22,40999912;1,39948320
-22,40499912;-11,66799831
-22,39999912;1,86546493
-22,39499912;1,86546493
-22,38999912;1,39948320
-22,38499912;1,39948320
-22,37999912;2,33298445
-22,37499912;1,86546493
-22,36999912;1,39948320
-22,36499912;1,39948320
-22,35999912;0,93196350
-22,35499912;-0,46598175
-22,34999912;-0,46598175
-22,34499912;-2,33298445
-22,33999912;-2,33298445
-22,33499912;-2,79896641
-22,32999912;-1,86546493
-22,32499912;-3,26648593
-22,31999912;-2,33298445
-22,31499912;-3,26648593
-22,30999912;-3,73246789
-22,30499912;-3,26648593
-22,29999912;-2,79896641
-22,29499912;-3,26648593
-22,28999912;-2,79896641
-22,28499912;-3,26648593
-22,27999912;-1,39948320
-22,27499912;-2,79896641
-22,26999912;-3,73246789
-22,26499912;-4,19998741
-22,25999912;-4,66596889
-22,25499912;-4,19998741
-22,24999912;-5,13348866
-22,24499912;-4,66596889
-22,23999912;-3,73246789
-22,23499912;-4,19998741
-22,22999912;-2,79896641
-22,22499912;-2,33298445
-22,21999912;-0,93196350
-22,21499912;0,00000000
-22,20999912;0,93196350
-22,20499912;2,79896641
-22,19999912;3,73246789
-22,19499912;4,19998741
-22,18999912;4,66596889
-22,18499912;5,59947062
-22,17999912;5,13348866
-22,17499912;6,06699038
-22,16999912;5,13348866
-22,16499912;5,13348866
-22,15999912;4,66596889
-22,15499912;3,26648593
-22,14999912;2,79896641
-22,14499912;2,33298445
-22,13999912;1,39948320
-22,13499912;0,93196350
-22,12999912;0,00000000
-22,12499912;0,93196350
-22,11999912;-0,93196350
-22,11499912;0,93196350
-22,10999912;0,00000000
-22,10499913;0,46598175
-22,09999913;0,93196350
-22,09499913;1,86546493
-22,08999913;2,33298445
-22,08499913;2,79896641
-22,07999913;3,26648593
-22,07499913;2,79896641
-22,06999913;3,73246789
-22,06499913;3,26648593
-22,05999913;5,13348866
-22,05499913;5,59947062
-22,04999913;7,00049162
-22,04499913;7,00049162
-22,03999913;7,00049162
-22,03499913;6,06699038
-22,02999913;7,46647358
-22,02499913;7,93399334
-22,01999913;7,93399334
-22,01499913;8,39997482
-22,00999913;8,39997482
-22,00499913;7,93399334
-21,99999913;7,93399334
-21,99499913;8,39997482
-21,98999913;8,39997482
-21,98499913;8,86749458
-21,97999913;9,80099583
-21,97499913;8,86749458
-21,96999913;9,33347607
-21,96499913;9,33347607
-21,95999913;9,80099583
-21,95499913;10,73449707
-21,94999913;9,80099583
-21,94499913;10,26697731
-21,93999913;11,20047951
-21,93499913;10,26697731
-21,92999913;11,66799831
-21,92499913;15,40046692
-21,91999913;12,13398075
-21,91499913;12,60150051
-21,90999913;13,06748199
-21,90499913;13,53500175
-21,89999913;14,00098324
-21,89499913;14,00098324
-21,88999913;13,06748199
-21,88499913;13,06748199
-21,87999913;14,00098324
-21,87499913;13,06748199
-21,86999913;12,13398075
-21,86499913;11,66799831
-21,85999913;11,66799831
-21,85499913;11,20047951
-21,84999913;10,73449707
-21,84499913;9,80099583
-21,83999913;9,80099583
-21,83499913;8,86749458
-21,82999913;7,93399334
-21,82499913;7,46647358
-21,81999913;7,00049162
-21,81499913;7,00049162
-21,80999913;7,00049162
-21,80499913;6,53297186
-21,79999913;6,06699038
-21,79499913;7,00049162
-21,78999913;6,53297186
-21,78499913;6,53297186
-21,77999913;6,53297186
-21,77499913;6,06699038
-21,76999913;6,53297186
-21,76499913;6,06699038
-21,75999913;7,00049162
-21,75499913;7,93399334
-21,74999913;7,00049162
-21,74499913;7,93399334
-21,73999913;7,00049162
-21,73499913;7,00049162
-21,72999913;7,46647358
-21,72499913;7,00049162
-21,71999913;6,53297186
-21,71499913;6,53297186
-21,70999914;6,53297186
-21,70499914;6,06699038
-21,69999914;6,06699038
-21,69499914;6,06699038
-21,68999914;5,59947062
-21,68499914;5,13348866
-21,67999914;5,13348866
-21,67499914;4,66596889
-21,66999914;4,66596889
-21,66499914;4,66596889
-21,65999914;3,73246789
-21,65499914;4,19998741
-21,64999914;4,19998741
-21,64499914;4,19998741
-21,63999914;3,73246789
-21,63499914;3,73246789
-21,62999914;3,73246789
-21,62499914;4,19998741
-21,61999914;3,73246789
-21,61499914;3,26648593
-21,60999914;4,66596889
-21,60499914;4,19998741
-21,59999914;4,19998741
-21,59499914;4,66596889
-21,58999914;4,66596889
-21,58499914;5,13348866
-21,57999914;5,13348866
-21,57499914;6,53297186
-21,56999914;5,59947062
-21,56499914;6,06699038
-21,55999914;6,06699038
-21,55499914;6,53297186
-21,54999914;6,53297186
-21,54499914;7,00049162
-21,53999914;7,00049162
-21,53499914;7,93399334
-21,52999914;7,93399334
-21,52499914;8,39997482
-21,51999914;8,39997482
-21,51499914;8,86749458
-21,50999914;8,86749458
-21,50499914;8,39997482
-21,49999914;9,33347607
-21,49499914;9,80099583
-21,48999914;9,80099583
-21,48499914;9,80099583
-21,47999914;9,80099583
-21,47499914;10,26697731
-21,46999914;10,73449707
-21,46499914;8,86749458
-21,45999914;11,20047951
-21,45499914;11,20047951
-21,44999914;12,13398075
-21,44499914;11,20047951
-21,43999914;11,20047951
-21,43499914;12,13398075
-21,42999914;12,13398075
-21,42499914;12,13398075
-21,41999914;12,13398075
-21,41499914;13,06748199
-21,40999914;12,13398075
-21,40499914;12,60150051
-21,39999914;11,66799831
-21,39499914;10,73449707
-21,38999914;11,20047951
-21,38499914;10,26697731
-21,37999914;10,26697731
-21,37499914;8,86749458
-21,36999914;9,33347607
-21,36499914;8,86749458
-21,35999914;7,93399334
-21,35499914;7,46647358
-21,34999914;7,00049162
-21,34499914;6,06699038
-21,33999914;6,53297186
-21,33499914;6,53297186
-21,32999914;7,46647358
-21,32499914;5,59947062
-21,31999914;6,06699038
-21,31499915;5,59947062
-21,30999915;6,06699038
-21,30499915;5,59947062
-21,29999915;6,06699038
-21,29499915;5,59947062
-21,28999915;6,06699038
-21,28499915;6,06699038
-21,27999915;6,53297186
-21,27499915;4,66596889
-21,26999915;4,66596889
-21,26499915;2,79896641
-21,25999915;3,73246789
-21,25499915;2,79896641
-21,24999915;1,39948320
-21,24499915;2,79896641
-21,23999915;2,33298445
-21,23499915;2,33298445
-21,22999915;1,86546493
-21,22499915;1,39948320
-21,21999915;0,93196350
-21,21499915;0,46598175
-21,20999915;0,93196350
-21,20499915;0,00000000
-21,19999915;0,00000000
-21,19499915;-0,46598175
-21,18999915;0,00000000
-21,18499915;-0,93196350
-21,17999915;-1,39948320
-21,17499915;-1,39948320
-21,16999915;-2,33298445
-21,16499915;-3,73246789
-21,15999915;-2,79896641
-21,15499915;-4,66596889
-21,14999915;-5,13348866
-21,14499915;-6,06699038
-21,13999915;-7,00049162
-21,13499915;-7,00049162
-21,12999915;-7,93399334
-21,12499915;-7,93399334
-21,11999915;-8,86749458
-21,11499915;-7,46647358
-21,10999915;-7,00049162
-21,10499915;-7,46647358
-21,09999915;-6,53297186
-21,09499915;-5,13348866
-21,08999915;-2,79896641
-21,08499915;-1,86546493
-21,07999915;-0,93196350
-21,07499915;1,86546493
-21,06999915;2,33298445
-21,06499915;3,26648593
-21,05999915;4,19998741
-21,05499915;4,19998741
-21,04999915;6,06699038
-21,04499915;3,73246789
-21,03999915;3,26648593
-21,03499915;3,26648593
-21,02999915;2,79896641
-21,02499915;0,93196350
-21,01999915;0,93196350
-21,01499915;0,93196350
-21,00999915;0,00000000
-21,00499915;-0,46598175
-20,99999915;0,46598175
-20,99499915;0,93196350
-20,98999915;0,93196350
-20,98499915;1,86546493
-20,97999915;1,86546493
-20,97499915;2,33298445
-20,96999915;3,26648593
-20,96499915;4,19998741
-20,95999915;4,66596889
-20,95499915;3,73246789
-20,94999915;4,19998741
-20,94499915;3,73246789
-20,93999915;4,19998741
-20,93499915;4,66596889
-20,92999915;4,19998741
-20,92499915;3,73246789
-20,91999916;4,19998741
-20,91499916;4,19998741
-20,90999916;4,66596889
-20,90499916;5,13348866
-20,89999916;5,59947062
-20,89499916;5,13348866
-20,88999916;6,06699038
-20,88499916;6,06699038
-20,87999916;5,13348866
-20,87499916;5,59947062
-20,86999916;6,53297186
-20,86499916;5,59947062
-20,85999916;5,13348866
-20,85499916;5,59947062
-20,84999916;4,66596889
-20,84499916;5,59947062
-20,83999916;4,66596889
-20,83499916;5,13348866
-20,82999916;5,13348866
-20,82499916;5,13348866
-20,81999916;5,59947062
-20,81499916;6,53297186
-20,80999916;6,06699038
-20,80499916;7,00049162
-20,79999916;7,93399334
-20,79499916;7,46647358
-20,78999916;7,93399334
-20,78499916;8,86749458
-20,77999916;8,86749458
-20,77499916;9,33347607
-20,76999916;9,80099583
-20,76499916;9,33347607
-20,75999916;8,86749458
-20,75499916;8,39997482
-20,74999916;8,86749458
-20,74499916;9,33347607
-20,73999916;7,00049162
-20,73499916;7,46647358
-20,72999916;7,00049162
-20,72499916;5,13348866
-20,71999916;4,66596889
-20,71499916;4,19998741
-20,70999916;3,73246789
-20,70499916;3,73246789
-20,69999916;3,26648593
-20,69499916;2,33298445
-20,68999916;2,33298445
-20,68499916;2,33298445
-20,67999916;1,86546493
-20,67499916;1,39948320
-20,66999916;0,46598175
-20,66499916;0,46598175
-20,65999916;0,93196350
-20,65499916;0,46598175
-20,64999916;-0,46598175
-20,64499916;-0,93196350
-20,63999916;-0,46598175
-20,63499916;-1,39948320
-20,62999916;-0,46598175
-20,62499916;-0,46598175
-20,61999916;-0,93196350
-20,61499916;-0,46598175
-20,60999916;-1,39948320
-20,60499916;0,00000000
-20,59999916;-0,93196350
-20,59499916;-1,39948320
-20,58999916;-1,39948320
-20,58499916;-2,33298445
-20,57999916;-1,86546493
-20,57499916;-2,79896641
-20,56999916;-3,26648593
-20,56499916;-3,26648593
-20,55999916;-3,73246789
-20,55499916;-4,66596889
-20,54999916;-3,73246789
-20,54499916;-4,66596889
-20,53999916;-5,59947062
-20,53499916;-4,66596889
-20,52999916;-6,06699038
-20,52499916;-5,59947062
-20,51999917;-5,13348866
-20,51499917;-6,06699038
-20,50999917;-5,13348866
-20,50499917;-5,13348866
-20,49999917;-6,06699038
-20,49499917;-6,06699038
-20,48999917;-3,26648593
-20,48499917;-6,53297186
-20,47999917;-6,53297186
-20,47499917;-5,59947062
-20,46999917;-6,53297186
-20,46499917;-6,06699038
-20,45999917;-6,53297186
-20,45499917;-5,59947062
-20,44999917;-7,00049162
-20,44499917;-6,53297186
-20,43999917;-6,06699038
-20,43499917;-6,53297186
-20,42999917;-6,53297186
-20,42499917;-5,59947062
-20,41999917;-5,59947062
-20,41499917;-5,13348866
-20,40999917;-3,73246789
-20,40499917;-5,13348866
-20,39999917;-6,06699038
-20,39499917;-6,06699038
-20,38999917;-6,53297186
-20,38499917;-7,00049162
-20,37999917;-6,53297186
-20,37499917;-7,46647358
-20,36999917;-6,06699038
-20,36499917;-8,39997482
-20,35999917;-7,46647358
-20,35499917;-8,39997482
-20,34999917;-7,93399334
-20,34499917;-7,93399334
-20,33999917;-7,46647358
-20,33499917;-6,53297186
-20,32999917;-5,59947062
-20,32499917;-3,73246789
-20,31999917;-2,79896641
-20,31499917;-1,86546493
-20,30999917;0,93196350
-20,30499917;1,86546493
-20,29999917;3,26648593
-20,29499917;4,19998741
-20,28999917;4,66596889
-20,28499917;6,06699038
-20,27999917;6,53297186
-20,27499917;5,59947062
-20,26999917;5,59947062
-20,26499917;4,19998741
-20,25999917;3,73246789
-20,25499917;2,79896641
-20,24999917;1,86546493
-20,24499917;0,93196350
-20,23999917;0,93196350
-20,23499917;0,00000000
-20,22999917;-1,39948320
-20,22499917;-1,39948320
-20,21999917;-1,39948320
-20,21499917;-1,39948320
-20,20999917;-1,86546493
-20,20499917;-2,33298445
-20,19999917;-2,33298445
-20,19499917;-1,86546493
-20,18999917;-1,39948320
-20,18499917;-1,86546493
-20,17999917;-2,33298445
-20,17499917;-1,39948320
-20,16999917;-1,39948320
-20,16499917;-2,33298445
-20,15999917;-2,79896641
-20,15499917;-2,33298445
-20,14999917;-1,86546493
-20,14499917;-3,73246789
-20,13999917;-1,86546493
-20,13499917;-2,79896641
-20,12999917;-2,33298445
-20,12499918;-1,86546493
-20,11999918;-1,39948320
-20,11499918;-1,39948320
-20,10999918;-1,86546493
-20,10499918;-2,33298445
-20,09999918;-2,33298445
-20,09499918;-1,86546493
-20,08999918;-1,86546493
-20,08499918;-2,79896641
-20,07999918;-3,26648593
-20,07499918;-3,26648593
-20,06999918;-1,39948320
-20,06499918;-3,26648593
-20,05999918;-2,79896641
-20,05499918;-2,33298445
-20,04999918;-2,33298445
-20,04499918;-2,33298445
-20,03999918;-1,86546493
-20,03499918;0,00000000
-20,02999918;1,86546493
-20,02499918;0,46598175
-20,01999918;1,86546493
-20,01499918;1,86546493
-20,00999918;2,33298445
-20,00499918;2,79896641
-19,99999918;3,26648593
-19,99499918;3,26648593
-19,98999918;2,79896641
-19,98499918;2,79896641
-19,97999918;2,79896641
-19,97499918;3,26648593
-19,96999918;3,26648593
-19,96499918;2,79896641
-19,95999918;2,79896641
-19,95499918;2,33298445
-19,94999918;1,39948320
-19,94499918;1,39948320
-19,93999918;1,86546493
-19,93499918;0,93196350
-19,92999918;2,33298445
-19,92499918;0,93196350
-19,91999918;0,93196350
-19,91499918;0,00000000
-19,90999918;0,93196350
-19,90499918;0,46598175
-19,89999918;0,93196350
-19,89499918;0,00000000
-19,88999918;0,46598175
-19,88499918;0,46598175
-19,87999918;0,00000000
-19,87499918;0,00000000
-19,86999918;0,00000000
-19,86499918;0,46598175
-19,85999918;0,00000000
-19,85499918;0,00000000
-19,84999918;0,00000000
-19,84499918;-0,46598175
-19,83999918;-0,93196350
-19,83499918;-1,39948320
-19,82999918;-1,39948320
-19,82499918;-1,39948320
-19,81999918;-1,39948320
-19,81499918;-1,39948320
-19,80999918;-1,39948320
-19,80499918;-1,39948320
-19,79999918;-1,39948320
-19,79499918;-2,33298445
-19,78999918;-2,33298445
-19,78499918;-2,79896641
-19,77999918;-3,73246789
-19,77499918;-3,26648593
-19,76999918;-4,19998741
-19,76499918;-4,66596889
-19,75999918;-5,59947062
-19,75499918;-5,59947062
-19,74999918;-4,66596889
-19,74499918;-4,66596889
-19,73999918;-4,19998741
-19,73499918;-4,19998741
-19,72999919;-4,66596889
-19,72499919;-3,73246789
-19,71999919;-4,19998741
-19,71499919;-3,26648593
-19,70999919;-3,73246789
-19,70499919;-4,19998741
-19,69999919;-3,26648593
-19,69499919;-2,79896641
-19,68999919;-2,33298445
-19,68499919;-1,86546493
-19,67999919;-1,86546493
-19,67499919;-1,39948320
-19,66999919;-1,39948320
-19,66499919;-0,93196350
-19,65999919;-1,86546493
-19,65499919;-0,46598175
-19,64999919;-1,39948320
-19,64499919;-0,46598175
-19,63999919;-1,39948320
-19,63499919;0,00000000
-19,62999919;0,46598175
-19,62499919;0,00000000
-19,61999919;0,46598175
-19,61499919;0,00000000
-19,60999919;0,46598175
-19,60499919;0,00000000
-19,59999919;0,00000000
-19,59499919;1,39948320
-19,58999919;0,46598175
-19,58499919;0,46598175
-19,57999919;0,93196350
-19,57499919;1,39948320
-19,56999919;1,39948320
-19,56499919;1,86546493
-19,55999919;2,79896641
-19,55499919;3,73246789
-19,54999919;2,79896641
-19,54499919;1,86546493
-19,53999919;2,79896641
-19,53499919;3,26648593
-19,52999919;2,33298445
-19,52499919;3,26648593
-19,51999919;3,26648593
-19,51499919;2,79896641
-19,50999919;2,33298445
-19,50499919;3,26648593
-19,49999919;4,19998741
-19,49499919;1,39948320
-19,48999919;2,33298445
-19,48499919;1,39948320
-19,47999919;0,93196350
-19,47499919;0,46598175
-19,46999919;-0,93196350
-19,46499919;1,39948320
-19,45999919;-1,39948320
-19,45499919;-0,93196350
-19,44999919;-1,86546493
-19,44499919;-1,86546493
-19,43999919;-1,86546493
-19,43499919;-2,79896641
-19,42999919;-2,33298445
-19,42499919;-2,33298445
-19,41999919;-1,86546493
-19,41499919;-1,86546493
-19,40999919;-1,39948320
-19,40499919;-1,86546493
-19,39999919;-1,39948320
-19,39499919;-0,93196350
-19,38999919;-2,33298445
-19,38499919;-1,86546493
-19,37999919;-2,33298445
-19,37499919;-2,79896641
-19,36999919;-2,33298445
-19,36499919;-2,33298445
-19,35999919;-1,86546493
-19,35499919;-2,79896641
-19,34999919;-2,33298445
-19,34499919;-2,79896641
-19,33999919;-3,26648593
-19,33499920;-2,33298445
-19,32999920;-2,79896641
-19,32499920;-3,26648593
-19,31999920;-3,26648593
-19,31499920;-4,19998741
-19,30999920;-4,66596889
-19,30499920;-4,66596889
-19,29999920;-4,19998741
-19,29499920;-5,59947062
-19,28999920;-5,59947062
-19,28499920;-6,06699038
-19,27999920;-6,06699038
-19,27499920;-7,00049162
-19,26999920;-7,46647358
-19,26499920;-7,46647358
-19,25999920;-7,93399334
-19,25499920;-8,39997482
-19,24999920;-8,86749458
-19,24499920;-9,80099583
-19,23999920;-11,66799831
-19,23499920;-10,26697731
-19,22999920;-11,20047951
-19,22499920;-10,73449707
-19,21999920;-10,73449707
-19,21499920;-11,66799831
-19,20999920;-11,20047951
-19,20499920;-10,73449707
-19,19999920;-9,80099583
-19,19499920;-8,39997482
-19,18999920;-7,93399334
-19,18499920;-7,00049162
-19,17999920;-5,59947062
-19,17499920;-5,13348866
-19,16999920;-3,73246789
-19,16499920;-3,73246789
-19,15999920;-0,93196350
-19,15499920;-0,46598175
-19,14999920;-2,33298445
-19,14499920;-1,39948320
-19,13999920;-2,79896641
-19,13499920;-2,33298445
-19,12999920;-3,26648593
-19,12499920;-4,19998741
-19,11999920;-4,19998741
-19,11499920;-4,66596889
-19,10999920;-3,26648593
-19,10499920;-3,73246789
-19,09999920;-5,13348866
-19,09499920;-4,66596889
-19,08999920;-3,26648593
-19,08499920;-3,26648593
-19,07999920;-3,26648593
-19,07499920;-1,86546493
-19,06999920;-1,39948320
-19,06499920;-1,39948320
-19,05999920;-1,86546493
-19,05499920;-0,46598175
-19,04999920;0,00000000
-19,04499920;0,46598175
-19,03999920;0,00000000
-19,03499920;0,93196350
-19,02999920;0,46598175
-19,02499920;0,00000000
-19,01999920;0,93196350
-19,01499920;0,46598175
-19,00999920;0,00000000
-19,00499920;0,46598175
-18,99999920;0,46598175
-18,99499920;0,00000000
-18,98999920;0,46598175
-18,98499920;0,00000000
-18,97999920;0,00000000
-18,97499920;0,00000000
-18,96999920;-0,46598175
-18,96499920;-0,46598175
-18,95999920;0,00000000
-18,95499920;0,00000000
-18,94999920;-0,46598175
-18,94499920;-0,93196350
-18,93999921;-0,93196350
-18,93499921;0,00000000
-18,92999921;0,93196350
-18,92499921;0,93196350
-18,91999921;1,39948320
-18,91499921;1,86546493
-18,90999921;2,33298445
-18,90499921;1,86546493
-18,89999921;4,66596889
-18,89499921;3,73246789
-18,88999921;4,66596889
-18,88499921;4,66596889
-18,87999921;4,66596889
-18,87499921;5,13348866
-18,86999921;6,06699038
-18,86499921;4,19998741
-18,85999921;6,06699038
-18,85499921;5,59947062
-18,84999921;6,06699038
-18,84499921;5,13348866
-18,83999921;5,13348866
-18,83499921;5,13348866
-18,82999921;3,73246789
-18,82499921;3,26648593
-18,81999921;2,79896641
-18,81499921;2,33298445
-18,80999921;1,86546493
-18,80499921;2,33298445
-18,79999921;1,39948320
-18,79499921;-0,46598175
-18,78999921;1,39948320
-18,78499921;1,39948320
-18,77999921;1,39948320
-18,77499921;0,93196350
-18,76999921;0,93196350
-18,76499921;0,46598175
-18,75999921;0,46598175
-18,75499921;0,00000000
-18,74999921;0,93196350
-18,74499921;0,46598175
-18,73999921;0,46598175
-18,73499921;7,00049162
-18,72999921;0,93196350
-18,72499921;0,00000000
-18,71999921;0,93196350
-18,71499921;0,93196350
-18,70999921;1,39948320
-18,70499921;0,00000000
-18,69999921;-0,93196350
-18,69499921;0,46598175
-18,68999921;0,93196350
-18,68499921;0,46598175
-18,67999921;0,46598175
-18,67499921;0,46598175
-18,66999921;0,46598175
-18,66499921;-0,93196350
-18,65999921;-1,39948320
-18,65499921;-1,39948320
-18,64999921;-3,26648593
-18,64499921;-1,86546493
-18,63999921;-3,73246789
-18,63499921;-3,73246789
-18,62999921;-3,73246789
-18,62499921;-2,33298445
-18,61999921;-3,73246789
-18,61499921;-3,73246789
-18,60999921;-3,26648593
-18,60499921;-4,19998741
-18,59999921;-4,19998741
-18,59499921;-3,73246789
-18,58999921;-3,73246789
-18,58499921;-4,66596889
-18,57999921;-3,26648593
-18,57499921;-3,26648593
-18,56999921;-4,19998741
-18,56499921;-4,19998741
-18,55999921;-3,73246789
-18,55499921;-4,19998741
-18,54999921;-4,19998741
-18,54499922;-4,66596889
-18,53999922;-4,66596889
-18,53499922;-5,13348866
-18,52999922;-5,13348866
-18,52499922;-4,66596889
-18,51999922;-4,66596889
-18,51499922;-5,59947062
-18,50999922;-4,66596889
-18,50499922;-5,13348866
-18,49999922;-5,13348866
-18,49499922;-5,13348866
-18,48999922;-5,13348866
-18,48499922;-5,13348866
-18,47999922;-6,06699038
-18,47499922;-7,46647358
-18,46999922;-7,46647358
-18,46499922;-7,46647358
-18,45999922;-7,46647358
-18,45499922;-7,00049162
-18,44999922;-8,86749458
-18,44499922;-7,93399334
-18,43999922;-7,46647358
-18,43499922;-7,00049162
-18,42999922;-6,06699038
-18,42499922;-6,06699038
-18,41999922;-4,19998741
-18,41499922;-3,26648593
-18,40999922;-1,86546493
-18,40499922;-0,93196350
-18,39999922;0,93196350
-18,39499922;1,39948320
-18,38999922;2,33298445
-18,38499922;2,79896641
-18,37999922;4,19998741
-18,37499922;3,26648593
-18,36999922;4,19998741
-18,36499922;3,73246789
-18,35999922;3,26648593
-18,35499922;2,33298445
-18,34999922;1,86546493
-18,34499922;1,39948320
-18,33999922;1,39948320
-18,33499922;-0,46598175
-18,32999922;-0,46598175
-18,32499922;-1,39948320
-18,31999922;-1,39948320
-18,31499922;-0,46598175
-18,30999922;-0,46598175
-18,30499922;0,00000000
-18,29999922;0,00000000
-18,29499922;-0,93196350
-18,28999922;0,46598175
-18,28499922;0,93196350
-18,27999922;1,86546493
-18,27499922;1,39948320
-18,26999922;2,79896641
-18,26499922;3,73246789
-18,25999922;3,26648593
-18,25499922;4,66596889
-18,24999922;4,66596889
-18,24499922;4,66596889
-18,23999922;5,13348866
-18,23499922;6,53297186
-18,22999922;5,59947062
-18,22499922;5,59947062
-18,21999922;6,06699038
-18,21499922;6,53297186
-18,20999922;5,13348866
-18,20499922;6,53297186
-18,19999922;5,13348866
-18,19499922;5,59947062
-18,18999922;5,13348866
-18,18499922;5,13348866
-18,17999922;4,66596889
-18,17499922;4,19998741
-18,16999922;3,73246789
-18,16499922;4,19998741
-18,15999922;4,19998741
-18,15499922;3,73246789
-18,14999922;4,66596889
-18,14499923;5,13348866
-18,13999923;4,66596889
-18,13499923;4,66596889
-18,12999923;4,66596889
-18,12499923;6,06699038
-18,11999923;5,13348866
-18,11499923;7,00049162
-18,10999923;6,06699038
-18,10499923;6,53297186
-18,09999923;7,00049162
-18,09499923;6,53297186
-18,08999923;6,53297186
-18,08499923;6,53297186
-18,07999923;6,53297186
-18,07499923;7,46647358
-18,06999923;6,53297186
-18,06499923;6,06699038
-18,05999923;6,06699038
-18,05499923;5,13348866
-18,04999923;4,66596889
-18,04499923;4,66596889
-18,03999923;4,66596889
-18,03499923;5,59947062
-18,02999923;3,73246789
-18,02499923;3,26648593
-18,01999923;4,19998741
-18,01499923;4,19998741
-18,00999923;3,73246789
-18,00499923;-14,46850300
-17,99999923;4,66596889
-17,99499923;4,66596889
-17,98999923;4,19998741
-17,98499923;4,19998741
-17,97999923;5,13348866
-17,97499923;4,66596889
-17,96999923;4,19998741
-17,96499923;4,66596889
-17,95999923;4,66596889
-17,95499923;4,66596889
-17,94999923;4,19998741
-17,94499923;4,66596889
-17,93999923;5,59947062
-17,93499923;4,66596889
-17,92999923;4,19998741
-17,92499923;4,19998741
-17,91999923;4,66596889
-17,91499923;4,19998741
-17,90999923;3,26648593
-17,90499923;3,26648593
-17,89999923;2,79896641
-17,89499923;2,33298445
-17,88999923;1,86546493
-17,88499923;2,33298445
-17,87999923;1,86546493
-17,87499923;0,93196350
-17,86999923;0,93196350
-17,86499923;0,00000000
-17,85999923;1,39948320
-17,85499923;0,93196350
-17,84999923;0,46598175
-17,84499923;0,46598175
-17,83999923;1,86546493
-17,83499923;1,39948320
-17,82999923;0,93196350
-17,82499923;0,93196350
-17,81999923;0,93196350
-17,81499923;0,93196350
-17,80999923;0,93196350
-17,80499923;1,39948320
-17,79999923;1,39948320
-17,79499923;1,39948320
-17,78999923;1,86546493
-17,78499923;1,39948320
-17,77999923;1,39948320
-17,77499923;1,86546493
-17,76999923;2,79896641
-17,76499923;2,33298445
-17,75999923;2,79896641
-17,75499923;2,79896641
-17,74999924;3,73246789
-17,74499924;3,73246789
-17,73999924;4,66596889
-17,73499924;4,66596889
-17,72999924;4,66596889
-17,72499924;4,66596889
-17,71999924;5,13348866
-17,71499924;4,66596889
-17,70999924;5,59947062
-17,70499924;6,06699038
-17,69999924;6,06699038
-17,69499924;6,06699038
-17,68999924;6,53297186
-17,68499924;5,59947062
-17,67999924;6,53297186
-17,67499924;5,59947062
-17,66999924;7,46647358
-17,66499924;6,06699038
-17,65999924;6,53297186
-17,65499924;6,06699038
-17,64999924;5,59947062
-17,64499924;7,93399334
-17,63999924;6,53297186
-17,63499924;8,39997482
-17,62999924;7,46647358
-17,62499924;6,53297186
-17,61999924;6,53297186
-17,61499924;7,00049162
-17,60999924;7,46647358
-17,60499924;7,00049162
-17,59999924;5,59947062
-17,59499924;6,53297186
-17,58999924;6,06699038
-17,58499924;5,13348866
-17,57999924;5,13348866
-17,57499924;5,13348866
-17,56999924;4,19998741
-17,56499924;5,59947062
-17,55999924;5,13348866
-17,55499924;4,66596889
-17,54999924;3,73246789
-17,54499924;4,19998741
-17,53999924;4,19998741
-17,53499924;3,73246789
-17,52999924;2,79896641
-17,52499924;2,33298445
-17,51999924;2,79896641
-17,51499924;2,33298445
-17,50999924;1,86546493
-17,50499924;1,86546493
-17,49999924;0,93196350
-17,49499924;1,39948320
-17,48999924;1,39948320
-17,48499924;2,33298445
-17,47999924;0,46598175
-17,47499924;0,00000000
-17,46999924;0,00000000
-17,46499924;0,46598175
-17,45999924;-0,93196350
-17,45499924;-0,46598175
-17,44999924;-0,93196350
-17,44499924;-0,93196350
-17,43999924;-0,46598175
-17,43499924;-1,39948320
-17,42999924;-1,39948320
-17,42499924;-1,86546493
-17,41999924;-1,39948320
-17,41499924;-0,46598175
-17,40999924;-0,93196350
-17,40499924;-0,46598175
-17,39999924;-0,46598175
-17,39499924;-0,93196350
-17,38999924;-0,93196350
-17,38499924;0,00000000
-17,37999924;-0,93196350
-17,37499924;-1,86546493
-17,36999924;-1,39948320
-17,36499924;-2,79896641
-17,35999924;-2,33298445
-17,35499925;-2,79896641
-17,34999925;-3,26648593
-17,34499925;-3,73246789
-17,33999925;-3,73246789
-17,33499925;-6,06699038
-17,32999925;-6,53297186
-17,32499925;-6,53297186
-17,31999925;-7,46647358
-17,31499925;-8,39997482
-17,30999925;-7,46647358
-17,30499925;-7,93399334
-17,29999925;-7,00049162
-17,29499925;-6,06699038
-17,28999925;-5,13348866
-17,28499925;-4,19998741
-17,27999925;-2,33298445
-17,27499925;-1,39948320
-17,26999925;0,46598175
-17,26499925;1,86546493
-17,25999925;3,26648593
-17,25499925;3,26648593
-17,24999925;2,33298445
-17,24499925;4,66596889
-17,23999925;5,13348866
-17,23499925;3,26648593
-17,22999925;3,73246789
-17,22499925;2,79896641
-17,21999925;2,79896641
-17,21499925;2,33298445
-17,20999925;1,86546493
-17,20499925;0,46598175
-17,19999925;0,93196350
-17,19499925;1,39948320
-17,18999925;0,93196350
-17,18499925;0,93196350
-17,17999925;1,39948320
-17,17499925;1,39948320
-17,16999925;2,33298445
-17,16499925;1,86546493
-17,15999925;2,33298445
-17,15499925;1,86546493
-17,14999925;2,79896641
-17,14499925;2,79896641
-17,13999925;3,26648593
-17,13499925;3,73246789
-17,12999925;3,73246789
-17,12499925;2,79896641
-17,11999925;3,26648593
-17,11499925;3,73246789
-17,10999925;3,73246789
-17,10499925;3,73246789
-17,09999925;3,26648593
-17,09499925;3,73246789
-17,08999925;5,13348866
-17,08499925;2,79896641
-17,07999925;3,26648593
-17,07499925;2,33298445
-17,06999925;-8,86749458
-17,06499925;2,33298445
-17,05999925;2,33298445
-17,05499925;1,86546493
-17,04999925;0,00000000
-17,04499925;1,39948320
-17,03999925;0,46598175
-17,03499925;1,39948320
-17,02999925;1,39948320
-17,02499925;0,93196350
-17,01999925;1,39948320
-17,01499925;0,93196350
-17,00999925;1,39948320
-17,00499925;2,79896641
-16,99999925;1,39948320
-16,99499925;1,86546493
-16,98999925;2,79896641
-16,98499925;2,79896641
-16,97999925;3,73246789
-16,97499925;3,26648593
-16,96999925;3,26648593
-16,96499925;4,66596889
-16,95999926;4,66596889
-16,95499926;5,59947062
-16,94999926;4,66596889
-16,94499926;5,59947062
-16,93999926;4,66596889
-16,93499926;5,13348866
-16,92999926;5,13348866
-16,92499926;6,06699038
-16,91999926;4,19998741
-16,91499926;4,19998741
-16,90999926;3,73246789
-16,90499926;3,73246789
-16,89999926;3,73246789
-16,89499926;2,79896641
-16,88999926;1,86546493
-16,88499926;3,26648593
-16,87999926;1,39948320
-16,87499926;1,86546493
-16,86999926;0,46598175
-16,86499926;0,46598175
-16,85999926;0,46598175
-16,85499926;0,00000000
-16,84999926;1,39948320
-16,84499926;0,00000000
-16,83999926;0,00000000
-16,83499926;0,00000000
-16,82999926;0,00000000
-16,82499926;0,93196350
-16,81999926;0,46598175
-16,81499926;1,86546493
-16,80999926;0,93196350
-16,80499926;0,93196350
-16,79999926;0,46598175
-16,79499926;1,86546493
-16,78999926;0,93196350
-16,78499926;0,93196350
-16,77999926;0,46598175
-16,77499926;0,00000000
-16,76999926;0,00000000
-16,76499926;-1,39948320
-16,75999926;-1,39948320
-16,75499926;-3,26648593
-16,74999926;-2,79896641
-16,74499926;-3,73246789
-16,73999926;-3,73246789
-16,73499926;-4,19998741
-16,72999926;-4,19998741
-16,72499926;-5,13348866
-16,71999926;-4,66596889
-16,71499926;-4,19998741
-16,70999926;-4,66596889
-16,70499926;-4,66596889
-16,69999926;-3,73246789
-16,69499926;-4,19998741
-16,68999926;-4,19998741
-16,68499926;-3,73246789
-16,67999926;-3,26648593
-16,67499926;-3,26648593
-16,66999926;-3,73246789
-16,66499926;-5,59947062
-16,65999926;-3,73246789
-16,65499926;-3,26648593
-16,64999926;-3,73246789
-16,64499926;-3,26648593
-16,63999926;-4,66596889
-16,63499926;-5,13348866
-16,62999926;-3,73246789
-16,62499926;-4,19998741
-16,61999926;-4,66596889
-16,61499926;-3,73246789
-16,60999926;-3,26648593
-16,60499926;-3,73246789
-16,59999926;-3,26648593
-16,59499926;-4,19998741
-16,58999926;-4,19998741
-16,58499926;-5,13348866
-16,57999926;-4,19998741
-16,57499926;-5,59947062
-16,56999926;-6,06699038
-16,56499927;-5,59947062
-16,55999927;-5,59947062
-16,55499927;-6,53297186
-16,54999927;-7,46647358
-16,54499927;-7,00049162
-16,53999927;-7,46647358
-16,53499927;-6,53297186
-16,52999927;-7,00049162
-16,52499927;-4,66596889
-16,51999927;-3,73246789
-16,51499927;-2,79896641
-16,50999927;-1,86546493
-16,50499927;-0,46598175
-16,49999927;0,93196350
-16,49499927;2,79896641
-16,48999927;4,19998741
-16,48499927;3,73246789
-16,47999927;3,73246789
-16,47499927;3,26648593
-16,46999927;3,73246789
-16,46499927;3,26648593
-16,45999927;3,26648593
-16,45499927;2,79896641
-16,44999927;1,86546493
-16,44499927;0,46598175
-16,43999927;0,00000000
-16,43499927;0,00000000
-16,42999927;-0,46598175
-16,42499927;-1,86546493
-16,41999927;-1,86546493
-16,41499927;-2,33298445
-16,40999927;-4,19998741
-16,40499927;-2,33298445
-16,39999927;-2,33298445
-16,39499927;-2,79896641
-16,38999927;-2,33298445
-16,38499927;-1,86546493
-16,37999927;-1,86546493
-16,37499927;-1,86546493
-16,36999927;-2,33298445
-16,36499927;-0,93196350
-16,35999927;-0,46598175
-16,35499927;0,46598175
-16,34999927;0,00000000
-16,34499927;0,00000000
-16,33999927;0,46598175
-16,33499927;0,00000000
-16,32999927;0,93196350
-16,32499927;-1,39948320
-16,31999927;0,93196350
-16,31499927;0,93196350
-16,30999927;1,39948320
-16,30499927;1,39948320
-16,29999927;1,86546493
-16,29499927;1,39948320
-16,28999927;0,93196350
-16,28499927;0,93196350
-16,27999927;0,93196350
-16,27499927;0,93196350
-16,26999927;0,93196350
-16,26499927;0,00000000
-16,25999927;0,46598175
-16,25499927;0,00000000
-16,24999927;0,00000000
-16,24499927;0,93196350
-16,23999927;0,93196350
-16,23499927;1,86546493
-16,22999927;0,93196350
-16,22499927;1,39948320
-16,21999927;3,26648593
-16,21499927;2,33298445
-16,20999927;2,79896641
-16,20499927;3,26648593
-16,19999927;3,26648593
-16,19499927;3,73246789
-16,18999927;4,19998741
-16,18499927;4,19998741
-16,17999927;4,19998741
-16,17499927;4,66596889
-16,16999928;4,19998741
-16,16499928;4,19998741
-16,15999928;3,73246789
-16,15499928;3,26648593
-16,14999928;3,26648593
-16,14499928;3,73246789
-16,13999928;3,73246789
-16,13499928;2,79896641
-16,12999928;3,26648593
-16,12499928;2,79896641
-16,11999928;2,79896641
-16,11499928;2,79896641
-16,10999928;2,79896641
-16,10499928;2,79896641
-16,09999928;1,86546493
-16,09499928;1,86546493
-16,08999928;1,86546493
-16,08499928;2,33298445
-16,07999928;2,79896641
-16,07499928;2,33298445
-16,06999928;2,33298445
-16,06499928;3,26648593
-16,05999928;3,26648593
-16,05499928;3,73246789
-16,04999928;4,19998741
-16,04499928;3,73246789
-16,03999928;3,73246789
-16,03499928;4,66596889
-16,02999928;3,73246789
-16,02499928;3,73246789
-16,01999928;3,26648593
-16,01499928;2,79896641
-16,00999928;3,26648593
-16,00499928;2,79896641
-15,99999928;1,86546493
-15,99499928;1,39948320
-15,98999928;1,39948320
-15,98499928;0,93196350
-15,97999928;0,00000000
-15,97499928;-0,46598175
-15,96999928;0,00000000
-15,96499928;-0,46598175
-15,95999928;-1,39948320
-15,95499928;-0,93196350
-15,94999928;-0,46598175
-15,94499928;-0,93196350
-15,93999928;-0,46598175
-15,93499928;0,46598175
-15,92999928;0,00000000
-15,92499928;0,46598175
-15,91999928;0,93196350
-15,91499928;1,39948320
-15,90999928;1,39948320
-15,90499928;0,93196350
-15,89999928;1,39948320
-15,89499928;0,93196350
-15,88999928;1,39948320
-15,88499928;0,93196350
-15,87999928;0,93196350
-15,87499928;0,93196350
-15,86999928;0,46598175
-15,86499928;0,93196350
-15,85999928;1,39948320
-15,85499928;0,93196350
-15,84999928;0,93196350
-15,84499928;1,86546493
-15,83999928;1,86546493
-15,83499928;0,93196350
-15,82999928;3,26648593
-15,82499928;2,79896641
-15,81999928;4,19998741
-15,81499928;3,26648593
-15,80999928;4,19998741
-15,80499928;4,66596889
-15,79999928;4,19998741
-15,79499928;5,13348866
-15,78999928;4,19998741
-15,78499928;3,73246789
-15,77999928;3,73246789
-15,77499928;3,26648593
-15,76999929;3,26648593
-15,76499929;3,26648593
-15,75999929;2,79896641
-15,75499929;2,79896641
-15,74999929;2,33298445
-15,74499929;2,33298445
-15,73999929;2,79896641
-15,73499929;2,79896641
-15,72999929;2,33298445
-15,72499929;1,86546493
-15,71999929;2,79896641
-15,71499929;3,26648593
-15,70999929;3,26648593
-15,70499929;3,26648593
-15,69999929;2,79896641
-15,69499929;3,73246789
-15,68999929;4,19998741
-15,68499929;3,73246789
-15,67999929;3,26648593
-15,67499929;3,73246789
-15,66999929;4,19998741
-15,66499929;2,33298445
-15,65999929;2,33298445
-15,65499929;1,86546493
-15,64999929;1,86546493
-15,64499929;3,26648593
-15,63999929;2,79896641
-15,63499929;0,00000000
-15,62999929;2,33298445
-15,62499929;2,33298445
-15,61999929;2,33298445
-15,61499929;2,33298445
-15,60999929;1,39948320
-15,60499929;2,79896641
-15,59999929;1,86546493
-15,59499929;1,86546493
-15,58999929;1,39948320
-15,58499929;2,33298445
-15,57999929;1,39948320
-15,57499929;1,39948320
-15,56999929;0,93196350
-15,56499929;0,93196350
-15,55999929;0,00000000
-15,55499929;0,46598175
-15,54999929;0,46598175
-15,54499929;0,00000000
-15,53999929;0,00000000
-15,53499929;-0,93196350
-15,52999929;-0,46598175
-15,52499929;-0,46598175
-15,51999929;-0,93196350
-15,51499929;-1,39948320
-15,50999929;-1,39948320
-15,50499929;-1,39948320
-15,49999929;-1,39948320
-15,49499929;-2,79896641
-15,48999929;-2,33298445
-15,48499929;-1,86546493
-15,47999929;-2,33298445
-15,47499929;-3,26648593
-15,46999929;-2,79896641
-15,46499929;-3,26648593
-15,45999929;-3,73246789
-15,45499929;-4,19998741
-15,44999929;-5,13348866
-15,44499929;-6,06699038
-15,43999929;-6,53297186
-15,43499929;-7,46647358
-15,42999929;-8,39997482
-15,42499929;-9,33347607
-15,41999929;-9,33347607
-15,41499929;-10,26697731
-15,40999929;-11,20047951
-15,40499929;-11,20047951
-15,39999929;-11,20047951
-15,39499929;-10,73449707
-15,38999929;-10,73449707
-15,38499929;-10,26697731
-15,37999929;-8,39997482
-15,37499930;-7,46647358
-15,36999930;-5,59947062
-15,36499930;-4,66596889
-15,35999930;-2,79896641
-15,35499930;-1,39948320
-15,34999930;-0,93196350
-15,34499930;-0,93196350
-15,33999930;-0,46598175
-15,33499930;-0,93196350
-15,32999930;-0,93196350
-15,32499930;-2,79896641
-15,31999930;-2,33298445
-15,31499930;-3,26648593
-15,30999930;-4,19998741
-15,30499930;-3,73246789
-15,29999930;-5,13348866
-15,29499930;-4,19998741
-15,28999930;-5,59947062
-15,28499930;-5,59947062
-15,27999930;-4,19998741
-15,27499930;-4,19998741
-15,26999930;-3,26648593
-15,26499930;-3,26648593
-15,25999930;-2,33298445
-15,25499930;-2,33298445
-15,24999930;-2,33298445
-15,24499930;-1,39948320
-15,23999930;-1,86546493
-15,23499930;-1,39948320
-15,22999930;-1,39948320
-15,22499930;-1,39948320
-15,21999930;0,00000000
-15,21499930;-1,86546493
-15,20999930;-0,93196350
-15,20499930;-0,93196350
-15,19999930;-0,93196350
-15,19499930;0,00000000
-15,18999930;-3,26648593
-15,18499930;0,00000000
-15,17999930;0,46598175
-15,17499930;0,46598175
-15,16999930;0,00000000
-15,16499930;0,93196350
-15,15999930;0,46598175
-15,15499930;0,93196350
-15,14999930;-1,39948320
-15,14499930;0,00000000
-15,13999930;-0,93196350
-15,13499930;-0,93196350
-15,12999930;-1,39948320
-15,12499930;-0,46598175
-15,11999930;0,00000000
-15,11499930;0,46598175
-15,10999930;0,00000000
-15,10499930;1,39948320
-15,09999930;1,39948320
-15,09499930;1,86546493
-15,08999930;2,79896641
-15,08499930;3,26648593
-15,07999930;4,19998741
-15,07499930;4,19998741
-15,06999930;4,66596889
-15,06499930;5,13348866
-15,05999930;5,13348866
-15,05499930;4,66596889
-15,04999930;5,13348866
-15,04499930;6,06699038
-15,03999930;3,73246789
-15,03499930;3,26648593
-15,02999930;3,73246789
-15,02499930;2,79896641
-15,01999930;2,33298445
-15,01499930;0,00000000
-15,00999930;0,93196350
-15,00499930;0,93196350
-14,99999930;0,46598175
-14,99499930;0,46598175
-14,98999930;-0,46598175
-14,98499930;-0,93196350
-14,97999931;-1,39948320
-14,97499931;-0,46598175
-14,96999931;-0,93196350
-14,96499931;-0,93196350
-14,95999931;-1,86546493
-14,95499931;-1,86546493
-14,94999931;-1,39948320
-14,94499931;-2,33298445
-14,93999931;-1,86546493
-14,93499931;-1,86546493
-14,92999931;-1,86546493
-14,92499931;-2,79896641
-14,91999931;-2,79896641
-14,91499931;-1,86546493
-14,90999931;-4,19998741
-14,90499931;-2,33298445
-14,89999931;-2,33298445
-14,89499931;-2,33298445
-14,88999931;-1,86546493
-14,88499931;-2,79896641
-14,87999931;-1,86546493
-14,87499931;-2,33298445
-14,86999931;-3,73246789
-14,86499931;-3,26648593
-14,85999931;-4,19998741
-14,85499931;-4,66596889
-14,84999931;-4,66596889
-14,84499931;-5,13348866
-14,83999931;-5,13348866
-14,83499931;-6,53297186
-14,82999931;-6,53297186
-14,82499931;-7,00049162
-14,81999931;-5,13348866
-14,81499931;-7,46647358
-14,80999931;-7,46647358
-14,80499931;-6,53297186
-14,79999931;-7,00049162
-14,79499931;-6,53297186
-14,78999931;-6,06699038
-14,78499931;-6,06699038
-14,77999931;-5,13348866
-14,77499931;-6,53297186
-14,76999931;-4,66596889
-14,76499931;-4,66596889
-14,75999931;-5,59947062
-14,75499931;-5,59947062
-14,74999931;-5,59947062
-14,74499931;-4,66596889
-14,73999931;-5,13348866
-14,73499931;-6,53297186
-14,72999931;-6,06699038
-14,72499931;-6,06699038
-14,71999931;-6,53297186
-14,71499931;-7,46647358
-14,70999931;-7,46647358
-14,70499931;-7,46647358
-14,69999931;-7,93399334
-14,69499931;-7,46647358
-14,68999931;-7,00049162
-14,68499931;-7,46647358
-14,67999931;-7,93399334
-14,67499931;-8,39997482
-14,66999931;-8,39997482
-14,66499931;-8,39997482
-14,65999931;-8,86749458
-14,65499931;-8,39997482
-14,64999931;-8,86749458
-14,64499931;-8,86749458
-14,63999931;-8,86749458
-14,63499931;-9,80099583
-14,62999931;-7,93399334
-14,62499931;-7,93399334
-14,61999931;-6,06699038
-14,61499931;-6,06699038
-14,60999931;-4,66596889
-14,60499931;-4,19998741
-14,59999931;-1,86546493
-14,59499931;-1,39948320
-14,58999931;-0,46598175
-14,58499932;0,00000000
-14,57999932;0,93196350
-14,57499932;0,93196350
-14,56999932;0,46598175
-14,56499932;0,00000000
-14,55999932;-0,46598175
-14,55499932;-1,39948320
-14,54999932;-1,39948320
-14,54499932;-2,33298445
-14,53999932;-3,26648593
-14,53499932;-5,13348866
-14,52999932;-5,13348866
-14,52499932;-6,06699038
-14,51999932;-5,59947062
-14,51499932;-7,00049162
-14,50999932;-6,53297186
-14,50499932;-7,46647358
-14,49999932;-7,00049162
-14,49499932;-6,53297186
-14,48999932;-7,00049162
-14,48499932;-7,00049162
-14,47999932;-6,06699038
-14,47499932;-6,53297186
-14,46999932;-6,53297186
-14,46499932;-5,59947062
-14,45999932;-5,13348866
-14,45499932;-6,06699038
-14,44999932;-4,66596889
-14,44499932;-5,13348866
-14,43999932;-4,66596889
-14,43499932;-6,06699038
-14,42999932;-4,19998741
-14,42499932;-4,19998741
-14,41999932;-3,26648593
-14,41499932;-2,79896641
-14,40999932;-3,26648593
-14,40499932;-4,19998741
-14,39999932;-2,79896641
-14,39499932;-3,26648593
-14,38999932;-2,79896641
-14,38499932;-2,33298445
-14,37999932;-3,73246789
-14,37499932;-3,73246789
-14,36999932;-3,73246789
-14,36499932;-3,26648593
-14,35999932;-3,26648593
-14,35499932;-3,26648593
-14,34999932;-3,26648593
-14,34499932;-2,33298445
-14,33999932;-1,86546493
-14,33499932;-1,39948320
-14,32999932;0,00000000
-14,32499932;0,46598175
-14,31999932;2,33298445
-14,31499932;2,79896641
-14,30999932;3,73246789
-14,30499932;3,73246789
-14,29999932;4,66596889
-14,29499932;5,13348866
-14,28999932;4,66596889
-14,28499932;4,66596889
-14,27999932;4,66596889
-14,27499932;4,19998741
-14,26999932;5,13348866
-14,26499932;5,13348866
-14,25999932;4,66596889
-14,25499932;4,66596889
-14,24999932;4,66596889
-14,24499932;4,19998741
-14,23999932;3,73246789
-14,23499932;4,66596889
-14,22999932;4,66596889
-14,22499932;3,73246789
-14,21999932;3,26648593
-14,21499932;2,33298445
-14,20999932;2,79896641
-14,20499932;1,86546493
-14,19999932;2,79896641
-14,19499932;2,79896641
-14,18999933;3,26648593
-14,18499933;4,19998741
-14,17999933;2,79896641
-14,17499933;3,26648593
-14,16999933;3,26648593
-14,16499933;3,26648593
-14,15999933;2,79896641
-14,15499933;3,26648593
-14,14999933;3,26648593
-14,14499933;3,26648593
-14,13999933;3,73246789
-14,13499933;3,73246789
-14,12999933;3,73246789
-14,12499933;3,26648593
-14,11999933;3,73246789
-14,11499933;2,33298445
-14,10999933;3,26648593
-14,10499933;2,79896641
-14,09999933;2,79896641
-14,09499933;1,86546493
-14,08999933;0,93196350
-14,08499933;1,39948320
-14,07999933;0,46598175
-14,07499933;3,26648593
-14,06999933;-0,93196350
-14,06499933;0,46598175
-14,05999933;-1,39948320
-14,05499933;-1,86546493
-14,04999933;-2,33298445
-14,04499933;-2,33298445
-14,03999933;-2,33298445
-14,03499933;-2,79896641
-14,02999933;-3,26648593
-14,02499933;-1,86546493
-14,01999933;-0,46598175
-14,01499933;-2,33298445
-14,00999933;-1,39948320
-14,00499933;-1,86546493
-13,99999933;-3,26648593
-13,99499933;-1,39948320
-13,98999933;-1,39948320
-13,98499933;-1,86546493
-13,97999933;-2,33298445
-13,97499933;-1,39948320
-13,96999933;-1,86546493
-13,96499933;-0,93196350
-13,95999933;-1,39948320
-13,95499933;-0,93196350
-13,94999933;-1,39948320
-13,94499933;-1,39948320
-13,93999933;-0,93196350
-13,93499933;0,00000000
-13,92999933;-0,93196350
-13,92499933;-1,39948320
-13,91999933;-0,46598175
-13,91499933;0,46598175
-13,90999933;-0,93196350
-13,90499933;-0,46598175
-13,89999933;-0,93196350
-13,89499933;-0,93196350
-13,88999933;0,46598175
-13,88499933;0,00000000
-13,87999933;0,46598175
-13,87499933;0,46598175
-13,86999933;0,46598175
-13,86499933;0,46598175
-13,85999933;0,46598175
-13,85499933;0,93196350
-13,84999933;1,39948320
-13,84499933;1,86546493
-13,83999933;2,79896641
-13,83499933;1,39948320
-13,82999933;2,79896641
-13,82499933;3,26648593
-13,81999933;3,26648593
-13,81499933;3,73246789
-13,80999933;3,73246789
-13,80499933;4,19998741
-13,79999933;4,19998741
-13,79499934;4,66596889
-13,78999934;4,19998741
-13,78499934;3,26648593
-13,77999934;3,26648593
-13,77499934;3,73246789
-13,76999934;3,73246789
-13,76499934;2,79896641
-13,75999934;3,26648593
-13,75499934;2,79896641
-13,74999934;4,66596889
-13,74499934;3,26648593
-13,73999934;2,79896641
-13,73499934;2,33298445
-13,72999934;2,79896641
-13,72499934;2,33298445
-13,71999934;3,26648593
-13,71499934;2,33298445
-13,70999934;2,79896641
-13,70499934;2,79896641
-13,69999934;3,73246789
-13,69499934;3,73246789
-13,68999934;3,26648593
-13,68499934;2,79896641
-13,67999934;2,33298445
-13,67499934;1,86546493
-13,66999934;2,33298445
-13,66499934;2,33298445
-13,65999934;1,86546493
-13,65499934;0,93196350
-13,64999934;1,39948320
-13,64499934;0,93196350
-13,63999934;0,46598175
-13,63499934;0,93196350
-13,62999934;0,46598175
-13,62499934;0,00000000
-13,61999934;0,46598175
-13,61499934;0,46598175
-13,60999934;-0,93196350
-13,60499934;-1,86546493
-13,59999934;-1,39948320
-13,59499934;-2,79896641
-13,58999934;-2,33298445
-13,58499934;-2,79896641
-13,57999934;-3,73246789
-13,57499934;-3,73246789
-13,56999934;-4,19998741
-13,56499934;-5,13348866
-13,55999934;-4,66596889
-13,55499934;-5,13348866
-13,54999934;-6,53297186
-13,54499934;-3,26648593
-13,53999934;-7,46647358
-13,53499934;-7,46647358
-13,52999934;-8,86749458
-13,52499934;-9,80099583
-13,51999934;-10,26697731
-13,51499934;-10,73449707
-13,50999934;-10,73449707
-13,50499934;-5,59947062
-13,49999934;-10,73449707
-13,49499934;-11,20047951
-13,48999934;-11,20047951
-13,48499934;-9,33347607
-13,47999934;-7,93399334
-13,47499934;-6,53297186
-13,46999934;-5,59947062
-13,46499934;-4,66596889
-13,45999934;-3,26648593
-13,45499934;-3,73246789
-13,44999934;-1,39948320
-13,44499934;-0,93196350
-13,43999934;0,00000000
-13,43499934;0,00000000
-13,42999934;0,46598175
-13,42499934;0,00000000
-13,41999934;-1,39948320
-13,41499934;0,00000000
-13,40999934;-0,46598175
-13,40499934;-0,93196350
-13,39999934;-1,39948320
-13,39499935;-0,93196350
-13,38999935;0,00000000
-13,38499935;-0,93196350
-13,37999935;-0,46598175
-13,37499935;0,46598175
-13,36999935;0,00000000
-13,36499935;0,00000000
-13,35999935;0,93196350
-13,35499935;0,46598175
-13,34999935;0,46598175
-13,34499935;1,39948320
-13,33999935;2,33298445
-13,33499935;0,93196350
-13,32999935;1,39948320
-13,32499935;1,39948320
-13,31999935;1,39948320
-13,31499935;2,33298445
-13,30999935;1,86546493
-13,30499935;1,86546493
-13,29999935;2,33298445
-13,29499935;2,79896641
-13,28999935;3,73246789
-13,28499935;3,73246789
-13,27999935;3,73246789
-13,27499935;2,79896641
-13,26999935;3,73246789
-13,26499935;3,73246789
-13,25999935;3,26648593
-13,25499935;3,26648593
-13,24999935;2,79896641
-13,24499935;1,39948320
-13,23999935;1,39948320
-13,23499935;2,79896641
-13,22999935;0,00000000
-13,22499935;1,39948320
-13,21999935;-0,93196350
-13,21499935;1,86546493
-13,20999935;1,39948320
-13,20499935;1,86546493
-13,19999935;2,33298445
-13,19499935;3,26648593
-13,18999935;4,19998741
-13,18499935;3,73246789
-13,17999935;5,13348866
-13,17499935;5,13348866
-13,16999935;6,06699038
-13,16499935;6,06699038
-13,15999935;6,53297186
-13,15499935;6,53297186
-13,14999935;6,53297186
-13,14499935;7,00049162
-13,13999935;5,59947062
-13,13499935;4,66596889
-13,12999935;5,59947062
-13,12499935;4,66596889
-13,11999935;4,19998741
-13,11499935;3,73246789
-13,10999935;3,26648593
-13,10499935;4,19998741
-13,09999935;2,79896641
-13,09499935;2,33298445
-13,08999935;2,79896641
-13,08499935;2,79896641
-13,07999935;2,79896641
-13,07499935;2,79896641
-13,06999935;2,33298445
-13,06499935;2,79896641
-13,05999935;2,79896641
-13,05499935;2,33298445
-13,04999935;2,79896641
-13,04499935;1,86546493
-13,03999935;1,39948320
-13,03499935;2,33298445
-13,02999935;2,33298445
-13,02499935;1,39948320
-13,01999935;0,46598175
-13,01499935;1,39948320
-13,00999935;1,86546493
-13,00499935;2,33298445
-12,99999936;1,86546493
-12,99499936;0,93196350
-12,98999936;1,86546493
-12,98499936;1,86546493
-12,97999936;2,33298445
-12,97499936;1,39948320
-12,96999936;0,46598175
-12,96499936;0,93196350
-12,95999936;0,46598175
-12,95499936;-0,93196350
-12,94999936;-0,46598175
-12,94499936;-1,86546493
-12,93999936;-1,39948320
-12,93499936;-1,86546493
-12,92999936;-3,26648593
-12,92499936;-3,73246789
-12,91999936;-3,26648593
-12,91499936;-4,19998741
-12,90999936;-4,66596889
-12,90499936;-4,66596889
-12,89999936;-5,13348866
-12,89499936;-5,59947062
-12,88999936;-5,13348866
-12,88499936;-5,13348866
-12,87999936;-5,59947062
-12,87499936;-6,06699038
-12,86999936;-5,59947062
-12,86499936;1,39948320
-12,85999936;-6,06699038
-12,85499936;-7,00049162
-12,84999936;-7,00049162
-12,84499936;-7,00049162
-12,83999936;-8,39997482
-12,83499936;-7,46647358
-12,82999936;-7,93399334
-12,82499936;-8,86749458
-12,81999936;-7,93399334
-12,81499936;-8,39997482
-12,80999936;-8,39997482
-12,80499936;-11,20047951
-12,79999936;-8,86749458
-12,79499936;-8,86749458
-12,78999936;-8,86749458
-12,78499936;-9,33347607
-12,77999936;-9,80099583
-12,77499936;-10,26697731
-12,76999936;-10,26697731
-12,76499936;-11,20047951
-12,75999936;-10,73449707
-12,75499936;-10,73449707
-12,74999936;-11,20047951
-12,74499936;-12,13398075
-12,73999936;-11,66799831
-12,73499936;-12,13398075
-12,72999936;-11,66799831
-12,72499936;-11,66799831
-12,71999936;-10,73449707
-12,71499936;-8,86749458
-12,70999936;-8,86749458
-12,70499936;-7,00049162
-12,69999936;-6,06699038
-12,69499936;-4,66596889
-12,68999936;-2,79896641
-12,68499936;-2,33298445
-12,67999936;0,00000000
-12,67499936;-2,33298445
-12,66999936;0,46598175
-12,66499936;0,00000000
-12,65999936;0,00000000
-12,65499936;0,93196350
-12,64999936;-1,39948320
-12,64499936;-1,86546493
-12,63999936;-2,79896641
-12,63499936;-3,26648593
-12,62999936;-3,26648593
-12,62499936;-4,19998741
-12,61999936;-7,00049162
-12,61499936;-4,66596889
-12,60999936;-5,59947062
-12,60499937;-5,59947062
-12,59999937;-4,19998741
-12,59499937;-4,66596889
-12,58999937;-4,66596889
-12,58499937;-4,66596889
-12,57999937;-2,79896641
-12,57499937;-2,33298445
-12,56999937;-2,79896641
-12,56499937;-2,79896641
-12,55999937;-2,33298445
-12,55499937;-1,39948320
-12,54999937;-1,39948320
-12,54499937;-1,39948320
-12,53999937;-0,46598175
-12,53499937;-0,46598175
-12,52999937;0,00000000
-12,52499937;0,00000000
-12,51999937;-0,46598175
-12,51499937;1,39948320
-12,50999937;0,93196350
-12,50499937;0,93196350
-12,49999937;1,86546493
-12,49499937;0,93196350
-12,48999937;0,93196350
-12,48499937;0,93196350
-12,47999937;0,46598175
-12,47499937;0,93196350
-12,46999937;-0,46598175
-12,46499937;-0,46598175
-12,45999937;-1,86546493
-12,45499937;-1,39948320
-12,44999937;-1,39948320
-12,44499937;-1,86546493
-12,43999937;-1,86546493
-12,43499937;-1,86546493
-12,42999937;-1,39948320
-12,42499937;-1,86546493
-12,41999937;-1,86546493
-12,41499937;-1,39948320
-12,40999937;0,00000000
-12,40499937;-2,79896641
-12,39999937;-0,93196350
-12,39499937;-0,93196350
-12,38999937;0,46598175
-12,38499937;-0,46598175
-12,37999937;-0,46598175
-12,37499937;-0,93196350
-12,36999937;-1,86546493
-12,36499937;-2,33298445
-12,35999937;-1,86546493
-12,35499937;-2,79896641
-12,34999937;-3,73246789
-12,34499937;-2,79896641
-12,33999937;-4,66596889
-12,33499937;-4,19998741
-12,32999937;-5,59947062
-12,32499937;-6,06699038
-12,31999937;-5,13348866
-12,31499937;-6,06699038
-12,30999937;-6,06699038
-12,30499937;-6,53297186
-12,29999937;-6,06699038
-12,29499937;-6,06699038
-12,28999937;-6,06699038
-12,28499937;-6,06699038
-12,27999937;-6,06699038
-12,27499937;-8,39997482
-12,26999937;-6,53297186
-12,26499937;-7,00049162
-12,25999937;-7,00049162
-12,25499937;-7,46647358
-12,24999937;-7,46647358
-12,24499937;-7,00049162
-12,23999937;-6,06699038
-12,23499937;-7,00049162
-12,22999937;-6,53297186
-12,22499937;-7,00049162
-12,21999937;-6,06699038
-12,21499937;-6,06699038
-12,20999938;-5,13348866
-12,20499938;-6,06699038
-12,19999938;-6,06699038
-12,19499938;-5,13348866
-12,18999938;-4,19998741
-12,18499938;-4,66596889
-12,17999938;-4,66596889
-12,17499938;-5,13348866
-12,16999938;-4,19998741
-12,16499938;-5,59947062
-12,15999938;-5,59947062
-12,15499938;-4,19998741
-12,14999938;-5,13348866
-12,14499938;-4,66596889
-12,13999938;-4,66596889
-12,13499938;-5,59947062
-12,12999938;-5,59947062
-12,12499938;-4,66596889
-12,11999938;-4,19998741
-12,11499938;-4,19998741
-12,10999938;-4,19998741
-12,10499938;-3,73246789
-12,09999938;-3,73246789
-12,09499938;-3,73246789
-12,08999938;-3,26648593
-12,08499938;-2,79896641
-12,07999938;-3,73246789
-12,07499938;-3,26648593
-12,06999938;-3,26648593
-12,06499938;-2,33298445
-12,05999938;-3,26648593
-12,05499938;-2,79896641
-12,04999938;-2,79896641
-12,04499938;-1,86546493
-12,03999938;-2,79896641
-12,03499938;-1,39948320
-12,02999938;-1,39948320
-12,02499938;-1,39948320
-12,01999938;-2,33298445
-12,01499938;-0,46598175
-12,00999938;-1,39948320
-12,00499938;-0,93196350
-11,99999938;-0,93196350
-11,99499938;-0,46598175
-11,98999938;-1,39948320
-11,98499938;-1,86546493
-11,97999938;-1,86546493
-11,97499938;-0,93196350
-11,96999938;-2,79896641
-11,96499938;-1,86546493
-11,95999938;-2,79896641
-11,95499938;-1,86546493
-11,94999938;-2,79896641
-11,94499938;-2,79896641
-11,93999938;-3,26648593
-11,93499938;-2,79896641
-11,92999938;-3,26648593
-11,92499938;-3,26648593
-11,91999938;-2,33298445
-11,91499938;-3,26648593
-11,90999938;-3,26648593
-11,90499938;-3,73246789
-11,89999938;-3,73246789
-11,89499938;-3,26648593
-11,88999938;-2,79896641
-11,88499938;-4,19998741
-11,87999938;-4,19998741
-11,87499938;-4,66596889
-11,86999938;-5,13348866
-11,86499938;-5,13348866
-11,85999938;-5,13348866
-11,85499938;-6,53297186
-11,84999938;-5,59947062
-11,84499938;-6,53297186
-11,83999938;-7,00049162
-11,83499938;-7,00049162
-11,82999938;-8,39997482
-11,82499938;-7,46647358
-11,81999938;-7,00049162
-11,81499939;-7,93399334
-11,80999939;-7,46647358
-11,80499939;-7,93399334
-11,79999939;-6,53297186
-11,79499939;-7,46647358
-11,78999939;-6,06699038
-11,78499939;-7,00049162
-11,77999939;-7,00049162
-11,77499939;-5,59947062
-11,76999939;-6,06699038
-11,76499939;-6,53297186
-11,75999939;-5,59947062
-11,75499939;-6,06699038
-11,74999939;-5,59947062
-11,74499939;-7,46647358
-11,73999939;-7,46647358
-11,73499939;-7,93399334
-11,72999939;-7,00049162
-11,72499939;-7,93399334
-11,71999939;-7,93399334
-11,71499939;-7,46647358
-11,70999939;-7,93399334
-11,70499939;-7,93399334
-11,69999939;-7,00049162
-11,69499939;-7,93399334
-11,68999939;-8,39997482
-11,68499939;-7,93399334
-11,67999939;-7,00049162
-11,67499939;-7,46647358
-11,66999939;-7,00049162
-11,66499939;-7,93399334
-11,65999939;-7,00049162
-11,65499939;-7,93399334
-11,64999939;-7,93399334
-11,64499939;-8,86749458
-11,63999939;-8,86749458
-11,63499939;-9,80099583
-11,62999939;-10,73449707
-11,62499939;-11,20047951
-11,61999939;-11,66799831
-11,61499939;-12,13398075
-11,60999939;-13,06748199
-11,60499939;-13,06748199
-11,59999939;-11,66799831
-11,59499939;-12,13398075
-11,58999939;-10,73449707
-11,58499939;-10,26697731
-11,57999939;-9,80099583
-11,57499939;-8,86749458
-11,56999939;-7,46647358
-11,56499939;-6,53297186
-11,55999939;-4,66596889
-11,55499939;-4,19998741
-11,54999939;-3,26648593
-11,54499939;-2,33298445
-11,53999939;-2,33298445
-11,53499939;-1,86546493
-11,52999939;-2,33298445
-11,52499939;-1,86546493
-11,51999939;-2,33298445
-11,51499939;-2,79896641
-11,50999939;-4,66596889
-11,50499939;-4,19998741
-11,49999939;-5,59947062
-11,49499939;-5,13348866
-11,48999939;-5,13348866
-11,48499939;-5,59947062
-11,47999939;-5,13348866
-11,47499939;-5,59947062
-11,46999939;-4,66596889
-11,46499939;-5,13348866
-11,45999939;-5,59947062
-11,45499939;-4,19998741
-11,44999939;-3,73246789
-11,44499939;-3,73246789
-11,43999939;-3,26648593
-11,43499939;-3,26648593
-11,42999939;-2,33298445
-11,42499939;-2,79896641
-11,41999940;-2,33298445
-11,41499940;-1,39948320
-11,40999940;-1,39948320
-11,40499940;-0,93196350
-11,39999940;-0,46598175
-11,39499940;0,00000000
-11,38999940;0,46598175
-11,38499940;0,93196350
-11,37999940;0,93196350
-11,37499940;1,39948320
-11,36999940;0,00000000
-11,36499940;0,93196350
-11,35999940;0,93196350
-11,35499940;0,93196350
-11,34999940;0,00000000
-11,34499940;0,46598175
-11,33999940;-0,46598175
-11,33499940;-0,93196350
-11,32999940;-0,93196350
-11,32499940;-0,46598175
-11,31999940;0,00000000
-11,31499940;0,46598175
-11,30999940;1,86546493
-11,30499940;1,39948320
-11,29999940;1,86546493
-11,29499940;3,73246789
-11,28999940;4,19998741
-11,28499940;4,66596889
-11,27999940;5,13348866
-11,27499940;6,06699038
-11,26999940;6,53297186
-11,26499940;6,53297186
-11,25999940;6,53297186
-11,25499940;7,00049162
-11,24999940;7,00049162
-11,24499940;7,46647358
-11,23999940;7,00049162
-11,23499940;6,53297186
-11,22999940;5,59947062
-11,22499940;5,13348866
-11,21999940;5,59947062
-11,21499940;4,66596889
-11,20999940;5,13348866
-11,20499940;3,73246789
-11,19999940;3,26648593
-11,19499940;2,33298445
-11,18999940;2,79896641
-11,18499940;3,26648593
-11,17999940;1,86546493
-11,17499940;3,26648593
-11,16999940;1,39948320
-11,16499940;0,46598175
-11,15999940;0,93196350
-11,15499940;0,93196350
-11,14999940;0,93196350
-11,14499940;0,93196350
-11,13999940;0,46598175
-11,13499940;0,46598175
-11,12999940;0,00000000
-11,12499940;-0,46598175
-11,11999940;0,46598175
-11,11499940;0,00000000
-11,10999940;13,53500175
-11,10499940;0,93196350
-11,09999940;0,46598175
-11,09499940;0,46598175
-11,08999940;1,39948320
-11,08499940;0,46598175
-11,07999940;1,86546493
-11,07499940;1,86546493
-11,06999940;1,39948320
-11,06499940;1,39948320
-11,05999940;0,46598175
-11,05499940;0,46598175
-11,04999940;1,39948320
-11,04499940;0,46598175
-11,03999940;0,93196350
-11,03499940;0,00000000
-11,02999940;0,00000000
-11,02499940;0,46598175
-11,01999941;0,00000000
-11,01499941;0,93196350
-11,00999941;0,00000000
-11,00499941;0,00000000
-10,99999941;0,00000000
-10,99499941;0,46598175
-10,98999941;0,00000000
-10,98499941;0,46598175
-10,97999941;0,00000000
-10,97499941;-0,93196350
-10,96999941;0,46598175
-10,96499941;0,93196350
-10,95999941;0,46598175
-10,95499941;0,00000000
-10,94999941;0,00000000
-10,94499941;-0,46598175
-10,93999941;0,00000000
-10,93499941;-0,93196350
-10,92999941;-0,46598175
-10,92499941;-0,93196350
-10,91999941;-0,46598175
-10,91499941;0,00000000
-10,90999941;-0,93196350
-10,90499941;-1,86546493
-10,89999941;-0,46598175
-10,89499941;-0,46598175
-10,88999941;-0,46598175
-10,88499941;-1,39948320
-10,87999941;0,93196350
-10,87499941;-0,93196350
-10,86999941;0,00000000
-10,86499941;-1,39948320
-10,85999941;-0,46598175
-10,85499941;-1,39948320
-10,84999941;-1,86546493
-10,84499941;-2,79896641
-10,83999941;-2,33298445
-10,83499941;-2,33298445
-10,82999941;-1,86546493
-10,82499941;-1,86546493
-10,81999941;-0,46598175
-10,81499941;-0,46598175
-10,80999941;0,93196350
-10,80499941;2,33298445
-10,79999941;3,73246789
-10,79499941;5,13348866
-10,78999941;5,59947062
-10,78499941;7,46647358
-10,77999941;7,93399334
-10,77499941;9,33347607
-10,76999941;9,33347607
-10,76499941;8,86749458
-10,75999941;9,33347607
-10,75499941;8,86749458
-10,74999941;7,93399334
-10,74499941;8,39997482
-10,73999941;7,00049162
-10,73499941;7,00049162
-10,72999941;5,13348866
-10,72499941;4,19998741
-10,71999941;3,73246789
-10,71499941;3,73246789
-10,70999941;3,26648593
-10,70499941;3,26648593
-10,69999941;3,26648593
-10,69499941;1,86546493
-10,68999941;3,26648593
-10,68499941;4,19998741
-10,67999941;4,66596889
-10,67499941;4,66596889
-10,66999941;4,19998741
-10,66499941;4,66596889
-10,65999941;6,06699038
-10,65499941;6,06699038
-10,64999941;6,53297186
-10,64499941;7,46647358
-10,63999941;7,93399334
-10,63499941;8,86749458
-10,62999941;8,39997482
-10,62499942;8,86749458
-10,61999942;9,80099583
-10,61499942;10,73449707
-10,60999942;10,73449707
-10,60499942;9,33347607
-10,59999942;11,20047951
-10,59499942;10,73449707
-10,58999942;11,20047951
-10,58499942;10,73449707
-10,57999942;11,20047951
-10,57499942;11,20047951
-10,56999942;10,26697731
-10,56499942;9,33347607
-10,55999942;10,26697731
-10,55499942;10,26697731
-10,54999942;10,26697731
-10,54499942;10,26697731
-10,53999942;10,73449707
-10,53499942;10,73449707
-10,52999942;11,66799831
-10,52499942;11,66799831
-10,51999942;12,13398075
-10,51499942;13,53500175
-10,50999942;14,00098324
-10,50499942;14,93448448
-10,49999942;14,93448448
-10,49499942;15,86798668
-10,48999942;15,86798668
-10,48499942;15,86798668
-10,47999942;16,33396912
-10,47499942;16,80148888
-10,46999942;17,26746941
-10,46499942;14,93448448
-10,45999942;16,80148888
-10,45499942;16,33396912
-10,44999942;15,86798668
-10,44499942;15,40046692
-10,43999942;14,93448448
-10,43499942;13,53500175
-10,42999942;13,53500175
-10,42499942;12,60150051
-10,41999942;12,13398075
-10,41499942;12,13398075
-10,40999942;11,66799831
-10,40499942;12,13398075
-10,39999942;10,73449707
-10,39499942;12,13398075
-10,38999942;12,13398075
-10,38499942;11,20047951
-10,37999942;11,66799831
-10,37499942;11,66799831
-10,36999942;12,13398075
-10,36499942;11,66799831
-10,35999942;12,60150051
-10,35499942;13,06748199
-10,34999942;11,66799831
-10,34499942;13,53500175
-10,33999942;13,06748199
-10,33499942;12,60150051
-10,32999942;12,13398075
-10,32499942;12,13398075
-10,31999942;13,06748199
-10,31499942;13,06748199
-10,30999942;13,06748199
-10,30499942;13,06748199
-10,29999942;13,53500175
-10,29499942;12,13398075
-10,28999942;13,06748199
-10,28499942;13,06748199
-10,27999942;13,06748199
-10,27499942;12,13398075
-10,26999942;12,60150051
-10,26499942;21,46899414
-10,25999942;12,60150051
-10,25499942;11,66799831
-10,24999942;11,66799831
-10,24499942;11,66799831
-10,23999942;11,66799831
-10,23499942;11,20047951
-10,22999943;11,66799831
-10,22499943;12,13398075
-10,21999943;11,20047951
-10,21499943;12,60150051
-10,20999943;12,13398075
-10,20499943;12,60150051
-10,19999943;12,13398075
-10,19499943;11,20047951
-10,18999943;11,66799831
-10,18499943;12,60150051
-10,17999943;12,13398075
-10,17499943;11,66799831
-10,16999943;12,60150051
-10,16499943;10,73449707
-10,15999943;12,13398075
-10,15499943;12,13398075
-10,14999943;12,60150051
-10,14499943;12,13398075
-10,13999943;12,13398075
-10,13499943;12,60150051
-10,12999943;13,06748199
-10,12499943;12,60150051
-10,11999943;13,53500175
-10,11499943;13,53500175
-10,10999943;13,53500175
-10,10499943;13,53500175
-10,09999943;12,60150051
-10,09499943;14,00098324
-10,08999943;13,53500175
-10,08499943;13,06748199
-10,07999943;12,60150051
-10,07499943;14,46850300
-10,06999943;13,06748199
-10,06499943;14,00098324
-10,05999943;14,46850300
-10,05499943;13,53500175
-10,04999943;13,06748199
-10,04499943;13,53500175
-10,03999943;14,00098324
-10,03499943;14,46850300
-10,02999943;14,46850300
-10,02499943;14,93448448
-10,01999943;14,46850300
-10,01499943;15,40046692
-10,00999943;15,40046692
-10,00499943;14,93448448
-9,99999943;15,40046692
-9,99499943;15,86798668
-9,98999943;15,40046692
-9,98499943;14,93448448
-9,97999943;14,93448448
-9,97499943;14,00098324
-9,96999943;14,93448448
-9,96499943;15,86798668
-9,95999943;15,40046692
-9,95499943;15,40046692
-9,94999943;14,93448448
-9,94499943;15,40046692
-9,93999943;14,93448448
-9,93499943;15,40046692
-9,92999943;15,86798668
-9,92499943;15,40046692
-9,91999943;15,86798668
-9,91499943;16,33396912
-9,90999943;15,86798668
-9,90499943;15,86798668
-9,89999943;17,26746941
-9,89499943;16,80148888
-9,88999943;15,40046692
-9,88499943;15,40046692
-9,87999943;15,86798668
-9,87499943;15,86798668
-9,86999943;15,86798668
-9,86499943;16,33396912
-9,85999943;15,40046692
-9,85499943;14,93448448
-9,84999943;15,40046692
-9,84499943;15,40046692
-9,83999943;14,46850300
-9,83499944;15,40046692
-9,82999944;14,46850300
-9,82499944;14,93448448
-9,81999944;14,00098324
-9,81499944;14,00098324
-9,80999944;14,46850300
-9,80499944;12,60150051
-9,79999944;13,53500175
-9,79499944;13,53500175
-9,78999944;13,06748199
-9,78499944;11,66799831
-9,77999944;12,13398075
-9,77499944;11,66799831
-9,76999944;11,20047951
-9,76499944;10,73449707
-9,75999944;10,73449707
-9,75499944;9,80099583
-9,74999944;10,26697731
-9,74499944;10,26697731
-9,73999944;9,33347607
-9,73499944;8,86749458
-9,72999944;8,39997482
-9,72499944;7,93399334
-9,71999944;7,46647358
-9,71499944;6,53297186
-9,70999944;6,06699038
-9,70499944;5,59947062
-9,69999944;5,59947062
-9,69499944;3,73246789
-9,68999944;6,53297186
-9,68499944;4,66596889
-9,67999944;7,46647358
-9,67499944;6,53297186
-9,66999944;7,46647358
-9,66499944;7,93399334
-9,65999944;9,33347607
-9,65499944;10,73449707
-9,64999944;11,20047951
-9,64499944;12,60150051
-9,63999944;13,53500175
-9,63499944;13,53500175
-9,62999944;14,00098324
-9,62499944;13,53500175
-9,61999944;14,00098324
-9,61499944;13,53500175
-9,60999944;13,06748199
-9,60499944;12,60150051
-9,59999944;12,13398075
-9,59499944;12,13398075
-9,58999944;13,06748199
-9,58499944;12,13398075
-9,57999944;12,13398075
-9,57499944;11,66799831
-9,56999944;13,06748199
-9,56499944;12,60150051
-9,55999944;11,66799831
-9,55499944;12,60150051
-9,54999944;13,53500175
-9,54499944;14,00098324
-9,53999944;14,93448448
-9,53499944;14,46850300
-9,52999944;14,46850300
-9,52499944;14,93448448
-9,51999944;15,40046692
-9,51499944;15,86798668
-9,50999944;14,93448448
-9,50499944;15,40046692
-9,49999944;15,86798668
-9,49499944;15,40046692
-9,48999944;15,40046692
-9,48499944;14,93448448
-9,47999944;15,40046692
-9,47499944;14,93448448
-9,46999944;14,93448448
-9,46499944;14,93448448
-9,45999944;14,00098324
-9,45499944;14,46850300
-9,44999944;14,00098324
-9,44499944;14,00098324
-9,43999945;13,53500175
-9,43499945;13,06748199
-9,42999945;13,06748199
-9,42499945;14,46850300
-9,41999945;13,06748199
-9,41499945;13,06748199
-9,40999945;13,53500175
-9,40499945;13,06748199
-9,39999945;14,00098324
-9,39499945;14,00098324
-9,38999945;14,46850300
-9,38499945;15,40046692
-9,37999945;16,33396912
-9,37499945;15,86798668
-9,36999945;16,33396912
-9,36499945;16,80148888
-9,35999945;17,26746941
-9,35499945;18,20096970
-9,34999945;17,73498917
-9,34499945;17,73498917
-9,33999945;18,66848946
-9,33499945;18,20096970
-9,32999945;18,20096970
-9,32499945;18,66848946
-9,31999945;18,20096970
-9,31499945;17,73498917
-9,30999945;17,26746941
-9,30499945;16,80148888
-9,29999945;16,80148888
-9,29499945;17,26746941
-9,28999945;16,33396912
-9,28499945;16,33396912
-9,27999945;16,33396912
-9,27499945;16,80148888
-9,26999945;16,80148888
-9,26499945;17,26746941
-9,25999945;16,33396912
-9,25499945;15,86798668
-9,24999945;15,86798668
-9,24499945;15,86798668
-9,23999945;15,40046692
-9,23499945;14,93448448
-9,22999945;14,93448448
-9,22499945;13,06748199
-9,21999945;14,93448448
-9,21499945;13,53500175
-9,20999945;13,06748199
-9,20499945;12,60150051
-9,19999945;13,53500175
-9,19499945;13,06748199
-9,18999945;13,06748199
-9,18499945;12,13398075
-9,17999945;12,13398075
-9,17499945;12,60150051
-9,16999945;12,60150051
-9,16499945;12,60150051
-9,15999945;11,66799831
-9,15499945;10,26697731
-9,14999945;10,73449707
-9,14499945;9,33347607
-9,13999945;10,73449707
-9,13499945;8,86749458
-9,12999945;7,93399334
-9,12499945;7,46647358
-9,11999945;7,46647358
-9,11499945;6,53297186
-9,10999945;7,46647358
-9,10499945;6,53297186
-9,09999945;6,06699038
-9,09499945;5,13348866
-9,08999945;5,59947062
-9,08499945;3,26648593
-9,07999945;3,73246789
-9,07499945;4,19998741
-9,06999945;4,66596889
-9,06499945;4,19998741
-9,05999945;3,73246789
-9,05499945;3,26648593
-9,04999945;3,26648593
-9,04499945;2,33298445
-9,03999946;3,26648593
-9,03499946;3,26648593
-9,02999946;1,86546493
-9,02499946;2,33298445
-9,01999946;1,39948320
-9,01499946;2,33298445
-9,00999946;1,86546493
-9,00499946;1,86546493
-8,99999946;2,33298445
-8,99499946;1,39948320
-8,98999946;0,93196350
-8,98499946;0,93196350
-8,97999946;1,39948320
-8,97499946;2,33298445
-8,96999946;0,93196350
-8,96499946;0,46598175
-8,95999946;0,46598175
-8,95499946;0,46598175
-8,94999946;0,46598175
-8,94499946;-0,46598175
-8,93999946;0,46598175
-8,93499946;0,00000000
-8,92999946;-0,46598175
-8,92499946;0,46598175
-8,91999946;0,46598175
-8,91499946;2,33298445
-8,90999946;1,86546493
-8,90499946;3,73246789
-8,89999946;3,26648593
-8,89499946;-0,93196350
-8,88999946;6,06699038
-8,88499946;7,00049162
-8,87999946;9,33347607
-8,87499946;8,86749458
-8,86999946;9,80099583
-8,86499946;11,20047951
-8,85999946;11,20047951
-8,85499946;10,73449707
-8,84999946;10,73449707
-8,84499946;10,26697731
-8,83999946;8,86749458
-8,83499946;8,39997482
-8,82999946;7,46647358
-8,82499946;7,93399334
-8,81999946;6,53297186
-8,81499946;6,06699038
-8,80999946;5,59947062
-8,80499946;5,13348866
-8,79999946;4,66596889
-8,79499946;5,13348866
-8,78999946;5,59947062
-8,78499946;5,13348866
-8,77999946;5,13348866
-8,77499946;4,66596889
-8,76999946;5,59947062
-8,76499946;5,59947062
-8,75999946;5,59947062
-8,75499946;5,59947062
-8,74999946;6,06699038
-8,74499946;6,53297186
-8,73999946;6,53297186
-8,73499946;5,59947062
-8,72999946;6,06699038
-8,72499946;7,00049162
-8,71999946;6,53297186
-8,71499946;6,53297186
-8,70999946;7,46647358
-8,70499946;8,39997482
-8,69999946;7,46647358
-8,69499946;6,53297186
-8,68999946;6,53297186
-8,68499946;5,59947062
-8,67999946;6,06699038
-8,67499946;5,59947062
-8,66999946;5,13348866
-8,66499946;4,19998741
-8,65999946;4,66596889
-8,65499946;5,13348866
-8,64999946;4,19998741
-8,64499947;4,66596889
-8,63999947;4,66596889
-8,63499947;5,13348866
-8,62999947;5,59947062
-8,62499947;5,13348866
-8,61999947;6,06699038
-8,61499947;7,00049162
-8,60999947;7,93399334
-8,60499947;7,46647358
-8,59999947;8,39997482
-8,59499947;9,33347607
-8,58999947;9,33347607
-8,58499947;8,86749458
-8,57999947;10,26697731
-8,57499947;10,26697731
-8,56999947;11,66799831
-8,56499947;10,26697731
-8,55999947;9,33347607
-8,55499947;9,80099583
-8,54999947;9,80099583
-8,54499947;9,33347607
-8,53999947;8,39997482
-8,53499947;7,93399334
-8,52999947;2,79896641
-8,52499947;8,39997482
-8,51999947;7,46647358
-8,51499947;7,93399334
-8,50999947;7,00049162
-8,50499947;7,00049162
-8,49999947;7,00049162
-8,49499947;6,53297186
-8,48999947;5,59947062
-8,48499947;6,06699038
-8,47999947;4,19998741
-8,47499947;6,53297186
-8,46999947;6,06699038
-8,46499947;7,00049162
-8,45999947;5,59947062
-8,45499947;5,59947062
-8,44999947;5,13348866
-8,44499947;6,06699038
-8,43999947;6,06699038
-8,43499947;4,19998741
-8,42999947;5,59947062
-8,42499947;6,06699038
-8,41999947;6,06699038
-8,41499947;5,13348866
-8,40999947;5,13348866
-8,40499947;5,59947062
-8,39999947;5,59947062
-8,39499947;5,59947062
-8,38999947;6,06699038
-8,38499947;5,59947062
-8,37999947;4,66596889
-8,37499947;3,26648593
-8,36999947;3,26648593
-8,36499947;1,86546493
-8,35999947;2,79896641
-8,35499947;2,33298445
-8,34999947;0,93196350
-8,34499947;0,00000000
-8,33999947;0,46598175
-8,33499947;-0,46598175
-8,32999947;-0,46598175
-8,32499947;0,00000000
-8,31999947;-0,46598175
-8,31499947;-1,39948320
-8,30999947;-0,46598175
-8,30499947;-1,39948320
-8,29999947;-0,46598175
-8,29499947;-1,39948320
-8,28999947;0,00000000
-8,28499947;-0,46598175
-8,27999947;-0,46598175
-8,27499947;-0,93196350
-8,26999947;-0,93196350
-8,26499947;-1,39948320
-8,25999947;-1,39948320
-8,25499947;-1,39948320
-8,24999948;-1,39948320
-8,24499948;-2,33298445
-8,23999948;-1,86546493
-8,23499948;-1,39948320
-8,22999948;-2,33298445
-8,22499948;-2,33298445
-8,21999948;-2,33298445
-8,21499948;-2,79896641
-8,20999948;-3,26648593
-8,20499948;-2,33298445
-8,19999948;-1,86546493
-8,19499948;-2,79896641
-8,18999948;-1,86546493
-8,18499948;-1,86546493
-8,17999948;-1,86546493
-8,17499948;-2,79896641
-8,16999948;-2,33298445
-8,16499948;-3,73246789
-8,15999948;-2,33298445
-8,15499948;-2,79896641
-8,14999948;-2,33298445
-8,14499948;-1,86546493
-8,13999948;-1,39948320
-8,13499948;-1,39948320
-8,12999948;-1,39948320
-8,12499948;-0,93196350
-8,11999948;-0,46598175
-8,11499948;-1,39948320
-8,10999948;0,00000000
-8,10499948;0,00000000
-8,09999948;-0,93196350
-8,09499948;0,00000000
-8,08999948;-0,93196350
-8,08499948;0,46598175
-8,07999948;-0,46598175
-8,07499948;0,93196350
-8,06999948;-0,46598175
-8,06499948;-1,86546493
-8,05999948;-0,93196350
-8,05499948;-0,93196350
-8,04999948;-1,39948320
-8,04499948;-1,86546493
-8,03999948;-1,39948320
-8,03499948;-1,39948320
-8,02999948;-2,33298445
-8,02499948;-1,86546493
-8,01999948;-1,39948320
-8,01499948;-1,86546493
-8,00999948;-1,86546493
-8,00499948;-2,79896641
-7,99999948;-2,33298445
-7,99499948;-2,79896641
-7,98999948;-1,86546493
-7,98499948;-1,39948320
-7,97999948;-1,86546493
-7,97499948;-2,79896641
-7,96999948;17,73498917
-7,96499948;-2,79896641
-7,95999948;-2,79896641
-7,95499948;-2,79896641
-7,94999948;-3,26648593
-7,94499948;-3,73246789
-7,93999948;-3,26648593
-7,93499948;-5,59947062
-7,92999948;-4,19998741
-7,92499948;-4,66596889
-7,91999948;-6,06699038
-7,91499948;-5,59947062
-7,90999948;-5,59947062
-7,90499948;-6,06699038
-7,89999948;-6,06699038
-7,89499948;-7,00049162
-7,88999948;-7,00049162
-7,88499948;-7,46647358
-7,87999948;-9,33347607
-7,87499948;-7,46647358
-7,86999948;-8,39997482
-7,86499948;-7,00049162
-7,85999948;-8,39997482
-7,85499949;-9,33347607
-7,84999949;-8,86749458
-7,84499949;-10,26697731
-7,83999949;-10,73449707
-7,83499949;-11,20047951
-7,82999949;-12,13398075
-7,82499949;-12,60150051
-7,81999949;-13,06748199
-7,81499949;-13,06748199
-7,80999949;-14,46850300
-7,80499949;-15,40046692
-7,79999949;-15,40046692
-7,79499949;-15,86798668
-7,78999949;-16,33396912
-7,78499949;-15,86798668
-7,77999949;-15,40046692
-7,77499949;-14,93448448
-7,76999949;-15,40046692
-7,76499949;-14,00098324
-7,75999949;-13,06748199
-7,75499949;-10,73449707
-7,74999949;-10,73449707
-7,74499949;-9,80099583
-7,73999949;-8,39997482
-7,73499949;-6,06699038
-7,72999949;-7,93399334
-7,72499949;-8,86749458
-7,71999949;-8,86749458
-7,71499949;-8,86749458
-7,70999949;-10,26697731
-7,70499949;-10,73449707
-7,69999949;-10,73449707
-7,69499949;-11,20047951
-7,68999949;-11,66799831
-7,68499949;-12,13398075
-7,67999949;-12,13398075
-7,67499949;-10,26697731
-7,66999949;-10,73449707
-7,66499949;-10,26697731
-7,65999949;-10,26697731
-7,65499949;-9,33347607
-7,64999949;-7,46647358
-7,64499949;-8,39997482
-7,63999949;-8,39997482
-7,63499949;-7,93399334
-7,62999949;-7,46647358
-7,62499949;-7,93399334
-7,61999949;-7,46647358
-7,61499949;-6,53297186
-7,60999949;-7,46647358
-7,60499949;-6,53297186
-7,59999949;-7,00049162
-7,59499949;-6,53297186
-7,58999949;-6,06699038
-7,58499949;-9,33347607
-7,57999949;-5,59947062
-7,57499949;-4,66596889
-7,56999949;-4,19998741
-7,56499949;-3,73246789
-7,55999949;-3,73246789
-7,55499949;-4,19998741
-7,54999949;-3,26648593
-7,54499949;-4,19998741
-7,53999949;-3,26648593
-7,53499949;-4,19998741
-7,52999949;-4,19998741
-7,52499949;-4,66596889
-7,51999949;-4,66596889
-7,51499949;-4,19998741
-7,50999949;-5,13348866
-7,50499949;-5,59947062
-7,49999949;-5,13348866
-7,49499949;-5,13348866
-7,48999949;-4,66596889
-7,48499949;-3,26648593
-7,47999949;-2,33298445
-7,47499949;-2,33298445
-7,46999949;-2,33298445
-7,46499949;-1,86546493
-7,45999950;-0,93196350
-7,45499950;-0,93196350
-7,44999950;-0,93196350
-7,44499950;-0,93196350
-7,43999950;-0,46598175
-7,43499950;-0,93196350
-7,42999950;-0,93196350
-7,42499950;-1,86546493
-7,41999950;-2,33298445
-7,41499950;-2,79896641
-7,40999950;-3,26648593
-7,40499950;-4,66596889
-7,39999950;-4,66596889
-7,39499950;-3,73246789
-7,38999950;-6,53297186
-7,38499950;-7,46647358
-7,37999950;-6,06699038
-7,37499950;-7,46647358
-7,36999950;-8,39997482
-7,36499950;-7,93399334
-7,35999950;-9,80099583
-7,35499950;-9,80099583
-7,34999950;-9,80099583
-7,34499950;-10,73449707
-7,33999950;-9,33347607
-7,33499950;-10,26697731
-7,32999950;-10,73449707
-7,32499950;-10,26697731
-7,31999950;-10,73449707
-7,31499950;-9,80099583
-7,30999950;-9,80099583
-7,30499950;-10,26697731
-7,29999950;-9,80099583
-7,29499950;-8,86749458
-7,28999950;-9,33347607
-7,28499950;-8,86749458
-7,27999950;-9,33347607
-7,27499950;-8,86749458
-7,26999950;-8,86749458
-7,26499950;-9,33347607
-7,25999950;-9,33347607
-7,25499950;-9,33347607
-7,24999950;-9,33347607
-7,24499950;-10,73449707
-7,23999950;-11,20047951
-7,23499950;-12,60150051
-7,22999950;-12,13398075
-7,22499950;-13,06748199
-7,21999950;-14,00098324
-7,21499950;-14,93448448
-7,20999950;-14,46850300
-7,20499950;-14,46850300
-7,19999950;-14,46850300
-7,19499950;-15,86798668
-7,18999950;-15,40046692
-7,18499950;-14,93448448
-7,17999950;-14,93448448
-7,17499950;-15,86798668
-7,16999950;-14,93448448
-7,16499950;-14,93448448
-7,15999950;-14,00098324
-7,15499950;-14,00098324
-7,14999950;-13,53500175
-7,14499950;-13,06748199
-7,13999950;-14,46850300
-7,13499950;-14,46850300
-7,12999950;-14,46850300
-7,12499950;-14,93448448
-7,11999950;-12,60150051
-7,11499950;-14,00098324
-7,10999950;-15,40046692
-7,10499950;-16,80148888
-7,09999950;-16,33396912
-7,09499950;-16,33396912
-7,08999950;-16,33396912
-7,08499950;-16,80148888
-7,07999950;-17,26746941
-7,07499950;-17,73498917
-7,06999950;-17,26746941
-7,06499951;-19,60199165
-7,05999951;-17,26746941
-7,05499951;-18,20096970
-7,04999951;-17,73498917
-7,04499951;-18,66848946
-7,03999951;-19,13447189
-7,03499951;-17,73498917
-7,02999951;-17,73498917
-7,02499951;-17,73498917
-7,01999951;-17,73498917
-7,01499951;-17,26746941
-7,00999951;-16,33396912
-7,00499951;-15,40046692
-6,99999951;-14,46850300
-6,99499951;-13,53500175
-6,98999951;-13,06748199
-6,98499951;-12,60150051
-6,97999951;-11,20047951
-6,97499951;-9,80099583
-6,96999951;-9,80099583
-6,96499951;-8,86749458
-6,95999951;-8,86749458
-6,95499951;-8,39997482
-6,94999951;-9,33347607
-6,94499951;-7,93399334
-6,93999951;-8,86749458
-6,93499951;-9,33347607
-6,92999951;-9,80099583
-6,92499951;-11,66799831
-6,91999951;-11,66799831
-6,91499951;-11,66799831
-6,90999951;-13,06748199
-6,90499951;-11,20047951
-6,89999951;-14,00098324
-6,89499951;-14,00098324
-6,88999951;-14,93448448
-6,88499951;-14,46850300
-6,87999951;-14,46850300
-6,87499951;-13,53500175
-6,86999951;-13,53500175
-6,86499951;-12,60150051
-6,85999951;-14,00098324
-6,85499951;-13,53500175
-6,84999951;-13,06748199
-6,84499951;-13,06748199
-6,83999951;-13,06748199
-6,83499951;-12,13398075
-6,82999951;-11,66799831
-6,82499951;-11,66799831
-6,81999951;-12,13398075
-6,81499951;-11,66799831
-6,80999951;-10,26697731
-6,80499951;-10,73449707
-6,79999951;-10,73449707
-6,79499951;-11,66799831
-6,78999951;-10,73449707
-6,78499951;-11,20047951
-6,77999951;-11,66799831
-6,77499951;-10,73449707
-6,76999951;-5,13348866
-6,76499951;-12,13398075
-6,75999951;-11,66799831
-6,75499951;-12,13398075
-6,74999951;-12,13398075
-6,74499951;-12,13398075
-6,73999951;-11,66799831
-6,73499951;-11,20047951
-6,72999951;-11,20047951
-6,72499951;-10,73449707
-6,71999951;-9,80099583
-6,71499951;-10,26697731
-6,70999951;-9,33347607
-6,70499951;-7,93399334
-6,69999951;-8,39997482
-6,69499951;-7,46647358
-6,68999951;-7,46647358
-6,68499951;-7,46647358
-6,67999951;-8,39997482
-6,67499951;-7,00049162
-6,66999951;-7,46647358
-6,66499952;-9,33347607
-6,65999952;-6,53297186
-6,65499952;-10,26697731
-6,64999952;-9,33347607
-6,64499952;-10,73449707
-6,63999952;-10,73449707
-6,63499952;-11,66799831
-6,62999952;-11,20047951
-6,62499952;-11,66799831
-6,61999952;-12,13398075
-6,61499952;-12,60150051
-6,60999952;-12,60150051
-6,60499952;-13,06748199
-6,59999952;-21,00147629
-6,59499952;-12,13398075
-6,58999952;-12,13398075
-6,58499952;-13,53500175
-6,57999952;-12,60150051
-6,57499952;-12,13398075
-6,56999952;-12,60150051
-6,56499952;-12,13398075
-6,55999952;-11,66799831
-6,55499952;-11,20047951
-6,54999952;-10,26697731
-6,54499952;-10,73449707
-6,53999952;-11,20047951
-6,53499952;-10,73449707
-6,52999952;-11,20047951
-6,52499952;-10,73449707
-6,51999952;-10,26697731
-6,51499952;-10,26697731
-6,50999952;-10,73449707
-6,50499952;-10,73449707
-6,49999952;-10,26697731
-6,49499952;-9,80099583
-6,48999952;-10,73449707
-6,48499952;-9,33347607
-6,47999952;-9,80099583
-6,47499952;-10,26697731
-6,46999952;-11,20047951
-6,46499952;-11,66799831
-6,45999952;-11,66799831
-6,45499952;-11,66799831
-6,44999952;-9,80099583
-6,44499952;-11,20047951
-6,43999952;-12,13398075
-6,43499952;-12,60150051
-6,42999952;-12,60150051
-6,42499952;-11,66799831
-6,41999952;-12,60150051
-6,41499952;-11,20047951
-6,40999952;-12,60150051
-6,40499952;-12,60150051
-6,39999952;-11,66799831
-6,39499952;-11,66799831
-6,38999952;-11,20047951
-6,38499952;-12,60150051
-6,37999952;-10,26697731
-6,37499952;-11,20047951
-6,36999952;-11,20047951
-6,36499952;-10,73449707
-6,35999952;-11,20047951
-6,35499952;-11,66799831
-6,34999952;-12,13398075
-6,34499952;-11,66799831
-6,33999952;-11,20047951
-6,33499952;-11,20047951
-6,32999952;-10,73449707
-6,32499952;-11,20047951
-6,31999952;-11,20047951
-6,31499952;-12,13398075
-6,30999952;-11,66799831
-6,30499952;-12,13398075
-6,29999952;-12,60150051
-6,29499952;-11,66799831
-6,28999952;-12,13398075
-6,28499952;-12,13398075
-6,27999952;-12,13398075
-6,27499952;-12,13398075
-6,26999953;-12,60150051
-6,26499953;-12,13398075
-6,25999953;-12,60150051
-6,25499953;-12,60150051
-6,24999953;-11,66799831
-6,24499953;-11,66799831
-6,23999953;-11,20047951
-6,23499953;-11,20047951
-6,22999953;-12,13398075
-6,22499953;-11,66799831
-6,21999953;-11,66799831
-6,21499953;-12,13398075
-6,20999953;-11,66799831
-6,20499953;-11,66799831
-6,19999953;-10,73449707
-6,19499953;-11,20047951
-6,18999953;-11,66799831
-6,18499953;-12,13398075
-6,17999953;-12,13398075
-6,17499953;-12,60150051
-6,16999953;-12,13398075
-6,16499953;-13,06748199
-6,15999953;-12,13398075
-6,15499953;-13,06748199
-6,14999953;-14,00098324
-6,14499953;-14,00098324
-6,13999953;-14,46850300
-6,13499953;-14,46850300
-6,12999953;-14,93448448
-6,12499953;-14,46850300
-6,11999953;-14,00098324
-6,11499953;-13,53500175
-6,10999953;-13,53500175
-6,10499953;-13,06748199
-6,09999953;-13,53500175
-6,09499953;-14,00098324
-6,08999953;-13,53500175
-6,08499953;-14,00098324
-6,07999953;-13,53500175
-6,07499953;-14,00098324
-6,06999953;-14,46850300
-6,06499953;-14,00098324
-6,05999953;-14,46850300
-6,05499953;-14,46850300
-6,04999953;-14,46850300
-6,04499953;-13,53500175
-6,03999953;-14,93448448
-6,03499953;-13,53500175
-6,02999953;-13,53500175
-6,02499953;-14,00098324
-6,01999953;-15,40046692
-6,01499953;-13,53500175
-6,00999953;-14,00098324
-6,00499953;-14,46850300
-5,99999953;-14,46850300
-5,99499953;-14,46850300
-5,98999953;-14,46850300
-5,98499953;-14,00098324
-5,97999953;-14,46850300
-5,97499953;-14,46850300
-5,96999953;-13,53500175
-5,96499953;-14,93448448
-5,95999953;-14,93448448
-5,95499953;-15,40046692
-5,94999953;-14,93448448
-5,94499953;-14,46850300
-5,93999953;-15,86798668
-5,93499953;-15,40046692
-5,92999953;-16,33396912
-5,92499953;-15,86798668
-5,91999953;-17,26746941
-5,91499953;-17,73498917
-5,90999953;-18,20096970
-5,90499953;-18,66848946
-5,89999953;-18,66848946
-5,89499953;-19,13447189
-5,88999953;-19,13447189
-5,88499953;-20,06797409
-5,87999953;-20,06797409
-5,87499954;-19,60199165
-5,86999954;-20,06797409
-5,86499954;-18,66848946
-5,85999954;-17,73498917
-5,85499954;-15,86798668
-5,84999954;-14,00098324
-5,84499954;-13,06748199
-5,83999954;-12,13398075
-5,83499954;-11,20047951
-5,82999954;-11,66799831
-5,82499954;-9,80099583
-5,81999954;-9,80099583
-5,81499954;-10,26697731
-5,80999954;-10,73449707
-5,80499954;-11,20047951
-5,79999954;-12,13398075
-5,79499954;-12,13398075
-5,78999954;-13,53500175
-5,78499954;-14,00098324
-5,77999954;-14,00098324
-5,77499954;-14,00098324
-5,76999954;-15,40046692
-5,76499954;-14,00098324
-5,75999954;-13,53500175
-5,75499954;-14,00098324
-5,74999954;-13,06748199
-5,74499954;-13,53500175
-5,73999954;-12,60150051
-5,73499954;-12,13398075
-5,72999954;-11,66799831
-5,72499954;-12,13398075
-5,71999954;-11,66799831
-5,71499954;-11,66799831
-5,70999954;-11,66799831
-5,70499954;-11,20047951
-5,69999954;-11,66799831
-5,69499954;-10,73449707
-5,68999954;-11,20047951
-5,68499954;-11,20047951
-5,67999954;1,86546493
-5,67499954;-9,80099583
-5,66999954;-10,26697731
-5,66499954;-10,73449707
-5,65999954;-9,80099583
-5,65499954;-9,33347607
-5,64999954;-9,80099583
-5,64499954;-9,80099583
-5,63999954;-9,80099583
-5,63499954;-9,80099583
-5,62999954;-10,26697731
-5,62499954;-10,73449707
-5,61999954;-10,73449707
-5,61499954;-10,26697731
-5,60999954;-11,20047951
-5,60499954;-11,66799831
-5,59999954;-12,13398075
-5,59499954;-11,20047951
-5,58999954;-10,73449707
-5,58499954;-11,20047951
-5,57999954;-9,80099583
-5,57499954;-9,33347607
-5,56999954;-8,86749458
-5,56499954;-7,93399334
-5,55999954;-8,39997482
-5,55499954;-7,93399334
-5,54999954;-6,53297186
-5,54499954;-6,06699038
-5,53999954;-6,53297186
-5,53499954;-6,53297186
-5,52999954;-6,06699038
-5,52499954;-5,13348866
-5,51999954;-5,59947062
-5,51499954;-5,59947062
-5,50999954;-5,59947062
-5,50499954;-6,06699038
-5,49999954;-6,53297186
-5,49499954;-6,06699038
-5,48999954;-6,06699038
-5,48499954;-6,06699038
-5,47999955;-6,53297186
-5,47499955;-6,53297186
-5,46999955;-6,06699038
-5,46499955;-7,93399334
-5,45999955;-6,53297186
-5,45499955;-6,06699038
-5,44999955;-6,06699038
-5,44499955;-6,06699038
-5,43999955;-6,53297186
-5,43499955;-6,06699038
-5,42999955;-6,06699038
-5,42499955;-6,53297186
-5,41999955;-7,00049162
-5,41499955;-6,06699038
-5,40999955;-6,53297186
-5,40499955;-5,59947062
-5,39999955;-5,13348866
-5,39499955;-6,06699038
-5,38999955;-5,13348866
-5,38499955;-4,66596889
-5,37999955;-4,66596889
-5,37499955;-5,13348866
-5,36999955;-4,19998741
-5,36499955;-3,73246789
-5,35999955;-4,19998741
-5,35499955;-4,19998741
-5,34999955;-5,59947062
-5,34499955;-6,06699038
-5,33999955;-6,06699038
-5,33499955;-7,00049162
-5,32999955;-7,93399334
-5,32499955;-8,39997482
-5,31999955;-9,80099583
-5,31499955;-9,80099583
-5,30999955;-9,33347607
-5,30499955;-9,33347607
-5,29999955;-10,73449707
-5,29499955;-9,33347607
-5,28999955;-8,86749458
-5,28499955;-10,26697731
-5,27999955;-9,80099583
-5,27499955;-10,26697731
-5,26999955;-10,26697731
-5,26499955;-10,73449707
-5,25999955;-10,73449707
-5,25499955;-11,20047951
-5,24999955;-12,13398075
-5,24499955;-11,66799831
-5,23999955;-11,20047951
-5,23499955;-11,66799831
-5,22999955;-13,06748199
-5,22499955;-12,60150051
-5,21999955;-13,53500175
-5,21499955;-14,93448448
-5,20999955;-14,46850300
-5,20499955;-15,40046692
-5,19999955;-14,00098324
-5,19499955;-14,93448448
-5,18999955;-14,46850300
-5,18499955;-14,93448448
-5,17999955;-14,00098324
-5,17499955;-14,00098324
-5,16999955;-14,00098324
-5,16499955;-14,00098324
-5,15999955;-13,53500175
-5,15499955;-16,80148888
-5,14999955;-14,93448448
-5,14499955;-14,93448448
-5,13999955;-15,40046692
-5,13499955;-15,40046692
-5,12999955;-16,80148888
-5,12499955;-14,93448448
-5,11999955;-14,46850300
-5,11499955;-13,53500175
-5,10999955;-13,53500175
-5,10499955;-12,13398075
-5,09999955;-12,60150051
-5,09499955;-11,66799831
-5,08999955;-9,33347607
-5,08499956;-9,33347607
-5,07999956;-7,46647358
-5,07499956;-5,59947062
-5,06999956;-4,66596889
-5,06499956;-1,86546493
-5,05999956;-1,86546493
-5,05499956;-2,33298445
-5,04999956;-1,86546493
-5,04499956;-1,86546493
-5,03999956;-2,79896641
-5,03499956;-2,33298445
-5,02999956;-2,33298445
-5,02499956;-4,66596889
-5,01999956;-3,73246789
-5,01499956;-5,59947062
-5,00999956;-5,13348866
-5,00499956;-6,06699038
-4,99999956;-6,53297186
-4,99499956;-6,06699038
-4,98999956;-6,53297186
-4,98499956;-6,53297186
-4,97999956;-6,06699038
-4,97499956;-6,06699038
-4,96999956;-5,13348866
-4,96499956;-4,66596889
-4,95999956;-4,66596889
-4,95499956;-4,19998741
-4,94999956;-4,19998741
-4,94499956;-2,33298445
-4,93999956;-4,19998741
-4,93499956;-2,33298445
-4,92999956;-2,79896641
-4,92499956;-1,86546493
-4,91999956;-2,79896641
-4,91499956;-2,79896641
-4,90999956;-1,86546493
-4,90499956;-1,86546493
-4,89999956;-1,86546493
-4,89499956;-1,39948320
-4,88999956;-1,86546493
-4,88499956;0,00000000
-4,87999956;-1,39948320
-4,87499956;-1,86546493
-4,86999956;-1,39948320
-4,86499956;-0,93196350
-4,85999956;-1,86546493
-4,85499956;-0,46598175
-4,84999956;0,00000000
-4,84499956;-0,93196350
-4,83999956;-1,39948320
-4,83499956;-0,93196350
-4,82999956;-0,93196350
-4,82499956;-0,93196350
-4,81999956;-0,93196350
-4,81499956;-0,46598175
-4,80999956;0,00000000
-4,80499956;0,93196350
-4,79999956;0,46598175
-4,79499956;0,93196350
-4,78999956;1,86546493
-4,78499956;1,86546493
-4,77999956;2,33298445
-4,77499956;2,79896641
-4,76999956;2,79896641
-4,76499956;2,33298445
-4,75999956;2,79896641
-4,75499956;2,33298445
-4,74999956;0,46598175
-4,74499956;1,39948320
-4,73999956;1,39948320
-4,73499956;1,39948320
-4,72999956;0,46598175
-4,72499956;-0,46598175
-4,71999956;0,46598175
-4,71499956;-0,93196350
-4,70999956;-0,46598175
-4,70499956;-0,46598175
-4,69999956;-0,93196350
-4,69499956;-2,33298445
-4,68999957;-1,39948320
-4,68499957;-1,39948320
-4,67999957;-1,86546493
-4,67499957;-1,86546493
-4,66999957;-2,33298445
-4,66499957;-1,39948320
-4,65999957;-1,86546493
-4,65499957;-1,39948320
-4,64999957;-0,46598175
-4,64499957;-1,39948320
-4,63999957;-0,46598175
-4,63499957;-0,93196350
-4,62999957;0,00000000
-4,62499957;-0,93196350
-4,61999957;-0,46598175
-4,61499957;-2,33298445
-4,60999957;-1,39948320
-4,60499957;0,00000000
-4,59999957;0,00000000
-4,59499957;0,00000000
-4,58999957;0,00000000
-4,58499957;0,00000000
-4,57999957;-0,46598175
-4,57499957;0,00000000
-4,56999957;0,00000000
-4,56499957;0,00000000
-4,55999957;-0,46598175
-4,55499957;-0,93196350
-4,54999957;-0,93196350
-4,54499957;-0,93196350
-4,53999957;-0,46598175
-4,53499957;-1,86546493
-4,52999957;-1,86546493
-4,52499957;-1,39948320
-4,51999957;-1,39948320
-4,51499957;-0,93196350
-4,50999957;-1,86546493
-4,50499957;-0,93196350
-4,49999957;-0,46598175
-4,49499957;0,46598175
-4,48999957;-0,46598175
-4,48499957;0,00000000
-4,47999957;0,93196350
-4,47499957;0,00000000
-4,46999957;0,46598175
-4,46499957;0,00000000
-4,45999957;0,93196350
-4,45499957;0,93196350
-4,44999957;0,46598175
-4,44499957;1,86546493
-4,43999957;2,33298445
-4,43499957;2,33298445
-4,42999957;1,86546493
-4,42499957;3,26648593
-4,41999957;2,79896641
-4,41499957;2,79896641
-4,40999957;2,79896641
-4,40499957;2,79896641
-4,39999957;3,73246789
-4,39499957;3,26648593
-4,38999957;3,73246789
-4,38499957;2,79896641
-4,37999957;3,73246789
-4,37499957;7,93399334
-4,36999957;2,79896641
-4,36499957;3,26648593
-4,35999957;3,26648593
-4,35499957;2,79896641
-4,34999957;3,73246789
-4,34499957;3,26648593
-4,33999957;4,19998741
-4,33499957;4,66596889
-4,32999957;4,19998741
-4,32499957;4,19998741
-4,31999957;4,19998741
-4,31499957;4,66596889
-4,30999957;4,19998741
-4,30499957;3,73246789
-4,29999957;4,66596889
-4,29499957;5,13348866
-4,28999958;4,66596889
-4,28499958;4,19998741
-4,27999958;3,26648593
-4,27499958;3,73246789
-4,26999958;2,79896641
-4,26499958;2,79896641
-4,25999958;2,33298445
-4,25499958;1,86546493
-4,24999958;1,86546493
-4,24499958;2,33298445
-4,23999958;0,46598175
-4,23499958;0,46598175
-4,22999958;0,93196350
-4,22499958;0,93196350
-4,21999958;0,93196350
-4,21499958;0,46598175
-4,20999958;0,93196350
-4,20499958;-0,46598175
-4,19999958;0,00000000
-4,19499958;0,93196350
-4,18999958;0,93196350
-4,18499958;1,86546493
-4,17999958;0,93196350
-4,17499958;0,93196350
-4,16999958;0,46598175
-4,16499958;0,93196350
-4,15999958;0,93196350
-4,15499958;0,93196350
-4,14999958;0,93196350
-4,14499958;0,93196350
-4,13999958;0,93196350
-4,13499958;1,39948320
-4,12999958;0,93196350
-4,12499958;-0,46598175
-4,11999958;0,46598175
-4,11499958;0,93196350
-4,10999958;0,46598175
-4,10499958;0,46598175
-4,09999958;-0,46598175
-4,09499958;-0,93196350
-4,08999958;0,46598175
-4,08499958;0,00000000
-4,07999958;0,46598175
-4,07499958;-0,93196350
-4,06999958;-0,46598175
-4,06499958;-1,39948320
-4,05999958;-1,39948320
-4,05499958;-0,46598175
-4,04999958;-2,33298445
-4,04499958;-1,86546493
-4,03999958;-1,39948320
-4,03499958;-2,33298445
-4,02999958;-2,79896641
-4,02499958;-2,79896641
-4,01999958;-2,79896641
-4,01499958;-3,73246789
-4,00999958;-3,26648593
-4,00499958;-3,26648593
-3,99999958;-3,73246789
-3,99499958;-3,73246789
-3,98999958;-4,66596889
-3,98499958;-4,19998741
-3,97999958;-4,66596889
-3,97499958;-4,66596889
-3,96999958;-4,19998741
-3,96499958;-4,19998741
-3,95999958;-3,26648593
-3,95499958;-2,79896641
-3,94999958;-1,39948320
-3,94499958;-0,46598175
-3,93999958;0,93196350
-3,93499958;1,39948320
-3,92999958;2,79896641
-3,92499958;4,19998741
-3,91999958;3,26648593
-3,91499958;4,66596889
-3,90999958;4,19998741
-3,90499958;3,73246789
-3,89999958;3,73246789
-3,89499959;3,73246789
-3,88999959;3,26648593
-3,88499959;3,26648593
-3,87999959;1,39948320
-3,87499959;1,86546493
-3,86999959;2,79896641
-3,86499959;2,33298445
-3,85999959;2,33298445
-3,85499959;3,26648593
-3,84999959;1,86546493
-3,84499959;3,73246789
-3,83999959;4,19998741
-3,83499959;4,19998741
-3,82999959;4,66596889
-3,82499959;4,66596889
-3,81999959;4,66596889
-3,81499959;4,19998741
-3,80999959;5,13348866
-3,80499959;6,06699038
-3,79999959;5,59947062
-3,79499959;5,13348866
-3,78999959;5,59947062
-3,78499959;6,06699038
-3,77999959;5,59947062
-3,77499959;6,53297186
-3,76999959;5,59947062
-3,76499959;6,06699038
-3,75999959;6,53297186
-3,75499959;6,53297186
-3,74999959;6,06699038
-3,74499959;6,53297186
-3,73999959;6,06699038
-3,73499959;6,06699038
-3,72999959;4,66596889
-3,72499959;5,13348866
-3,71999959;4,19998741
-3,71499959;3,26648593
-3,70999959;3,73246789
-3,70499959;2,79896641
-3,69999959;2,33298445
-3,69499959;2,79896641
-3,68999959;2,33298445
-3,68499959;2,33298445
-3,67999959;3,26648593
-3,67499959;4,19998741
-3,66999959;2,79896641
-3,66499959;4,66596889
-3,65999959;5,13348866
-3,65499959;5,13348866
-3,64999959;6,53297186
-3,64499959;6,06699038
-3,63999959;7,00049162
-3,63499959;6,53297186
-3,62999959;7,46647358
-3,62499959;7,00049162
-3,61999959;7,46647358
-3,61499959;7,46647358
-3,60999959;6,06699038
-3,60499959;6,06699038
-3,59999959;6,06699038
-3,59499959;5,59947062
-3,58999959;6,06699038
-3,58499959;5,59947062
-3,57999959;5,59947062
-3,57499959;5,13348866
-3,56999959;4,19998741
-3,56499959;4,66596889
-3,55999959;4,66596889
-3,55499959;5,59947062
-3,54999959;5,13348866
-3,54499959;5,13348866
-3,53999959;5,59947062
-3,53499959;5,59947062
-3,52999959;5,59947062
-3,52499959;4,66596889
-3,51999959;5,13348866
-3,51499959;4,19998741
-3,50999959;6,06699038
-3,50499959;5,13348866
-3,49999960;4,66596889
-3,49499960;4,66596889
-3,48999960;5,13348866
-3,48499960;4,66596889
-3,47999960;4,66596889
-3,47499960;5,13348866
-3,46999960;4,66596889
-3,46499960;5,59947062
-3,45999960;5,13348866
-3,45499960;6,06699038
-3,44999960;5,59947062
-3,44499960;4,19998741
-3,43999960;6,06699038
-3,43499960;4,19998741
-3,42999960;4,19998741
-3,42499960;4,19998741
-3,41999960;3,73246789
-3,41499960;3,26648593
-3,40999960;2,33298445
-3,40499960;1,86546493
-3,39999960;1,86546493
-3,39499960;1,86546493
-3,38999960;1,39948320
-3,38499960;1,39948320
-3,37999960;1,39948320
-3,37499960;0,93196350
-3,36999960;1,86546493
-3,36499960;1,39948320
-3,35999960;0,46598175
-3,35499960;1,39948320
-3,34999960;1,86546493
-3,34499960;1,86546493
-3,33999960;1,39948320
-3,33499960;1,86546493
-3,32999960;1,39948320
-3,32499960;0,93196350
-3,31999960;0,93196350
-3,31499960;0,46598175
-3,30999960;0,00000000
-3,30499960;0,46598175
-3,29999960;-0,46598175
-3,29499960;-0,93196350
-3,28999960;0,00000000
-3,28499960;-0,93196350
-3,27999960;-1,39948320
-3,27499960;-0,93196350
-3,26999960;-1,86546493
-3,26499960;-1,86546493
-3,25999960;-1,39948320
-3,25499960;-1,39948320
-3,24999960;-2,79896641
-3,24499960;-1,39948320
-3,23999960;-1,86546493
-3,23499960;-1,39948320
-3,22999960;-1,86546493
-3,22499960;-1,86546493
-3,21999960;-1,39948320
-3,21499960;-1,86546493
-3,20999960;-0,93196350
-3,20499960;-0,93196350
-3,19999960;0,93196350
-3,19499960;0,00000000
-3,18999960;0,93196350
-3,18499960;1,86546493
-3,17999960;2,33298445
-3,17499960;4,66596889
-3,16999960;4,66596889
-3,16499960;7,00049162
-3,15999960;7,46647358
-3,15499960;6,53297186
-3,14999960;7,46647358
-3,14499960;7,93399334
-3,13999960;7,46647358
-3,13499960;7,46647358
-3,12999960;10,26697731
-3,12499960;6,06699038
-3,11999960;6,06699038
-3,11499960;5,13348866
-3,10999960;4,66596889
-3,10499961;5,13348866
-3,09999961;4,19998741
-3,09499961;3,73246789
-3,08999961;2,79896641
-3,08499961;2,79896641
-3,07999961;3,26648593
-3,07499961;2,79896641
-3,06999961;3,73246789
-3,06499961;2,79896641
-3,05999961;3,73246789
-3,05499961;2,79896641
-3,04999961;2,33298445
-3,04499961;3,26648593
-3,03999961;3,73246789
-3,03499961;4,66596889
-3,02999961;3,73246789
-3,02499961;3,73246789
-3,01999961;3,73246789
-3,01499961;4,19998741
-3,00999961;3,73246789
-3,00499961;4,19998741
-2,99999961;5,13348866
-2,99499961;5,13348866
-2,98999961;5,13348866
-2,98499961;5,59947062
-2,97999961;5,13348866
-2,97499961;5,59947062
-2,96999961;4,66596889
-2,96499961;5,59947062
-2,95999961;5,13348866
-2,95499961;4,66596889
-2,94999961;5,59947062
-2,94499961;4,66596889
-2,93999961;5,59947062
-2,93499961;4,19998741
-2,92999961;5,59947062
-2,92499961;4,66596889
-2,91999961;4,19998741
-2,91499961;5,13348866
-2,90999961;6,53297186
-2,90499961;6,53297186
-2,89999961;6,06699038
-2,89499961;6,53297186
-2,88999961;7,46647358
-2,88499961;7,46647358
-2,87999961;7,93399334
-2,87499961;9,33347607
-2,86999961;8,86749458
-2,86499961;9,33347607
-2,85999961;10,26697731
-2,85499961;9,80099583
-2,84999961;9,33347607
-2,84499961;8,86749458
-2,83999961;8,86749458
-2,83499961;9,33347607
-2,82999961;8,39997482
-2,82499961;7,93399334
-2,81999961;7,46647358
-2,81499961;7,46647358
-2,80999961;7,00049162
-2,80499961;7,00049162
-2,79999961;6,53297186
-2,79499961;7,00049162
-2,78999961;7,00049162
-2,78499961;6,53297186
-2,77999961;6,53297186
-2,77499961;6,53297186
-2,76999961;6,06699038
-2,76499961;7,00049162
-2,75999961;7,00049162
-2,75499961;7,00049162
-2,74999961;6,06699038
-2,74499961;6,06699038
-2,73999961;7,46647358
-2,73499961;7,46647358
-2,72999961;7,93399334
-2,72499961;7,46647358
-2,71999961;7,46647358
-2,71499961;7,93399334
-2,70999962;7,46647358
-2,70499962;7,00049162
-2,69999962;7,46647358
-2,69499962;7,00049162
-2,68999962;6,53297186
-2,68499962;6,53297186
-2,67999962;6,06699038
-2,67499962;6,53297186
-2,66999962;6,06699038
-2,66499962;5,59947062
-2,65999962;6,06699038
-2,65499962;6,06699038
-2,64999962;6,06699038
-2,64499962;5,13348866
-2,63999962;5,59947062
-2,63499962;4,66596889
-2,62999962;5,13348866
-2,62499962;5,59947062
-2,61999962;4,66596889
-2,61499962;5,13348866
-2,60999962;5,59947062
-2,60499962;6,06699038
-2,59999962;5,59947062
-2,59499962;6,06699038
-2,58999962;5,59947062
-2,58499962;5,59947062
-2,57999962;6,06699038
-2,57499962;7,00049162
-2,56999962;6,53297186
-2,56499962;7,46647358
-2,55999962;7,46647358
-2,55499962;7,93399334
-2,54999962;7,93399334
-2,54499962;7,46647358
-2,53999962;7,93399334
-2,53499962;8,39997482
-2,52999962;8,86749458
-2,52499962;8,86749458
-2,51999962;8,39997482
-2,51499962;9,33347607
-2,50999962;8,86749458
-2,50499962;9,80099583
-2,49999962;9,80099583
-2,49499962;9,80099583
-2,48999962;9,80099583
-2,48499962;9,80099583
-2,47999962;9,80099583
-2,47499962;10,26697731
-2,46999962;9,80099583
-2,46499962;10,26697731
-2,45999962;10,26697731
-2,45499962;11,20047951
-2,44999962;10,26697731
-2,44499962;8,86749458
-2,43999962;18,66848946
-2,43499962;9,33347607
-2,42999962;10,26697731
-2,42499962;9,80099583
-2,41999962;10,73449707
-2,41499962;9,80099583
-2,40999962;10,26697731
-2,40499962;9,33347607
-2,39999962;8,86749458
-2,39499962;8,86749458
-2,38999962;8,39997482
-2,38499962;9,33347607
-2,37999962;8,39997482
-2,37499962;7,93399334
-2,36999962;7,46647358
-2,36499962;7,46647358
-2,35999962;7,00049162
-2,35499962;7,46647358
-2,34999962;6,53297186
-2,34499962;6,06699038
-2,33999962;5,59947062
-2,33499962;5,13348866
-2,32999962;5,13348866
-2,32499962;2,33298445
-2,31999962;5,13348866
-2,31499963;4,66596889
-2,30999963;5,13348866
-2,30499963;5,13348866
-2,29999963;5,13348866
-2,29499963;4,66596889
-2,28999963;5,13348866
-2,28499963;5,13348866
-2,27999963;4,66596889
-2,27499963;5,13348866
-2,26999963;5,13348866
-2,26499963;4,66596889
-2,25999963;4,66596889
-2,25499963;4,19998741
-2,24999963;3,26648593
-2,24499963;3,73246789
-2,23999963;4,66596889
-2,23499963;2,33298445
-2,22999963;3,26648593
-2,22499963;3,73246789
-2,21999963;3,73246789
-2,21499963;4,66596889
-2,20999963;3,73246789
-2,20499963;4,66596889
-2,19999963;4,19998741
-2,19499963;4,66596889
-2,18999963;4,66596889
-2,18499963;4,19998741
-2,17999963;4,66596889
-2,17499963;3,73246789
-2,16999963;3,73246789
-2,16499963;3,73246789
-2,15999963;2,79896641
-2,15499963;3,73246789
-2,14999963;3,73246789
-2,14499963;2,33298445
-2,13999963;2,79896641
-2,13499963;2,33298445
-2,12999963;2,79896641
-2,12499963;0,93196350
-2,11999963;1,86546493
-2,11499963;0,93196350
-2,10999963;0,93196350
-2,10499963;0,00000000
-2,09999963;-0,93196350
-2,09499963;-1,86546493
-2,08999963;-1,39948320
-2,08499963;-1,86546493
-2,07999963;-1,86546493
-2,07499963;-2,33298445
-2,06999963;-2,33298445
-2,06499963;-1,86546493
-2,05999963;-1,39948320
-2,05499963;-0,46598175
-2,04999963;0,00000000
-2,04499963;0,93196350
-2,03999963;1,39948320
-2,03499963;2,79896641
-2,02999963;3,26648593
-2,02499963;18,66848946
-2,01999963;5,59947062
-2,01499963;6,06699038
-2,00999963;6,06699038
-2,00499963;5,59947062
-1,99999963;5,13348866
-1,99499963;5,59947062
-1,98999963;4,66596889
-1,98499963;4,66596889
-1,97999963;3,73246789
-1,97499963;3,26648593
-1,96999963;3,26648593
-1,96499963;3,26648593
-1,95999963;3,26648593
-1,95499963;3,26648593
-1,94999963;2,79896641
-1,94499963;3,26648593
-1,93999963;4,19998741
-1,93499963;4,19998741
-1,92999963;4,66596889
-1,92499963;5,13348866
-1,91999963;5,13348866
-1,91499964;5,13348866
-1,90999964;5,13348866
-1,90499964;4,66596889
-1,89999964;5,13348866
-1,89499964;4,66596889
-1,88999964;5,13348866
-1,88499964;5,59947062
-1,87999964;5,13348866
-1,87499964;5,59947062
-1,86999964;6,06699038
-1,86499964;6,53297186
-1,85999964;7,00049162
-1,85499964;7,46647358
-1,84999964;8,39997482
-1,84499964;7,93399334
-1,83999964;8,39997482
-1,83499964;7,00049162
-1,82999964;8,39997482
-1,82499964;8,86749458
-1,81999964;7,00049162
-1,81499964;7,93399334
-1,80999964;8,39997482
-1,80499964;7,46647358
-1,79999964;7,46647358
-1,79499964;7,46647358
-1,78999964;7,46647358
-1,78499964;7,46647358
-1,77999964;7,00049162
-1,77499964;7,46647358
-1,76999964;7,46647358
-1,76499964;7,46647358
-1,75999964;8,86749458
-1,75499964;8,86749458
-1,74999964;7,93399334
-1,74499964;9,80099583
-1,73999964;10,26697731
-1,73499964;10,26697731
-1,72999964;10,73449707
-1,72499964;11,20047951
-1,71999964;10,73449707
-1,71499964;10,73449707
-1,70999964;10,73449707
-1,70499964;10,73449707
-1,69999964;10,73449707
-1,69499964;9,80099583
-1,68999964;10,73449707
-1,68499964;10,26697731
-1,67999964;10,26697731
-1,67499964;9,33347607
-1,66999964;9,33347607
-1,66499964;8,86749458
-1,65999964;8,39997482
-1,65499964;7,93399334
-1,64999964;7,00049162
-1,64499964;7,46647358
-1,63999964;7,46647358
-1,63499964;8,86749458
-1,62999964;7,00049162
-1,62499964;6,06699038
-1,61999964;5,59947062
-1,61499964;7,00049162
-1,60999964;6,06699038
-1,60499964;7,00049162
-1,59999964;6,06699038
-1,59499964;6,06699038
-1,58999964;6,06699038
-1,58499964;5,59947062
-1,57999964;6,06699038
-1,57499964;6,06699038
-1,56999964;6,06699038
-1,56499964;7,00049162
-1,55999964;6,53297186
-1,55499964;5,59947062
-1,54999964;6,53297186
-1,54499964;5,59947062
-1,53999964;6,06699038
-1,53499964;5,13348866
-1,52999964;5,13348866
-1,52499964;4,19998741
-1,51999965;4,19998741
-1,51499965;4,19998741
-1,50999965;3,26648593
-1,50499965;2,33298445
-1,49999965;2,33298445
-1,49499965;1,86546493
-1,48999965;1,86546493
-1,48499965;1,39948320
-1,47999965;0,93196350
-1,47499965;0,00000000
-1,46999965;-0,46598175
-1,46499965;0,00000000
-1,45999965;0,00000000
-1,45499965;-0,46598175
-1,44999965;-0,93196350
-1,44499965;-1,39948320
-1,43999965;-1,39948320
-1,43499965;0,00000000
-1,42999965;-0,46598175
-1,42499965;-1,86546493
-1,41999965;0,46598175
-1,41499965;-2,79896641
-1,40999965;-1,39948320
-1,40499965;-2,79896641
-1,39999965;-2,79896641
-1,39499965;-1,86546493
-1,38999965;-2,33298445
-1,38499965;-1,86546493
-1,37999965;-1,86546493
-1,37499965;-2,33298445
-1,36999965;-1,39948320
-1,36499965;-0,93196350
-1,35999965;-1,39948320
-1,35499965;-1,86546493
-1,34999965;-0,46598175
-1,34499965;-1,86546493
-1,33999965;-1,39948320
-1,33499965;-0,93196350
-1,32999965;-2,79896641
-1,32499965;-3,26648593
-1,31999965;-2,79896641
-1,31499965;-2,33298445
-1,30999965;-2,33298445
-1,30499965;-20,06797409
-1,29999965;-1,39948320
-1,29499965;-0,93196350
-1,28999965;0,93196350
-1,28499965;1,39948320
-1,27999965;1,39948320
-1,27499965;3,26648593
-1,26999965;5,59947062
-1,26499965;6,06699038
-1,25999965;7,00049162
-1,25499965;7,46647358
-1,24999965;7,46647358
-1,24499965;7,93399334
-1,23999965;9,33347607
-1,23499965;8,86749458
-1,22999965;7,46647358
-1,22499965;7,46647358
-1,21999965;8,86749458
-1,21499965;6,53297186
-1,20999965;5,59947062
-1,20499965;5,59947062
-1,19999965;5,13348866
-1,19499965;4,19998741
-1,18999965;5,13348866
-1,18499965;5,13348866
-1,17999965;4,19998741
-1,17499965;5,59947062
-1,16999965;4,19998741
-1,16499965;5,13348866
-1,15999965;4,66596889
-1,15499965;5,13348866
-1,14999965;4,66596889
-1,14499965;5,13348866
-1,13999965;5,13348866
-1,13499965;5,13348866
-1,12999965;4,19998741
-1,12499966;5,59947062
-1,11999966;5,59947062
-1,11499966;6,06699038
-1,10999966;6,53297186
-1,10499966;6,53297186
-1,09999966;6,06699038
-1,09499966;6,53297186
-1,08999966;7,00049162
-1,08499966;7,00049162
-1,07999966;6,06699038
-1,07499966;7,00049162
-1,06999966;7,00049162
-1,06499966;7,00049162
-1,05999966;5,59947062
-1,05499966;7,46647358
-1,04999966;6,53297186
-1,04499966;6,53297186
-1,03999966;6,53297186
-1,03499966;6,53297186
-1,02999966;6,06699038
-1,02499966;6,53297186
-1,01999966;5,59947062
-1,01499966;6,06699038
-1,00999966;6,06699038
-1,00499966;7,00049162
-0,99999966;-10,26697731
-0,99499966;7,00049162
-0,98999966;8,39997482
-0,98499966;7,93399334
-0,97999966;7,93399334
-0,97499966;7,93399334
-0,96999966;8,86749458
-0,96499966;8,39997482
-0,95999966;8,39997482
-0,95499966;9,33347607
-0,94999966;9,33347607
-0,94499966;7,93399334
-0,93999966;8,86749458
-0,93499966;7,46647358
-0,92999966;7,46647358
-0,92499966;7,46647358
-0,91999966;7,93399334
-0,91499966;7,00049162
-0,90999966;7,00049162
-0,90499966;7,00049162
-0,89999966;7,93399334
-0,89499966;7,46647358
-0,88999966;7,93399334
-0,88499966;7,93399334
-0,87999966;7,46647358
-0,87499966;7,46647358
-0,86999966;7,93399334
-0,86499966;8,39997482
-0,85999966;7,93399334
-0,85499966;7,93399334
-0,84999966;7,93399334
-0,84499966;7,46647358
-0,83999966;8,39997482
-0,83499966;7,46647358
-0,82999966;7,93399334
-0,82499966;8,86749458
-0,81999966;8,86749458
-0,81499966;7,93399334
-0,80999966;7,46647358
-0,80499966;8,39997482
-0,79999966;7,46647358
-0,79499966;7,93399334
-0,78999966;7,93399334
-0,78499966;8,39997482
-0,77999966;8,39997482
-0,77499966;7,93399334
-0,76999966;7,93399334
-0,76499966;6,53297186
-0,75999966;7,00049162
-0,75499966;6,53297186
-0,74999966;5,59947062
-0,74499966;5,59947062
-0,73999966;4,66596889
-0,73499966;3,73246789
-0,72999967;3,73246789
-0,72499967;3,26648593
-0,71999967;3,73246789
-0,71499967;3,73246789
-0,70999967;3,73246789
-0,70499967;3,26648593
-0,69999967;3,73246789
-0,69499967;3,73246789
-0,68999967;3,26648593
-0,68499967;3,26648593
-0,67999967;4,19998741
-0,67499967;4,19998741
-0,66999967;4,66596889
-0,66499967;5,13348866
-0,65999967;8,39997482
-0,65499967;5,59947062
-0,64999967;5,13348866
-0,64499967;5,13348866
-0,63999967;4,19998741
-0,63499967;5,13348866
-0,62999967;5,59947062
-0,62499967;4,19998741
-0,61999967;4,66596889
-0,61499967;4,66596889
-0,60999967;4,66596889
-0,60499967;5,13348866
-0,59999967;5,13348866
-0,59499967;5,59947062
-0,58999967;6,06699038
-0,58499967;5,13348866
-0,57999967;5,59947062
-0,57499967;5,59947062
-0,56999967;6,06699038
-0,56499967;6,06699038
-0,55999967;6,53297186
-0,55499967;5,59947062
-0,54999967;5,59947062
-0,54499967;6,06699038
-0,53999967;6,06699038
-0,53499967;6,06699038
-0,52999967;6,06699038
-0,52499967;5,59947062
-0,51999967;6,06699038
-0,51499967;6,06699038
-0,50999967;6,06699038
-0,50499967;5,59947062
-0,49999967;7,00049162
-0,49499967;7,00049162
-0,48999967;7,46647358
-0,48499967;7,46647358
-0,47999967;7,46647358
-0,47499967;7,46647358
-0,46999967;7,00049162
-0,46499967;6,53297186
-0,45999967;6,53297186
-0,45499967;6,06699038
-0,44999967;6,06699038
-0,44499967;6,06699038
-0,43999967;6,53297186
-0,43499967;6,06699038
-0,42999967;4,66596889
-0,42499967;5,59947062
-0,41999967;6,53297186
-0,41499967;5,59947062
-0,40999967;4,66596889
-0,40499967;4,19998741
-0,39999967;5,13348866
-0,39499967;5,13348866
-0,38999967;4,66596889
-0,38499967;5,59947062
-0,37999967;4,66596889
-0,37499967;4,66596889
-0,36999967;4,66596889
-0,36499967;4,66596889
-0,35999967;4,66596889
-0,35499967;7,00049162
-0,34999967;5,13348866
-0,34499967;4,19998741
-0,33999967;4,19998741
-0,33499968;3,73246789
-0,32999968;3,73246789
-0,32499968;3,26648593
-0,31999968;3,26648593
-0,31499968;2,79896641
-0,30999968;3,26648593
-0,30499968;3,73246789
-0,29999968;2,79896641
-0,29499968;2,33298445
-0,28999968;2,33298445
-0,28499968;2,33298445
-0,27999968;3,26648593
-0,27499968;1,86546493
-0,26999968;1,86546493
-0,26499968;0,46598175
-0,25999968;1,39948320
-0,25499968;0,93196350
-0,24999968;0,93196350
-0,24499968;0,93196350
-0,23999968;-0,46598175
-0,23499968;-1,39948320
-0,22999968;-0,46598175
-0,22499968;-0,46598175
-0,21999968;-4,66596889
-0,21499968;-2,33298445
-0,20999968;-1,86546493
-0,20499968;-2,79896641
-0,19999968;-2,79896641
-0,19499968;-2,79896641
-0,18999968;-3,26648593
-0,18499968;-4,19998741
-0,17999968;-4,66596889
-0,17499968;-5,13348866
-0,16999968;-5,13348866
-0,16499968;-5,59947062
-0,15999968;-5,59947062
-0,15499968;-5,13348866
-0,14999968;-4,66596889
-0,14499968;-3,73246789
-0,13999968;-2,79896641
-0,13499968;-1,86546493
-0,12999968;-1,39948320
-0,12499968;0,46598175
-0,11999968;2,33298445
-0,11499968;2,79896641
-0,10999968;3,26648593
-0,10499968;2,79896641
-0,09999968;2,79896641
-0,09499968;2,79896641
-0,08999968;1,39948320
-0,08499968;2,33298445
-0,07999968;0,00000000
-0,07499968;-0,46598175
-0,06999968;-0,46598175
-0,06499968;-0,46598175
-0,05999968;-1,39948320
-0,05499968;-0,93196350
-0,04999968;-1,39948320
-0,04499968;-1,86546493
-0,03999968;-0,46598175
-0,03499968;0,00000000
-0,02999968;0,93196350
-0,02499968;0,46598175
-0,01999968;0,00000000
-0,01499968;0,46598175
-0,00999968;1,86546493
-0,00499968;1,86546493
0,00000032;2,33298445
0,00500032;2,79896641
0,01000032;3,26648593
0,01500032;3,26648593
0,02000032;3,26648593
0,02500032;3,26648593
0,03000032;4,19998741
0,03500032;4,19998741
0,04000032;4,19998741
0,04500032;5,13348866
0,05000032;5,13348866
0,05500032;5,13348866
0,06000031;5,59947062
0,06500031;6,06699038
0,07000031;5,59947062
0,07500031;5,59947062
0,08000031;4,66596889
0,08500031;4,19998741
0,09000031;4,19998741
0,09500031;4,19998741
0,10000031;3,73246789
0,10500031;3,26648593
0,11000031;2,33298445
0,11500031;2,79896641
0,12000031;2,33298445
0,12500031;2,79896641
0,13000031;2,79896641
0,13500031;3,26648593
0,14000031;2,79896641
0,14500031;3,26648593
0,15000031;4,19998741
0,15500031;5,13348866
0,16000031;5,59947062
0,16500031;5,59947062
0,17000031;4,19998741
0,17500031;5,59947062
0,18000031;6,06699038
0,18500031;5,59947062
0,19000031;5,59947062
0,19500031;6,06699038
0,20000031;5,13348866
0,20500031;5,59947062
0,21000031;4,19998741
0,21500031;3,73246789
0,22000031;3,73246789
0,22500031;3,26648593
0,23000031;2,33298445
0,23500031;1,86546493
0,24000031;0,93196350
0,24500031;0,93196350
0,25000031;0,00000000
0,25500031;0,46598175
0,26000031;-0,46598175
0,26500031;-0,93196350
0,27000031;-1,39948320
0,27500031;-1,39948320
0,28000031;-2,79896641
0,28500031;-2,79896641
0,29000031;-2,33298445
0,29500031;-4,66596889
0,30000031;-3,73246789
0,30500031;-3,73246789
0,31000031;-3,26648593
0,31500031;-3,26648593
0,32000031;-3,73246789
0,32500031;-3,26648593
0,33000031;-2,79896641
0,33500031;-2,33298445
0,34000031;-1,39948320
0,34500031;-1,86546493
0,35000031;-1,39948320
0,35500031;-1,86546493
0,36000031;-1,39948320
0,36500031;-2,33298445
0,37000031;-1,86546493
0,37500031;-2,33298445
0,38000031;-1,86546493
0,38500031;-3,73246789
0,39000031;-3,73246789
0,39500031;-3,26648593
0,40000031;-5,13348866
0,40500031;-5,59947062
0,41000031;-5,13348866
0,41500031;-5,59947062
0,42000031;-5,59947062
0,42500031;-6,06699038
0,43000031;-6,06699038
0,43500031;-6,06699038
0,44000031;-3,73246789
0,44500031;-5,59947062
0,45000031;-6,06699038
0,45500031;-5,59947062
0,46000030;-6,06699038
0,46500030;-6,06699038
0,47000030;-4,66596889
0,47500030;-4,66596889
0,48000030;-5,13348866
0,48500030;-5,59947062
0,49000030;-5,13348866
0,49500030;-5,59947062
0,50000030;-7,00049162
0,50500030;-6,53297186
0,51000030;-6,53297186
0,51500030;-5,59947062
0,52000030;-6,06699038
0,52500030;-7,00049162
0,53000030;-7,00049162
0,53500030;-6,53297186
0,54000030;-6,06699038
0,54500030;-6,53297186
0,55000030;-6,53297186
0,55500030;-7,00049162
0,56000030;-7,93399334
0,56500030;-7,93399334
0,57000030;-8,39997482
0,57500030;-8,86749458
0,58000030;-10,26697731
0,58500030;-9,80099583
0,59000030;-8,86749458
0,59500030;-9,33347607
0,60000030;-8,86749458
0,60500030;-9,33347607
0,61000030;-8,39997482
0,61500030;-7,46647358
0,62000030;-6,06699038
0,62500030;-6,06699038
0,63000030;-4,19998741
0,63500030;-3,26648593
0,64000030;-2,33298445
0,64500030;-1,86546493
0,65000030;-1,86546493
0,65500030;-0,93196350
0,66000030;-1,86546493
0,66500030;-1,39948320
0,67000030;-1,39948320
0,67500030;-3,26648593
0,68000030;-2,79896641
0,68500030;-3,73246789
0,69000030;-4,19998741
0,69500030;-5,13348866
0,70000030;-5,13348866
0,70500030;-5,13348866
0,71000030;-6,06699038
0,71500030;-6,53297186
0,72000030;-6,06699038
0,72500030;-6,53297186
0,73000030;-5,59947062
0,73500030;-7,00049162
0,74000030;-5,59947062
0,74500030;-6,06699038
0,75000030;-5,59947062
0,75500030;-5,59947062
0,76000030;-5,59947062
0,76500030;-6,06699038
0,77000030;-5,13348866
0,77500030;-5,13348866
0,78000030;-3,26648593
0,78500030;-4,19998741
0,79000030;-5,13348866
0,79500030;-4,66596889
0,80000030;-3,73246789
0,80500030;-4,66596889
0,81000030;-3,73246789
0,81500030;-3,26648593
0,82000030;-3,26648593
0,82500030;-3,73246789
0,83000030;-2,79896641
0,83500030;-2,33298445
0,84000030;-3,26648593
0,84500030;-3,26648593
0,85000030;-2,33298445
0,85500029;0,93196350
0,86000029;-2,79896641
0,86500029;-3,26648593
0,87000029;-2,79896641
0,87500029;-3,26648593
0,88000029;-2,33298445
0,88500029;-3,26648593
0,89000029;-1,86546493
0,89500029;-1,86546493
0,90000029;-1,39948320
0,90500029;-0,93196350
0,91000029;-0,46598175
0,91500029;0,00000000
0,92000029;0,46598175
0,92500029;0,46598175
0,93000029;0,46598175
0,93500029;1,39948320
0,94000029;0,93196350
0,94500029;1,39948320
0,95000029;1,86546493
0,95500029;0,46598175
0,96000029;0,46598175
0,96500029;0,93196350
0,97000029;0,46598175
0,97500029;0,00000000
0,98000029;-0,93196350
0,98500029;-0,46598175
0,99000029;-0,46598175
0,99500029;0,46598175
1,00000029;-0,93196350
1,00500029;-0,93196350
1,01000029;0,00000000
1,01500029;0,00000000
1,02000029;0,00000000
1,02500029;0,93196350
1,03000029;1,39948320
1,03500029;0,93196350
1,04000029;0,93196350
1,04500029;0,93196350
1,05000029;0,00000000
1,05500029;0,00000000
1,06000029;0,00000000
1,06500029;0,93196350
1,07000029;0,93196350
1,07500029;1,39948320
1,08000029;0,93196350
1,08500029;0,93196350
1,09000029;1,86546493
1,09500029;2,33298445
1,10000029;1,86546493
1,10500029;2,33298445
1,11000029;1,86546493
1,11500029;2,33298445
1,12000029;2,33298445
1,12500029;1,86546493
1,13000029;2,33298445
1,13500029;1,39948320
1,14000029;1,39948320
1,14500029;0,46598175
1,15000029;0,93196350
1,15500029;0,93196350
1,16000029;-0,93196350
1,16500029;-1,86546493
1,17000029;-1,39948320
1,17500029;-1,39948320
1,18000029;-1,86546493
1,18500029;-1,86546493
1,19000029;-3,26648593
1,19500029;-3,26648593
1,20000029;-3,26648593
1,20500029;-3,26648593
1,21000029;-3,73246789
1,21500029;-2,33298445
1,22000029;-3,26648593
1,22500029;-1,86546493
1,23000029;-3,26648593
1,23500029;-3,26648593
1,24000029;-3,73246789
1,24500029;-2,79896641
1,25000028;-3,73246789
1,25500028;-3,26648593
1,26000028;-2,33298445
1,26500028;-2,33298445
1,27000028;-2,79896641
1,27500028;-2,79896641
1,28000028;-2,33298445
1,28500028;-2,33298445
1,29000028;-1,39948320
1,29500028;-2,33298445
1,30000028;-2,33298445
1,30500028;-1,39948320
1,31000028;-1,39948320
1,31500028;-2,79896641
1,32000028;-2,33298445
1,32500028;-2,79896641
1,33000028;-2,33298445
1,33500028;-2,79896641
1,34000028;-2,33298445
1,34500028;-1,39948320
1,35000028;-2,33298445
1,35500028;-2,33298445
1,36000028;-2,79896641
1,36500028;-1,86546493
1,37000028;-1,86546493
1,37500028;-1,86546493
1,38000028;-0,93196350
1,38500028;-0,93196350
1,39000028;-0,46598175
1,39500028;0,46598175
1,40000028;-0,46598175
1,40500028;1,39948320
1,41000028;0,00000000
1,41500028;0,00000000
1,42000028;0,00000000
1,42500028;0,93196350
1,43000028;-0,93196350
1,43500028;0,00000000
1,44000028;0,00000000
1,44500028;-0,93196350
1,45000028;-0,46598175
1,45500028;0,93196350
1,46000028;-0,46598175
1,46500028;0,93196350
1,47000028;-0,46598175
1,47500028;0,00000000
1,48000028;0,00000000
1,48500028;0,00000000
1,49000028;0,00000000
1,49500028;-0,46598175
1,50000028;0,00000000
1,50500028;0,93196350
1,51000028;-0,46598175
1,51500028;1,39948320
1,52000028;0,93196350
1,52500028;0,46598175
1,53000028;0,46598175
1,53500028;1,39948320
1,54000028;2,33298445
1,54500028;1,39948320
1,55000028;0,93196350
1,55500028;0,93196350
1,56000028;1,39948320
1,56500028;0,46598175
1,57000028;0,00000000
1,57500028;0,00000000
1,58000028;0,00000000
1,58500028;0,00000000
1,59000028;1,86546493
1,59500028;0,93196350
1,60000028;1,39948320
1,60500028;0,00000000
1,61000028;0,93196350
1,61500028;-1,39948320
1,62000028;-0,46598175
1,62500028;0,93196350
1,63000028;0,00000000
1,63500028;0,00000000
1,64000028;-0,46598175
1,64500027;-0,46598175
1,65000027;-0,46598175
1,65500027;-1,39948320
1,66000027;-1,39948320
1,66500027;-1,86546493
1,67000027;-1,39948320
1,67500027;-1,39948320
1,68000027;-1,86546493
1,68500027;-2,79896641
1,69000027;-2,33298445
1,69500027;-2,79896641
1,70000027;-1,86546493
1,70500027;-2,79896641
1,71000027;-3,26648593
1,71500027;-4,19998741
1,72000027;-3,26648593
1,72500027;-4,19998741
1,73000027;-4,66596889
1,73500027;-5,13348866
1,74000027;-5,59947062
1,74500027;-6,06699038
1,75000027;-4,66596889
1,75500027;-4,66596889
1,76000027;-4,66596889
1,76500027;-4,19998741
1,77000027;-1,86546493
1,77500027;-2,33298445
1,78000027;-2,79896641
1,78500027;-1,86546493
1,79000027;-0,46598175
1,79500027;0,00000000
1,80000027;0,93196350
1,80500027;0,46598175
1,81000027;0,93196350
1,81500027;2,33298445
1,82000027;0,46598175
1,82500027;0,00000000
1,83000027;0,00000000
1,83500027;-1,39948320
1,84000027;-1,39948320
1,84500027;-1,86546493
1,85000027;-1,86546493
1,85500027;-1,86546493
1,86000027;-0,93196350
1,86500027;-1,39948320
1,87000027;-0,93196350
1,87500027;-0,46598175
1,88000027;0,00000000
1,88500027;0,46598175
1,89000027;1,39948320
1,89500027;0,46598175
1,90000027;0,93196350
1,90500027;0,93196350
1,91000027;0,93196350
1,91500027;1,39948320
1,92000027;0,46598175
1,92500027;1,86546493
1,93000027;0,93196350
1,93500027;1,39948320
1,94000027;1,86546493
1,94500027;2,79896641
1,95000027;2,79896641
1,95500027;3,26648593
1,96000027;2,79896641
1,96500027;4,19998741
1,97000027;4,19998741
1,97500027;4,19998741
1,98000027;4,66596889
1,98500027;5,59947062
1,99000027;5,59947062
1,99500027;5,13348866
2,00000027;5,13348866
2,00500027;4,66596889
2,01000027;5,13348866
2,01500027;4,66596889
2,02000027;3,26648593
2,02500027;2,79896641
2,03000027;3,73246789
2,03500027;4,19998741
2,04000026;4,66596889
2,04500026;4,66596889
2,05000026;5,13348866
2,05500026;5,59947062
2,06000026;6,06699038
2,06500026;6,53297186
2,07000026;7,00049162
2,07500026;7,46647358
2,08000026;7,46647358
2,08500026;8,86749458
2,09000026;8,86749458
2,09500026;8,86749458
2,10000026;9,33347607
2,10500026;9,33347607
2,11000026;9,80099583
2,11500026;9,33347607
2,12000026;9,33347607
2,12500026;9,33347607
2,13000026;7,93399334
2,13500026;7,93399334
2,14000026;7,46647358
2,14500026;7,46647358
2,15000026;7,93399334
2,15500026;6,53297186
2,16000026;6,06699038
2,16500026;6,06699038
2,17000026;5,13348866
2,17500026;4,66596889
2,18000026;5,13348866
2,18500026;6,06699038
2,19000026;4,66596889
2,19500026;5,13348866
2,20000026;5,13348866
2,20500026;2,79896641
2,21000026;3,73246789
2,21500026;4,19998741
2,22000026;3,73246789
2,22500026;3,26648593
2,23000026;2,79896641
2,23500026;3,73246789
2,24000026;4,19998741
2,24500026;3,73246789
2,25000026;4,19998741
2,25500026;-7,00049162
2,26000026;5,13348866
2,26500026;4,19998741
2,27000026;4,66596889
2,27500026;4,19998741
2,28000026;4,19998741
2,28500026;3,26648593
2,29000026;2,33298445
2,29500026;2,79896641
2,30000026;2,33298445
2,30500026;0,93196350
2,31000026;1,86546493
2,31500026;0,46598175
2,32000026;0,46598175
2,32500026;-0,46598175
2,33000026;-0,46598175
2,33500026;-0,46598175
2,34000026;0,00000000
2,34500026;0,00000000
2,35000026;0,93196350
2,35500026;-0,46598175
2,36000026;0,00000000
2,36500026;-0,93196350
2,37000026;-0,46598175
2,37500026;-0,46598175
2,38000026;0,00000000
2,38500026;-0,46598175
2,39000026;-1,39948320
2,39500026;-1,86546493
2,40000026;-1,39948320
2,40500026;-1,86546493
2,41000026;-2,33298445
2,41500026;-3,73246789
2,42000026;-2,79896641
2,42500026;-2,79896641
2,43000026;-2,79896641
2,43500025;-3,26648593
2,44000025;-2,33298445
2,44500025;-2,33298445
2,45000025;-3,26648593
2,45500025;-1,86546493
2,46000025;-2,33298445
2,46500025;-1,86546493
2,47000025;-1,86546493
2,47500025;-2,79896641
2,48000025;-2,33298445
2,48500025;-1,86546493
2,49000025;-2,33298445
2,49500025;2,33298445
2,50000025;-2,79896641
2,50500025;-2,79896641
2,51000025;-2,33298445
2,51500025;-1,39948320
2,52000025;-1,39948320
2,52500025;-0,46598175
2,53000025;0,00000000
2,53500025;1,39948320
2,54000025;1,86546493
2,54500025;2,79896641
2,55000025;5,13348866
2,55500025;4,66596889
2,56000025;5,59947062
2,56500025;6,53297186
2,57000025;7,00049162
2,57500025;7,00049162
2,58000025;5,59947062
2,58500025;7,46647358
2,59000025;7,00049162
2,59500025;5,59947062
2,60000025;6,06699038
2,60500025;5,13348866
2,61000025;5,13348866
2,61500025;4,66596889
2,62000025;4,66596889
2,62500025;3,73246789
2,63000025;3,73246789
2,63500025;3,26648593
2,64000025;3,73246789
2,64500025;4,66596889
2,65000025;4,66596889
2,65500025;5,13348866
2,66000025;4,19998741
2,66500025;5,59947062
2,67000025;5,13348866
2,67500025;6,06699038
2,68000025;6,06699038
2,68500025;6,06699038
2,69000025;6,53297186
2,69500025;7,00049162
2,70000025;6,53297186
2,70500025;7,00049162
2,71000025;6,53297186
2,71500025;6,53297186
2,72000025;7,46647358
2,72500025;7,46647358
2,73000025;7,00049162
2,73500025;6,53297186
2,74000025;6,53297186
2,74500025;6,53297186
2,75000025;6,53297186
2,75500025;6,53297186
2,76000025;6,06699038
2,76500025;6,06699038
2,77000025;5,59947062
2,77500025;5,59947062
2,78000025;5,13348866
2,78500025;4,66596889
2,79000025;6,06699038
2,79500025;5,59947062
2,80000025;4,66596889
2,80500025;6,06699038
2,81000025;7,93399334
2,81500025;6,06699038
2,82000025;7,93399334
2,82500025;7,00049162
2,83000025;8,86749458
2,83500024;8,39997482
2,84000024;8,39997482
2,84500024;8,39997482
2,85000024;8,39997482
2,85500024;8,86749458
2,86000024;7,93399334
2,86500024;8,39997482
2,87000024;7,93399334
2,87500024;7,46647358
2,88000024;7,46647358
2,88500024;6,53297186
2,89000024;7,00049162
2,89500024;6,53297186
2,90000024;6,53297186
2,90500024;5,59947062
2,91000024;6,53297186
2,91500024;5,13348866
2,92000024;5,59947062
2,92500024;4,66596889
2,93000024;5,59947062
2,93500024;4,66596889
2,94000024;5,13348866
2,94500024;4,19998741
2,95000024;5,13348866
2,95500024;5,59947062
2,96000024;5,13348866
2,96500024;5,59947062
2,97000024;5,13348866
2,97500024;5,59947062
2,98000024;4,19998741
2,98500024;5,59947062
2,99000024;6,06699038
2,99500024;6,53297186
3,00000024;6,53297186
3,00500024;7,00049162
3,01000024;7,00049162
3,01500024;7,46647358
3,02000024;6,06699038
3,02500024;7,00049162
3,03000024;6,06699038
3,03500024;5,13348866
3,04000024;6,53297186
3,04500024;6,53297186
3,05000024;6,06699038
3,05500024;6,06699038
3,06000024;5,13348866
3,06500024;5,59947062
3,07000024;5,13348866
3,07500024;5,13348866
3,08000024;5,13348866
3,08500024;5,13348866
3,09000024;5,13348866
3,09500024;4,66596889
3,10000024;5,13348866
3,10500024;4,66596889
3,11000024;5,59947062
3,11500024;5,13348866
3,12000024;4,66596889
3,12500024;4,66596889
3,13000024;4,66596889
3,13500024;4,66596889
3,14000024;4,66596889
3,14500024;2,79896641
3,15000024;3,73246789
3,15500024;3,26648593
3,16000024;3,26648593
3,16500024;-0,93196350
3,17000024;2,79896641
3,17500024;2,79896641
3,18000024;2,79896641
3,18500024;2,33298445
3,19000024;3,26648593
3,19500024;3,26648593
3,20000024;3,73246789
3,20500024;3,26648593
3,21000024;4,19998741
3,21500024;4,19998741
3,22000024;4,66596889
3,22500024;5,59947062
3,23000023;4,66596889
3,23500023;5,59947062
3,24000023;13,53500175
3,24500023;4,66596889
3,25000023;5,13348866
3,25500023;4,66596889
3,26000023;4,19998741
3,26500023;3,73246789
3,27000023;3,73246789
3,27500023;3,73246789
3,28000023;4,19998741
3,28500023;3,73246789
3,29000023;4,19998741
3,29500023;3,73246789
3,30000023;4,19998741
3,30500023;4,19998741
3,31000023;4,19998741
3,31500023;3,26648593
3,32000023;5,13348866
3,32500023;4,66596889
3,33000023;5,13348866
3,33500023;4,66596889
3,34000023;5,59947062
3,34500023;5,13348866
3,35000023;5,59947062
3,35500023;4,66596889
3,36000023;5,13348866
3,36500023;4,19998741
3,37000023;3,73246789
3,37500023;3,73246789
3,38000023;3,26648593
3,38500023;3,73246789
3,39000023;2,79896641
3,39500023;3,26648593
3,40000023;4,66596889
3,40500023;1,86546493
3,41000023;2,33298445
3,41500023;2,33298445
3,42000023;3,26648593
3,42500023;3,26648593
3,43000023;2,79896641
3,43500023;3,73246789
3,44000023;3,26648593
3,44500023;3,73246789
3,45000023;3,73246789
3,45500023;3,26648593
3,46000023;3,73246789
3,46500023;2,79896641
3,47000023;3,26648593
3,47500023;3,26648593
3,48000023;3,26648593
3,48500023;2,33298445
3,49000023;3,26648593
3,49500023;2,79896641
3,50000023;2,79896641
3,50500023;2,79896641
3,51000023;1,86546493
3,51500023;1,86546493
3,52000023;1,86546493
3,52500023;2,79896641
3,53000023;1,86546493
3,53500023;2,33298445
3,54000023;1,86546493
3,54500023;1,86546493
3,55000023;1,39948320
3,55500023;1,39948320
3,56000023;1,39948320
3,56500023;0,46598175
3,57000023;-0,46598175
3,57500023;0,46598175
3,58000023;-0,46598175
3,58500023;-0,93196350
3,59000023;0,00000000
3,59500023;-3,73246789
3,60000023;-1,86546493
3,60500023;-1,86546493
3,61000023;-2,33298445
3,61500023;-3,73246789
3,62000023;-3,26648593
3,62500022;-3,73246789
3,63000022;-3,73246789
3,63500022;-4,66596889
3,64000022;-4,66596889
3,64500022;-5,59947062
3,65000022;-5,59947062
3,65500022;-5,59947062
3,66000022;-6,06699038
3,66500022;-3,26648593
3,67000022;-4,19998741
3,67500022;-4,19998741
3,68000022;-1,86546493
3,68500022;1,86546493
3,69000022;-0,46598175
3,69500022;0,00000000
3,70000022;0,93196350
3,70500022;1,39948320
3,71000022;1,39948320
3,71500022;1,39948320
3,72000022;0,93196350
3,72500022;0,46598175
3,73000022;0,00000000
3,73500022;0,00000000
3,74000022;-0,46598175
3,74500022;0,00000000
3,75000022;-1,39948320
3,75500022;-1,86546493
3,76000022;-1,39948320
3,76500022;-1,39948320
3,77000022;0,00000000
3,77500022;-0,93196350
3,78000022;-1,39948320
3,78500022;-0,93196350
3,79000022;0,46598175
3,79500022;-1,39948320
3,80000022;0,00000000
3,80500022;0,00000000
3,81000022;0,93196350
3,81500022;0,00000000
3,82000022;0,46598175
3,82500022;-0,46598175
3,83000022;0,00000000
3,83500022;-0,93196350
3,84000022;0,46598175
3,84500022;0,00000000
3,85000022;-0,46598175
3,85500022;1,39948320
3,86000022;0,93196350
3,86500022;0,46598175
3,87000022;0,46598175
3,87500022;1,39948320
3,88000022;1,39948320
3,88500022;1,39948320
3,89000022;2,79896641
3,89500022;2,33298445
3,90000022;0,93196350
3,90500022;1,39948320
3,91000022;1,39948320
3,91500022;0,93196350
3,92000022;0,46598175
3,92500022;0,00000000
3,93000022;0,00000000
3,93500022;0,46598175
3,94000022;0,46598175
3,94500022;0,93196350
3,95000022;0,93196350
3,95500022;0,93196350
3,96000022;2,33298445
3,96500022;2,33298445
3,97000022;3,73246789
3,97500022;3,26648593
3,98000022;3,26648593
3,98500022;5,13348866
3,99000022;5,59947062
3,99500022;3,73246789
4,00000022;3,73246789
4,00500022;5,13348866
4,01000022;6,53297186
4,01500022;5,13348866
4,02000021;5,59947062
4,02500021;5,13348866
4,03000021;4,66596889
4,03500021;4,66596889
4,04000021;1,86546493
4,04500021;3,73246789
4,05000021;3,73246789
4,05500021;2,79896641
4,06000021;2,79896641
4,06500021;2,33298445
4,07000021;2,79896641
4,07500021;2,33298445
4,08000021;2,33298445
4,08500021;2,33298445
4,09000021;2,79896641
4,09500021;-3,26648593
4,10000021;2,33298445
4,10500021;1,39948320
4,11000021;1,86546493
4,11500021;1,86546493
4,12000021;1,86546493
4,12500021;-0,93196350
4,13000021;1,39948320
4,13500021;1,39948320
4,14000021;0,93196350
4,14500021;0,46598175
4,15000021;0,46598175
4,15500021;0,00000000
4,16000021;1,39948320
4,16500021;0,46598175
4,17000021;0,93196350
4,17500021;0,46598175
4,18000021;1,39948320
4,18500021;0,46598175
4,19000021;-0,46598175
4,19500021;0,93196350
4,20000021;-1,39948320
4,20500021;-1,39948320
4,21000021;-0,93196350
4,21500021;-1,86546493
4,22000021;-2,79896641
4,22500021;-3,73246789
4,23000021;-3,26648593
4,23500021;-4,19998741
4,24000021;-4,19998741
4,24500021;-4,66596889
4,25000021;-5,13348866
4,25500021;-4,66596889
4,26000021;-5,13348866
4,26500021;-4,19998741
4,27000021;-4,19998741
4,27500021;-4,66596889
4,28000021;-4,66596889
4,28500021;-5,59947062
4,29000021;-5,13348866
4,29500021;-3,26648593
4,30000021;-5,13348866
4,30500021;-5,13348866
4,31000021;-4,66596889
4,31500021;-4,66596889
4,32000021;-5,13348866
4,32500021;-5,13348866
4,33000021;-4,66596889
4,33500021;-4,66596889
4,34000021;-6,53297186
4,34500021;-6,06699038
4,35000021;-5,59947062
4,35500021;-6,53297186
4,36000021;-7,00049162
4,36500021;-7,00049162
4,37000021;-7,93399334
4,37500021;-7,00049162
4,38000021;-7,46647358
4,38500021;-7,93399334
4,39000021;-7,93399334
4,39500021;-7,46647358
4,40000021;-7,93399334
4,40500021;-7,46647358
4,41000021;-8,39997482
4,41500020;-7,00049162
4,42000020;-5,13348866
4,42500020;-5,13348866
4,43000020;-3,73246789
4,43500020;-5,13348866
4,44000020;-3,73246789
4,44500020;-1,86546493
4,45000020;-0,93196350
4,45500020;0,93196350
4,46000020;1,86546493
4,46500020;0,93196350
4,47000020;0,93196350
4,47500020;1,39948320
4,48000020;1,39948320
4,48500020;0,00000000
4,49000020;-0,46598175
4,49500020;0,00000000
4,50000020;-0,93196350
4,50500020;-0,93196350
4,51000020;-1,86546493
4,51500020;-2,33298445
4,52000020;-2,79896641
4,52500020;-2,79896641
4,53000020;-3,73246789
4,53500020;-2,79896641
4,54000020;-2,79896641
4,54500020;-2,79896641
4,55000020;-2,33298445
4,55500020;-3,26648593
4,56000020;-3,26648593
4,56500020;-3,73246789
4,57000020;-3,26648593
4,57500020;-2,79896641
4,58000020;-2,33298445
4,58500020;-2,33298445
4,59000020;-1,86546493
4,59500020;-1,86546493
4,60000020;-1,86546493
4,60500020;-1,39948320
4,61000020;-0,93196350
4,61500020;-0,93196350
4,62000020;-0,93196350
4,62500020;-0,93196350
4,63000020;0,93196350
4,63500020;0,46598175
4,64000020;0,46598175
4,64500020;0,93196350
4,65000020;0,46598175
4,65500020;0,93196350
4,66000020;0,93196350
4,66500020;1,86546493
4,67000020;1,86546493
4,67500020;0,93196350
4,68000020;0,93196350
4,68500020;0,93196350
4,69000020;1,39948320
4,69500020;1,86546493
4,70000020;1,86546493
4,70500020;2,33298445
4,71000020;2,79896641
4,71500020;2,33298445
4,72000020;3,26648593
4,72500020;2,79896641
4,73000020;4,19998741
4,73500020;4,19998741
4,74000020;3,73246789
4,74500020;4,66596889
4,75000020;4,19998741
4,75500020;5,13348866
4,76000020;4,66596889
4,76500020;4,19998741
4,77000020;5,13348866
4,77500020;4,19998741
4,78000020;4,66596889
4,78500020;4,19998741
4,79000020;4,19998741
4,79500020;4,19998741
4,80000020;3,73246789
4,80500020;3,73246789
4,81000019;5,13348866
4,81500019;3,73246789
4,82000019;3,73246789
4,82500019;2,79896641
4,83000019;3,73246789
4,83500019;4,19998741
4,84000019;3,73246789
4,84500019;3,73246789
4,85000019;3,26648593
4,85500019;4,66596889
4,86000019;3,73246789
4,86500019;3,26648593
4,87000019;3,26648593
4,87500019;2,79896641
4,88000019;3,26648593
4,88500019;3,26648593
4,89000019;3,26648593
4,89500019;3,26648593
4,90000019;3,26648593
4,90500019;2,79896641
4,91000019;3,73246789
4,91500019;3,26648593
4,92000019;2,33298445
4,92500019;2,79896641
4,93000019;2,79896641
4,93500019;2,33298445
4,94000019;3,26648593
4,94500019;1,86546493
4,95000019;1,39948320
4,95500019;0,00000000
4,96000019;0,93196350
4,96500019;0,00000000
4,97000019;0,46598175
4,97500019;0,00000000
4,98000019;0,00000000
4,98500019;0,00000000
4,99000019;0,46598175
4,99500019;0,00000000
5,00000019;0,93196350
5,00500019;0,46598175
5,01000019;1,39948320
5,01500019;5,59947062
5,02000019;1,39948320
5,02500019;0,93196350
5,03000019;1,39948320
5,03500019;0,93196350
5,04000019;0,93196350
5,04500019;2,33298445
5,05000019;1,39948320
5,05500019;0,00000000
5,06000019;0,00000000
5,06500019;0,46598175
5,07000019;0,46598175
5,07500019;-0,46598175
5,08000019;-0,46598175
5,08500019;0,00000000
5,09000019;0,46598175
5,09500019;0,46598175
5,10000019;0,46598175
5,10500019;0,00000000
5,11000019;0,93196350
5,11500019;0,93196350
5,12000019;2,33298445
5,12500019;0,46598175
5,13000019;0,93196350
5,13500019;1,39948320
5,14000019;1,39948320
5,14500019;1,39948320
5,15000019;0,93196350
5,15500019;0,46598175
5,16000019;0,46598175
5,16500019;0,46598175
5,17000019;0,93196350
5,17500019;0,00000000
5,18000019;0,00000000
5,18500019;0,93196350
5,19000019;0,46598175
5,19500019;0,46598175
5,20000019;0,46598175
5,20500019;0,93196350
5,21000018;1,86546493
5,21500018;1,86546493
5,22000018;-0,93196350
5,22500018;2,79896641
5,23000018;2,33298445
5,23500018;1,86546493
5,24000018;1,39948320
5,24500018;0,46598175
5,25000018;0,93196350
5,25500018;0,93196350
5,26000018;1,39948320
5,26500018;0,46598175
5,27000018;0,93196350
5,27500018;0,93196350
5,28000018;1,39948320
5,28500018;0,93196350
5,29000018;0,46598175
5,29500018;1,39948320
5,30000018;1,39948320
5,30500018;1,39948320
5,31000018;0,46598175
5,31500018;0,46598175
5,32000018;0,93196350
5,32500018;0,00000000
5,33000018;0,93196350
5,33500018;-0,93196350
5,34000018;0,00000000
5,34500018;0,46598175
5,35000018;-0,46598175
5,35500018;0,00000000
5,36000018;0,00000000
5,36500018;-0,93196350
5,37000018;-1,39948320
5,37500018;-2,33298445
5,38000018;-1,86546493
5,38500018;-0,93196350
5,39000018;-0,93196350
5,39500018;-1,39948320
5,40000018;-1,39948320
5,40500018;-1,39948320
5,41000018;-1,86546493
5,41500018;-0,93196350
5,42000018;-2,33298445
5,42500018;-0,93196350
5,43000018;-1,86546493
5,43500018;-2,33298445
5,44000018;-2,33298445
5,44500018;-2,79896641
5,45000018;-2,79896641
5,45500018;-2,79896641
5,46000018;-3,26648593
5,46500018;-3,73246789
5,47000018;-3,26648593
5,47500018;-3,73246789
5,48000018;-4,66596889
5,48500018;-5,13348866
5,49000018;-5,59947062
5,49500018;-4,19998741
5,50000018;-5,59947062
5,50500018;-6,06699038
5,51000018;-6,06699038
5,51500018;-6,53297186
5,52000018;-9,80099583
5,52500018;-7,93399334
5,53000018;-9,33347607
5,53500018;-7,93399334
5,54000018;-9,80099583
5,54500018;-9,33347607
5,55000018;-8,86749458
5,55500018;-9,33347607
5,56000018;-9,33347607
5,56500018;-8,39997482
5,57000018;-7,93399334
5,57500018;-7,46647358
5,58000018;-6,06699038
5,58500018;-5,13348866
5,59000018;-4,19998741
5,59500018;-2,79896641
5,60000018;-2,33298445
5,60500017;-1,39948320
5,61000017;-1,39948320
5,61500017;-0,93196350
5,62000017;-1,86546493
5,62500017;-1,86546493
5,63000017;-4,19998741
5,63500017;-1,86546493
5,64000017;-5,13348866
5,64500017;-4,66596889
5,65000017;-6,53297186
5,65500017;-6,06699038
5,66000017;-6,53297186
5,66500017;-7,00049162
5,67000017;-6,06699038
5,67500017;-7,00049162
5,68000017;-6,06699038
5,68500017;-5,59947062
5,69000017;-5,59947062
5,69500017;-5,13348866
5,70000017;-4,19998741
5,70500017;-4,66596889
5,71000017;-5,13348866
5,71500017;-4,66596889
5,72000017;-4,66596889
5,72500017;-5,13348866
5,73000017;-5,13348866
5,73500017;-6,06699038
5,74000017;-5,13348866
5,74500017;-5,59947062
5,75000017;-4,66596889
5,75500017;-4,19998741
5,76000017;-4,19998741
5,76500017;-5,59947062
5,77000017;-3,73246789
5,77500017;-3,26648593
5,78000017;-2,33298445
5,78500017;-2,79896641
5,79000017;-2,33298445
5,79500017;-2,79896641
5,80000017;-2,33298445
5,80500017;-2,79896641
5,81000017;-3,26648593
5,81500017;-3,73246789
5,82000017;-3,26648593
5,82500017;-3,26648593
5,83000017;-3,73246789
5,83500017;-3,73246789
5,84000017;-3,73246789
5,84500017;-3,73246789
5,85000017;-2,33298445
5,85500017;-2,79896641
5,86000017;-3,26648593
5,86500017;-1,39948320
5,87000017;-12,60150051
5,87500017;-0,93196350
5,88000017;0,00000000
5,88500017;0,46598175
5,89000017;1,39948320
5,89500017;1,39948320
5,90000017;1,86546493
5,90500017;2,33298445
5,91000017;1,86546493
5,91500017;1,86546493
5,92000017;1,39948320
5,92500017;1,86546493
5,93000017;0,93196350
5,93500017;1,86546493
5,94000017;0,46598175
5,94500017;0,00000000
5,95000017;0,00000000
5,95500017;0,00000000
5,96000017;-0,93196350
5,96500017;-0,93196350
5,97000017;-0,93196350
5,97500017;-1,39948320
5,98000017;-0,93196350
5,98500017;-1,39948320
5,99000017;-1,86546493
5,99500017;-1,86546493
6,00000016;-2,33298445
6,00500016;-3,26648593
6,01000016;-1,86546493
6,01500016;-3,26648593
6,02000016;-4,19998741
6,02500016;-4,19998741
6,03000016;-3,73246789
6,03500016;-4,19998741
6,04000016;-4,66596889
6,04500016;-5,13348866
6,05000016;-4,19998741
6,05500016;-3,73246789
6,06000016;-4,66596889
6,06500016;-4,19998741
6,07000016;-3,73246789
6,07500016;-3,73246789
6,08000016;-3,73246789
6,08500016;-3,73246789
6,09000016;-4,19998741
6,09500016;-4,19998741
6,10000016;-4,19998741
6,10500016;-5,13348866
6,11000016;-4,66596889
6,11500016;-5,13348866
6,12000016;-6,06699038
6,12500016;-6,53297186
6,13000016;-7,46647358
6,13500016;-9,33347607
6,14000016;-7,93399334
6,14500016;-6,06699038
6,15000016;-7,46647358
6,15500016;-8,39997482
6,16000016;-7,93399334
6,16500016;-7,46647358
6,17000016;-7,46647358
6,17500016;-7,93399334
6,18000016;-7,46647358
6,18500016;-7,93399334
6,19000016;-7,93399334
6,19500016;-7,46647358
6,20000016;-8,39997482
6,20500016;-8,39997482
6,21000016;-8,86749458
6,21500016;-10,73449707
6,22000016;-10,73449707
6,22500016;-10,73449707
6,23000016;-12,13398075
6,23500016;-11,66799831
6,24000016;-11,20047951
6,24500016;-11,66799831
6,25000016;-12,60150051
6,25500016;-11,66799831
6,26000016;-11,66799831
6,26500016;-11,66799831
6,27000016;-11,20047951
6,27500016;-11,20047951
6,28000016;-11,20047951
6,28500016;-11,20047951
6,29000016;-12,60150051
6,29500016;-11,20047951
6,30000016;-12,13398075
6,30500016;-11,20047951
6,31000016;-11,66799831
6,31500016;-11,20047951
6,32000016;-10,73449707
6,32500016;-10,73449707
6,33000016;-9,80099583
6,33500016;-10,73449707
6,34000016;-7,46647358
6,34500016;-7,00049162
6,35000016;-3,73246789
6,35500016;-5,13348866
6,36000016;-3,73246789
6,36500016;-3,26648593
6,37000016;-3,26648593
6,37500016;-3,73246789
6,38000016;-2,33298445
6,38500016;-2,33298445
6,39000016;-2,79896641
6,39500015;-3,73246789
6,40000015;-3,26648593
6,40500015;-4,66596889
6,41000015;-4,66596889
6,41500015;-5,13348866
6,42000015;-5,13348866
6,42500015;-6,53297186
6,43000015;-6,06699038
6,43500015;-7,46647358
6,44000015;-7,46647358
6,44500015;-7,46647358
6,45000015;-7,93399334
6,45500015;-7,93399334
6,46000015;-6,53297186
6,46500015;-6,53297186
6,47000015;-7,00049162
6,47500015;-6,53297186
6,48000015;-6,53297186
6,48500015;-7,00049162
6,49000015;-6,06699038
6,49500015;-6,06699038
6,50000015;-5,59947062
6,50500015;-5,13348866
6,51000015;-5,13348866
6,51500015;-3,73246789
6,52000015;-4,19998741
6,52500015;-3,73246789
6,53000015;-3,26648593
6,53500015;-3,26648593
6,54000015;-3,26648593
6,54500015;-3,26648593
6,55000015;-2,33298445
6,55500015;-2,79896641
6,56000015;-2,33298445
6,56500015;-2,33298445
6,57000015;-1,86546493
6,57500015;-1,86546493
6,58000015;-3,26648593
6,58500015;-3,26648593
6,59000015;9,33347607
6,59500015;-2,33298445
6,60000015;-2,33298445
6,60500015;-2,79896641
6,61000015;-1,86546493
6,61500015;-3,26648593
6,62000015;-1,39948320
6,62500015;-1,39948320
6,63000015;-1,86546493
6,63500015;-0,93196350
6,64000015;-0,93196350
6,64500015;0,46598175
6,65000015;0,93196350
6,65500015;0,93196350
6,66000015;1,86546493
6,66500015;1,86546493
6,67000015;1,86546493
6,67500015;1,86546493
6,68000015;0,93196350
6,68500015;1,39948320
6,69000015;0,93196350
6,69500015;-0,46598175
6,70000015;-0,46598175
6,70500015;-0,93196350
6,71000015;-0,46598175
6,71500015;-1,39948320
6,72000015;-2,33298445
6,72500015;-1,39948320
6,73000015;-1,86546493
6,73500015;-1,39948320
6,74000015;-1,86546493
6,74500015;-2,33298445
6,75000015;-3,26648593
6,75500015;-3,26648593
6,76000015;-3,26648593
6,76500015;-2,33298445
6,77000015;-3,26648593
6,77500015;-3,73246789
6,78000015;-3,73246789
6,78500015;-4,19998741
6,79000014;-3,73246789
6,79500014;-3,26648593
6,80000014;-2,79896641
6,80500014;-3,26648593
6,81000014;-3,73246789
6,81500014;-3,26648593
6,82000014;-3,26648593
6,82500014;-2,33298445
6,83000014;-2,79896641
6,83500014;-0,46598175
6,84000014;-2,33298445
6,84500014;-1,39948320
6,85000014;-2,33298445
6,85500014;-1,86546493
6,86000014;-2,33298445
6,86500014;-2,79896641
6,87000014;-3,26648593
6,87500014;-4,19998741
6,88000014;-3,73246789
6,88500014;-5,59947062
6,89000014;-5,13348866
6,89500014;-5,13348866
6,90000014;-5,13348866
6,90500014;-5,59947062
6,91000014;-5,59947062
6,91500014;-6,53297186
6,92000014;-5,59947062
6,92500014;-6,06699038
6,93000014;-4,66596889
6,93500014;-5,13348866
6,94000014;-5,13348866
6,94500014;-4,66596889
6,95000014;-6,06699038
6,95500014;-5,13348866
6,96000014;-4,66596889
6,96500014;-2,79896641
6,97000014;-4,19998741
6,97500014;-4,19998741
6,98000014;-4,19998741
6,98500014;-4,19998741
6,99000014;-3,73246789
6,99500014;-3,73246789
7,00000014;-3,73246789
7,00500014;-2,33298445
7,01000014;-2,33298445
7,01500014;-1,86546493
7,02000014;-2,33298445
7,02500014;-1,86546493
7,03000014;-2,79896641
7,03500014;-1,86546493
7,04000014;0,00000000
7,04500014;-1,86546493
7,05000014;-1,86546493
7,05500014;-2,33298445
7,06000014;-2,79896641
7,06500014;-2,33298445
7,07000014;-3,26648593
7,07500014;-3,26648593
7,08000014;-3,73246789
7,08500014;-2,79896641
7,09000014;-3,73246789
7,09500014;-2,79896641
7,10000014;-4,19998741
7,10500014;-2,79896641
7,11000014;-2,79896641
7,11500014;-1,86546493
7,12000014;-2,33298445
7,12500014;-1,39948320
7,13000014;-1,86546493
7,13500014;-3,26648593
7,14000014;-1,39948320
7,14500014;-1,39948320
7,15000014;-1,86546493
7,15500014;-1,86546493
7,16000014;-2,33298445
7,16500014;-0,93196350
7,17000014;-2,33298445
7,17500014;-2,79896641
7,18000014;-3,26648593
7,18500013;-2,79896641
7,19000013;-3,73246789
7,19500013;-3,26648593
7,20000013;-3,26648593
7,20500013;-4,19998741
7,21000013;-3,73246789
7,21500013;-3,73246789
7,22000013;-5,13348866
7,22500013;-2,79896641
7,23000013;-2,79896641
7,23500013;-3,26648593
7,24000013;-3,73246789
7,24500013;-3,26648593
7,25000013;-3,26648593
7,25500013;-4,19998741
7,26000013;-3,73246789
7,26500013;-4,19998741
7,27000013;-4,66596889
7,27500013;-4,19998741
7,28000013;-4,66596889
7,28500013;-5,13348866
7,29000013;-5,13348866
7,29500013;-5,59947062
7,30000013;-6,53297186
7,30500013;-7,00049162
7,31000013;-6,06699038
7,31500013;-7,00049162
7,32000013;-8,39997482
7,32500013;-6,53297186
7,33000013;-6,53297186
7,33500013;-7,93399334
7,34000013;-7,46647358
7,34500013;-6,53297186
7,35000013;-6,06699038
7,35500013;-7,93399334
7,36000013;-6,53297186
7,36500013;-7,00049162
7,37000013;-7,93399334
7,37500013;-8,39997482
7,38000013;-8,39997482
7,38500013;-8,86749458
7,39000013;-10,26697731
7,39500013;-10,26697731
7,40000013;-9,80099583
7,40500013;-11,66799831
7,41000013;-10,26697731
7,41500013;-10,73449707
7,42000013;-10,26697731
7,42500013;-11,20047951
7,43000013;-10,73449707
7,43500013;-11,66799831
7,44000013;-11,66799831
7,44500013;-12,13398075
7,45000013;-12,60150051
7,45500013;-12,13398075
7,46000013;-12,60150051
7,46500013;-12,13398075
7,47000013;-12,60150051
7,47500013;-12,13398075
7,48000013;-11,66799831
7,48500013;-11,66799831
7,49000013;-10,73449707
7,49500013;-9,33347607
7,50000013;-8,86749458
7,50500013;-7,00049162
7,51000013;-7,46647358
7,51500013;-5,59947062
7,52000013;-5,13348866
7,52500013;-5,13348866
7,53000013;-5,59947062
7,53500013;-6,06699038
7,54000013;-4,66596889
7,54500013;-6,53297186
7,55000013;-8,39997482
7,55500013;-6,53297186
7,56000013;-7,93399334
7,56500013;-7,46647358
7,57000013;-7,93399334
7,57500013;-7,93399334
7,58000013;-8,86749458
7,58500012;-8,86749458
7,59000012;-8,39997482
7,59500012;-7,46647358
7,60000012;-7,93399334
7,60500012;-7,46647358
7,61000012;-7,00049162
7,61500012;-7,00049162
7,62000012;-6,06699038
7,62500012;-6,06699038
7,63000012;-5,59947062
7,63500012;-6,53297186
7,64000012;-5,59947062
7,64500012;-5,59947062
7,65000012;-6,06699038
7,65500012;-5,13348866
7,66000012;-6,06699038
7,66500012;-5,59947062
7,67000012;-5,59947062
7,67500012;-5,13348866
7,68000012;-4,19998741
7,68500012;-5,13348866
7,69000012;-4,19998741
7,69500012;-4,19998741
7,70000012;-3,26648593
7,70500012;-3,26648593
7,71000012;-4,19998741
7,71500012;-4,19998741
7,72000012;-3,73246789
7,72500012;-3,73246789
7,73000012;-4,66596889
7,73500012;-4,66596889
7,74000012;-4,66596889
7,74500012;-5,13348866
7,75000012;-3,26648593
7,75500012;-5,13348866
7,76000012;-4,66596889
7,76500012;2,79896641
7,77000012;-3,73246789
7,77500012;-3,73246789
7,78000012;-4,19998741
7,78500012;-2,79896641
7,79000012;-2,79896641
7,79500012;-2,79896641
7,80000012;-2,33298445
7,80500012;-1,86546493
7,81000012;-1,86546493
7,81500012;-1,86546493
7,82000012;-0,93196350
7,82500012;-0,93196350
7,83000012;-2,33298445
7,83500012;-1,86546493
7,84000012;-2,33298445
7,84500012;-2,33298445
7,85000012;-2,79896641
7,85500012;-3,26648593
7,86000012;-3,73246789
7,86500012;-3,73246789
7,87000012;-4,66596889
7,87500012;-3,73246789
7,88000012;-5,13348866
7,88500012;-5,59947062
7,89000012;-4,66596889
7,89500012;-6,06699038
7,90000012;-5,59947062
7,90500012;-5,59947062
7,91000012;-6,06699038
7,91500012;-5,59947062
7,92000012;-6,53297186
7,92500012;-6,53297186
7,93000012;-6,53297186
7,93500012;-6,06699038
7,94000012;-7,00049162
7,94500012;-6,53297186
7,95000012;-6,06699038
7,95500012;-6,06699038
7,96000012;-6,06699038
7,96500012;-6,06699038
7,97000012;-5,59947062
7,97500012;-6,06699038
7,98000011;-6,06699038
7,98500011;-5,59947062
7,99000011;-4,19998741
7,99500011;-5,59947062
8,00000011;-5,59947062
8,00500011;-7,00049162
8,01000011;-6,06699038
8,01500011;-6,53297186
8,02000011;-6,53297186
8,02500011;-9,80099583
8,03000011;-8,39997482
8,03500011;-8,86749458
8,04000011;-10,26697731
8,04500011;-11,66799831
8,05000011;-10,73449707
8,05500011;-11,20047951
8,06000011;-11,20047951
8,06500011;-11,66799831
8,07000011;-12,60150051
8,07500011;-12,13398075
8,08000011;-12,13398075
8,08500011;-11,66799831
8,09000011;-12,13398075
8,09500011;-11,20047951
8,10000011;-12,13398075
8,10500011;-12,13398075
8,11000011;-12,13398075
8,11500011;-12,13398075
8,12000011;-13,06748199
8,12500011;-13,53500175
8,13000011;-13,06748199
8,13500011;-14,00098324
8,14000011;-13,53500175
8,14500011;-14,46850300
8,15000011;-15,40046692
8,15500011;-14,93448448
8,16000011;-14,46850300
8,16500011;-14,00098324
8,17000011;-15,40046692
8,17500011;-14,93448448
8,18000011;-14,46850300
8,18500011;-14,93448448
8,19000011;-14,93448448
8,19500011;-15,40046692
8,20000011;-14,00098324
8,20500011;-14,93448448
8,21000011;-14,00098324
8,21500011;-13,06748199
8,22000011;-12,60150051
8,22500011;-12,13398075
8,23000011;-11,66799831
8,23500011;-10,73449707
8,24000011;-9,80099583
8,24500011;-9,33347607
8,25000011;-7,00049162
8,25500011;-8,39997482
8,26000011;-7,46647358
8,26500011;-7,93399334
8,27000011;-7,00049162
8,27500011;-6,06699038
8,28000011;-6,53297186
8,28500011;-7,00049162
8,29000011;-6,06699038
8,29500011;-6,53297186
8,30000011;-6,06699038
8,30500011;-6,53297186
8,31000011;-6,53297186
8,31500011;-6,53297186
8,32000011;-7,93399334
8,32500011;-7,46647358
8,33000011;-8,39997482
8,33500011;-6,06699038
8,34000011;-9,80099583
8,34500011;-7,93399334
8,35000011;-8,86749458
8,35500011;-8,86749458
8,36000011;-8,86749458
8,36500011;-9,33347607
8,37000011;-9,33347607
8,37500010;-9,33347607
8,38000010;-8,86749458
8,38500010;-9,33347607
8,39000010;-9,80099583
8,39500010;-9,80099583
8,40000010;-8,39997482
8,40500010;-8,86749458
8,41000010;-8,39997482
8,41500010;-7,46647358
8,42000010;-7,46647358
8,42500010;-7,46647358
8,43000010;-7,46647358
8,43500010;-6,53297186
8,44000010;-6,06699038
8,44500010;-6,06699038
8,45000010;-5,13348866
8,45500010;-5,59947062
8,46000010;-5,13348866
8,46500010;-4,19998741
8,47000010;-4,66596889
8,47500010;-3,73246789
8,48000010;-4,19998741
8,48500010;-4,19998741
8,49000010;-3,73246789
8,49500010;-3,73246789
8,50000010;-2,33298445
8,50500010;-2,79896641
8,51000010;-3,26648593
8,51500010;-1,86546493
8,52000010;-2,33298445
8,52500010;-1,86546493
8,53000010;-0,93196350
8,53500010;-1,39948320
8,54000010;-1,39948320
8,54500010;-0,93196350
8,55000010;-1,39948320
8,55500010;-0,93196350
8,56000010;-0,93196350
8,56500010;-0,93196350
8,57000010;-0,93196350
8,57500010;-1,39948320
8,58000010;-1,39948320
8,58500010;-2,33298445
8,59000010;-1,39948320
8,59500010;-2,33298445
8,60000010;-2,33298445
8,60500010;-3,26648593
8,61000010;-3,26648593
8,61500010;-2,33298445
8,62000010;-2,79896641
8,62500010;-2,79896641
8,63000010;-2,33298445
8,63500010;-3,26648593
8,64000010;-3,73246789
8,64500010;-3,26648593
8,65000010;-3,73246789
8,65500010;-2,33298445
8,66000010;-2,79896641
8,66500010;-3,73246789
8,67000010;-3,73246789
8,67500010;-2,79896641
8,68000010;-4,19998741
8,68500010;-3,73246789
8,69000010;-3,26648593
8,69500010;-3,73246789
8,70000010;-4,19998741
8,70500010;-3,26648593
8,71000010;-3,73246789
8,71500010;-3,26648593
8,72000010;-2,79896641
8,72500010;-3,26648593
8,73000010;-2,79896641
8,73500010;-2,33298445
8,74000010;-3,73246789
8,74500010;-3,26648593
8,75000010;-2,79896641
8,75500010;-3,26648593
8,76000010;-3,26648593
8,76500010;-3,73246789
8,77000009;-3,73246789
8,77500009;-3,73246789
8,78000009;-3,73246789
8,78500009;-4,19998741
8,79000009;-4,19998741
8,79500009;-4,19998741
8,80000009;-3,73246789
8,80500009;-4,19998741
8,81000009;-4,66596889
8,81500009;-2,33298445
8,82000009;-2,79896641
8,82500009;-2,33298445
8,83000009;-2,79896641
8,83500009;-0,46598175
8,84000009;-3,26648593
8,84500009;-2,79896641
8,85000009;-1,86546493
8,85500009;-2,79896641
8,86000009;-2,33298445
8,86500009;-2,79896641
8,87000009;-1,86546493
8,87500009;-1,86546493
8,88000009;-1,86546493
8,88500009;-2,33298445
8,89000009;-1,39948320
8,89500009;-1,39948320
8,90000009;-0,93196350
8,90500009;-1,86546493
8,91000009;-0,46598175
8,91500009;0,00000000
8,92000009;0,46598175
8,92500009;0,46598175
8,93000009;0,46598175
8,93500009;0,00000000
8,94000009;1,86546493
8,94500009;2,33298445
8,95000009;2,79896641
8,95500009;2,33298445
8,96000009;2,79896641
8,96500009;2,33298445
8,97000009;2,79896641
8,97500009;2,79896641
8,98000009;3,26648593
8,98500009;3,73246789
8,99000009;4,19998741
8,99500009;3,73246789
9,00000009;3,26648593
9,00500009;3,73246789
9,01000009;4,19998741
9,01500009;4,66596889
9,02000009;4,66596889
9,02500009;4,19998741
9,03000009;4,19998741
9,03500009;5,59947062
9,04000009;3,73246789
9,04500009;4,66596889
9,05000009;4,19998741
9,05500009;3,73246789
9,06000009;4,19998741
9,06500009;4,19998741
9,07000009;3,73246789
9,07500009;3,26648593
9,08000009;4,19998741
9,08500009;3,73246789
9,09000009;3,26648593
9,09500009;3,26648593
9,10000009;2,33298445
9,10500009;2,33298445
9,11000009;2,33298445
9,11500009;2,33298445
9,12000009;1,86546493
9,12500009;2,33298445
9,13000009;1,86546493
9,13500009;2,79896641
9,14000009;1,39948320
9,14500009;1,86546493
9,15000009;2,33298445
9,15500009;1,39948320
9,16000009;1,39948320
9,16500008;2,33298445
9,17000008;0,46598175
9,17500008;0,46598175
9,18000008;2,33298445
9,18500008;1,39948320
9,19000008;0,46598175
9,19500008;0,93196350
9,20000008;0,93196350
9,20500008;0,93196350
9,21000008;0,93196350
9,21500008;0,93196350
9,22000008;0,00000000
9,22500008;0,93196350
9,23000008;0,00000000
9,23500008;0,00000000
9,24000008;0,00000000
9,24500008;-0,93196350
9,25000008;-1,39948320
9,25500008;-1,39948320
9,26000008;-0,93196350
9,26500008;-1,86546493
9,27000008;-2,79896641
9,27500008;-2,79896641
9,28000008;-3,26648593
9,28500008;-4,66596889
9,29000008;-3,26648593
9,29500008;-3,73246789
9,30000008;-3,73246789
9,30500008;-3,26648593
9,31000008;-4,19998741
9,31500008;-3,26648593
9,32000008;-3,73246789
9,32500008;-4,19998741
9,33000008;-5,13348866
9,33500008;-4,66596889
9,34000008;-4,66596889
9,34500008;-6,06699038
9,35000008;-7,93399334
9,35500008;-6,06699038
9,36000008;-7,00049162
9,36500008;-7,00049162
9,37000008;-6,53297186
9,37500008;-6,53297186
9,38000008;-4,66596889
9,38500008;-4,19998741
9,39000008;-3,26648593
9,39500008;-2,79896641
9,40000008;-0,93196350
9,40500008;0,00000000
9,41000008;1,86546493
9,41500008;2,33298445
9,42000008;2,79896641
9,42500008;4,19998741
9,43000008;4,19998741
9,43500008;5,13348866
9,44000008;4,66596889
9,44500008;5,13348866
9,45000008;4,19998741
9,45500008;3,73246789
9,46000008;3,73246789
9,46500008;2,79896641
9,47000008;2,33298445
9,47500008;2,33298445
9,48000008;2,33298445
9,48500008;2,33298445
9,49000008;2,79896641
9,49500008;2,79896641
9,50000008;3,26648593
9,50500008;4,66596889
9,51000008;5,59947062
9,51500008;5,59947062
9,52000008;5,59947062
9,52500008;6,06699038
9,53000008;6,53297186
9,53500008;7,46647358
9,54000008;7,46647358
9,54500008;7,93399334
9,55000008;7,46647358
9,55500008;6,53297186
9,56000007;7,00049162
9,56500007;7,46647358
9,57000007;7,93399334
9,57500007;8,39997482
9,58000007;8,86749458
9,58500007;6,53297186
9,59000007;9,80099583
9,59500007;8,86749458
9,60000007;10,73449707
9,60500007;10,26697731
9,61000007;10,26697731
9,61500007;11,20047951
9,62000007;10,73449707
9,62500007;9,80099583
9,63000007;10,73449707
9,63500007;10,26697731
9,64000007;10,26697731
9,64500007;9,80099583
9,65000007;9,80099583
9,65500007;9,33347607
9,66000007;8,86749458
9,66500007;8,86749458
9,67000007;9,80099583
9,67500007;10,26697731
9,68000007;9,80099583
9,68500007;10,26697731
9,69000007;10,26697731
9,69500007;10,26697731
9,70000007;11,20047951
9,70500007;11,20047951
9,71000007;10,73449707
9,71500007;11,20047951
9,72000007;11,66799831
9,72500007;11,20047951
9,73000007;11,20047951
9,73500007;10,73449707
9,74000007;10,26697731
9,74500007;10,26697731
9,75000007;10,26697731
9,75500007;9,33347607
9,76000007;8,86749458
9,76500007;11,20047951
9,77000007;8,86749458
9,77500007;9,33347607
9,78000007;8,39997482
9,78500007;8,86749458
9,79000007;8,86749458
9,79500007;9,33347607
9,80000007;9,33347607
9,80500007;9,33347607
9,81000007;8,86749458
9,81500007;8,39997482
9,82000007;6,53297186
9,82500007;8,39997482
9,83000007;8,86749458
9,83500007;9,33347607
9,84000007;9,33347607
9,84500007;9,33347607
9,85000007;9,33347607
9,85500007;8,86749458
9,86000007;9,33347607
9,86500007;9,80099583
9,87000007;10,26697731
9,87500007;10,26697731
9,88000007;9,80099583
9,88500007;10,73449707
9,89000007;10,73449707
9,89500007;8,86749458
9,90000007;10,73449707
9,90500007;8,39997482
9,91000007;8,39997482
9,91500007;9,33347607
9,92000007;8,86749458
9,92500007;7,46647358
9,93000007;7,93399334
9,93500007;7,46647358
9,94000007;7,00049162
9,94500007;7,00049162
9,95000007;6,53297186
9,95500007;6,53297186
9,96000006;7,46647358
9,96500006;6,53297186
9,97000006;7,00049162
9,97500006;6,53297186
9,98000006;6,53297186
9,98500006;7,00049162
9,99000006;6,53297186
9,99500006;6,06699038
10,00000006;5,59947062
10,00500006;6,06699038
10,01000006;5,13348866
10,01500006;4,19998741
10,02000006;4,19998741
10,02500006;4,19998741
10,03000006;3,26648593
10,03500006;3,73246789
10,04000006;3,26648593
10,04500006;3,26648593
10,05000006;3,73246789
10,05500006;3,26648593
10,06000006;2,79896641
10,06500006;3,26648593
10,07000006;4,66596889
10,07500006;4,19998741
10,08000006;4,19998741
10,08500006;4,66596889
10,09000006;4,66596889
10,09500006;4,19998741
10,10000006;4,66596889
10,10500006;3,73246789
10,11000006;4,19998741
10,11500006;4,19998741
10,12000006;4,66596889
10,12500006;3,73246789
10,13000006;4,66596889
10,13500006;5,59947062
10,14000006;5,13348866
10,14500006;6,06699038
10,15000006;9,33347607
10,15500006;8,39997482
10,16000006;9,80099583
10,16500006;9,33347607
10,17000006;11,66799831
10,17500006;11,66799831
10,18000006;12,60150051
10,18500006;13,06748199
10,19000006;12,60150051
10,19500006;13,53500175
10,20000006;14,00098324
10,20500006;13,53500175
10,21000006;13,06748199
10,21500006;13,06748199
10,22000006;12,13398075
10,22500006;12,13398075
10,23000006;12,13398075
10,23500006;11,20047951
10,24000006;10,73449707
10,24500006;10,73449707
10,25000006;10,73449707
10,25500006;11,20047951
10,26000006;12,60150051
10,26500006;11,66799831
10,27000006;10,73449707
10,27500006;11,66799831
10,28000006;12,13398075
10,28500006;12,60150051
10,29000006;13,06748199
10,29500006;14,00098324
10,30000006;13,06748199
10,30500006;14,46850300
10,31000006;14,00098324
10,31500006;14,00098324
10,32000006;14,93448448
10,32500006;14,93448448
10,33000006;15,86798668
10,33500006;15,40046692
10,34000006;16,80148888
10,34500006;17,26746941
10,35000006;19,13447189
10,35500005;16,33396912
10,36000005;17,73498917
10,36500005;16,80148888
10,37000005;17,73498917
10,37500005;17,26746941
10,38000005;16,80148888
10,38500005;18,20096970
10,39000005;17,73498917
10,39500005;17,26746941
10,40000005;16,33396912
10,40500005;16,80148888
10,41000005;16,80148888
10,41500005;17,26746941
10,42000005;16,33396912
10,42500005;16,33396912
10,43000005;16,80148888
10,43500005;15,86798668
10,44000005;16,80148888
10,44500005;16,80148888
10,45000005;15,86798668
10,45500005;16,80148888
10,46000005;16,80148888
10,46500005;17,26746941
10,47000005;15,86798668
10,47500005;15,40046692
10,48000005;14,93448448
10,48500005;14,46850300
10,49000005;14,93448448
10,49500005;14,00098324
10,50000005;13,53500175
10,50500005;13,53500175
10,51000005;13,06748199
10,51500005;12,60150051
10,52000005;13,06748199
10,52500005;12,13398075
10,53000005;13,06748199
10,53500005;12,13398075
10,54000005;12,60150051
10,54500005;12,60150051
10,55000005;11,66799831
10,55500005;11,20047951
10,56000005;12,13398075
10,56500005;10,73449707
10,57000005;11,66799831
10,57500005;12,13398075
10,58000005;12,60150051
10,58500005;11,66799831
10,59000005;14,00098324
10,59500005;14,00098324
10,60000005;13,53500175
10,60500005;13,06748199
10,61000005;14,93448448
10,61500005;14,00098324
10,62000005;14,93448448
10,62500005;15,86798668
10,63000005;15,40046692
10,63500005;15,40046692
10,64000005;15,40046692
10,64500005;16,33396912
10,65000005;14,93448448
10,65500005;15,40046692
10,66000005;15,40046692
10,66500005;14,93448448
10,67000005;15,40046692
10,67500005;15,40046692
10,68000005;14,46850300
10,68500005;13,53500175
10,69000005;14,00098324
10,69500005;14,00098324
10,70000005;14,46850300
10,70500005;14,00098324
10,71000005;14,46850300
10,71500005;14,46850300
10,72000005;14,46850300
10,72500005;14,46850300
10,73000005;15,40046692
10,73500005;14,93448448
10,74000005;15,86798668
10,74500005;14,93448448
10,75000004;15,86798668
10,75500004;15,40046692
10,76000004;15,40046692
10,76500004;14,46850300
10,77000004;14,46850300
10,77500004;14,93448448
10,78000004;14,00098324
10,78500004;14,46850300
10,79000004;16,80148888
10,79500004;14,00098324
10,80000004;14,00098324
10,80500004;13,53500175
10,81000004;13,53500175
10,81500004;13,53500175
10,82000004;15,86798668
10,82500004;13,53500175
10,83000004;14,93448448
10,83500004;13,53500175
10,84000004;15,40046692
10,84500004;14,93448448
10,85000004;15,40046692
10,85500004;15,40046692
10,86000004;14,93448448
10,86500004;15,86798668
10,87000004;15,86798668
10,87500004;14,00098324
10,88000004;15,40046692
10,88500004;15,86798668
10,89000004;15,86798668
10,89500004;14,93448448
10,90000004;15,40046692
10,90500004;14,93448448
10,91000004;15,86798668
10,91500004;14,93448448
10,92000004;16,33396912
10,92500004;14,93448448
10,93000004;14,93448448
10,93500004;14,46850300
10,94000004;14,00098324
10,94500004;13,53500175
10,95000004;13,53500175
10,95500004;14,46850300
10,96000004;13,06748199
10,96500004;14,00098324
10,97000004;13,06748199
10,97500004;13,53500175
10,98000004;11,20047951
10,98500004;12,13398075
10,99000004;12,13398075
10,99500004;12,13398075
11,00000004;11,20047951
11,00500004;10,73449707
11,01000004;9,80099583
11,01500004;10,73449707
11,02000004;10,73449707
11,02500004;9,33347607
11,03000004;9,80099583
11,03500004;8,86749458
11,04000004;8,86749458
11,04500004;8,86749458
11,05000004;8,86749458
11,05500004;8,86749458
11,06000004;9,80099583
11,06500004;8,86749458
11,07000004;8,86749458
11,07500004;8,39997482
11,08000004;8,86749458
11,08500004;8,39997482
11,09000004;7,00049162
11,09500004;7,46647358
11,10000004;6,53297186
11,10500004;7,46647358
11,11000004;6,53297186
11,11500004;6,53297186
11,12000004;7,00049162
11,12500004;6,53297186
11,13000004;5,59947062
11,13500004;6,06699038
11,14000004;5,59947062
11,14500003;5,59947062
11,15000003;5,59947062
11,15500003;6,06699038
11,16000003;5,59947062
11,16500003;4,66596889
11,17000003;4,66596889
11,17500003;4,66596889
11,18000003;4,19998741
11,18500003;5,13348866
11,19000003;4,19998741
11,19500003;4,66596889
11,20000003;4,66596889
11,20500003;3,26648593
11,21000003;4,19998741
11,21500003;3,73246789
11,22000003;3,73246789
11,22500003;3,73246789
11,23000003;3,26648593
11,23500003;3,26648593
11,24000003;2,33298445
11,24500003;2,79896641
11,25000003;4,19998741
11,25500003;1,39948320
11,26000003;1,39948320
11,26500003;0,93196350
11,27000003;-0,46598175
11,27500003;-0,46598175
11,28000003;0,46598175
11,28500003;0,93196350
11,29000003;1,39948320
11,29500003;1,86546493
11,30000003;3,26648593
11,30500003;3,73246789
11,31000003;5,59947062
11,31500003;6,53297186
11,32000003;7,46647358
11,32500003;7,93399334
11,33000003;7,93399334
11,33500003;8,86749458
11,34000003;8,39997482
11,34500003;7,93399334
11,35000003;7,00049162
11,35500003;7,46647358
11,36000003;6,53297186
11,36500003;6,53297186
11,37000003;4,19998741
11,37500003;3,73246789
11,38000003;5,13348866
11,38500003;3,26648593
11,39000003;3,26648593
11,39500003;4,19998741
11,40000003;3,73246789
11,40500003;3,73246789
11,41000003;4,19998741
11,41500003;3,26648593
11,42000003;3,73246789
11,42500003;3,73246789
11,43000003;3,26648593
11,43500003;3,73246789
11,44000003;2,79896641
11,44500003;3,26648593
11,45000003;2,79896641
11,45500003;3,73246789
11,46000003;3,26648593
11,46500003;2,79896641
11,47000003;3,73246789
11,47500003;2,79896641
11,48000003;2,79896641
11,48500003;-9,33347607
11,49000003;2,79896641
11,49500003;3,26648593
11,50000003;2,79896641
11,50500003;2,79896641
11,51000003;2,33298445
11,51500003;1,86546493
11,52000003;1,39948320
11,52500003;-0,93196350
11,53000003;0,00000000
11,53500003;-0,46598175
11,54000002;-0,93196350
11,54500002;-1,86546493
11,55000002;-1,39948320
11,55500002;-1,39948320
11,56000002;-0,93196350
11,56500002;-2,79896641
11,57000002;-0,46598175
11,57500002;0,46598175
11,58000002;0,93196350
11,58500002;0,46598175
11,59000002;0,93196350
11,59500002;1,86546493
11,60000002;2,33298445
11,60500002;2,33298445
11,61000002;2,79896641
11,61500002;2,79896641
11,62000002;3,26648593
11,62500002;3,26648593
11,63000002;3,26648593
11,63500002;3,26648593
11,64000002;3,26648593
11,64500002;2,79896641
11,65000002;2,79896641
11,65500002;3,26648593
11,66000002;2,79896641
11,66500002;2,33298445
11,67000002;2,33298445
11,67500002;2,33298445
11,68000002;2,33298445
11,68500002;2,79896641
11,69000002;0,93196350
11,69500002;1,86546493
11,70000002;1,86546493
11,70500002;1,39948320
11,71000002;0,93196350
11,71500002;1,39948320
11,72000002;-0,46598175
11,72500002;-0,46598175
11,73000002;-0,46598175
11,73500002;-0,46598175
11,74000002;-2,33298445
11,74500002;-1,86546493
11,75000002;-2,33298445
11,75500002;0,00000000
11,76000002;-0,93196350
11,76500002;1,39948320
11,77000002;-0,46598175
11,77500002;0,00000000
11,78000002;0,00000000
11,78500002;0,46598175
11,79000002;0,93196350
11,79500002;0,93196350
11,80000002;0,00000000
11,80500002;0,00000000
11,81000002;0,00000000
11,81500002;-0,46598175
11,82000002;-1,39948320
11,82500002;-2,33298445
11,83000002;-3,26648593
11,83500002;-4,19998741
11,84000002;-4,19998741
11,84500002;-5,13348866
11,85000002;-5,13348866
11,85500002;-5,59947062
11,86000002;-7,00049162
11,86500002;-6,53297186
11,87000002;-7,46647358
11,87500002;-6,53297186
11,88000002;-7,93399334
11,88500002;-7,93399334
11,89000002;-6,06699038
11,89500002;-6,53297186
11,90000002;-7,00049162
11,90500002;-7,93399334
11,91000002;-8,39997482
11,91500002;-9,80099583
11,92000002;-4,66596889
11,92500002;-9,33347607
11,93000002;-9,80099583
11,93500002;-10,73449707
11,94000001;-11,66799831
11,94500001;-12,13398075
11,95000001;-11,20047951
11,95500001;-13,06748199
11,96000001;-12,60150051
11,96500001;-13,53500175
11,97000001;-13,06748199
11,97500001;-12,60150051
11,98000001;-12,60150051
11,98500001;-13,06748199
11,99000001;-13,53500175
11,99500001;-13,53500175
12,00000001;-14,00098324
12,00500001;-14,46850300
12,01000001;-14,00098324
12,01500001;-13,53500175
12,02000001;-13,53500175
12,02500001;-12,60150051
12,03000001;-13,06748199
12,03500001;-12,60150051
12,04000001;-11,20047951
12,04500001;-11,20047951
12,05000001;-10,73449707
12,05500001;-9,33347607
12,06000001;-8,39997482
12,06500001;-7,93399334
12,07000001;-7,46647358
12,07500001;-6,06699038
12,08000001;-6,06699038
12,08500001;-6,06699038
12,09000001;-4,66596889
12,09500001;-4,66596889
12,10000001;-4,66596889
12,10500001;-5,59947062
12,11000001;-5,59947062
12,11500001;-6,53297186
12,12000001;-3,73246789
12,12500001;-7,46647358
12,13000001;-7,46647358
12,13500001;-7,93399334
12,14000001;-8,39997482
12,14500001;-8,39997482
12,15000001;-8,86749458
12,15500001;-8,39997482
12,16000001;-7,93399334
12,16500001;-9,33347607
12,17000001;-8,39997482
12,17500001;-7,93399334
12,18000001;-8,86749458
12,18500001;-7,46647358
12,19000001;-7,46647358
12,19500001;-7,93399334
12,20000001;-6,53297186
12,20500001;-5,59947062
12,21000001;-5,13348866
12,21500001;-4,66596889
12,22000001;-4,66596889
12,22500001;-2,33298445
12,23000001;-2,33298445
12,23500001;-1,86546493
12,24000001;-0,93196350
12,24500001;-0,93196350
12,25000001;-8,86749458
12,25500001;0,00000000
12,26000001;-0,46598175
12,26500001;-0,46598175
12,27000001;-0,46598175
12,27500001;-0,93196350
12,28000001;0,00000000
12,28500001;-0,93196350
12,29000001;-1,39948320
12,29500001;-1,39948320
12,30000001;-1,39948320
12,30500001;-2,33298445
12,31000001;-0,93196350
12,31500001;-1,86546493
12,32000001;-1,86546493
12,32500001;-0,93196350
12,33000001;-1,39948320
12,33500000;-0,46598175
12,34000000;-0,93196350
12,34500000;-0,46598175
12,35000000;-0,46598175
12,35500000;0,46598175
12,36000000;0,00000000
12,36500000;-0,93196350
12,37000000;-1,39948320
12,37500000;-1,39948320
12,38000000;-0,93196350
12,38500000;-1,39948320
12,39000000;-1,86546493
12,39500000;-3,26648593
12,40000000;-3,26648593
12,40500000;-3,73246789
12,41000000;-3,73246789
12,41500000;-5,59947062
12,42000000;-7,93399334
12,42500000;-6,53297186
12,43000000;-7,00049162
12,43500000;-7,46647358
12,44000000;-8,86749458
12,44500000;-8,86749458
12,45000000;-8,86749458
12,45500000;-7,93399334
12,46000000;-7,46647358
12,46500000;-9,33347607
12,47000000;-8,39997482
12,47500000;-8,86749458
12,48000000;-8,86749458
12,48500000;-8,39997482
12,49000000;-8,39997482
12,49500000;-7,46647358
12,50000000;-7,93399334
12,50500000;-7,46647358
12,51000000;-7,46647358
12,51500000;-7,00049162
12,52000000;-6,53297186
12,52500000;-7,00049162
12,53000000;-6,53297186
12,53500000;-6,53297186
12,54000000;-6,53297186
12,54500000;-6,53297186
12,55000000;-6,06699038
12,55500000;-6,06699038
12,56000000;-5,59947062
12,56500000;-6,53297186
12,57000000;-4,66596889
12,57500000;-6,53297186
12,58000000;-5,13348866
12,58500000;-7,00049162
12,59000000;-6,53297186
12,59500000;-7,93399334
12,60000000;-6,06699038
12,60500000;-6,06699038
12,61000000;-5,59947062
12,61500000;-6,06699038
12,62000000;-5,59947062
12,62500000;-4,66596889
12,63000000;-4,19998741
12,63500000;-5,59947062
12,64000000;-4,19998741
12,64500000;-5,13348866
12,65000000;-3,73246789
12,65500000;-3,73246789
12,66000000;-2,79896641
12,66500000;-3,26648593
12,67000000;-2,33298445
12,67500000;-3,73246789
12,68000000;-2,33298445
12,68500000;-1,39948320
12,69000000;-1,39948320
12,69500000;-0,93196350
12,70000000;-0,93196350
12,70500000;-0,93196350
12,71000000;0,93196350
12,71500000;-0,46598175
12,72000000;0,00000000
12,72500000;0,00000000
12,72999999;-0,46598175
12,73499999;0,46598175
12,73999999;1,39948320
12,74499999;0,46598175
12,74999999;1,39948320
12,75499999;1,39948320
12,75999999;0,93196350
12,76499999;1,86546493
12,76999999;1,86546493
12,77499999;1,86546493
12,77999999;1,86546493
12,78499999;2,33298445
12,78999999;1,86546493
12,79499999;2,33298445
12,79999999;2,33298445
12,80499999;1,86546493
12,80999999;1,86546493
12,81499999;2,33298445
12,81999999;1,86546493
12,82499999;1,86546493
12,82999999;1,39948320
12,83499999;0,46598175
12,83999999;0,46598175
12,84499999;0,93196350
12,84999999;1,39948320
12,85499999;0,46598175
12,85999999;-0,46598175
12,86499999;1,39948320
12,86999999;-1,39948320
12,87499999;-1,86546493
12,87999999;-1,86546493
12,88499999;-2,33298445
12,88999999;-2,79896641
12,89499999;-3,26648593
12,89999999;-2,33298445
12,90499999;-2,33298445
12,90999999;-3,26648593
12,91499999;-3,73246789
12,91999999;-2,33298445
12,92499999;-2,33298445
12,92999999;-2,33298445
12,93499999;-3,26648593
12,93999999;-2,79896641
12,94499999;-3,26648593
12,94999999;-2,79896641
12,95499999;-3,26648593
12,95999999;-3,26648593
12,96499999;-1,86546493
12,96999999;-4,19998741
12,97499999;-4,19998741
12,97999999;-6,06699038
12,98499999;-5,13348866
12,98999999;-5,13348866
12,99499999;-5,59947062
12,99999999;-5,13348866
13,00499999;-5,59947062
13,00999999;-5,59947062
13,01499999;-5,59947062
13,01999999;-4,66596889
13,02499999;-4,66596889
13,02999999;-5,13348866
13,03499999;-5,13348866
13,03999999;-5,13348866
13,04499999;-5,59947062
13,04999999;-5,59947062
13,05499999;-6,06699038
13,05999999;-6,53297186
13,06499999;-6,53297186
13,06999999;-7,00049162
13,07499999;-7,46647358
13,07999999;-7,00049162
13,08499999;-8,39997482
13,08999999;-7,00049162
13,09499999;-7,93399334
13,09999999;-7,93399334
13,10499999;-7,00049162
13,10999999;-7,00049162
13,11499999;-6,53297186
13,11999999;-6,06699038
13,12499998;-6,06699038
13,12999998;-5,59947062
13,13499998;-5,59947062
13,13999998;-5,59947062
13,14499998;-6,06699038
13,14999998;-6,53297186
13,15499998;-6,53297186
13,15999998;-6,53297186
13,16499998;-7,93399334
13,16999998;-7,93399334
13,17499998;-6,53297186
13,17999998;-25,66898346
13,18499998;-6,53297186
13,18999998;-5,59947062
13,19499998;-4,66596889
13,19999998;-4,66596889
13,20499998;-3,26648593
13,20999998;-1,39948320
13,21499998;-0,46598175
13,21999998;1,39948320
13,22499998;2,33298445
13,22999998;3,26648593
13,23499998;3,73246789
13,23999998;4,19998741
13,24499998;3,73246789
13,24999998;3,26648593
13,25499998;3,26648593
13,25999998;4,19998741
13,26499998;2,33298445
13,26999998;2,33298445
13,27499998;0,93196350
13,27999998;20,53549385
13,28499998;1,39948320
13,28999998;0,00000000
13,29499998;1,86546493
13,29999998;0,93196350
13,30499998;1,39948320
13,30999998;2,79896641
13,31499998;2,33298445
13,31999998;2,79896641
13,32499998;3,26648593
13,32999998;2,79896641
13,33499998;3,73246789
13,33999998;2,79896641
13,34499998;2,79896641
13,34999998;3,26648593
13,35499998;3,26648593
13,35999998;3,73246789
13,36499998;3,73246789
13,36999998;2,79896641
13,37499998;3,26648593
13,37999998;6,53297186
13,38499998;3,73246789
13,38999998;4,66596889
13,39499998;5,13348866
13,39999998;5,59947062
13,40499998;6,06699038
13,40999998;6,06699038
13,41499998;5,59947062
13,41999998;6,06699038
13,42499998;5,13348866
13,42999998;6,06699038
13,43499998;5,13348866
13,43999998;5,59947062
13,44499998;3,73246789
13,44999998;4,66596889
13,45499998;4,66596889
13,45999998;4,19998741
13,46499998;4,19998741
13,46999998;3,26648593
13,47499998;4,66596889
13,47999998;2,33298445
13,48499998;4,19998741
13,48999998;5,59947062
13,49499998;5,13348866
13,49999998;5,59947062
13,50499998;6,06699038
13,50999998;7,00049162
13,51499998;7,00049162
13,51999997;7,93399334
13,52499997;6,53297186
13,52999997;6,53297186
13,53499997;7,00049162
13,53999997;6,53297186
13,54499997;6,53297186
13,54999997;6,06699038
13,55499997;6,53297186
13,55999997;5,13348866
13,56499997;3,73246789
13,56999997;6,06699038
13,57499997;5,13348866
13,57999997;4,66596889
13,58499997;4,66596889
13,58999997;4,66596889
13,59499997;3,73246789
13,59999997;3,26648593
13,60499997;4,66596889
13,60999997;4,19998741
13,61499997;4,19998741
13,61999997;3,26648593
13,62499997;2,79896641
13,62999997;2,79896641
13,63499997;2,33298445
13,63999997;1,86546493
13,64499997;2,79896641
13,64999997;1,39948320
13,65499997;1,86546493
13,65999997;2,79896641
13,66499997;2,79896641
13,66999997;2,79896641
13,67499997;2,79896641
13,67999997;4,19998741
13,68499997;4,19998741
13,68999997;5,59947062
13,69499997;4,66596889
13,69999997;6,06699038
13,70499997;5,59947062
13,70999997;6,06699038
13,71499997;5,13348866
13,71999997;4,66596889
13,72499997;4,19998741
13,72999997;4,66596889
13,73499997;3,73246789
13,73999997;3,73246789
13,74499997;3,26648593
13,74999997;3,26648593
13,75499997;3,26648593
13,75999997;2,79896641
13,76499997;2,79896641
13,76999997;4,19998741
13,77499997;2,79896641
13,77999997;1,39948320
13,78499997;2,79896641
13,78999997;3,73246789
13,79499997;3,73246789
13,79999997;3,26648593
13,80499997;2,79896641
13,80999997;3,26648593
13,81499997;2,79896641
13,81999997;2,79896641
13,82499997;2,79896641
13,82999997;4,19998741
13,83499997;2,79896641
13,83999997;2,79896641
13,84499997;2,33298445
13,84999997;2,33298445
13,85499997;1,86546493
13,85999997;1,86546493
13,86499997;2,33298445
13,86999997;1,86546493
13,87499997;2,33298445
13,87999997;2,79896641
13,88499997;2,79896641
13,88999997;4,19998741
13,89499997;1,39948320
13,89999997;2,79896641
13,90499997;2,79896641
13,90999997;3,26648593
13,91499996;2,79896641
13,91999996;1,86546493
13,92499996;2,33298445
13,92999996;2,79896641
13,93499996;2,79896641
13,93999996;2,33298445
13,94499996;2,79896641
13,94999996;3,73246789
13,95499996;4,19998741
13,95999996;4,66596889
13,96499996;5,13348866
13,96999996;5,59947062
13,97499996;6,53297186
13,97999996;7,46647358
13,98499996;6,53297186
13,98999996;8,39997482
13,99499996;7,46647358
13,99999996;7,93399334
14,00499996;7,46647358
14,00999996;7,93399334
14,01499996;13,06748199
14,01999996;7,93399334
14,02499996;6,06699038
14,02999996;6,53297186
14,03499996;6,06699038
14,03999996;4,66596889
14,04499996;5,13348866
14,04999996;5,13348866
14,05499996;5,13348866
14,05999996;5,13348866
14,06499996;4,66596889
14,06999996;4,66596889
14,07499996;4,66596889
14,07999996;5,13348866
14,08499996;6,53297186
14,08999996;5,13348866
14,09499996;5,13348866
14,09999996;5,13348866
14,10499996;6,53297186
14,10999996;6,53297186
14,11499996;7,00049162
14,11999996;7,46647358
14,12499996;7,46647358
14,12999996;8,39997482
14,13499996;8,39997482
14,13999996;9,33347607
14,14499996;9,80099583
14,14999996;10,26697731
14,15499996;9,33347607
14,15999996;9,80099583
14,16499996;10,26697731
14,16999996;10,73449707
14,17499996;9,33347607
14,17999996;8,39997482
14,18499996;10,26697731
14,18999996;9,80099583
14,19499996;8,39997482
14,19999996;8,86749458
14,20499996;7,93399334
14,20999996;8,39997482
14,21499996;8,39997482
14,21999996;8,39997482
14,22499996;8,39997482
14,22999996;8,86749458
14,23499996;9,80099583
14,23999996;10,26697731
14,24499996;10,73449707
14,24999996;12,13398075
14,25499996;11,20047951
14,25999996;11,66799831
14,26499996;11,66799831
14,26999996;11,66799831
14,27499996;11,20047951
14,27999996;12,13398075
14,28499996;12,60150051
14,28999996;12,13398075
14,29499996;11,66799831
14,29999996;12,13398075
14,30499996;11,66799831
14,30999996;11,20047951
14,31499995;11,20047951
14,31999995;10,73449707
14,32499995;10,73449707
14,32999995;9,80099583
14,33499995;10,73449707
14,33999995;10,73449707
14,34499995;11,20047951
14,34999995;11,20047951
14,35499995;10,73449707
14,35999995;11,20047951
14,36499995;11,20047951
14,36999995;10,73449707
14,37499995;11,20047951
14,37999995;9,33347607
14,38499995;10,73449707
14,38999995;10,73449707
14,39499995;12,13398075
14,39999995;11,20047951
14,40499995;11,20047951
14,40999995;11,66799831
14,41499995;11,20047951
14,41999995;11,66799831
14,42499995;12,13398075
14,42999995;12,60150051
14,43499995;11,66799831
14,43999995;13,06748199
14,44499995;13,06748199
14,44999995;13,06748199
14,45499995;13,53500175
14,45999995;13,06748199
14,46499995;13,53500175
14,46999995;13,53500175
14,47499995;12,60150051
14,47999995;12,60150051
14,48499995;12,13398075
14,48999995;12,13398075
14,49499995;12,60150051
14,49999995;11,66799831
14,50499995;11,66799831
14,50999995;12,13398075
14,51499995;11,66799831
14,51999995;14,46850300
14,52499995;12,13398075
14,52999995;10,73449707
14,53499995;10,73449707
14,53999995;11,66799831
14,54499995;10,73449707
14,54999995;10,73449707
14,55499995;11,20047951
14,55999995;10,26697731
14,56499995;11,20047951
14,56999995;10,26697731
14,57499995;10,73449707
14,57999995;9,80099583
14,58499995;11,20047951
14,58999995;11,20047951
14,59499995;10,73449707
14,59999995;11,20047951
14,60499995;10,73449707
14,60999995;10,73449707
14,61499995;10,73449707
14,61999995;10,26697731
14,62499995;10,26697731
14,62999995;10,73449707
14,63499995;10,26697731
14,63999995;10,73449707
14,64499995;10,73449707
14,64999995;9,80099583
14,65499995;10,26697731
14,65999995;9,33347607
14,66499995;9,80099583
14,66999995;9,33347607
14,67499995;9,80099583
14,67999995;9,80099583
14,68499995;9,80099583
14,68999995;9,33347607
14,69499995;9,80099583
14,69999995;9,33347607
14,70499995;9,80099583
14,70999994;11,66799831
14,71499994;9,33347607
14,71999994;10,73449707
14,72499994;9,80099583
14,72999994;10,26697731
14,73499994;10,26697731
14,73999994;10,73449707
14,74499994;9,80099583
14,74999994;10,26697731
14,75499994;10,26697731
14,75999994;9,80099583
14,76499994;10,73449707
14,76999994;11,20047951
14,77499994;10,26697731
14,77999994;8,86749458
14,78499994;9,80099583
14,78999994;9,80099583
14,79499994;8,86749458
14,79999994;8,86749458
14,80499994;9,33347607
14,80999994;9,80099583
14,81499994;8,39997482
14,81999994;7,93399334
14,82499994;8,86749458
14,82999994;8,86749458
14,83499994;8,86749458
14,83999994;9,33347607
14,84499994;8,86749458
14,84999994;8,39997482
14,85499994;7,93399334
14,85999994;8,39997482
14,86499994;7,93399334
14,86999994;7,93399334
14,87499994;7,46647358
14,87999994;7,46647358
14,88499994;7,46647358
14,88999994;7,93399334
14,89499994;7,00049162
14,89999994;7,93399334
14,90499994;7,00049162
14,90999994;7,93399334
14,91499994;7,93399334
14,91999994;7,93399334
14,92499994;7,46647358
14,92999994;10,26697731
14,93499994;7,93399334
14,93999994;8,39997482
14,94499994;7,46647358
14,94999994;7,46647358
14,95499994;7,00049162
14,95999994;6,06699038
14,96499994;5,13348866
14,96999994;5,13348866
14,97499994;5,13348866
14,97999994;4,66596889
14,98499994;3,26648593
14,98999994;4,66596889
14,99499994;3,26648593
14,99999994;1,86546493
15,00499994;1,86546493
15,00999994;1,86546493
15,01499994;1,39948320
15,01999994;2,33298445
15,02499994;1,86546493
15,02999994;1,86546493
15,03499994;1,39948320
15,03999994;0,93196350
15,04499994;1,39948320
15,04999994;1,39948320
15,05499994;0,00000000
15,05999994;0,46598175
15,06499994;-0,46598175
15,06999994;0,00000000
15,07499994;0,00000000
15,07999994;-0,46598175
15,08499994;1,39948320
15,08999994;-1,39948320
15,09499994;-0,93196350
15,09999994;0,00000000
15,10499993;0,46598175
15,10999993;0,93196350
15,11499993;1,86546493
15,11999993;2,79896641
15,12499993;4,19998741
15,12999993;4,19998741
15,13499993;5,59947062
15,13999993;6,53297186
15,14499993;6,53297186
15,14999993;6,06699038
15,15499993;6,53297186
15,15999993;6,53297186
15,16499993;5,59947062
15,16999993;3,73246789
15,17499993;5,13348866
15,17999993;3,73246789
15,18499993;4,19998741
15,18999993;3,73246789
15,19499993;3,73246789
15,19999993;3,26648593
15,20499993;3,73246789
15,20999993;4,66596889
15,21499993;4,19998741
15,21999993;4,19998741
15,22499993;4,66596889
15,22999993;5,59947062
15,23499993;5,13348866
15,23999993;5,59947062
15,24499993;4,19998741
15,24999993;4,66596889
15,25499993;5,59947062
15,25999993;5,59947062
15,26499993;5,59947062
15,26999993;5,13348866
15,27499993;5,59947062
15,27999993;6,06699038
15,28499993;6,06699038
15,28999993;6,53297186
15,29499993;6,53297186
15,29999993;7,00049162
15,30499993;7,93399334
15,30999993;7,93399334
15,31499993;7,00049162
15,31999993;7,46647358
15,32499993;7,46647358
15,32999993;8,39997482
15,33499993;5,59947062
15,33999993;6,53297186
15,34499993;6,53297186
15,34999993;6,06699038
15,35499993;5,59947062
15,35999993;5,13348866
15,36499993;5,13348866
15,36999993;4,66596889
15,37499993;6,06699038
15,37999993;5,59947062
15,38499993;6,06699038
15,38999993;6,53297186
15,39499993;7,00049162
15,39999993;7,00049162
15,40499993;7,93399334
15,40999993;8,39997482
15,41499993;8,39997482
15,41999993;9,33347607
15,42499993;9,33347607
15,42999993;9,33347607
15,43499993;8,86749458
15,43999993;9,33347607
15,44499993;8,86749458
15,44999993;8,86749458
15,45499993;7,46647358
15,45999993;7,93399334
15,46499993;7,46647358
15,46999993;5,59947062
15,47499993;5,13348866
15,47999993;5,13348866
15,48499993;4,19998741
15,48999993;3,73246789
15,49499993;5,13348866
15,49999992;3,73246789
15,50499992;3,26648593
15,50999992;3,26648593
15,51499992;3,73246789
15,51999992;2,33298445
15,52499992;2,79896641
15,52999992;2,33298445
15,53499992;2,33298445
15,53999992;2,33298445
15,54499992;1,39948320
15,54999992;0,93196350
15,55499992;1,39948320
15,55999992;1,39948320
15,56499992;1,39948320
15,56999992;1,39948320
15,57499992;1,86546493
15,57999992;0,93196350
15,58499992;2,33298445
15,58999992;2,79896641
15,59499992;1,86546493
15,59999992;3,26648593
15,60499992;6,06699038
15,60999992;4,19998741
15,61499992;2,79896641
15,61999992;2,79896641
15,62499992;2,33298445
15,62999992;2,79896641
15,63499992;1,39948320
15,63999992;0,46598175
15,64499992;0,00000000
15,64999992;-1,39948320
15,65499992;-1,39948320
15,65999992;-1,39948320
15,66499992;-3,26648593
15,66999992;-1,86546493
15,67499992;-2,33298445
15,67999992;-2,33298445
15,68499992;-1,39948320
15,68999992;-2,79896641
15,69499992;-1,86546493
15,69999992;-1,86546493
15,70499992;-1,86546493
15,70999992;-1,86546493
15,71499992;-1,86546493
15,71999992;-2,33298445
15,72499992;-1,39948320
15,72999992;-1,39948320
15,73499992;-2,33298445
15,73999992;-3,26648593
15,74499992;-3,26648593
15,74999992;-4,19998741
15,75499992;-4,19998741
15,75999992;-4,66596889
15,76499992;-4,66596889
15,76999992;-7,00049162
15,77499992;-5,13348866
15,77999992;-5,13348866
15,78499992;-5,59947062
15,78999992;-5,59947062
15,79499992;-3,73246789
15,79999992;-5,13348866
15,80499992;-5,13348866
15,80999992;-5,59947062
15,81499992;-5,13348866
15,81999992;-5,13348866
15,82499992;-5,13348866
15,82999992;-4,66596889
15,83499992;-4,19998741
15,83999992;-4,66596889
15,84499992;-5,59947062
15,84999992;-0,46598175
15,85499992;-3,73246789
15,85999992;-2,33298445
15,86499992;-2,33298445
15,86999992;-0,46598175
15,87499992;0,46598175
15,87999992;0,93196350
15,88499992;0,93196350
15,88999992;3,26648593
15,89499991;1,39948320
15,89999991;2,33298445
15,90499991;1,86546493
15,90999991;2,79896641
15,91499991;2,79896641
15,91999991;2,33298445
15,92499991;2,33298445
15,92999991;1,39948320
15,93499991;0,93196350
15,93999991;0,00000000
15,94499991;0,00000000
15,94999991;-0,93196350
15,95499991;-0,93196350
15,95999991;-1,39948320
15,96499991;-2,33298445
15,96999991;-1,86546493
15,97499991;-2,33298445
15,97999991;-0,46598175
15,98499991;-2,33298445
15,98999991;-1,86546493
15,99499991;-2,79896641
15,99999991;-1,86546493
16,00499991;-1,39948320
16,00999991;-2,79896641
16,01499991;-1,39948320
16,01999991;-1,86546493
16,02499991;-2,79896641
16,02999991;-1,39948320
16,03499991;-1,86546493
16,03999991;-1,86546493
16,04499991;-1,86546493
16,04999991;0,00000000
16,05499991;-0,93196350
16,05999991;-0,93196350
16,06499991;0,00000000
16,06999991;-0,93196350
16,07499991;-0,93196350
16,07999991;-0,46598175
16,08499991;0,00000000
16,08999991;-0,46598175
16,09499991;-0,46598175
16,09999991;-0,46598175
16,10499991;0,46598175
16,10999991;1,39948320
16,11499991;0,93196350
16,11999991;-0,46598175
16,12499991;0,46598175
16,12999991;1,39948320
16,13499991;0,00000000
16,13999991;0,46598175
16,14499991;-0,46598175
16,14999991;0,46598175
16,15499991;0,00000000
16,15999991;0,46598175
16,16499991;0,93196350
16,16999991;0,46598175
16,17499991;0,93196350
16,17999991;0,00000000
16,18499991;1,39948320
16,18999991;-0,46598175
16,19499991;-1,39948320
16,19999991;0,00000000
16,20499991;0,46598175
16,20999991;0,46598175
16,21499991;0,00000000
16,21999991;0,00000000
16,22499991;0,00000000
16,22999991;0,00000000
16,23499991;-0,93196350
16,23999991;-1,86546493
16,24499991;-2,33298445
16,24999991;-2,33298445
16,25499991;-2,79896641
16,25999991;-2,33298445
16,26499991;-3,73246789
16,26999991;-4,66596889
16,27499991;-4,19998741
16,27999991;-2,33298445
16,28499991;-3,73246789
16,28999990;-4,19998741
16,29499990;-5,13348866
16,29999990;-4,19998741
16,30499990;-3,73246789
16,30999990;-3,73246789
16,31499990;-3,73246789
16,31999990;-3,73246789
16,32499990;-2,79896641
16,32999990;-3,26648593
16,33499990;-1,86546493
16,33999990;-2,79896641
16,34499990;-2,79896641
16,34999990;-2,33298445
16,35499990;-3,26648593
16,35999990;-2,33298445
16,36499990;-3,73246789
16,36999990;-4,19998741
16,37499990;-4,19998741
16,37999990;-2,79896641
16,38499990;-4,66596889
16,38999990;-6,06699038
16,39499990;-7,00049162
16,39999990;-6,53297186
16,40499990;-6,53297186
16,40999990;-6,53297186
16,41499990;-6,53297186
16,41999990;-7,00049162
16,42499990;-6,06699038
16,42999990;-7,46647358
16,43499990;-7,00049162
16,43999990;-6,53297186
16,44499990;-6,53297186
16,44999990;-7,00049162
16,45499990;-5,59947062
16,45999990;-5,59947062
16,46499990;-6,06699038
16,46999990;-6,53297186
16,47499990;-6,53297186
16,47999990;-5,59947062
16,48499990;-7,46647358
16,48999990;-6,06699038
16,49499990;-6,53297186
16,49999990;-6,06699038
16,50499990;-6,53297186
16,50999990;-6,06699038
16,51499990;-6,06699038
16,51999990;-6,06699038
16,52499990;-6,53297186
16,52999990;-6,53297186
16,53499990;-6,53297186
16,53999990;-6,06699038
16,54499990;-5,59947062
16,54999990;-5,59947062
16,55499990;-6,06699038
16,55999990;-5,59947062
16,56499990;-4,66596889
16,56999990;-4,19998741
16,57499990;-5,13348866
16,57999990;-5,13348866
16,58499990;-4,66596889
16,58999990;-4,19998741
16,59499990;-4,19998741
16,59999990;-4,19998741
16,60499990;-4,66596889
16,60999990;-5,13348866
16,61499990;-5,13348866
16,61999990;-4,66596889
16,62499990;-4,19998741
16,62999990;-3,73246789
16,63499990;-3,26648593
16,63999990;-2,79896641
16,64499990;-3,26648593
16,64999990;-3,73246789
16,65499990;-4,19998741
16,65999990;-3,73246789
16,66499990;-3,26648593
16,66999990;-5,13348866
16,67499990;-5,13348866
16,67999990;-5,59947062
16,68499990;-5,59947062
16,68999989;-5,13348866
16,69499989;-6,06699038
16,69999989;-5,59947062
16,70499989;-6,06699038
16,70999989;-6,53297186
16,71499989;-7,00049162
16,71999989;-6,06699038
16,72499989;-6,53297186
16,72999989;-6,53297186
16,73499989;-6,53297186
16,73999989;-6,53297186
16,74499989;-7,00049162
16,74999989;-7,00049162
16,75499989;-7,93399334
16,75999989;-7,46647358
16,76499989;-7,46647358
16,76999989;-9,80099583
16,77499989;-8,86749458
16,77999989;-8,86749458
16,78499989;-9,33347607
16,78999989;-9,33347607
16,79499989;-10,73449707
16,79999989;-9,80099583
16,80499989;-9,33347607
16,80999989;-9,33347607
16,81499989;-9,80099583
16,81999989;-9,33347607
16,82499989;-9,80099583
16,82999989;-9,80099583
16,83499989;-9,33347607
16,83999989;-9,80099583
16,84499989;-8,86749458
16,84999989;-9,80099583
16,85499989;-9,33347607
16,85999989;-9,33347607
16,86499989;-10,73449707
16,86999989;-10,73449707
16,87499989;-11,20047951
16,87999989;-11,66799831
16,88499989;-11,66799831
16,88999989;-12,13398075
16,89499989;-12,60150051
16,89999989;-14,00098324
16,90499989;-14,00098324
16,90999989;-14,46850300
16,91499989;-14,46850300
16,91999989;-15,40046692
16,92499989;-15,40046692
16,92999989;-15,86798668
16,93499989;-15,86798668
16,93999989;-17,26746941
16,94499989;-15,86798668
16,94999989;-16,33396912
16,95499989;-16,80148888
16,95999989;-16,33396912
16,96499989;-16,33396912
16,96999989;-17,73498917
16,97499989;-17,73498917
16,97999989;-16,33396912
16,98499989;-18,20096970
16,98999989;-18,20096970
16,99499989;-17,26746941
16,99999989;-17,73498917
17,00499989;-16,33396912
17,00999989;-17,26746941
17,01499989;-15,40046692
17,01999989;-15,40046692
17,02499989;-14,46850300
17,02999989;-15,40046692
17,03499989;-13,06748199
17,03999989;-11,66799831
17,04499989;-11,66799831
17,04999989;-11,20047951
17,05499989;-10,73449707
17,05999989;-10,73449707
17,06499989;-11,66799831
17,06999989;-10,26697731
17,07499989;-11,66799831
17,07999989;-11,66799831
17,08499988;-12,13398075
17,08999988;-11,66799831
17,09499988;-13,53500175
17,09999988;-12,13398075
17,10499988;-12,13398075
17,10999988;-13,06748199
17,11499988;-9,80099583
17,11999988;-11,20047951
17,12499988;-10,73449707
17,12999988;-11,20047951
17,13499988;-10,73449707
17,13999988;-9,33347607
17,14499988;-9,80099583
17,14999988;-9,80099583
17,15499988;-9,33347607
17,15999988;-9,80099583
17,16499988;-9,33347607
17,16999988;-9,80099583
17,17499988;-8,86749458
17,17999988;-7,93399334
17,18499988;-8,86749458
17,18999988;-7,93399334
17,19499988;-7,93399334
17,19999988;-7,00049162
17,20499988;-7,46647358
17,20999988;-6,06699038
17,21499988;-7,00049162
17,21999988;-6,06699038
17,22499988;-7,00049162
17,22999988;-7,46647358
17,23499988;-7,00049162
17,23999988;-7,00049162
17,24499988;-7,46647358
17,24999988;-7,93399334
17,25499988;-7,46647358
17,25999988;-8,39997482
17,26499988;-8,39997482
17,26999988;-8,39997482
17,27499988;-8,39997482
17,27999988;-7,93399334
17,28499988;-7,93399334
17,28999988;-7,93399334
17,29499988;-7,00049162
17,29999988;-5,13348866
17,30499988;-7,00049162
17,30999988;-6,06699038
17,31499988;-5,59947062
17,31999988;-6,06699038
17,32499988;-5,13348866
17,32999988;-5,13348866
17,33499988;-5,59947062
17,33999988;-6,06699038
17,34499988;-6,06699038
17,34999988;-7,00049162
17,35499988;6,06699038
17,35999988;-7,93399334
17,36499988;-8,86749458
17,36999988;-8,86749458
17,37499988;-8,86749458
17,37999988;-11,20047951
17,38499988;-10,26697731
17,38999988;-13,06748199
17,39499988;-12,13398075
17,39999988;-11,20047951
17,40499988;-11,66799831
17,40999988;-12,13398075
17,41499988;-12,13398075
17,41999988;-13,06748199
17,42499988;-12,60150051
17,42999988;-12,60150051
17,43499988;-14,00098324
17,43999988;-12,60150051
17,44499988;-13,53500175
17,44999988;-14,00098324
17,45499988;-13,06748199
17,45999988;-13,53500175
17,46499988;-13,53500175
17,46999988;-14,00098324
17,47499988;-13,06748199
17,47999987;-12,60150051
17,48499987;-14,00098324
17,48999987;-12,60150051
17,49499987;-12,13398075
17,49999987;-11,66799831
17,50499987;-12,60150051
17,50999987;-11,66799831
17,51499987;-11,66799831
17,51999987;-11,66799831
17,52499987;-11,66799831
17,52999987;-11,20047951
17,53499987;-11,66799831
17,53999987;-11,66799831
17,54499987;-11,66799831
17,54999987;-12,60150051
17,55499987;-12,13398075
17,55999987;-12,13398075
17,56499987;-12,60150051
17,56999987;-13,53500175
17,57499987;-13,06748199
17,57999987;-12,60150051
17,58499987;-12,60150051
17,58999987;-13,53500175
17,59499987;-14,00098324
17,59999987;-12,60150051
17,60499987;-12,60150051
17,60999987;-13,06748199
17,61499987;-13,06748199
17,61999987;-12,60150051
17,62499987;-12,13398075
17,62999987;-12,13398075
17,63499987;-13,53500175
17,63999987;-13,06748199
17,64499987;-13,53500175
17,64999987;-14,00098324
17,65499987;-12,60150051
17,65999987;-13,53500175
17,66499987;-13,53500175
17,66999987;-14,00098324
17,67499987;-14,46850300
17,67999987;-14,46850300
17,68499987;-14,46850300
17,68999987;-14,93448448
17,69499987;-14,00098324
17,69999987;-14,46850300
17,70499987;-15,40046692
17,70999987;-15,40046692
17,71499987;-14,46850300
17,71999987;-15,40046692
17,72499987;-14,93448448
17,72999987;-14,46850300
17,73499987;-14,93448448
17,73999987;-14,93448448
17,74499987;-14,46850300
17,74999987;-14,46850300
17,75499987;-13,06748199
17,75999987;-13,06748199
17,76499987;-12,60150051
17,76999987;-11,20047951
17,77499987;-10,26697731
17,77999987;-10,73449707
17,78499987;-10,26697731
17,78999987;-9,80099583
17,79499987;-9,80099583
17,79999987;-9,33347607
17,80499987;-8,86749458
17,80999987;-9,33347607
17,81499987;-9,33347607
17,81999987;-9,33347607
17,82499987;-10,73449707
17,82999987;-10,26697731
17,83499987;-10,26697731
17,83999987;-10,26697731
17,84499987;-11,20047951
17,84999987;-11,66799831
17,85499987;-11,20047951
17,85999987;-11,66799831
17,86499987;-13,06748199
17,86999987;-12,60150051
17,87499986;-13,06748199
17,87999986;-12,60150051
17,88499986;-13,06748199
17,88999986;-12,60150051
17,89499986;-12,13398075
17,89999986;-11,66799831
17,90499986;-12,13398075
17,90999986;-12,13398075
17,91499986;-11,66799831
17,91999986;-10,73449707
17,92499986;-9,80099583
17,92999986;-9,80099583
17,93499986;-9,33347607
17,93999986;-7,93399334
17,94499986;-8,86749458
17,94999986;-7,93399334
17,95499986;-7,46647358
17,95999986;-6,53297186
17,96499986;-6,53297186
17,96999986;-6,53297186
17,97499986;-5,59947062
17,97999986;-5,59947062
17,98499986;-5,13348866
17,98999986;-5,59947062
17,99499986;-6,06699038
17,99999986;-6,53297186
18,00499986;-6,06699038
18,00999986;-5,59947062
18,01499986;-4,66596889
18,01999986;-5,13348866
18,02499986;-5,59947062
18,02999986;-3,73246789
18,03499986;-4,66596889
18,03999986;-5,13348866
18,04499986;-4,19998741
18,04999986;-5,13348866
18,05499986;-4,66596889
18,05999986;-3,73246789
18,06499986;-3,73246789
18,06999986;-4,19998741
18,07499986;-3,73246789
18,07999986;-3,73246789
18,08499986;-4,66596889
18,08999986;-3,73246789
18,09499986;-4,66596889
18,09999986;-4,19998741
18,10499986;-5,13348866
18,10999986;-6,06699038
18,11499986;-6,53297186
18,11999986;-6,53297186
18,12499986;-6,06699038
18,12999986;-7,46647358
18,13499986;-7,46647358
18,13999986;-7,00049162
18,14499986;-8,39997482
18,14999986;-8,39997482
18,15499986;-8,86749458
18,15999986;-7,93399334
18,16499986;-8,39997482
18,16999986;-7,93399334
18,17499986;-7,46647358
18,17999986;-7,93399334
18,18499986;-7,93399334
18,18999986;-7,93399334
18,19499986;-8,86749458
18,19999986;-7,93399334
18,20499986;-8,86749458
18,20999986;-6,53297186
18,21499986;-7,93399334
18,21999986;-7,46647358
18,22499986;-7,00049162
18,22999986;-6,53297186
18,23499986;-7,00049162
18,23999986;-6,06699038
18,24499986;-6,06699038
18,24999986;-5,13348866
18,25499986;-5,59947062
18,25999986;-4,19998741
18,26499986;-5,13348866
18,26999985;-4,66596889
18,27499985;-4,66596889
18,27999985;-3,73246789
18,28499985;-4,19998741
18,28999985;-4,66596889
18,29499985;-4,19998741
18,29999985;-4,19998741
18,30499985;-4,66596889
18,30999985;-4,19998741
18,31499985;-4,66596889
18,31999985;-4,66596889
18,32499985;-5,13348866
18,32999985;-4,19998741
18,33499985;-5,13348866
18,33999985;-4,19998741
18,34499985;-4,19998741
18,34999985;-4,19998741
18,35499985;-3,73246789
18,35999985;-4,19998741
18,36499985;-3,26648593
18,36999985;-3,26648593
18,37499985;-3,26648593
18,37999985;-3,26648593
18,38499985;-3,26648593
18,38999985;-3,73246789
18,39499985;-3,26648593
18,39999985;-3,73246789
18,40499985;-4,66596889
18,40999985;-4,66596889
18,41499985;-4,66596889
18,41999985;-3,73246789
18,42499985;-4,19998741
18,42999985;-4,66596889
18,43499985;-2,79896641
18,43999985;-4,19998741
18,44499985;-3,73246789
18,44999985;-3,73246789
18,45499985;-3,73246789
18,45999985;-3,26648593
18,46499985;-3,73246789
18,46999985;-3,26648593
18,47499985;-2,79896641
18,47999985;-2,79896641
18,48499985;-2,79896641
18,48999985;-1,86546493
18,49499985;-3,73246789
18,49999985;-3,73246789
18,50499985;-3,26648593
18,50999985;-3,26648593
18,51499985;-4,66596889
18,51999985;-4,19998741
18,52499985;-4,66596889
18,52999985;-4,66596889
18,53499985;-5,13348866
18,53999985;-5,13348866
18,54499985;-4,66596889
18,54999985;-4,66596889
18,55499985;-5,13348866
18,55999985;-5,13348866
18,56499985;-5,59947062
18,56999985;-6,53297186
18,57499985;-6,06699038
18,57999985;-5,13348866
18,58499985;-6,06699038
18,58999985;-6,06699038
18,59499985;-5,13348866
18,59999985;-5,13348866
18,60499985;-5,13348866
18,60999985;-5,59947062
18,61499985;-6,06699038
18,61999985;-4,66596889
18,62499985;-6,53297186
18,62999985;-5,13348866
18,63499985;-6,53297186
18,63999985;-5,59947062
18,64499985;-6,53297186
18,64999985;-6,53297186
18,65499985;-7,00049162
18,65999985;-7,46647358
18,66499984;-7,00049162
18,66999984;-7,00049162
18,67499984;-6,06699038
18,67999984;-6,53297186
18,68499984;-6,06699038
18,68999984;-6,06699038
18,69499984;-4,19998741
18,69999984;-4,66596889
18,70499984;-6,06699038
18,70999984;-5,13348866
18,71499984;-3,73246789
18,71999984;-4,66596889
18,72499984;-4,66596889
18,72999984;-4,66596889
18,73499984;-4,66596889
18,73999984;-6,06699038
18,74499984;-6,53297186
18,74999984;-6,06699038
18,75499984;-6,06699038
18,75999984;-7,00049162
18,76499984;-7,00049162
18,76999984;-7,00049162
18,77499984;-8,39997482
18,77999984;-7,93399334
18,78499984;-7,46647358
18,78999984;-6,53297186
18,79499984;-6,06699038
18,79999984;-7,00049162
18,80499984;-7,46647358
18,80999984;-7,93399334
18,81499984;-7,00049162
18,81999984;-10,73449707
18,82499984;-9,80099583
18,82999984;-8,86749458
18,83499984;-9,80099583
18,83999984;-10,26697731
18,84499984;-11,66799831
18,84999984;-11,66799831
18,85499984;-11,66799831
18,85999984;-12,13398075
18,86499984;-13,06748199
18,86999984;-13,53500175
18,87499984;-12,60150051
18,87999984;-13,06748199
18,88499984;-13,53500175
18,88999984;-12,60150051
18,89499984;-12,13398075
18,89999984;-10,73449707
18,90499984;-10,73449707
18,90999984;-9,80099583
18,91499984;-9,80099583
18,91999984;-8,39997482
18,92499984;-7,46647358
18,92999984;-6,06699038
18,93499984;-6,06699038
18,93999984;-5,13348866
18,94499984;-5,13348866
18,94999984;-4,66596889
18,95499984;-5,59947062
18,95999984;0,46598175
18,96499984;-4,19998741
18,96999984;-6,53297186
18,97499984;-6,53297186
18,97999984;-7,00049162
18,98499984;-7,00049162
18,98999984;-7,93399334
18,99499984;-5,13348866
18,99999984;-7,46647358
19,00499984;-7,00049162
19,00999984;-7,00049162
19,01499984;-6,53297186
19,01999984;-5,13348866
19,02499984;-5,59947062
19,02999984;-4,19998741
19,03499984;-5,13348866
19,03999984;-4,19998741
19,04499984;-4,66596889
19,04999984;-4,66596889
19,05499984;-5,59947062
19,05999984;-5,13348866
19,06499983;-3,73246789
19,06999983;-5,59947062
19,07499983;-5,59947062
19,07999983;-5,59947062
19,08499983;-5,59947062
19,08999983;-5,13348866
19,09499983;-5,59947062
19,09999983;-7,46647358
19,10499983;-4,66596889
19,10999983;-3,73246789
19,11499983;-4,19998741
19,11999983;-4,19998741
19,12499983;-4,19998741
19,12999983;-4,66596889
19,13499983;-3,73246789
19,13999983;-3,73246789
19,14499983;-4,66596889
19,14999983;-1,86546493
19,15499983;-6,06699038
19,15999983;-4,19998741
19,16499983;-4,19998741
19,16999983;-4,19998741
19,17499983;-3,73246789
19,17999983;-4,66596889
19,18499983;-3,73246789
19,18999983;-3,26648593
19,19499983;-4,66596889
19,19999983;-2,33298445
19,20499983;-2,79896641
19,20999983;-3,26648593
19,21499983;-1,86546493
19,21999983;-1,86546493
19,22499983;-2,33298445
19,22999983;-0,93196350
19,23499983;-0,93196350
19,23999983;-0,93196350
19,24499983;0,00000000
19,24999983;-1,86546493
19,25499983;-1,39948320
19,25999983;-2,33298445
19,26499983;-2,33298445
19,26999983;-1,86546493
19,27499983;-2,79896641
19,27999983;-3,26648593
19,28499983;-4,19998741
19,28999983;-2,79896641
19,29499983;-5,13348866
19,29999983;-5,13348866
19,30499983;-4,66596889
19,30999983;-5,13348866
19,31499983;-5,13348866
19,31999983;-5,59947062
19,32499983;-5,13348866
19,32999983;-6,06699038
19,33499983;-6,53297186
19,33999983;-6,06699038
19,34499983;-6,53297186
19,34999983;-5,59947062
19,35499983;-6,53297186
19,35999983;-7,00049162
19,36499983;-7,00049162
19,36999983;-6,06699038
19,37499983;-6,06699038
19,37999983;-5,59947062
19,38499983;-5,59947062
19,38999983;-6,06699038
19,39499983;-7,00049162
19,39999983;-6,06699038
19,40499983;-5,59947062
19,40999983;-6,06699038
19,41499983;-6,53297186
19,41999983;-7,00049162
19,42499983;-7,00049162
19,42999983;-7,46647358
19,43499983;-7,93399334
19,43999983;-7,46647358
19,44499983;-7,93399334
19,44999983;-9,33347607
19,45499983;-8,86749458
19,45999982;-9,80099583
19,46499982;-10,26697731
19,46999982;-9,80099583
19,47499982;-9,33347607
19,47999982;-9,80099583
19,48499982;-10,26697731
19,48999982;-9,80099583
19,49499982;-10,26697731
19,49999982;-9,33347607
19,50499982;-9,80099583
19,50999982;-9,80099583
19,51499982;-9,80099583
19,51999982;-9,33347607
19,52499982;-9,80099583
19,52999982;-10,26697731
19,53499982;-10,26697731
19,53999982;-10,26697731
19,54499982;-11,20047951
19,54999982;-10,26697731
19,55499982;-11,20047951
19,55999982;-12,60150051
19,56499982;-11,66799831
19,56999982;-12,13398075
19,57499982;-12,13398075
19,57999982;-11,66799831
19,58499982;-12,13398075
19,58999982;-12,13398075
19,59499982;-12,13398075
19,59999982;-12,13398075
19,60499982;-12,13398075
19,60999982;-12,60150051
19,61499982;-12,13398075
19,61999982;-12,13398075
19,62499982;-13,06748199
19,62999982;-12,13398075
19,63499982;-11,66799831
19,63999982;-12,13398075
19,64499982;-11,20047951
19,64999982;-11,20047951
19,65499982;-10,26697731
19,65999982;-10,26697731
19,66499982;-9,80099583
19,66999982;-7,46647358
19,67499982;-8,39997482
19,67999982;-7,93399334
19,68499982;-7,00049162
19,68999982;-5,59947062
19,69499982;-4,19998741
19,69999982;-5,13348866
19,70499982;-5,13348866
19,70999982;-5,59947062
19,71499982;-4,19998741
19,71999982;-5,13348866
19,72499982;-5,59947062
19,72999982;-5,13348866
19,73499982;-6,53297186
19,73999982;-7,00049162
19,74499982;-7,93399334
19,74999982;-7,93399334
19,75499982;-7,93399334
19,75999982;-8,39997482
19,76499982;-9,33347607
19,76999982;-8,86749458
19,77499982;-8,86749458
19,77999982;-9,33347607
19,78499982;-8,39997482
19,78999982;-9,33347607
19,79499982;-9,80099583
19,79999982;-8,86749458
19,80499982;-9,33347607
19,80999982;-8,39997482
19,81499982;-7,93399334
19,81999982;-8,39997482
19,82499982;-8,86749458
19,82999982;-8,86749458
19,83499982;-7,93399334
19,83999982;-7,93399334
19,84499982;-8,39997482
19,84999982;-7,46647358
19,85499981;-6,53297186
19,85999981;-6,53297186
19,86499981;-6,53297186
19,86999981;-7,46647358
19,87499981;-6,53297186
19,87999981;-7,00049162
19,88499981;-6,53297186
19,88999981;-6,06699038
19,89499981;-6,06699038
19,89999981;-6,06699038
19,90499981;-6,06699038
19,90999981;-6,53297186
19,91499981;-7,00049162
19,91999981;-6,06699038
19,92499981;-6,06699038
19,92999981;-5,59947062
19,93499981;-5,59947062
19,93999981;-5,59947062
19,94499981;-5,13348866
19,94999981;-4,19998741
19,95499981;-4,66596889
19,95999981;-3,73246789
19,96499981;-2,33298445
19,96999981;-2,33298445
19,97499981;-2,33298445
19,97999981;-2,33298445
19,98499981;-1,39948320
19,98999981;-1,39948320
19,99499981;-0,93196350
19,99999981;-0,46598175
20,00499981;-0,93196350
20,00999981;-0,46598175
20,01499981;-0,93196350
20,01999981;0,46598175
20,02499981;-0,46598175
20,02999981;-0,46598175
20,03499981;-0,46598175
20,03999981;-0,46598175
20,04499981;-0,46598175
20,04999981;-1,39948320
20,05499981;-0,46598175
20,05999981;0,46598175
20,06499981;-0,93196350
20,06999981;-0,93196350
20,07499981;0,46598175
20,07999981;-0,93196350
20,08499981;-1,39948320
20,08999981;0,00000000
20,09499981;0,00000000
20,09999981;0,46598175
20,10499981;0,00000000
20,10999981;0,00000000
20,11499981;0,00000000
20,11999981;0,93196350
20,12499981;0,46598175
20,12999981;0,00000000
20,13499981;0,46598175
20,13999981;0,93196350
20,14499981;0,46598175
20,14999981;0,46598175
20,15499981;0,00000000
20,15999981;0,93196350
20,16499981;0,46598175
20,16999981;0,93196350
20,17499981;0,00000000
20,17999981;0,93196350
20,18499981;0,00000000
20,18999981;-1,39948320
20,19499981;-0,93196350
20,19999981;-1,39948320
20,20499981;-1,86546493
20,20999981;-2,79896641
20,21499981;-2,33298445
20,21999981;-2,79896641
20,22499981;-3,73246789
20,22999981;-4,19998741
20,23499981;-3,73246789
20,23999981;-4,19998741
20,24499981;-3,26648593
20,24999980;-4,19998741
20,25499980;-5,13348866
20,25999980;-5,59947062
20,26499980;-4,19998741
20,26999980;-4,66596889
20,27499980;-5,13348866
20,27999980;-5,13348866
20,28499980;-5,59947062
20,28999980;-4,19998741
20,29499980;-5,13348866
20,29999980;-4,66596889
20,30499980;-4,19998741
20,30999980;-3,73246789
20,31499980;-4,19998741
20,31999980;-4,19998741
20,32499980;-3,73246789
20,32999980;-4,19998741
20,33499980;-4,66596889
20,33999980;-4,19998741
20,34499980;-4,19998741
20,34999980;-4,66596889
20,35499980;-4,19998741
20,35999980;-4,66596889
20,36499980;-3,26648593
20,36999980;-4,19998741
20,37499980;-4,66596889
20,37999980;-3,73246789
20,38499980;-5,13348866
20,38999980;-4,19998741
20,39499980;-3,73246789
20,39999980;-4,66596889
20,40499980;-5,13348866
20,40999980;-4,66596889
20,41499980;-5,13348866
20,41999980;-4,19998741
20,42499980;-4,66596889
20,42999980;-4,19998741
20,43499980;-3,73246789
20,43999980;-3,73246789
20,44499980;-3,73246789
20,44999980;-3,26648593
20,45499980;-3,26648593
20,45999980;-2,33298445
20,46499980;-1,39948320
20,46999980;-2,79896641
20,47499980;-1,86546493
20,47999980;-1,39948320
20,48499980;-1,39948320
20,48999980;-1,39948320
20,49499980;-0,46598175
20,49999980;1,39948320
20,50499980;-0,93196350
20,50999980;-1,39948320
20,51499980;-0,93196350
20,51999980;-0,46598175
20,52499980;-0,93196350
20,52999980;-0,46598175
20,53499980;0,93196350
20,53999980;-0,93196350
20,54499980;0,00000000
20,54999980;-0,46598175
20,55499980;-0,93196350
20,55999980;-0,46598175
20,56499980;0,93196350
20,56999980;0,00000000
20,57499980;0,00000000
20,57999980;0,00000000
20,58499980;0,46598175
20,58999980;0,46598175
20,59499980;-0,46598175
20,59999980;0,00000000
20,60499980;0,46598175
20,60999980;0,46598175
20,61499980;-0,46598175
20,61999980;0,46598175
20,62499980;1,86546493
20,62999980;1,39948320
20,63499980;1,39948320
20,63999980;0,93196350
20,64499979;1,86546493
20,64999979;1,86546493
20,65499979;1,86546493
20,65999979;1,39948320
20,66499979;0,46598175
20,66999979;0,46598175
20,67499979;0,00000000
20,67999979;-0,46598175
20,68499979;-0,93196350
20,68999979;-0,93196350
20,69499979;-1,39948320
20,69999979;-2,79896641
20,70499979;-3,26648593
20,70999979;-2,33298445
20,71499979;-3,26648593
20,71999979;-4,19998741
20,72499979;-3,73246789
20,72999979;-3,73246789
20,73499979;-4,19998741
20,73999979;-3,73246789
20,74499979;-4,19998741
20,74999979;-3,73246789
20,75499979;-5,13348866
20,75999979;-6,06699038
20,76499979;-5,59947062
20,76999979;-6,53297186
20,77499979;-6,06699038
20,77999979;-6,06699038
20,78499979;-7,00049162
20,78999979;-7,93399334
20,79499979;-7,46647358
20,79999979;-7,46647358
20,80499979;-7,00049162
20,80999979;-6,53297186
20,81499979;-6,53297186
20,81999979;-5,13348866
20,82499979;-3,73246789
20,82999979;-2,79896641
20,83499979;-2,79896641
20,83999979;-1,39948320
20,84499979;-1,39948320
20,84999979;0,00000000
20,85499979;0,00000000
20,85999979;0,46598175
20,86499979;0,00000000
20,86999979;-0,93196350
20,87499979;-0,93196350
20,87999979;-1,86546493
20,88499979;-2,33298445
20,88999979;-2,79896641
20,89499979;-2,33298445
20,89999979;-3,73246789
20,90499979;-2,33298445
20,90999979;-2,79896641
20,91499979;-2,33298445
20,91999979;-2,79896641
20,92499979;-1,39948320
20,92999979;-1,39948320
20,93499979;-1,39948320
20,93999979;-1,39948320
20,94499979;-0,46598175
20,94999979;-0,93196350
20,95499979;1,39948320
20,95999979;0,46598175
20,96499979;0,93196350
20,96999979;1,39948320
20,97499979;1,39948320
20,97999979;0,93196350
20,98499979;3,26648593
20,98999979;1,39948320
20,99499979;1,86546493
20,99999979;2,33298445
21,00499979;2,79896641
21,00999979;1,39948320
21,01499979;3,26648593
21,01999979;5,13348866
21,02499979;2,79896641
21,02999979;4,66596889
21,03499979;4,19998741
21,03999978;4,19998741
21,04499978;3,26648593
21,04999978;3,73246789
21,05499978;3,26648593
21,05999978;4,19998741
21,06499978;4,66596889
21,06999978;4,66596889
21,07499978;4,19998741
21,07999978;3,26648593
21,08499978;4,66596889
21,08999978;4,66596889
21,09499978;6,06699038
21,09999978;6,06699038
21,10499978;6,53297186
21,10999978;6,06699038
21,11499978;6,06699038
21,11999978;7,46647358
21,12499978;7,46647358
21,12999978;8,39997482
21,13499978;8,39997482
21,13999978;8,39997482
21,14499978;8,86749458
21,14999978;7,93399334
21,15499978;7,93399334
21,15999978;7,93399334
21,16499978;7,46647358
21,16999978;6,53297186
21,17499978;6,53297186
21,17999978;5,59947062
21,18499978;5,59947062
21,18999978;4,19998741
21,19499978;4,19998741
21,19999978;2,33298445
21,20499978;4,19998741
21,20999978;3,73246789
21,21499978;3,26648593
21,21999978;3,26648593
21,22499978;4,19998741
21,22999978;3,26648593
21,23499978;3,26648593
21,23999978;3,73246789
21,24499978;2,79896641
21,24999978;2,79896641
21,25499978;3,26648593
21,25999978;1,86546493
21,26499978;1,86546493
21,26999978;2,33298445
21,27499978;1,86546493
21,27999978;1,86546493
21,28499978;1,39948320
21,28999978;2,33298445
21,29499978;2,33298445
21,29999978;2,33298445
21,30499978;3,26648593
21,30999978;3,26648593
21,31499978;3,26648593
21,31999978;3,26648593
21,32499978;3,73246789
21,32999978;4,19998741
21,33499978;1,86546493
21,33999978;2,79896641
21,34499978;2,33298445
21,34999978;2,79896641
21,35499978;1,86546493
21,35999978;1,86546493
21,36499978;1,86546493
21,36999978;1,86546493
21,37499978;1,39948320
21,37999978;1,86546493
21,38499978;0,93196350
21,38999978;1,86546493
21,39499978;1,86546493
21,39999978;1,39948320
21,40499978;2,33298445
21,40999978;2,79896641
21,41499978;3,26648593
21,41999978;2,79896641
21,42499978;2,79896641
21,42999978;3,73246789
21,43499978;3,73246789
21,43999977;3,73246789
21,44499977;4,19998741
21,44999977;2,79896641
21,45499977;2,79896641
21,45999977;2,33298445
21,46499977;2,33298445
21,46999977;1,86546493
21,47499977;3,26648593
21,47999977;2,79896641
21,48499977;1,86546493
21,48999977;1,39948320
21,49499977;1,86546493
21,49999977;1,86546493
21,50499977;1,39948320
21,50999977;2,33298445
21,51499977;1,86546493
21,51999977;1,86546493
21,52499977;2,79896641
21,52999977;2,33298445
21,53499977;2,79896641
21,53999977;2,79896641
21,54499977;3,26648593
21,54999977;2,79896641
21,55499977;4,19998741
21,55999977;5,59947062
21,56499977;6,53297186
21,56999977;7,00049162
21,57499977;7,00049162
21,57999977;7,93399334
21,58499977;8,86749458
21,58999977;8,39997482
21,59499977;9,80099583
21,59999977;9,80099583
21,60499977;10,26697731
21,60999977;11,20047951
21,61499977;10,73449707
21,61999977;10,26697731
21,62499977;10,73449707
21,62999977;9,80099583
21,63499977;9,80099583
21,63999977;9,33347607
21,64499977;9,80099583
21,64999977;8,39997482
21,65499977;4,66596889
21,65999977;7,46647358
21,66499977;7,46647358
21,66999977;7,00049162
21,67499977;7,00049162
21,67999977;6,53297186
21,68499977;7,46647358
21,68999977;7,00049162
21,69499977;6,53297186
21,69999977;7,93399334
21,70499977;7,93399334
21,70999977;7,93399334
21,71499977;7,93399334
21,71999977;8,39997482
21,72499977;8,39997482
21,72999977;9,80099583
21,73499977;8,86749458
21,73999977;10,26697731
21,74499977;8,86749458
21,74999977;9,80099583
21,75499977;9,80099583
21,75999977;10,26697731
21,76499977;10,26697731
21,76999977;11,20047951
21,77499977;11,66799831
21,77999977;12,60150051
21,78499977;10,73449707
21,78999977;11,20047951
21,79499977;11,20047951
21,79999977;11,66799831
21,80499977;11,66799831
21,80999977;12,13398075
21,81499977;12,13398075
21,81999977;12,60150051
21,82499977;13,06748199
21,82999977;13,53500175
21,83499976;14,46850300
21,83999976;14,46850300
21,84499976;15,40046692
21,84999976;15,40046692
21,85499976;15,86798668
21,85999976;16,33396912
21,86499976;16,33396912
21,86999976;16,80148888
21,87499976;16,33396912
21,87999976;18,66848946
21,88499976;17,26746941
21,88999976;15,40046692
21,89499976;17,26746941
21,89999976;16,80148888
21,90499976;17,26746941
21,90999976;16,80148888
21,91499976;17,26746941
21,91999976;15,86798668
21,92499976;15,86798668
21,92999976;16,80148888
21,93499976;15,86798668
21,93999976;15,86798668
21,94499976;15,86798668
21,94999976;15,86798668
21,95499976;15,40046692
21,95999976;14,46850300
21,96499976;15,40046692
21,96999976;15,40046692
21,97499976;14,00098324
21,97999976;15,40046692
21,98499976;14,93448448
21,98999976;13,53500175
21,99499976;13,53500175
21,99999976;13,06748199
22,00499976;13,53500175
22,00999976;13,53500175
22,01499976;14,93448448
22,01999976;14,00098324
22,02499976;14,46850300
22,02999976;14,00098324
22,03499976;14,00098324
22,03999976;13,53500175
22,04499976;14,46850300
22,04999976;14,46850300
22,05499976;14,93448448
22,05999976;15,40046692
22,06499976;14,46850300
22,06999976;14,93448448
22,07499976;14,46850300
22,07999976;14,93448448
22,08499976;14,93448448
22,08999976;14,46850300
22,09499976;14,93448448
22,09999976;13,53500175
22,10499976;14,00098324
22,10999976;14,46850300
22,11499976;13,53500175
22,11999976;14,00098324
22,12499976;14,46850300
22,12999976;14,46850300
22,13499976;14,93448448
22,13999976;14,93448448
22,14499976;12,60150051
22,14999976;14,93448448
22,15499976;14,93448448
22,15999976;15,40046692
22,16499976;12,60150051
22,16999976;14,46850300
22,17499976;14,93448448
22,17999976;14,00098324
22,18499976;14,46850300
22,18999976;14,46850300
22,19499976;14,46850300
22,19999976;14,46850300
22,20499976;14,46850300
22,20999976;14,46850300
22,21499976;15,40046692
22,21999976;14,46850300
22,22499976;15,40046692
22,22999975;15,86798668
22,23499975;14,93448448
22,23999975;14,93448448
22,24499975;15,40046692
22,24999975;15,40046692
22,25499975;16,33396912
22,25999975;14,93448448
22,26499975;15,40046692
22,26999975;16,33396912
22,27499975;15,86798668
22,27999975;15,86798668
22,28499975;15,40046692
22,28999975;16,33396912
22,29499975;15,86798668
22,29999975;15,86798668
22,30499975;15,86798668
22,30999975;15,40046692
22,31499975;15,86798668
22,31999975;15,86798668
22,32499975;16,80148888
22,32999975;16,80148888
22,33499975;19,13447189
22,33999975;16,33396912
22,34499975;16,33396912
22,34999975;14,93448448
22,35499975;16,33396912
22,35999975;16,80148888
22,36499975;17,26746941
22,36999975;17,26746941
22,37499975;17,26746941
22,37999975;18,20096970
22,38499975;16,80148888
22,38999975;17,73498917
22,39499975;17,73498917
22,39999975;16,80148888
22,40499975;17,73498917
22,40999975;17,26746941
22,41499975;17,26746941
22,41999975;17,73498917
22,42499975;16,33396912
22,42999975;16,80148888
22,43499975;16,80148888
22,43999975;16,80148888
22,44499975;16,80148888
22,44999975;16,80148888
22,45499975;16,80148888
22,45999975;16,33396912
22,46499975;15,86798668
22,46999975;15,86798668
22,47499975;16,33396912
22,47999975;16,33396912
22,48499975;15,86798668
22,48999975;15,86798668
22,49499975;16,80148888
22,49999975;16,80148888
22,50499975;15,86798668
22,50999975;15,86798668
22,51499975;15,86798668
22,51999975;15,86798668
22,52499975;16,33396912
22,52999975;16,80148888
22,53499975;15,86798668
22,53999975;15,86798668
22,54499975;14,93448448
22,54999975;16,33396912
22,55499975;15,86798668
22,55999975;14,93448448
22,56499975;14,00098324
22,56999975;13,06748199
22,57499975;13,53500175
22,57999975;14,46850300
22,58499975;14,46850300
22,58999975;14,00098324
22,59499975;14,00098324
22,59999975;12,13398075
22,60499975;12,13398075
22,60999975;12,13398075
22,61499975;11,20047951
22,61999975;11,20047951
22,62499974;10,73449707
22,62999974;10,26697731
22,63499974;9,80099583
22,63999974;10,26697731
22,64499974;9,80099583
22,64999974;9,33347607
22,65499974;8,86749458
22,65999974;8,86749458
22,66499974;8,86749458
22,66999974;7,93399334
22,67499974;8,39997482
22,67999974;7,93399334
22,68499974;7,93399334
22,68999974;7,00049162
22,69499974;7,46647358
22,69999974;7,46647358
22,70499974;7,93399334
22,70999974;7,46647358
22,71499974;8,86749458
22,71999974;9,33347607
22,72499974;10,26697731
22,72999974;11,66799831
22,73499974;11,66799831
22,73999974;13,06748199
22,74499974;14,00098324
22,74999974;14,46850300
22,75499974;16,33396912
22,75999974;15,40046692
22,76499974;14,93448448
22,76999974;15,40046692
22,77499974;14,00098324
22,77999974;14,46850300
22,78499974;14,00098324
22,78999974;13,53500175
22,79499974;12,60150051
22,79999974;13,06748199
22,80499974;13,06748199
22,80999974;13,06748199
22,81499974;14,00098324
22,81999974;13,53500175
22,82499974;13,53500175
22,82999974;14,00098324
22,83499974;14,00098324
22,83999974;15,40046692
22,84499974;14,00098324
22,84999974;14,46850300
22,85499974;16,33396912
22,85999974;15,40046692
22,86499974;15,40046692
22,86999974;15,40046692
22,87499974;14,93448448
22,87999974;15,40046692
22,88499974;15,40046692
22,88999974;14,93448448
22,89499974;15,40046692
22,89999974;15,40046692
22,90499974;14,93448448
22,90999974;16,33396912
22,91499974;15,86798668
22,91999974;15,40046692
22,92499974;16,33396912
22,92999974;16,33396912
22,93499974;16,33396912
22,93999974;15,86798668
22,94499974;16,33396912
22,94999974;17,73498917
22,95499974;16,33396912
22,95999974;15,40046692
22,96499974;15,86798668
22,96999974;14,93448448
22,97499974;15,40046692
22,97999974;15,40046692
22,98499974;14,93448448
22,98999974;14,93448448
22,99499974;15,40046692
22,99999974;15,86798668
23,00499974;15,86798668
23,00999974;15,86798668
23,01499974;16,33396912
23,01999973;17,26746941
23,02499973;16,33396912
23,02999973;16,80148888
23,03499973;16,80148888
23,03999973;17,26746941
23,04499973;18,20096970
23,04999973;18,20096970
23,05499973;17,26746941
23,05999973;17,73498917
23,06499973;17,26746941
23,06999973;16,80148888
23,07499973;16,33396912
23,07999973;16,33396912
23,08499973;15,86798668
23,08999973;15,40046692
23,09499973;15,86798668
23,09999973;14,93448448
23,10499973;14,00098324
23,10999973;15,40046692
23,11499973;14,00098324
23,11999973;12,60150051
23,12499973;11,20047951
23,12999973;12,60150051
23,13499973;12,13398075
23,13999973;12,13398075
23,14499973;10,73449707
23,14999973;11,20047951
23,15499973;10,26697731
23,15999973;10,73449707
23,16499973;11,20047951
23,16999973;10,73449707
23,17499973;10,26697731
23,17999973;10,73449707
23,18499973;10,26697731
23,18999973;9,80099583
23,19499973;11,20047951
23,19999973;10,73449707
23,20499973;9,80099583
23,20999973;10,73449707
23,21499973;10,73449707
23,21999973;10,26697731
23,22499973;9,33347607
23,22999973;9,33347607
23,23499973;10,26697731
23,23999973;9,33347607
23,24499973;8,39997482
23,24999973;8,86749458
23,25499973;7,93399334
23,25999973;8,86749458
23,26499973;8,39997482
23,26999973;8,39997482
23,27499973;7,46647358
23,27999973;8,39997482
23,28499973;7,93399334
23,28999973;7,00049162
23,29499973;6,53297186
23,29999973;7,00049162
23,30499973;7,46647358
23,30999973;7,93399334
23,31499973;7,00049162
23,31999973;7,46647358
23,32499973;7,00049162
23,32999973;8,39997482
23,33499973;7,46647358
23,33999973;7,46647358
23,34499973;8,39997482
23,34999973;6,53297186
23,35499973;7,93399334
23,35999973;7,93399334
23,36499973;7,93399334
23,36999973;7,00049162
23,37499973;7,46647358
23,37999973;6,06699038
23,38499973;7,46647358
23,38999973;7,00049162
23,39499973;7,00049162
23,39999973;6,53297186
23,40499973;6,53297186
23,40999973;4,66596889
23,41499972;6,06699038
23,41999972;-7,93399334
23,42499972;5,59947062
23,42999972;5,13348866
23,43499972;5,59947062
23,43999972;5,13348866
23,44499972;4,66596889
23,44999972;5,59947062
23,45499972;5,13348866
23,45999972;6,06699038
23,46499972;6,53297186
23,46999972;7,46647358
23,47499972;7,93399334
23,47999972;8,39997482
23,48499972;9,33347607
23,48999972;9,80099583
23,49499972;11,20047951
23,49999972;11,20047951
23,50499972;12,13398075
23,50999972;11,66799831
23,51499972;13,53500175
23,51999972;12,13398075
23,52499972;12,13398075
23,52999972;11,20047951
23,53499972;10,73449707
23,53999972;10,73449707
23,54499972;9,80099583
23,54999972;9,33347607
23,55499972;9,33347607
23,55999972;7,93399334
23,56499972;7,00049162
23,56999972;7,46647358
23,57499972;6,53297186
23,57999972;7,00049162
23,58499972;7,46647358
23,58999972;7,46647358
23,59499972;7,46647358
23,59999972;7,46647358
23,60499972;7,00049162
23,60999972;7,00049162
23,61499972;7,46647358
23,61999972;10,73449707
23,62499972;7,46647358
23,62999972;7,93399334
23,63499972;7,93399334
23,63999972;8,86749458
23,64499972;8,86749458
23,64999972;9,33347607
23,65499972;9,33347607
23,65999972;10,26697731
23,66499972;9,80099583
23,66999972;10,26697731
23,67499972;10,26697731
23,67999972;10,73449707
23,68499972;11,66799831
23,68999972;11,20047951
23,69499972;11,20047951
23,69999972;11,20047951
23,70499972;11,66799831
23,70999972;11,20047951
23,71499972;11,20047951
23,71999972;15,86798668
23,72499972;10,73449707
23,72999972;11,20047951
23,73499972;10,73449707
23,73999972;11,20047951
23,74499972;10,73449707
23,74999972;12,60150051
23,75499972;11,66799831
23,75999972;12,60150051
23,76499972;13,06748199
23,76999972;13,53500175
23,77499972;13,53500175
23,77999972;14,93448448
23,78499972;14,93448448
23,78999972;14,46850300
23,79499972;15,86798668
23,79999972;15,86798668
23,80499972;15,40046692
23,80999972;15,40046692
23,81499971;15,86798668
23,81999971;24,26949883
23,82499971;15,40046692
23,82999971;15,40046692
23,83499971;14,46850300
23,83999971;14,46850300
23,84499971;14,46850300
23,84999971;14,46850300
23,85499971;14,46850300
23,85999971;14,46850300
23,86499971;13,53500175
23,86999971;13,06748199
23,87499971;13,06748199
23,87999971;13,06748199
23,88499971;11,66799831
23,88999971;11,20047951
23,89499971;12,13398075
23,89999971;11,66799831
23,90499971;11,66799831
23,90999971;11,66799831
23,91499971;11,66799831
23,91999971;11,66799831
23,92499971;11,66799831
23,92999971;11,66799831
23,93499971;11,66799831
23,93999971;12,60150051
23,94499971;12,13398075
23,94999971;12,13398075
23,95499971;11,20047951
23,95999971;13,06748199
23,96499971;13,53500175
23,96999971;11,66799831
23,97499971;11,66799831
23,97999971;11,66799831
23,98499971;11,20047951
23,98999971;11,66799831
23,99499971;11,20047951
23,99999971;10,73449707
24,00499971;10,73449707
24,00999971;10,26697731
24,01499971;8,86749458
24,01999971;9,33347607
24,02499971;9,33347607
24,02999971;8,39997482
24,03499971;7,00049162
24,03999971;7,93399334
24,04499971;7,93399334
24,04999971;7,93399334
24,05499971;7,46647358
24,05999971;6,53297186
24,06499971;7,46647358
24,06999971;7,00049162
24,07499971;6,06699038
24,07999971;7,46647358
24,08499971;6,06699038
24,08999971;8,39997482
24,09499971;7,00049162
24,09999971;7,46647358
24,10499971;7,46647358
24,10999971;7,46647358
24,11499971;7,00049162
24,11999971;7,00049162
24,12499971;6,53297186
24,12999971;5,59947062
24,13499971;7,00049162
24,13999971;7,46647358
24,14499971;7,00049162
24,14999971;9,33347607
24,15499971;7,93399334
24,15999971;7,93399334
24,16499971;6,53297186
24,16999971;8,39997482
24,17499971;7,93399334
24,17999971;7,93399334
24,18499971;8,86749458
24,18999971;8,39997482
24,19499971;8,86749458
24,19999971;8,86749458
24,20499971;8,86749458
24,20999970;9,33347607
24,21499970;8,86749458
24,21999970;9,80099583
24,22499970;9,33347607
24,22999970;10,73449707
24,23499970;10,26697731
24,23999970;10,73449707
24,24499970;10,26697731
24,24999970;10,73449707
24,25499970;10,26697731
24,25999970;11,20047951
24,26499970;11,66799831
24,26999970;11,66799831
24,27499970;11,66799831
24,27999970;11,20047951
24,28499970;12,60150051
24,28999970;11,66799831
24,29499970;12,13398075
24,29999970;12,13398075
24,30499970;11,20047951
24,30999970;11,20047951
24,31499970;12,60150051
24,31999970;11,66799831
24,32499970;12,13398075
24,32999970;12,13398075
24,33499970;12,13398075
24,33999970;11,66799831
24,34499970;12,13398075
24,34999970;10,73449707
24,35499970;12,13398075
24,35999970;12,13398075
24,36499970;12,60150051
24,36999970;11,66799831
24,37499970;11,20047951
24,37999970;10,73449707
24,38499970;11,66799831
24,38999970;9,80099583
24,39499970;9,80099583
24,39999970;9,33347607
24,40499970;9,80099583
24,40999970;9,33347607
24,41499970;8,39997482
24,41999970;8,39997482
24,42499970;7,93399334
24,42999970;7,93399334
24,43499970;7,46647358
24,43999970;7,93399334
24,44499970;8,39997482
24,44999970;6,53297186
24,45499970;7,00049162
24,45999970;6,06699038
24,46499970;5,59947062
24,46999970;5,59947062
24,47499970;5,59947062
24,47999970;6,53297186
24,48499970;4,66596889
24,48999970;3,73246789
24,49499970;4,19998741
24,49999970;3,73246789
24,50499970;3,26648593
24,50999970;3,73246789
24,51499970;2,79896641
24,51999970;2,79896641
24,52499970;2,79896641
24,52999970;3,26648593
24,53499970;0,46598175
24,53999970;0,00000000
24,54499970;0,00000000
24,54999970;-0,46598175
24,55499970;0,46598175
24,55999970;-2,33298445
24,56499970;-1,86546493
24,56999970;-4,19998741
24,57499970;-4,19998741
24,57999970;-5,13348866
24,58499970;-5,13348866
24,58999970;-7,00049162
24,59499970;-7,00049162
24,59999970;-6,53297186
24,60499969;-7,00049162
24,60999969;-6,53297186
24,61499969;-6,06699038
24,61999969;-4,19998741
24,62499969;-2,79896641
24,62999969;-2,79896641
24,63499969;-2,79896641
24,63999969;-0,46598175
24,64499969;0,93196350
24,64999969;1,86546493
24,65499969;2,33298445
24,65999969;3,26648593
24,66499969;3,26648593
24,66999969;3,26648593
24,67499969;3,26648593
24,67999969;2,79896641
24,68499969;1,39948320
24,68999969;-2,33298445
24,69499969;0,46598175
24,69999969;0,00000000
24,70499969;0,00000000
24,70999969;0,46598175
24,71499969;0,00000000
24,71999969;0,00000000
24,72499969;-0,93196350
24,72999969;0,46598175
24,73499969;0,46598175
24,73999969;1,86546493
24,74499969;1,86546493
24,74999969;3,73246789
24,75499969;2,33298445
24,75999969;2,79896641
24,76499969;3,73246789
24,76999969;3,73246789
24,77499969;2,79896641
24,77999969;2,33298445
24,78499969;4,19998741
24,78999969;2,79896641
24,79499969;3,26648593
24,79999969;4,19998741
24,80499969;3,26648593
24,80999969;3,26648593
24,81499969;3,73246789
24,81999969;4,66596889
24,82499969;2,79896641
24,82999969;4,66596889
24,83499969;4,19998741
24,83999969;4,66596889
24,84499969;4,19998741
24,84999969;4,66596889
24,85499969;3,73246789
24,85999969;4,66596889
24,86499969;3,73246789
24,86999969;2,79896641
24,87499969;1,86546493
24,87999969;2,79896641
24,88499969;2,33298445
24,88999969;1,86546493
24,89499969;2,33298445
24,89999969;2,33298445
24,90499969;2,33298445
24,90999969;3,26648593
24,91499969;3,73246789
24,91999969;4,66596889
24,92499969;5,13348866
24,92999969;5,13348866
24,93499969;6,53297186
24,93999969;6,06699038
24,94499969;7,00049162
24,94999969;7,00049162
24,95499969;7,00049162
24,95999969;5,13348866
24,96499969;7,46647358
24,96999969;5,59947062
24,97499969;6,06699038
24,97999969;5,13348866
24,98499969;4,66596889
24,98999969;3,73246789
24,99499969;3,73246789
24,99999968;3,73246789
25,00499968;3,26648593
