Zeit;Kanal A
(ms);(mV)

-25,00666572;2,33298445
-25,00166572;1,86546493
-24,99666572;2,33298445
-24,99166572;2,79896641
-24,98666572;3,73246789
-24,98166572;2,79896641
-24,97666572;0,93196350
-24,97166572;0,93196350
-24,96666572;3,26648593
-24,96166572;1,39948320
-24,95666572;1,39948320
-24,95166572;1,86546493
-24,94666572;1,39948320
-24,94166572;1,86546493
-24,93666572;2,33298445
-24,93166572;2,79896641
-24,92666572;1,86546493
-24,92166572;3,26648593
-24,91666572;4,19998741
-24,91166572;4,66596889
-24,90666572;4,66596889
-24,90166572;5,59947062
-24,89666572;6,06699038
-24,89166572;6,53297186
-24,88666572;7,46647358
-24,88166572;6,53297186
-24,87666572;7,46647358
-24,87166572;6,06699038
-24,86666572;5,59947062
-24,86166572;6,06699038
-24,85666572;5,59947062
-24,85166572;4,19998741
-24,84666572;5,13348866
-24,84166572;4,19998741
-24,83666572;5,13348866
-24,83166572;6,06699038
-24,82666572;5,59947062
-24,82166572;6,06699038
-24,81666572;7,46647358
-24,81166572;8,86749458
-24,80666572;9,33347607
-24,80166572;9,80099583
-24,79666572;10,26697731
-24,79166572;11,20047951
-24,78666572;9,80099583
-24,78166572;11,66799831
-24,77666572;12,13398075
-24,77166572;10,26697731
-24,76666572;11,66799831
-24,76166572;10,73449707
-24,75666572;10,73449707
-24,75166572;10,26697731
-24,74666572;9,33347607
-24,74166573;9,33347607
-24,73666573;8,86749458
-24,73166573;7,93399334
-24,72666573;7,46647358
-24,72166573;7,93399334
-24,71666573;7,46647358
-24,71166573;8,39997482
-24,70666573;7,93399334
-24,70166573;7,93399334
-24,69666573;7,00049162
-24,69166573;6,53297186
-24,68666573;6,53297186
-24,68166573;6,53297186
-24,67666573;6,53297186
-24,67166573;6,06699038
-24,66666573;4,66596889
-24,66166573;5,13348866
-24,65666573;4,19998741
-24,65166573;4,66596889
-24,64666573;4,19998741
-24,64166573;3,73246789
-24,63666573;3,26648593
-24,63166573;3,26648593
-24,62666573;4,66596889
-24,62166573;4,66596889
-24,61666573;4,19998741
-24,61166573;4,19998741
-24,60666573;3,73246789
-24,60166573;5,13348866
-24,59666573;5,13348866
-24,59166573;4,66596889
-24,58666573;3,73246789
-24,58166573;2,79896641
-24,57666573;2,79896641
-24,57166573;1,86546493
-24,56666573;0,93196350
-24,56166573;0,93196350
-24,55666573;0,00000000
-24,55166573;-0,93196350
-24,54666573;-1,39948320
-24,54166573;-1,86546493
-24,53666573;-1,86546493
-24,53166573;-2,79896641
-24,52666573;-2,79896641
-24,52166573;-3,73246789
-24,51666573;-2,79896641
-24,51166573;-2,79896641
-24,50666573;-2,79896641
-24,50166573;-3,26648593
-24,49666573;-3,73246789
-24,49166573;-2,33298445
-24,48666573;-3,26648593
-24,48166573;-2,79896641
-24,47666573;-3,26648593
-24,47166573;-2,79896641
-24,46666573;-4,19998741
-24,46166573;-3,26648593
-24,45666573;-3,26648593
-24,45166573;-4,66596889
-24,44666573;-4,66596889
-24,44166573;-6,06699038
-24,43666573;-7,00049162
-24,43166573;-5,59947062
-24,42666573;-5,59947062
-24,42166573;-5,13348866
-24,41666573;-3,26648593
-24,41166573;-6,06699038
-24,40666573;-6,53297186
-24,40166573;-6,06699038
-24,39666573;-5,13348866
-24,39166573;-5,59947062
-24,38666573;-4,66596889
-24,38166573;-5,59947062
-24,37666573;-7,46647358
-24,37166573;-5,59947062
-24,36666573;-5,13348866
-24,36166573;-3,73246789
-24,35666573;-3,73246789
-24,35166573;-4,66596889
-24,34666574;-1,86546493
-24,34166574;0,00000000
-24,33666574;-1,39948320
-24,33166574;1,39948320
-24,32666574;1,86546493
-24,32166574;2,79896641
-24,31666574;2,79896641
-24,31166574;3,26648593
-24,30666574;4,19998741
-24,30166574;4,19998741
-24,29666574;5,59947062
-24,29166574;4,19998741
-24,28666574;4,66596889
-24,28166574;3,73246789
-24,27666574;3,26648593
-24,27166574;19,13447189
-24,26666574;2,33298445
-24,26166574;2,33298445
-24,25666574;3,73246789
-24,25166574;0,93196350
-24,24666574;0,93196350
-24,24166574;0,93196350
-24,23666574;0,93196350
-24,23166574;1,39948320
-24,22666574;0,93196350
-24,22166574;0,93196350
-24,21666574;-0,93196350
-24,21166574;0,93196350
-24,20666574;1,39948320
-24,20166574;0,46598175
-24,19666574;0,93196350
-24,19166574;1,39948320
-24,18666574;0,93196350
-24,18166574;1,86546493
-24,17666574;0,93196350
-24,17166574;1,86546493
-24,16666574;1,86546493
-24,16166574;2,33298445
-24,15666574;2,33298445
-24,15166574;2,33298445
-24,14666574;2,33298445
-24,14166574;2,33298445
-24,13666574;2,33298445
-24,13166574;2,79896641
-24,12666574;1,86546493
-24,12166574;1,86546493
-24,11666574;1,86546493
-24,11166574;1,86546493
-24,10666574;1,86546493
-24,10166574;0,93196350
-24,09666574;0,93196350
-24,09166574;0,46598175
-24,08666574;1,39948320
-24,08166574;1,39948320
-24,07666574;0,93196350
-24,07166574;0,93196350
-24,06666574;0,93196350
-24,06166574;0,46598175
-24,05666574;0,93196350
-24,05166574;1,86546493
-24,04666574;2,79896641
-24,04166574;2,79896641
-24,03666574;2,79896641
-24,03166574;1,86546493
-24,02666574;2,33298445
-24,02166574;3,26648593
-24,01666574;3,73246789
-24,01166574;2,33298445
-24,00666574;3,73246789
-24,00166574;3,26648593
-23,99666574;2,79896641
-23,99166574;2,79896641
-23,98666574;3,26648593
-23,98166574;2,79896641
-23,97666574;2,33298445
-23,97166574;1,39948320
-23,96666574;1,86546493
-23,96166574;2,33298445
-23,95666574;2,33298445
-23,95166575;1,86546493
-23,94666575;1,39948320
-23,94166575;2,33298445
-23,93666575;1,86546493
-23,93166575;2,79896641
-23,92666575;1,39948320
-23,92166575;1,86546493
-23,91666575;2,33298445
-23,91166575;2,33298445
-23,90666575;2,33298445
-23,90166575;1,86546493
-23,89666575;2,33298445
-23,89166575;1,86546493
-23,88666575;2,79896641
-23,88166575;2,33298445
-23,87666575;2,33298445
-23,87166575;2,79896641
-23,86666575;2,33298445
-23,86166575;2,33298445
-23,85666575;2,33298445
-23,85166575;3,26648593
-23,84666575;2,79896641
-23,84166575;2,33298445
-23,83666575;1,39948320
-23,83166575;0,93196350
-23,82666575;-5,13348866
-23,82166575;0,93196350
-23,81666575;1,39948320
-23,81166575;0,46598175
-23,80666575;1,39948320
-23,80166575;0,00000000
-23,79666575;0,46598175
-23,79166575;0,46598175
-23,78666575;-1,39948320
-23,78166575;0,00000000
-23,77666575;-0,93196350
-23,77166575;0,00000000
-23,76666575;0,00000000
-23,76166575;0,46598175
-23,75666575;0,00000000
-23,75166575;0,46598175
-23,74666575;0,46598175
-23,74166575;1,39948320
-23,73666575;1,39948320
-23,73166575;1,39948320
-23,72666575;0,46598175
-23,72166575;0,93196350
-23,71666575;0,46598175
-23,71166575;0,93196350
-23,70666575;0,93196350
-23,70166575;0,93196350
-23,69666575;1,39948320
-23,69166575;1,39948320
-23,68666575;1,86546493
-23,68166575;1,39948320
-23,67666575;1,39948320
-23,67166575;2,33298445
-23,66666575;2,79896641
-23,66166575;2,79896641
-23,65666575;3,26648593
-23,65166575;2,79896641
-23,64666575;2,79896641
-23,64166575;3,26648593
-23,63666575;3,26648593
-23,63166575;3,26648593
-23,62666575;3,26648593
-23,62166575;2,79896641
-23,61666575;1,86546493
-23,61166575;2,33298445
-23,60666575;1,86546493
-23,60166575;1,86546493
-23,59666575;1,86546493
-23,59166575;1,86546493
-23,58666575;1,86546493
-23,58166575;1,86546493
-23,57666575;2,79896641
-23,57166575;1,39948320
-23,56666575;2,33298445
-23,56166575;1,86546493
-23,55666575;2,33298445
-23,55166576;2,33298445
-23,54666576;2,33298445
-23,54166576;2,33298445
-23,53666576;2,33298445
-23,53166576;1,86546493
-23,52666576;1,39948320
-23,52166576;1,39948320
-23,51666576;1,39948320
-23,51166576;0,46598175
-23,50666576;0,00000000
-23,50166576;0,00000000
-23,49666576;0,46598175
-23,49166576;0,00000000
-23,48666576;1,39948320
-23,48166576;0,00000000
-23,47666576;-1,39948320
-23,47166576;-0,93196350
-23,46666576;-0,93196350
-23,46166576;-0,46598175
-23,45666576;-0,93196350
-23,45166576;-0,93196350
-23,44666576;-0,93196350
-23,44166576;-0,46598175
-23,43666576;-0,93196350
-23,43166576;0,00000000
-23,42666576;-0,46598175
-23,42166576;-0,93196350
-23,41666576;-0,46598175
-23,41166576;-0,46598175
-23,40666576;-0,93196350
-23,40166576;-0,46598175
-23,39666576;-0,93196350
-23,39166576;-0,93196350
-23,38666576;-1,39948320
-23,38166576;-0,93196350
-23,37666576;0,00000000
-23,37166576;0,46598175
-23,36666576;-0,93196350
-23,36166576;-0,46598175
-23,35666576;-0,93196350
-23,35166576;0,93196350
-23,34666576;0,00000000
-23,34166576;-0,46598175
-23,33666576;-0,46598175
-23,33166576;-1,39948320
-23,32666576;0,46598175
-23,32166576;-0,46598175
-23,31666576;-1,86546493
-23,31166576;-1,86546493
-23,30666576;-2,33298445
-23,30166576;-2,33298445
-23,29666576;-2,79896641
-23,29166576;-2,79896641
-23,28666576;-3,26648593
-23,28166576;-3,26648593
-23,27666576;-4,19998741
-23,27166576;-4,19998741
-23,26666576;-5,13348866
-23,26166576;-5,13348866
-23,25666576;-5,59947062
-23,25166576;-6,06699038
-23,24666576;-6,53297186
-23,24166576;-7,46647358
-23,23666576;-7,00049162
-23,23166576;-7,93399334
-23,22666576;-9,33347607
-23,22166576;-9,33347607
-23,21666576;-8,86749458
-23,21166576;-8,86749458
-23,20666576;-9,33347607
-23,20166576;-7,93399334
-23,19666576;-7,93399334
-23,19166576;-6,06699038
-23,18666576;-5,59947062
-23,18166576;-3,73246789
-23,17666576;-2,79896641
-23,17166576;-2,79896641
-23,16666576;-1,86546493
-23,16166576;-0,93196350
-23,15666577;-1,39948320
-23,15166577;-0,93196350
-23,14666577;0,00000000
-23,14166577;-1,39948320
-23,13666577;-1,86546493
-23,13166577;-2,79896641
-23,12666577;-2,79896641
-23,12166577;-3,26648593
-23,11666577;7,46647358
-23,11166577;-4,19998741
-23,10666577;-4,66596889
-23,10166577;-4,66596889
-23,09666577;-4,66596889
-23,09166577;-5,13348866
-23,08666577;-4,66596889
-23,08166577;-4,19998741
-23,07666577;-4,66596889
-23,07166577;-4,19998741
-23,06666577;-3,26648593
-23,06166577;-2,79896641
-23,05666577;-3,73246789
-23,05166577;-3,26648593
-23,04666577;-3,26648593
-23,04166577;-2,33298445
-23,03666577;-3,73246789
-23,03166577;-1,86546493
-23,02666577;-2,33298445
-23,02166577;-2,79896641
-23,01666577;-2,33298445
-23,01166577;-1,86546493
-23,00666577;-0,46598175
-23,00166577;-1,86546493
-22,99666577;-0,93196350
-22,99166577;-0,46598175
-22,98666577;0,00000000
-22,98166577;-0,46598175
-22,97666577;0,00000000
-22,97166577;0,00000000
-22,96666577;-0,46598175
-22,96166577;0,46598175
-22,95666577;-1,39948320
-22,95166577;0,46598175
-22,94666577;0,00000000
-22,94166577;0,93196350
-22,93666577;0,00000000
-22,93166577;0,93196350
-22,92666577;0,46598175
-22,92166577;1,86546493
-22,91666577;1,39948320
-22,91166577;1,86546493
-22,90666577;3,26648593
-22,90166577;4,19998741
-22,89666577;4,66596889
-22,89166577;5,13348866
-22,88666577;5,13348866
-22,88166577;5,59947062
-22,87666577;6,53297186
-22,87166577;7,00049162
-22,86666577;6,53297186
-22,86166577;7,00049162
-22,85666577;7,00049162
-22,85166577;6,06699038
-22,84666577;5,59947062
-22,84166577;5,13348866
-22,83666577;3,26648593
-22,83166577;3,73246789
-22,82666577;3,26648593
-22,82166577;2,33298445
-22,81666577;2,33298445
-22,81166577;2,33298445
-22,80666577;1,39948320
-22,80166577;0,93196350
-22,79666577;0,93196350
-22,79166577;0,93196350
-22,78666577;-0,46598175
-22,78166577;0,93196350
-22,77666577;0,46598175
-22,77166577;-1,39948320
-22,76666577;0,00000000
-22,76166578;-0,93196350
-22,75666578;-0,93196350
-22,75166578;0,00000000
-22,74666578;-0,93196350
-22,74166578;-1,39948320
-22,73666578;-0,93196350
-22,73166578;-1,39948320
-22,72666578;-1,39948320
-22,72166578;-1,86546493
-22,71666578;-1,86546493
-22,71166578;-0,46598175
-22,70666578;-1,86546493
-22,70166578;-2,33298445
-22,69666578;-2,33298445
-22,69166578;-2,33298445
-22,68666578;-2,33298445
-22,68166578;-3,26648593
-22,67666578;-3,73246789
-22,67166578;-3,73246789
-22,66666578;-4,66596889
-22,66166578;-3,26648593
-22,65666578;-4,66596889
-22,65166578;-5,59947062
-22,64666578;-20,06797409
-22,64166578;-6,06699038
-22,63666578;-6,06699038
-22,63166578;-5,59947062
-22,62666578;-6,06699038
-22,62166578;-5,59947062
-22,61666578;-6,53297186
-22,61166578;-5,59947062
-22,60666578;-7,00049162
-22,60166578;-6,06699038
-22,59666578;-6,53297186
-22,59166578;-6,53297186
-22,58666578;-7,00049162
-22,58166578;-6,06699038
-22,57666578;-6,53297186
-22,57166578;-7,00049162
-22,56666578;-5,59947062
-22,56166578;-5,59947062
-22,55666578;-5,59947062
-22,55166578;-6,06699038
-22,54666578;-6,53297186
-22,54166578;-6,06699038
-22,53666578;-6,53297186
-22,53166578;-6,53297186
-22,52666578;-6,53297186
-22,52166578;-7,46647358
-22,51666578;-7,00049162
-22,51166578;-7,00049162
-22,50666578;-7,46647358
-22,50166578;-7,00049162
-22,49666578;-7,46647358
-22,49166578;-8,39997482
-22,48666578;-7,93399334
-22,48166578;-8,39997482
-22,47666578;-8,86749458
-22,47166578;-8,86749458
-22,46666578;-8,39997482
-22,46166578;-8,39997482
-22,45666578;-8,86749458
-22,45166578;-7,93399334
-22,44666578;-6,53297186
-22,44166578;-6,06699038
-22,43666578;-5,13348866
-22,43166578;-4,19998741
-22,42666578;-3,73246789
-22,42166578;-1,86546493
-22,41666578;-1,39948320
-22,41166578;1,39948320
-22,40666578;1,39948320
-22,40166578;1,39948320
-22,39666578;1,39948320
-22,39166578;1,86546493
-22,38666578;2,33298445
-22,38166578;1,86546493
-22,37666578;1,39948320
-22,37166578;0,93196350
-22,36666579;1,39948320
-22,36166579;1,39948320
-22,35666579;0,00000000
-22,35166579;0,46598175
-22,34666579;0,00000000
-22,34166579;0,00000000
-22,33666579;-0,93196350
-22,33166579;-0,46598175
-22,32666579;-1,39948320
-22,32166579;-1,39948320
-22,31666579;-1,39948320
-22,31166579;-18,20096970
-22,30666579;-0,46598175
-22,30166579;-0,46598175
-22,29666579;-0,46598175
-22,29166579;0,00000000
-22,28666579;0,46598175
-22,28166579;0,00000000
-22,27666579;0,46598175
-22,27166579;1,39948320
-22,26666579;1,39948320
-22,26166579;2,33298445
-22,25666579;2,33298445
-22,25166579;3,26648593
-22,24666579;3,73246789
-22,24166579;5,13348866
-22,23666579;4,66596889
-22,23166579;4,66596889
-22,22666579;5,13348866
-22,22166579;4,66596889
-22,21666579;5,13348866
-22,21166579;-3,73246789
-22,20666579;4,19998741
-22,20166579;5,13348866
-22,19666579;3,73246789
-22,19166579;3,26648593
-22,18666579;3,26648593
-22,18166579;3,73246789
-22,17666579;2,33298445
-22,17166579;4,66596889
-22,16666579;2,79896641
-22,16166579;2,33298445
-22,15666579;1,86546493
-22,15166579;2,33298445
-22,14666579;2,79896641
-22,14166579;4,19998741
-22,13666579;3,73246789
-22,13166579;2,79896641
-22,12666579;3,26648593
-22,12166579;3,73246789
-22,11666579;3,73246789
-22,11166579;7,46647358
-22,10666579;4,66596889
-22,10166579;4,19998741
-22,09666579;4,19998741
-22,09166579;5,13348866
-22,08666579;3,73246789
-22,08166579;3,73246789
-22,07666579;4,19998741
-22,07166579;2,33298445
-22,06666579;3,73246789
-22,06166579;3,26648593
-22,05666579;3,26648593
-22,05166579;3,26648593
-22,04666579;1,86546493
-22,04166579;2,33298445
-22,03666579;2,33298445
-22,03166579;2,79896641
-22,02666579;2,33298445
-22,02166579;2,33298445
-22,01666579;1,86546493
-22,01166579;2,79896641
-22,00666579;2,33298445
-22,00166579;4,19998741
-21,99666579;1,86546493
-21,99166579;1,39948320
-21,98666579;1,86546493
-21,98166579;2,79896641
-21,97666579;1,86546493
-21,97166580;3,73246789
-21,96666580;2,79896641
-21,96166580;2,33298445
-21,95666580;1,86546493
-21,95166580;1,86546493
-21,94666580;2,79896641
-21,94166580;3,73246789
-21,93666580;3,73246789
-21,93166580;4,19998741
-21,92666580;3,73246789
-21,92166580;3,73246789
-21,91666580;2,79896641
-21,91166580;4,66596889
-21,90666580;3,73246789
-21,90166580;2,79896641
-21,89666580;2,79896641
-21,89166580;2,79896641
-21,88666580;2,33298445
-21,88166580;2,79896641
-21,87666580;2,79896641
-21,87166580;2,33298445
-21,86666580;4,19998741
-21,86166580;3,26648593
-21,85666580;2,79896641
-21,85166580;2,79896641
-21,84666580;3,26648593
-21,84166580;4,19998741
-21,83666580;3,26648593
-21,83166580;3,26648593
-21,82666580;3,73246789
-21,82166580;4,19998741
-21,81666580;4,66596889
-21,81166580;12,60150051
-21,80666580;4,66596889
-21,80166580;4,19998741
-21,79666580;4,19998741
-21,79166580;4,19998741
-21,78666580;4,66596889
-21,78166580;4,66596889
-21,77666580;5,13348866
-21,77166580;5,13348866
-21,76666580;4,66596889
-21,76166580;5,59947062
-21,75666580;5,13348866
-21,75166580;6,53297186
-21,74666580;9,80099583
-21,74166580;6,06699038
-21,73666580;7,00049162
-21,73166580;7,46647358
-21,72666580;6,53297186
-21,72166580;7,46647358
-21,71666580;7,46647358
-21,71166580;7,93399334
-21,70666580;7,46647358
-21,70166580;6,53297186
-21,69666580;6,53297186
-21,69166580;6,53297186
-21,68666580;5,59947062
-21,68166580;5,13348866
-21,67666580;5,13348866
-21,67166580;5,13348866
-21,66666580;5,13348866
-21,66166580;5,59947062
-21,65666580;4,66596889
-21,65166580;4,66596889
-21,64666580;4,19998741
-21,64166580;5,13348866
-21,63666580;5,13348866
-21,63166580;5,13348866
-21,62666580;5,59947062
-21,62166580;4,66596889
-21,61666580;4,66596889
-21,61166580;5,59947062
-21,60666580;4,19998741
-21,60166580;4,19998741
-21,59666580;3,73246789
-21,59166580;3,73246789
-21,58666580;3,26648593
-21,58166580;2,79896641
-21,57666581;2,79896641
-21,57166581;0,00000000
-21,56666581;2,79896641
-21,56166581;2,79896641
-21,55666581;1,39948320
-21,55166581;2,33298445
-21,54666581;1,86546493
-21,54166581;1,86546493
-21,53666581;2,33298445
-21,53166581;2,79896641
-21,52666581;2,79896641
-21,52166581;0,93196350
-21,51666581;0,46598175
-21,51166581;1,86546493
-21,50666581;0,93196350
-21,50166581;0,93196350
-21,49666581;1,39948320
-21,49166581;0,46598175
-21,48666581;0,93196350
-21,48166581;0,00000000
-21,47666581;0,93196350
-21,47166581;1,86546493
-21,46666581;1,39948320
-21,46166581;1,86546493
-21,45666581;1,86546493
-21,45166581;1,39948320
-21,44666581;1,39948320
-21,44166581;1,86546493
-21,43666581;0,46598175
-21,43166581;0,93196350
-21,42666581;0,93196350
-21,42166581;0,93196350
-21,41666581;1,39948320
-21,41166581;0,46598175
-21,40666581;0,00000000
-21,40166581;0,00000000
-21,39666581;0,46598175
-21,39166581;0,46598175
-21,38666581;0,00000000
-21,38166581;-0,93196350
-21,37666581;-0,93196350
-21,37166581;-1,39948320
-21,36666581;-0,93196350
-21,36166581;-0,93196350
-21,35666581;-2,79896641
-21,35166581;-0,46598175
-21,34666581;-0,93196350
-21,34166581;-1,86546493
-21,33666581;-1,39948320
-21,33166581;-2,33298445
-21,32666581;-2,79896641
-21,32166581;-1,39948320
-21,31666581;-2,33298445
-21,31166581;-2,33298445
-21,30666581;-2,79896641
-21,30166581;-1,86546493
-21,29666581;-2,33298445
-21,29166581;-1,86546493
-21,28666581;0,46598175
-21,28166581;0,46598175
-21,27666581;1,86546493
-21,27166581;2,33298445
-21,26666581;3,73246789
-21,26166581;5,13348866
-21,25666581;5,59947062
-21,25166581;6,06699038
-21,24666581;5,59947062
-21,24166581;6,06699038
-21,23666581;5,13348866
-21,23166581;4,66596889
-21,22666581;4,19998741
-21,22166581;4,19998741
-21,21666581;3,73246789
-21,21166581;2,79896641
-21,20666581;1,39948320
-21,20166581;1,39948320
-21,19666581;0,93196350
-21,19166581;0,00000000
-21,18666581;0,46598175
-21,18166581;1,39948320
-21,17666582;0,00000000
-21,17166582;-0,46598175
-21,16666582;0,93196350
-21,16166582;0,93196350
-21,15666582;2,33298445
-21,15166582;1,39948320
-21,14666582;1,39948320
-21,14166582;1,86546493
-21,13666582;0,93196350
-21,13166582;0,46598175
-21,12666582;0,93196350
-21,12166582;1,39948320
-21,11666582;1,39948320
-21,11166582;1,39948320
-21,10666582;0,46598175
-21,10166582;0,93196350
-21,09666582;0,46598175
-21,09166582;1,86546493
-21,08666582;1,39948320
-21,08166582;1,86546493
-21,07666582;2,33298445
-21,07166582;2,33298445
-21,06666582;2,33298445
-21,06166582;2,79896641
-21,05666582;1,86546493
-21,05166582;0,00000000
-21,04666582;0,93196350
-21,04166582;1,86546493
-21,03666582;0,93196350
-21,03166582;2,33298445
-21,02666582;3,26648593
-21,02166582;1,86546493
-21,01666582;1,86546493
-21,01166582;2,79896641
-21,00666582;2,79896641
-21,00166582;3,26648593
-20,99666582;3,26648593
-20,99166582;4,66596889
-20,98666582;5,13348866
-20,98166582;6,06699038
-20,97666582;6,53297186
-20,97166582;8,39997482
-20,96666582;7,46647358
-20,96166582;7,93399334
-20,95666582;7,46647358
-20,95166582;7,93399334
-20,94666582;7,46647358
-20,94166582;7,46647358
-20,93666582;7,46647358
-20,93166582;7,46647358
-20,92666582;7,00049162
-20,92166582;6,53297186
-20,91666582;6,53297186
-20,91166582;5,59947062
-20,90666582;4,66596889
-20,90166582;2,33298445
-20,89666582;4,19998741
-20,89166582;3,73246789
-20,88666582;4,19998741
-20,88166582;2,79896641
-20,87666582;2,79896641
-20,87166582;2,79896641
-20,86666582;3,26648593
-20,86166582;2,33298445
-20,85666582;1,86546493
-20,85166582;2,33298445
-20,84666582;1,86546493
-20,84166582;1,86546493
-20,83666582;1,86546493
-20,83166582;1,39948320
-20,82666582;2,33298445
-20,82166582;2,79896641
-20,81666582;2,33298445
-20,81166582;2,79896641
-20,80666582;2,33298445
-20,80166582;3,73246789
-20,79666582;3,26648593
-20,79166582;3,26648593
-20,78666582;2,79896641
-20,78166583;3,26648593
-20,77666583;2,33298445
-20,77166583;2,33298445
-20,76666583;0,46598175
-20,76166583;1,39948320
-20,75666583;-0,93196350
-20,75166583;0,46598175
-20,74666583;0,00000000
-20,74166583;1,86546493
-20,73666583;-1,86546493
-20,73166583;-0,93196350
-20,72666583;0,93196350
-20,72166583;-0,93196350
-20,71666583;-2,33298445
-20,71166583;-1,86546493
-20,70666583;-1,86546493
-20,70166583;-2,33298445
-20,69666583;-2,79896641
-20,69166583;-1,86546493
-20,68666583;-4,19998741
-20,68166583;-3,26648593
-20,67666583;-3,26648593
-20,67166583;-2,79896641
-20,66666583;-3,73246789
-20,66166583;-3,26648593
-20,65666583;-4,19998741
-20,65166583;-4,19998741
-20,64666583;-3,73246789
-20,64166583;-4,66596889
-20,63666583;-4,19998741
-20,63166583;-5,59947062
-20,62666583;-4,19998741
-20,62166583;-4,66596889
-20,61666583;-4,66596889
-20,61166583;-5,13348866
-20,60666583;-4,66596889
-20,60166583;-5,59947062
-20,59666583;-5,13348866
-20,59166583;-5,59947062
-20,58666583;-5,13348866
-20,58166583;-6,53297186
-20,57666583;-5,59947062
-20,57166583;-6,06699038
-20,56666583;-6,53297186
-20,56166583;-5,13348866
-20,55666583;-7,93399334
-20,55166583;-6,06699038
-20,54666583;-5,13348866
-20,54166583;-4,66596889
-20,53666583;-4,66596889
-20,53166583;-4,19998741
-20,52666583;-2,33298445
-20,52166583;0,00000000
-20,51666583;-0,93196350
-20,51166583;0,46598175
-20,50666583;0,93196350
-20,50166583;1,39948320
-20,49666583;2,33298445
-20,49166583;2,79896641
-20,48666583;3,26648593
-20,48166583;2,79896641
-20,47666583;1,86546493
-20,47166583;2,33298445
-20,46666583;1,86546493
-20,46166583;1,86546493
-20,45666583;1,86546493
-20,45166583;0,46598175
-20,44666583;-0,46598175
-20,44166583;-0,46598175
-20,43666583;-1,39948320
-20,43166583;-1,39948320
-20,42666583;-1,39948320
-20,42166583;-1,86546493
-20,41666583;-1,39948320
-20,41166583;-1,39948320
-20,40666583;-1,86546493
-20,40166583;-0,46598175
-20,39666583;-0,93196350
-20,39166583;-1,39948320
-20,38666584;-1,39948320
-20,38166584;-0,46598175
-20,37666584;-0,46598175
-20,37166584;-0,93196350
-20,36666584;-0,93196350
-20,36166584;-0,46598175
-20,35666584;1,39948320
-20,35166584;0,46598175
-20,34666584;0,93196350
-20,34166584;1,86546493
-20,33666584;1,39948320
-20,33166584;1,39948320
-20,32666584;1,86546493
-20,32166584;2,33298445
-20,31666584;2,79896641
-20,31166584;2,79896641
-20,30666584;2,79896641
-20,30166584;3,26648593
-20,29666584;3,26648593
-20,29166584;3,26648593
-20,28666584;3,73246789
-20,28166584;3,73246789
-20,27666584;4,19998741
-20,27166584;3,26648593
-20,26666584;3,73246789
-20,26166584;3,26648593
-20,25666584;1,39948320
-20,25166584;5,13348866
-20,24666584;5,13348866
-20,24166584;6,06699038
-20,23666584;5,59947062
-20,23166584;6,06699038
-20,22666584;5,59947062
-20,22166584;6,53297186
-20,21666584;7,93399334
-20,21166584;7,93399334
-20,20666584;7,46647358
-20,20166584;7,46647358
-20,19666584;7,00049162
-20,19166584;7,00049162
-20,18666584;7,00049162
-20,18166584;6,06699038
-20,17666584;6,53297186
-20,17166584;5,59947062
-20,16666584;5,13348866
-20,16166584;5,13348866
-20,15666584;-5,59947062
-20,15166584;3,73246789
-20,14666584;4,66596889
-20,14166584;4,19998741
-20,13666584;4,19998741
-20,13166584;4,19998741
-20,12666584;3,26648593
-20,12166584;4,19998741
-20,11666584;3,73246789
-20,11166584;2,33298445
-20,10666584;2,33298445
-20,10166584;2,33298445
-20,09666584;2,33298445
-20,09166584;1,39948320
-20,08666584;1,86546493
-20,08166584;0,93196350
-20,07666584;0,93196350
-20,07166584;0,93196350
-20,06666584;0,46598175
-20,06166584;0,93196350
-20,05666584;0,93196350
-20,05166584;0,46598175
-20,04666584;0,93196350
-20,04166584;0,00000000
-20,03666584;0,46598175
-20,03166584;0,46598175
-20,02666584;1,39948320
-20,02166584;0,46598175
-20,01666584;0,46598175
-20,01166584;1,39948320
-20,00666584;0,46598175
-20,00166584;0,46598175
-19,99666584;0,46598175
-19,99166585;-0,46598175
-19,98666585;0,00000000
-19,98166585;-0,46598175
-19,97666585;-0,46598175
-19,97166585;-0,93196350
-19,96666585;-1,39948320
-19,96166585;0,00000000
-19,95666585;0,00000000
-19,95166585;-1,86546493
-19,94666585;-0,93196350
-19,94166585;-0,93196350
-19,93666585;-1,39948320
-19,93166585;-1,39948320
-19,92666585;0,00000000
-19,92166585;-0,46598175
-19,91666585;0,46598175
-19,91166585;0,46598175
-19,90666585;0,93196350
-19,90166585;1,39948320
-19,89666585;1,39948320
-19,89166585;1,86546493
-19,88666585;2,33298445
-19,88166585;2,33298445
-19,87666585;2,33298445
-19,87166585;3,26648593
-19,86666585;2,79896641
-19,86166585;3,73246789
-19,85666585;3,73246789
-19,85166585;4,19998741
-19,84666585;4,19998741
-19,84166585;4,66596889
-19,83666585;4,19998741
-19,83166585;4,66596889
-19,82666585;4,66596889
-19,82166585;4,66596889
-19,81666585;6,06699038
-19,81166585;5,13348866
-19,80666585;5,13348866
-19,80166585;5,59947062
-19,79666585;6,06699038
-19,79166585;6,06699038
-19,78666585;5,13348866
-19,78166585;6,53297186
-19,77666585;6,06699038
-19,77166585;6,53297186
-19,76666585;6,53297186
-19,76166585;6,06699038
-19,75666585;7,00049162
-19,75166585;6,06699038
-19,74666585;7,00049162
-19,74166585;7,46647358
-19,73666585;7,00049162
-19,73166585;7,00049162
-19,72666585;6,06699038
-19,72166585;0,93196350
-19,71666585;6,06699038
-19,71166585;6,06699038
-19,70666585;4,66596889
-19,70166585;5,59947062
-19,69666585;5,13348866
-19,69166585;4,66596889
-19,68666585;3,26648593
-19,68166585;4,66596889
-19,67666585;4,19998741
-19,67166585;3,73246789
-19,66666585;3,26648593
-19,66166585;3,73246789
-19,65666585;3,73246789
-19,65166585;2,79896641
-19,64666585;2,79896641
-19,64166585;2,79896641
-19,63666585;1,86546493
-19,63166585;3,26648593
-19,62666585;1,39948320
-19,62166585;1,39948320
-19,61666585;0,46598175
-19,61166585;1,39948320
-19,60666585;0,00000000
-19,60166585;0,00000000
-19,59666586;-0,93196350
-19,59166586;-1,39948320
-19,58666586;-1,86546493
-19,58166586;-1,39948320
-19,57666586;-1,39948320
-19,57166586;-1,39948320
-19,56666586;-1,86546493
-19,56166586;-1,86546493
-19,55666586;-2,33298445
-19,55166586;-2,33298445
-19,54666586;-2,33298445
-19,54166586;-2,79896641
-19,53666586;-2,33298445
-19,53166586;-3,26648593
-19,52666586;-3,73246789
-19,52166586;-3,26648593
-19,51666586;-3,73246789
-19,51166586;-3,73246789
-19,50666586;-3,73246789
-19,50166586;-4,66596889
-19,49666586;-4,19998741
-19,49166586;-5,13348866
-19,48666586;-5,13348866
-19,48166586;-5,13348866
-19,47666586;-5,13348866
-19,47166586;-5,59947062
-19,46666586;-5,13348866
-19,46166586;-7,00049162
-19,45666586;-6,06699038
-19,45166586;-6,53297186
-19,44666586;-6,53297186
-19,44166586;-6,53297186
-19,43666586;-6,53297186
-19,43166586;-7,46647358
-19,42666586;-7,93399334
-19,42166586;-8,86749458
-19,41666586;-6,53297186
-19,41166586;-9,33347607
-19,40666586;-8,86749458
-19,40166586;-10,26697731
-19,39666586;-9,80099583
-19,39166586;-7,93399334
-19,38666586;-9,33347607
-19,38166586;-7,93399334
-19,37666586;-7,00049162
-19,37166586;-6,06699038
-19,36666586;-5,13348866
-19,36166586;-3,73246789
-19,35666586;-2,33298445
-19,35166586;-1,86546493
-19,34666586;0,00000000
-19,34166586;-0,93196350
-19,33666586;0,93196350
-19,33166586;1,86546493
-19,32666586;1,39948320
-19,32166586;0,00000000
-19,31666586;0,46598175
-19,31166586;0,46598175
-19,30666586;-1,86546493
-19,30166586;-0,93196350
-19,29666586;-1,39948320
-19,29166586;-1,86546493
-19,28666586;-2,33298445
-19,28166586;-2,79896641
-19,27666586;-3,26648593
-19,27166586;-2,33298445
-19,26666586;-3,26648593
-19,26166586;-2,33298445
-19,25666586;-3,26648593
-19,25166586;-3,26648593
-19,24666586;-2,33298445
-19,24166586;-1,39948320
-19,23666586;-2,79896641
-19,23166586;-2,33298445
-19,22666586;-1,39948320
-19,22166586;-2,33298445
-19,21666586;-1,86546493
-19,21166586;-1,39948320
-19,20666586;-2,79896641
-19,20166587;-1,39948320
-19,19666587;-1,39948320
-19,19166587;-0,93196350
-19,18666587;0,46598175
-19,18166587;-0,46598175
-19,17666587;0,00000000
-19,17166587;0,46598175
-19,16666587;0,00000000
-19,16166587;0,46598175
-19,15666587;1,86546493
-19,15166587;0,93196350
-19,14666587;0,46598175
-19,14166587;0,00000000
-19,13666587;-0,93196350
-19,13166587;0,00000000
-19,12666587;-2,79896641
-19,12166587;-0,46598175
-19,11666587;-0,46598175
-19,11166587;-1,39948320
-19,10666587;-0,93196350
-19,10166587;0,00000000
-19,09666587;-0,46598175
-19,09166587;0,00000000
-19,08666587;0,46598175
-19,08166587;0,46598175
-19,07666587;0,93196350
-19,07166587;1,39948320
-19,06666587;1,86546493
-19,06166587;2,33298445
-19,05666587;2,33298445
-19,05166587;2,33298445
-19,04666587;3,26648593
-19,04166587;3,26648593
-19,03666587;2,79896641
-19,03166587;3,73246789
-19,02666587;2,79896641
-19,02166587;2,33298445
-19,01666587;2,33298445
-19,01166587;2,79896641
-19,00666587;1,39948320
-19,00166587;2,33298445
-18,99666587;2,33298445
-18,99166587;0,46598175
-18,98666587;0,93196350
-18,98166587;0,93196350
-18,97666587;0,00000000
-18,97166587;0,46598175
-18,96666587;-0,93196350
-18,96166587;-0,93196350
-18,95666587;-0,93196350
-18,95166587;-0,93196350
-18,94666587;-1,39948320
-18,94166587;-1,86546493
-18,93666587;-1,39948320
-18,93166587;-1,86546493
-18,92666587;-1,39948320
-18,92166587;0,00000000
-18,91666587;-1,86546493
-18,91166587;-2,79896641
-18,90666587;-1,86546493
-18,90166587;-1,39948320
-18,89666587;-1,86546493
-18,89166587;-1,39948320
-18,88666587;-1,86546493
-18,88166587;-1,86546493
-18,87666587;-1,86546493
-18,87166587;-2,79896641
-18,86666587;-3,26648593
-18,86166587;-3,26648593
-18,85666587;-5,13348866
-18,85166587;-4,66596889
-18,84666587;-5,13348866
-18,84166587;-5,59947062
-18,83666587;-4,66596889
-18,83166587;-7,46647358
-18,82666587;-7,00049162
-18,82166587;-7,46647358
-18,81666587;-7,93399334
-18,81166587;-8,39997482
-18,80666587;-9,33347607
-18,80166588;-8,86749458
-18,79666588;-9,80099583
-18,79166588;-10,26697731
-18,78666588;-9,80099583
-18,78166588;-9,80099583
-18,77666588;-10,73449707
-18,77166588;-9,80099583
-18,76666588;-10,73449707
-18,76166588;-10,26697731
-18,75666588;-8,86749458
-18,75166588;-7,46647358
-18,74666588;-11,20047951
-18,74166588;-10,26697731
-18,73666588;-12,60150051
-18,73166588;-12,13398075
-18,72666588;-12,13398075
-18,72166588;-12,13398075
-18,71666588;-12,13398075
-18,71166588;-11,66799831
-18,70666588;-12,13398075
-18,70166588;-11,66799831
-18,69666588;-12,13398075
-18,69166588;-11,66799831
-18,68666588;-10,73449707
-18,68166588;-10,73449707
-18,67666588;-11,66799831
-18,67166588;-10,26697731
-18,66666588;-8,39997482
-18,66166588;-10,26697731
-18,65666588;-10,73449707
-18,65166588;-10,73449707
-18,64666588;-9,80099583
-18,64166588;-10,73449707
-18,63666588;-10,73449707
-18,63166588;-10,73449707
-18,62666588;-8,39997482
-18,62166588;-7,46647358
-18,61666588;-7,00049162
-18,61166588;-5,59947062
-18,60666588;-3,73246789
-18,60166588;-3,26648593
-18,59666588;-2,79896641
-18,59166588;-1,39948320
-18,58666588;0,00000000
-18,58166588;-0,46598175
-18,57666588;0,46598175
-18,57166588;0,46598175
-18,56666588;0,46598175
-18,56166588;1,39948320
-18,55666588;0,00000000
-18,55166588;0,00000000
-18,54666588;0,46598175
-18,54166588;-1,39948320
-18,53666588;-1,86546493
-18,53166588;-1,39948320
-18,52666588;-1,86546493
-18,52166588;-2,79896641
-18,51666588;-3,26648593
-18,51166588;-3,26648593
-18,50666588;-3,73246789
-18,50166588;-4,19998741
-18,49666588;-4,66596889
-18,49166588;-2,79896641
-18,48666588;-4,19998741
-18,48166588;-2,79896641
-18,47666588;-3,73246789
-18,47166588;-3,73246789
-18,46666588;-1,86546493
-18,46166588;-2,79896641
-18,45666588;-2,33298445
-18,45166588;-2,79896641
-18,44666588;-1,86546493
-18,44166588;-1,86546493
-18,43666588;-0,93196350
-18,43166588;-0,93196350
-18,42666588;-0,93196350
-18,42166588;-0,93196350
-18,41666588;-1,86546493
-18,41166588;-1,39948320
-18,40666589;-2,33298445
-18,40166589;-1,86546493
-18,39666589;-1,86546493
-18,39166589;-2,33298445
-18,38666589;-2,33298445
-18,38166589;-4,19998741
-18,37666589;-2,79896641
-18,37166589;-4,19998741
-18,36666589;-3,26648593
-18,36166589;-3,73246789
-18,35666589;-3,73246789
-18,35166589;-3,73246789
-18,34666589;-3,26648593
-18,34166589;-3,73246789
-18,33666589;-2,33298445
-18,33166589;-2,79896641
-18,32666589;-1,86546493
-18,32166589;-1,39948320
-18,31666589;-1,86546493
-18,31166589;-0,46598175
-18,30666589;0,46598175
-18,30166589;0,00000000
-18,29666589;0,00000000
-18,29166589;0,93196350
-18,28666589;0,00000000
-18,28166589;0,46598175
-18,27666589;0,00000000
-18,27166589;0,00000000
-18,26666589;0,00000000
-18,26166589;0,00000000
-18,25666589;0,00000000
-18,25166589;0,00000000
-18,24666589;-1,39948320
-18,24166589;-0,93196350
-18,23666589;-1,86546493
-18,23166589;-1,86546493
-18,22666589;-1,86546493
-18,22166589;-1,86546493
-18,21666589;-1,86546493
-18,21166589;-1,39948320
-18,20666589;-1,86546493
-18,20166589;-1,86546493
-18,19666589;-2,33298445
-18,19166589;-1,86546493
-18,18666589;-0,93196350
-18,18166589;-2,33298445
-18,17666589;-0,93196350
-18,17166589;-0,46598175
-18,16666589;0,46598175
-18,16166589;0,46598175
-18,15666589;1,39948320
-18,15166589;0,46598175
-18,14666589;0,93196350
-18,14166589;-0,46598175
-18,13666589;0,46598175
-18,13166589;0,93196350
-18,12666589;0,46598175
-18,12166589;1,39948320
-18,11666589;1,86546493
-18,11166589;2,33298445
-18,10666589;0,46598175
-18,10166589;1,39948320
-18,09666589;0,93196350
-18,09166589;0,46598175
-18,08666589;0,00000000
-18,08166589;0,00000000
-18,07666589;-0,46598175
-18,07166589;-1,39948320
-18,06666589;-0,46598175
-18,06166589;-0,93196350
-18,05666589;-0,93196350
-18,05166589;-1,39948320
-18,04666589;0,00000000
-18,04166589;-0,93196350
-18,03666589;-1,39948320
-18,03166589;-1,39948320
-18,02666589;-2,33298445
-18,02166589;-1,86546493
-18,01666589;-1,86546493
-18,01166590;-2,33298445
-18,00666590;-1,39948320
-18,00166590;-3,26648593
-17,99666590;-2,79896641
-17,99166590;-2,33298445
-17,98666590;-2,79896641
-17,98166590;-2,33298445
-17,97666590;-2,79896641
-17,97166590;-2,33298445
-17,96666590;-2,33298445
-17,96166590;-0,93196350
-17,95666590;-4,19998741
-17,95166590;-2,33298445
-17,94666590;-0,46598175
-17,94166590;0,00000000
-17,93666590;-1,86546493
-17,93166590;-0,46598175
-17,92666590;0,46598175
-17,92166590;5,13348866
-17,91666590;0,46598175
-17,91166590;1,39948320
-17,90666590;0,00000000
-17,90166590;0,46598175
-17,89666590;-1,39948320
-17,89166590;-0,46598175
-17,88666590;-0,93196350
-17,88166590;0,00000000
-17,87666590;-0,93196350
-17,87166590;-0,93196350
-17,86666590;-0,93196350
-17,86166590;-0,46598175
-17,85666590;-1,39948320
-17,85166590;-0,93196350
-17,84666590;0,46598175
-17,84166590;0,00000000
-17,83666590;0,00000000
-17,83166590;-0,46598175
-17,82666590;0,46598175
-17,82166590;0,00000000
-17,81666590;0,46598175
-17,81166590;0,46598175
-17,80666590;0,93196350
-17,80166590;0,46598175
-17,79666590;0,46598175
-17,79166590;0,46598175
-17,78666590;0,46598175
-17,78166590;0,00000000
-17,77666590;-0,46598175
-17,77166590;-0,46598175
-17,76666590;-0,46598175
-17,76166590;-0,46598175
-17,75666590;-1,86546493
-17,75166590;-1,39948320
-17,74666590;-1,39948320
-17,74166590;0,00000000
-17,73666590;-2,79896641
-17,73166590;-2,33298445
-17,72666590;-2,79896641
-17,72166590;-2,33298445
-17,71666590;-3,26648593
-17,71166590;-1,39948320
-17,70666590;-2,33298445
-17,70166590;-2,33298445
-17,69666590;-1,39948320
-17,69166590;-1,39948320
-17,68666590;-1,86546493
-17,68166590;-2,79896641
-17,67666590;-2,79896641
-17,67166590;-2,79896641
-17,66666590;-2,79896641
-17,66166590;-2,79896641
-17,65666590;-3,26648593
-17,65166590;-4,19998741
-17,64666590;-4,19998741
-17,64166590;-3,73246789
-17,63666590;-4,66596889
-17,63166590;-3,73246789
-17,62666590;-4,19998741
-17,62166590;-3,73246789
-17,61666591;-3,73246789
-17,61166591;-3,26648593
-17,60666591;-3,73246789
-17,60166591;-3,73246789
-17,59666591;-3,26648593
-17,59166591;-3,26648593
-17,58666591;-3,73246789
-17,58166591;-3,26648593
-17,57666591;-4,66596889
-17,57166591;-5,13348866
-17,56666591;-3,73246789
-17,56166591;-4,66596889
-17,55666591;-5,59947062
-17,55166591;-5,59947062
-17,54666591;-5,59947062
-17,54166591;-5,13348866
-17,53666591;-5,13348866
-17,53166591;-7,00049162
-17,52666591;-6,06699038
-17,52166591;-7,00049162
-17,51666591;-7,00049162
-17,51166591;-7,46647358
-17,50666591;-7,93399334
-17,50166591;-7,93399334
-17,49666591;-8,39997482
-17,49166591;-7,93399334
-17,48666591;-7,46647358
-17,48166591;-7,46647358
-17,47666591;-7,93399334
-17,47166591;-7,93399334
-17,46666591;-6,06699038
-17,46166591;-5,59947062
-17,45666591;-5,13348866
-17,45166591;-4,19998741
-17,44666591;-2,79896641
-17,44166591;-2,79896641
-17,43666591;-1,86546493
-17,43166591;-1,39948320
-17,42666591;-1,39948320
-17,42166591;-1,86546493
-17,41666591;-1,39948320
-17,41166591;-1,39948320
-17,40666591;-1,86546493
-17,40166591;-1,86546493
-17,39666591;-2,33298445
-17,39166591;-2,79896641
-17,38666591;-2,79896641
-17,38166591;-3,26648593
-17,37666591;-3,26648593
-17,37166591;-2,79896641
-17,36666591;-2,79896641
-17,36166591;-3,73246789
-17,35666591;-2,79896641
-17,35166591;-4,19998741
-17,34666591;-3,73246789
-17,34166591;-3,26648593
-17,33666591;-2,79896641
-17,33166591;-2,79896641
-17,32666591;-2,79896641
-17,32166591;-3,26648593
-17,31666591;-3,26648593
-17,31166591;-3,26648593
-17,30666591;-3,26648593
-17,30166591;-2,79896641
-17,29666591;-2,79896641
-17,29166591;-2,79896641
-17,28666591;-2,33298445
-17,28166591;-1,86546493
-17,27666591;-1,86546493
-17,27166591;-1,86546493
-17,26666591;-0,93196350
-17,26166591;-0,46598175
-17,25666591;-1,86546493
-17,25166591;-1,39948320
-17,24666591;-1,39948320
-17,24166591;-1,86546493
-17,23666591;-1,86546493
-17,23166591;-1,39948320
-17,22666591;-2,33298445
-17,22166592;-3,26648593
-17,21666592;-2,79896641
-17,21166592;-2,33298445
-17,20666592;-3,26648593
-17,20166592;-1,86546493
-17,19666592;-0,93196350
-17,19166592;-1,39948320
-17,18666592;-0,46598175
-17,18166592;-0,46598175
-17,17666592;-0,46598175
-17,17166592;-0,46598175
-17,16666592;1,39948320
-17,16166592;0,93196350
-17,15666592;2,33298445
-17,15166592;2,79896641
-17,14666592;1,39948320
-17,14166592;1,86546493
-17,13666592;1,39948320
-17,13166592;1,86546493
-17,12666592;1,39948320
-17,12166592;1,86546493
-17,11666592;0,93196350
-17,11166592;0,93196350
-17,10666592;0,46598175
-17,10166592;0,00000000
-17,09666592;0,00000000
-17,09166592;-0,93196350
-17,08666592;-0,93196350
-17,08166592;-0,46598175
-17,07666592;-1,39948320
-17,07166592;-1,86546493
-17,06666592;-2,33298445
-17,06166592;-2,33298445
-17,05666592;-3,73246789
-17,05166592;-1,86546493
-17,04666592;-2,79896641
-17,04166592;-2,33298445
-17,03666592;-2,33298445
-17,03166592;-3,26648593
-17,02666592;-2,33298445
-17,02166592;-1,39948320
-17,01666592;-2,33298445
-17,01166592;-1,39948320
-17,00666592;-1,86546493
-17,00166592;-1,39948320
-16,99666592;-1,39948320
-16,99166592;-1,39948320
-16,98666592;-0,46598175
-16,98166592;-0,46598175
-16,97666592;-0,46598175
-16,97166592;-0,46598175
-16,96666592;-1,39948320
-16,96166592;-0,93196350
-16,95666592;-2,33298445
-16,95166592;-1,86546493
-16,94666592;-4,19998741
-16,94166592;-2,33298445
-16,93666592;-3,73246789
-16,93166592;-5,13348866
-16,92666592;-4,66596889
-16,92166592;-4,66596889
-16,91666592;-5,59947062
-16,91166592;-5,59947062
-16,90666592;-5,59947062
-16,90166592;-6,06699038
-16,89666592;-6,06699038
-16,89166592;-7,00049162
-16,88666592;-6,53297186
-16,88166592;-7,00049162
-16,87666592;-7,46647358
-16,87166592;-7,00049162
-16,86666592;-7,93399334
-16,86166592;-7,46647358
-16,85666592;-8,86749458
-16,85166592;-8,86749458
-16,84666592;-9,33347607
-16,84166592;-9,33347607
-16,83666592;-9,33347607
-16,83166592;-10,26697731
-16,82666593;-10,26697731
-16,82166593;-10,26697731
-16,81666593;-10,73449707
-16,81166593;-8,86749458
-16,80666593;-10,26697731
-16,80166593;-11,66799831
-16,79666593;-11,20047951
-16,79166593;-10,73449707
-16,78666593;-11,20047951
-16,78166593;-11,20047951
-16,77666593;-10,73449707
-16,77166593;-10,73449707
-16,76666593;-10,26697731
-16,76166593;-11,20047951
-16,75666593;-11,66799831
-16,75166593;-10,26697731
-16,74666593;-10,73449707
-16,74166593;-12,13398075
-16,73666593;-9,80099583
-16,73166593;-10,26697731
-16,72666593;-10,73449707
-16,72166593;-8,39997482
-16,71666593;-8,86749458
-16,71166593;-7,46647358
-16,70666593;-7,46647358
-16,70166593;-6,53297186
-16,69666593;-5,59947062
-16,69166593;-3,73246789
-16,68666593;-3,73246789
-16,68166593;-3,26648593
-16,67666593;-1,86546493
-16,67166593;-1,86546493
-16,66666593;-0,93196350
-16,66166593;-0,93196350
-16,65666593;-1,86546493
-16,65166593;-1,86546493
-16,64666593;-1,39948320
-16,64166593;-1,86546493
-16,63666593;-2,33298445
-16,63166593;-2,79896641
-16,62666593;-3,26648593
-16,62166593;-3,26648593
-16,61666593;-3,26648593
-16,61166593;-2,79896641
-16,60666593;-3,26648593
-16,60166593;-3,26648593
-16,59666593;-3,26648593
-16,59166593;-3,26648593
-16,58666593;-3,26648593
-16,58166593;-2,33298445
-16,57666593;-2,79896641
-16,57166593;-1,86546493
-16,56666593;-3,26648593
-16,56166593;-1,39948320
-16,55666593;-1,39948320
-16,55166593;-1,39948320
-16,54666593;-1,39948320
-16,54166593;0,46598175
-16,53666593;-0,93196350
-16,53166593;0,46598175
-16,52666593;0,00000000
-16,52166593;0,00000000
-16,51666593;0,46598175
-16,51166593;1,39948320
-16,50666593;1,39948320
-16,50166593;0,00000000
-16,49666593;0,93196350
-16,49166593;1,39948320
-16,48666593;0,46598175
-16,48166593;0,46598175
-16,47666593;0,93196350
-16,47166593;-0,93196350
-16,46666593;0,00000000
-16,46166593;-0,93196350
-16,45666593;-0,93196350
-16,45166593;-1,86546493
-16,44666593;-0,46598175
-16,44166593;-1,39948320
-16,43666593;-1,39948320
-16,43166593;-1,39948320
-16,42666594;-1,86546493
-16,42166594;-0,93196350
-16,41666594;-1,39948320
-16,41166594;-0,93196350
-16,40666594;0,00000000
-16,40166594;0,00000000
-16,39666594;-0,46598175
-16,39166594;0,00000000
-16,38666594;-0,93196350
-16,38166594;-0,46598175
-16,37666594;-0,93196350
-16,37166594;-1,39948320
-16,36666594;-0,93196350
-16,36166594;-1,39948320
-16,35666594;-0,93196350
-16,35166594;-1,39948320
-16,34666594;-1,86546493
-16,34166594;-0,93196350
-16,33666594;-2,79896641
-16,33166594;-2,33298445
-16,32666594;-3,26648593
-16,32166594;-2,79896641
-16,31666594;-2,79896641
-16,31166594;-3,26648593
-16,30666594;-2,33298445
-16,30166594;-1,39948320
-16,29666594;-1,39948320
-16,29166594;-1,39948320
-16,28666594;15,86798668
-16,28166594;-0,93196350
-16,27666594;-0,93196350
-16,27166594;-0,93196350
-16,26666594;0,00000000
-16,26166594;0,00000000
-16,25666594;0,00000000
-16,25166594;0,00000000
-16,24666594;0,46598175
-16,24166594;1,39948320
-16,23666594;1,86546493
-16,23166594;0,93196350
-16,22666594;1,86546493
-16,22166594;1,86546493
-16,21666594;1,86546493
-16,21166594;2,33298445
-16,20666594;2,79896641
-16,20166594;2,79896641
-16,19666594;1,39948320
-16,19166594;1,86546493
-16,18666594;1,86546493
-16,18166594;1,86546493
-16,17666594;1,86546493
-16,17166594;0,93196350
-16,16666594;0,46598175
-16,16166594;0,00000000
-16,15666594;0,46598175
-16,15166594;-0,93196350
-16,14666594;-0,46598175
-16,14166594;-0,93196350
-16,13666594;-1,86546493
-16,13166594;-1,39948320
-16,12666594;-1,39948320
-16,12166594;0,00000000
-16,11666594;-0,46598175
-16,11166594;-1,86546493
-16,10666594;-1,39948320
-16,10166594;-1,39948320
-16,09666594;-0,93196350
-16,09166594;-0,46598175
-16,08666594;0,00000000
-16,08166594;0,00000000
-16,07666594;0,00000000
-16,07166594;-0,93196350
-16,06666594;0,46598175
-16,06166594;-0,46598175
-16,05666594;0,00000000
-16,05166594;-0,93196350
-16,04666594;0,93196350
-16,04166594;-0,93196350
-16,03666594;-0,93196350
-16,03166595;0,00000000
-16,02666595;-1,39948320
-16,02166595;-1,39948320
-16,01666595;-1,86546493
-16,01166595;-1,86546493
-16,00666595;-1,86546493
-16,00166595;-1,86546493
-15,99666595;-3,26648593
-15,99166595;-1,86546493
-15,98666595;-2,33298445
-15,98166595;-1,86546493
-15,97666595;-2,79896641
-15,97166595;-1,86546493
-15,96666595;-1,39948320
-15,96166595;-1,86546493
-15,95666595;-1,86546493
-15,95166595;-1,39948320
-15,94666595;-1,86546493
-15,94166595;-0,93196350
-15,93666595;-0,93196350
-15,93166595;-1,86546493
-15,92666595;-0,93196350
-15,92166595;-1,86546493
-15,91666595;-0,93196350
-15,91166595;-0,46598175
-15,90666595;-0,93196350
-15,90166595;-0,46598175
-15,89666595;-0,93196350
-15,89166595;-1,39948320
-15,88666595;0,00000000
-15,88166595;-0,93196350
-15,87666595;-1,39948320
-15,87166595;-1,39948320
-15,86666595;-1,39948320
-15,86166595;-0,93196350
-15,85666595;-1,86546493
-15,85166595;-1,86546493
-15,84666595;-4,19998741
-15,84166595;-1,86546493
-15,83666595;-1,86546493
-15,83166595;-1,39948320
-15,82666595;-1,86546493
-15,82166595;-1,39948320
-15,81666595;-1,86546493
-15,81166595;-1,86546493
-15,80666595;-1,86546493
-15,80166595;-2,33298445
-15,79666595;-1,86546493
-15,79166595;-2,33298445
-15,78666595;-1,86546493
-15,78166595;-1,39948320
-15,77666595;-1,39948320
-15,77166595;-1,39948320
-15,76666595;-1,39948320
-15,76166595;-1,86546493
-15,75666595;-1,86546493
-15,75166595;-1,86546493
-15,74666595;-2,33298445
-15,74166595;-0,93196350
-15,73666595;-1,86546493
-15,73166595;-1,39948320
-15,72666595;-2,33298445
-15,72166595;-1,86546493
-15,71666595;-1,39948320
-15,71166595;-2,33298445
-15,70666595;-1,86546493
-15,70166595;-1,39948320
-15,69666595;-1,39948320
-15,69166595;-0,93196350
-15,68666595;-1,86546493
-15,68166595;-1,39948320
-15,67666595;-1,86546493
-15,67166595;-2,33298445
-15,66666595;-2,33298445
-15,66166595;-2,33298445
-15,65666595;-3,73246789
-15,65166595;-3,26648593
-15,64666595;-3,26648593
-15,64166595;-4,19998741
-15,63666596;-4,66596889
-15,63166596;-6,53297186
-15,62666596;-6,06699038
-15,62166596;-7,00049162
-15,61666596;-8,39997482
-15,61166596;-8,86749458
-15,60666596;-10,73449707
-15,60166596;-9,33347607
-15,59666596;-9,80099583
-15,59166596;-10,26697731
-15,58666596;-9,33347607
-15,58166596;-9,33347607
-15,57666596;-9,80099583
-15,57166596;-9,33347607
-15,56666596;-7,00049162
-15,56166596;-7,46647358
-15,55666596;-5,13348866
-15,55166596;-4,19998741
-15,54666596;-3,26648593
-15,54166596;-2,33298445
-15,53666596;-0,93196350
-15,53166596;-0,46598175
-15,52666596;-1,39948320
-15,52166596;-0,93196350
-15,51666596;-1,39948320
-15,51166596;-2,79896641
-15,50666596;-3,26648593
-15,50166596;-2,79896641
-15,49666596;-4,19998741
-15,49166596;-4,19998741
-15,48666596;-5,59947062
-15,48166596;-5,59947062
-15,47666596;-6,53297186
-15,47166596;-6,53297186
-15,46666596;-6,06699038
-15,46166596;-5,13348866
-15,45666596;-5,13348866
-15,45166596;-5,13348866
-15,44666596;-4,66596889
-15,44166596;-4,19998741
-15,43666596;-3,73246789
-15,43166596;-3,26648593
-15,42666596;-5,13348866
-15,42166596;-2,79896641
-15,41666596;-2,33298445
-15,41166596;-2,33298445
-15,40666596;-2,79896641
-15,40166596;-2,33298445
-15,39666596;-2,33298445
-15,39166596;-1,86546493
-15,38666596;-2,79896641
-15,38166596;-2,33298445
-15,37666596;-2,33298445
-15,37166596;-1,39948320
-15,36666596;-0,46598175
-15,36166596;-1,39948320
-15,35666596;-0,93196350
-15,35166596;-0,93196350
-15,34666596;0,00000000
-15,34166596;-1,86546493
-15,33666596;-0,93196350
-15,33166596;-1,86546493
-15,32666596;-3,26648593
-15,32166596;-2,79896641
-15,31666596;-2,79896641
-15,31166596;-3,73246789
-15,30666596;-5,13348866
-15,30166596;-1,86546493
-15,29666596;-3,26648593
-15,29166596;-2,79896641
-15,28666596;-2,33298445
-15,28166596;-2,33298445
-15,27666596;-2,33298445
-15,27166596;-2,33298445
-15,26666596;-1,39948320
-15,26166596;-0,93196350
-15,25666596;0,00000000
-15,25166596;0,00000000
-15,24666596;0,93196350
-15,24166597;0,46598175
-15,23666597;1,39948320
-15,23166597;1,39948320
-15,22666597;1,39948320
-15,22166597;1,86546493
-15,21666597;0,00000000
-15,21166597;0,93196350
-15,20666597;1,86546493
-15,20166597;0,93196350
-15,19666597;0,93196350
-15,19166597;0,46598175
-15,18666597;0,93196350
-15,18166597;0,46598175
-15,17666597;0,93196350
-15,17166597;0,93196350
-15,16666597;0,46598175
-15,16166597;0,46598175
-15,15666597;0,46598175
-15,15166597;0,93196350
-15,14666597;-0,93196350
-15,14166597;0,46598175
-15,13666597;-0,46598175
-15,13166597;-0,46598175
-15,12666597;-1,39948320
-15,12166597;-0,93196350
-15,11666597;-1,39948320
-15,11166597;-1,86546493
-15,10666597;-0,46598175
-15,10166597;-0,46598175
-15,09666597;-0,93196350
-15,09166597;-0,46598175
-15,08666597;0,46598175
-15,08166597;0,00000000
-15,07666597;0,46598175
-15,07166597;0,46598175
-15,06666597;1,86546493
-15,06166597;0,93196350
-15,05666597;0,93196350
-15,05166597;0,93196350
-15,04666597;0,93196350
-15,04166597;0,93196350
-15,03666597;1,86546493
-15,03166597;-0,46598175
-15,02666597;-0,93196350
-15,02166597;-1,86546493
-15,01666597;-1,86546493
-15,01166597;-2,79896641
-15,00666597;-2,33298445
-15,00166597;-2,79896641
-14,99666597;-3,26648593
-14,99166597;-3,73246789
-14,98666597;-4,66596889
-14,98166597;-4,19998741
-14,97666597;-4,66596889
-14,97166597;-4,66596889
-14,96666597;-5,59947062
-14,96166597;-5,13348866
-14,95666597;-5,13348866
-14,95166597;-5,59947062
-14,94666597;-6,06699038
-14,94166597;-6,06699038
-14,93666597;-6,53297186
-14,93166597;-7,00049162
-14,92666597;-7,00049162
-14,92166597;-6,06699038
-14,91666597;-7,93399334
-14,91166597;-7,93399334
-14,90666597;-7,93399334
-14,90166597;-7,93399334
-14,89666597;-8,86749458
-14,89166597;-7,93399334
-14,88666597;-8,39997482
-14,88166597;-8,39997482
-14,87666597;-8,86749458
-14,87166597;-8,39997482
-14,86666597;-8,86749458
-14,86166597;-8,39997482
-14,85666597;-8,86749458
-14,85166597;-8,39997482
-14,84666598;-8,39997482
-14,84166598;-9,33347607
-14,83666598;-8,86749458
-14,83166598;-8,86749458
-14,82666598;-8,86749458
-14,82166598;-8,86749458
-14,81666598;-7,93399334
-14,81166598;-7,46647358
-14,80666598;-6,53297186
-14,80166598;-6,06699038
-14,79666598;-4,19998741
-14,79166598;-4,19998741
-14,78666598;-4,19998741
-14,78166598;-1,86546493
-14,77666598;-1,39948320
-14,77166598;-0,93196350
-14,76666598;0,93196350
-14,76166598;0,93196350
-14,75666598;0,00000000
-14,75166598;-0,46598175
-14,74666598;-0,46598175
-14,74166598;0,00000000
-14,73666598;-0,93196350
-14,73166598;-1,39948320
-14,72666598;-1,39948320
-14,72166598;-0,93196350
-14,71666598;-2,79896641
-14,71166598;-1,86546493
-14,70666598;-1,86546493
-14,70166598;-2,33298445
-14,69666598;-2,33298445
-14,69166598;-1,86546493
-14,68666598;-1,39948320
-14,68166598;-0,93196350
-14,67666598;0,00000000
-14,67166598;0,46598175
-14,66666598;0,46598175
-14,66166598;0,93196350
-14,65666598;1,39948320
-14,65166598;1,86546493
-14,64666598;2,33298445
-14,64166598;3,26648593
-14,63666598;3,26648593
-14,63166598;3,73246789
-14,62666598;4,19998741
-14,62166598;4,66596889
-14,61666598;5,13348866
-14,61166598;6,06699038
-14,60666598;5,59947062
-14,60166598;6,06699038
-14,59666598;7,00049162
-14,59166598;7,00049162
-14,58666598;6,06699038
-14,58166598;6,06699038
-14,57666598;6,06699038
-14,57166598;6,06699038
-14,56666598;6,06699038
-14,56166598;5,59947062
-14,55666598;5,13348866
-14,55166598;5,13348866
-14,54666598;5,13348866
-14,54166598;4,66596889
-14,53666598;4,66596889
-14,53166598;4,66596889
-14,52666598;3,73246789
-14,52166598;4,19998741
-14,51666598;4,66596889
-14,51166598;5,59947062
-14,50666598;3,73246789
-14,50166598;5,13348866
-14,49666598;4,19998741
-14,49166598;4,66596889
-14,48666598;3,73246789
-14,48166598;4,66596889
-14,47666598;6,06699038
-14,47166598;4,66596889
-14,46666598;3,73246789
-14,46166598;3,26648593
-14,45666598;2,79896641
-14,45166598;2,33298445
-14,44666599;1,86546493
-14,44166599;2,33298445
-14,43666599;0,93196350
-14,43166599;0,46598175
-14,42666599;-0,46598175
-14,42166599;-1,39948320
-14,41666599;-1,86546493
-14,41166599;-0,46598175
-14,40666599;-0,46598175
-14,40166599;-0,93196350
-14,39666599;-1,39948320
-14,39166599;-0,93196350
-14,38666599;-0,93196350
-14,38166599;-1,86546493
-14,37666599;-1,39948320
-14,37166599;-0,93196350
-14,36666599;-0,46598175
-14,36166599;0,00000000
-14,35666599;0,46598175
-14,35166599;0,00000000
-14,34666599;0,93196350
-14,34166599;0,93196350
-14,33666599;0,46598175
-14,33166599;1,39948320
-14,32666599;1,86546493
-14,32166599;1,86546493
-14,31666599;2,33298445
-14,31166599;2,33298445
-14,30666599;3,26648593
-14,30166599;2,79896641
-14,29666599;3,26648593
-14,29166599;3,73246789
-14,28666599;3,73246789
-14,28166599;3,73246789
-14,27666599;4,19998741
-14,27166599;3,73246789
-14,26666599;4,66596889
-14,26166599;3,73246789
-14,25666599;4,19998741
-14,25166599;4,66596889
-14,24666599;4,66596889
-14,24166599;4,19998741
-14,23666599;3,73246789
-14,23166599;3,73246789
-14,22666599;4,19998741
-14,22166599;3,26648593
-14,21666599;4,19998741
-14,21166599;3,26648593
-14,20666599;4,19998741
-14,20166599;3,26648593
-14,19666599;3,26648593
-14,19166599;3,73246789
-14,18666599;3,73246789
-14,18166599;3,73246789
-14,17666599;4,19998741
-14,17166599;3,26648593
-14,16666599;3,73246789
-14,16166599;3,73246789
-14,15666599;4,19998741
-14,15166599;3,73246789
-14,14666599;4,66596889
-14,14166599;5,59947062
-14,13666599;4,66596889
-14,13166599;4,66596889
-14,12666599;5,13348866
-14,12166599;5,13348866
-14,11666599;5,13348866
-14,11166599;4,66596889
-14,10666599;4,66596889
-14,10166599;5,13348866
-14,09666599;5,59947062
-14,09166599;5,13348866
-14,08666599;5,13348866
-14,08166599;5,13348866
-14,07666599;4,66596889
-14,07166599;4,19998741
-14,06666599;4,66596889
-14,06166599;4,66596889
-14,05666599;5,13348866
-14,05166600;4,19998741
-14,04666600;3,26648593
-14,04166600;-0,46598175
-14,03666600;2,79896641
-14,03166600;3,26648593
-14,02666600;2,79896641
-14,02166600;2,79896641
-14,01666600;3,26648593
-14,01166600;2,79896641
-14,00666600;3,26648593
-14,00166600;3,26648593
-13,99666600;3,73246789
-13,99166600;3,73246789
-13,98666600;3,26648593
-13,98166600;3,73246789
-13,97666600;4,19998741
-13,97166600;3,73246789
-13,96666600;4,19998741
-13,96166600;3,73246789
-13,95666600;3,73246789
-13,95166600;4,19998741
-13,94666600;4,19998741
-13,94166600;3,73246789
-13,93666600;3,73246789
-13,93166600;3,26648593
-13,92666600;3,26648593
-13,92166600;3,26648593
-13,91666600;1,86546493
-13,91166600;2,79896641
-13,90666600;2,79896641
-13,90166600;2,33298445
-13,89666600;2,33298445
-13,89166600;2,33298445
-13,88666600;3,26648593
-13,88166600;2,33298445
-13,87666600;2,79896641
-13,87166600;1,86546493
-13,86666600;2,79896641
-13,86166600;2,33298445
-13,85666600;2,33298445
-13,85166600;2,33298445
-13,84666600;2,33298445
-13,84166600;1,39948320
-13,83666600;1,39948320
-13,83166600;1,86546493
-13,82666600;3,73246789
-13,82166600;2,33298445
-13,81666600;1,86546493
-13,81166600;0,46598175
-13,80666600;1,86546493
-13,80166600;3,73246789
-13,79666600;1,86546493
-13,79166600;2,33298445
-13,78666600;1,86546493
-13,78166600;1,39948320
-13,77666600;1,39948320
-13,77166600;0,93196350
-13,76666600;1,39948320
-13,76166600;0,93196350
-13,75666600;0,00000000
-13,75166600;-1,86546493
-13,74666600;-0,93196350
-13,74166600;-1,86546493
-13,73666600;-2,33298445
-13,73166600;-2,79896641
-13,72666600;-3,73246789
-13,72166600;-2,79896641
-13,71666600;-5,13348866
-13,71166600;-6,53297186
-13,70666600;-4,66596889
-13,70166600;-5,59947062
-13,69666600;-5,13348866
-13,69166600;-5,59947062
-13,68666600;-5,13348866
-13,68166600;-4,19998741
-13,67666600;-5,59947062
-13,67166600;-4,19998741
-13,66666600;-5,59947062
-13,66166600;-2,33298445
-13,65666601;-2,33298445
-13,65166601;-0,93196350
-13,64666601;0,93196350
-13,64166601;1,86546493
-13,63666601;0,93196350
-13,63166601;2,79896641
-13,62666601;3,26648593
-13,62166601;3,73246789
-13,61666601;3,73246789
-13,61166601;3,26648593
-13,60666601;3,26648593
-13,60166601;2,79896641
-13,59666601;2,33298445
-13,59166601;1,86546493
-13,58666601;2,33298445
-13,58166601;0,93196350
-13,57666601;0,46598175
-13,57166601;0,46598175
-13,56666601;0,46598175
-13,56166601;0,46598175
-13,55666601;1,39948320
-13,55166601;1,39948320
-13,54666601;0,93196350
-13,54166601;2,33298445
-13,53666601;1,86546493
-13,53166601;0,46598175
-13,52666601;2,79896641
-13,52166601;2,33298445
-13,51666601;2,33298445
-13,51166601;2,33298445
-13,50666601;2,79896641
-13,50166601;2,79896641
-13,49666601;3,26648593
-13,49166601;2,79896641
-13,48666601;2,33298445
-13,48166601;3,26648593
-13,47666601;3,73246789
-13,47166601;3,26648593
-13,46666601;3,73246789
-13,46166601;3,26648593
-13,45666601;3,26648593
-13,45166601;3,73246789
-13,44666601;3,73246789
-13,44166601;3,26648593
-13,43666601;3,26648593
-13,43166601;3,73246789
-13,42666601;2,33298445
-13,42166601;2,33298445
-13,41666601;1,86546493
-13,41166601;3,26648593
-13,40666601;2,33298445
-13,40166601;3,73246789
-13,39666601;2,79896641
-13,39166601;3,73246789
-13,38666601;2,79896641
-13,38166601;5,13348866
-13,37666601;4,66596889
-13,37166601;5,59947062
-13,36666601;5,59947062
-13,36166601;6,06699038
-13,35666601;7,00049162
-13,35166601;6,53297186
-13,34666601;7,93399334
-13,34166601;8,39997482
-13,33666601;7,46647358
-13,33166601;8,86749458
-13,32666601;8,39997482
-13,32166601;8,86749458
-13,31666601;8,39997482
-13,31166601;8,39997482
-13,30666601;8,39997482
-13,30166601;8,86749458
-13,29666601;7,93399334
-13,29166601;7,46647358
-13,28666601;7,93399334
-13,28166601;7,46647358
-13,27666601;6,06699038
-13,27166601;6,53297186
-13,26666601;5,59947062
-13,26166602;5,59947062
-13,25666602;5,13348866
-13,25166602;4,66596889
-13,24666602;4,66596889
-13,24166602;5,59947062
-13,23666602;5,13348866
-13,23166602;4,66596889
-13,22666602;4,66596889
-13,22166602;4,66596889
-13,21666602;5,13348866
-13,21166602;5,59947062
-13,20666602;5,13348866
-13,20166602;4,66596889
-13,19666602;5,13348866
-13,19166602;6,53297186
-13,18666602;7,00049162
-13,18166602;5,59947062
-13,17666602;5,13348866
-13,17166602;4,66596889
-13,16666602;5,59947062
-13,16166602;5,13348866
-13,15666602;4,19998741
-13,15166602;4,19998741
-13,14666602;3,26648593
-13,14166602;1,86546493
-13,13666602;1,86546493
-13,13166602;0,00000000
-13,12666602;1,86546493
-13,12166602;0,00000000
-13,11666602;0,46598175
-13,11166602;0,00000000
-13,10666602;-0,93196350
-13,10166602;-1,39948320
-13,09666602;-2,33298445
-13,09166602;-1,39948320
-13,08666602;-2,33298445
-13,08166602;-2,33298445
-13,07666602;-1,86546493
-13,07166602;-2,33298445
-13,06666602;-2,79896641
-13,06166602;-2,79896641
-13,05666602;-3,26648593
-13,05166602;-2,79896641
-13,04666602;-3,73246789
-13,04166602;-3,73246789
-13,03666602;-4,66596889
-13,03166602;-4,19998741
-13,02666602;-3,73246789
-13,02166602;-4,66596889
-13,01666602;-5,13348866
-13,01166602;-4,66596889
-13,00666602;-4,66596889
-13,00166602;-4,19998741
-12,99666602;-4,19998741
-12,99166602;-4,66596889
-12,98666602;-4,66596889
-12,98166602;-4,19998741
-12,97666602;-4,19998741
-12,97166602;-3,73246789
-12,96666602;-5,13348866
-12,96166602;-4,19998741
-12,95666602;-5,59947062
-12,95166602;-4,19998741
-12,94666602;-4,66596889
-12,94166602;-5,13348866
-12,93666602;-5,13348866
-12,93166602;-5,13348866
-12,92666602;-4,19998741
-12,92166602;-4,19998741
-12,91666602;-4,19998741
-12,91166602;-2,79896641
-12,90666602;-2,33298445
-12,90166602;-1,39948320
-12,89666602;0,00000000
-12,89166602;0,93196350
-12,88666602;1,86546493
-12,88166602;2,79896641
-12,87666602;5,13348866
-12,87166602;4,66596889
-12,86666603;6,06699038
-12,86166603;6,53297186
-12,85666603;15,86798668
-12,85166603;7,00049162
-12,84666603;8,39997482
-12,84166603;7,00049162
-12,83666603;7,46647358
-12,83166603;7,00049162
-12,82666603;5,59947062
-12,82166603;6,06699038
-12,81666603;6,06699038
-12,81166603;5,59947062
-12,80666603;6,06699038
-12,80166603;5,13348866
-12,79666603;5,13348866
-12,79166603;4,19998741
-12,78666603;4,66596889
-12,78166603;4,66596889
-12,77666603;3,73246789
-12,77166603;4,66596889
-12,76666603;3,73246789
-12,76166603;4,66596889
-12,75666603;3,26648593
-12,75166603;4,66596889
-12,74666603;4,66596889
-12,74166603;5,13348866
-12,73666603;5,13348866
-12,73166603;6,06699038
-12,72666603;6,06699038
-12,72166603;7,00049162
-12,71666603;7,00049162
-12,71166603;7,00049162
-12,70666603;7,46647358
-12,70166603;8,39997482
-12,69666603;7,93399334
-12,69166603;7,93399334
-12,68666603;8,39997482
-12,68166603;7,93399334
-12,67666603;7,46647358
-12,67166603;7,46647358
-12,66666603;6,53297186
-12,66166603;6,53297186
-12,65666603;5,59947062
-12,65166603;5,59947062
-12,64666603;5,59947062
-12,64166603;5,13348866
-12,63666603;4,66596889
-12,63166603;3,73246789
-12,62666603;5,13348866
-12,62166603;5,13348866
-12,61666603;5,13348866
-12,61166603;5,13348866
-12,60666603;6,53297186
-12,60166603;6,06699038
-12,59666603;7,46647358
-12,59166603;6,06699038
-12,58666603;6,53297186
-12,58166603;7,00049162
-12,57666603;7,00049162
-12,57166603;8,39997482
-12,56666603;8,39997482
-12,56166603;7,93399334
-12,55666603;7,46647358
-12,55166603;7,46647358
-12,54666603;6,53297186
-12,54166603;6,06699038
-12,53666603;5,59947062
-12,53166603;5,13348866
-12,52666603;5,13348866
-12,52166603;4,66596889
-12,51666603;5,13348866
-12,51166603;5,13348866
-12,50666603;4,66596889
-12,50166603;4,66596889
-12,49666603;5,59947062
-12,49166603;4,66596889
-12,48666603;5,13348866
-12,48166603;5,13348866
-12,47666603;5,59947062
-12,47166604;6,06699038
-12,46666604;6,06699038
-12,46166604;6,06699038
-12,45666604;7,00049162
-12,45166604;6,53297186
-12,44666604;6,06699038
-12,44166604;6,53297186
-12,43666604;7,00049162
-12,43166604;8,39997482
-12,42666604;7,46647358
-12,42166604;8,39997482
-12,41666604;7,46647358
-12,41166604;7,93399334
-12,40666604;8,39997482
-12,40166604;8,39997482
-12,39666604;7,93399334
-12,39166604;7,93399334
-12,38666604;8,86749458
-12,38166604;7,46647358
-12,37666604;7,46647358
-12,37166604;6,53297186
-12,36666604;7,00049162
-12,36166604;7,46647358
-12,35666604;6,06699038
-12,35166604;6,06699038
-12,34666604;5,59947062
-12,34166604;5,13348866
-12,33666604;5,59947062
-12,33166604;4,66596889
-12,32666604;4,66596889
-12,32166604;4,66596889
-12,31666604;5,59947062
-12,31166604;6,06699038
-12,30666604;5,59947062
-12,30166604;5,59947062
-12,29666604;4,66596889
-12,29166604;6,53297186
-12,28666604;7,00049162
-12,28166604;7,46647358
-12,27666604;7,46647358
-12,27166604;7,00049162
-12,26666604;6,53297186
-12,26166604;5,59947062
-12,25666604;5,59947062
-12,25166604;6,53297186
-12,24666604;6,06699038
-12,24166604;6,53297186
-12,23666604;6,53297186
-12,23166604;6,53297186
-12,22666604;6,06699038
-12,22166604;7,00049162
-12,21666604;6,53297186
-12,21166604;6,53297186
-12,20666604;7,00049162
-12,20166604;7,00049162
-12,19666604;6,06699038
-12,19166604;6,53297186
-12,18666604;6,06699038
-12,18166604;7,46647358
-12,17666604;7,00049162
-12,17166604;6,53297186
-12,16666604;6,53297186
-12,16166604;6,06699038
-12,15666604;6,06699038
-12,15166604;6,06699038
-12,14666604;6,06699038
-12,14166604;6,53297186
-12,13666604;6,53297186
-12,13166604;7,00049162
-12,12666604;7,46647358
-12,12166604;7,00049162
-12,11666604;6,53297186
-12,11166604;6,53297186
-12,10666604;6,53297186
-12,10166604;7,46647358
-12,09666604;7,46647358
-12,09166604;7,93399334
-12,08666604;7,93399334
-12,08166604;7,93399334
-12,07666604;7,46647358
-12,07166605;6,53297186
-12,06666605;7,00049162
-12,06166605;7,00049162
-12,05666605;6,53297186
-12,05166605;19,60199165
-12,04666605;6,53297186
-12,04166605;6,06699038
-12,03666605;5,13348866
-12,03166605;4,19998741
-12,02666605;3,73246789
-12,02166605;5,13348866
-12,01666605;3,73246789
-12,01166605;4,66596889
-12,00666605;4,66596889
-12,00166605;4,66596889
-11,99666605;4,19998741
-11,99166605;4,66596889
-11,98666605;5,59947062
-11,98166605;5,13348866
-11,97666605;5,13348866
-11,97166605;4,19998741
-11,96666605;4,66596889
-11,96166605;5,13348866
-11,95666605;5,13348866
-11,95166605;18,20096970
-11,94666605;4,66596889
-11,94166605;3,73246789
-11,93666605;3,73246789
-11,93166605;2,79896641
-11,92666605;3,26648593
-11,92166605;2,79896641
-11,91666605;2,33298445
-11,91166605;3,26648593
-11,90666605;2,79896641
-11,90166605;2,79896641
-11,89666605;2,33298445
-11,89166605;0,93196350
-11,88666605;1,39948320
-11,88166605;1,86546493
-11,87666605;1,39948320
-11,87166605;1,39948320
-11,86666605;0,46598175
-11,86166605;0,00000000
-11,85666605;0,46598175
-11,85166605;0,00000000
-11,84666605;-0,46598175
-11,84166605;-0,46598175
-11,83666605;-1,39948320
-11,83166605;-0,93196350
-11,82666605;-2,33298445
-11,82166605;-1,39948320
-11,81666605;-2,33298445
-11,81166605;-2,79896641
-11,80666605;-3,26648593
-11,80166605;-3,73246789
-11,79666605;-3,73246789
-11,79166605;-4,19998741
-11,78666605;-3,73246789
-11,78166605;-4,66596889
-11,77666605;-3,26648593
-11,77166605;-3,26648593
-11,76666605;-3,26648593
-11,76166605;-2,79896641
-11,75666605;-1,39948320
-11,75166605;15,86798668
-11,74666605;-0,46598175
-11,74166605;1,86546493
-11,73666605;1,39948320
-11,73166605;3,26648593
-11,72666605;3,73246789
-11,72166605;4,66596889
-11,71666605;4,66596889
-11,71166605;5,13348866
-11,70666605;4,66596889
-11,70166605;4,66596889
-11,69666605;3,73246789
-11,69166605;3,73246789
-11,68666605;2,79896641
-11,68166605;2,79896641
-11,67666606;2,33298445
-11,67166606;2,33298445
-11,66666606;1,39948320
-11,66166606;1,86546493
-11,65666606;0,93196350
-11,65166606;5,59947062
-11,64666606;2,33298445
-11,64166606;2,33298445
-11,63666606;3,26648593
-11,63166606;1,86546493
-11,62666606;4,19998741
-11,62166606;3,73246789
-11,61666606;3,73246789
-11,61166606;5,13348866
-11,60666606;6,06699038
-11,60166606;5,13348866
-11,59666606;6,06699038
-11,59166606;4,66596889
-11,58666606;7,46647358
-11,58166606;6,53297186
-11,57666606;6,06699038
-11,57166606;7,46647358
-11,56666606;6,53297186
-11,56166606;7,46647358
-11,55666606;7,00049162
-11,55166606;8,39997482
-11,54666606;6,53297186
-11,54166606;6,53297186
-11,53666606;7,93399334
-11,53166606;7,00049162
-11,52666606;6,53297186
-11,52166606;7,46647358
-11,51666606;6,06699038
-11,51166606;5,59947062
-11,50666606;5,13348866
-11,50166606;6,06699038
-11,49666606;5,59947062
-11,49166606;5,59947062
-11,48666606;5,13348866
-11,48166606;5,59947062
-11,47666606;5,59947062
-11,47166606;7,00049162
-11,46666606;6,53297186
-11,46166606;7,00049162
-11,45666606;6,06699038
-11,45166606;7,46647358
-11,44666606;7,46647358
-11,44166606;7,46647358
-11,43666606;7,00049162
-11,43166606;7,93399334
-11,42666606;8,39997482
-11,42166606;7,93399334
-11,41666606;7,00049162
-11,41166606;7,46647358
-11,40666606;6,53297186
-11,40166606;7,00049162
-11,39666606;6,53297186
-11,39166606;7,00049162
-11,38666606;5,13348866
-11,38166606;6,06699038
-11,37666606;5,59947062
-11,37166606;5,13348866
-11,36666606;5,59947062
-11,36166606;5,59947062
-11,35666606;5,13348866
-11,35166606;4,66596889
-11,34666606;4,66596889
-11,34166606;4,19998741
-11,33666606;3,73246789
-11,33166606;3,26648593
-11,32666606;2,79896641
-11,32166606;2,79896641
-11,31666606;1,86546493
-11,31166606;2,33298445
-11,30666606;1,39948320
-11,30166606;1,86546493
-11,29666606;1,39948320
-11,29166606;2,33298445
-11,28666606;2,33298445
-11,28166607;3,26648593
-11,27666607;2,79896641
-11,27166607;2,33298445
-11,26666607;2,79896641
-11,26166607;3,26648593
-11,25666607;3,26648593
-11,25166607;3,26648593
-11,24666607;2,79896641
-11,24166607;2,79896641
-11,23666607;2,33298445
-11,23166607;2,33298445
-11,22666607;1,86546493
-11,22166607;1,39948320
-11,21666607;1,39948320
-11,21166607;0,46598175
-11,20666607;0,46598175
-11,20166607;0,00000000
-11,19666607;0,93196350
-11,19166607;0,46598175
-11,18666607;-1,86546493
-11,18166607;0,00000000
-11,17666607;-1,39948320
-11,17166607;-1,86546493
-11,16666607;-0,93196350
-11,16166607;-0,93196350
-11,15666607;-0,93196350
-11,15166607;-1,39948320
-11,14666607;-0,93196350
-11,14166607;-0,46598175
-11,13666607;-1,39948320
-11,13166607;-1,39948320
-11,12666607;-1,39948320
-11,12166607;-1,86546493
-11,11666607;-1,39948320
-11,11166607;-2,33298445
-11,10666607;-0,93196350
-11,10166607;-1,39948320
-11,09666607;-2,33298445
-11,09166607;-1,39948320
-11,08666607;-1,86546493
-11,08166607;-1,86546493
-11,07666607;-1,86546493
-11,07166607;-1,86546493
-11,06666607;-1,39948320
-11,06166607;-2,33298445
-11,05666607;-15,86798668
-11,05166607;-2,33298445
-11,04666607;-3,26648593
-11,04166607;-3,26648593
-11,03666607;-4,19998741
-11,03166607;-3,73246789
-11,02666607;-4,66596889
-11,02166607;-4,66596889
-11,01666607;-3,73246789
-11,01166607;-3,26648593
-11,00666607;-4,66596889
-11,00166607;-4,19998741
-10,99666607;-2,33298445
-10,99166607;-1,86546493
-10,98666607;-2,79896641
-10,98166607;-1,86546493
-10,97666607;0,93196350
-10,97166607;2,33298445
-10,96666607;0,46598175
-10,96166607;2,33298445
-10,95666607;1,86546493
-10,95166607;3,26648593
-10,94666607;3,26648593
-10,94166607;3,73246789
-10,93666607;3,26648593
-10,93166607;2,79896641
-10,92666607;2,79896641
-10,92166607;2,33298445
-10,91666607;1,39948320
-10,91166607;1,39948320
-10,90666607;0,93196350
-10,90166607;0,46598175
-10,89666607;0,00000000
-10,89166607;0,46598175
-10,88666608;-0,46598175
-10,88166608;0,00000000
-10,87666608;0,00000000
-10,87166608;-0,46598175
-10,86666608;0,46598175
-10,86166608;0,46598175
-10,85666608;0,46598175
-10,85166608;0,93196350
-10,84666608;1,39948320
-10,84166608;2,33298445
-10,83666608;1,86546493
-10,83166608;1,86546493
-10,82666608;2,33298445
-10,82166608;3,26648593
-10,81666608;3,26648593
-10,81166608;3,73246789
-10,80666608;4,66596889
-10,80166608;4,66596889
-10,79666608;4,66596889
-10,79166608;-1,86546493
-10,78666608;4,19998741
-10,78166608;5,13348866
-10,77666608;5,13348866
-10,77166608;3,73246789
-10,76666608;4,19998741
-10,76166608;5,13348866
-10,75666608;4,66596889
-10,75166608;3,73246789
-10,74666608;3,26648593
-10,74166608;2,79896641
-10,73666608;1,86546493
-10,73166608;2,79896641
-10,72666608;1,39948320
-10,72166608;1,86546493
-10,71666608;2,79896641
-10,71166608;1,39948320
-10,70666608;3,26648593
-10,70166608;2,79896641
-10,69666608;2,79896641
-10,69166608;2,79896641
-10,68666608;3,73246789
-10,68166608;3,73246789
-10,67666608;4,66596889
-10,67166608;5,13348866
-10,66666608;4,19998741
-10,66166608;5,13348866
-10,65666608;4,19998741
-10,65166608;5,13348866
-10,64666608;4,66596889
-10,64166608;4,66596889
-10,63666608;3,73246789
-10,63166608;3,73246789
-10,62666608;4,66596889
-10,62166608;3,26648593
-10,61666608;2,79896641
-10,61166608;2,33298445
-10,60666608;2,33298445
-10,60166608;1,39948320
-10,59666608;1,86546493
-10,59166608;1,86546493
-10,58666608;1,39948320
-10,58166608;1,86546493
-10,57666608;1,39948320
-10,57166608;0,46598175
-10,56666608;0,46598175
-10,56166608;0,46598175
-10,55666608;0,46598175
-10,55166608;0,93196350
-10,54666608;0,93196350
-10,54166608;1,39948320
-10,53666608;1,86546493
-10,53166608;1,39948320
-10,52666608;1,39948320
-10,52166608;4,19998741
-10,51666608;0,93196350
-10,51166608;1,86546493
-10,50666608;1,39948320
-10,50166608;1,86546493
-10,49666608;1,86546493
-10,49166609;1,39948320
-10,48666609;0,46598175
-10,48166609;0,93196350
-10,47666609;0,00000000
-10,47166609;0,46598175
-10,46666609;-0,46598175
-10,46166609;0,93196350
-10,45666609;-1,39948320
-10,45166609;-0,93196350
-10,44666609;-0,93196350
-10,44166609;-1,39948320
-10,43666609;-0,93196350
-10,43166609;-1,39948320
-10,42666609;-0,93196350
-10,42166609;-0,46598175
-10,41666609;-0,46598175
-10,41166609;0,46598175
-10,40666609;0,46598175
-10,40166609;0,46598175
-10,39666609;1,86546493
-10,39166609;1,39948320
-10,38666609;1,39948320
-10,38166609;1,86546493
-10,37666609;1,86546493
-10,37166609;0,00000000
-10,36666609;2,33298445
-10,36166609;2,33298445
-10,35666609;2,79896641
-10,35166609;2,79896641
-10,34666609;2,79896641
-10,34166609;3,26648593
-10,33666609;2,33298445
-10,33166609;3,73246789
-10,32666609;1,86546493
-10,32166609;2,79896641
-10,31666609;3,26648593
-10,31166609;3,26648593
-10,30666609;3,26648593
-10,30166609;2,33298445
-10,29666609;1,86546493
-10,29166609;2,79896641
-10,28666609;1,39948320
-10,28166609;1,86546493
-10,27666609;1,86546493
-10,27166609;1,86546493
-10,26666609;1,86546493
-10,26166609;1,86546493
-10,25666609;0,93196350
-10,25166609;0,93196350
-10,24666609;1,39948320
-10,24166609;0,93196350
-10,23666609;0,93196350
-10,23166609;0,46598175
-10,22666609;0,46598175
-10,22166609;0,00000000
-10,21666609;0,46598175
-10,21166609;0,46598175
-10,20666609;0,00000000
-10,20166609;0,46598175
-10,19666609;0,46598175
-10,19166609;0,00000000
-10,18666609;-0,46598175
-10,18166609;0,46598175
-10,17666609;-2,33298445
-10,17166609;0,00000000
-10,16666609;-0,46598175
-10,16166609;-0,93196350
-10,15666609;-0,93196350
-10,15166609;-0,46598175
-10,14666609;-0,93196350
-10,14166609;-1,39948320
-10,13666609;-0,93196350
-10,13166609;-1,39948320
-10,12666609;-2,33298445
-10,12166609;-1,39948320
-10,11666609;-2,79896641
-10,11166609;-2,79896641
-10,10666609;-2,79896641
-10,10166609;-3,26648593
-10,09666610;-4,19998741
-10,09166610;-3,26648593
-10,08666610;-3,26648593
-10,08166610;-3,73246789
-10,07666610;-4,19998741
-10,07166610;-4,66596889
-10,06666610;-4,19998741
-10,06166610;-3,73246789
-10,05666610;-3,73246789
-10,05166610;-3,73246789
-10,04666610;-4,19998741
-10,04166610;-3,73246789
-10,03666610;-3,73246789
-10,03166610;-4,19998741
-10,02666610;-3,73246789
-10,02166610;-3,73246789
-10,01666610;-3,26648593
-10,01166610;-3,73246789
-10,00666610;-3,73246789
-10,00166610;-3,73246789
-9,99666610;-3,73246789
-9,99166610;-4,19998741
-9,98666610;-4,19998741
-9,98166610;-3,26648593
-9,97666610;-3,73246789
-9,97166610;-2,33298445
-9,96666610;-4,66596889
-9,96166610;-4,19998741
-9,95666610;-5,59947062
-9,95166610;-5,13348866
-9,94666610;-5,59947062
-9,94166610;-7,00049162
-9,93666610;-6,53297186
-9,93166610;-6,53297186
-9,92666610;-7,93399334
-9,92166610;-6,06699038
-9,91666610;-8,39997482
-9,91166610;-8,39997482
-9,90666610;-9,33347607
-9,90166610;-9,33347607
-9,89666610;-9,80099583
-9,89166610;-9,80099583
-9,88666610;-11,20047951
-9,88166610;-11,20047951
-9,87666610;-11,66799831
-9,87166610;-11,66799831
-9,86666610;-10,26697731
-9,86166610;-9,80099583
-9,85666610;-10,26697731
-9,85166610;-8,86749458
-9,84666610;-8,39997482
-9,84166610;-6,06699038
-9,83666610;-5,59947062
-9,83166610;-4,66596889
-9,82666610;-3,73246789
-9,82166610;-1,86546493
-9,81666610;-2,33298445
-9,81166610;-1,39948320
-9,80666610;-1,86546493
-9,80166610;-1,86546493
-9,79666610;-2,33298445
-9,79166610;-2,79896641
-9,78666610;-4,19998741
-9,78166610;-4,66596889
-9,77666610;-5,13348866
-9,77166610;-3,73246789
-9,76666610;-6,53297186
-9,76166610;-5,59947062
-9,75666610;-6,06699038
-9,75166610;-5,59947062
-9,74666610;-5,59947062
-9,74166610;-5,13348866
-9,73666610;-5,13348866
-9,73166610;-5,13348866
-9,72666610;-4,19998741
-9,72166610;-4,19998741
-9,71666610;-3,73246789
-9,71166610;-3,26648593
-9,70666610;-3,73246789
-9,70166610;-3,26648593
-9,69666611;-3,73246789
-9,69166611;-4,19998741
-9,68666611;-4,19998741
-9,68166611;-3,73246789
-9,67666611;-4,19998741
-9,67166611;-3,26648593
-9,66666611;-3,26648593
-9,66166611;-2,79896641
-9,65666611;-2,79896641
-9,65166611;-1,86546493
-9,64666611;-2,79896641
-9,64166611;-3,26648593
-9,63666611;-2,79896641
-9,63166611;-2,79896641
-9,62666611;-3,26648593
-9,62166611;-2,79896641
-9,61666611;-2,79896641
-9,61166611;-2,79896641
-9,60666611;-3,26648593
-9,60166611;-3,26648593
-9,59666611;-3,73246789
-9,59166611;-4,19998741
-9,58666611;-4,19998741
-9,58166611;-3,26648593
-9,57666611;-3,73246789
-9,57166611;-3,73246789
-9,56666611;-1,86546493
-9,56166611;-1,86546493
-9,55666611;-3,26648593
-9,55166611;-0,93196350
-9,54666611;0,46598175
-9,54166611;1,39948320
-9,53666611;1,39948320
-9,53166611;1,39948320
-9,52666611;1,39948320
-9,52166611;2,33298445
-9,51666611;1,86546493
-9,51166611;0,93196350
-9,50666611;1,86546493
-9,50166611;0,46598175
-9,49666611;0,46598175
-9,49166611;-0,93196350
-9,48666611;-0,46598175
-9,48166611;-1,86546493
-9,47666611;-1,39948320
-9,47166611;-1,86546493
-9,46666611;-2,33298445
-9,46166611;-1,86546493
-9,45666611;-2,33298445
-9,45166611;-2,33298445
-9,44666611;-2,33298445
-9,44166611;-2,33298445
-9,43666611;-2,33298445
-9,43166611;-5,13348866
-9,42666611;-3,26648593
-9,42166611;-2,33298445
-9,41666611;-3,73246789
-9,41166611;-3,26648593
-9,40666611;-3,73246789
-9,40166611;-3,73246789
-9,39666611;-4,19998741
-9,39166611;-4,66596889
-9,38666611;-4,66596889
-9,38166611;-3,73246789
-9,37666611;-4,19998741
-9,37166611;-3,26648593
-9,36666611;-3,26648593
-9,36166611;-2,79896641
-9,35666611;-3,26648593
-9,35166611;-2,79896641
-9,34666611;-2,79896641
-9,34166611;-1,39948320
-9,33666611;-2,79896641
-9,33166611;-2,33298445
-9,32666611;-2,79896641
-9,32166611;-4,19998741
-9,31666611;-4,19998741
-9,31166611;-4,66596889
-9,30666611;-5,59947062
-9,30166612;-6,06699038
-9,29666612;-5,59947062
-9,29166612;-6,06699038
-9,28666612;-7,00049162
-9,28166612;-7,00049162
-9,27666612;-6,53297186
-9,27166612;-7,00049162
-9,26666612;-6,53297186
-9,26166612;-7,46647358
-9,25666612;-7,46647358
-9,25166612;-6,53297186
-9,24666612;-7,00049162
-9,24166612;-7,46647358
-9,23666612;-7,93399334
-9,23166612;-8,39997482
-9,22666612;-7,93399334
-9,22166612;-8,86749458
-9,21666612;-8,39997482
-9,21166612;-8,86749458
-9,20666612;-9,33347607
-9,20166612;-8,86749458
-9,19666612;-8,86749458
-9,19166612;-9,80099583
-9,18666612;-9,80099583
-9,18166612;-8,86749458
-9,17666612;-11,20047951
-9,17166612;-11,66799831
-9,16666612;-11,20047951
-9,16166612;-10,73449707
-9,15666612;-12,13398075
-9,15166612;-11,66799831
-9,14666612;-11,66799831
-9,14166612;-11,20047951
-9,13666612;-11,20047951
-9,13166612;-12,13398075
-9,12666612;-12,60150051
-9,12166612;-12,13398075
-9,11666612;-11,66799831
-9,11166612;-12,13398075
-9,10666612;-12,13398075
-9,10166612;-10,73449707
-9,09666612;-11,20047951
-9,09166612;-9,80099583
-9,08666612;-9,33347607
-9,08166612;-8,86749458
-9,07666612;-7,46647358
-9,07166612;-7,00049162
-9,06666612;-6,06699038
-9,06166612;-4,66596889
-9,05666612;-4,66596889
-9,05166612;-3,73246789
-9,04666612;-3,26648593
-9,04166612;-2,33298445
-9,03666612;-2,79896641
-9,03166612;-2,79896641
-9,02666612;-3,26648593
-9,02166612;-3,26648593
-9,01666612;-3,73246789
-9,01166612;-4,19998741
-9,00666612;-4,66596889
-9,00166612;-4,66596889
-8,99666612;-4,66596889
-8,99166612;-4,19998741
-8,98666612;-5,59947062
-8,98166612;-4,66596889
-8,97666612;-5,59947062
-8,97166612;-5,13348866
-8,96666612;-4,66596889
-8,96166612;-4,19998741
-8,95666612;-5,59947062
-8,95166612;-3,73246789
-8,94666612;-3,73246789
-8,94166612;-2,79896641
-8,93666612;-3,26648593
-8,93166612;-2,33298445
-8,92666612;-2,79896641
-8,92166612;-1,86546493
-8,91666612;-1,39948320
-8,91166612;-1,39948320
-8,90666613;-1,39948320
-8,90166613;0,00000000
-8,89666613;-0,46598175
-8,89166613;0,00000000
-8,88666613;0,93196350
-8,88166613;0,93196350
-8,87666613;1,39948320
-8,87166613;0,93196350
-8,86666613;0,46598175
-8,86166613;1,39948320
-8,85666613;0,00000000
-8,85166613;0,93196350
-8,84666613;1,86546493
-8,84166613;1,39948320
-8,83666613;1,39948320
-8,83166613;1,39948320
-8,82666613;-4,19998741
-8,82166613;0,93196350
-8,81666613;0,46598175
-8,81166613;1,39948320
-8,80666613;1,39948320
-8,80166613;1,39948320
-8,79666613;1,39948320
-8,79166613;0,93196350
-8,78666613;1,39948320
-8,78166613;1,39948320
-8,77666613;2,33298445
-8,77166613;1,86546493
-8,76666613;2,33298445
-8,76166613;1,39948320
-8,75666613;1,86546493
-8,75166613;1,86546493
-8,74666613;2,79896641
-8,74166613;1,86546493
-8,73666613;0,93196350
-8,73166613;0,00000000
-8,72666613;14,00098324
-8,72166613;0,00000000
-8,71666613;-0,93196350
-8,71166613;0,00000000
-8,70666613;-0,46598175
-8,70166613;-1,86546493
-8,69666613;-1,39948320
-8,69166613;-1,86546493
-8,68666613;-1,86546493
-8,68166613;-2,33298445
-8,67666613;-2,33298445
-8,67166613;-2,79896641
-8,66666613;-2,79896641
-8,66166613;-2,33298445
-8,65666613;-3,26648593
-8,65166613;-3,73246789
-8,64666613;-3,26648593
-8,64166613;-3,26648593
-8,63666613;-3,73246789
-8,63166613;-2,79896641
-8,62666613;-2,79896641
-8,62166613;-2,33298445
-8,61666613;-2,33298445
-8,61166613;-0,93196350
-8,60666613;-2,33298445
-8,60166613;-1,86546493
-8,59666613;-1,86546493
-8,59166613;-0,93196350
-8,58666613;-1,86546493
-8,58166613;-2,33298445
-8,57666613;-1,86546493
-8,57166613;-2,79896641
-8,56666613;-1,39948320
-8,56166613;-1,86546493
-8,55666613;-3,73246789
-8,55166613;-4,66596889
-8,54666613;-2,79896641
-8,54166613;-2,33298445
-8,53666613;-2,33298445
-8,53166613;-2,79896641
-8,52666613;-2,79896641
-8,52166613;-2,33298445
-8,51666613;-2,79896641
-8,51166614;-3,73246789
-8,50666614;-2,79896641
-8,50166614;-1,86546493
-8,49666614;-2,33298445
-8,49166614;-1,86546493
-8,48666614;-2,79896641
-8,48166614;-3,26648593
-8,47666614;-4,19998741
-8,47166614;-3,26648593
-8,46666614;-3,73246789
-8,46166614;-3,26648593
-8,45666614;-3,26648593
-8,45166614;-3,73246789
-8,44666614;-4,19998741
-8,44166614;-3,73246789
-8,43666614;-3,73246789
-8,43166614;-3,73246789
-8,42666614;-3,26648593
-8,42166614;-3,26648593
-8,41666614;-2,33298445
-8,41166614;-1,86546493
-8,40666614;-1,39948320
-8,40166614;-1,39948320
-8,39666614;-1,39948320
-8,39166614;-0,93196350
-8,38666614;-0,93196350
-8,38166614;-1,86546493
-8,37666614;-1,39948320
-8,37166614;-0,93196350
-8,36666614;-1,86546493
-8,36166614;-1,86546493
-8,35666614;-1,86546493
-8,35166614;-0,93196350
-8,34666614;-1,39948320
-8,34166614;-2,79896641
-8,33666614;0,00000000
-8,33166614;-0,93196350
-8,32666614;-0,46598175
-8,32166614;-0,46598175
-8,31666614;-0,46598175
-8,31166614;0,00000000
-8,30666614;0,00000000
-8,30166614;0,46598175
-8,29666614;0,93196350
-8,29166614;0,00000000
-8,28666614;0,00000000
-8,28166614;0,93196350
-8,27666614;0,00000000
-8,27166614;0,00000000
-8,26666614;-0,46598175
-8,26166614;-1,86546493
-8,25666614;-0,93196350
-8,25166614;-1,39948320
-8,24666614;-14,00098324
-8,24166614;-3,26648593
-8,23666614;-2,33298445
-8,23166614;-2,79896641
-8,22666614;-2,79896641
-8,22166614;-3,26648593
-8,21666614;-1,86546493
-8,21166614;-2,33298445
-8,20666614;-3,26648593
-8,20166614;-2,33298445
-8,19666614;-2,33298445
-8,19166614;-1,86546493
-8,18666614;-0,93196350
-8,18166614;-1,86546493
-8,17666614;-1,86546493
-8,17166614;-1,86546493
-8,16666614;-2,33298445
-8,16166614;-1,86546493
-8,15666614;-2,33298445
-8,15166614;-1,86546493
-8,14666614;-3,26648593
-8,14166614;-3,26648593
-8,13666614;-3,26648593
-8,13166614;-3,26648593
-8,12666614;-4,19998741
-8,12166614;-3,73246789
-8,11666615;-4,19998741
-8,11166615;-3,73246789
-8,10666615;-4,19998741
-8,10166615;-3,73246789
-8,09666615;-4,66596889
-8,09166615;-3,26648593
-8,08666615;-3,73246789
-8,08166615;-4,19998741
-8,07666615;-4,66596889
-8,07166615;-3,26648593
-8,06666615;-4,19998741
-8,06166615;-3,73246789
-8,05666615;-5,13348866
-8,05166615;-4,66596889
-8,04666615;-5,13348866
-8,04166615;-5,59947062
-8,03666615;-5,59947062
-8,03166615;-6,06699038
-8,02666615;-7,00049162
-8,02166615;-7,00049162
-8,01666615;-7,93399334
-8,01166615;-7,93399334
-8,00666615;-8,86749458
-8,00166615;-10,26697731
-7,99666615;-10,73449707
-7,99166615;-10,26697731
-7,98666615;-11,20047951
-7,98166615;-10,73449707
-7,97666615;-11,20047951
-7,97166615;-11,66799831
-7,96666615;-12,13398075
-7,96166615;-10,73449707
-7,95666615;-12,13398075
-7,95166615;-10,26697731
-7,94666615;-8,86749458
-7,94166615;-7,93399334
-7,93666615;-7,46647358
-7,93166615;-5,59947062
-7,92666615;-4,19998741
-7,92166615;-3,73246789
-7,91666615;-2,33298445
-7,91166615;-0,93196350
-7,90666615;-1,39948320
-7,90166615;-1,86546493
-7,89666615;-1,86546493
-7,89166615;-2,33298445
-7,88666615;-2,33298445
-7,88166615;-3,73246789
-7,87666615;-3,26648593
-7,87166615;-3,26648593
-7,86666615;-4,66596889
-7,86166615;-4,66596889
-7,85666615;-4,19998741
-7,85166615;-4,66596889
-7,84666615;-3,26648593
-7,84166615;-4,19998741
-7,83666615;-3,26648593
-7,83166615;-3,26648593
-7,82666615;-3,73246789
-7,82166615;-2,79896641
-7,81666615;-3,26648593
-7,81166615;-2,79896641
-7,80666615;-3,26648593
-7,80166615;-2,33298445
-7,79666615;-1,86546493
-7,79166615;-2,33298445
-7,78666615;-2,33298445
-7,78166615;-3,26648593
-7,77666615;-1,86546493
-7,77166615;-1,86546493
-7,76666615;-1,86546493
-7,76166615;-1,86546493
-7,75666615;-0,46598175
-7,75166615;-0,46598175
-7,74666615;-1,86546493
-7,74166615;-2,33298445
-7,73666615;-0,46598175
-7,73166615;-1,86546493
-7,72666615;-0,46598175
-7,72166616;-1,39948320
-7,71666616;-2,79896641
-7,71166616;-3,26648593
-7,70666616;-3,26648593
-7,70166616;-3,26648593
-7,69666616;-3,26648593
-7,69166616;-2,33298445
-7,68666616;-2,79896641
-7,68166616;-2,79896641
-7,67666616;-2,33298445
-7,67166616;-2,33298445
-7,66666616;-1,86546493
-7,66166616;-2,79896641
-7,65666616;-1,39948320
-7,65166616;-0,46598175
-7,64666616;-0,46598175
-7,64166616;1,39948320
-7,63666616;1,39948320
-7,63166616;0,93196350
-7,62666616;1,86546493
-7,62166616;2,33298445
-7,61666616;2,33298445
-7,61166616;2,33298445
-7,60666616;3,26648593
-7,60166616;4,19998741
-7,59666616;2,33298445
-7,59166616;2,33298445
-7,58666616;2,79896641
-7,58166616;1,39948320
-7,57666616;0,93196350
-7,57166616;0,00000000
-7,56666616;0,46598175
-7,56166616;0,46598175
-7,55666616;1,86546493
-7,55166616;0,00000000
-7,54666616;-0,46598175
-7,54166616;0,00000000
-7,53666616;0,00000000
-7,53166616;-0,93196350
-7,52666616;-1,86546493
-7,52166616;-1,86546493
-7,51666616;-2,33298445
-7,51166616;-1,86546493
-7,50666616;-1,86546493
-7,50166616;-2,79896641
-7,49666616;-2,33298445
-7,49166616;-1,86546493
-7,48666616;-2,33298445
-7,48166616;-2,79896641
-7,47666616;-2,33298445
-7,47166616;-0,93196350
-7,46666616;-1,86546493
-7,46166616;-0,93196350
-7,45666616;-0,46598175
-7,45166616;-0,93196350
-7,44666616;-0,93196350
-7,44166616;0,00000000
-7,43666616;-2,33298445
-7,43166616;0,00000000
-7,42666616;-1,39948320
-7,42166616;-3,26648593
-7,41666616;-3,26648593
-7,41166616;-3,26648593
-7,40666616;-5,13348866
-7,40166616;-5,13348866
-7,39666616;-5,59947062
-7,39166616;-6,06699038
-7,38666616;-6,06699038
-7,38166616;-6,53297186
-7,37666616;-6,53297186
-7,37166616;-6,53297186
-7,36666616;-7,46647358
-7,36166616;-7,00049162
-7,35666616;-6,06699038
-7,35166616;-7,46647358
-7,34666616;-6,53297186
-7,34166616;-7,93399334
-7,33666616;-7,00049162
-7,33166616;-7,00049162
-7,32666616;-7,46647358
-7,32166617;-7,93399334
-7,31666617;-8,86749458
-7,31166617;-9,80099583
-7,30666617;-9,33347607
-7,30166617;-8,39997482
-7,29666617;-9,33347607
-7,29166617;-9,80099583
-7,28666617;-9,33347607
-7,28166617;-9,80099583
-7,27666617;-9,80099583
-7,27166617;-9,80099583
-7,26666617;-9,80099583
-7,26166617;-10,26697731
-7,25666617;-9,80099583
-7,25166617;-9,80099583
-7,24666617;-9,80099583
-7,24166617;-9,80099583
-7,23666617;-9,33347607
-7,23166617;-9,80099583
-7,22666617;-9,33347607
-7,22166617;-9,80099583
-7,21666617;-8,86749458
-7,21166617;-8,86749458
-7,20666617;-8,86749458
-7,20166617;-8,86749458
-7,19666617;-7,93399334
-7,19166617;-7,46647358
-7,18666617;-6,53297186
-7,18166617;-4,66596889
-7,17666617;-5,13348866
-7,17166617;-2,79896641
-7,16666617;-2,79896641
-7,16166617;-1,86546493
-7,15666617;-2,79896641
-7,15166617;-1,86546493
-7,14666617;0,00000000
-7,14166617;-0,46598175
-7,13666617;0,00000000
-7,13166617;1,86546493
-7,12666617;0,46598175
-7,12166617;-0,46598175
-7,11666617;-1,39948320
-7,11166617;-0,46598175
-7,10666617;-1,39948320
-7,10166617;-1,86546493
-7,09666617;-2,33298445
-7,09166617;-1,86546493
-7,08666617;-2,79896641
-7,08166617;-1,86546493
-7,07666617;-2,33298445
-7,07166617;-1,86546493
-7,06666617;-1,86546493
-7,06166617;-2,33298445
-7,05666617;-1,86546493
-7,05166617;-1,86546493
-7,04666617;-1,39948320
-7,04166617;-1,86546493
-7,03666617;-1,39948320
-7,03166617;-1,86546493
-7,02666617;-1,39948320
-7,02166617;-1,86546493
-7,01666617;-1,86546493
-7,01166617;-1,39948320
-7,00666617;0,46598175
-7,00166617;0,00000000
-6,99666617;-0,46598175
-6,99166617;0,00000000
-6,98666617;-0,46598175
-6,98166617;-0,46598175
-6,97666617;0,00000000
-6,97166617;0,93196350
-6,96666617;0,46598175
-6,96166617;0,00000000
-6,95666617;1,39948320
-6,95166617;0,46598175
-6,94666617;-0,46598175
-6,94166617;0,00000000
-6,93666617;-1,39948320
-6,93166617;-1,39948320
-6,92666618;-1,39948320
-6,92166618;-1,39948320
-6,91666618;-1,39948320
-6,91166618;-1,39948320
-6,90666618;-1,39948320
-6,90166618;-0,46598175
-6,89666618;-0,46598175
-6,89166618;0,00000000
-6,88666618;0,46598175
-6,88166618;1,39948320
-6,87666618;2,33298445
-6,87166618;1,86546493
-6,86666618;2,33298445
-6,86166618;2,33298445
-6,85666618;1,86546493
-6,85166618;2,33298445
-6,84666618;2,79896641
-6,84166618;2,33298445
-6,83666618;3,73246789
-6,83166618;1,39948320
-6,82666618;1,86546493
-6,82166618;0,46598175
-6,81666618;0,46598175
-6,81166618;1,39948320
-6,80666618;0,93196350
-6,80166618;0,46598175
-6,79666618;0,00000000
-6,79166618;-2,33298445
-6,78666618;-0,93196350
-6,78166618;-1,39948320
-6,77666618;-1,86546493
-6,77166618;-1,39948320
-6,76666618;-0,46598175
-6,76166618;-1,86546493
-6,75666618;-0,46598175
-6,75166618;-1,39948320
-6,74666618;-2,33298445
-6,74166618;0,00000000
-6,73666618;-0,93196350
-6,73166618;-0,46598175
-6,72666618;0,46598175
-6,72166618;0,00000000
-6,71666618;0,93196350
-6,71166618;1,39948320
-6,70666618;1,39948320
-6,70166618;2,79896641
-6,69666618;1,39948320
-6,69166618;2,79896641
-6,68666618;2,33298445
-6,68166618;2,79896641
-6,67666618;2,79896641
-6,67166618;1,86546493
-6,66666618;1,86546493
-6,66166618;1,86546493
-6,65666618;0,93196350
-6,65166618;1,39948320
-6,64666618;0,93196350
-6,64166618;-0,46598175
-6,63666618;0,46598175
-6,63166618;-0,93196350
-6,62666618;-2,33298445
-6,62166618;-1,39948320
-6,61666618;-2,33298445
-6,61166618;-2,33298445
-6,60666618;-2,33298445
-6,60166618;-2,79896641
-6,59666618;-2,33298445
-6,59166618;-2,33298445
-6,58666618;-3,26648593
-6,58166618;-2,33298445
-6,57666618;-2,79896641
-6,57166618;-2,33298445
-6,56666618;-3,73246789
-6,56166618;-0,93196350
-6,55666618;-1,39948320
-6,55166618;-0,93196350
-6,54666618;-0,93196350
-6,54166618;0,00000000
-6,53666618;0,93196350
-6,53166619;0,46598175
-6,52666619;0,93196350
-6,52166619;0,46598175
-6,51666619;-0,46598175
-6,51166619;0,00000000
-6,50666619;0,00000000
-6,50166619;0,00000000
-6,49666619;0,00000000
-6,49166619;-0,46598175
-6,48666619;-0,93196350
-6,48166619;0,00000000
-6,47666619;0,00000000
-6,47166619;-0,46598175
-6,46666619;0,00000000
-6,46166619;-0,46598175
-6,45666619;3,26648593
-6,45166619;0,00000000
-6,44666619;-0,46598175
-6,44166619;0,00000000
-6,43666619;0,46598175
-6,43166619;-0,46598175
-6,42666619;0,93196350
-6,42166619;-2,79896641
-6,41666619;1,86546493
-6,41166619;1,86546493
-6,40666619;1,86546493
-6,40166619;3,26648593
-6,39666619;3,26648593
-6,39166619;2,79896641
-6,38666619;2,79896641
-6,38166619;2,79896641
-6,37666619;2,79896641
-6,37166619;2,79896641
-6,36666619;1,86546493
-6,36166619;1,86546493
-6,35666619;3,26648593
-6,35166619;1,86546493
-6,34666619;1,86546493
-6,34166619;0,93196350
-6,33666619;1,39948320
-6,33166619;1,39948320
-6,32666619;0,46598175
-6,32166619;0,46598175
-6,31666619;0,93196350
-6,31166619;1,39948320
-6,30666619;0,93196350
-6,30166619;0,93196350
-6,29666619;1,86546493
-6,29166619;1,39948320
-6,28666619;0,93196350
-6,28166619;0,46598175
-6,27666619;-0,46598175
-6,27166619;0,00000000
-6,26666619;0,46598175
-6,26166619;-0,46598175
-6,25666619;0,00000000
-6,25166619;-0,46598175
-6,24666619;-0,46598175
-6,24166619;0,00000000
-6,23666619;-1,39948320
-6,23166619;0,00000000
-6,22666619;0,00000000
-6,22166619;0,00000000
-6,21666619;0,00000000
-6,21166619;-0,93196350
-6,20666619;0,93196350
-6,20166619;0,46598175
-6,19666619;0,00000000
-6,19166619;0,93196350
-6,18666619;0,00000000
-6,18166619;0,00000000
-6,17666619;0,46598175
-6,17166619;0,46598175
-6,16666619;-0,46598175
-6,16166619;-0,46598175
-6,15666619;2,33298445
-6,15166619;-0,46598175
-6,14666619;-0,46598175
-6,14166619;-2,33298445
-6,13666620;-1,86546493
-6,13166620;-1,86546493
-6,12666620;-1,86546493
-6,12166620;-1,86546493
-6,11666620;-1,86546493
-6,11166620;-2,79896641
-6,10666620;-2,79896641
-6,10166620;-2,79896641
-6,09666620;-3,73246789
-6,09166620;-3,73246789
-6,08666620;-5,13348866
-6,08166620;-5,59947062
-6,07666620;-6,06699038
-6,07166620;-7,00049162
-6,06666620;-7,46647358
-6,06166620;-7,46647358
-6,05666620;-7,00049162
-6,05166620;-7,46647358
-6,04666620;-6,06699038
-6,04166620;-6,53297186
-6,03666620;-5,13348866
-6,03166620;-3,73246789
-6,02666620;-2,79896641
-6,02166620;-1,39948320
-6,01666620;0,00000000
-6,01166620;0,46598175
-6,00666620;0,93196350
-6,00166620;1,86546493
-5,99666620;2,33298445
-5,99166620;1,86546493
-5,98666620;0,93196350
-5,98166620;0,46598175
-5,97666620;0,00000000
-5,97166620;3,26648593
-5,96666620;-1,39948320
-5,96166620;-2,33298445
-5,95666620;-2,79896641
-5,95166620;-3,26648593
-5,94666620;-3,26648593
-5,94166620;-3,26648593
-5,93666620;-3,73246789
-5,93166620;-1,86546493
-5,92666620;-3,26648593
-5,92166620;-1,86546493
-5,91666620;-1,39948320
-5,91166620;-0,93196350
-5,90666620;-1,86546493
-5,90166620;-0,93196350
-5,89666620;-1,86546493
-5,89166620;-0,46598175
-5,88666620;-1,39948320
-5,88166620;-0,46598175
-5,87666620;-0,93196350
-5,87166620;-0,46598175
-5,86666620;0,93196350
-5,86166620;0,93196350
-5,85666620;1,39948320
-5,85166620;1,86546493
-5,84666620;2,33298445
-5,84166620;2,79896641
-5,83666620;2,33298445
-5,83166620;3,73246789
-5,82666620;4,19998741
-5,82166620;3,73246789
-5,81666620;3,26648593
-5,81166620;3,26648593
-5,80666620;3,26648593
-5,80166620;3,26648593
-5,79666620;3,26648593
-5,79166620;3,26648593
-5,78666620;2,79896641
-5,78166620;2,79896641
-5,77666620;2,79896641
-5,77166620;2,79896641
-5,76666620;2,79896641
-5,76166620;2,79896641
-5,75666620;3,73246789
-5,75166620;4,19998741
-5,74666620;4,19998741
-5,74166621;5,59947062
-5,73666621;5,13348866
-5,73166621;6,53297186
-5,72666621;6,53297186
-5,72166621;7,00049162
-5,71666621;7,46647358
-5,71166621;7,93399334
-5,70666621;7,00049162
-5,70166621;7,00049162
-5,69666621;7,00049162
-5,69166621;6,53297186
-5,68666621;6,06699038
-5,68166621;6,06699038
-5,67666621;6,06699038
-5,67166621;5,59947062
-5,66666621;5,13348866
-5,66166621;5,13348866
-5,65666621;4,66596889
-5,65166621;4,66596889
-5,64666621;4,66596889
-5,64166621;3,73246789
-5,63666621;3,73246789
-5,63166621;3,73246789
-5,62666621;3,73246789
-5,62166621;3,26648593
-5,61666621;2,33298445
-5,61166621;2,79896641
-5,60666621;1,86546493
-5,60166621;1,39948320
-5,59666621;1,86546493
-5,59166621;0,46598175
-5,58666621;0,93196350
-5,58166621;0,93196350
-5,57666621;0,93196350
-5,57166621;1,39948320
-5,56666621;0,46598175
-5,56166621;0,46598175
-5,55666621;1,39948320
-5,55166621;2,33298445
-5,54666621;2,33298445
-5,54166621;3,73246789
-5,53666621;2,79896641
-5,53166621;3,26648593
-5,52666621;2,33298445
-5,52166621;2,79896641
-5,51666621;2,33298445
-5,51166621;1,39948320
-5,50666621;0,93196350
-5,50166621;0,93196350
-5,49666621;0,00000000
-5,49166621;-0,46598175
-5,48666621;-1,86546493
-5,48166621;-1,39948320
-5,47666621;-1,39948320
-5,47166621;-1,39948320
-5,46666621;-2,79896641
-5,46166621;-2,79896641
-5,45666621;-2,79896641
-5,45166621;-2,79896641
-5,44666621;-3,73246789
-5,44166621;-2,33298445
-5,43666621;-3,73246789
-5,43166621;-2,79896641
-5,42666621;-3,73246789
-5,42166621;-3,26648593
-5,41666621;-4,66596889
-5,41166621;-4,19998741
-5,40666621;-4,66596889
-5,40166621;-4,66596889
-5,39666621;-4,66596889
-5,39166621;-4,66596889
-5,38666621;-5,13348866
-5,38166621;-5,13348866
-5,37666621;-4,19998741
-5,37166621;-4,19998741
-5,36666621;-5,13348866
-5,36166621;-4,19998741
-5,35666621;-4,66596889
-5,35166621;-4,19998741
-5,34666622;-4,66596889
-5,34166622;-3,73246789
-5,33666622;-4,66596889
-5,33166622;-5,13348866
-5,32666622;-4,66596889
-5,32166622;-4,66596889
-5,31666622;-5,59947062
-5,31166622;-3,26648593
-5,30666622;-4,66596889
-5,30166622;-4,19998741
-5,29666622;-3,73246789
-5,29166622;-2,79896641
-5,28666622;-3,26648593
-5,28166622;-2,33298445
-5,27666622;-1,39948320
-5,27166622;-0,93196350
-5,26666622;0,00000000
-5,26166622;2,33298445
-5,25666622;2,33298445
-5,25166622;2,79896641
-5,24666622;4,19998741
-5,24166622;4,66596889
-5,23666622;5,13348866
-5,23166622;5,13348866
-5,22666622;5,13348866
-5,22166622;5,59947062
-5,21666622;4,66596889
-5,21166622;4,19998741
-5,20666622;4,19998741
-5,20166622;3,26648593
-5,19666622;1,39948320
-5,19166622;2,79896641
-5,18666622;1,86546493
-5,18166622;1,86546493
-5,17666622;0,93196350
-5,17166622;1,86546493
-5,16666622;0,00000000
-5,16166622;0,93196350
-5,15666622;0,46598175
-5,15166622;0,46598175
-5,14666622;0,93196350
-5,14166622;2,33298445
-5,13666622;0,93196350
-5,13166622;0,93196350
-5,12666622;2,33298445
-5,12166622;1,86546493
-5,11666622;2,79896641
-5,11166622;3,26648593
-5,10666622;3,73246789
-5,10166622;3,73246789
-5,09666622;4,19998741
-5,09166622;4,19998741
-5,08666622;5,13348866
-5,08166622;3,73246789
-5,07666622;5,13348866
-5,07166622;5,59947062
-5,06666622;5,13348866
-5,06166622;7,00049162
-5,05666622;5,59947062
-5,05166622;5,59947062
-5,04666622;5,13348866
-5,04166622;5,13348866
-5,03666622;4,19998741
-5,03166622;4,19998741
-5,02666622;3,73246789
-5,02166622;3,26648593
-5,01666622;4,19998741
-5,01166622;4,66596889
-5,00666622;4,19998741
-5,00166622;4,66596889
-4,99666622;4,66596889
-4,99166622;5,13348866
-4,98666622;5,59947062
-4,98166622;5,59947062
-4,97666622;6,53297186
-4,97166622;6,06699038
-4,96666622;6,06699038
-4,96166622;6,06699038
-4,95666622;6,53297186
-4,95166622;6,06699038
-4,94666623;5,59947062
-4,94166623;5,13348866
-4,93666623;5,13348866
-4,93166623;5,59947062
-4,92666623;7,00049162
-4,92166623;5,59947062
-4,91666623;5,13348866
-4,91166623;4,19998741
-4,90666623;4,66596889
-4,90166623;5,59947062
-4,89666623;4,19998741
-4,89166623;4,19998741
-4,88666623;4,19998741
-4,88166623;4,66596889
-4,87666623;4,19998741
-4,87166623;4,19998741
-4,86666623;4,19998741
-4,86166623;4,66596889
-4,85666623;4,66596889
-4,85166623;4,66596889
-4,84666623;5,13348866
-4,84166623;3,73246789
-4,83666623;4,19998741
-4,83166623;4,19998741
-4,82666623;5,13348866
-4,82166623;4,66596889
-4,81666623;5,13348866
-4,81166623;4,66596889
-4,80666623;4,66596889
-4,80166623;5,13348866
-4,79666623;5,59947062
-4,79166623;5,59947062
-4,78666623;3,73246789
-4,78166623;6,06699038
-4,77666623;6,53297186
-4,77166623;6,53297186
-4,76666623;5,59947062
-4,76166623;5,59947062
-4,75666623;4,66596889
-4,75166623;5,59947062
-4,74666623;5,13348866
-4,74166623;7,00049162
-4,73666623;4,66596889
-4,73166623;4,66596889
-4,72666623;4,19998741
-4,72166623;4,19998741
-4,71666623;3,73246789
-4,71166623;2,79896641
-4,70666623;3,26648593
-4,70166623;3,26648593
-4,69666623;3,26648593
-4,69166623;2,79896641
-4,68666623;3,26648593
-4,68166623;4,19998741
-4,67666623;3,73246789
-4,67166623;4,19998741
-4,66666623;3,73246789
-4,66166623;3,73246789
-4,65666623;3,26648593
-4,65166623;5,13348866
-4,64666623;4,66596889
-4,64166623;5,13348866
-4,63666623;5,13348866
-4,63166623;6,06699038
-4,62666623;6,53297186
-4,62166623;7,00049162
-4,61666623;6,53297186
-4,61166623;6,53297186
-4,60666623;6,06699038
-4,60166623;5,59947062
-4,59666623;6,53297186
-4,59166623;7,00049162
-4,58666623;7,00049162
-4,58166623;6,53297186
-4,57666623;6,06699038
-4,57166623;6,53297186
-4,56666623;6,06699038
-4,56166623;6,53297186
-4,55666623;7,00049162
-4,55166624;7,00049162
-4,54666624;7,00049162
-4,54166624;7,00049162
-4,53666624;7,00049162
-4,53166624;7,46647358
-4,52666624;9,33347607
-4,52166624;7,93399334
-4,51666624;7,46647358
-4,51166624;7,46647358
-4,50666624;7,93399334
-4,50166624;7,00049162
-4,49666624;7,46647358
-4,49166624;7,93399334
-4,48666624;7,46647358
-4,48166624;8,86749458
-4,47666624;7,46647358
-4,47166624;7,46647358
-4,46666624;7,00049162
-4,46166624;6,53297186
-4,45666624;7,00049162
-4,45166624;6,53297186
-4,44666624;6,53297186
-4,44166624;6,06699038
-4,43666624;6,06699038
-4,43166624;6,53297186
-4,42666624;6,06699038
-4,42166624;5,59947062
-4,41666624;5,13348866
-4,41166624;6,06699038
-4,40666624;5,13348866
-4,40166624;6,06699038
-4,39666624;5,59947062
-4,39166624;5,59947062
-4,38666624;5,13348866
-4,38166624;5,59947062
-4,37666624;5,13348866
-4,37166624;5,13348866
-4,36666624;4,19998741
-4,36166624;3,73246789
-4,35666624;4,19998741
-4,35166624;4,66596889
-4,34666624;4,66596889
-4,34166624;5,59947062
-4,33666624;4,66596889
-4,33166624;3,73246789
-4,32666624;2,79896641
-4,32166624;3,73246789
-4,31666624;3,73246789
-4,31166624;4,19998741
-4,30666624;3,73246789
-4,30166624;3,73246789
-4,29666624;3,73246789
-4,29166624;3,73246789
-4,28666624;3,26648593
-4,28166624;3,26648593
-4,27666624;2,33298445
-4,27166624;3,26648593
-4,26666624;3,26648593
-4,26166624;2,33298445
-4,25666624;2,79896641
-4,25166624;2,33298445
-4,24666624;2,79896641
-4,24166624;2,79896641
-4,23666624;2,79896641
-4,23166624;0,93196350
-4,22666624;1,39948320
-4,22166624;0,93196350
-4,21666624;0,93196350
-4,21166624;-0,46598175
-4,20666624;-1,39948320
-4,20166624;0,46598175
-4,19666624;-1,39948320
-4,19166624;-0,93196350
-4,18666624;-1,86546493
-4,18166624;-2,33298445
-4,17666624;-2,33298445
-4,17166624;-2,33298445
-4,16666624;-4,19998741
-4,16166624;-5,13348866
-4,15666625;-4,66596889
-4,15166625;-3,73246789
-4,14666625;-3,73246789
-4,14166625;-3,73246789
-4,13666625;-1,39948320
-4,13166625;-0,46598175
-4,12666625;0,46598175
-4,12166625;1,86546493
-4,11666625;3,73246789
-4,11166625;4,66596889
-4,10666625;5,13348866
-4,10166625;5,59947062
-4,09666625;6,06699038
-4,09166625;7,00049162
-4,08666625;6,06699038
-4,08166625;5,13348866
-4,07666625;4,19998741
-4,07166625;3,73246789
-4,06666625;3,26648593
-4,06166625;2,79896641
-4,05666625;1,86546493
-4,05166625;2,33298445
-4,04666625;2,33298445
-4,04166625;1,39948320
-4,03666625;2,33298445
-4,03166625;3,26648593
-4,02666625;4,19998741
-4,02166625;4,19998741
-4,01666625;5,13348866
-4,01166625;4,66596889
-4,00666625;6,06699038
-4,00166625;5,59947062
-3,99666625;5,59947062
-3,99166625;6,06699038
-3,98666625;5,59947062
-3,98166625;5,59947062
-3,97666625;5,59947062
-3,97166625;6,53297186
-3,96666625;5,13348866
-3,96166625;4,19998741
-3,95666625;5,59947062
-3,95166625;6,06699038
-3,94666625;6,06699038
-3,94166625;7,00049162
-3,93666625;7,93399334
-3,93166625;8,39997482
-3,92666625;8,39997482
-3,92166625;9,33347607
-3,91666625;8,39997482
-3,91166625;8,86749458
-3,90666625;8,39997482
-3,90166625;9,33347607
-3,89666625;7,46647358
-3,89166625;7,93399334
-3,88666625;7,93399334
-3,88166625;7,46647358
-3,87666625;8,39997482
-3,87166625;7,46647358
-3,86666625;7,46647358
-3,86166625;7,46647358
-3,85666625;7,46647358
-3,85166625;7,46647358
-3,84666625;7,93399334
-3,84166625;7,93399334
-3,83666625;8,39997482
-3,83166625;8,39997482
-3,82666625;10,73449707
-3,82166625;8,86749458
-3,81666625;9,33347607
-3,81166625;8,86749458
-3,80666625;9,33347607
-3,80166625;9,33347607
-3,79666625;8,39997482
-3,79166625;8,86749458
-3,78666625;8,39997482
-3,78166625;7,93399334
-3,77666625;8,39997482
-3,77166625;7,93399334
-3,76666625;6,53297186
-3,76166626;6,53297186
-3,75666626;6,06699038
-3,75166626;6,06699038
-3,74666626;4,66596889
-3,74166626;6,53297186
-3,73666626;5,59947062
-3,73166626;4,19998741
-3,72666626;6,06699038
-3,72166626;5,59947062
-3,71666626;5,13348866
-3,71166626;4,66596889
-3,70666626;4,19998741
-3,70166626;3,73246789
-3,69666626;3,73246789
-3,69166626;2,33298445
-3,68666626;3,26648593
-3,68166626;2,79896641
-3,67666626;4,19998741
-3,67166626;3,26648593
-3,66666626;3,73246789
-3,66166626;4,19998741
-3,65666626;4,66596889
-3,65166626;5,13348866
-3,64666626;5,13348866
-3,64166626;5,59947062
-3,63666626;6,53297186
-3,63166626;6,06699038
-3,62666626;5,59947062
-3,62166626;7,46647358
-3,61666626;7,00049162
-3,61166626;7,00049162
-3,60666626;6,53297186
-3,60166626;6,06699038
-3,59666626;6,53297186
-3,59166626;5,13348866
-3,58666626;5,13348866
-3,58166626;5,13348866
-3,57666626;5,13348866
-3,57166626;4,19998741
-3,56666626;2,33298445
-3,56166626;3,26648593
-3,55666626;4,19998741
-3,55166626;2,79896641
-3,54666626;1,86546493
-3,54166626;3,26648593
-3,53666626;0,93196350
-3,53166626;1,86546493
-3,52666626;0,93196350
-3,52166626;1,39948320
-3,51666626;1,39948320
-3,51166626;1,39948320
-3,50666626;0,93196350
-3,50166626;1,86546493
-3,49666626;1,39948320
-3,49166626;1,39948320
-3,48666626;1,39948320
-3,48166626;1,39948320
-3,47666626;0,93196350
-3,47166626;0,46598175
-3,46666626;0,46598175
-3,46166626;0,46598175
-3,45666626;-0,46598175
-3,45166626;0,00000000
-3,44666626;-0,93196350
-3,44166626;-0,46598175
-3,43666626;-0,93196350
-3,43166626;-0,93196350
-3,42666626;-0,46598175
-3,42166626;-0,46598175
-3,41666626;-2,79896641
-3,41166626;-1,39948320
-3,40666626;-1,86546493
-3,40166626;-1,86546493
-3,39666626;-1,39948320
-3,39166626;-1,39948320
-3,38666626;-0,46598175
-3,38166626;-0,93196350
-3,37666626;0,00000000
-3,37166626;0,00000000
-3,36666627;0,46598175
-3,36166627;1,39948320
-3,35666627;2,79896641
-3,35166627;2,33298445
-3,34666627;3,26648593
-3,34166627;1,39948320
-3,33666627;4,19998741
-3,33166627;3,73246789
-3,32666627;4,19998741
-3,32166627;4,66596889
-3,31666627;2,79896641
-3,31166627;3,73246789
-3,30666627;2,79896641
-3,30166627;2,79896641
-3,29666627;2,79896641
-3,29166627;2,79896641
-3,28666627;0,93196350
-3,28166627;2,33298445
-3,27666627;1,39948320
-3,27166627;1,39948320
-3,26666627;0,93196350
-3,26166627;0,46598175
-3,25666627;0,46598175
-3,25166627;1,86546493
-3,24666627;1,39948320
-3,24166627;0,00000000
-3,23666627;0,93196350
-3,23166627;1,86546493
-3,22666627;1,86546493
-3,22166627;2,79896641
-3,21666627;2,79896641
-3,21166627;2,79896641
-3,20666627;3,73246789
-3,20166627;4,19998741
-3,19666627;4,66596889
-3,19166627;5,59947062
-3,18666627;5,59947062
-3,18166627;6,53297186
-3,17666627;6,53297186
-3,17166627;6,53297186
-3,16666627;7,46647358
-3,16166627;7,93399334
-3,15666627;7,93399334
-3,15166627;6,53297186
-3,14666627;8,39997482
-3,14166627;7,46647358
-3,13666627;7,46647358
-3,13166627;7,93399334
-3,12666627;7,46647358
-3,12166627;7,46647358
-3,11666627;7,93399334
-3,11166627;7,93399334
-3,10666627;8,39997482
-3,10166627;8,39997482
-3,09666627;9,33347607
-3,09166627;8,39997482
-3,08666627;9,33347607
-3,08166627;9,33347607
-3,07666627;9,33347607
-3,07166627;9,80099583
-3,06666627;10,26697731
-3,06166627;10,26697731
-3,05666627;9,80099583
-3,05166627;9,80099583
-3,04666627;10,73449707
-3,04166627;10,26697731
-3,03666627;10,26697731
-3,03166627;9,33347607
-3,02666627;9,33347607
-3,02166627;8,86749458
-3,01666627;8,86749458
-3,01166627;8,39997482
-3,00666627;7,93399334
-3,00166627;8,39997482
-2,99666627;7,00049162
-2,99166627;6,53297186
-2,98666627;7,00049162
-2,98166627;6,53297186
-2,97666627;7,00049162
-2,97166628;6,53297186
-2,96666628;6,53297186
-2,96166628;6,06699038
-2,95666628;6,53297186
-2,95166628;6,06699038
-2,94666628;6,53297186
-2,94166628;4,66596889
-2,93666628;6,06699038
-2,93166628;6,53297186
-2,92666628;7,00049162
-2,92166628;6,06699038
-2,91666628;5,59947062
-2,91166628;6,06699038
-2,90666628;4,66596889
-2,90166628;5,59947062
-2,89666628;5,13348866
-2,89166628;5,13348866
-2,88666628;6,06699038
-2,88166628;5,59947062
-2,87666628;5,13348866
-2,87166628;5,13348866
-2,86666628;4,66596889
-2,86166628;3,73246789
-2,85666628;5,13348866
-2,85166628;5,13348866
-2,84666628;5,13348866
-2,84166628;5,13348866
-2,83666628;5,13348866
-2,83166628;3,73246789
-2,82666628;4,19998741
-2,82166628;3,26648593
-2,81666628;3,73246789
-2,81166628;2,79896641
-2,80666628;3,73246789
-2,80166628;3,26648593
-2,79666628;2,79896641
-2,79166628;2,33298445
-2,78666628;2,79896641
-2,78166628;2,79896641
-2,77666628;2,33298445
-2,77166628;1,86546493
-2,76666628;1,86546493
-2,76166628;2,33298445
-2,75666628;2,33298445
-2,75166628;1,86546493
-2,74666628;1,86546493
-2,74166628;3,26648593
-2,73666628;2,33298445
-2,73166628;3,26648593
-2,72666628;2,33298445
-2,72166628;3,26648593
-2,71666628;5,13348866
-2,71166628;5,59947062
-2,70666628;5,13348866
-2,70166628;5,59947062
-2,69666628;5,59947062
-2,69166628;6,53297186
-2,68666628;6,53297186
-2,68166628;6,06699038
-2,67666628;6,06699038
-2,67166628;6,53297186
-2,66666628;7,00049162
-2,66166628;7,00049162
-2,65666628;7,00049162
-2,65166628;6,53297186
-2,64666628;6,53297186
-2,64166628;6,53297186
-2,63666628;7,00049162
-2,63166628;5,59947062
-2,62666628;6,06699038
-2,62166628;6,06699038
-2,61666628;5,59947062
-2,61166628;6,53297186
-2,60666628;6,06699038
-2,60166628;6,53297186
-2,59666628;7,00049162
-2,59166628;7,93399334
-2,58666628;7,93399334
-2,58166628;7,00049162
-2,57666628;7,93399334
-2,57166629;8,86749458
-2,56666629;7,00049162
-2,56166629;7,93399334
-2,55666629;7,46647358
-2,55166629;7,93399334
-2,54666629;7,46647358
-2,54166629;6,53297186
-2,53666629;6,06699038
-2,53166629;6,53297186
-2,52666629;6,06699038
-2,52166629;5,13348866
-2,51666629;5,59947062
-2,51166629;3,73246789
-2,50666629;3,73246789
-2,50166629;4,19998741
-2,49666629;4,66596889
-2,49166629;4,19998741
-2,48666629;5,13348866
-2,48166629;3,73246789
-2,47666629;3,73246789
-2,47166629;3,26648593
-2,46666629;3,26648593
-2,46166629;3,26648593
-2,45666629;3,26648593
-2,45166629;1,86546493
-2,44666629;2,33298445
-2,44166629;2,33298445
-2,43666629;0,93196350
-2,43166629;1,86546493
-2,42666629;2,33298445
-2,42166629;1,86546493
-2,41666629;2,33298445
-2,41166629;1,86546493
-2,40666629;3,26648593
-2,40166629;2,33298445
-2,39666629;0,93196350
-2,39166629;2,33298445
-2,38666629;1,39948320
-2,38166629;1,39948320
-2,37666629;0,93196350
-2,37166629;0,46598175
-2,36666629;0,46598175
-2,36166629;-0,46598175
-2,35666629;-0,46598175
-2,35166629;0,00000000
-2,34666629;-0,93196350
-2,34166629;-2,79896641
-2,33666629;-0,46598175
-2,33166629;-1,86546493
-2,32666629;-4,66596889
-2,32166629;-1,39948320
-2,31666629;-3,26648593
-2,31166629;-2,33298445
-2,30666629;-0,93196350
-2,30166629;-4,19998741
-2,29666629;-4,19998741
-2,29166629;-4,19998741
-2,28666629;-4,66596889
-2,28166629;-5,13348866
-2,27666629;-5,59947062
-2,27166629;-6,53297186
-2,26666629;-5,13348866
-2,26166629;-7,00049162
-2,25666629;-7,00049162
-2,25166629;-7,00049162
-2,24666629;-6,53297186
-2,24166629;-6,53297186
-2,23666629;-6,06699038
-2,23166629;-6,06699038
-2,22666629;-4,19998741
-2,22166629;-3,26648593
-2,21666629;-2,79896641
-2,21166629;-0,93196350
-2,20666629;-0,93196350
-2,20166629;0,93196350
-2,19666629;0,00000000
-2,19166629;0,46598175
-2,18666629;1,39948320
-2,18166629;1,86546493
-2,17666630;2,33298445
-2,17166630;-3,26648593
-2,16666630;1,39948320
-2,16166630;0,46598175
-2,15666630;0,93196350
-2,15166630;0,00000000
-2,14666630;0,46598175
-2,14166630;-0,46598175
-2,13666630;0,00000000
-2,13166630;-0,46598175
-2,12666630;-1,39948320
-2,12166630;-0,46598175
-2,11666630;0,00000000
-2,11166630;0,93196350
-2,10666630;0,46598175
-2,10166630;0,00000000
-2,09666630;-0,46598175
-2,09166630;0,46598175
-2,08666630;0,00000000
-2,08166630;-0,46598175
-2,07666630;-0,93196350
-2,07166630;0,46598175
-2,06666630;0,46598175
-2,06166630;0,00000000
-2,05666630;0,46598175
-2,05166630;-0,93196350
-2,04666630;0,93196350
-2,04166630;2,33298445
-2,03666630;2,33298445
-2,03166630;2,33298445
-2,02666630;2,33298445
-2,02166630;2,79896641
-2,01666630;3,26648593
-2,01166630;3,26648593
-2,00666630;3,26648593
-2,00166630;2,33298445
-1,99666630;2,79896641
-1,99166630;1,86546493
-1,98666630;1,39948320
-1,98166630;1,86546493
-1,97666630;1,39948320
-1,97166630;2,79896641
-1,96666630;2,33298445
-1,96166630;2,79896641
-1,95666630;2,33298445
-1,95166630;2,33298445
-1,94666630;3,73246789
-1,94166630;4,19998741
-1,93666630;9,80099583
-1,93166630;5,13348866
-1,92666630;6,06699038
-1,92166630;5,13348866
-1,91666630;4,19998741
-1,91166630;6,06699038
-1,90666630;6,06699038
-1,90166630;5,59947062
-1,89666630;6,53297186
-1,89166630;6,06699038
-1,88666630;6,53297186
-1,88166630;5,59947062
-1,87666630;5,13348866
-1,87166630;5,13348866
-1,86666630;4,19998741
-1,86166630;4,66596889
-1,85666630;3,26648593
-1,85166630;3,73246789
-1,84666630;2,33298445
-1,84166630;3,26648593
-1,83666630;3,26648593
-1,83166630;2,33298445
-1,82666630;1,86546493
-1,82166630;2,33298445
-1,81666630;2,33298445
-1,81166630;0,46598175
-1,80666630;0,46598175
-1,80166630;0,46598175
-1,79666630;-0,46598175
-1,79166630;-0,93196350
-1,78666630;-0,93196350
-1,78166631;-0,93196350
-1,77666631;-1,86546493
-1,77166631;-2,33298445
-1,76666631;-2,33298445
-1,76166631;-2,79896641
-1,75666631;-2,33298445
-1,75166631;-1,86546493
-1,74666631;-2,33298445
-1,74166631;-1,86546493
-1,73666631;-2,79896641
-1,73166631;-1,86546493
-1,72666631;-1,39948320
-1,72166631;-1,86546493
-1,71666631;-1,86546493
-1,71166631;-3,73246789
-1,70666631;-2,79896641
-1,70166631;-3,26648593
-1,69666631;-2,79896641
-1,69166631;-4,66596889
-1,68666631;-5,13348866
-1,68166631;-5,59947062
-1,67666631;-6,53297186
-1,67166631;-7,46647358
-1,66666631;-7,00049162
-1,66166631;-6,53297186
-1,65666631;-7,93399334
-1,65166631;-7,93399334
-1,64666631;-7,46647358
-1,64166631;-8,39997482
-1,63666631;-7,46647358
-1,63166631;-7,93399334
-1,62666631;-7,46647358
-1,62166631;-7,46647358
-1,61666631;-7,46647358
-1,61166631;-7,00049162
-1,60666631;-7,46647358
-1,60166631;-6,53297186
-1,59666631;-6,53297186
-1,59166631;-6,06699038
-1,58666631;-6,53297186
-1,58166631;-7,00049162
-1,57666631;-7,00049162
-1,57166631;-6,53297186
-1,56666631;-7,00049162
-1,56166631;-7,00049162
-1,55666631;-6,06699038
-1,55166631;-6,53297186
-1,54666631;-7,00049162
-1,54166631;-6,53297186
-1,53666631;-7,46647358
-1,53166631;-7,00049162
-1,52666631;-8,39997482
-1,52166631;-7,00049162
-1,51666631;-8,39997482
-1,51166631;-8,86749458
-1,50666631;-8,39997482
-1,50166631;-7,93399334
-1,49666631;-7,93399334
-1,49166631;-7,46647358
-1,48666631;-7,00049162
-1,48166631;-7,00049162
-1,47666631;-6,06699038
-1,47166631;-5,59947062
-1,46666631;-4,66596889
-1,46166631;-3,73246789
-1,45666631;-3,73246789
-1,45166631;-1,86546493
-1,44666631;-1,39948320
-1,44166631;-0,46598175
-1,43666631;-0,46598175
-1,43166631;0,00000000
-1,42666631;0,46598175
-1,42166631;0,00000000
-1,41666631;0,93196350
-1,41166631;-0,46598175
-1,40666631;-0,46598175
-1,40166631;-0,46598175
-1,39666631;-0,93196350
-1,39166631;-0,46598175
-1,38666632;-2,33298445
-1,38166632;-1,86546493
-1,37666632;-2,33298445
-1,37166632;-3,26648593
-1,36666632;-3,73246789
-1,36166632;-4,19998741
-1,35666632;-4,66596889
-1,35166632;-4,66596889
-1,34666632;-4,66596889
-1,34166632;-4,66596889
-1,33666632;-5,13348866
-1,33166632;-3,73246789
-1,32666632;-4,66596889
-1,32166632;-3,73246789
-1,31666632;-4,19998741
-1,31166632;-4,66596889
-1,30666632;-3,73246789
-1,30166632;-3,26648593
-1,29666632;-2,79896641
-1,29166632;-3,73246789
-1,28666632;-2,79896641
-1,28166632;-2,79896641
-1,27666632;-0,93196350
-1,27166632;-1,86546493
-1,26666632;-1,39948320
-1,26166632;-1,86546493
-1,25666632;-1,86546493
-1,25166632;-1,39948320
-1,24666632;-0,93196350
-1,24166632;-1,39948320
-1,23666632;-0,46598175
-1,23166632;-1,39948320
-1,22666632;-1,39948320
-1,22166632;-2,33298445
-1,21666632;-0,46598175
-1,21166632;-2,33298445
-1,20666632;-0,93196350
-1,20166632;-1,39948320
-1,19666632;-1,39948320
-1,19166632;-0,93196350
-1,18666632;-0,93196350
-1,18166632;-0,46598175
-1,17666632;0,00000000
-1,17166632;0,00000000
-1,16666632;0,46598175
-1,16166632;0,93196350
-1,15666632;0,93196350
-1,15166632;1,39948320
-1,14666632;0,46598175
-1,14166632;0,93196350
-1,13666632;1,39948320
-1,13166632;0,93196350
-1,12666632;1,39948320
-1,12166632;0,46598175
-1,11666632;1,39948320
-1,11166632;0,93196350
-1,10666632;1,39948320
-1,10166632;0,46598175
-1,09666632;1,86546493
-1,09166632;0,93196350
-1,08666632;0,00000000
-1,08166632;-0,46598175
-1,07666632;0,00000000
-1,07166632;-0,46598175
-1,06666632;-4,66596889
-1,06166632;0,00000000
-1,05666632;-0,93196350
-1,05166632;0,00000000
-1,04666632;-1,39948320
-1,04166632;-1,39948320
-1,03666632;-1,39948320
-1,03166632;-1,39948320
-1,02666632;-2,33298445
-1,02166632;-1,39948320
-1,01666632;-1,39948320
-1,01166632;-2,33298445
-1,00666632;-1,39948320
-1,00166632;-1,39948320
-0,99666632;-0,93196350
-0,99166633;-0,46598175
-0,98666633;0,00000000
-0,98166633;-0,93196350
-0,97666633;-0,46598175
-0,97166633;0,46598175
-0,96666633;1,39948320
-0,96166633;0,46598175
-0,95666633;0,93196350
-0,95166633;0,00000000
-0,94666633;0,00000000
-0,94166633;-0,93196350
-0,93666633;-0,93196350
-0,93166633;0,00000000
-0,92666633;-1,86546493
-0,92166633;-1,39948320
-0,91666633;-1,86546493
-0,91166633;-1,86546493
-0,90666633;-1,86546493
-0,90166633;-2,33298445
-0,89666633;-1,86546493
-0,89166633;-2,79896641
-0,88666633;-3,26648593
-0,88166633;-3,26648593
-0,87666633;-3,73246789
-0,87166633;-3,26648593
-0,86666633;-3,73246789
-0,86166633;-3,73246789
-0,85666633;-1,86546493
-0,85166633;-2,33298445
-0,84666633;-3,26648593
-0,84166633;-2,79896641
-0,83666633;-2,79896641
-0,83166633;-1,86546493
-0,82666633;-1,86546493
-0,82166633;-2,79896641
-0,81666633;-3,26648593
-0,81166633;-2,79896641
-0,80666633;-2,33298445
-0,80166633;-1,86546493
-0,79666633;-2,33298445
-0,79166633;-1,39948320
-0,78666633;-0,93196350
-0,78166633;-1,39948320
-0,77666633;-1,39948320
-0,77166633;-1,39948320
-0,76666633;-2,33298445
-0,76166633;-1,86546493
-0,75666633;-1,39948320
-0,75166633;-1,39948320
-0,74666633;-1,39948320
-0,74166633;-2,79896641
-0,73666633;-0,93196350
-0,73166633;-1,86546493
-0,72666633;-1,39948320
-0,72166633;-1,86546493
-0,71666633;-0,93196350
-0,71166633;0,00000000
-0,70666633;-1,39948320
-0,70166633;-1,86546493
-0,69666633;-0,93196350
-0,69166633;-1,39948320
-0,68666633;-1,39948320
-0,68166633;0,00000000
-0,67666633;-0,46598175
-0,67166633;-0,93196350
-0,66666633;-0,93196350
-0,66166633;0,00000000
-0,65666633;-0,93196350
-0,65166633;-0,46598175
-0,64666633;0,00000000
-0,64166633;-0,93196350
-0,63666633;-1,39948320
-0,63166633;-1,39948320
-0,62666633;-1,86546493
-0,62166633;-1,86546493
-0,61666633;-2,33298445
-0,61166633;-1,39948320
-0,60666633;-1,39948320
-0,60166633;-1,39948320
-0,59666634;5,13348866
-0,59166634;-1,39948320
-0,58666634;-1,39948320
-0,58166634;-0,93196350
-0,57666634;-1,39948320
-0,57166634;-1,39948320
-0,56666634;-1,86546493
-0,56166634;-1,39948320
-0,55666634;-0,93196350
-0,55166634;-0,93196350
-0,54666634;-1,86546493
-0,54166634;-0,46598175
-0,53666634;0,00000000
-0,53166634;-0,93196350
-0,52666634;-1,86546493
-0,52166634;-0,46598175
-0,51666634;-1,86546493
-0,51166634;-1,39948320
-0,50666634;-0,46598175
-0,50166634;-0,93196350
-0,49666634;-9,80099583
-0,49166634;-1,39948320
-0,48666634;-1,39948320
-0,48166634;-0,93196350
-0,47666634;-1,39948320
-0,47166634;-1,39948320
-0,46666634;-0,93196350
-0,46166634;0,00000000
-0,45666634;0,00000000
-0,45166634;-1,39948320
-0,44666634;-2,33298445
-0,44166634;-2,33298445
-0,43666634;-3,26648593
-0,43166634;-2,79896641
-0,42666634;-2,79896641
-0,42166634;-3,73246789
-0,41666634;-1,86546493
-0,41166634;-3,73246789
-0,40666634;-5,13348866
-0,40166634;-5,59947062
-0,39666634;-8,39997482
-0,39166634;-5,59947062
-0,38666634;-7,00049162
-0,38166634;-7,00049162
-0,37666634;-9,33347607
-0,37166634;-8,86749458
-0,36666634;-9,80099583
-0,36166634;-9,80099583
-0,35666634;-10,73449707
-0,35166634;-10,26697731
-0,34666634;-10,73449707
-0,34166634;-10,73449707
-0,33666634;-11,66799831
-0,33166634;-10,73449707
-0,32666634;-9,80099583
-0,32166634;-9,80099583
-0,31666634;-7,46647358
-0,31166634;-8,39997482
-0,30666634;-5,13348866
-0,30166634;-5,13348866
-0,29666634;-3,26648593
-0,29166634;-3,26648593
-0,28666634;-3,26648593
-0,28166634;-1,39948320
-0,27666634;-0,93196350
-0,27166634;-1,86546493
-0,26666634;-2,33298445
-0,26166634;-3,26648593
-0,25666634;-3,26648593
-0,25166634;-4,66596889
-0,24666634;-3,73246789
-0,24166634;-5,13348866
-0,23666634;-5,59947062
-0,23166634;-5,59947062
-0,22666634;-6,06699038
-0,22166634;-4,66596889
-0,21666634;-4,66596889
-0,21166634;-4,19998741
-0,20666634;-4,66596889
-0,20166634;-3,73246789
-0,19666635;-3,73246789
-0,19166635;-2,79896641
-0,18666635;-2,33298445
-0,18166635;-3,26648593
-0,17666635;-2,79896641
-0,17166635;-3,26648593
-0,16666635;-3,73246789
-0,16166635;-3,26648593
-0,15666635;-3,26648593
-0,15166635;-3,26648593
-0,14666635;-2,79896641
-0,14166635;-4,19998741
-0,13666635;-2,33298445
-0,13166635;-2,33298445
-0,12666635;0,00000000
-0,12166635;-1,39948320
-0,11666635;-1,86546493
-0,11166635;1,39948320
-0,10666635;-1,39948320
-0,10166635;-0,93196350
-0,09666635;-0,93196350
-0,09166635;-1,86546493
-0,08666635;-1,86546493
-0,08166635;-1,86546493
-0,07666635;-2,33298445
-0,07166635;-2,33298445
-0,06666635;-2,33298445
-0,06166635;-2,33298445
-0,05666635;-2,79896641
-0,05166635;-2,79896641
-0,04666635;-2,33298445
-0,04166635;-1,86546493
-0,03666635;-2,79896641
-0,03166635;-0,93196350
-0,02666635;0,00000000
-0,02166635;0,00000000
-0,01666635;0,93196350
-0,01166635;1,39948320
-0,00666635;1,86546493
-0,00166635;1,86546493
0,00333365;3,26648593
0,00833365;2,79896641
0,01333365;2,79896641
0,01833365;2,79896641
0,02333365;1,86546493
0,02833365;2,79896641
0,03333365;1,39948320
0,03833365;0,93196350
0,04333365;1,86546493
0,04833365;0,46598175
0,05333365;-0,46598175
0,05833365;-0,46598175
0,06333365;-0,46598175
0,06833365;-0,93196350
0,07333365;-1,39948320
0,07833365;-1,39948320
0,08333365;-2,33298445
0,08833365;-1,39948320
0,09333365;-1,39948320
0,09833365;-1,39948320
0,10333365;-3,26648593
0,10833365;-2,33298445
0,11333365;-2,33298445
0,11833365;-2,33298445
0,12333365;-2,33298445
0,12833365;-2,79896641
0,13333365;-2,79896641
0,13833365;-2,79896641
0,14333365;-2,79896641
0,14833365;-3,73246789
0,15333365;-2,79896641
0,15833365;-3,26648593
0,16333365;-3,26648593
0,16833365;-2,79896641
0,17333365;-3,73246789
0,17833365;-2,79896641
0,18333365;-3,26648593
0,18833365;-3,26648593
0,19333365;-3,73246789
0,19833364;-4,19998741
0,20333364;-3,73246789
0,20833364;-3,26648593
0,21333364;-5,13348866
0,21833364;-5,59947062
0,22333364;-5,59947062
0,22833364;-6,06699038
0,23333364;-6,53297186
0,23833364;-6,06699038
0,24333364;-7,00049162
0,24833364;-9,33347607
0,25333364;-7,00049162
0,25833364;-7,93399334
0,26333364;-8,39997482
0,26833364;-7,46647358
0,27333364;-8,39997482
0,27833364;-8,39997482
0,28333364;-8,39997482
0,28833364;-5,59947062
0,29333364;-8,39997482
0,29833364;-7,93399334
0,30333364;-8,86749458
0,30833364;-8,86749458
0,31333364;-8,86749458
0,31833364;-7,46647358
0,32333364;-8,86749458
0,32833364;-8,39997482
0,33333364;-9,33347607
0,33833364;-8,86749458
0,34333364;-8,39997482
0,34833364;-8,39997482
0,35333364;-7,46647358
0,35833364;-8,39997482
0,36333364;-8,39997482
0,36833364;-8,39997482
0,37333364;-7,46647358
0,37833364;-8,39997482
0,38333364;-8,86749458
0,38833364;-8,39997482
0,39333364;-8,86749458
0,39833364;-8,39997482
0,40333364;-9,33347607
0,40833364;-8,39997482
0,41333364;-8,86749458
0,41833364;-9,80099583
0,42333364;-9,80099583
0,42833364;-8,86749458
0,43333364;-8,86749458
0,43833364;-7,93399334
0,44333364;-6,53297186
0,44833364;-7,00049162
0,45333364;-5,13348866
0,45833364;-4,66596889
0,46333364;-4,19998741
0,46833364;-3,26648593
0,47333364;-2,79896641
0,47833364;-1,86546493
0,48333364;-2,33298445
0,48833364;0,46598175
0,49333364;-1,39948320
0,49833364;-1,39948320
0,50333364;-1,86546493
0,50833364;-1,86546493
0,51333364;-1,86546493
0,51833364;-1,86546493
0,52333364;-3,26648593
0,52833364;-3,26648593
0,53333364;-4,19998741
0,53833364;-3,73246789
0,54333364;-5,59947062
0,54833364;-5,13348866
0,55333364;-5,13348866
0,55833364;-5,13348866
0,56333364;-4,19998741
0,56833364;-3,73246789
0,57333364;-3,73246789
0,57833364;-3,73246789
0,58333364;-2,79896641
0,58833364;-2,79896641
0,59333363;-1,86546493
0,59833363;-1,86546493
0,60333363;-0,46598175
0,60833363;-0,93196350
0,61333363;0,00000000
0,61833363;0,00000000
0,62333363;0,00000000
0,62833363;0,93196350
0,63333363;0,93196350
0,63833363;0,93196350
0,64333363;0,93196350
0,64833363;1,39948320
0,65333363;1,39948320
0,65833363;1,39948320
0,66333363;1,39948320
0,66833363;0,46598175
0,67333363;1,39948320
0,67833363;0,46598175
0,68333363;0,46598175
0,68833363;0,46598175
0,69333363;0,46598175
0,69833363;-0,93196350
0,70333363;-0,46598175
0,70833363;0,00000000
0,71333363;0,46598175
0,71833363;0,93196350
0,72333363;0,00000000
0,72833363;0,46598175
0,73333363;0,93196350
0,73833363;0,93196350
0,74333363;0,93196350
0,74833363;0,93196350
0,75333363;0,93196350
0,75833363;0,93196350
0,76333363;0,46598175
0,76833363;0,46598175
0,77333363;0,00000000
0,77833363;0,00000000
0,78333363;-0,46598175
0,78833363;-0,46598175
0,79333363;-0,93196350
0,79833363;-0,93196350
0,80333363;-1,39948320
0,80833363;-1,39948320
0,81333363;-1,86546493
0,81833363;-1,39948320
0,82333363;-2,33298445
0,82833363;-1,39948320
0,83333363;-1,39948320
0,83833363;-1,86546493
0,84333363;-1,39948320
0,84833363;-0,93196350
0,85333363;0,00000000
0,85833363;-1,39948320
0,86333363;0,00000000
0,86833363;0,00000000
0,87333363;0,00000000
0,87833363;-0,93196350
0,88333363;-0,46598175
0,88833363;-2,79896641
0,89333363;0,00000000
0,89833363;0,00000000
0,90333363;-0,46598175
0,90833363;0,46598175
0,91333363;1,39948320
0,91833363;1,86546493
0,92333363;0,93196350
0,92833363;0,93196350
0,93333363;1,39948320
0,93833363;1,86546493
0,94333363;0,93196350
0,94833363;0,93196350
0,95333363;1,39948320
0,95833363;0,93196350
0,96333363;0,46598175
0,96833363;0,46598175
0,97333363;0,00000000
0,97833363;0,00000000
0,98333363;-0,46598175
0,98833362;-0,93196350
0,99333362;-0,93196350
0,99833362;-1,86546493
1,00333362;-1,39948320
1,00833362;-2,33298445
1,01333362;-12,13398075
1,01833362;-1,39948320
1,02333362;-0,93196350
1,02833362;-1,39948320
1,03333362;-0,46598175
1,03833362;-0,93196350
1,04333362;-0,46598175
1,04833362;0,00000000
1,05333362;-0,46598175
1,05833362;-1,86546493
1,06333362;-0,93196350
1,06833362;-0,46598175
1,07333362;0,46598175
1,07833362;0,00000000
1,08333362;-0,46598175
1,08833362;-1,86546493
1,09333362;0,46598175
1,09833362;-0,93196350
1,10333362;-0,46598175
1,10833362;0,00000000
1,11333362;0,46598175
1,11833362;0,46598175
1,12333362;0,93196350
1,12833362;0,46598175
1,13333362;0,46598175
1,13833362;0,93196350
1,14333362;1,39948320
1,14833362;0,93196350
1,15333362;0,46598175
1,15833362;0,93196350
1,16333362;6,53297186
1,16833362;1,39948320
1,17333362;0,93196350
1,17833362;1,86546493
1,18333362;1,39948320
1,18833362;1,39948320
1,19333362;1,39948320
1,19833362;1,39948320
1,20333362;1,86546493
1,20833362;0,93196350
1,21333362;0,93196350
1,21833362;2,33298445
1,22333362;1,86546493
1,22833362;2,79896641
1,23333362;2,79896641
1,23833362;2,79896641
1,24333362;2,79896641
1,24833362;2,79896641
1,25333362;2,79896641
1,25833362;3,73246789
1,26333362;3,73246789
1,26833362;3,26648593
1,27333362;3,26648593
1,27833362;3,73246789
1,28333362;3,73246789
1,28833362;3,26648593
1,29333362;2,79896641
1,29833362;3,73246789
1,30333362;3,26648593
1,30833362;3,73246789
1,31333362;3,26648593
1,31833362;2,33298445
1,32333362;2,79896641
1,32833362;2,33298445
1,33333362;3,26648593
1,33833362;1,86546493
1,34333362;1,86546493
1,34833362;2,33298445
1,35333362;1,86546493
1,35833362;1,86546493
1,36333362;0,46598175
1,36833362;1,39948320
1,37333362;1,39948320
1,37833362;2,33298445
1,38333361;0,93196350
1,38833361;0,46598175
1,39333361;0,00000000
1,39833361;0,00000000
1,40333361;0,93196350
1,40833361;0,00000000
1,41333361;-0,46598175
1,41833361;0,00000000
1,42333361;0,00000000
1,42833361;0,00000000
1,43333361;-0,93196350
1,43833361;-0,93196350
1,44333361;-1,39948320
1,44833361;-1,86546493
1,45333361;-2,33298445
1,45833361;-3,26648593
1,46333361;-3,26648593
1,46833361;-4,19998741
1,47333361;-3,73246789
1,47833361;-4,19998741
1,48333361;-5,13348866
1,48833361;-5,59947062
1,49333361;-7,00049162
1,49833361;-6,53297186
1,50333361;-7,93399334
1,50833361;-7,93399334
1,51333361;-7,46647358
1,51833361;-7,93399334
1,52333361;-8,86749458
1,52833361;-9,33347607
1,53333361;-9,33347607
1,53833361;-9,80099583
1,54333361;-9,33347607
1,54833361;-10,73449707
1,55333361;-9,80099583
1,55833361;-10,26697731
1,56333361;-9,80099583
1,56833361;-8,86749458
1,57333361;-8,39997482
1,57833361;-7,46647358
1,58333361;-7,46647358
1,58833361;-5,59947062
1,59333361;-4,66596889
1,59833361;-3,26648593
1,60333361;-2,79896641
1,60833361;-1,86546493
1,61333361;-0,93196350
1,61833361;-0,46598175
1,62333361;-0,46598175
1,62833361;0,46598175
1,63333361;-0,46598175
1,63833361;-0,46598175
1,64333361;-1,39948320
1,64833361;-1,39948320
1,65333361;-1,39948320
1,65833361;-2,33298445
1,66333361;-2,33298445
1,66833361;-1,39948320
1,67333361;-1,86546493
1,67833361;-1,39948320
1,68333361;-1,39948320
1,68833361;0,46598175
1,69333361;-0,93196350
1,69833361;0,00000000
1,70333361;1,86546493
1,70833361;0,46598175
1,71333361;1,39948320
1,71833361;3,73246789
1,72333361;0,46598175
1,72833361;1,86546493
1,73333361;0,46598175
1,73833361;1,86546493
1,74333361;1,39948320
1,74833361;0,93196350
1,75333361;1,39948320
1,75833361;2,33298445
1,76333361;1,86546493
1,76833361;2,79896641
1,77333361;2,79896641
1,77833360;3,26648593
1,78333360;3,73246789
1,78833360;3,73246789
1,79333360;3,73246789
1,79833360;3,26648593
1,80333360;2,79896641
1,80833360;3,26648593
1,81333360;2,79896641
1,81833360;3,73246789
1,82333360;1,86546493
1,82833360;1,86546493
1,83333360;1,39948320
1,83833360;1,86546493
1,84333360;2,79896641
1,84833360;1,86546493
1,85333360;1,39948320
1,85833360;2,33298445
1,86333360;3,26648593
1,86833360;3,26648593
1,87333360;2,79896641
1,87833360;21,00147629
1,88333360;4,66596889
1,88833360;6,06699038
1,89333360;4,66596889
1,89833360;5,13348866
1,90333360;5,59947062
1,90833360;4,66596889
1,91333360;5,59947062
1,91833360;5,13348866
1,92333360;5,13348866
1,92833360;4,66596889
1,93333360;3,73246789
1,93833360;4,19998741
1,94333360;2,33298445
1,94833360;2,33298445
1,95333360;2,33298445
1,95833360;1,39948320
1,96333360;0,46598175
1,96833360;2,33298445
1,97333360;-0,46598175
1,97833360;0,00000000
1,98333360;0,93196350
1,98833360;-1,39948320
1,99333360;-0,46598175
1,99833360;-0,93196350
2,00333360;-0,46598175
2,00833360;-0,93196350
2,01333360;-0,46598175
2,01833360;-0,93196350
2,02333360;-0,93196350
2,02833360;-0,46598175
2,03333360;-0,93196350
2,03833360;-0,93196350
2,04333360;-0,46598175
2,04833360;0,46598175
2,05333360;0,93196350
2,05833360;1,39948320
2,06333360;0,93196350
2,06833360;1,39948320
2,07333360;1,86546493
2,07833360;0,46598175
2,08333360;0,93196350
2,08833360;0,46598175
2,09333360;0,00000000
2,09833360;-0,93196350
2,10333360;-0,93196350
2,10833360;-1,39948320
2,11333360;-1,39948320
2,11833360;-2,33298445
2,12333360;-0,93196350
2,12833360;-1,39948320
2,13333360;-1,86546493
2,13833360;-2,33298445
2,14333360;-1,86546493
2,14833360;-1,39948320
2,15333360;-2,33298445
2,15833360;-1,86546493
2,16333360;-1,39948320
2,16833360;-1,86546493
2,17333360;-1,86546493
2,17833359;-3,26648593
2,18333359;-2,33298445
2,18833359;-2,79896641
2,19333359;-4,19998741
2,19833359;-3,26648593
2,20333359;-3,73246789
2,20833359;-3,73246789
2,21333359;-4,66596889
2,21833359;-4,19998741
2,22333359;-4,66596889
2,22833359;-5,59947062
2,23333359;-5,13348866
2,23833359;-6,06699038
2,24333359;-6,53297186
2,24833359;-6,06699038
2,25333359;-6,53297186
2,25833359;-7,00049162
2,26333359;-7,93399334
2,26833359;-7,46647358
2,27333359;-7,93399334
2,27833359;-7,93399334
2,28333359;-7,93399334
2,28833359;-7,93399334
2,29333359;-7,46647358
2,29833359;-8,39997482
2,30333359;-7,93399334
2,30833359;-8,39997482
2,31333359;-8,39997482
2,31833359;-7,46647358
2,32333359;-7,00049162
2,32833359;-7,00049162
2,33333359;-5,59947062
2,33833359;-5,13348866
2,34333359;-4,19998741
2,34833359;-3,26648593
2,35333359;-2,33298445
2,35833359;-1,39948320
2,36333359;-0,93196350
2,36833359;-0,93196350
2,37333359;0,46598175
2,37833359;0,93196350
2,38333359;0,46598175
2,38833359;2,33298445
2,39333359;0,93196350
2,39833359;0,93196350
2,40333359;0,00000000
2,40833359;-0,46598175
2,41333359;-0,93196350
2,41833359;-0,93196350
2,42333359;-1,86546493
2,42833359;-1,86546493
2,43333359;-2,79896641
2,43833359;-2,33298445
2,44333359;-1,86546493
2,44833359;-2,33298445
2,45333359;-2,33298445
2,45833359;-2,79896641
2,46333359;-4,66596889
2,46833359;-2,33298445
2,47333359;-1,39948320
2,47833359;-0,93196350
2,48333359;0,00000000
2,48833359;-0,46598175
2,49333359;-0,46598175
2,49833359;0,93196350
2,50333359;0,93196350
2,50833359;1,86546493
2,51333359;1,86546493
2,51833359;2,33298445
2,52333359;2,79896641
2,52833359;2,79896641
2,53333359;4,19998741
2,53833359;3,73246789
2,54333359;4,19998741
2,54833359;4,19998741
2,55333359;4,66596889
2,55833359;4,19998741
2,56333359;4,19998741
2,56833359;4,66596889
2,57333358;5,13348866
2,57833358;4,66596889
2,58333358;3,73246789
2,58833358;4,19998741
2,59333358;3,73246789
2,59833358;4,19998741
2,60333358;3,26648593
2,60833358;3,26648593
2,61333358;4,19998741
2,61833358;2,79896641
2,62333358;3,26648593
2,62833358;4,19998741
2,63333358;4,19998741
2,63833358;4,66596889
2,64333358;5,59947062
2,64833358;6,53297186
2,65333358;6,06699038
2,65833358;7,00049162
2,66333358;5,59947062
2,66833358;6,53297186
2,67333358;7,00049162
2,67833358;6,06699038
2,68333358;5,59947062
2,68833358;4,66596889
2,69333358;3,73246789
2,69833358;3,73246789
2,70333358;2,79896641
2,70833358;2,79896641
2,71333358;1,39948320
2,71833358;0,93196350
2,72333358;1,39948320
2,72833358;0,93196350
2,73333358;-1,39948320
2,73833358;0,46598175
2,74333358;0,46598175
2,74833358;0,93196350
2,75333358;1,39948320
2,75833358;0,46598175
2,76333358;1,39948320
2,76833358;1,39948320
2,77333358;1,39948320
2,77833358;1,39948320
2,78333358;1,39948320
2,78833358;1,86546493
2,79333358;2,33298445
2,79833358;2,33298445
2,80333358;1,39948320
2,80833358;2,33298445
2,81333358;2,79896641
2,81833358;1,86546493
2,82333358;2,33298445
2,82833358;2,79896641
2,83333358;1,86546493
2,83833358;2,79896641
2,84333358;3,26648593
2,84833358;3,26648593
2,85333358;3,26648593
2,85833358;3,26648593
2,86333358;2,33298445
2,86833358;2,33298445
2,87333358;2,33298445
2,87833358;2,79896641
2,88333358;2,33298445
2,88833358;1,39948320
2,89333358;0,93196350
2,89833358;0,93196350
2,90333358;0,93196350
2,90833358;1,39948320
2,91333358;1,39948320
2,91833358;0,93196350
2,92333358;0,46598175
2,92833358;0,46598175
2,93333358;0,93196350
2,93833358;1,39948320
2,94333358;0,46598175
2,94833358;0,93196350
2,95333358;1,86546493
2,95833358;1,86546493
2,96333358;1,86546493
2,96833357;1,86546493
2,97333357;1,39948320
2,97833357;2,33298445
2,98333357;2,33298445
2,98833357;2,33298445
2,99333357;2,33298445
2,99833357;2,79896641
3,00333357;3,73246789
3,00833357;3,26648593
3,01333357;4,66596889
3,01833357;3,73246789
3,02333357;3,73246789
3,02833357;2,79896641
3,03333357;4,19998741
3,03833357;3,73246789
3,04333357;3,73246789
3,04833357;4,19998741
3,05333357;3,73246789
3,05833357;3,26648593
3,06333357;4,19998741
3,06833357;4,19998741
3,07333357;4,19998741
3,07833357;4,66596889
3,08333357;3,73246789
3,08833357;4,66596889
3,09333357;5,13348866
3,09833357;5,59947062
3,10333357;5,59947062
3,10833357;5,13348866
3,11333357;4,66596889
3,11833357;5,13348866
3,12333357;4,66596889
3,12833357;5,13348866
3,13333357;4,66596889
3,13833357;4,66596889
3,14333357;3,73246789
3,14833357;5,13348866
3,15333357;5,13348866
3,15833357;3,73246789
3,16333357;4,66596889
3,16833357;5,59947062
3,17333357;4,19998741
3,17833357;4,19998741
3,18333357;4,19998741
3,18833357;5,13348866
3,19333357;4,19998741
3,19833357;5,13348866
3,20333357;4,19998741
3,20833357;4,19998741
3,21333357;3,73246789
3,21833357;3,73246789
3,22333357;4,19998741
3,22833357;2,79896641
3,23333357;3,73246789
3,23833357;4,19998741
3,24333357;3,26648593
3,24833357;4,19998741
3,25333357;3,26648593
3,25833357;2,33298445
3,26333357;1,86546493
3,26833357;1,86546493
3,27333357;1,86546493
3,27833357;1,39948320
3,28333357;1,86546493
3,28833357;1,86546493
3,29333357;1,86546493
3,29833357;1,39948320
3,30333357;1,86546493
3,30833357;0,93196350
3,31333357;1,86546493
3,31833357;1,39948320
3,32333357;2,33298445
3,32833357;2,33298445
3,33333357;1,86546493
3,33833357;2,79896641
3,34333357;1,86546493
3,34833357;0,93196350
3,35333357;0,93196350
3,35833357;0,93196350
3,36333356;0,93196350
3,36833356;0,93196350
3,37333356;0,00000000
3,37833356;0,00000000
3,38333356;0,00000000
3,38833356;0,00000000
3,39333356;-1,39948320
3,39833356;-1,39948320
3,40333356;-2,33298445
3,40833356;-2,33298445
3,41333356;-3,26648593
3,41833356;-3,26648593
3,42333356;-3,26648593
3,42833356;-2,33298445
3,43333356;-5,59947062
3,43833356;-5,13348866
3,44333356;-5,13348866
3,44833356;-7,00049162
3,45333356;-7,00049162
3,45833356;-6,53297186
3,46333356;-6,53297186
3,46833356;-7,46647358
3,47333356;-6,06699038
3,47833356;-5,59947062
3,48333356;-6,53297186
3,48833356;-3,73246789
3,49333356;-3,26648593
3,49833356;-1,86546493
3,50333356;-0,93196350
3,50833356;1,39948320
3,51333356;0,93196350
3,51833356;5,13348866
3,52333356;2,79896641
3,52833356;2,33298445
3,53333356;1,39948320
3,53833356;2,79896641
3,54333356;0,93196350
3,54833356;0,93196350
3,55333356;0,46598175
3,55833356;-1,39948320
3,56333356;-0,46598175
3,56833356;-1,86546493
3,57333356;-2,79896641
3,57833356;-2,79896641
3,58333356;-1,86546493
3,58833356;-1,86546493
3,59333356;-0,93196350
3,59833356;-0,93196350
3,60333356;-0,46598175
3,60833356;-0,93196350
3,61333356;-0,46598175
3,61833356;0,93196350
3,62333356;0,93196350
3,62833356;2,33298445
3,63333356;1,86546493
3,63833356;1,39948320
3,64333356;0,93196350
3,64833356;1,39948320
3,65333356;1,39948320
3,65833356;1,86546493
3,66333356;1,86546493
3,66833356;2,33298445
3,67333356;2,33298445
3,67833356;2,33298445
3,68333356;2,79896641
3,68833356;2,79896641
3,69333356;3,73246789
3,69833356;1,86546493
3,70333356;2,79896641
3,70833356;2,79896641
3,71333356;2,79896641
3,71833356;2,79896641
3,72333356;0,93196350
3,72833356;1,86546493
3,73333356;0,46598175
3,73833356;0,93196350
3,74333356;0,93196350
3,74833356;0,46598175
3,75333356;1,39948320
3,75833355;0,93196350
3,76333355;1,39948320
3,76833355;1,86546493
3,77333355;1,86546493
3,77833355;2,79896641
3,78333355;3,26648593
3,78833355;3,26648593
3,79333355;4,66596889
3,79833355;4,19998741
3,80333355;5,13348866
3,80833355;5,13348866
3,81333355;5,13348866
3,81833355;6,06699038
3,82333355;5,13348866
3,82833355;5,13348866
3,83333355;5,13348866
3,83833355;4,66596889
3,84333355;2,79896641
3,84833355;3,73246789
3,85333355;3,26648593
3,85833355;2,79896641
3,86333355;3,26648593
3,86833355;2,79896641
3,87333355;2,33298445
3,87833355;1,86546493
3,88333355;2,33298445
3,88833355;1,86546493
3,89333355;1,39948320
3,89833355;1,39948320
3,90333355;1,39948320
3,90833355;1,86546493
3,91333355;0,00000000
3,91833355;0,46598175
3,92333355;2,33298445
3,92833355;-0,46598175
3,93333355;-0,93196350
3,93833355;0,93196350
3,94333355;0,93196350
3,94833355;0,93196350
3,95333355;0,93196350
3,95833355;1,86546493
3,96333355;2,33298445
3,96833355;3,73246789
3,97333355;2,79896641
3,97833355;3,26648593
3,98333355;3,73246789
3,98833355;3,73246789
3,99333355;3,26648593
3,99833355;3,73246789
4,00333355;2,79896641
4,00833355;1,39948320
4,01333355;2,33298445
4,01833355;1,86546493
4,02333355;2,33298445
4,02833355;1,39948320
4,03333355;0,46598175
4,03833355;0,46598175
4,04333355;-0,46598175
4,04833355;-0,93196350
4,05333355;-1,86546493
4,05833355;-1,39948320
4,06333355;-1,39948320
4,06833355;-1,86546493
4,07333355;-2,33298445
4,07833355;-2,33298445
4,08333355;-2,33298445
4,08833355;-2,33298445
4,09333355;-1,86546493
4,09833355;-2,33298445
4,10333355;-2,79896641
4,10833355;-2,33298445
4,11333355;-3,26648593
4,11833355;-2,79896641
4,12333355;-3,73246789
4,12833355;-3,73246789
4,13333355;-4,19998741
4,13833355;-3,26648593
4,14333355;-3,73246789
4,14833355;-4,19998741
4,15333354;-5,13348866
4,15833354;-4,66596889
4,16333354;-5,13348866
4,16833354;-5,59947062
4,17333354;-6,06699038
4,17833354;-7,46647358
4,18333354;-5,59947062
4,18833354;-7,93399334
4,19333354;-7,46647358
4,19833354;-7,46647358
4,20333354;-8,39997482
4,20833354;-7,46647358
4,21333354;-8,86749458
4,21833354;-8,39997482
4,22333354;-7,93399334
4,22833354;-8,39997482
4,23333354;-7,46647358
4,23833354;-6,06699038
4,24333354;-6,53297186
4,24833354;-5,13348866
4,25333354;-4,19998741
4,25833354;-3,26648593
4,26333354;-1,86546493
4,26833354;-1,39948320
4,27333354;-0,46598175
4,27833354;0,93196350
4,28333354;0,46598175
4,28833354;1,39948320
4,29333354;1,39948320
4,29833354;0,93196350
4,30333354;0,00000000
4,30833354;0,46598175
4,31333354;0,93196350
4,31833354;-0,46598175
4,32333354;-1,39948320
4,32833354;-0,93196350
4,33333354;-1,86546493
4,33833354;-1,86546493
4,34333354;-2,33298445
4,34833354;-3,26648593
4,35333354;-1,86546493
4,35833354;-1,86546493
4,36333354;-1,86546493
4,36833354;-1,39948320
4,37333354;-1,39948320
4,37833354;0,00000000
4,38333354;0,46598175
4,38833354;0,00000000
4,39333354;0,93196350
4,39833354;0,93196350
4,40333354;0,93196350
4,40833354;1,39948320
4,41333354;2,33298445
4,41833354;2,33298445
4,42333354;3,26648593
4,42833354;4,19998741
4,43333354;3,26648593
4,43833354;3,73246789
4,44333354;2,79896641
4,44833354;3,73246789
4,45333354;3,73246789
4,45833354;3,26648593
4,46333354;4,66596889
4,46833354;3,73246789
4,47333354;4,19998741
4,47833354;3,73246789
4,48333354;3,26648593
4,48833354;3,73246789
4,49333354;3,26648593
4,49833354;2,79896641
4,50333354;2,33298445
4,50833354;3,26648593
4,51333354;3,26648593
4,51833354;-12,60150051
4,52333354;4,19998741
4,52833354;4,66596889
4,53333354;3,26648593
4,53833354;5,59947062
4,54333354;4,66596889
4,54833354;5,59947062
4,55333353;5,59947062
4,55833353;4,66596889
4,56333353;4,19998741
4,56833353;5,13348866
4,57333353;3,73246789
4,57833353;4,66596889
4,58333353;3,73246789
4,58833353;3,26648593
4,59333353;3,26648593
4,59833353;2,79896641
4,60333353;2,33298445
4,60833353;1,86546493
4,61333353;2,79896641
4,61833353;2,79896641
4,62333353;2,33298445
4,62833353;1,86546493
4,63333353;2,33298445
4,63833353;1,39948320
4,64333353;0,00000000
4,64833353;0,93196350
4,65333353;0,93196350
4,65833353;0,00000000
4,66333353;0,00000000
4,66833353;0,46598175
4,67333353;0,46598175
4,67833353;0,00000000
4,68333353;-1,39948320
4,68833353;-0,93196350
4,69333353;-0,46598175
4,69833353;-0,93196350
4,70333353;-0,46598175
4,70833353;0,00000000
4,71333353;0,46598175
4,71833353;0,46598175
4,72333353;1,39948320
4,72833353;0,93196350
4,73333353;1,86546493
4,73833353;3,73246789
4,74333353;1,86546493
4,74833353;2,33298445
4,75333353;1,39948320
4,75833353;1,86546493
4,76333353;1,86546493
4,76833353;1,39948320
4,77333353;0,93196350
4,77833353;1,39948320
4,78333353;0,00000000
4,78833353;0,46598175
4,79333353;0,46598175
4,79833353;-0,46598175
4,80333353;0,00000000
4,80833353;0,46598175
4,81333353;-0,93196350
4,81833353;-0,93196350
4,82333353;0,00000000
4,82833353;0,00000000
4,83333353;0,46598175
4,83833353;0,00000000
4,84333353;0,46598175
4,84833353;-0,46598175
4,85333353;0,00000000
4,85833353;-0,93196350
4,86333353;0,00000000
4,86833353;-0,46598175
4,87333353;0,46598175
4,87833353;0,00000000
4,88333353;0,46598175
4,88833353;-0,46598175
4,89333353;0,00000000
4,89833353;0,93196350
4,90333353;1,39948320
4,90833353;0,93196350
4,91333353;0,93196350
4,91833353;1,86546493
4,92333353;1,39948320
4,92833353;2,33298445
4,93333353;2,33298445
4,93833353;2,79896641
4,94333353;2,79896641
4,94833352;3,73246789
4,95333352;2,79896641
4,95833352;3,26648593
4,96333352;3,26648593
4,96833352;4,19998741
4,97333352;2,79896641
4,97833352;2,33298445
4,98333352;1,86546493
4,98833352;2,79896641
4,99333352;2,79896641
4,99833352;2,33298445
5,00333352;2,33298445
5,00833352;2,79896641
5,01333352;2,33298445
5,01833352;3,26648593
5,02333352;2,79896641
5,02833352;3,26648593
5,03333352;3,73246789
5,03833352;4,66596889
5,04333352;3,26648593
5,04833352;3,73246789
5,05333352;4,19998741
5,05833352;3,26648593
5,06333352;3,73246789
5,06833352;4,19998741
5,07333352;3,26648593
5,07833352;3,73246789
5,08333352;3,26648593
5,08833352;3,26648593
5,09333352;2,33298445
5,09833352;1,86546493
5,10333352;1,39948320
5,10833352;2,33298445
5,11333352;1,86546493
5,11833352;1,39948320
5,12333352;1,86546493
5,12833352;1,39948320
5,13333352;0,46598175
5,13833352;0,46598175
5,14333352;0,46598175
5,14833352;0,46598175
5,15333352;-0,46598175
5,15833352;0,00000000
5,16333352;-0,46598175
5,16833352;-1,39948320
5,17333352;-1,39948320
5,17833352;0,00000000
5,18333352;-1,39948320
5,18833352;-1,86546493
5,19333352;-1,86546493
5,19833352;-1,86546493
5,20333352;-2,33298445
5,20833352;-2,79896641
5,21333352;-2,33298445
5,21833352;-2,33298445
5,22333352;-2,33298445
5,22833352;0,00000000
5,23333352;-1,39948320
5,23833352;-2,33298445
5,24333352;-2,79896641
5,24833352;-2,79896641
5,25333352;-2,79896641
5,25833352;-3,26648593
5,26333352;-3,26648593
5,26833352;-3,73246789
5,27333352;-3,73246789
5,27833352;-4,66596889
5,28333352;-5,59947062
5,28833352;-5,13348866
5,29333352;-5,59947062
5,29833352;-6,06699038
5,30333352;-6,06699038
5,30833352;-6,06699038
5,31333352;-7,46647358
5,31833352;-7,93399334
5,32333352;-7,93399334
5,32833352;-8,39997482
5,33333352;-8,86749458
5,33833352;-8,86749458
5,34333351;-9,33347607
5,34833351;-10,26697731
5,35333351;-10,73449707
5,35833351;-10,73449707
5,36333351;-10,73449707
5,36833351;-10,73449707
5,37333351;-11,20047951
5,37833351;-10,73449707
5,38333351;-9,80099583
5,38833351;-8,86749458
5,39333351;-8,86749458
5,39833351;-8,39997482
5,40333351;-6,06699038
5,40833351;-5,13348866
5,41333351;-4,19998741
5,41833351;-2,79896641
5,42333351;-2,33298445
5,42833351;-2,33298445
5,43333351;-0,46598175
5,43833351;-0,46598175
5,44333351;-1,86546493
5,44833351;-1,39948320
5,45333351;-9,80099583
5,45833351;-1,86546493
5,46333351;-2,79896641
5,46833351;-2,79896641
5,47333351;-4,66596889
5,47833351;-4,19998741
5,48333351;-4,19998741
5,48833351;-3,73246789
5,49333351;-4,19998741
5,49833351;-3,26648593
5,50333351;-3,26648593
5,50833351;-3,73246789
5,51333351;-2,79896641
5,51833351;-2,79896641
5,52333351;-2,33298445
5,52833351;-2,79896641
5,53333351;-3,26648593
5,53833351;-3,26648593
5,54333351;-3,26648593
5,54833351;-3,26648593
5,55333351;-3,26648593
5,55833351;-3,73246789
5,56333351;-3,73246789
5,56833351;-4,19998741
5,57333351;-4,66596889
5,57833351;-3,73246789
5,58333351;-4,19998741
5,58833351;-3,73246789
5,59333351;-3,26648593
5,59833351;-2,79896641
5,60333351;-2,79896641
5,60833351;-2,33298445
5,61333351;-2,79896641
5,61833351;-2,79896641
5,62333351;-3,73246789
5,62833351;-3,26648593
5,63333351;-3,26648593
5,63833351;-3,73246789
5,64333351;-3,26648593
5,64833351;-4,19998741
5,65333351;-3,26648593
5,65833351;-4,19998741
5,66333351;-3,73246789
5,66833351;-3,26648593
5,67333351;-4,19998741
5,67833351;-2,33298445
5,68333351;-1,86546493
5,68833351;-1,86546493
5,69333351;-0,46598175
5,69833351;-0,46598175
5,70333351;0,46598175
5,70833351;1,39948320
5,71333351;0,46598175
5,71833351;1,86546493
5,72333351;1,86546493
5,72833351;0,93196350
5,73333351;1,39948320
5,73833350;1,39948320
5,74333350;-0,46598175
5,74833350;0,00000000
5,75333350;-0,46598175
5,75833350;-0,93196350
5,76333350;-0,93196350
5,76833350;-1,86546493
5,77333350;-2,33298445
5,77833350;-1,86546493
5,78333350;-3,26648593
5,78833350;-2,33298445
5,79333350;-2,33298445
5,79833350;-1,86546493
5,80333350;-1,86546493
5,80833350;-2,33298445
5,81333350;-2,33298445
5,81833350;-2,33298445
5,82333350;-2,33298445
5,82833350;-1,39948320
5,83333350;-2,79896641
5,83833350;-2,79896641
5,84333350;-4,19998741
5,84833350;-2,79896641
5,85333350;-2,79896641
5,85833350;-2,79896641
5,86333350;-2,33298445
5,86833350;8,86749458
5,87333350;-1,86546493
5,87833350;-2,33298445
5,88333350;-1,86546493
5,88833350;-2,33298445
5,89333350;-1,86546493
5,89833350;-1,86546493
5,90333350;-2,33298445
5,90833350;-2,33298445
5,91333350;-2,79896641
5,91833350;-2,79896641
5,92333350;-4,66596889
5,92833350;-4,66596889
5,93333350;-4,19998741
5,93833350;-5,59947062
5,94333350;-5,59947062
5,94833350;-6,06699038
5,95333350;-6,53297186
5,95833350;-7,46647358
5,96333350;-7,46647358
5,96833350;-7,46647358
5,97333350;-7,93399334
5,97833350;-7,46647358
5,98333350;-8,39997482
5,98833350;-8,39997482
5,99333350;-9,33347607
5,99833350;-7,93399334
6,00333350;-8,39997482
6,00833350;-9,80099583
6,01333350;-9,33347607
6,01833350;-9,33347607
6,02333350;-9,33347607
6,02833350;-9,33347607
6,03333350;-10,26697731
6,03833350;-10,73449707
6,04333350;-10,73449707
6,04833350;-10,73449707
6,05333350;-11,20047951
6,05833350;-11,20047951
6,06333350;-10,26697731
6,06833350;-11,20047951
6,07333350;-11,20047951
6,07833350;-12,13398075
6,08333350;-11,66799831
6,08833350;-11,20047951
6,09333350;-11,66799831
6,09833350;-11,20047951
6,10333350;-11,20047951
6,10833350;-11,66799831
6,11333350;-11,20047951
6,11833350;-12,13398075
6,12333350;-10,26697731
6,12833350;-10,73449707
6,13333349;-11,20047951
6,13833349;-10,73449707
6,14333349;-10,73449707
6,14833349;-9,33347607
6,15333349;-8,86749458
6,15833349;-7,93399334
6,16333349;-7,93399334
6,16833349;-6,53297186
6,17333349;-5,13348866
6,17833349;-4,66596889
6,18333349;-4,19998741
6,18833349;-3,73246789
6,19333349;-3,73246789
6,19833349;-3,73246789
6,20333349;-3,26648593
6,20833349;-4,19998741
6,21333349;-4,19998741
6,21833349;-4,19998741
6,22333349;-6,06699038
6,22833349;-5,59947062
6,23333349;-6,06699038
6,23833349;-6,06699038
6,24333349;-7,00049162
6,24833349;-6,53297186
6,25333349;-7,00049162
6,25833349;-7,93399334
6,26333349;-6,53297186
6,26833349;-6,53297186
6,27333349;-6,06699038
6,27833349;-6,53297186
6,28333349;-7,00049162
6,28833349;-5,13348866
6,29333349;-6,53297186
6,29833349;-4,66596889
6,30333349;-3,26648593
6,30833349;-3,26648593
6,31333349;-3,26648593
6,31833349;-2,33298445
6,32333349;-3,26648593
6,32833349;-2,79896641
6,33333349;-1,86546493
6,33833349;-1,39948320
6,34333349;-0,93196350
6,34833349;-0,93196350
6,35333349;-0,46598175
6,35833349;-0,46598175
6,36333349;0,00000000
6,36833349;-0,46598175
6,37333349;-0,93196350
6,37833349;0,46598175
6,38333349;0,00000000
6,38833349;-0,46598175
6,39333349;0,00000000
6,39833349;-0,46598175
6,40333349;-0,46598175
6,40833349;0,93196350
6,41333349;-0,46598175
6,41833349;-0,46598175
6,42333349;0,46598175
6,42833349;1,39948320
6,43333349;0,93196350
6,43833349;1,39948320
6,44333349;1,39948320
6,44833349;0,93196350
6,45333349;0,93196350
6,45833349;1,39948320
6,46333349;2,33298445
6,46833349;2,33298445
6,47333349;3,73246789
6,47833349;2,79896641
6,48333349;3,26648593
6,48833349;2,33298445
6,49333349;1,86546493
6,49833349;2,79896641
6,50333349;2,79896641
6,50833349;2,33298445
6,51333349;2,33298445
6,51833349;0,93196350
6,52333349;0,46598175
6,52833349;0,00000000
6,53333348;-0,93196350
6,53833348;0,00000000
6,54333348;-1,39948320
6,54833348;-1,39948320
6,55333348;-3,26648593
6,55833348;-2,79896641
6,56333348;-3,26648593
6,56833348;-3,26648593
6,57333348;-3,26648593
6,57833348;-3,26648593
6,58333348;-3,73246789
6,58833348;-3,73246789
6,59333348;-2,33298445
6,59833348;-2,33298445
6,60333348;-3,26648593
6,60833348;-2,79896641
6,61333348;-1,86546493
6,61833348;-1,86546493
6,62333348;-2,33298445
6,62833348;-1,86546493
6,63333348;-2,79896641
6,63833348;-3,26648593
6,64333348;-2,33298445
6,64833348;-2,79896641
6,65333348;-1,86546493
6,65833348;-3,26648593
6,66333348;-3,26648593
6,66833348;-2,79896641
6,67333348;-2,33298445
6,67833348;-3,73246789
6,68333348;-2,79896641
6,68833348;-3,26648593
6,69333348;-4,19998741
6,69833348;-3,26648593
6,70333348;-3,73246789
6,70833348;-3,73246789
6,71333348;-3,26648593
6,71833348;-3,26648593
6,72333348;-3,26648593
6,72833348;-2,33298445
6,73333348;-3,26648593
6,73833348;-2,79896641
6,74333348;-2,79896641
6,74833348;-2,79896641
6,75333348;-1,86546493
6,75833348;-1,86546493
6,76333348;-2,33298445
6,76833348;-1,86546493
6,77333348;-2,33298445
6,77833348;-1,86546493
6,78333348;-1,39948320
6,78833348;-1,39948320
6,79333348;0,46598175
6,79833348;0,00000000
6,80333348;-1,39948320
6,80833348;-0,93196350
6,81333348;-1,39948320
6,81833348;-0,46598175
6,82333348;-0,46598175
6,82833348;0,46598175
6,83333348;0,00000000
6,83833348;0,00000000
6,84333348;-0,46598175
6,84833348;1,39948320
6,85333348;0,00000000
6,85833348;0,00000000
6,86333348;0,93196350
6,86833348;0,93196350
6,87333348;1,39948320
6,87833348;0,00000000
6,88333348;1,39948320
6,88833348;0,46598175
6,89333348;0,46598175
6,89833348;1,39948320
6,90333348;0,46598175
6,90833348;2,33298445
6,91333348;1,39948320
6,91833348;1,86546493
6,92333348;0,93196350
6,92833347;1,86546493
6,93333347;2,33298445
6,93833347;2,79896641
6,94333347;1,86546493
6,94833347;2,79896641
6,95333347;3,26648593
6,95833347;2,79896641
6,96333347;2,33298445
6,96833347;3,73246789
6,97333347;1,86546493
6,97833347;2,79896641
6,98333347;1,39948320
6,98833347;1,86546493
6,99333347;0,46598175
6,99833347;1,39948320
7,00333347;1,39948320
7,00833347;0,00000000
7,01333347;0,00000000
7,01833347;-0,93196350
7,02333347;0,00000000
7,02833347;-0,93196350
7,03333347;-0,93196350
7,03833347;-0,46598175
7,04333347;0,00000000
7,04833347;-0,46598175
7,05333347;-1,39948320
7,05833347;-1,86546493
7,06333347;-0,93196350
7,06833347;-1,39948320
7,07333347;-1,86546493
7,07833347;-1,86546493
7,08333347;-1,86546493
7,08833347;-1,39948320
7,09333347;-1,39948320
7,09833347;-1,39948320
7,10333347;-1,86546493
7,10833347;-1,86546493
7,11333347;-2,33298445
7,11833347;-2,33298445
7,12333347;-2,33298445
7,12833347;-2,79896641
7,13333347;-2,79896641
7,13833347;-2,79896641
7,14333347;-3,26648593
7,14833347;-3,26648593
7,15333347;-2,79896641
7,15833347;-3,73246789
7,16333347;-3,26648593
7,16833347;-3,73246789
7,17333347;-3,26648593
7,17833347;-2,79896641
7,18333347;-3,73246789
7,18833347;-4,19998741
7,19333347;-4,19998741
7,19833347;-3,73246789
7,20333347;-5,13348866
7,20833347;-4,19998741
7,21333347;-4,19998741
7,21833347;-4,19998741
7,22333347;-4,66596889
7,22833347;-5,13348866
7,23333347;-5,13348866
7,23833347;-8,39997482
7,24333347;-6,53297186
7,24833347;-6,53297186
7,25333347;-7,00049162
7,25833347;-9,33347607
7,26333347;-7,46647358
7,26833347;-8,39997482
7,27333347;-9,33347607
7,27833347;-9,33347607
7,28333347;-8,39997482
7,28833347;-7,93399334
7,29333347;-8,39997482
7,29833347;-7,00049162
7,30333347;-6,53297186
7,30833347;-5,13348866
7,31333347;-3,26648593
7,31833347;-2,79896641
7,32333346;-1,86546493
7,32833346;0,00000000
7,33333346;0,46598175
7,33833346;-0,46598175
7,34333346;0,46598175
7,34833346;-0,46598175
7,35333346;-0,46598175
7,35833346;0,46598175
7,36333346;0,00000000
7,36833346;-0,93196350
7,37333346;-1,39948320
7,37833346;-2,79896641
7,38333346;-2,33298445
7,38833346;-1,39948320
7,39333346;-1,86546493
7,39833346;-1,86546493
7,40333346;-1,86546493
7,40833346;-1,86546493
7,41333346;-0,93196350
7,41833346;-0,93196350
7,42333346;0,00000000
7,42833346;-1,86546493
7,43333346;-0,93196350
7,43833346;-1,39948320
7,44333346;-2,33298445
7,44833346;-2,79896641
7,45333346;-2,33298445
7,45833346;-1,39948320
7,46333346;-2,79896641
7,46833346;-1,86546493
7,47333346;-2,33298445
7,47833346;-2,33298445
7,48333346;-1,86546493
7,48833346;-1,86546493
7,49333346;-1,86546493
7,49833346;-0,93196350
7,50333346;-1,39948320
7,50833346;0,00000000
7,51333346;-0,46598175
7,51833346;0,93196350
7,52333346;0,93196350
7,52833346;0,46598175
7,53333346;-0,46598175
7,53833346;-0,93196350
7,54333346;-0,93196350
7,54833346;0,00000000
7,55333346;0,00000000
7,55833346;-0,46598175
7,56333346;0,00000000
7,56833346;0,00000000
7,57333346;1,39948320
7,57833346;1,86546493
7,58333346;1,86546493
7,58833346;1,86546493
7,59333346;2,33298445
7,59833346;3,26648593
7,60333346;3,26648593
7,60833346;4,66596889
7,61333346;4,66596889
7,61833346;5,13348866
7,62333346;5,13348866
7,62833346;5,13348866
7,63333346;4,66596889
7,63833346;4,66596889
7,64333346;4,66596889
7,64833346;5,13348866
7,65333346;4,19998741
7,65833346;4,66596889
7,66333346;5,13348866
7,66833346;4,66596889
7,67333346;3,73246789
7,67833346;3,26648593
7,68333346;3,26648593
7,68833346;3,73246789
7,69333346;2,33298445
7,69833346;2,79896641
7,70333346;2,33298445
7,70833346;2,33298445
7,71333346;1,39948320
7,71833345;2,79896641
7,72333345;0,93196350
7,72833345;0,93196350
7,73333345;1,39948320
7,73833345;0,46598175
7,74333345;1,39948320
7,74833345;0,93196350
7,75333345;0,93196350
7,75833345;-0,46598175
7,76333345;0,46598175
7,76833345;0,00000000
7,77333345;0,00000000
7,77833345;0,00000000
7,78333345;0,93196350
7,78833345;2,33298445
7,79333345;0,00000000
7,79833345;0,93196350
7,80333345;0,93196350
7,80833345;0,46598175
7,81333345;0,46598175
7,81833345;-0,46598175
7,82333345;0,00000000
7,82833345;0,00000000
7,83333345;-0,93196350
7,83833345;-1,39948320
7,84333345;-1,39948320
7,84833345;-2,79896641
7,85333345;-2,79896641
7,85833345;-2,79896641
7,86333345;-3,26648593
7,86833345;-2,79896641
7,87333345;-4,19998741
7,87833345;-3,73246789
7,88333345;-4,66596889
7,88833345;-4,66596889
7,89333345;-4,66596889
7,89833345;-4,19998741
7,90333345;-4,66596889
7,90833345;-5,13348866
7,91333345;-4,66596889
7,91833345;-4,19998741
7,92333345;-4,66596889
7,92833345;-5,13348866
7,93333345;-5,59947062
7,93833345;-4,66596889
7,94333345;-4,66596889
7,94833345;-5,59947062
7,95333345;-5,13348866
7,95833345;-5,13348866
7,96333345;-5,13348866
7,96833345;-5,59947062
7,97333345;-5,59947062
7,97833345;-5,13348866
7,98333345;-5,59947062
7,98833345;-4,66596889
7,99333345;-5,13348866
7,99833345;-5,13348866
8,00333345;-5,13348866
8,00833345;-5,13348866
8,01333345;-4,19998741
8,01833345;-5,13348866
8,02333345;-4,19998741
8,02833345;-4,19998741
8,03333345;-4,19998741
8,03833345;-4,19998741
8,04333345;-3,26648593
8,04833345;-3,26648593
8,05333345;-2,79896641
8,05833345;-1,39948320
8,06333345;-0,93196350
8,06833345;0,46598175
8,07333345;1,86546493
8,07833345;2,33298445
8,08333345;2,33298445
8,08833345;3,26648593
8,09333345;3,73246789
8,09833345;4,19998741
8,10333345;3,73246789
8,10833345;4,66596889
8,11333344;4,66596889
8,11833344;3,73246789
8,12333344;3,26648593
8,12833344;2,79896641
8,13333344;2,79896641
8,13833344;2,79896641
8,14333344;2,79896641
8,14833344;2,79896641
8,15333344;1,86546493
8,15833344;2,33298445
8,16333344;0,93196350
8,16833344;0,93196350
8,17333344;0,46598175
8,17833344;1,39948320
8,18333344;1,39948320
8,18833344;0,46598175
8,19333344;0,00000000
8,19833344;0,93196350
8,20333344;0,46598175
8,20833344;0,00000000
8,21333344;1,39948320
8,21833344;0,46598175
8,22333344;-9,33347607
8,22833344;0,93196350
8,23333344;0,46598175
8,23833344;0,46598175
8,24333344;1,86546493
8,24833344;0,46598175
8,25333344;0,93196350
8,25833344;0,46598175
8,26333344;0,93196350
8,26833344;0,93196350
8,27333344;0,46598175
8,27833344;0,93196350
8,28333344;0,93196350
8,28833344;1,86546493
8,29333344;0,46598175
8,29833344;0,46598175
8,30333344;0,00000000
8,30833344;0,00000000
8,31333344;1,39948320
8,31833344;-0,46598175
8,32333344;1,86546493
8,32833344;2,79896641
8,33333344;1,86546493
8,33833344;1,86546493
8,34333344;2,79896641
8,34833344;2,33298445
8,35333344;3,26648593
8,35833344;5,59947062
8,36333344;3,73246789
8,36833344;4,19998741
8,37333344;4,19998741
8,37833344;5,13348866
8,38333344;5,59947062
8,38833344;5,59947062
8,39333344;6,53297186
8,39833344;6,53297186
8,40333344;5,13348866
8,40833344;5,13348866
8,41333344;6,53297186
8,41833344;5,13348866
8,42333344;4,66596889
8,42833344;4,66596889
8,43333344;5,13348866
8,43833344;3,73246789
8,44333344;4,19998741
8,44833344;3,73246789
8,45333344;2,79896641
8,45833344;4,66596889
8,46333344;3,73246789
8,46833344;2,79896641
8,47333344;1,86546493
8,47833344;3,73246789
8,48333344;3,26648593
8,48833344;3,73246789
8,49333344;18,66848946
8,49833344;3,73246789
8,50333344;4,66596889
8,50833343;5,59947062
8,51333343;5,13348866
8,51833343;5,13348866
8,52333343;5,13348866
8,52833343;6,06699038
8,53333343;6,06699038
8,53833343;6,06699038
8,54333343;5,13348866
8,54833343;5,59947062
8,55333343;5,59947062
8,55833343;5,13348866
8,56333343;4,66596889
8,56833343;4,66596889
8,57333343;6,53297186
8,57833343;4,66596889
8,58333343;4,19998741
8,58833343;4,19998741
8,59333343;3,26648593
8,59833343;3,26648593
8,60333343;2,79896641
8,60833343;1,86546493
8,61333343;2,79896641
8,61833343;2,33298445
8,62333343;2,33298445
8,62833343;1,86546493
8,63333343;1,86546493
8,63833343;1,39948320
8,64333343;0,93196350
8,64833343;0,93196350
8,65333343;0,46598175
8,65833343;-0,46598175
8,66333343;0,46598175
8,66833343;1,86546493
8,67333343;0,93196350
8,67833343;1,39948320
8,68333343;1,39948320
8,68833343;1,86546493
8,69333343;2,33298445
8,69833343;2,33298445
8,70333343;2,79896641
8,70833343;2,33298445
8,71333343;2,33298445
8,71833343;3,73246789
8,72333343;3,73246789
8,72833343;3,73246789
8,73333343;4,19998741
8,73833343;3,73246789
8,74333343;3,73246789
8,74833343;4,19998741
8,75333343;3,73246789
8,75833343;4,19998741
8,76333343;4,19998741
8,76833343;3,73246789
8,77333343;3,73246789
8,77833343;4,66596889
8,78333343;3,73246789
8,78833343;4,19998741
8,79333343;4,66596889
8,79833343;4,19998741
8,80333343;4,66596889
8,80833343;4,19998741
8,81333343;4,19998741
8,81833343;4,66596889
8,82333343;5,13348866
8,82833343;4,19998741
8,83333343;4,66596889
8,83833343;5,59947062
8,84333343;6,06699038
8,84833343;5,59947062
8,85333343;4,66596889
8,85833343;4,66596889
8,86333343;4,66596889
8,86833343;5,13348866
8,87333343;5,13348866
8,87833343;5,13348866
8,88333343;4,66596889
8,88833343;-11,66799831
8,89333343;3,73246789
8,89833343;4,19998741
8,90333343;3,26648593
8,90833342;3,26648593
8,91333342;2,79896641
8,91833342;0,00000000
8,92333342;2,33298445
8,92833342;2,33298445
8,93333342;2,33298445
8,93833342;2,33298445
8,94333342;1,86546493
8,94833342;1,86546493
8,95333342;1,86546493
8,95833342;1,39948320
8,96333342;1,39948320
8,96833342;0,46598175
8,97333342;0,46598175
8,97833342;0,93196350
8,98333342;0,46598175
8,98833342;0,00000000
8,99333342;0,46598175
8,99833342;0,00000000
9,00333342;-1,39948320
9,00833342;-0,93196350
9,01333342;-0,93196350
9,01833342;-0,46598175
9,02333342;-0,46598175
9,02833342;-0,93196350
9,03333342;-0,46598175
9,03833342;-0,46598175
9,04333342;-0,93196350
9,04833342;-1,86546493
9,05333342;-1,86546493
9,05833342;-1,86546493
9,06333342;-1,86546493
9,06833342;-1,86546493
9,07333342;-2,79896641
9,07833342;-0,93196350
9,08333342;-1,39948320
9,08833342;-2,33298445
9,09333342;-2,33298445
9,09833342;-1,86546493
9,10333342;-2,79896641
9,10833342;-2,79896641
9,11333342;-2,33298445
9,11833342;-2,79896641
9,12333342;-3,26648593
9,12833342;-3,26648593
9,13333342;-3,73246789
9,13833342;-3,73246789
9,14333342;-4,19998741
9,14833342;-5,13348866
9,15333342;-5,13348866
9,15833342;-5,59947062
9,16333342;-5,59947062
9,16833342;-5,59947062
9,17333342;-6,06699038
9,17833342;-7,00049162
9,18333342;-6,06699038
9,18833342;-5,59947062
9,19333342;-5,13348866
9,19833342;-4,66596889
9,20333342;-3,26648593
9,20833342;-1,86546493
9,21333342;-1,86546493
9,21833342;0,46598175
9,22333342;1,39948320
9,22833342;1,86546493
9,23333342;4,19998741
9,23833342;2,79896641
9,24333342;2,79896641
9,24833342;3,26648593
9,25333342;1,86546493
9,25833342;1,86546493
9,26333342;1,39948320
9,26833342;0,93196350
9,27333342;0,46598175
9,27833342;0,00000000
9,28333342;0,00000000
9,28833342;-0,93196350
9,29333342;0,93196350
9,29833342;-0,46598175
9,30333341;-2,33298445
9,30833341;-0,93196350
9,31333341;0,00000000
9,31833341;-0,93196350
9,32333341;-0,46598175
9,32833341;0,00000000
9,33333341;0,46598175
9,33833341;0,46598175
9,34333341;0,46598175
9,34833341;-0,46598175
9,35333341;-0,93196350
9,35833341;0,00000000
9,36333341;0,46598175
9,36833341;0,46598175
9,37333341;0,93196350
9,37833341;1,86546493
9,38333341;1,39948320
9,38833341;2,79896641
9,39333341;2,79896641
9,39833341;3,26648593
9,40333341;2,79896641
9,40833341;4,19998741
9,41333341;3,26648593
9,41833341;3,73246789
9,42333341;3,26648593
9,42833341;1,86546493
9,43333341;15,40046692
9,43833341;1,86546493
9,44333341;1,86546493
9,44833341;1,39948320
9,45333341;1,39948320
9,45833341;1,39948320
9,46333341;1,39948320
9,46833341;0,93196350
9,47333341;1,39948320
9,47833341;2,79896641
9,48333341;2,79896641
9,48833341;4,19998741
9,49333341;3,73246789
9,49833341;4,19998741
9,50333341;5,13348866
9,50833341;5,59947062
9,51333341;6,06699038
9,51833341;6,06699038
9,52333341;6,53297186
9,52833341;5,59947062
9,53333341;6,53297186
9,53833341;6,53297186
9,54333341;6,06699038
9,54833341;6,06699038
9,55333341;5,13348866
9,55833341;5,59947062
9,56333341;4,19998741
9,56833341;4,66596889
9,57333341;4,66596889
9,57833341;5,13348866
9,58333341;4,19998741
9,58833341;4,19998741
9,59333341;4,66596889
9,59833341;4,66596889
9,60333341;4,19998741
9,60833341;3,73246789
9,61333341;3,26648593
9,61833341;3,73246789
9,62333341;3,73246789
9,62833341;3,26648593
9,63333341;2,33298445
9,63833341;2,33298445
9,64333341;1,86546493
9,64833341;1,39948320
9,65333341;1,86546493
9,65833341;0,46598175
9,66333341;0,93196350
9,66833341;1,86546493
9,67333341;1,86546493
9,67833341;1,86546493
9,68333341;2,79896641
9,68833341;2,33298445
9,69333341;3,26648593
9,69833340;3,26648593
9,70333340;3,26648593
9,70833340;2,79896641
9,71333340;2,79896641
9,71833340;4,19998741
9,72333340;2,33298445
9,72833340;1,39948320
9,73333340;1,86546493
9,73833340;0,93196350
9,74333340;0,93196350
9,74833340;0,00000000
9,75333340;-0,46598175
9,75833340;0,00000000
9,76333340;-1,39948320
9,76833340;-3,26648593
9,77333340;-2,33298445
9,77833340;-1,86546493
9,78333340;-1,39948320
9,78833340;-1,86546493
9,79333340;-1,39948320
9,79833340;-1,86546493
9,80333340;-2,33298445
9,80833340;-1,39948320
9,81333340;-1,39948320
9,81833340;-2,33298445
9,82333340;-2,33298445
9,82833340;-2,33298445
9,83333340;-2,33298445
9,83833340;-3,73246789
9,84333340;-2,33298445
9,84833340;-3,26648593
9,85333340;-3,26648593
9,85833340;-0,93196350
9,86333340;-2,33298445
9,86833340;-2,79896641
9,87333340;-3,26648593
9,87833340;-3,73246789
9,88333340;-3,73246789
9,88833340;-2,79896641
9,89333340;-3,73246789
9,89833340;-3,26648593
9,90333340;-3,73246789
9,90833340;-4,19998741
9,91333340;-4,66596889
9,91833340;-4,19998741
9,92333340;-3,26648593
9,92833340;-4,19998741
9,93333340;-3,26648593
9,93833340;-3,26648593
9,94333340;-2,79896641
9,94833340;-2,33298445
9,95333340;-1,86546493
9,95833340;-1,39948320
9,96333340;-0,46598175
9,96833340;1,86546493
9,97333340;1,39948320
9,97833340;2,33298445
9,98333340;2,79896641
9,98833340;4,19998741
9,99333340;3,73246789
9,99833340;5,13348866
10,00333340;5,13348866
10,00833340;6,06699038
10,01333340;4,66596889
10,01833340;5,13348866
10,02333340;4,66596889
10,02833340;4,19998741
10,03333340;4,19998741
10,03833340;3,73246789
10,04333340;2,79896641
10,04833340;3,26648593
10,05333340;2,79896641
10,05833340;1,86546493
10,06333340;2,33298445
10,06833340;2,33298445
10,07333340;2,33298445
10,07833340;1,86546493
10,08333340;1,86546493
10,08833340;1,39948320
10,09333339;1,86546493
10,09833339;-0,93196350
10,10333339;1,86546493
10,10833339;2,79896641
10,11333339;3,26648593
10,11833339;3,26648593
10,12333339;3,73246789
10,12833339;3,73246789
10,13333339;4,19998741
10,13833339;5,13348866
10,14333339;5,13348866
10,14833339;5,13348866
10,15333339;5,59947062
10,15833339;5,59947062
10,16333339;5,59947062
10,16833339;6,06699038
10,17333339;6,53297186
10,17833339;5,59947062
10,18333339;6,53297186
10,18833339;5,13348866
10,19333339;6,06699038
10,19833339;3,73246789
10,20333339;6,06699038
10,20833339;4,66596889
10,21333339;5,13348866
10,21833339;5,59947062
10,22333339;6,06699038
10,22833339;6,53297186
10,23333339;7,00049162
10,23833339;6,06699038
10,24333339;6,53297186
10,24833339;6,53297186
10,25333339;7,93399334
10,25833339;8,39997482
10,26333339;8,39997482
10,26833339;8,86749458
10,27333339;7,93399334
10,27833339;7,93399334
10,28333339;8,86749458
10,28833339;8,39997482
10,29333339;8,39997482
10,29833339;7,93399334
10,30333339;7,93399334
10,30833339;7,93399334
10,31333339;7,46647358
10,31833339;7,46647358
10,32333339;7,00049162
10,32833339;6,53297186
10,33333339;5,13348866
10,33833339;6,06699038
10,34333339;6,06699038
10,34833339;6,06699038
10,35333339;6,06699038
10,35833339;5,13348866
10,36333339;5,59947062
10,36833339;5,59947062
10,37333339;5,59947062
10,37833339;4,66596889
10,38333339;5,13348866
10,38833339;5,13348866
10,39333339;4,66596889
10,39833339;4,66596889
10,40333339;4,19998741
10,40833339;5,13348866
10,41333339;4,19998741
10,41833339;5,13348866
10,42333339;4,66596889
10,42833339;5,59947062
10,43333339;4,66596889
10,43833339;5,13348866
10,44333339;5,59947062
10,44833339;6,06699038
10,45333339;6,53297186
10,45833339;6,06699038
10,46333339;9,80099583
10,46833339;7,00049162
10,47333339;7,46647358
10,47833339;7,46647358
10,48333339;7,00049162
10,48833338;5,59947062
10,49333338;7,00049162
10,49833338;7,00049162
10,50333338;7,46647358
10,50833338;6,53297186
10,51333338;7,00049162
10,51833338;6,06699038
10,52333338;6,53297186
10,52833338;6,06699038
10,53333338;6,06699038
10,53833338;6,53297186
10,54333338;6,06699038
10,54833338;6,53297186
10,55333338;5,59947062
10,55833338;5,59947062
10,56333338;5,59947062
10,56833338;6,06699038
10,57333338;5,13348866
10,57833338;5,13348866
10,58333338;6,06699038
10,58833338;5,59947062
10,59333338;7,00049162
10,59833338;8,39997482
10,60333338;7,46647358
10,60833338;7,93399334
10,61333338;7,00049162
10,61833338;7,93399334
10,62333338;8,39997482
10,62833338;8,39997482
10,63333338;9,33347607
10,63833338;8,86749458
10,64333338;10,26697731
10,64833338;9,80099583
10,65333338;9,33347607
10,65833338;9,80099583
10,66333338;10,26697731
10,66833338;9,33347607
10,67333338;8,39997482
10,67833338;9,80099583
10,68333338;9,33347607
10,68833338;9,80099583
10,69333338;8,86749458
10,69833338;9,80099583
10,70333338;9,33347607
10,70833338;9,80099583
10,71333338;9,33347607
10,71833338;9,33347607
10,72333338;9,80099583
10,72833338;8,86749458
10,73333338;10,26697731
10,73833338;10,26697731
10,74333338;9,80099583
10,74833338;9,33347607
10,75333338;9,33347607
10,75833338;10,26697731
10,76333338;10,26697731
10,76833338;8,39997482
10,77333338;8,86749458
10,77833338;9,80099583
10,78333338;8,39997482
10,78833338;8,39997482
10,79333338;7,93399334
10,79833338;8,39997482
10,80333338;7,46647358
10,80833338;7,00049162
10,81333338;7,00049162
10,81833338;7,00049162
10,82333338;7,00049162
10,82833338;6,53297186
10,83333338;6,06699038
10,83833338;6,53297186
10,84333338;6,53297186
10,84833338;7,46647358
10,85333338;6,06699038
10,85833338;6,53297186
10,86333338;6,06699038
10,86833338;6,53297186
10,87333338;4,66596889
10,87833338;5,59947062
10,88333337;5,59947062
10,88833337;5,13348866
10,89333337;6,06699038
10,89833337;5,59947062
10,90333337;6,06699038
10,90833337;5,59947062
10,91333337;5,13348866
10,91833337;5,59947062
10,92333337;6,06699038
10,92833337;4,66596889
10,93333337;7,00049162
10,93833337;5,59947062
10,94333337;5,59947062
10,94833337;6,06699038
10,95333337;5,59947062
10,95833337;6,06699038
10,96333337;6,06699038
10,96833337;5,59947062
10,97333337;4,66596889
10,97833337;4,19998741
10,98333337;4,19998741
10,98833337;3,73246789
10,99333337;3,73246789
10,99833337;4,19998741
11,00333337;3,73246789
11,00833337;3,26648593
11,01333337;2,33298445
11,01833337;3,26648593
11,02333337;3,26648593
11,02833337;1,86546493
11,03333337;1,86546493
11,03833337;1,39948320
11,04333337;0,93196350
11,04833337;0,93196350
11,05333337;0,46598175
11,05833337;0,46598175
11,06333337;-0,93196350
11,06833337;0,46598175
11,07333337;0,00000000
11,07833337;-1,86546493
11,08333337;-2,33298445
11,08833337;-1,39948320
11,09333337;-0,93196350
11,09833337;-0,46598175
11,10333337;-0,46598175
11,10833337;1,39948320
11,11333337;1,39948320
11,11833337;3,73246789
11,12333337;4,19998741
11,12833337;4,66596889
11,13333337;5,59947062
11,13833337;6,06699038
11,14333337;5,59947062
11,14833337;7,00049162
11,15333337;6,53297186
11,15833337;6,53297186
11,16333337;6,06699038
11,16833337;6,53297186
11,17333337;5,59947062
11,17833337;5,13348866
11,18333337;4,66596889
11,18833337;4,19998741
11,19333337;4,19998741
11,19833337;3,73246789
11,20333337;3,73246789
11,20833337;4,66596889
11,21333337;4,66596889
11,21833337;5,13348866
11,22333337;5,59947062
11,22833337;5,59947062
11,23333337;5,13348866
11,23833337;5,59947062
11,24333337;5,13348866
11,24833337;5,59947062
11,25333337;5,59947062
11,25833337;5,13348866
11,26333337;5,59947062
11,26833337;5,59947062
11,27333337;6,53297186
11,27833337;5,13348866
11,28333336;5,13348866
11,28833336;6,53297186
11,29333336;6,53297186
11,29833336;6,53297186
11,30333336;6,53297186
11,30833336;7,46647358
11,31333336;7,00049162
11,31833336;7,00049162
11,32333336;7,46647358
11,32833336;6,53297186
11,33333336;6,53297186
11,33833336;6,53297186
11,34333336;6,53297186
11,34833336;6,53297186
11,35333336;6,06699038
11,35833336;7,00049162
11,36333336;5,59947062
11,36833336;7,46647358
11,37333336;6,53297186
11,37833336;6,06699038
11,38333336;7,46647358
11,38833336;7,46647358
11,39333336;8,39997482
11,39833336;9,33347607
11,40333336;8,86749458
11,40833336;9,33347607
11,41333336;9,80099583
11,41833336;10,26697731
11,42333336;9,80099583
11,42833336;10,26697731
11,43333336;10,26697731
11,43833336;11,20047951
11,44333336;10,73449707
11,44833336;10,73449707
11,45333336;10,73449707
11,45833336;10,26697731
11,46333336;8,39997482
11,46833336;10,26697731
11,47333336;12,13398075
11,47833336;9,33347607
11,48333336;9,33347607
11,48833336;9,33347607
11,49333336;9,33347607
11,49833336;9,80099583
11,50333336;8,39997482
11,50833336;7,93399334
11,51333336;8,39997482
11,51833336;8,39997482
11,52333336;7,93399334
11,52833336;6,53297186
11,53333336;6,53297186
11,53833336;6,06699038
11,54333336;6,53297186
11,54833336;5,59947062
11,55333336;5,13348866
11,55833336;5,59947062
11,56333336;8,39997482
11,56833336;6,06699038
11,57333336;5,59947062
11,57833336;6,06699038
11,58333336;6,06699038
11,58833336;6,53297186
11,59333336;6,53297186
11,59833336;6,53297186
11,60333336;7,00049162
11,60833336;6,53297186
11,61333336;5,59947062
11,61833336;5,59947062
11,62333336;6,06699038
11,62833336;5,59947062
11,63333336;4,19998741
11,63833336;5,13348866
11,64333336;4,66596889
11,64833336;3,73246789
11,65333336;2,79896641
11,65833336;3,26648593
11,66333336;2,79896641
11,66833336;2,79896641
11,67333336;2,79896641
11,67833335;2,33298445
11,68333335;1,39948320
11,68833335;0,93196350
11,69333335;1,39948320
11,69833335;-13,53500175
11,70333335;0,93196350
11,70833335;1,86546493
11,71333335;0,93196350
11,71833335;0,46598175
11,72333335;-0,46598175
11,72833335;0,93196350
11,73333335;0,00000000
11,73833335;0,00000000
11,74333335;-0,93196350
11,74833335;0,00000000
11,75333335;0,00000000
11,75833335;-1,39948320
11,76333335;-0,93196350
11,76833335;0,00000000
11,77333335;-0,93196350
11,77833335;-0,93196350
11,78333335;-1,39948320
11,78833335;-1,39948320
11,79333335;-1,86546493
11,79833335;-0,93196350
11,80333335;-1,39948320
11,80833335;-0,93196350
11,81333335;-1,39948320
11,81833335;-1,39948320
11,82333335;-1,39948320
11,82833335;-1,39948320
11,83333335;-0,93196350
11,83833335;-0,93196350
11,84333335;0,46598175
11,84833335;-0,93196350
11,85333335;0,93196350
11,85833335;0,93196350
11,86333335;1,39948320
11,86833335;2,33298445
11,87333335;2,79896641
11,87833335;2,79896641
11,88333335;3,26648593
11,88833335;5,59947062
11,89333335;4,66596889
11,89833335;5,59947062
11,90333335;5,13348866
11,90833335;5,13348866
11,91333335;5,13348866
11,91833335;4,66596889
11,92333335;4,66596889
11,92833335;3,26648593
11,93333335;3,73246789
11,93833335;3,26648593
11,94333335;2,79896641
11,94833335;3,73246789
11,95333335;3,26648593
11,95833335;2,79896641
11,96333335;2,79896641
11,96833335;3,26648593
11,97333335;2,79896641
11,97833335;1,86546493
11,98333335;2,79896641
11,98833335;3,26648593
11,99333335;2,79896641
11,99833335;3,26648593
12,00333335;2,79896641
12,00833335;3,73246789
12,01333335;3,73246789
12,01833335;2,79896641
12,02333335;4,19998741
12,02833335;4,19998741
12,03333335;4,66596889
12,03833335;4,19998741
12,04333335;5,13348866
12,04833335;5,59947062
12,05333335;5,59947062
12,05833335;5,59947062
12,06333335;6,53297186
12,06833335;6,53297186
12,07333334;6,06699038
12,07833334;7,00049162
12,08333334;5,59947062
12,08833334;6,06699038
12,09333334;6,53297186
12,09833334;7,46647358
12,10333334;6,53297186
12,10833334;7,00049162
12,11333334;7,00049162
12,11833334;7,46647358
12,12333334;6,53297186
12,12833334;7,00049162
12,13333334;7,00049162
12,13833334;7,00049162
12,14333334;7,00049162
12,14833334;7,00049162
12,15333334;7,46647358
12,15833334;7,46647358
12,16333334;7,93399334
12,16833334;8,39997482
12,17333334;7,93399334
12,17833334;8,39997482
12,18333334;6,53297186
12,18833334;7,93399334
12,19333334;7,93399334
12,19833334;6,53297186
12,20333334;7,00049162
12,20833334;7,00049162
12,21333334;6,53297186
12,21833334;5,59947062
12,22333334;5,13348866
12,22833334;5,13348866
12,23333334;4,66596889
12,23833334;4,66596889
12,24333334;4,19998741
12,24833334;3,73246789
12,25333334;3,73246789
12,25833334;3,26648593
12,26333334;3,26648593
12,26833334;3,26648593
12,27333334;3,73246789
12,27833334;4,19998741
12,28333334;3,73246789
12,28833334;1,86546493
12,29333334;3,26648593
12,29833334;3,26648593
12,30333334;4,66596889
12,30833334;3,73246789
12,31333334;4,66596889
12,31833334;5,13348866
12,32333334;4,66596889
12,32833334;5,59947062
12,33333334;5,59947062
12,33833334;5,59947062
12,34333334;5,13348866
12,34833334;5,59947062
12,35333334;5,13348866
12,35833334;5,59947062
12,36333334;4,66596889
12,36833334;6,06699038
12,37333334;5,13348866
12,37833334;4,66596889
12,38333334;5,59947062
12,38833334;5,13348866
12,39333334;4,66596889
12,39833334;4,66596889
12,40333334;7,00049162
12,40833334;5,13348866
12,41333334;4,66596889
12,41833334;4,66596889
12,42333334;5,59947062
12,42833334;4,66596889
12,43333334;3,73246789
12,43833334;4,66596889
12,44333334;3,73246789
12,44833334;4,66596889
12,45333334;5,13348866
12,45833334;4,19998741
12,46333334;3,73246789
12,46833333;4,19998741
12,47333333;5,59947062
12,47833333;5,13348866
12,48333333;3,26648593
12,48833333;3,26648593
12,49333333;4,66596889
12,49833333;3,73246789
12,50333333;3,26648593
12,50833333;3,73246789
12,51333333;3,73246789
12,51833333;4,19998741
12,52333333;3,26648593
12,52833333;3,73246789
12,53333333;3,73246789
12,53833333;3,73246789
12,54333333;3,26648593
12,54833333;3,26648593
12,55333333;1,86546493
12,55833333;3,73246789
12,56333333;3,26648593
12,56833333;3,26648593
12,57333333;3,73246789
12,57833333;3,26648593
12,58333333;2,79896641
12,58833333;2,79896641
12,59333333;3,26648593
12,59833333;3,26648593
12,60333333;2,79896641
12,60833333;1,39948320
12,61333333;4,19998741
12,61833333;3,73246789
12,62333333;4,19998741
12,62833333;3,73246789
12,63333333;5,13348866
12,63833333;5,13348866
12,64333333;4,66596889
12,64833333;4,19998741
12,65333333;4,19998741
12,65833333;3,73246789
12,66333333;3,73246789
12,66833333;3,26648593
12,67333333;2,33298445
12,67833333;2,79896641
12,68333333;2,79896641
12,68833333;3,26648593
12,69333333;2,79896641
12,69833333;2,33298445
12,70333333;2,33298445
12,70833333;2,33298445
12,71333333;2,33298445
12,71833333;1,86546493
12,72333333;2,33298445
12,72833333;3,26648593
12,73333333;2,33298445
12,73833333;3,26648593
12,74333333;2,33298445
12,74833333;2,33298445
12,75333333;2,79896641
12,75833333;1,86546493
12,76333333;1,86546493
12,76833333;1,39948320
12,77333333;0,93196350
12,77833333;0,93196350
12,78333333;0,46598175
12,78833333;1,86546493
12,79333333;1,39948320
12,79833333;1,39948320
12,80333333;0,00000000
12,80833333;0,46598175
12,81333333;0,46598175
12,81833333;0,46598175
12,82333333;-1,39948320
12,82833333;0,00000000
12,83333333;0,00000000
12,83833333;-0,46598175
12,84333333;0,93196350
12,84833333;0,00000000
12,85333333;0,00000000
12,85833333;0,93196350
12,86333332;0,46598175
12,86833332;0,00000000
12,87333332;0,46598175
12,87833332;0,46598175
12,88333332;0,46598175
12,88833332;-0,93196350
12,89333332;-0,46598175
12,89833332;-1,39948320
12,90333332;-0,93196350
12,90833332;-1,86546493
12,91333332;-1,86546493
12,91833332;-2,79896641
12,92333332;-3,73246789
12,92833332;-3,73246789
12,93333332;-4,19998741
12,93833332;-3,73246789
12,94333332;-4,66596889
12,94833332;-4,66596889
12,95333332;-5,59947062
12,95833332;-4,19998741
12,96333332;-6,53297186
12,96833332;-6,06699038
12,97333332;-6,06699038
12,97833332;-6,06699038
12,98333332;-7,00049162
12,98833332;-6,53297186
12,99333332;-7,00049162
12,99833332;-7,46647358
13,00333332;-7,00049162
13,00833332;-6,53297186
13,01333332;-5,59947062
13,01833332;-4,66596889
13,02333332;-3,26648593
13,02833332;-2,33298445
13,03333332;-1,86546493
13,03833332;-0,46598175
13,04333332;-0,46598175
13,04833332;0,46598175
13,05333332;0,46598175
13,05833332;0,93196350
13,06333332;0,93196350
13,06833332;0,00000000
13,07333332;0,00000000
13,07833332;0,00000000
13,08333332;-0,93196350
13,08833332;0,00000000
13,09333332;-0,46598175
13,09833332;-1,39948320
13,10333332;-2,33298445
13,10833332;-2,33298445
13,11333332;-2,33298445
13,11833332;-1,86546493
13,12333332;-1,39948320
13,12833332;-0,93196350
13,13333332;-0,93196350
13,13833332;-1,39948320
13,14333332;-0,93196350
13,14833332;-1,39948320
13,15333332;-0,93196350
13,15833332;-0,93196350
13,16333332;-0,93196350
13,16833332;0,00000000
13,17333332;-0,46598175
13,17833332;-0,93196350
13,18333332;-0,46598175
13,18833332;-0,93196350
13,19333332;-1,39948320
13,19833332;-1,86546493
13,20333332;-0,93196350
13,20833332;0,00000000
13,21333332;0,00000000
13,21833332;-1,39948320
13,22333332;-0,93196350
13,22833332;-0,46598175
13,23333332;-1,39948320
13,23833332;-0,93196350
13,24333332;-0,93196350
13,24833332;-0,46598175
13,25333332;-0,93196350
13,25833331;-0,93196350
13,26333331;-1,86546493
13,26833331;-0,46598175
13,27333331;0,93196350
13,27833331;0,93196350
13,28333331;0,00000000
13,28833331;-0,46598175
13,29333331;0,00000000
13,29833331;0,46598175
13,30333331;1,39948320
13,30833331;0,93196350
13,31333331;1,39948320
13,31833331;0,93196350
13,32333331;-3,73246789
13,32833331;2,33298445
13,33333331;3,26648593
13,33833331;3,26648593
13,34333331;2,79896641
13,34833331;3,73246789
13,35333331;3,26648593
13,35833331;4,19998741
13,36333331;2,79896641
13,36833331;3,26648593
13,37333331;2,79896641
13,37833331;2,33298445
13,38333331;2,79896641
13,38833331;2,79896641
13,39333331;2,33298445
13,39833331;2,33298445
13,40333331;1,86546493
13,40833331;2,33298445
13,41333331;2,33298445
13,41833331;0,93196350
13,42333331;1,39948320
13,42833331;-0,46598175
13,43333331;0,46598175
13,43833331;-0,46598175
13,44333331;-0,46598175
13,44833331;-0,46598175
13,45333331;-0,46598175
13,45833331;-0,93196350
13,46333331;-0,93196350
13,46833331;-1,86546493
13,47333331;-2,33298445
13,47833331;0,00000000
13,48333331;-0,46598175
13,48833331;0,00000000
13,49333331;0,46598175
13,49833331;1,39948320
13,50333331;0,46598175
13,50833331;0,00000000
13,51333331;0,46598175
13,51833331;-1,39948320
13,52333331;-0,46598175
13,52833331;-1,86546493
13,53333331;-1,86546493
13,53833331;-2,79896641
13,54333331;-3,26648593
13,54833331;-3,73246789
13,55333331;-4,66596889
13,55833331;-5,13348866
13,56333331;-5,59947062
13,56833331;-7,00049162
13,57333331;-7,00049162
13,57833331;-7,93399334
13,58333331;-7,93399334
13,58833331;-7,93399334
13,59333331;-7,93399334
13,59833331;-8,86749458
13,60333331;-7,93399334
13,60833331;-7,93399334
13,61333331;-8,39997482
13,61833331;-8,86749458
13,62333331;-8,86749458
13,62833331;-8,39997482
13,63333331;-8,86749458
13,63833331;-7,46647358
13,64333331;-9,33347607
13,64833331;-9,33347607
13,65333331;-10,26697731
13,65833330;-9,80099583
13,66333330;-10,26697731
13,66833330;-10,26697731
13,67333330;-11,20047951
13,67833330;-9,80099583
13,68333330;-10,26697731
13,68833330;-7,93399334
13,69333330;-8,86749458
13,69833330;-7,46647358
13,70333330;-9,33347607
13,70833330;-10,26697731
13,71333330;-9,80099583
13,71833330;-10,26697731
13,72333330;-10,26697731
13,72833330;-10,26697731
13,73333330;-11,20047951
13,73833330;-10,26697731
13,74333330;-10,26697731
13,74833330;-9,33347607
13,75333330;-9,33347607
13,75833330;-9,80099583
13,76333330;-7,93399334
13,76833330;-7,46647358
13,77333330;-6,06699038
13,77833330;-5,13348866
13,78333330;-5,13348866
13,78833330;-2,33298445
13,79333330;-3,26648593
13,79833330;-2,33298445
13,80333330;-1,39948320
13,80833330;-3,26648593
13,81333330;-0,93196350
13,81833330;-1,86546493
13,82333330;-0,93196350
13,82833330;-1,39948320
13,83333330;-1,39948320
13,83833330;-2,79896641
13,84333330;-2,33298445
13,84833330;-3,26648593
13,85333330;-3,26648593
13,85833330;-4,19998741
13,86333330;-4,19998741
13,86833330;-4,66596889
13,87333330;-4,19998741
13,87833330;-4,66596889
13,88333330;-4,66596889
13,88833330;-6,06699038
13,89333330;-5,13348866
13,89833330;-4,66596889
13,90333330;-0,46598175
13,90833330;-3,73246789
13,91333330;-3,73246789
13,91833330;-2,79896641
13,92333330;-2,79896641
13,92833330;-2,79896641
13,93333330;-1,86546493
13,93833330;-1,86546493
13,94333330;-1,39948320
13,94833330;0,00000000
13,95333330;0,00000000
13,95833330;0,46598175
13,96333330;0,46598175
13,96833330;0,46598175
13,97333330;0,93196350
13,97833330;1,39948320
13,98333330;0,93196350
13,98833330;0,93196350
13,99333330;0,93196350
13,99833330;0,93196350
14,00333330;0,46598175
14,00833330;0,93196350
14,01333330;1,39948320
14,01833330;-0,46598175
14,02333330;-0,46598175
14,02833330;0,00000000
14,03333330;-0,46598175
14,03833330;-1,39948320
14,04333330;-0,93196350
14,04833330;-0,46598175
14,05333329;-0,46598175
14,05833329;0,00000000
14,06333329;0,46598175
14,06833329;1,39948320
14,07333329;1,39948320
14,07833329;1,86546493
14,08333329;1,86546493
14,08833329;0,93196350
14,09333329;1,86546493
14,09833329;1,39948320
14,10333329;0,46598175
14,10833329;0,00000000
14,11333329;0,93196350
14,11833329;0,46598175
14,12333329;0,93196350
14,12833329;0,46598175
14,13333329;0,00000000
14,13833329;0,00000000
14,14333329;-0,93196350
14,14833329;-1,39948320
14,15333329;-1,86546493
14,15833329;-2,33298445
14,16333329;-1,86546493
14,16833329;-2,79896641
14,17333329;0,00000000
14,17833329;-4,66596889
14,18333329;-2,33298445
14,18833329;-2,79896641
14,19333329;-1,86546493
14,19833329;-1,86546493
14,20333329;-1,86546493
14,20833329;-1,39948320
14,21333329;-1,86546493
14,21833329;-1,86546493
14,22333329;-1,39948320
14,22833329;-1,39948320
14,23333329;-0,93196350
14,23833329;-0,46598175
14,24333329;0,46598175
14,24833329;-0,46598175
14,25333329;0,00000000
14,25833329;-0,93196350
14,26333329;0,00000000
14,26833329;-1,39948320
14,27333329;-0,93196350
14,27833329;-0,46598175
14,28333329;-0,46598175
14,28833329;-1,39948320
14,29333329;0,00000000
14,29833329;-1,86546493
14,30333329;-0,93196350
14,30833329;-1,86546493
14,31333329;-3,26648593
14,31833329;-1,86546493
14,32333329;-1,39948320
14,32833329;-3,26648593
14,33333329;-1,86546493
14,33833329;-2,79896641
14,34333329;-1,86546493
14,34833329;-1,39948320
14,35333329;-1,86546493
14,35833329;-1,86546493
14,36333329;-1,86546493
14,36833329;-1,86546493
14,37333329;-2,33298445
14,37833329;-2,33298445
14,38333329;-1,86546493
14,38833329;-1,39948320
14,39333329;-1,39948320
14,39833329;-2,33298445
14,40333329;-0,46598175
14,40833329;-0,46598175
14,41333329;-1,39948320
14,41833329;-0,46598175
14,42333329;-0,93196350
14,42833329;0,00000000
14,43333329;-0,93196350
14,43833329;0,00000000
14,44333329;0,00000000
14,44833328;0,93196350
14,45333328;0,93196350
14,45833328;0,93196350
14,46333328;1,39948320
14,46833328;0,46598175
14,47333328;2,33298445
14,47833328;1,86546493
14,48333328;1,86546493
14,48833328;0,46598175
14,49333328;1,86546493
14,49833328;2,33298445
14,50333328;1,86546493
14,50833328;2,33298445
14,51333328;2,33298445
14,51833328;1,86546493
14,52333328;1,86546493
14,52833328;2,79896641
14,53333328;3,26648593
14,53833328;2,79896641
14,54333328;2,33298445
14,54833328;3,26648593
14,55333328;3,26648593
14,55833328;3,73246789
14,56333328;3,73246789
14,56833328;3,73246789
14,57333328;3,73246789
14,57833328;3,26648593
14,58333328;2,79896641
14,58833328;2,79896641
14,59333328;3,73246789
14,59833328;0,93196350
14,60333328;2,79896641
14,60833328;2,79896641
14,61333328;1,39948320
14,61833328;0,93196350
14,62333328;1,39948320
14,62833328;0,93196350
14,63333328;0,46598175
14,63833328;0,00000000
14,64333328;-0,93196350
14,64833328;-0,46598175
14,65333328;-0,93196350
14,65833328;-0,93196350
14,66333328;-1,39948320
14,66833328;-1,39948320
14,67333328;-1,39948320
14,67833328;-1,86546493
14,68333328;-2,79896641
14,68833328;-1,39948320
14,69333328;-2,79896641
14,69833328;-1,86546493
14,70333328;-3,73246789
14,70833328;-1,86546493
14,71333328;-3,73246789
14,71833328;-3,26648593
14,72333328;-4,19998741
14,72833328;-3,26648593
14,73333328;-2,33298445
14,73833328;-3,73246789
14,74333328;-3,73246789
14,74833328;-4,66596889
14,75333328;-4,66596889
14,75833328;-3,73246789
14,76333328;-5,13348866
14,76833328;-4,19998741
14,77333328;-5,13348866
14,77833328;-4,66596889
14,78333328;-4,19998741
14,78833328;-5,13348866
14,79333328;-5,13348866
14,79833328;-6,06699038
14,80333328;-6,06699038
14,80833328;-6,53297186
14,81333328;-7,46647358
14,81833328;-7,00049162
14,82333328;-7,46647358
14,82833328;-7,46647358
14,83333328;-7,93399334
14,83833328;-7,00049162
14,84333327;-7,93399334
14,84833327;-7,93399334
14,85333327;-7,93399334
14,85833327;-8,86749458
14,86333327;-8,39997482
14,86833327;-9,33347607
14,87333327;-10,26697731
14,87833327;-10,26697731
14,88333327;-10,73449707
14,88833327;-12,13398075
14,89333327;-11,20047951
14,89833327;-10,73449707
14,90333327;-9,80099583
14,90833327;-10,26697731
14,91333327;-10,26697731
14,91833327;-8,86749458
14,92333327;-8,86749458
14,92833327;-7,00049162
14,93333327;-5,59947062
14,93833327;-4,19998741
14,94333327;-2,79896641
14,94833327;-2,33298445
14,95333327;-1,86546493
14,95833327;-0,93196350
14,96333327;-0,46598175
14,96833327;-0,93196350
14,97333327;-2,33298445
14,97833327;-1,39948320
14,98333327;-1,39948320
14,98833327;-3,26648593
14,99333327;-2,79896641
14,99833327;-2,79896641
15,00333327;-2,33298445
15,00833327;-3,73246789
15,01333327;-3,26648593
15,01833327;-1,39948320
15,02333327;-2,79896641
15,02833327;-1,39948320
15,03333327;-0,93196350
15,03833327;-2,33298445
15,04333327;-1,86546493
15,04833327;-0,93196350
15,05333327;-1,39948320
15,05833327;-1,39948320
15,06333327;-0,93196350
15,06833327;-0,93196350
15,07333327;-1,86546493
15,07833327;-0,46598175
15,08333327;-0,93196350
15,08833327;-0,93196350
15,09333327;0,00000000
15,09833327;0,46598175
15,10333327;0,93196350
15,10833327;0,00000000
15,11333327;0,00000000
15,11833327;0,46598175
15,12333327;1,39948320
15,12833327;1,39948320
15,13333327;0,46598175
15,13833327;0,93196350
15,14333327;0,00000000
15,14833327;0,93196350
15,15333327;0,00000000
15,15833327;0,46598175
15,16333327;-0,46598175
15,16833327;-1,86546493
15,17333327;-0,46598175
15,17833327;-1,39948320
15,18333327;-1,86546493
15,18833327;-1,39948320
15,19333327;-0,93196350
15,19833327;0,00000000
15,20333327;-0,46598175
15,20833327;-0,46598175
15,21333327;0,00000000
15,21833327;0,46598175
15,22333327;0,46598175
15,22833327;1,39948320
15,23333327;1,39948320
15,23833326;0,93196350
15,24333326;2,33298445
15,24833326;1,39948320
15,25333326;1,86546493
15,25833326;1,86546493
15,26333326;0,46598175
15,26833326;3,26648593
15,27333326;1,39948320
15,27833326;0,93196350
15,28333326;0,46598175
15,28833326;1,39948320
15,29333326;-0,93196350
15,29833326;-1,39948320
15,30333326;-1,86546493
15,30833326;-1,39948320
15,31333326;-1,39948320
15,31833326;-1,39948320
15,32333326;-1,86546493
15,32833326;-1,86546493
15,33333326;-2,79896641
15,33833326;-2,33298445
15,34333326;-2,33298445
15,34833326;-3,73246789
15,35333326;-3,26648593
15,35833326;-3,26648593
15,36333326;-4,66596889
15,36833326;-3,73246789
15,37333326;-3,26648593
15,37833326;-3,73246789
15,38333326;-3,73246789
15,38833326;-3,73246789
15,39333326;-3,26648593
15,39833326;-2,33298445
15,40333326;-2,33298445
15,40833326;-1,86546493
15,41333326;-3,26648593
15,41833326;-2,79896641
15,42333326;-2,33298445
15,42833326;-3,73246789
15,43333326;-2,79896641
15,43833326;-2,79896641
15,44333326;-3,26648593
15,44833326;-4,19998741
15,45333326;-3,73246789
15,45833326;-4,66596889
15,46333326;-5,13348866
15,46833326;-5,13348866
15,47333326;-5,59947062
15,47833326;-6,06699038
15,48333326;-6,53297186
15,48833326;-7,00049162
15,49333326;-7,46647358
15,49833326;-7,46647358
15,50333326;-6,53297186
15,50833326;-7,93399334
15,51333326;-8,86749458
15,51833326;-7,46647358
15,52333326;-6,53297186
15,52833326;-7,46647358
15,53333326;-7,00049162
15,53833326;-7,00049162
15,54333326;-7,00049162
15,54833326;-7,00049162
15,55333326;-7,46647358
15,55833326;-7,46647358
15,56333326;-10,26697731
15,56833326;-7,46647358
15,57333326;-8,39997482
15,57833326;-8,86749458
15,58333326;-7,93399334
15,58833326;-8,39997482
15,59333326;-11,66799831
15,59833326;-8,39997482
15,60333326;-8,86749458
15,60833326;-8,86749458
15,61333326;-9,33347607
15,61833326;-8,39997482
15,62333326;-9,33347607
15,62833326;-8,86749458
15,63333325;-8,39997482
15,63833325;-9,33347607
15,64333325;-9,33347607
15,64833325;-7,93399334
15,65333325;-7,93399334
15,65833325;-6,53297186
15,66333325;-7,00049162
15,66833325;-6,06699038
15,67333325;-5,59947062
15,67833325;-5,59947062
15,68333325;-5,13348866
15,68833325;-4,66596889
15,69333325;-4,19998741
15,69833325;-2,33298445
15,70333325;-1,86546493
15,70833325;-2,33298445
15,71333325;-2,79896641
15,71833325;-2,79896641
15,72333325;-2,79896641
15,72833325;-2,79896641
15,73333325;-2,79896641
15,73833325;-3,73246789
15,74333325;-3,73246789
15,74833325;-4,19998741
15,75333325;-4,66596889
15,75833325;-5,13348866
15,76333325;-6,06699038
15,76833325;-5,59947062
15,77333325;-5,59947062
15,77833325;-6,06699038
15,78333325;-6,06699038
15,78833325;-6,06699038
15,79333325;-5,59947062
15,79833325;-5,59947062
15,80333325;-5,13348866
15,80833325;-5,59947062
15,81333325;-4,66596889
15,81833325;-4,66596889
15,82333325;-4,66596889
15,82833325;-4,19998741
15,83333325;-4,19998741
15,83833325;-2,79896641
15,84333325;-4,66596889
15,84833325;-2,79896641
15,85333325;-3,26648593
15,85833325;-3,26648593
15,86333325;-2,79896641
15,86833325;-2,79896641
15,87333325;-2,33298445
15,87833325;-3,26648593
15,88333325;-3,26648593
15,88833325;-2,79896641
15,89333325;-3,26648593
15,89833325;-2,79896641
15,90333325;-3,73246789
15,90833325;-3,73246789
15,91333325;-3,73246789
15,91833325;-2,79896641
15,92333325;-2,79896641
15,92833325;-3,73246789
15,93333325;-2,79896641
15,93833325;-3,26648593
15,94333325;-3,26648593
15,94833325;-0,93196350
15,95333325;-2,33298445
15,95833325;-0,93196350
15,96333325;-0,93196350
15,96833325;-1,86546493
15,97333325;-0,93196350
15,97833325;0,93196350
15,98333325;0,46598175
15,98833325;0,46598175
15,99333325;0,46598175
15,99833325;0,46598175
16,00333325;0,00000000
16,00833325;0,93196350
16,01333325;0,46598175
16,01833325;0,46598175
16,02333325;0,46598175
16,02833325;0,00000000
16,03333324;-0,93196350
16,03833324;-0,46598175
16,04333324;-1,39948320
16,04833324;-0,93196350
16,05333324;-1,86546493
16,05833324;-1,39948320
16,06333324;-1,86546493
16,06833324;-1,86546493
16,07333324;-1,39948320
16,07833324;-1,39948320
16,08333324;-1,86546493
16,08833324;-2,33298445
16,09333324;-2,33298445
16,09833324;-1,86546493
16,10333324;1,86546493
16,10833324;-1,39948320
16,11333324;-2,33298445
16,11833324;-0,93196350
16,12333324;-1,39948320
16,12833324;-1,86546493
16,13333324;-0,46598175
16,13833324;-0,93196350
16,14333324;0,00000000
16,14833324;-0,93196350
16,15333324;-0,46598175
16,15833324;0,00000000
16,16333324;-0,46598175
16,16833324;-0,46598175
16,17333324;-0,46598175
16,17833324;-0,46598175
16,18333324;-0,93196350
16,18833324;-0,93196350
16,19333324;-0,93196350
16,19833324;-1,39948320
16,20333324;-1,39948320
16,20833324;-1,39948320
16,21333324;-1,86546493
16,21833324;-2,79896641
16,22333324;-2,79896641
16,22833324;-2,33298445
16,23333324;-2,79896641
16,23833324;-2,33298445
16,24333324;-3,73246789
16,24833324;-3,73246789
16,25333324;-3,26648593
16,25833324;-3,26648593
16,26333324;-4,19998741
16,26833324;-3,26648593
16,27333324;-3,73246789
16,27833324;-3,73246789
16,28333324;-3,26648593
16,28833324;-2,33298445
16,29333324;-3,73246789
16,29833324;-4,19998741
16,30333324;-4,19998741
16,30833324;-3,73246789
16,31333324;-4,19998741
16,31833324;-4,19998741
16,32333324;-3,73246789
16,32833324;-2,33298445
16,33333324;-2,33298445
16,33833324;-2,79896641
16,34333324;-3,26648593
16,34833324;-2,33298445
16,35333324;-2,79896641
16,35833324;-2,33298445
16,36333324;-2,79896641
16,36833324;-2,33298445
16,37333324;-2,79896641
16,37833324;-2,33298445
16,38333324;-2,33298445
16,38833324;-2,79896641
16,39333324;-2,33298445
16,39833324;-3,26648593
16,40333324;-3,26648593
16,40833324;-3,26648593
16,41333324;-3,73246789
16,41833324;-2,79896641
16,42333324;-3,73246789
16,42833323;-3,26648593
16,43333323;-3,26648593
16,43833323;-3,73246789
16,44333323;-2,33298445
16,44833323;-2,79896641
16,45333323;-2,79896641
16,45833323;-2,33298445
16,46333323;-1,39948320
16,46833323;-1,86546493
16,47333323;-1,86546493
16,47833323;-1,86546493
16,48333323;-0,93196350
16,48833323;-0,93196350
16,49333323;-0,46598175
16,49833323;-1,39948320
16,50333323;0,46598175
16,50833323;-3,73246789
16,51333323;-0,46598175
16,51833323;-1,39948320
16,52333323;-1,86546493
16,52833323;-1,39948320
16,53333323;-0,46598175
16,53833323;-0,93196350
16,54333323;-0,93196350
16,54833323;-1,39948320
16,55333323;-0,93196350
16,55833323;-1,39948320
16,56333323;-1,86546493
16,56833323;-1,86546493
16,57333323;-1,39948320
16,57833323;-1,86546493
16,58333323;-1,86546493
16,58833323;-0,93196350
16,59333323;-2,33298445
16,59833323;-0,46598175
16,60333323;-1,39948320
16,60833323;-1,86546493
16,61333323;-0,46598175
16,61833323;-0,93196350
16,62333323;-1,39948320
16,62833323;-0,93196350
16,63333323;-1,39948320
16,63833323;-1,86546493
16,64333323;-0,93196350
16,64833323;-1,39948320
16,65333323;-1,39948320
16,65833323;-0,46598175
16,66333323;-0,93196350
16,66833323;-1,39948320
16,67333323;-0,93196350
16,67833323;-2,79896641
16,68333323;-2,79896641
16,68833323;-1,39948320
16,69333323;-3,26648593
16,69833323;-3,73246789
16,70333323;-4,66596889
16,70833323;-3,73246789
16,71333323;-5,59947062
16,71833323;-6,06699038
16,72333323;-6,53297186
16,72833323;-7,00049162
16,73333323;-7,46647358
16,73833323;-7,93399334
16,74333323;-9,33347607
16,74833323;-8,86749458
16,75333323;-9,33347607
16,75833323;-9,80099583
16,76333323;-10,26697731
16,76833323;-9,80099583
16,77333323;-11,66799831
16,77833323;-11,20047951
16,78333323;-12,13398075
16,78833323;-12,13398075
16,79333323;-12,60150051
16,79833323;-12,60150051
16,80333323;-12,60150051
16,80833323;-12,13398075
16,81333323;-11,20047951
16,81833323;-10,73449707
16,82333322;-9,33347607
16,82833322;-7,93399334
16,83333322;-8,39997482
16,83833322;-7,00049162
16,84333322;-6,06699038
16,84833322;-6,06699038
16,85333322;-5,13348866
16,85833322;-4,19998741
16,86333322;-4,19998741
16,86833322;-4,19998741
16,87333322;-4,66596889
16,87833322;-4,19998741
16,88333322;-4,66596889
16,88833322;-6,06699038
16,89333322;-6,53297186
16,89833322;-7,00049162
16,90333322;-7,00049162
16,90833322;-6,53297186
16,91333322;-6,53297186
16,91833322;-6,53297186
16,92333322;-6,06699038
16,92833322;-5,59947062
16,93333322;-4,66596889
16,93833322;-6,06699038
16,94333322;-5,13348866
16,94833322;-4,19998741
16,95333322;-6,06699038
16,95833322;-4,19998741
16,96333322;-3,73246789
16,96833322;-3,73246789
16,97333322;-3,26648593
16,97833322;-2,79896641
16,98333322;-3,73246789
16,98833322;-2,79896641
16,99333322;-3,26648593
16,99833322;-2,79896641
17,00333322;-3,73246789
17,00833322;-2,33298445
17,01333322;-2,33298445
17,01833322;-3,26648593
17,02333322;-1,86546493
17,02833322;-2,33298445
17,03333322;-2,79896641
17,03833322;-2,79896641
17,04333322;-2,79896641
17,04833322;-2,79896641
17,05333322;-3,26648593
17,05833322;-2,79896641
17,06333322;-3,26648593
17,06833322;-2,79896641
17,07333322;-2,79896641
17,07833322;-2,79896641
17,08333322;-2,33298445
17,08833322;-2,79896641
17,09333322;-6,06699038
17,09833322;-1,39948320
17,10333322;-1,86546493
17,10833322;0,93196350
17,11333322;0,00000000
17,11833322;0,46598175
17,12333322;0,93196350
17,12833322;-2,79896641
17,13333322;1,39948320
17,13833322;1,39948320
17,14333322;1,39948320
17,14833322;0,93196350
17,15333322;1,39948320
17,15833322;0,46598175
17,16333322;1,39948320
17,16833322;0,93196350
17,17333322;0,00000000
17,17833322;-0,93196350
17,18333322;0,00000000
17,18833322;-0,93196350
17,19333322;-0,93196350
17,19833322;-0,93196350
17,20333322;-1,39948320
17,20833322;-1,39948320
17,21333322;-1,39948320
17,21833321;-1,39948320
17,22333321;-2,33298445
17,22833321;-1,39948320
17,23333321;-1,39948320
17,23833321;-2,79896641
17,24333321;-2,33298445
17,24833321;-2,33298445
17,25333321;-2,79896641
17,25833321;-3,73246789
17,26333321;-3,26648593
17,26833321;-2,33298445
17,27333321;-3,73246789
17,27833321;-3,73246789
17,28333321;-4,19998741
17,28833321;-3,26648593
17,29333321;-2,79896641
17,29833321;-3,26648593
17,30333321;-1,86546493
17,30833321;-3,73246789
17,31333321;-3,26648593
17,31833321;-3,26648593
17,32333321;-4,19998741
17,32833321;-4,66596889
17,33333321;-6,06699038
17,33833321;-5,13348866
17,34333321;-7,00049162
17,34833321;-6,06699038
17,35333321;-7,00049162
17,35833321;-7,46647358
17,36333321;-7,46647358
17,36833321;-8,39997482
17,37333321;-10,26697731
17,37833321;-8,86749458
17,38333321;-8,86749458
17,38833321;-9,33347607
17,39333321;-9,33347607
17,39833321;-9,80099583
17,40333321;-9,33347607
17,40833321;-9,80099583
17,41333321;-9,33347607
17,41833321;-9,33347607
17,42333321;-9,80099583
17,42833321;-9,33347607
17,43333321;-9,33347607
17,43833321;-9,80099583
17,44333321;-9,80099583
17,44833321;-9,33347607
17,45333321;-10,26697731
17,45833321;-10,26697731
17,46333321;-9,80099583
17,46833321;-9,80099583
17,47333321;-11,20047951
17,47833321;-10,73449707
17,48333321;-11,20047951
17,48833321;-10,26697731
17,49333321;-11,66799831
17,49833321;-11,20047951
17,50333321;-11,20047951
17,50833321;-10,26697731
17,51333321;-10,73449707
17,51833321;-12,13398075
17,52333321;-11,20047951
17,52833321;-11,20047951
17,53333321;-11,20047951
17,53833321;-11,20047951
17,54333321;-11,20047951
17,54833321;-11,20047951
17,55333321;-10,26697731
17,55833321;-9,33347607
17,56333321;-10,26697731
17,56833321;-8,86749458
17,57333321;-8,39997482
17,57833321;-7,00049162
17,58333321;-6,06699038
17,58833321;-5,59947062
17,59333321;-5,13348866
17,59833321;-3,73246789
17,60333321;-3,73246789
17,60833321;-2,33298445
17,61333320;-1,86546493
17,61833320;-1,86546493
17,62333320;-1,39948320
17,62833320;-2,33298445
17,63333320;-1,86546493
17,63833320;-2,79896641
17,64333320;-3,26648593
17,64833320;-3,26648593
17,65333320;-3,26648593
17,65833320;-3,26648593
17,66333320;-3,73246789
17,66833320;-4,19998741
17,67333320;-3,73246789
17,67833320;-4,66596889
17,68333320;-4,66596889
17,68833320;-4,66596889
17,69333320;-4,66596889
17,69833320;-4,66596889
17,70333320;-4,19998741
17,70833320;-4,66596889
17,71333320;-4,66596889
17,71833320;-3,73246789
17,72333320;-3,73246789
17,72833320;-3,73246789
17,73333320;-4,19998741
17,73833320;-3,73246789
17,74333320;-4,66596889
17,74833320;-2,33298445
17,75333320;-1,86546493
17,75833320;-3,73246789
17,76333320;-5,59947062
17,76833320;-1,86546493
17,77333320;-1,86546493
17,77833320;-1,86546493
17,78333320;-1,86546493
17,78833320;-1,86546493
17,79333320;-1,39948320
17,79833320;-1,39948320
17,80333320;-1,39948320
17,80833320;-1,86546493
17,81333320;-2,33298445
17,81833320;-2,33298445
17,82333320;-2,33298445
17,82833320;-2,33298445
17,83333320;-2,79896641
17,83833320;-2,79896641
17,84333320;-2,79896641
17,84833320;-2,33298445
17,85333320;-2,33298445
17,85833320;-1,39948320
17,86333320;-1,39948320
17,86833320;-2,33298445
17,87333320;-1,39948320
17,87833320;-0,93196350
17,88333320;-0,93196350
17,88833320;0,00000000
17,89333320;0,00000000
17,89833320;0,46598175
17,90333320;-1,39948320
17,90833320;0,46598175
17,91333320;0,46598175
17,91833320;-0,46598175
17,92333320;0,46598175
17,92833320;-0,46598175
17,93333320;-0,93196350
17,93833320;-0,93196350
17,94333320;-0,93196350
17,94833320;-1,86546493
17,95333320;-2,33298445
17,95833320;-3,26648593
17,96333320;-2,33298445
17,96833320;-2,33298445
17,97333320;-2,79896641
17,97833320;-1,86546493
17,98333320;-3,26648593
17,98833320;-2,79896641
17,99333320;-2,79896641
17,99833320;-2,79896641
18,00333320;-3,26648593
18,00833319;-3,73246789
18,01333319;-3,26648593
18,01833319;-2,33298445
18,02333319;-2,33298445
18,02833319;-1,86546493
18,03333319;-2,33298445
18,03833319;-1,39948320
18,04333319;-1,39948320
18,04833319;-1,39948320
18,05333319;-1,39948320
18,05833319;-0,93196350
18,06333319;-1,86546493
18,06833319;-0,93196350
18,07333319;-0,46598175
18,07833319;-0,46598175
18,08333319;-0,46598175
18,08833319;-0,46598175
18,09333319;-0,93196350
18,09833319;-1,86546493
18,10333319;-0,46598175
18,10833319;-1,39948320
18,11333319;-2,33298445
18,11833319;-0,93196350
18,12333319;-1,39948320
18,12833319;-2,33298445
18,13333319;-0,46598175
18,13833319;-0,93196350
18,14333319;-1,39948320
18,14833319;0,00000000
18,15333319;0,00000000
18,15833319;-0,46598175
18,16333319;0,46598175
18,16833319;-0,46598175
18,17333319;-0,46598175
18,17833319;0,00000000
18,18333319;-0,93196350
18,18833319;0,00000000
18,19333319;0,46598175
18,19833319;0,46598175
18,20333319;-0,46598175
18,20833319;0,00000000
18,21333319;-0,46598175
18,21833319;-0,93196350
18,22333319;0,00000000
18,22833319;0,00000000
18,23333319;0,93196350
18,23833319;0,00000000
18,24333319;1,39948320
18,24833319;0,93196350
18,25333319;1,86546493
18,25833319;0,93196350
18,26333319;1,39948320
18,26833319;1,39948320
18,27333319;1,39948320
18,27833319;1,39948320
18,28333319;1,86546493
18,28833319;1,39948320
18,29333319;1,86546493
18,29833319;1,39948320
18,30333319;0,93196350
18,30833319;2,33298445
18,31333319;1,86546493
18,31833319;1,39948320
18,32333319;0,93196350
18,32833319;0,46598175
18,33333319;0,46598175
18,33833319;0,93196350
18,34333319;0,00000000
18,34833319;0,93196350
18,35333319;0,46598175
18,35833319;0,93196350
18,36333319;0,46598175
18,36833319;0,00000000
18,37333319;0,00000000
18,37833319;-0,46598175
18,38333319;0,00000000
18,38833319;0,00000000
18,39333319;-0,46598175
18,39833319;-1,86546493
18,40333319;-0,93196350
18,40833318;-1,39948320
18,41333318;-1,39948320
18,41833318;-1,39948320
18,42333318;-3,26648593
18,42833318;-1,86546493
18,43333318;-2,33298445
18,43833318;-2,79896641
18,44333318;-3,26648593
18,44833318;-2,79896641
18,45333318;-2,79896641
18,45833318;-2,79896641
18,46333318;-3,73246789
18,46833318;-3,26648593
18,47333318;-2,79896641
18,47833318;-2,79896641
18,48333318;-2,79896641
18,48833318;-2,79896641
18,49333318;-2,33298445
18,49833318;-3,26648593
18,50333318;-0,46598175
18,50833318;-2,33298445
18,51333318;-2,33298445
18,51833318;-2,33298445
18,52333318;-2,79896641
18,52833318;-2,79896641
18,53333318;-3,73246789
18,53833318;-2,79896641
18,54333318;-3,26648593
18,54833318;-2,33298445
18,55333318;-2,79896641
18,55833318;-3,73246789
18,56333318;-2,79896641
18,56833318;-3,26648593
18,57333318;-3,26648593
18,57833318;-3,26648593
18,58333318;-2,79896641
18,58833318;-3,73246789
18,59333318;-3,73246789
18,59833318;-4,19998741
18,60333318;-3,73246789
18,60833318;-3,73246789
18,61333318;-3,73246789
18,61833318;-3,73246789
18,62333318;-3,73246789
18,62833318;-3,73246789
18,63333318;-3,73246789
18,63833318;-4,19998741
18,64333318;-3,73246789
18,64833318;-3,26648593
18,65333318;-3,26648593
18,65833318;-4,19998741
18,66333318;-3,26648593
18,66833318;-4,19998741
18,67333318;-5,59947062
18,67833318;-4,66596889
18,68333318;-5,13348866
18,68833318;-6,06699038
18,69333318;-6,53297186
18,69833318;-7,00049162
18,70333318;-7,00049162
18,70833318;-6,06699038
18,71333318;-6,06699038
18,71833318;-5,59947062
18,72333318;-5,59947062
18,72833318;-4,66596889
18,73333318;-4,19998741
18,73833318;-1,86546493
18,74333318;-1,39948320
18,74833318;-0,46598175
18,75333318;-0,46598175
18,75833318;0,46598175
18,76333318;1,86546493
18,76833318;1,86546493
18,77333318;2,33298445
18,77833318;1,86546493
18,78333318;1,39948320
18,78833318;0,93196350
18,79333318;0,46598175
18,79833318;0,46598175
18,80333317;0,00000000
18,80833317;-0,93196350
18,81333317;0,00000000
18,81833317;-0,93196350
18,82333317;-0,46598175
18,82833317;0,46598175
18,83333317;0,00000000
18,83833317;0,00000000
18,84333317;0,00000000
18,84833317;0,00000000
18,85333317;0,46598175
18,85833317;0,46598175
18,86333317;0,46598175
18,86833317;0,00000000
18,87333317;-0,93196350
18,87833317;0,46598175
18,88333317;0,93196350
18,88833317;0,46598175
18,89333317;0,00000000
18,89833317;0,00000000
18,90333317;0,93196350
18,90833317;1,39948320
18,91333317;0,93196350
18,91833317;0,93196350
18,92333317;0,93196350
18,92833317;1,86546493
18,93333317;2,79896641
18,93833317;2,79896641
18,94333317;1,39948320
18,94833317;2,33298445
18,95333317;1,86546493
18,95833317;2,33298445
18,96333317;0,93196350
18,96833317;1,39948320
18,97333317;0,93196350
18,97833317;0,00000000
18,98333317;-0,93196350
18,98833317;-0,46598175
18,99333317;0,00000000
18,99833317;0,00000000
19,00333317;0,93196350
19,00833317;0,93196350
19,01333317;0,93196350
19,01833317;1,39948320
19,02333317;1,39948320
19,02833317;1,86546493
19,03333317;2,33298445
19,03833317;2,79896641
19,04333317;3,73246789
19,04833317;2,79896641
19,05333317;2,79896641
19,05833317;2,79896641
19,06333317;1,86546493
19,06833317;0,93196350
19,07333317;0,93196350
19,07833317;0,93196350
19,08333317;0,46598175
19,08833317;0,46598175
19,09333317;0,93196350
19,09833317;0,46598175
19,10333317;-0,46598175
19,10833317;0,46598175
19,11333317;-0,46598175
19,11833317;0,46598175
19,12333317;0,46598175
19,12833317;0,93196350
19,13333317;0,46598175
19,13833317;0,00000000
19,14333317;0,00000000
19,14833317;0,00000000
19,15333317;0,93196350
19,15833317;0,00000000
19,16333317;0,00000000
19,16833317;-0,93196350
19,17333317;-0,93196350
19,17833317;0,46598175
19,18333317;1,39948320
19,18833317;0,00000000
19,19333317;0,93196350
19,19833316;0,46598175
19,20333316;0,93196350
19,20833316;1,39948320
19,21333316;0,46598175
19,21833316;0,93196350
19,22333316;1,86546493
19,22833316;1,39948320
19,23333316;1,39948320
19,23833316;1,86546493
19,24333316;0,93196350
19,24833316;1,86546493
19,25333316;0,93196350
19,25833316;0,46598175
19,26333316;0,46598175
19,26833316;-0,46598175
19,27333316;0,00000000
19,27833316;-0,93196350
19,28333316;-1,39948320
19,28833316;-0,93196350
19,29333316;-1,86546493
19,29833316;-2,33298445
19,30333316;-2,79896641
19,30833316;-1,86546493
19,31333316;-2,79896641
19,31833316;-2,33298445
19,32333316;-2,33298445
19,32833316;-2,79896641
19,33333316;-2,79896641
19,33833316;-3,26648593
19,34333316;-2,33298445
19,34833316;-2,33298445
19,35333316;-3,26648593
19,35833316;-3,26648593
19,36333316;-3,73246789
19,36833316;-4,66596889
19,37333316;-4,66596889
19,37833316;-5,13348866
19,38333316;-4,19998741
19,38833316;-4,66596889
19,39333316;-5,59947062
19,39833316;-5,59947062
19,40333316;-5,59947062
19,40833316;-5,59947062
19,41333316;-6,06699038
19,41833316;-6,53297186
19,42333316;-6,53297186
19,42833316;-6,53297186
19,43333316;-6,06699038
19,43833316;-5,59947062
19,44333316;-7,00049162
19,44833316;-6,53297186
19,45333316;-6,06699038
19,45833316;-5,13348866
19,46333316;-5,13348866
19,46833316;-4,19998741
19,47333316;-4,19998741
19,47833316;-3,73246789
19,48333316;-2,79896641
19,48833316;-1,86546493
19,49333316;-0,93196350
19,49833316;-0,46598175
19,50333316;0,00000000
19,50833316;0,46598175
19,51333316;1,39948320
19,51833316;0,00000000
19,52333316;0,93196350
19,52833316;1,39948320
19,53333316;0,46598175
19,53833316;0,46598175
19,54333316;0,46598175
19,54833316;0,46598175
19,55333316;-0,46598175
19,55833316;-0,46598175
19,56333316;-0,93196350
19,56833316;-1,86546493
19,57333316;-2,33298445
19,57833316;-2,79896641
19,58333316;-1,86546493
19,58833316;-2,79896641
19,59333315;-2,33298445
19,59833315;-2,33298445
19,60333315;-2,79896641
19,60833315;-1,39948320
19,61333315;-2,79896641
19,61833315;-1,86546493
19,62333315;-2,33298445
19,62833315;-1,39948320
19,63333315;0,00000000
19,63833315;-0,93196350
19,64333315;0,46598175
19,64833315;-0,93196350
19,65333315;-0,93196350
19,65833315;0,46598175
19,66333315;0,46598175
19,66833315;0,00000000
19,67333315;0,46598175
19,67833315;0,46598175
19,68333315;0,93196350
19,68833315;0,93196350
19,69333315;0,93196350
19,69833315;0,93196350
19,70333315;1,39948320
19,70833315;0,93196350
19,71333315;1,39948320
19,71833315;0,46598175
19,72333315;0,46598175
19,72833315;0,93196350
19,73333315;0,93196350
19,73833315;1,39948320
19,74333315;0,93196350
19,74833315;1,86546493
19,75333315;1,39948320
19,75833315;2,79896641
19,76333315;2,79896641
19,76833315;2,79896641
19,77333315;3,26648593
19,77833315;2,79896641
19,78333315;4,19998741
19,78833315;5,59947062
19,79333315;5,13348866
19,79833315;4,66596889
19,80333315;5,13348866
19,80833315;6,06699038
19,81333315;5,59947062
19,81833315;5,59947062
19,82333315;5,59947062
19,82833315;6,53297186
19,83333315;6,06699038
19,83833315;5,59947062
19,84333315;5,13348866
19,84833315;5,59947062
19,85333315;5,59947062
19,85833315;4,66596889
19,86333315;4,66596889
19,86833315;5,13348866
19,87333315;3,26648593
19,87833315;4,19998741
19,88333315;4,19998741
19,88833315;3,73246789
19,89333315;4,19998741
19,89833315;4,19998741
19,90333315;4,19998741
19,90833315;4,19998741
19,91333315;4,66596889
19,91833315;4,66596889
19,92333315;7,00049162
19,92833315;5,13348866
19,93333315;5,13348866
19,93833315;6,06699038
19,94333315;4,66596889
19,94833315;5,13348866
19,95333315;5,59947062
19,95833315;4,66596889
19,96333315;5,59947062
19,96833315;5,13348866
19,97333315;5,59947062
19,97833315;4,66596889
19,98333315;4,19998741
19,98833314;4,66596889
19,99333314;4,66596889
19,99833314;4,66596889
20,00333314;3,26648593
20,00833314;3,73246789
20,01333314;4,19998741
20,01833314;3,73246789
20,02333314;3,73246789
20,02833314;2,79896641
20,03333314;3,73246789
20,03833314;3,73246789
20,04333314;1,86546493
20,04833314;3,73246789
20,05333314;3,26648593
20,05833314;5,13348866
20,06333314;2,33298445
20,06833314;17,73498917
20,07333314;3,26648593
20,07833314;2,79896641
20,08333314;3,26648593
20,08833314;3,26648593
20,09333314;2,79896641
20,09833314;3,73246789
20,10333314;3,73246789
20,10833314;3,26648593
20,11333314;3,73246789
20,11833314;3,26648593
20,12333314;4,19998741
20,12833314;3,73246789
20,13333314;3,26648593
20,13833314;4,19998741
20,14333314;4,19998741
20,14833314;3,73246789
20,15333314;4,19998741
20,15833314;4,19998741
20,16333314;4,66596889
20,16833314;4,66596889
20,17333314;4,66596889
20,17833314;4,66596889
20,18333314;4,66596889
20,18833314;5,13348866
20,19333314;5,59947062
20,19833314;5,13348866
20,20333314;-0,46598175
20,20833314;5,59947062
20,21333314;4,66596889
20,21833314;5,13348866
20,22333314;7,93399334
20,22833314;6,53297186
20,23333314;6,06699038
20,23833314;6,06699038
20,24333314;4,66596889
20,24833314;6,06699038
20,25333314;6,06699038
20,25833314;7,00049162
20,26333314;8,86749458
20,26833314;6,53297186
20,27333314;7,00049162
20,27833314;6,53297186
20,28333314;5,59947062
20,28833314;7,46647358
20,29333314;6,53297186
20,29833314;6,53297186
20,30333314;4,66596889
20,30833314;6,06699038
20,31333314;6,53297186
20,31833314;5,59947062
20,32333314;6,53297186
20,32833314;5,59947062
20,33333314;5,59947062
20,33833314;5,13348866
20,34333314;5,13348866
20,34833314;5,13348866
20,35333314;5,13348866
20,35833314;5,13348866
20,36333314;5,13348866
20,36833314;5,13348866
20,37333314;5,13348866
20,37833314;4,66596889
20,38333313;4,66596889
20,38833313;4,66596889
20,39333313;3,73246789
20,39833313;4,66596889
20,40333313;4,19998741
20,40833313;4,19998741
20,41333313;4,19998741
20,41833313;5,13348866
20,42333313;4,19998741
20,42833313;4,66596889
20,43333313;4,66596889
20,43833313;4,19998741
20,44333313;4,19998741
20,44833313;4,19998741
20,45333313;3,73246789
20,45833313;3,73246789
20,46333313;5,13348866
20,46833313;2,79896641
20,47333313;4,19998741
20,47833313;3,26648593
20,48333313;2,79896641
20,48833313;2,33298445
20,49333313;2,33298445
20,49833313;2,33298445
20,50333313;1,86546493
20,50833313;1,39948320
20,51333313;1,86546493
20,51833313;1,39948320
20,52333313;1,86546493
20,52833313;1,39948320
20,53333313;0,46598175
20,53833313;1,39948320
20,54333313;0,46598175
20,54833313;0,46598175
20,55333313;-0,46598175
20,55833313;-1,39948320
20,56333313;-0,93196350
20,56833313;-0,93196350
20,57333313;-1,39948320
20,57833313;-2,33298445
20,58333313;-2,33298445
20,58833313;-3,26648593
20,59333313;-3,26648593
20,59833313;-3,26648593
20,60333313;-3,26648593
20,60833313;-2,79896641
20,61333313;-3,26648593
20,61833313;-2,79896641
20,62333313;0,00000000
20,62833313;-1,39948320
20,63333313;-0,46598175
20,63833313;0,00000000
20,64333313;0,00000000
20,64833313;1,86546493
20,65333313;1,86546493
20,65833313;3,73246789
20,66333313;3,73246789
20,66833313;3,26648593
20,67333313;3,26648593
20,67833313;3,73246789
20,68333313;4,19998741
20,68833313;3,26648593
20,69333313;3,26648593
20,69833313;2,79896641
20,70333313;2,33298445
20,70833313;1,39948320
20,71333313;1,86546493
20,71833313;1,39948320
20,72333313;1,39948320
20,72833313;1,86546493
20,73333313;1,39948320
20,73833313;2,33298445
20,74333313;1,86546493
20,74833313;2,79896641
20,75333313;2,79896641
20,75833313;4,19998741
20,76333313;3,26648593
20,76833313;0,93196350
20,77333313;4,19998741
20,77833313;4,19998741
20,78333312;4,66596889
20,78833312;5,13348866
20,79333312;4,66596889
20,79833312;5,13348866
20,80333312;5,13348866
20,80833312;5,59947062
20,81333312;5,59947062
20,81833312;6,06699038
20,82333312;6,06699038
20,82833312;7,46647358
20,83333312;7,93399334
20,83833312;7,00049162
20,84333312;6,06699038
20,84833312;6,53297186
20,85333312;7,00049162
20,85833312;6,06699038
20,86333312;5,13348866
20,86833312;7,00049162
20,87333312;5,59947062
20,87833312;3,73246789
20,88333312;4,19998741
20,88833312;4,66596889
20,89333312;4,19998741
20,89833312;4,19998741
20,90333312;4,19998741
20,90833312;4,66596889
20,91333312;6,06699038
20,91833312;5,59947062
20,92333312;6,06699038
20,92833312;6,53297186
20,93333312;7,00049162
20,93833312;7,93399334
20,94333312;7,93399334
20,94833312;8,39997482
20,95333312;8,39997482
20,95833312;8,86749458
20,96333312;8,39997482
20,96833312;8,86749458
20,97333312;7,93399334
20,97833312;7,93399334
20,98333312;7,00049162
20,98833312;6,06699038
20,99333312;5,59947062
20,99833312;6,06699038
21,00333312;4,66596889
21,00833312;3,73246789
21,01333312;3,26648593
21,01833312;3,73246789
21,02333312;3,73246789
21,02833312;2,79896641
21,03333312;3,26648593
21,03833312;2,33298445
21,04333312;2,79896641
21,04833312;2,33298445
21,05333312;1,39948320
21,05833312;3,73246789
21,06333312;1,86546493
21,06833312;3,26648593
21,07333312;2,33298445
21,07833312;2,79896641
21,08333312;2,33298445
21,08833312;3,26648593
21,09333312;3,73246789
21,09833312;3,26648593
21,10333312;2,79896641
21,10833312;2,79896641
21,11333312;3,26648593
21,11833312;3,26648593
21,12333312;4,66596889
21,12833312;4,19998741
21,13333312;3,73246789
21,13833312;3,73246789
21,14333312;4,19998741
21,14833312;4,19998741
21,15333312;3,26648593
21,15833312;3,26648593
21,16333312;2,79896641
21,16833312;3,26648593
21,17333312;1,39948320
21,17833311;1,39948320
21,18333311;0,46598175
21,18833311;0,93196350
21,19333311;0,46598175
21,19833311;0,00000000
21,20333311;0,00000000
21,20833311;0,00000000
21,21333311;-0,46598175
21,21833311;-0,46598175
21,22333311;-0,46598175
21,22833311;-0,46598175
21,23333311;0,46598175
21,23833311;0,00000000
21,24333311;-0,93196350
21,24833311;-1,39948320
21,25333311;1,39948320
21,25833311;-0,46598175
21,26333311;0,93196350
21,26833311;0,46598175
21,27333311;1,39948320
21,27833311;0,00000000
21,28333311;0,46598175
21,28833311;0,46598175
21,29333311;-0,93196350
21,29833311;-0,46598175
21,30333311;0,46598175
21,30833311;-0,46598175
21,31333311;-1,86546493
21,31833311;-1,39948320
21,32333311;-2,79896641
21,32833311;-1,39948320
21,33333311;-2,33298445
21,33833311;-1,86546493
21,34333311;-2,33298445
21,34833311;-2,33298445
21,35333311;-3,26648593
21,35833311;-2,33298445
21,36333311;-2,79896641
21,36833311;-2,79896641
21,37333311;-1,39948320
21,37833311;-1,39948320
21,38333311;0,00000000
21,38833311;-0,46598175
21,39333311;1,39948320
21,39833311;2,33298445
21,40333311;0,93196350
21,40833311;3,26648593
21,41333311;4,19998741
21,41833311;4,66596889
21,42333311;5,13348866
21,42833311;4,66596889
21,43333311;5,13348866
21,43833311;4,19998741
21,44333311;3,73246789
21,44833311;4,19998741
21,45333311;3,26648593
21,45833311;3,26648593
21,46333311;2,79896641
21,46833311;1,86546493
21,47333311;1,39948320
21,47833311;1,86546493
21,48333311;0,93196350
21,48833311;1,39948320
21,49333311;-0,93196350
21,49833311;0,93196350
21,50333311;0,93196350
21,50833311;0,93196350
21,51333311;1,39948320
21,51833311;0,00000000
21,52333311;0,46598175
21,52833311;1,39948320
21,53333311;0,46598175
21,53833311;0,46598175
21,54333311;1,39948320
21,54833311;1,39948320
21,55333311;1,86546493
21,55833311;2,33298445
21,56333311;3,26648593
21,56833311;2,79896641
21,57333310;2,79896641
21,57833310;3,26648593
21,58333310;3,26648593
21,58833310;3,73246789
21,59333310;4,66596889
21,59833310;13,06748199
21,60333310;4,19998741
21,60833310;5,13348866
21,61333310;4,66596889
21,61833310;4,66596889
21,62333310;4,66596889
21,62833310;5,13348866
21,63333310;4,66596889
21,63833310;2,79896641
21,64333310;5,59947062
21,64833310;4,66596889
21,65333310;4,66596889
21,65833310;4,66596889
21,66333310;3,73246789
21,66833310;6,06699038
21,67333310;6,06699038
21,67833310;6,06699038
21,68333310;6,53297186
21,68833310;7,46647358
21,69333310;8,39997482
21,69833310;9,80099583
21,70333310;8,86749458
21,70833310;8,86749458
21,71333310;8,39997482
21,71833310;8,86749458
21,72333310;9,33347607
21,72833310;8,86749458
21,73333310;8,39997482
21,73833310;8,86749458
21,74333310;7,46647358
21,74833310;7,93399334
21,75333310;7,93399334
21,75833310;7,00049162
21,76333310;6,53297186
21,76833310;6,53297186
21,77333310;6,53297186
21,77833310;7,00049162
21,78333310;6,06699038
21,78833310;7,00049162
21,79333310;7,00049162
21,79833310;7,00049162
21,80333310;7,00049162
21,80833310;7,46647358
21,81333310;6,53297186
21,81833310;7,00049162
21,82333310;7,00049162
21,82833310;7,00049162
21,83333310;6,06699038
21,83833310;7,00049162
21,84333310;7,00049162
21,84833310;6,53297186
21,85333310;7,93399334
21,85833310;7,00049162
21,86333310;7,93399334
21,86833310;7,00049162
21,87333310;7,46647358
21,87833310;7,46647358
21,88333310;7,00049162
21,88833310;7,46647358
21,89333310;7,93399334
21,89833310;7,00049162
21,90333310;7,00049162
21,90833310;7,46647358
21,91333310;8,39997482
21,91833310;7,00049162
21,92333310;6,06699038
21,92833310;5,59947062
21,93333310;5,13348866
21,93833310;5,59947062
21,94333310;4,19998741
21,94833310;4,66596889
21,95333310;4,66596889
21,95833310;3,73246789
21,96333310;3,73246789
21,96833309;-6,53297186
21,97333309;3,26648593
21,97833309;2,79896641
21,98333309;2,79896641
21,98833309;2,79896641
21,99333309;2,79896641
21,99833309;2,33298445
22,00333309;2,79896641
22,00833309;2,33298445
22,01333309;2,79896641
22,01833309;1,86546493
22,02333309;1,86546493
22,02833309;2,33298445
22,03333309;1,86546493
22,03833309;2,33298445
22,04333309;2,79896641
22,04833309;1,39948320
22,05333309;2,33298445
22,05833309;2,33298445
22,06333309;1,39948320
22,06833309;2,33298445
22,07333309;2,79896641
22,07833309;2,79896641
22,08333309;2,79896641
22,08833309;3,26648593
22,09333309;2,79896641
22,09833309;4,19998741
22,10333309;4,66596889
22,10833309;3,26648593
22,11333309;4,19998741
22,11833309;3,26648593
22,12333309;4,19998741
22,12833309;3,73246789
22,13333309;3,26648593
22,13833309;4,66596889
22,14333309;3,73246789
22,14833309;4,19998741
22,15333309;4,19998741
22,15833309;4,66596889
22,16333309;4,66596889
22,16833309;4,66596889
22,17333309;4,66596889
22,17833309;5,13348866
22,18333309;4,66596889
22,18833309;5,59947062
22,19333309;5,13348866
22,19833309;5,59947062
22,20333309;6,06699038
22,20833309;6,06699038
22,21333309;5,59947062
22,21833309;5,59947062
22,22333309;5,13348866
22,22833309;6,06699038
22,23333309;6,06699038
22,23833309;4,66596889
22,24333309;5,13348866
22,24833309;6,06699038
22,25333309;6,06699038
22,25833309;5,59947062
22,26333309;5,13348866
22,26833309;6,06699038
22,27333309;5,59947062
22,27833309;6,06699038
22,28333309;6,06699038
22,28833309;6,53297186
22,29333309;5,59947062
22,29833309;5,59947062
22,30333309;6,06699038
22,30833309;5,59947062
22,31333309;6,06699038
22,31833309;5,13348866
22,32333309;5,13348866
22,32833309;4,19998741
22,33333309;5,59947062
22,33833309;7,93399334
22,34333309;5,13348866
22,34833309;5,59947062
22,35333309;4,19998741
22,35833309;4,66596889
22,36333308;4,19998741
22,36833308;4,66596889
22,37333308;3,73246789
22,37833308;4,19998741
22,38333308;3,73246789
22,38833308;3,73246789
22,39333308;2,79896641
22,39833308;3,73246789
22,40333308;3,26648593
22,40833308;2,33298445
22,41333308;2,33298445
22,41833308;1,86546493
22,42333308;1,39948320
22,42833308;0,46598175
22,43333308;0,93196350
22,43833308;0,93196350
22,44333308;0,46598175
22,44833308;0,46598175
22,45333308;-0,46598175
22,45833308;-2,33298445
22,46333308;-1,39948320
22,46833308;-1,86546493
22,47333308;-0,46598175
22,47833308;-1,86546493
22,48333308;-2,33298445
22,48833308;-2,33298445
22,49333308;-3,26648593
22,49833308;-3,73246789
22,50333308;-4,19998741
22,50833308;-2,79896641
22,51333308;-4,66596889
22,51833308;-4,66596889
22,52333308;-4,66596889
22,52833308;-5,59947062
22,53333308;-4,19998741
22,53833308;-4,66596889
22,54333308;-2,79896641
22,54833308;-1,86546493
22,55333308;-0,46598175
22,55833308;0,00000000
22,56333308;0,93196350
22,56833308;0,93196350
22,57333308;1,86546493
22,57833308;1,86546493
22,58333308;2,33298445
22,58833308;1,39948320
22,59333308;2,33298445
22,59833308;1,39948320
22,60333308;1,39948320
22,60833308;0,00000000
22,61333308;-0,46598175
22,61833308;0,93196350
22,62333308;-0,93196350
22,62833308;0,00000000
22,63333308;-0,46598175
22,63833308;0,46598175
22,64333308;3,26648593
22,64833308;0,93196350
22,65333308;1,39948320
22,65833308;1,39948320
22,66333308;1,86546493
22,66833308;2,79896641
22,67333308;1,86546493
22,67833308;3,26648593
22,68333308;3,73246789
22,68833308;3,73246789
22,69333308;3,26648593
22,69833308;3,26648593
22,70333308;3,73246789
22,70833308;3,73246789
22,71333308;4,66596889
22,71833308;4,19998741
22,72333308;5,13348866
22,72833308;5,13348866
22,73333308;5,59947062
22,73833308;6,06699038
22,74333308;5,59947062
22,74833308;5,59947062
22,75333308;5,59947062
22,75833307;6,06699038
22,76333307;5,59947062
22,76833307;5,13348866
22,77333307;4,66596889
22,77833307;3,26648593
22,78333307;4,66596889
22,78833307;3,73246789
22,79333307;4,19998741
22,79833307;4,19998741
22,80333307;3,73246789
22,80833307;3,73246789
22,81333307;5,59947062
22,81833307;5,13348866
22,82333307;5,59947062
22,82833307;5,59947062
22,83333307;6,06699038
22,83833307;6,06699038
22,84333307;6,06699038
22,84833307;5,59947062
22,85333307;6,53297186
22,85833307;7,46647358
22,86333307;6,53297186
22,86833307;6,53297186
22,87333307;7,46647358
22,87833307;-1,39948320
22,88333307;6,53297186
22,88833307;6,06699038
22,89333307;4,66596889
22,89833307;3,73246789
22,90333307;4,66596889
22,90833307;5,13348866
22,91333307;4,19998741
22,91833307;4,19998741
22,92333307;4,66596889
22,92833307;3,73246789
22,93333307;3,26648593
22,93833307;3,26648593
22,94333307;2,79896641
22,94833307;1,39948320
22,95333307;2,79896641
22,95833307;1,39948320
22,96333307;1,39948320
22,96833307;0,93196350
22,97333307;0,93196350
22,97833307;1,39948320
22,98333307;0,93196350
22,98833307;0,46598175
22,99333307;0,93196350
22,99833307;1,39948320
23,00333307;1,39948320
23,00833307;1,39948320
23,01333307;4,66596889
23,01833307;1,86546493
23,02333307;2,79896641
23,02833307;2,79896641
23,03333307;2,79896641
23,03833307;2,79896641
23,04333307;2,33298445
23,04833307;2,79896641
23,05333307;2,79896641
23,05833307;2,33298445
23,06333307;0,46598175
23,06833307;0,46598175
23,07333307;0,00000000
23,07833307;-0,93196350
23,08333307;0,46598175
23,08833307;-0,93196350
23,09333307;-2,33298445
23,09833307;-1,39948320
23,10333307;-1,39948320
23,10833307;-2,33298445
23,11333307;-1,39948320
23,11833307;-2,79896641
23,12333307;-2,33298445
23,12833307;-1,86546493
23,13333307;-2,79896641
23,13833307;-2,33298445
23,14333307;-2,79896641
23,14833307;-1,86546493
23,15333307;-1,86546493
23,15833306;-1,39948320
23,16333306;-2,79896641
23,16833306;-2,33298445
23,17333306;-2,79896641
23,17833306;-3,73246789
23,18333306;-3,73246789
23,18833306;-2,79896641
23,19333306;-4,19998741
23,19833306;-4,19998741
23,20333306;-4,19998741
23,20833306;-4,66596889
23,21333306;-4,19998741
23,21833306;-4,66596889
23,22333306;-4,66596889
23,22833306;-5,13348866
23,23333306;-4,66596889
23,23833306;-4,66596889
23,24333306;-4,19998741
23,24833306;-4,66596889
23,25333306;-4,66596889
23,25833306;-6,06699038
23,26333306;-3,26648593
23,26833306;-3,73246789
23,27333306;-3,73246789
23,27833306;-3,26648593
23,28333306;-3,26648593
23,28833306;-1,86546493
23,29333306;-1,86546493
23,29833306;-1,86546493
23,30333306;0,00000000
23,30833306;0,00000000
23,31333306;1,39948320
23,31833306;1,86546493
23,32333306;2,79896641
23,32833306;2,33298445
23,33333306;2,79896641
23,33833306;3,73246789
23,34333306;2,79896641
23,34833306;3,73246789
23,35333306;2,79896641
23,35833306;2,79896641
23,36333306;2,79896641
23,36833306;2,33298445
23,37333306;0,93196350
23,37833306;1,86546493
23,38333306;0,46598175
23,38833306;1,39948320
23,39333306;-0,46598175
23,39833306;0,46598175
23,40333306;0,00000000
23,40833306;-0,46598175
23,41333306;-0,93196350
23,41833306;0,00000000
23,42333306;0,46598175
23,42833306;0,00000000
23,43333306;-1,39948320
23,43833306;0,46598175
23,44333306;1,86546493
23,44833306;1,39948320
23,45333306;2,33298445
23,45833306;2,33298445
23,46333306;2,79896641
23,46833306;2,79896641
23,47333306;2,79896641
23,47833306;4,66596889
23,48333306;4,19998741
23,48833306;4,19998741
23,49333306;5,13348866
23,49833306;5,13348866
23,50333306;7,00049162
23,50833306;5,59947062
23,51333306;5,13348866
23,51833306;5,59947062
23,52333306;5,59947062
23,52833306;5,59947062
23,53333306;4,66596889
23,53833306;5,13348866
23,54333306;4,19998741
23,54833306;4,66596889
23,55333305;4,66596889
23,55833305;4,19998741
23,56333305;4,66596889
23,56833305;5,13348866
23,57333305;4,66596889
23,57833305;5,13348866
23,58333305;5,59947062
23,58833305;5,59947062
23,59333305;6,53297186
23,59833305;6,06699038
23,60333305;5,13348866
23,60833305;6,06699038
23,61333305;6,53297186
23,61833305;6,53297186
23,62333305;6,53297186
23,62833305;5,13348866
23,63333305;5,13348866
23,63833305;4,19998741
23,64333305;4,66596889
23,64833305;4,66596889
23,65333305;3,26648593
23,65833305;3,73246789
23,66333305;2,79896641
23,66833305;2,79896641
23,67333305;1,86546493
23,67833305;1,86546493
23,68333305;0,46598175
23,68833305;1,39948320
23,69333305;1,39948320
23,69833305;0,93196350
23,70333305;0,93196350
23,70833305;1,39948320
23,71333305;1,39948320
23,71833305;1,39948320
23,72333305;0,93196350
23,72833305;1,39948320
23,73333305;1,86546493
23,73833305;2,33298445
23,74333305;0,46598175
23,74833305;0,93196350
23,75333305;1,86546493
23,75833305;1,86546493
23,76333305;6,06699038
23,76833305;2,33298445
23,77333305;3,26648593
23,77833305;3,73246789
23,78333305;3,73246789
23,78833305;4,19998741
23,79333305;4,19998741
23,79833305;4,19998741
23,80333305;4,19998741
23,80833305;4,19998741
23,81333305;5,13348866
23,81833305;4,19998741
23,82333305;4,66596889
23,82833305;4,19998741
23,83333305;3,73246789
23,83833305;4,66596889
23,84333305;4,66596889
23,84833305;4,66596889
23,85333305;4,19998741
23,85833305;3,73246789
23,86333305;4,19998741
23,86833305;2,79896641
23,87333305;4,19998741
23,87833305;3,73246789
23,88333305;4,19998741
23,88833305;5,13348866
23,89333305;2,79896641
23,89833305;4,19998741
23,90333305;5,13348866
23,90833305;4,66596889
23,91333305;4,19998741
23,91833305;3,73246789
23,92333305;4,19998741
23,92833305;4,66596889
23,93333305;5,13348866
23,93833305;5,59947062
23,94333305;5,59947062
23,94833304;4,66596889
23,95333304;4,66596889
23,95833304;6,06699038
23,96333304;4,66596889
23,96833304;4,66596889
23,97333304;5,13348866
23,97833304;5,13348866
23,98333304;5,59947062
23,98833304;5,59947062
23,99333304;5,13348866
23,99833304;4,19998741
24,00333304;20,06797409
24,00833304;5,13348866
24,01333304;6,06699038
24,01833304;5,59947062
24,02333304;4,19998741
24,02833304;5,13348866
24,03333304;5,13348866
24,03833304;4,66596889
24,04333304;5,59947062
24,04833304;5,13348866
24,05333304;4,66596889
24,05833304;5,13348866
24,06333304;5,13348866
24,06833304;5,13348866
24,07333304;4,66596889
24,07833304;5,59947062
24,08333304;4,66596889
24,08833304;5,59947062
24,09333304;5,13348866
24,09833304;6,06699038
24,10333304;5,59947062
24,10833304;6,06699038
24,11333304;5,13348866
24,11833304;5,13348866
24,12333304;4,66596889
24,12833304;5,13348866
24,13333304;4,19998741
24,13833304;4,66596889
24,14333304;4,19998741
24,14833304;4,19998741
24,15333304;3,73246789
24,15833304;3,26648593
24,16333304;3,73246789
24,16833304;3,73246789
24,17333304;-11,20047951
24,17833304;3,26648593
24,18333304;3,73246789
24,18833304;2,79896641
24,19333304;4,19998741
24,19833304;3,26648593
24,20333304;3,26648593
24,20833304;3,26648593
24,21333304;3,26648593
24,21833304;4,19998741
24,22333304;4,66596889
24,22833304;4,19998741
24,23333304;4,19998741
24,23833304;4,19998741
24,24333304;4,19998741
24,24833304;4,19998741
24,25333304;5,13348866
24,25833304;4,66596889
24,26333304;3,26648593
24,26833304;3,26648593
24,27333304;2,79896641
24,27833304;3,73246789
24,28333304;0,93196350
24,28833304;2,33298445
24,29333304;1,39948320
24,29833304;1,39948320
24,30333304;1,86546493
24,30833304;0,46598175
24,31333304;0,93196350
24,31833304;0,93196350
24,32333304;0,00000000
24,32833304;0,46598175
24,33333304;0,93196350
24,33833304;1,39948320
24,34333303;0,93196350
24,34833303;0,93196350
24,35333303;-0,93196350
24,35833303;0,46598175
24,36333303;0,46598175
24,36833303;-0,46598175
24,37333303;0,00000000
24,37833303;0,00000000
24,38333303;-2,33298445
24,38833303;-2,79896641
24,39333303;-3,26648593
24,39833303;-3,73246789
24,40333303;-4,66596889
24,40833303;-5,59947062
24,41333303;-7,00049162
24,41833303;-7,00049162
24,42333303;-6,53297186
24,42833303;-6,06699038
24,43333303;-5,13348866
24,43833303;-4,66596889
24,44333303;-3,26648593
24,44833303;-3,26648593
24,45333303;-0,46598175
24,45833303;2,33298445
24,46333303;1,86546493
24,46833303;2,79896641
24,47333303;3,73246789
24,47833303;3,73246789
24,48333303;3,73246789
24,48833303;3,26648593
24,49333303;3,73246789
24,49833303;2,79896641
24,50333303;3,26648593
24,50833303;2,33298445
24,51333303;0,93196350
24,51833303;0,93196350
24,52333303;0,46598175
24,52833303;0,46598175
24,53333303;0,00000000
24,53833303;1,39948320
24,54333303;0,46598175
24,54833303;0,93196350
24,55333303;2,33298445
24,55833303;1,39948320
24,56333303;1,86546493
24,56833303;2,33298445
24,57333303;2,33298445
24,57833303;1,39948320
24,58333303;2,79896641
24,58833303;2,33298445
24,59333303;2,33298445
24,59833303;1,86546493
24,60333303;1,39948320
24,60833303;2,33298445
24,61333303;2,79896641
24,61833303;2,79896641
24,62333303;3,26648593
24,62833303;3,73246789
24,63333303;4,19998741
24,63833303;4,66596889
24,64333303;4,19998741
24,64833303;4,66596889
24,65333303;4,19998741
24,65833303;5,13348866
24,66333303;4,66596889
24,66833303;4,19998741
24,67333303;2,79896641
24,67833303;3,26648593
24,68333303;3,73246789
24,68833303;5,13348866
24,69333303;1,86546493
24,69833303;2,33298445
24,70333303;1,86546493
24,70833303;2,33298445
24,71333303;1,86546493
24,71833303;1,39948320
24,72333303;2,79896641
24,72833303;2,33298445
24,73333303;3,26648593
24,73833302;3,26648593
24,74333302;4,19998741
24,74833302;5,13348866
24,75333302;5,13348866
24,75833302;5,59947062
24,76333302;5,59947062
24,76833302;5,59947062
24,77333302;6,53297186
24,77833302;6,53297186
24,78333302;6,53297186
24,78833302;6,06699038
24,79333302;5,59947062
24,79833302;6,53297186
24,80333302;5,13348866
24,80833302;5,59947062
24,81333302;5,13348866
24,81833302;5,13348866
24,82333302;6,06699038
24,82833302;9,33347607
24,83333302;4,66596889
24,83833302;3,73246789
24,84333302;3,26648593
24,84833302;2,79896641
24,85333302;3,26648593
24,85833302;1,86546493
24,86333302;1,86546493
24,86833302;3,73246789
24,87333302;1,86546493
24,87833302;2,33298445
24,88333302;1,86546493
24,88833302;1,86546493
24,89333302;2,79896641
24,89833302;1,86546493
24,90333302;2,79896641
24,90833302;3,26648593
24,91333302;3,26648593
24,91833302;3,26648593
24,92333302;3,26648593
24,92833302;3,73246789
24,93333302;3,26648593
24,93833302;3,73246789
24,94333302;3,73246789
24,94833302;3,73246789
24,95333302;3,73246789
24,95833302;2,79896641
24,96333302;2,79896641
24,96833302;2,33298445
24,97333302;2,33298445
24,97833302;1,39948320
24,98333302;0,93196350
24,98833302;0,93196350
24,99333302;0,46598175
24,99833302;0,00000000
25,00333302;-0,93196350
25,00833302;-0,93196350
