Zeit;Kanal A
(ms);(mV)

-25,00561921;0,18639271
-25,00061921;0,37278542
-24,99561921;0,00000000
-24,99061921;-0,37278542
-24,98561921;0,18639271
-24,98061921;0,00000000
-24,97561921;0,18639271
-24,97061921;0,18639271
-24,96561921;0,18639271
-24,96061921;0,00000000
-24,95561921;0,00000000
-24,95061921;0,00000000
-24,94561921;0,37278542
-24,94061921;0,00000000
-24,93561921;0,00000000
-24,93061921;0,00000000
-24,92561921;0,00000000
-24,92061921;0,00000000
-24,91561921;0,18639271
-24,91061921;0,00000000
-24,90561921;0,37278542
-24,90061921;0,00000000
-24,89561921;0,00000000
-24,89061921;-0,37278542
-24,88561921;0,37278542
-24,88061921;-0,55979329
-24,87561921;0,00000000
-24,87061921;0,55979329
-24,86561921;-0,37278542
-24,86061921;1,11958659
-24,85561921;0,00000000
-24,85061921;-0,37278542
-24,84561921;1,49298716
-24,84061921;0,00000000
-24,83561921;0,18639271
-24,83061921;-0,37278542
-24,82561921;-0,18639271
-24,82061921;-0,37278542
-24,81561921;0,74618596
-24,81061921;0,18639271
-24,80561921;-0,74618596
-24,80061921;-0,37278542
-24,79561921;0,00000000
-24,79061921;0,55979329
-24,78561921;0,00000000
-24,78061921;0,00000000
-24,77561921;0,55979329
-24,77061921;0,18639271
-24,76561921;0,00000000
-24,76061921;-2,05339551
-24,75561921;0,55979329
-24,75061921;0,00000000
-24,74561921;0,93319386
-24,74061921;0,74618596
-24,73561921;0,18639271
-24,73061921;0,55979329
-24,72561921;0,93319386
-24,72061921;-0,55979329
-24,71561921;0,00000000
-24,71061921;-0,18639271
-24,70561921;0,00000000
-24,70061921;-0,37278542
-24,69561921;0,55979329
-24,69061921;0,55979329
-24,68561921;1,11958659
-24,68061921;-0,74618596
-24,67561922;-1,30659437
-24,67061922;-0,18639271
-24,66561922;0,55979329
-24,66061922;-0,18639271
-24,65561922;0,37278542
-24,65061922;0,18639271
-24,64561922;0,55979329
-24,64061922;0,00000000
-24,63561922;0,55979329
-24,63061922;-0,55979329
-24,62561922;0,18639271
-24,62061922;-0,37278542
-24,61561922;0,18639271
-24,61061922;-0,18639271
-24,60561922;0,00000000
-24,60061922;0,00000000
-24,59561922;0,18639271
-24,59061922;0,37278542
-24,58561922;0,18639271
-24,58061922;0,18639271
-24,57561922;0,37278542
-24,57061922;1,11958659
-24,56561922;0,37278542
-24,56061922;-0,18639271
-24,55561922;0,18639271
-24,55061922;0,37278542
-24,54561922;-0,37278542
-24,54061922;-0,37278542
-24,53561922;0,55979329
-24,53061922;0,37278542
-24,52561922;-0,18639271
-24,52061922;0,55979329
-24,51561922;0,00000000
-24,51061922;-0,18639271
-24,50561922;0,18639271
-24,50061922;0,00000000
-24,49561922;0,37278542
-24,49061922;0,37278542
-24,48561922;-1,11958659
-24,48061922;-0,37278542
-24,47561922;-1,49298716
-24,47061922;-0,37278542
-24,46561922;0,18639271
-24,46061922;0,18639271
-24,45561922;0,74618596
-24,45061922;-0,37278542
-24,44561922;5,22699261
-24,44061922;-0,55979329
-24,43561922;-0,37278542
-24,43061922;0,00000000
-24,42561922;0,18639271
-24,42061922;0,18639271
-24,41561922;0,93319386
-24,41061922;0,18639271
-24,40561922;0,00000000
-24,40061922;-1,30659437
-24,39561922;0,55979329
-24,39061922;0,00000000
-24,38561922;0,00000000
-24,38061922;0,18639271
-24,37561922;0,00000000
-24,37061922;0,37278542
-24,36561922;-0,74618596
-24,36061922;-0,18639271
-24,35561922;0,55979329
-24,35061922;0,18639271
-24,34561922;0,55979329
-24,34061922;-0,37278542
-24,33561922;-0,37278542
-24,33061922;-0,74618596
-24,32561922;0,00000000
-24,32061922;0,55979329
-24,31561922;-1,11958659
-24,31061922;0,55979329
-24,30561922;0,55979329
-24,30061922;1,11958659
-24,29561922;-0,37278542
-24,29061922;0,55979329
-24,28561922;0,18639271
-24,28061923;0,18639271
-24,27561923;-0,74618596
-24,27061923;0,00000000
-24,26561923;0,18639271
-24,26061923;-0,37278542
-24,25561923;-0,37278542
-24,25061923;0,55979329
-24,24561923;0,37278542
-24,24061923;0,00000000
-24,23561923;0,37278542
-24,23061923;0,00000000
-24,22561923;-0,37278542
-24,22061923;0,00000000
-24,21561923;0,18639271
-24,21061923;0,37278542
-24,20561923;0,00000000
-24,20061923;-0,18639271
-24,19561923;-1,49298716
-24,19061923;0,37278542
-24,18561923;-0,18639271
-24,18061923;0,55979329
-24,17561923;0,37278542
-24,17061923;0,37278542
-24,16561923;-0,74618596
-24,16061923;-0,55979329
-24,15561923;0,00000000
-24,15061923;-0,37278542
-24,14561923;0,74618596
-24,14061923;0,55979329
-24,13561923;0,18639271
-24,13061923;0,55979329
-24,12561923;0,00000000
-24,12061923;0,00000000
-24,11561923;0,00000000
-24,11061923;0,55979329
-24,10561923;0,00000000
-24,10061923;-0,74618596
-24,09561923;0,00000000
-24,09061923;0,18639271
-24,08561923;0,00000000
-24,08061923;0,55979329
-24,07561923;-0,18639271
-24,07061923;0,00000000
-24,06561923;-0,37278542
-24,06061923;0,93319386
-24,05561923;0,18639271
-24,05061923;0,00000000
-24,04561923;0,74618596
-24,04061923;0,18639271
-24,03561923;0,37278542
-24,03061923;0,37278542
-24,02561923;-0,74618596
-24,02061923;0,93319386
-24,01561923;-0,37278542
-24,01061923;0,74618596
-24,00561923;0,55979329
-24,00061923;0,18639271
-23,99561923;0,93319386
-23,99061923;-0,18639271
-23,98561923;0,37278542
-23,98061923;0,18639271
-23,97561923;-0,18639271
-23,97061923;0,18639271
-23,96561923;0,00000000
-23,96061923;0,00000000
-23,95561923;0,00000000
-23,95061923;-0,55979329
-23,94561923;0,37278542
-23,94061923;0,00000000
-23,93561923;0,18639271
-23,93061923;-0,37278542
-23,92561923;0,93319386
-23,92061923;0,00000000
-23,91561923;0,18639271
-23,91061923;0,55979329
-23,90561923;0,18639271
-23,90061923;0,18639271
-23,89561923;0,18639271
-23,89061923;-0,18639271
-23,88561924;0,55979329
-23,88061924;0,18639271
-23,87561924;0,00000000
-23,87061924;0,00000000
-23,86561924;0,00000000
-23,86061924;0,74618596
-23,85561924;0,18639271
-23,85061924;-0,37278542
-23,84561924;0,55979329
-23,84061924;0,37278542
-23,83561924;0,93319386
-23,83061924;-0,37278542
-23,82561924;0,00000000
-23,82061924;0,18639271
-23,81561924;0,37278542
-23,81061924;0,18639271
-23,80561924;0,00000000
-23,80061924;0,00000000
-23,79561924;0,93319386
-23,79061924;1,67999494
-23,78561924;0,93319386
-23,78061924;-0,37278542
-23,77561924;-0,37278542
-23,77061924;0,00000000
-23,76561924;0,93319386
-23,76061924;-0,74618596
-23,75561924;0,74618596
-23,75061924;0,00000000
-23,74561924;1,30659437
-23,74061924;0,55979329
-23,73561924;-0,37278542
-23,73061924;0,18639271
-23,72561924;0,55979329
-23,72061924;0,55979329
-23,71561924;0,18639271
-23,71061924;0,00000000
-23,70561924;0,00000000
-23,70061924;0,18639271
-23,69561924;0,37278542
-23,69061924;0,37278542
-23,68561924;0,00000000
-23,68061924;-0,37278542
-23,67561924;1,86638772
-23,67061924;-0,37278542
-23,66561924;0,00000000
-23,66061924;1,86638772
-23,65561924;-2,23978829
-23,65061924;0,00000000
-23,64561924;-0,37278542
-23,64061924;0,00000000
-23,63561924;-0,37278542
-23,63061924;0,00000000
-23,62561924;0,18639271
-23,62061924;0,00000000
-23,61561924;0,74618596
-23,61061924;0,93319386
-23,60561924;-0,55979329
-23,60061924;0,00000000
-23,59561924;-0,93319386
-23,59061924;0,00000000
-23,58561924;0,00000000
-23,58061924;-0,55979329
-23,57561924;-0,55979329
-23,57061924;0,00000000
-23,56561924;-0,37278542
-23,56061924;0,55979329
-23,55561924;0,74618596
-23,55061924;1,30659437
-23,54561924;-0,18639271
-23,54061924;0,18639271
-23,53561924;-6,34719419
-23,53061924;-0,18639271
-23,52561924;0,74618596
-23,52061924;0,18639271
-23,51561924;0,00000000
-23,51061924;0,18639271
-23,50561924;-0,18639271
-23,50061924;-0,37278542
-23,49561924;-0,55979329
-23,49061925;-0,37278542
-23,48561925;0,93319386
-23,48061925;0,18639271
-23,47561925;0,18639271
-23,47061925;-1,86638772
-23,46561925;0,18639271
-23,46061925;-0,55979329
-23,45561925;0,18639271
-23,45061925;-0,18639271
-23,44561925;0,55979329
-23,44061925;1,11958659
-23,43561925;-0,18639271
-23,43061925;1,49298716
-23,42561925;0,18639271
-23,42061925;-0,18639271
-23,41561925;-0,18639271
-23,41061925;0,37278542
-23,40561925;0,18639271
-23,40061925;-0,18639271
-23,39561925;0,00000000
-23,39061925;0,18639271
-23,38561925;-0,74618596
-23,38061925;0,18639271
-23,37561925;0,37278542
-23,37061925;-0,18639271
-23,36561925;-0,55979329
-23,36061925;-0,18639271
-23,35561925;0,18639271
-23,35061925;0,18639271
-23,34561925;-0,55979329
-23,34061925;1,86638772
-23,33561925;0,93319386
-23,33061925;-0,37278542
-23,32561925;0,55979329
-23,32061925;-0,18639271
-23,31561925;0,18639271
-23,31061925;0,00000000
-23,30561925;0,18639271
-23,30061925;1,11958659
-23,29561925;-0,37278542
-23,29061925;-0,37278542
-23,28561925;0,37278542
-23,28061925;-0,37278542
-23,27561925;1,67999494
-23,27061925;0,00000000
-23,26561925;0,74618596
-23,26061925;-0,37278542
-23,25561925;0,55979329
-23,25061925;1,11958659
-23,24561925;-0,55979329
-23,24061925;-0,37278542
-23,23561925;-0,74618596
-23,23061925;0,93319386
-23,22561925;0,55979329
-23,22061925;0,18639271
-23,21561925;0,18639271
-23,21061925;-0,37278542
-23,20561925;-0,37278542
-23,20061925;0,00000000
-23,19561925;0,55979329
-23,19061925;0,55979329
-23,18561925;0,00000000
-23,18061925;-0,18639271
-23,17561925;-0,18639271
-23,17061925;0,93319386
-23,16561925;-0,18639271
-23,16061925;-0,74618596
-23,15561925;-0,18639271
-23,15061925;0,00000000
-23,14561925;-0,37278542
-23,14061925;0,37278542
-23,13561925;0,18639271
-23,13061925;-1,30659437
-23,12561925;0,55979329
-23,12061925;0,18639271
-23,11561925;0,00000000
-23,11061925;0,55979329
-23,10561925;0,18639271
-23,10061925;0,00000000
-23,09561925;0,00000000
-23,09061926;0,74618596
-23,08561926;-0,18639271
-23,08061926;0,18639271
-23,07561926;0,55979329
-23,07061926;0,00000000
-23,06561926;0,74618596
-23,06061926;0,00000000
-23,05561926;-0,37278542
-23,05061926;0,18639271
-23,04561926;0,18639271
-23,04061926;0,37278542
-23,03561926;0,18639271
-23,03061926;0,18639271
-23,02561926;0,55979329
-23,02061926;0,00000000
-23,01561926;0,55979329
-23,01061926;0,55979329
-23,00561926;2,42679620
-23,00061926;-0,37278542
-22,99561926;0,18639271
-22,99061926;0,37278542
-22,98561926;0,00000000
-22,98061926;0,18639271
-22,97561926;0,18639271
-22,97061926;0,74618596
-22,96561926;0,00000000
-22,96061926;1,86638772
-22,95561926;0,00000000
-22,95061926;-0,18639271
-22,94561926;-0,37278542
-22,94061926;0,93319386
-22,93561926;0,74618596
-22,93061926;-0,37278542
-22,92561926;0,55979329
-22,92061926;0,37278542
-22,91561926;0,18639271
-22,91061926;0,00000000
-22,90561926;-0,74618596
-22,90061926;-0,74618596
-22,89561926;0,18639271
-22,89061926;0,18639271
-22,88561926;0,74618596
-22,88061926;0,55979329
-22,87561926;-0,93319386
-22,87061926;0,37278542
-22,86561926;-0,55979329
-22,86061926;-0,37278542
-22,85561926;0,00000000
-22,85061926;0,93319386
-22,84561926;0,18639271
-22,84061926;0,55979329
-22,83561926;0,55979329
-22,83061926;0,37278542
-22,82561926;-0,18639271
-22,82061926;0,18639271
-22,81561926;0,00000000
-22,81061926;0,18639271
-22,80561926;-0,37278542
-22,80061926;0,00000000
-22,79561926;0,18639271
-22,79061926;-0,37278542
-22,78561926;0,00000000
-22,78061926;0,00000000
-22,77561926;0,00000000
-22,77061926;-0,37278542
-22,76561926;0,37278542
-22,76061926;0,55979329
-22,75561926;1,11958659
-22,75061926;0,00000000
-22,74561926;0,18639271
-22,74061926;0,18639271
-22,73561926;-0,37278542
-22,73061926;0,18639271
-22,72561926;0,18639271
-22,72061926;0,55979329
-22,71561926;0,93319386
-22,71061926;1,86638772
-22,70561926;0,18639271
-22,70061926;0,37278542
-22,69561927;0,55979329
-22,69061927;0,37278542
-22,68561927;0,74618596
-22,68061927;0,18639271
-22,67561927;-0,55979329
-22,67061927;0,55979329
-22,66561927;0,00000000
-22,66061927;0,18639271
-22,65561927;0,37278542
-22,65061927;0,00000000
-22,64561927;0,00000000
-22,64061927;-0,37278542
-22,63561927;0,74618596
-22,63061927;0,00000000
-22,62561927;1,49298716
-22,62061927;-0,37278542
-22,61561927;1,49298716
-22,61061927;0,37278542
-22,60561927;0,18639271
-22,60061927;0,55979329
-22,59561927;0,37278542
-22,59061927;0,00000000
-22,58561927;0,55979329
-22,58061927;0,00000000
-22,57561927;0,55979329
-22,57061927;-0,18639271
-22,56561927;-0,18639271
-22,56061927;0,74618596
-22,55561927;0,37278542
-22,55061927;0,18639271
-22,54561927;-0,37278542
-22,54061927;1,11958659
-22,53561927;0,00000000
-22,53061927;0,00000000
-22,52561927;0,00000000
-22,52061927;0,18639271
-22,51561927;0,00000000
-22,51061927;-0,55979329
-22,50561927;0,18639271
-22,50061927;0,00000000
-22,49561927;-0,37278542
-22,49061927;0,37278542
-22,48561927;0,37278542
-22,48061927;0,55979329
-22,47561927;0,00000000
-22,47061927;0,18639271
-22,46561927;0,37278542
-22,46061927;-1,67999494
-22,45561927;0,00000000
-22,45061927;0,00000000
-22,44561927;-0,74618596
-22,44061927;0,00000000
-22,43561927;-0,18639271
-22,43061927;0,55979329
-22,42561927;0,93319386
-22,42061927;0,18639271
-22,41561927;0,37278542
-22,41061927;0,18639271
-22,40561927;0,55979329
-22,40061927;0,55979329
-22,39561927;0,18639271
-22,39061927;-0,37278542
-22,38561927;0,00000000
-22,38061927;-0,74618596
-22,37561927;3,73339057
-22,37061927;0,74618596
-22,36561927;0,55979329
-22,36061927;-0,37278542
-22,35561927;-0,37278542
-22,35061927;0,00000000
-22,34561927;0,00000000
-22,34061927;0,18639271
-22,33561927;0,55979329
-22,33061927;-0,55979329
-22,32561927;-0,74618596
-22,32061927;0,18639271
-22,31561927;0,18639271
-22,31061927;0,37278542
-22,30561927;0,37278542
-22,30061928;0,00000000
-22,29561928;0,00000000
-22,29061928;0,55979329
-22,28561928;-0,55979329
-22,28061928;-0,37278542
-22,27561928;-0,55979329
-22,27061928;0,37278542
-22,26561928;0,55979329
-22,26061928;0,93319386
-22,25561928;0,18639271
-22,25061928;0,55979329
-22,24561928;-0,37278542
-22,24061928;0,37278542
-22,23561928;0,37278542
-22,23061928;0,93319386
-22,22561928;0,18639271
-22,22061928;-0,55979329
-22,21561928;-0,18639271
-22,21061928;0,18639271
-22,20561928;0,37278542
-22,20061928;-0,37278542
-22,19561928;0,55979329
-22,19061928;0,00000000
-22,18561928;0,55979329
-22,18061928;0,18639271
-22,17561928;0,00000000
-22,17061928;0,18639271
-22,16561928;0,18639271
-22,16061928;0,18639271
-22,15561928;0,00000000
-22,15061928;-0,55979329
-22,14561928;0,55979329
-22,14061928;0,37278542
-22,13561928;0,00000000
-22,13061928;-1,11958659
-22,12561928;-0,37278542
-22,12061928;-0,18639271
-22,11561928;0,00000000
-22,11061928;-0,55979329
-22,10561928;0,55979329
-22,10061928;-2,61318874
-22,09561928;0,55979329
-22,09061928;0,37278542
-22,08561928;-0,74618596
-22,08061928;0,00000000
-22,07561928;0,00000000
-22,07061928;0,18639271
-22,06561928;0,37278542
-22,06061928;0,18639271
-22,05561928;0,74618596
-22,05061928;0,37278542
-22,04561928;0,93319386
-22,04061928;0,93319386
-22,03561928;-0,37278542
-22,03061928;0,55979329
-22,02561928;0,18639271
-22,02061928;0,00000000
-22,01561928;0,93319386
-22,01061928;0,18639271
-22,00561928;-0,18639271
-22,00061928;0,37278542
-21,99561928;0,55979329
-21,99061928;0,00000000
-21,98561928;-0,55979329
-21,98061928;0,55979329
-21,97561928;0,00000000
-21,97061928;-0,37278542
-21,96561928;0,00000000
-21,96061928;-0,55979329
-21,95561928;0,55979329
-21,95061928;0,18639271
-21,94561928;0,55979329
-21,94061928;0,18639271
-21,93561928;0,18639271
-21,93061928;-0,37278542
-21,92561928;0,18639271
-21,92061928;0,18639271
-21,91561928;-0,18639271
-21,91061928;0,55979329
-21,90561929;0,18639271
-21,90061929;0,18639271
-21,89561929;0,55979329
-21,89061929;-0,93319386
-21,88561929;0,00000000
-21,88061929;0,18639271
-21,87561929;-0,37278542
-21,87061929;0,18639271
-21,86561929;-0,74618596
-21,86061929;0,18639271
-21,85561929;-0,37278542
-21,85061929;-0,37278542
-21,84561929;0,55979329
-21,84061929;0,00000000
-21,83561929;0,55979329
-21,83061929;-0,37278542
-21,82561929;-0,55979329
-21,82061929;0,93319386
-21,81561929;0,93319386
-21,81061929;0,00000000
-21,80561929;0,00000000
-21,80061929;0,37278542
-21,79561929;0,74618596
-21,79061929;0,74618596
-21,78561929;-0,37278542
-21,78061929;0,18639271
-21,77561929;-0,18639271
-21,77061929;-0,55979329
-21,76561929;0,18639271
-21,76061929;12,13459587
-21,75561929;-1,11958659
-21,75061929;0,18639271
-21,74561929;1,11958659
-21,74061929;0,18639271
-21,73561929;0,93319386
-21,73061929;0,00000000
-21,72561929;-0,37278542
-21,72061929;0,18639271
-21,71561929;0,18639271
-21,71061929;0,18639271
-21,70561929;0,55979329
-21,70061929;0,55979329
-21,69561929;0,37278542
-21,69061929;-0,18639271
-21,68561929;0,18639271
-21,68061929;-0,37278542
-21,67561929;0,37278542
-21,67061929;0,37278542
-21,66561929;0,74618596
-21,66061929;0,37278542
-21,65561929;-1,11958659
-21,65061929;0,55979329
-21,64561929;-0,74618596
-21,64061929;0,18639271
-21,63561929;-0,37278542
-21,63061929;0,00000000
-21,62561929;0,93319386
-21,62061929;0,18639271
-21,61561929;0,18639271
-21,61061929;0,18639271
-21,60561929;0,00000000
-21,60061929;-0,18639271
-21,59561929;-0,37278542
-21,59061929;13,25479698
-21,58561929;0,00000000
-21,58061929;-0,18639271
-21,57561929;-0,18639271
-21,57061929;-0,37278542
-21,56561929;-0,37278542
-21,56061929;0,37278542
-21,55561929;0,00000000
-21,55061929;-0,18639271
-21,54561929;0,37278542
-21,54061929;-0,74618596
-21,53561929;-0,37278542
-21,53061929;0,00000000
-21,52561929;-0,55979329
-21,52061929;-0,74618596
-21,51561929;-0,74618596
-21,51061930;0,18639271
-21,50561930;0,55979329
-21,50061930;0,00000000
-21,49561930;-0,37278542
-21,49061930;0,55979329
-21,48561930;0,37278542
-21,48061930;0,18639271
-21,47561930;-0,18639271
-21,47061930;0,00000000
-21,46561930;0,18639271
-21,46061930;0,18639271
-21,45561930;0,00000000
-21,45061930;0,00000000
-21,44561930;0,00000000
-21,44061930;0,00000000
-21,43561930;0,18639271
-21,43061930;0,18639271
-21,42561930;0,37278542
-21,42061930;0,37278542
-21,41561930;0,55979329
-21,41061930;-0,37278542
-21,40561930;0,18639271
-21,40061930;0,37278542
-21,39561930;-0,74618596
-21,39061930;0,00000000
-21,38561930;0,00000000
-21,38061930;0,00000000
-21,37561930;0,18639271
-21,37061930;-0,37278542
-21,36561930;0,55979329
-21,36061930;0,55979329
-21,35561930;-0,37278542
-21,35061930;0,00000000
-21,34561930;-0,37278542
-21,34061930;1,49298716
-21,33561930;0,93319386
-21,33061930;-0,37278542
-21,32561930;0,00000000
-21,32061930;-0,18639271
-21,31561930;-0,55979329
-21,31061930;0,55979329
-21,30561930;0,00000000
-21,30061930;0,00000000
-21,29561930;0,37278542
-21,29061930;0,00000000
-21,28561930;0,18639271
-21,28061930;0,37278542
-21,27561930;-0,55979329
-21,27061930;0,00000000
-21,26561930;0,55979329
-21,26061930;0,93319386
-21,25561930;0,18639271
-21,25061930;0,55979329
-21,24561930;-1,11958659
-21,24061930;-0,18639271
-21,23561930;0,00000000
-21,23061930;0,18639271
-21,22561930;0,18639271
-21,22061930;0,18639271
-21,21561930;1,11958659
-21,21061930;0,00000000
-21,20561930;1,67999494
-21,20061930;0,00000000
-21,19561930;0,00000000
-21,19061930;0,55979329
-21,18561930;0,18639271
-21,18061930;0,18639271
-21,17561930;-0,18639271
-21,17061930;-0,18639271
-21,16561930;1,49298716
-21,16061930;0,93319386
-21,15561930;0,00000000
-21,15061930;0,18639271
-21,14561930;-0,74618596
-21,14061930;0,18639271
-21,13561930;0,00000000
-21,13061930;-0,37278542
-21,12561930;-1,11958659
-21,12061930;-0,55979329
-21,11561930;-0,37278542
-21,11061931;0,74618596
-21,10561931;0,55979329
-21,10061931;0,00000000
-21,09561931;0,55979329
-21,09061931;-0,37278542
-21,08561931;-0,18639271
-21,08061931;0,00000000
-21,07561931;0,55979329
-21,07061931;-0,55979329
-21,06561931;-0,74618596
-21,06061931;0,00000000
-21,05561931;-0,18639271
-21,05061931;-0,18639271
-21,04561931;0,00000000
-21,04061931;-0,55979329
-21,03561931;-0,18639271
-21,03061931;0,18639271
-21,02561931;0,37278542
-21,02061931;-0,37278542
-21,01561931;0,00000000
-21,01061931;-0,37278542
-21,00561931;0,18639271
-21,00061931;-0,55979329
-20,99561931;0,18639271
-20,99061931;0,93319386
-20,98561931;0,55979329
-20,98061931;0,00000000
-20,97561931;0,18639271
-20,97061931;0,18639271
-20,96561931;0,18639271
-20,96061931;0,37278542
-20,95561931;0,18639271
-20,95061931;-0,18639271
-20,94561931;0,00000000
-20,94061931;0,00000000
-20,93561931;0,93319386
-20,93061931;0,00000000
-20,92561931;-0,18639271
-20,92061931;0,18639271
-20,91561931;0,37278542
-20,91061931;0,00000000
-20,90561931;-0,37278542
-20,90061931;0,18639271
-20,89561931;-0,37278542
-20,89061931;0,18639271
-20,88561931;0,18639271
-20,88061931;0,37278542
-20,87561931;0,55979329
-20,87061931;0,00000000
-20,86561931;-0,55979329
-20,86061931;0,18639271
-20,85561931;-0,18639271
-20,85061931;-0,18639271
-20,84561931;-0,37278542
-20,84061931;0,18639271
-20,83561931;0,00000000
-20,83061931;-0,37278542
-20,82561931;0,00000000
-20,82061931;0,55979329
-20,81561931;-0,37278542
-20,81061931;0,55979329
-20,80561931;-2,23978829
-20,80061931;1,30659437
-20,79561931;0,18639271
-20,79061931;-0,55979329
-20,78561931;0,18639271
-20,78061931;0,18639271
-20,77561931;-0,55979329
-20,77061931;0,00000000
-20,76561931;1,86638772
-20,76061931;0,00000000
-20,75561931;0,55979329
-20,75061931;0,00000000
-20,74561931;0,18639271
-20,74061931;-0,37278542
-20,73561931;-0,74618596
-20,73061931;0,55979329
-20,72561931;-0,18639271
-20,72061931;-0,37278542
-20,71561932;0,55979329
-20,71061932;-0,18639271
-20,70561932;0,18639271
-20,70061932;0,00000000
-20,69561932;-0,37278542
-20,69061932;0,00000000
-20,68561932;0,37278542
-20,68061932;-0,37278542
-20,67561932;0,18639271
-20,67061932;-0,37278542
-20,66561932;-0,37278542
-20,66061932;0,00000000
-20,65561932;-0,37278542
-20,65061932;0,00000000
-20,64561932;-1,11958659
-20,64061932;1,11958659
-20,63561932;-0,37278542
-20,63061932;0,00000000
-20,62561932;0,00000000
-20,62061932;0,00000000
-20,61561932;0,00000000
-20,61061932;0,37278542
-20,60561932;0,00000000
-20,60061932;-0,37278542
-20,59561932;-0,18639271
-20,59061932;-0,18639271
-20,58561932;-0,37278542
-20,58061932;0,18639271
-20,57561932;-0,18639271
-20,57061932;0,18639271
-20,56561932;0,18639271
-20,56061932;0,37278542
-20,55561932;-0,18639271
-20,55061932;0,18639271
-20,54561932;-0,55979329
-20,54061932;0,00000000
-20,53561932;0,18639271
-20,53061932;-0,55979329
-20,52561932;0,00000000
-20,52061932;0,18639271
-20,51561932;-0,74618596
-20,51061932;-0,37278542
-20,50561932;-0,55979329
-20,50061932;-0,74618596
-20,49561932;0,55979329
-20,49061932;0,18639271
-20,48561932;0,00000000
-20,48061932;0,00000000
-20,47561932;0,55979329
-20,47061932;0,00000000
-20,46561932;-0,37278542
-20,46061932;-0,37278542
-20,45561932;-0,18639271
-20,45061932;0,18639271
-20,44561932;-0,18639271
-20,44061932;0,55979329
-20,43561932;-0,37278542
-20,43061932;0,18639271
-20,42561932;0,37278542
-20,42061932;-0,55979329
-20,41561932;0,55979329
-20,41061932;-0,37278542
-20,40561932;0,00000000
-20,40061932;0,37278542
-20,39561932;0,00000000
-20,39061932;-0,74618596
-20,38561932;-0,55979329
-20,38061932;0,00000000
-20,37561932;0,55979329
-20,37061932;0,55979329
-20,36561932;0,00000000
-20,36061932;0,18639271
-20,35561932;0,55979329
-20,35061932;-0,55979329
-20,34561932;2,42679620
-20,34061932;0,74618596
-20,33561932;-2,05339551
-20,33061932;1,11958659
-20,32561932;-0,37278542
-20,32061933;-0,37278542
-20,31561933;0,00000000
-20,31061933;-0,55979329
-20,30561933;0,55979329
-20,30061933;-0,18639271
-20,29561933;0,37278542
-20,29061933;-0,37278542
-20,28561933;0,00000000
-20,28061933;-0,55979329
-20,27561933;0,93319386
-20,27061933;-0,74618596
-20,26561933;-0,37278542
-20,26061933;-0,37278542
-20,25561933;0,00000000
-20,25061933;-0,93319386
-20,24561933;-0,37278542
-20,24061933;0,00000000
-20,23561933;-0,37278542
-20,23061933;0,18639271
-20,22561933;-0,37278542
-20,22061933;0,00000000
-20,21561933;-0,37278542
-20,21061933;0,00000000
-20,20561933;-0,37278542
-20,20061933;0,18639271
-20,19561933;0,55979329
-20,19061933;0,00000000
-20,18561933;0,00000000
-20,18061933;0,00000000
-20,17561933;0,74618596
-20,17061933;-0,74618596
-20,16561933;-0,18639271
-20,16061933;-0,55979329
-20,15561933;0,55979329
-20,15061933;0,37278542
-20,14561933;0,18639271
-20,14061933;0,00000000
-20,13561933;0,55979329
-20,13061933;-0,55979329
-20,12561933;0,55979329
-20,12061933;0,74618596
-20,11561933;0,00000000
-20,11061933;0,93319386
-20,10561933;0,37278542
-20,10061933;-0,37278542
-20,09561933;0,55979329
-20,09061933;0,37278542
-20,08561933;0,18639271
-20,08061933;-4,85359240
-20,07561933;0,55979329
-20,07061933;-0,37278542
-20,06561933;0,00000000
-20,06061933;-0,18639271
-20,05561933;0,37278542
-20,05061933;0,00000000
-20,04561933;0,00000000
-20,04061933;-0,37278542
-20,03561933;-0,18639271
-20,03061933;0,18639271
-20,02561933;0,55979329
-20,02061933;-0,74618596
-20,01561933;0,00000000
-20,01061933;0,18639271
-20,00561933;-0,74618596
-20,00061933;-0,74618596
-19,99561933;0,00000000
-19,99061933;-0,55979329
-19,98561933;0,18639271
-19,98061933;0,18639271
-19,97561933;0,18639271
-19,97061933;-0,93319386
-19,96561933;0,37278542
-19,96061933;-0,37278542
-19,95561933;0,55979329
-19,95061933;-0,18639271
-19,94561933;0,55979329
-19,94061933;0,00000000
-19,93561933;0,55979329
-19,93061933;-0,37278542
-19,92561934;0,18639271
-19,92061934;0,37278542
-19,91561934;0,93319386
-19,91061934;0,18639271
-19,90561934;0,37278542
-19,90061934;0,18639271
-19,89561934;0,00000000
-19,89061934;0,18639271
-19,88561934;0,55979329
-19,88061934;0,00000000
-19,87561934;0,74618596
-19,87061934;0,18639271
-19,86561934;-0,55979329
-19,86061934;-0,37278542
-19,85561934;0,18639271
-19,85061934;0,18639271
-19,84561934;-0,37278542
-19,84061934;0,18639271
-19,83561934;0,74618596
-19,83061934;0,18639271
-19,82561934;0,00000000
-19,82061934;0,55979329
-19,81561934;-0,18639271
-19,81061934;0,37278542
-19,80561934;1,11958659
-19,80061934;-0,74618596
-19,79561934;-0,74618596
-19,79061934;0,37278542
-19,78561934;-0,74618596
-19,78061934;-0,18639271
-19,77561934;-0,55979329
-19,77061934;0,37278542
-19,76561934;-0,37278542
-19,76061934;0,18639271
-19,75561934;0,00000000
-19,75061934;0,74618596
-19,74561934;-0,37278542
-19,74061934;-0,55979329
-19,73561934;-2,23978829
-19,73061934;0,18639271
-19,72561934;0,55979329
-19,72061934;0,55979329
-19,71561934;0,18639271
-19,71061934;0,00000000
-19,70561934;0,00000000
-19,70061934;0,00000000
-19,69561934;0,18639271
-19,69061934;-0,55979329
-19,68561934;0,00000000
-19,68061934;0,55979329
-19,67561934;0,93319386
-19,67061934;0,55979329
-19,66561934;-0,74618596
-19,66061934;-0,55979329
-19,65561934;0,00000000
-19,65061934;0,55979329
-19,64561934;0,00000000
-19,64061934;0,18639271
-19,63561934;-0,74618596
-19,63061934;-0,18639271
-19,62561934;0,55979329
-19,62061934;0,93319386
-19,61561934;-0,55979329
-19,61061934;0,18639271
-19,60561934;0,55979329
-19,60061934;0,55979329
-19,59561934;0,55979329
-19,59061934;0,55979329
-19,58561934;0,37278542
-19,58061934;0,55979329
-19,57561934;0,93319386
-19,57061934;0,18639271
-19,56561934;-1,67999494
-19,56061934;0,37278542
-19,55561934;0,00000000
-19,55061934;0,93319386
-19,54561934;0,18639271
-19,54061934;-0,18639271
-19,53561934;0,00000000
-19,53061935;-1,30659437
-19,52561935;0,18639271
-19,52061935;0,00000000
-19,51561935;-0,74618596
-19,51061935;-0,18639271
-19,50561935;-0,55979329
-19,50061935;-0,55979329
-19,49561935;-0,37278542
-19,49061935;-0,18639271
-19,48561935;0,00000000
-19,48061935;0,18639271
-19,47561935;-0,74618596
-19,47061935;-0,37278542
-19,46561935;0,93319386
-19,46061935;-0,37278542
-19,45561935;0,37278542
-19,45061935;0,37278542
-19,44561935;0,00000000
-19,44061935;0,00000000
-19,43561935;-0,18639271
-19,43061935;-0,74618596
-19,42561935;0,18639271
-19,42061935;0,00000000
-19,41561935;0,37278542
-19,41061935;0,00000000
-19,40561935;-1,67999494
-19,40061935;-0,37278542
-19,39561935;-1,11958659
-19,39061935;-0,18639271
-19,38561935;-0,93319386
-19,38061935;0,18639271
-19,37561935;0,93319386
-19,37061935;-0,37278542
-19,36561935;0,18639271
-19,36061935;-0,74618596
-19,35561935;0,18639271
-19,35061935;0,00000000
-19,34561935;0,00000000
-19,34061935;0,00000000
-19,33561935;-0,37278542
-19,33061935;0,00000000
-19,32561935;0,18639271
-19,32061935;0,18639271
-19,31561935;0,55979329
-19,31061935;0,74618596
-19,30561935;-0,55979329
-19,30061935;0,55979329
-19,29561935;0,18639271
-19,29061935;1,49298716
-19,28561935;0,37278542
-19,28061935;0,55979329
-19,27561935;0,55979329
-19,27061935;-0,18639271
-19,26561935;0,18639271
-19,26061935;0,00000000
-19,25561935;-0,37278542
-19,25061935;0,00000000
-19,24561935;-0,37278542
-19,24061935;0,93319386
-19,23561935;0,00000000
-19,23061935;0,37278542
-19,22561935;0,55979329
-19,22061935;0,37278542
-19,21561935;0,55979329
-19,21061935;-0,18639271
-19,20561935;0,55979329
-19,20061935;0,18639271
-19,19561935;0,37278542
-19,19061935;0,00000000
-19,18561935;0,00000000
-19,18061935;0,00000000
-19,17561935;0,55979329
-19,17061935;0,18639271
-19,16561935;0,55979329
-19,16061935;-0,74618596
-19,15561935;0,37278542
-19,15061935;-0,18639271
-19,14561935;0,18639271
-19,14061935;0,00000000
-19,13561936;0,37278542
-19,13061936;0,55979329
-19,12561936;0,18639271
-19,12061936;-0,74618596
-19,11561936;-3,17359710
-19,11061936;-0,37278542
-19,10561936;0,18639271
-19,10061936;0,00000000
-19,09561936;-0,18639271
-19,09061936;0,00000000
-19,08561936;0,37278542
-19,08061936;0,37278542
-19,07561936;0,18639271
-19,07061936;0,18639271
-19,06561936;0,18639271
-19,06061936;-0,37278542
-19,05561936;-0,37278542
-19,05061936;-0,18639271
-19,04561936;0,18639271
-19,04061936;0,74618596
-19,03561936;0,00000000
-19,03061936;-0,37278542
-19,02561936;0,55979329
-19,02061936;0,55979329
-19,01561936;0,00000000
-19,01061936;0,00000000
-19,00561936;1,11958659
-19,00061936;0,93319386
-18,99561936;-0,18639271
-18,99061936;0,18639271
-18,98561936;0,18639271
-18,98061936;0,00000000
-18,97561936;0,74618596
-18,97061936;0,00000000
-18,96561936;0,37278542
-18,96061936;0,00000000
-18,95561936;0,00000000
-18,95061936;-0,37278542
-18,94561936;0,93319386
-18,94061936;-0,55979329
-18,93561936;0,37278542
-18,93061936;0,18639271
-18,92561936;0,18639271
-18,92061936;0,00000000
-18,91561936;0,55979329
-18,91061936;-1,11958659
-18,90561936;-0,37278542
-18,90061936;0,93319386
-18,89561936;0,00000000
-18,89061936;0,37278542
-18,88561936;0,18639271
-18,88061936;-0,37278542
-18,87561936;-0,37278542
-18,87061936;1,49298716
-18,86561936;0,74618596
-18,86061936;0,00000000
-18,85561936;-0,55979329
-18,85061936;0,55979329
-18,84561936;-0,74618596
-18,84061936;0,00000000
-18,83561936;0,00000000
-18,83061936;0,00000000
-18,82561936;0,18639271
-18,82061936;0,18639271
-18,81561936;-0,18639271
-18,81061936;0,18639271
-18,80561936;0,18639271
-18,80061936;-0,74618596
-18,79561936;-0,37278542
-18,79061936;0,55979329
-18,78561936;-0,37278542
-18,78061936;0,00000000
-18,77561936;0,18639271
-18,77061936;0,18639271
-18,76561936;-0,37278542
-18,76061936;-0,18639271
-18,75561936;0,18639271
-18,75061936;0,18639271
-18,74561936;0,37278542
-18,74061936;1,11958659
-18,73561937;0,00000000
-18,73061937;0,55979329
-18,72561937;-0,37278542
-18,72061937;-0,18639271
-18,71561937;0,18639271
-18,71061937;0,55979329
-18,70561937;0,37278542
-18,70061937;-0,55979329
-18,69561937;-0,18639271
-18,69061937;-0,93319386
-18,68561937;0,18639271
-18,68061937;-0,18639271
-18,67561937;0,55979329
-18,67061937;0,55979329
-18,66561937;0,18639271
-18,66061937;0,00000000
-18,65561937;0,55979329
-18,65061937;0,00000000
-18,64561937;0,00000000
-18,64061937;-0,55979329
-18,63561937;0,18639271
-18,63061937;0,00000000
-18,62561937;0,00000000
-18,62061937;0,18639271
-18,61561937;0,55979329
-18,61061937;0,55979329
-18,60561937;0,55979329
-18,60061937;1,30659437
-18,59561937;-0,37278542
-18,59061937;-0,37278542
-18,58561937;0,37278542
-18,58061937;0,18639271
-18,57561937;0,55979329
-18,57061937;1,30659437
-18,56561937;0,18639271
-18,56061937;0,55979329
-18,55561937;1,11958659
-18,55061937;0,18639271
-18,54561937;0,18639271
-18,54061937;0,37278542
-18,53561937;0,55979329
-18,53061937;-0,74618596
-18,52561937;0,00000000
-18,52061937;-0,18639271
-18,51561937;0,55979329
-18,51061937;0,37278542
-18,50561937;1,86638772
-18,50061937;0,18639271
-18,49561937;0,00000000
-18,49061937;0,93319386
-18,48561937;0,18639271
-18,48061937;0,00000000
-18,47561937;0,37278542
-18,47061937;0,93319386
-18,46561937;0,93319386
-18,46061937;0,55979329
-18,45561937;0,18639271
-18,45061937;-0,37278542
-18,44561937;0,93319386
-18,44061937;1,11958659
-18,43561937;0,00000000
-18,43061937;0,00000000
-18,42561937;0,55979329
-18,42061937;-0,55979329
-18,41561937;-0,18639271
-18,41061937;-0,55979329
-18,40561937;0,37278542
-18,40061937;0,18639271
-18,39561937;0,00000000
-18,39061937;-0,18639271
-18,38561937;0,00000000
-18,38061937;0,18639271
-18,37561937;0,18639271
-18,37061937;-0,37278542
-18,36561937;0,00000000
-18,36061937;0,00000000
-18,35561937;0,18639271
-18,35061937;2,98658943
-18,34561937;0,55979329
-18,34061938;0,00000000
-18,33561938;0,55979329
-18,33061938;-4,85359240
-18,32561938;0,00000000
-18,32061938;0,55979329
-18,31561938;1,11958659
-18,31061938;0,74618596
-18,30561938;1,11958659
-18,30061938;1,30659437
-18,29561938;0,55979329
-18,29061938;0,00000000
-18,28561938;0,00000000
-18,28061938;0,18639271
-18,27561938;0,18639271
-18,27061938;0,93319386
-18,26561938;0,00000000
-18,26061938;0,18639271
-18,25561938;0,00000000
-18,25061938;0,18639271
-18,24561938;0,55979329
-18,24061938;-0,74618596
-18,23561938;0,55979329
-18,23061938;0,55979329
-18,22561938;-1,11958659
-18,22061938;-0,37278542
-18,21561938;-1,30659437
-18,21061938;0,55979329
-18,20561938;0,00000000
-18,20061938;0,00000000
-18,19561938;-0,74618596
-18,19061938;0,00000000
-18,18561938;0,18639271
-18,18061938;0,00000000
-18,17561938;2,98658943
-18,17061938;0,37278542
-18,16561938;0,18639271
-18,16061938;0,18639271
-18,15561938;0,55979329
-18,15061938;0,74618596
-18,14561938;0,00000000
-18,14061938;0,37278542
-18,13561938;0,74618596
-18,13061938;0,00000000
-18,12561938;-0,37278542
-18,12061938;0,74618596
-18,11561938;-1,49298716
-18,11061938;-0,18639271
-18,10561938;-0,74618596
-18,10061938;-0,37278542
-18,09561938;0,37278542
-18,09061938;0,74618596
-18,08561938;-0,18639271
-18,08061938;-0,18639271
-18,07561938;0,37278542
-18,07061938;0,00000000
-18,06561938;0,55979329
-18,06061938;0,93319386
-18,05561938;0,18639271
-18,05061938;0,00000000
-18,04561938;0,18639271
-18,04061938;0,00000000
-18,03561938;0,55979329
-18,03061938;0,74618596
-18,02561938;0,00000000
-18,02061938;-0,18639271
-18,01561938;0,00000000
-18,01061938;0,55979329
-18,00561938;0,37278542
-18,00061938;0,00000000
-17,99561938;0,37278542
-17,99061938;0,93319386
-17,98561938;0,18639271
-17,98061938;1,11958659
-17,97561938;0,18639271
-17,97061938;0,74618596
-17,96561938;0,00000000
-17,96061938;0,18639271
-17,95561938;0,00000000
-17,95061938;0,00000000
-17,94561939;0,18639271
-17,94061939;1,30659437
-17,93561939;-0,18639271
-17,93061939;0,00000000
-17,92561939;0,74618596
-17,92061939;0,18639271
-17,91561939;-1,11958659
-17,91061939;0,55979329
-17,90561939;-0,37278542
-17,90061939;0,55979329
-17,89561939;1,11958659
-17,89061939;0,93319386
-17,88561939;0,37278542
-17,88061939;-0,55979329
-17,87561939;0,74618596
-17,87061939;0,55979329
-17,86561939;0,18639271
-17,86061939;0,37278542
-17,85561939;0,00000000
-17,85061939;0,18639271
-17,84561939;-0,37278542
-17,84061939;0,74618596
-17,83561939;-0,37278542
-17,83061939;0,18639271
-17,82561939;0,93319386
-17,82061939;0,18639271
-17,81561939;-0,18639271
-17,81061939;-0,74618596
-17,80561939;-0,37278542
-17,80061939;-0,37278542
-17,79561939;0,18639271
-17,79061939;-0,18639271
-17,78561939;0,18639271
-17,78061939;-0,74618596
-17,77561939;0,18639271
-17,77061939;1,11958659
-17,76561939;0,18639271
-17,76061939;0,18639271
-17,75561939;0,93319386
-17,75061939;0,18639271
-17,74561939;-4,10679102
-17,74061939;0,55979329
-17,73561939;0,55979329
-17,73061939;-0,37278542
-17,72561939;-0,37278542
-17,72061939;0,55979329
-17,71561939;0,55979329
-17,71061939;0,93319386
-17,70561939;-0,55979329
-17,70061939;0,00000000
-17,69561939;0,55979329
-17,69061939;-0,18639271
-17,68561939;1,11958659
-17,68061939;0,55979329
-17,67561939;0,55979329
-17,67061939;0,37278542
-17,66561939;-0,37278542
-17,66061939;0,18639271
-17,65561939;0,55979329
-17,65061939;0,18639271
-17,64561939;0,18639271
-17,64061939;0,37278542
-17,63561939;0,18639271
-17,63061939;0,00000000
-17,62561939;0,55979329
-17,62061939;-0,37278542
-17,61561939;0,00000000
-17,61061939;1,86638772
-17,60561939;0,74618596
-17,60061939;0,18639271
-17,59561939;0,93319386
-17,59061939;0,74618596
-17,58561939;0,37278542
-17,58061939;0,18639271
-17,57561939;0,37278542
-17,57061939;0,00000000
-17,56561939;0,55979329
-17,56061939;0,37278542
-17,55561939;0,55979329
-17,55061940;0,55979329
-17,54561940;0,55979329
-17,54061940;1,11958659
-17,53561940;0,00000000
-17,53061940;0,37278542
-17,52561940;0,55979329
-17,52061940;-1,11958659
-17,51561940;0,00000000
-17,51061940;0,18639271
-17,50561940;0,55979329
-17,50061940;0,18639271
-17,49561940;0,18639271
-17,49061940;-0,37278542
-17,48561940;-0,37278542
-17,48061940;0,00000000
-17,47561940;2,05339551
-17,47061940;0,18639271
-17,46561940;0,93319386
-17,46061940;-0,37278542
-17,45561940;0,18639271
-17,45061940;0,93319386
-17,44561940;0,18639271
-17,44061940;0,37278542
-17,43561940;0,18639271
-17,43061940;-0,37278542
-17,42561940;-0,18639271
-17,42061940;-0,37278542
-17,41561940;0,37278542
-17,41061940;0,37278542
-17,40561940;-0,37278542
-17,40061940;0,55979329
-17,39561940;0,00000000
-17,39061940;1,49298716
-17,38561940;0,55979329
-17,38061940;-0,37278542
-17,37561940;0,74618596
-17,37061940;0,55979329
-17,36561940;0,55979329
-17,36061940;0,18639271
-17,35561940;0,55979329
-17,35061940;1,11958659
-17,34561940;0,37278542
-17,34061940;0,55979329
-17,33561940;0,00000000
-17,33061940;0,18639271
-17,32561940;0,00000000
-17,32061940;-1,30659437
-17,31561940;-1,11958659
-17,31061940;0,55979329
-17,30561940;0,93319386
-17,30061940;0,18639271
-17,29561940;0,00000000
-17,29061940;0,37278542
-17,28561940;0,18639271
-17,28061940;0,00000000
-17,27561940;-0,37278542
-17,27061940;0,18639271
-17,26561940;0,74618596
-17,26061940;0,74618596
-17,25561940;0,55979329
-17,25061940;0,55979329
-17,24561940;-0,37278542
-17,24061940;-0,55979329
-17,23561940;0,00000000
-17,23061940;-0,37278542
-17,22561940;0,18639271
-17,22061940;0,55979329
-17,21561940;0,93319386
-17,21061940;0,00000000
-17,20561940;3,17359710
-17,20061940;0,55979329
-17,19561940;0,37278542
-17,19061940;0,55979329
-17,18561940;0,55979329
-17,18061940;1,30659437
-17,17561940;0,93319386
-17,17061940;0,37278542
-17,16561940;-0,18639271
-17,16061940;0,18639271
-17,15561941;0,00000000
-17,15061941;0,18639271
-17,14561941;0,55979329
-17,14061941;0,00000000
-17,13561941;-0,37278542
-17,13061941;0,93319386
-17,12561941;0,93319386
-17,12061941;0,55979329
-17,11561941;1,30659437
-17,11061941;0,55979329
-17,10561941;-0,37278542
-17,10061941;0,18639271
-17,09561941;0,00000000
-17,09061941;0,93319386
-17,08561941;0,00000000
-17,08061941;0,18639271
-17,07561941;0,55979329
-17,07061941;-1,11958659
-17,06561941;0,74618596
-17,06061941;-0,37278542
-17,05561941;0,18639271
-17,05061941;0,55979329
-17,04561941;0,18639271
-17,04061941;0,55979329
-17,03561941;0,00000000
-17,03061941;-0,37278542
-17,02561941;0,55979329
-17,02061941;0,93319386
-17,01561941;0,37278542
-17,01061941;0,18639271
-17,00561941;0,00000000
-17,00061941;0,55979329
-16,99561941;0,55979329
-16,99061941;0,55979329
-16,98561941;0,00000000
-16,98061941;-0,37278542
-16,97561941;0,18639271
-16,97061941;0,18639271
-16,96561941;-0,37278542
-16,96061941;0,18639271
-16,95561941;0,18639271
-16,95061941;1,11958659
-16,94561941;0,18639271
-16,94061941;-0,18639271
-16,93561941;0,00000000
-16,93061941;-0,37278542
-16,92561941;0,93319386
-16,92061941;1,86638772
-16,91561941;0,00000000
-16,91061941;0,93319386
-16,90561941;1,49298716
-16,90061941;0,00000000
-16,89561941;0,18639271
-16,89061941;0,37278542
-16,88561941;0,00000000
-16,88061941;0,55979329
-16,87561941;-0,18639271
-16,87061941;0,55979329
-16,86561941;0,55979329
-16,86061941;-0,37278542
-16,85561941;-0,18639271
-16,85061941;0,55979329
-16,84561941;0,00000000
-16,84061941;0,37278542
-16,83561941;0,37278542
-16,83061941;0,55979329
-16,82561941;0,74618596
-16,82061941;-0,37278542
-16,81561941;0,00000000
-16,81061941;0,00000000
-16,80561941;0,37278542
-16,80061941;0,93319386
-16,79561941;0,18639271
-16,79061941;0,55979329
-16,78561941;0,18639271
-16,78061941;0,74618596
-16,77561941;0,55979329
-16,77061941;0,37278542
-16,76561941;-0,37278542
-16,76061942;0,00000000
-16,75561942;0,00000000
-16,75061942;0,93319386
-16,74561942;0,18639271
-16,74061942;0,55979329
-16,73561942;0,18639271
-16,73061942;0,55979329
-16,72561942;-0,37278542
-16,72061942;0,93319386
-16,71561942;0,93319386
-16,71061942;0,00000000
-16,70561942;1,49298716
-16,70061942;0,37278542
-16,69561942;0,55979329
-16,69061942;0,37278542
-16,68561942;0,18639271
-16,68061942;0,18639271
-16,67561942;0,55979329
-16,67061942;-0,18639271
-16,66561942;-0,37278542
-16,66061942;-0,37278542
-16,65561942;0,00000000
-16,65061942;0,55979329
-16,64561942;0,18639271
-16,64061942;0,00000000
-16,63561942;0,37278542
-16,63061942;0,00000000
-16,62561942;0,18639271
-16,62061942;0,00000000
-16,61561942;0,55979329
-16,61061942;0,18639271
-16,60561942;0,74618596
-16,60061942;0,37278542
-16,59561942;0,18639271
-16,59061942;0,18639271
-16,58561942;0,18639271
-16,58061942;0,37278542
-16,57561942;0,93319386
-16,57061942;-0,37278542
-16,56561942;0,00000000
-16,56061942;0,00000000
-16,55561942;0,93319386
-16,55061942;-0,18639271
-16,54561942;1,11958659
-16,54061942;-0,55979329
-16,53561942;-0,18639271
-16,53061942;-0,55979329
-16,52561942;0,18639271
-16,52061942;0,00000000
-16,51561942;0,18639271
-16,51061942;0,18639271
-16,50561942;0,55979329
-16,50061942;0,37278542
-16,49561942;0,18639271
-16,49061942;1,30659437
-16,48561942;0,00000000
-16,48061942;-0,37278542
-16,47561942;0,18639271
-16,47061942;0,00000000
-16,46561942;0,00000000
-16,46061942;-0,74618596
-16,45561942;0,74618596
-16,45061942;-0,37278542
-16,44561942;0,18639271
-16,44061942;0,00000000
-16,43561942;0,00000000
-16,43061942;0,00000000
-16,42561942;-0,55979329
-16,42061942;0,74618596
-16,41561942;0,00000000
-16,41061942;0,18639271
-16,40561942;-0,18639271
-16,40061942;-0,37278542
-16,39561942;0,18639271
-16,39061942;0,37278542
-16,38561942;0,55979329
-16,38061942;-0,37278542
-16,37561942;-0,18639271
-16,37061942;0,93319386
-16,36561942;0,18639271
-16,36061943;0,18639271
-16,35561943;0,55979329
-16,35061943;0,00000000
-16,34561943;0,00000000
-16,34061943;0,55979329
-16,33561943;-0,18639271
-16,33061943;0,18639271
-16,32561943;0,55979329
-16,32061943;-0,74618596
-16,31561943;-0,37278542
-16,31061943;0,18639271
-16,30561943;0,74618596
-16,30061943;0,18639271
-16,29561943;-0,55979329
-16,29061943;0,00000000
-16,28561943;0,93319386
-16,28061943;0,55979329
-16,27561943;0,37278542
-16,27061943;0,00000000
-16,26561943;0,37278542
-16,26061943;0,00000000
-16,25561943;0,00000000
-16,25061943;-0,18639271
-16,24561943;-0,74618596
-16,24061943;-0,18639271
-16,23561943;0,00000000
-16,23061943;-1,11958659
-16,22561943;0,00000000
-16,22061943;0,18639271
-16,21561943;0,00000000
-16,21061943;0,55979329
-16,20561943;0,00000000
-16,20061943;0,18639271
-16,19561943;-0,18639271
-16,19061943;0,18639271
-16,18561943;0,18639271
-16,18061943;0,37278542
-16,17561943;0,18639271
-16,17061943;0,18639271
-16,16561943;0,18639271
-16,16061943;0,55979329
-16,15561943;0,55979329
-16,15061943;1,11958659
-16,14561943;0,00000000
-16,14061943;0,18639271
-16,13561943;0,18639271
-16,13061943;0,55979329
-16,12561943;0,00000000
-16,12061943;-0,55979329
-16,11561943;0,00000000
-16,11061943;0,37278542
-16,10561943;1,86638772
-16,10061943;-0,18639271
-16,09561943;-0,18639271
-16,09061943;-0,74618596
-16,08561943;0,55979329
-16,08061943;-0,37278542
-16,07561943;0,18639271
-16,07061943;0,00000000
-16,06561943;-0,74618596
-16,06061943;0,00000000
-16,05561943;0,37278542
-16,05061943;0,18639271
-16,04561943;0,18639271
-16,04061943;0,37278542
-16,03561943;0,00000000
-16,03061943;0,18639271
-16,02561943;-1,11958659
-16,02061943;0,55979329
-16,01561943;-0,74618596
-16,01061943;0,18639271
-16,00561943;0,00000000
-16,00061943;0,00000000
-15,99561943;0,93319386
-15,99061943;-0,37278542
-15,98561943;0,18639271
-15,98061943;-0,37278542
-15,97561943;-0,18639271
-15,97061943;-0,18639271
-15,96561944;0,55979329
-15,96061944;-0,37278542
-15,95561944;0,00000000
-15,95061944;0,55979329
-15,94561944;0,55979329
-15,94061944;0,93319386
-15,93561944;0,37278542
-15,93061944;0,55979329
-15,92561944;0,00000000
-15,92061944;0,55979329
-15,91561944;-0,37278542
-15,91061944;-0,55979329
-15,90561944;0,74618596
-15,90061944;-1,11958659
-15,89561944;0,18639271
-15,89061944;0,18639271
-15,88561944;-1,30659437
-15,88061944;-0,55979329
-15,87561944;-0,18639271
-15,87061944;-0,18639271
-15,86561944;-0,55979329
-15,86061944;0,18639271
-15,85561944;0,55979329
-15,85061944;-0,37278542
-15,84561944;0,18639271
-15,84061944;-0,37278542
-15,83561944;-0,18639271
-15,83061944;-0,37278542
-15,82561944;0,00000000
-15,82061944;0,18639271
-15,81561944;0,18639271
-15,81061944;-0,18639271
-15,80561944;-0,18639271
-15,80061944;0,18639271
-15,79561944;-0,74618596
-15,79061944;0,18639271
-15,78561944;0,00000000
-15,78061944;0,18639271
-15,77561944;0,18639271
-15,77061944;0,37278542
-15,76561944;0,00000000
-15,76061944;0,00000000
-15,75561944;0,55979329
-15,75061944;-0,37278542
-15,74561944;-0,37278542
-15,74061944;0,37278542
-15,73561944;-0,18639271
-15,73061944;-0,37278542
-15,72561944;0,37278542
-15,72061944;0,00000000
-15,71561944;0,00000000
-15,71061944;0,18639271
-15,70561944;-1,86638772
-15,70061944;0,18639271
-15,69561944;-0,37278542
-15,69061944;-2,23978829
-15,68561944;0,18639271
-15,68061944;0,18639271
-15,67561944;-0,55979329
-15,67061944;0,74618596
-15,66561944;0,55979329
-15,66061944;0,00000000
-15,65561944;0,18639271
-15,65061944;0,37278542
-15,64561944;-0,18639271
-15,64061944;0,37278542
-15,63561944;0,18639271
-15,63061944;0,18639271
-15,62561944;0,18639271
-15,62061944;0,37278542
-15,61561944;-0,37278542
-15,61061944;-0,74618596
-15,60561944;-0,74618596
-15,60061944;0,00000000
-15,59561944;0,00000000
-15,59061944;0,93319386
-15,58561944;0,18639271
-15,58061944;0,37278542
-15,57561944;0,00000000
-15,57061945;0,55979329
-15,56561945;1,11958659
-15,56061945;-0,37278542
-15,55561945;0,00000000
-15,55061945;0,74618596
-15,54561945;0,18639271
-15,54061945;0,00000000
-15,53561945;0,00000000
-15,53061945;-0,18639271
-15,52561945;0,00000000
-15,52061945;-0,18639271
-15,51561945;0,18639271
-15,51061945;0,18639271
-15,50561945;-0,55979329
-15,50061945;0,00000000
-15,49561945;0,00000000
-15,49061945;-0,55979329
-15,48561945;-0,18639271
-15,48061945;1,86638772
-15,47561945;0,55979329
-15,47061945;0,93319386
-15,46561945;-0,18639271
-15,46061945;0,55979329
-15,45561945;-0,37278542
-15,45061945;-0,18639271
-15,44561945;-0,74618596
-15,44061945;0,55979329
-15,43561945;-0,18639271
-15,43061945;0,74618596
-15,42561945;0,74618596
-15,42061945;0,55979329
-15,41561945;0,18639271
-15,41061945;0,18639271
-15,40561945;0,37278542
-15,40061945;-0,18639271
-15,39561945;0,55979329
-15,39061945;0,18639271
-15,38561945;0,00000000
-15,38061945;-0,74618596
-15,37561945;0,74618596
-15,37061945;-0,55979329
-15,36561945;0,18639271
-15,36061945;0,00000000
-15,35561945;0,18639271
-15,35061945;-0,74618596
-15,34561945;-0,37278542
-15,34061945;0,18639271
-15,33561945;0,00000000
-15,33061945;0,00000000
-15,32561945;-0,37278542
-15,32061945;0,18639271
-15,31561945;0,00000000
-15,31061945;0,55979329
-15,30561945;0,00000000
-15,30061945;0,18639271
-15,29561945;0,37278542
-15,29061945;-0,74618596
-15,28561945;0,18639271
-15,28061945;-0,74618596
-15,27561945;-0,55979329
-15,27061945;-0,18639271
-15,26561945;0,00000000
-15,26061945;0,37278542
-15,25561945;0,18639271
-15,25061945;-0,18639271
-15,24561945;-0,55979329
-15,24061945;-1,11958659
-15,23561945;0,18639271
-15,23061945;-2,61318874
-15,22561945;-0,37278542
-15,22061945;0,18639271
-15,21561945;0,18639271
-15,21061945;0,18639271
-15,20561945;-1,86638772
-15,20061945;-0,55979329
-15,19561945;1,11958659
-15,19061945;0,00000000
-15,18561945;0,55979329
-15,18061945;0,74618596
-15,17561946;0,37278542
-15,17061946;0,00000000
-15,16561946;0,55979329
-15,16061946;0,00000000
-15,15561946;0,74618596
-15,15061946;0,18639271
-15,14561946;0,18639271
-15,14061946;-0,37278542
-15,13561946;0,18639271
-15,13061946;0,00000000
-15,12561946;0,55979329
-15,12061946;0,37278542
-15,11561946;0,00000000
-15,11061946;-0,18639271
-15,10561946;0,37278542
-15,10061946;-0,37278542
-15,09561946;-0,74618596
-15,09061946;-0,37278542
-15,08561946;-0,55979329
-15,08061946;0,00000000
-15,07561946;-0,37278542
-15,07061946;0,18639271
-15,06561946;0,00000000
-15,06061946;-0,18639271
-15,05561946;-0,18639271
-15,05061946;-0,55979329
-15,04561946;-0,74618596
-15,04061946;0,00000000
-15,03561946;0,37278542
-15,03061946;-0,37278542
-15,02561946;-0,74618596
-15,02061946;0,18639271
-15,01561946;0,18639271
-15,01061946;-0,37278542
-15,00561946;-0,18639271
-15,00061946;-1,49298716
-14,99561946;0,00000000
-14,99061946;0,18639271
-14,98561946;0,00000000
-14,98061946;0,00000000
-14,97561946;0,00000000
-14,97061946;0,00000000
-14,96561946;0,55979329
-14,96061946;0,00000000
-14,95561946;0,00000000
-14,95061946;0,00000000
-14,94561946;-0,74618596
-14,94061946;0,00000000
-14,93561946;0,55979329
-14,93061946;5,60039330
-14,92561946;0,00000000
-14,92061946;0,37278542
-14,91561946;-0,37278542
-14,91061946;0,55979329
-14,90561946;0,00000000
-14,90061946;-0,37278542
-14,89561946;-0,18639271
-14,89061946;0,37278542
-14,88561946;0,74618596
-14,88061946;-0,18639271
-14,87561946;-0,18639271
-14,87061946;0,18639271
-14,86561946;-0,74618596
-14,86061946;0,00000000
-14,85561946;0,00000000
-14,85061946;0,18639271
-14,84561946;0,00000000
-14,84061946;0,00000000
-14,83561946;-0,74618596
-14,83061946;0,93319386
-14,82561946;0,00000000
-14,82061946;0,00000000
-14,81561946;0,18639271
-14,81061946;0,00000000
-14,80561946;0,18639271
-14,80061946;-0,37278542
-14,79561946;0,18639271
-14,79061946;-0,37278542
-14,78561946;0,00000000
-14,78061947;-0,37278542
-14,77561947;0,55979329
-14,77061947;0,37278542
-14,76561947;-0,55979329
-14,76061947;0,37278542
-14,75561947;0,00000000
-14,75061947;-0,74618596
-14,74561947;-0,74618596
-14,74061947;0,00000000
-14,73561947;-0,18639271
-14,73061947;-0,37278542
-14,72561947;0,00000000
-14,72061947;-0,37278542
-14,71561947;0,37278542
-14,71061947;0,18639271
-14,70561947;0,00000000
-14,70061947;-0,37278542
-14,69561947;0,00000000
-14,69061947;1,11958659
-14,68561947;-0,18639271
-14,68061947;0,00000000
-14,67561947;0,55979329
-14,67061947;0,18639271
-14,66561947;-0,37278542
-14,66061947;0,00000000
-14,65561947;0,00000000
-14,65061947;0,00000000
-14,64561947;-2,05339551
-14,64061947;0,93319386
-14,63561947;-0,18639271
-14,63061947;-0,18639271
-14,62561947;0,00000000
-14,62061947;-0,37278542
-14,61561947;-0,37278542
-14,61061947;0,18639271
-14,60561947;-0,74618596
-14,60061947;-0,37278542
-14,59561947;0,00000000
-14,59061947;0,18639271
-14,58561947;-0,74618596
-14,58061947;-0,37278542
-14,57561947;-0,37278542
-14,57061947;0,55979329
-14,56561947;-0,37278542
-14,56061947;-0,37278542
-14,55561947;-1,11958659
-14,55061947;-0,37278542
-14,54561947;0,74618596
-14,54061947;-0,37278542
-14,53561947;-0,55979329
-14,53061947;0,00000000
-14,52561947;-1,11958659
-14,52061947;-1,11958659
-14,51561947;0,37278542
-14,51061947;-0,37278542
-14,50561947;-1,49298716
-14,50061947;-0,74618596
-14,49561947;-0,18639271
-14,49061947;0,00000000
-14,48561947;-0,37278542
-14,48061947;0,00000000
-14,47561947;0,93319386
-14,47061947;0,93319386
-14,46561947;-0,74618596
-14,46061947;0,18639271
-14,45561947;-0,37278542
-14,45061947;0,18639271
-14,44561947;14,18799210
-14,44061947;-0,18639271
-14,43561947;-1,30659437
-14,43061947;-0,37278542
-14,42561947;0,37278542
-14,42061947;0,00000000
-14,41561947;0,00000000
-14,41061947;0,00000000
-14,40561947;0,18639271
-14,40061947;-0,55979329
-14,39561947;0,00000000
-14,39061947;0,00000000
-14,38561948;0,55979329
-14,38061948;-0,18639271
-14,37561948;-0,74618596
-14,37061948;0,93319386
-14,36561948;-0,37278542
-14,36061948;-0,18639271
-14,35561948;0,18639271
-14,35061948;-0,37278542
-14,34561948;0,37278542
-14,34061948;-0,18639271
-14,33561948;0,00000000
-14,33061948;0,18639271
-14,32561948;0,18639271
-14,32061948;0,37278542
-14,31561948;0,55979329
-14,31061948;0,18639271
-14,30561948;0,18639271
-14,30061948;0,00000000
-14,29561948;0,18639271
-14,29061948;0,18639271
-14,28561948;-0,37278542
-14,28061948;-0,18639271
-14,27561948;-1,11958659
-14,27061948;0,00000000
-14,26561948;0,37278542
-14,26061948;0,00000000
-14,25561948;0,00000000
-14,25061948;-0,55979329
-14,24561948;-0,74618596
-14,24061948;-0,18639271
-14,23561948;0,00000000
-14,23061948;0,18639271
-14,22561948;0,18639271
-14,22061948;0,55979329
-14,21561948;0,00000000
-14,21061948;-0,37278542
-14,20561948;0,18639271
-14,20061948;0,00000000
-14,19561948;0,18639271
-14,19061948;-0,18639271
-14,18561948;-0,37278542
-14,18061948;0,93319386
-14,17561948;-0,55979329
-14,17061948;0,00000000
-14,16561948;0,37278542
-14,16061948;0,37278542
-14,15561948;0,00000000
-14,15061948;0,00000000
-14,14561948;0,00000000
-14,14061948;-0,37278542
-14,13561948;-0,55979329
-14,13061948;0,37278542
-14,12561948;-0,37278542
-14,12061948;0,93319386
-14,11561948;0,00000000
-14,11061948;0,00000000
-14,10561948;-1,11958659
-14,10061948;-0,55979329
-14,09561948;0,74618596
-14,09061948;1,11958659
-14,08561948;-0,37278542
-14,08061948;0,00000000
-14,07561948;-0,74618596
-14,07061948;-0,74618596
-14,06561948;-0,18639271
-14,06061948;0,18639271
-14,05561948;0,18639271
-14,05061948;0,00000000
-14,04561948;0,37278542
-14,04061948;0,37278542
-14,03561948;0,37278542
-14,03061948;-0,37278542
-14,02561948;-0,37278542
-14,02061948;0,37278542
-14,01561948;-0,37278542
-14,01061948;0,00000000
-14,00561948;0,18639271
-14,00061948;-0,18639271
-13,99561948;0,00000000
-13,99061948;0,37278542
-13,98561949;0,00000000
-13,98061949;0,55979329
-13,97561949;0,18639271
-13,97061949;0,18639271
-13,96561949;0,55979329
-13,96061949;0,00000000
-13,95561949;0,00000000
-13,95061949;-0,37278542
-13,94561949;-0,74618596
-13,94061949;-0,18639271
-13,93561949;0,00000000
-13,93061949;0,74618596
-13,92561949;0,37278542
-13,92061949;0,37278542
-13,91561949;0,55979329
-13,91061949;0,18639271
-13,90561949;0,18639271
-13,90061949;0,55979329
-13,89561949;0,37278542
-13,89061949;0,37278542
-13,88561949;0,93319386
-13,88061949;-0,37278542
-13,87561949;-0,18639271
-13,87061949;0,18639271
-13,86561949;-0,37278542
-13,86061949;-0,74618596
-13,85561949;0,55979329
-13,85061949;0,00000000
-13,84561949;1,11958659
-13,84061949;-0,37278542
-13,83561949;-0,18639271
-13,83061949;0,00000000
-13,82561949;0,55979329
-13,82061949;-0,18639271
-13,81561949;0,00000000
-13,81061949;0,00000000
-13,80561949;-0,18639271
-13,80061949;0,18639271
-13,79561949;-0,18639271
-13,79061949;0,00000000
-13,78561949;-0,74618596
-13,78061949;-0,18639271
-13,77561949;0,55979329
-13,77061949;0,93319386
-13,76561949;-0,18639271
-13,76061949;0,18639271
-13,75561949;-0,74618596
-13,75061949;0,18639271
-13,74561949;0,00000000
-13,74061949;0,18639271
-13,73561949;0,18639271
-13,73061949;0,00000000
-13,72561949;-0,37278542
-13,72061949;-0,74618596
-13,71561949;0,18639271
-13,71061949;0,18639271
-13,70561949;0,00000000
-13,70061949;-0,37278542
-13,69561949;-0,18639271
-13,69061949;0,55979329
-13,68561949;0,18639271
-13,68061949;0,00000000
-13,67561949;0,00000000
-13,67061949;-0,37278542
-13,66561949;-0,37278542
-13,66061949;0,55979329
-13,65561949;0,55979329
-13,65061949;-0,37278542
-13,64561949;-0,18639271
-13,64061949;0,55979329
-13,63561949;0,37278542
-13,63061949;0,74618596
-13,62561949;-0,18639271
-13,62061949;0,18639271
-13,61561949;0,18639271
-13,61061949;-0,37278542
-13,60561949;0,18639271
-13,60061949;-0,74618596
-13,59561949;0,18639271
-13,59061950;-0,37278542
-13,58561950;0,00000000
-13,58061950;0,00000000
-13,57561950;0,00000000
-13,57061950;0,55979329
-13,56561950;0,00000000
-13,56061950;0,00000000
-13,55561950;0,55979329
-13,55061950;0,00000000
-13,54561950;0,37278542
-13,54061950;0,74618596
-13,53561950;0,37278542
-13,53061950;0,18639271
-13,52561950;0,18639271
-13,52061950;-0,37278542
-13,51561950;0,37278542
-13,51061950;-0,74618596
-13,50561950;0,00000000
-13,50061950;1,11958659
-13,49561950;-0,18639271
-13,49061950;1,49298716
-13,48561950;0,00000000
-13,48061950;0,18639271
-13,47561950;-0,55979329
-13,47061950;0,00000000
-13,46561950;0,37278542
-13,46061950;-0,37278542
-13,45561950;0,00000000
-13,45061950;0,18639271
-13,44561950;0,37278542
-13,44061950;0,18639271
-13,43561950;0,55979329
-13,43061950;-0,55979329
-13,42561950;0,18639271
-13,42061950;0,18639271
-13,41561950;0,18639271
-13,41061950;-0,18639271
-13,40561950;0,74618596
-13,40061950;1,11958659
-13,39561950;0,00000000
-13,39061950;-0,37278542
-13,38561950;0,18639271
-13,38061950;-0,37278542
-13,37561950;0,00000000
-13,37061950;0,55979329
-13,36561950;0,18639271
-13,36061950;-0,37278542
-13,35561950;-0,37278542
-13,35061950;0,37278542
-13,34561950;-0,55979329
-13,34061950;0,00000000
-13,33561950;0,00000000
-13,33061950;-0,74618596
-13,32561950;0,55979329
-13,32061950;-0,55979329
-13,31561950;0,00000000
-13,31061950;0,18639271
-13,30561950;0,18639271
-13,30061950;0,93319386
-13,29561950;0,00000000
-13,29061950;0,74618596
-13,28561950;-0,37278542
-13,28061950;0,55979329
-13,27561950;-0,74618596
-13,27061950;0,18639271
-13,26561950;0,00000000
-13,26061950;-0,37278542
-13,25561950;0,00000000
-13,25061950;-0,37278542
-13,24561950;-0,37278542
-13,24061950;0,37278542
-13,23561950;-10,64099407
-13,23061950;-0,18639271
-13,22561950;-0,74618596
-13,22061950;0,00000000
-13,21561950;0,74618596
-13,21061950;0,37278542
-13,20561950;0,18639271
-13,20061950;0,93319386
-13,19561951;-0,37278542
-13,19061951;-0,37278542
-13,18561951;0,37278542
-13,18061951;-0,18639271
-13,17561951;0,18639271
-13,17061951;1,30659437
-13,16561951;0,37278542
-13,16061951;0,00000000
-13,15561951;0,55979329
-13,15061951;0,18639271
-13,14561951;0,55979329
-13,14061951;1,49298716
-13,13561951;0,18639271
-13,13061951;0,00000000
-13,12561951;-0,37278542
-13,12061951;0,18639271
-13,11561951;0,18639271
-13,11061951;-0,74618596
-13,10561951;0,18639271
-13,10061951;0,00000000
-13,09561951;-0,18639271
-13,09061951;-2,23978829
-13,08561951;1,11958659
-13,08061951;0,18639271
-13,07561951;0,37278542
-13,07061951;0,00000000
-13,06561951;0,55979329
-13,06061951;1,11958659
-13,05561951;0,18639271
-13,05061951;0,00000000
-13,04561951;0,93319386
-13,04061951;-0,74618596
-13,03561951;0,00000000
-13,03061951;-0,37278542
-13,02561951;0,00000000
-13,02061951;0,00000000
-13,01561951;0,18639271
-13,01061951;0,00000000
-13,00561951;-0,37278542
-13,00061951;0,74618596
-12,99561951;0,18639271
-12,99061951;0,18639271
-12,98561951;0,74618596
-12,98061951;0,18639271
-12,97561951;0,93319386
-12,97061951;-0,74618596
-12,96561951;-0,93319386
-12,96061951;-0,74618596
-12,95561951;0,55979329
-12,95061951;0,18639271
-12,94561951;0,55979329
-12,94061951;0,18639271
-12,93561951;0,55979329
-12,93061951;0,18639271
-12,92561951;0,00000000
-12,92061951;0,18639271
-12,91561951;0,37278542
-12,91061951;0,18639271
-12,90561951;0,55979329
-12,90061951;0,55979329
-12,89561951;-0,37278542
-12,89061951;1,49298716
-12,88561951;0,93319386
-12,88061951;-0,18639271
-12,87561951;0,55979329
-12,87061951;0,93319386
-12,86561951;-0,37278542
-12,86061951;0,37278542
-12,85561951;0,18639271
-12,85061951;0,55979329
-12,84561951;0,18639271
-12,84061951;-0,18639271
-12,83561951;0,93319386
-12,83061951;0,00000000
-12,82561951;0,74618596
-12,82061951;0,18639271
-12,81561951;0,18639271
-12,81061951;0,93319386
-12,80561951;0,18639271
-12,80061952;0,18639271
-12,79561952;0,37278542
-12,79061952;0,18639271
-12,78561952;0,18639271
-12,78061952;-0,18639271
-12,77561952;0,37278542
-12,77061952;0,00000000
-12,76561952;0,55979329
-12,76061952;0,18639271
-12,75561952;0,37278542
-12,75061952;0,18639271
-12,74561952;0,55979329
-12,74061952;0,18639271
-12,73561952;1,11958659
-12,73061952;0,00000000
-12,72561952;0,18639271
-12,72061952;-0,37278542
-12,71561952;0,37278542
-12,71061952;0,37278542
-12,70561952;1,11958659
-12,70061952;-0,74618596
-12,69561952;0,00000000
-12,69061952;0,55979329
-12,68561952;0,00000000
-12,68061952;0,37278542
-12,67561952;0,93319386
-12,67061952;0,37278542
-12,66561952;0,55979329
-12,66061952;0,00000000
-12,65561952;0,55979329
-12,65061952;0,18639271
-12,64561952;0,37278542
-12,64061952;-0,18639271
-12,63561952;0,00000000
-12,63061952;1,11958659
-12,62561952;0,00000000
-12,62061952;-0,74618596
-12,61561952;-0,18639271
-12,61061952;-0,18639271
-12,60561952;0,18639271
-12,60061952;-0,18639271
-12,59561952;0,18639271
-12,59061952;0,18639271
-12,58561952;0,18639271
-12,58061952;0,93319386
-12,57561952;-0,55979329
-12,57061952;0,37278542
-12,56561952;0,55979329
-12,56061952;-0,18639271
-12,55561952;0,18639271
-12,55061952;0,74618596
-12,54561952;0,37278542
-12,54061952;0,55979329
-12,53561952;0,55979329
-12,53061952;-0,37278542
-12,52561952;0,55979329
-12,52061952;-0,18639271
-12,51561952;0,55979329
-12,51061952;0,55979329
-12,50561952;0,00000000
-12,50061952;0,18639271
-12,49561952;0,37278542
-12,49061952;0,18639271
-12,48561952;0,55979329
-12,48061952;0,00000000
-12,47561952;0,74618596
-12,47061952;0,18639271
-12,46561952;0,74618596
-12,46061952;0,55979329
-12,45561952;0,55979329
-12,45061952;0,37278542
-12,44561952;-1,30659437
-12,44061952;0,18639271
-12,43561952;-0,55979329
-12,43061952;-0,37278542
-12,42561952;-0,93319386
-12,42061952;0,55979329
-12,41561952;0,74618596
-12,41061952;-1,67999494
-12,40561953;0,37278542
-12,40061953;0,00000000
-12,39561953;0,93319386
-12,39061953;0,00000000
-12,38561953;0,37278542
-12,38061953;0,18639271
-12,37561953;0,18639271
-12,37061953;0,55979329
-12,36561953;0,00000000
-12,36061953;0,18639271
-12,35561953;-0,18639271
-12,35061953;-0,18639271
-12,34561953;0,55979329
-12,34061953;-0,18639271
-12,33561953;0,74618596
-12,33061953;0,00000000
-12,32561953;1,11958659
-12,32061953;0,18639271
-12,31561953;0,93319386
-12,31061953;0,37278542
-12,30561953;1,11958659
-12,30061953;0,18639271
-12,29561953;0,00000000
-12,29061953;-0,55979329
-12,28561953;0,93319386
-12,28061953;2,05339551
-12,27561953;0,37278542
-12,27061953;0,00000000
-12,26561953;0,55979329
-12,26061953;-0,74618596
-12,25561953;0,93319386
-12,25061953;1,11958659
-12,24561953;0,55979329
-12,24061953;-1,11958659
-12,23561953;0,55979329
-12,23061953;0,00000000
-12,22561953;-0,18639271
-12,22061953;-0,93319386
-12,21561953;0,93319386
-12,21061953;0,00000000
-12,20561953;0,74618596
-12,20061953;0,93319386
-12,19561953;0,55979329
-12,19061953;0,74618596
-12,18561953;0,18639271
-12,18061953;-0,37278542
-12,17561953;-0,37278542
-12,17061953;0,55979329
-12,16561953;1,30659437
-12,16061953;-0,37278542
-12,15561953;-0,18639271
-12,15061953;-0,37278542
-12,14561953;0,18639271
-12,14061953;-0,93319386
-12,13561953;0,55979329
-12,13061953;1,11958659
-12,12561953;0,18639271
-12,12061953;0,00000000
-12,11561953;0,74618596
-12,11061953;0,00000000
-12,10561953;0,18639271
-12,10061953;-0,18639271
-12,09561953;0,37278542
-12,09061953;2,42679620
-12,08561953;0,00000000
-12,08061953;0,00000000
-12,07561953;1,11958659
-12,07061953;0,00000000
-12,06561953;0,93319386
-12,06061953;-0,74618596
-12,05561953;-0,18639271
-12,05061953;1,11958659
-12,04561953;0,74618596
-12,04061953;0,18639271
-12,03561953;0,18639271
-12,03061953;0,55979329
-12,02561953;0,18639271
-12,02061953;0,18639271
-12,01561953;0,18639271
-12,01061954;0,00000000
-12,00561954;-0,37278542
-12,00061954;-0,55979329
-11,99561954;0,18639271
-11,99061954;-0,37278542
-11,98561954;0,00000000
-11,98061954;0,18639271
-11,97561954;-0,18639271
-11,97061954;-0,74618596
-11,96561954;0,18639271
-11,96061954;0,37278542
-11,95561954;0,55979329
-11,95061954;0,18639271
-11,94561954;0,55979329
-11,94061954;-0,18639271
-11,93561954;0,18639271
-11,93061954;-0,18639271
-11,92561954;-0,37278542
-11,92061954;0,55979329
-11,91561954;0,18639271
-11,91061954;0,93319386
-11,90561954;0,18639271
-11,90061954;0,18639271
-11,89561954;-0,37278542
-11,89061954;0,55979329
-11,88561954;0,55979329
-11,88061954;0,00000000
-11,87561954;-0,55979329
-11,87061954;1,11958659
-11,86561954;0,00000000
-11,86061954;0,00000000
-11,85561954;0,00000000
-11,85061954;0,55979329
-11,84561954;0,74618596
-11,84061954;0,55979329
-11,83561954;0,00000000
-11,83061954;-0,18639271
-11,82561954;0,00000000
-11,82061954;0,18639271
-11,81561954;0,74618596
-11,81061954;0,18639271
-11,80561954;0,00000000
-11,80061954;0,55979329
-11,79561954;0,00000000
-11,79061954;0,00000000
-11,78561954;0,18639271
-11,78061954;0,18639271
-11,77561954;0,55979329
-11,77061954;0,37278542
-11,76561954;0,00000000
-11,76061954;-0,37278542
-11,75561954;0,00000000
-11,75061954;0,18639271
-11,74561954;0,00000000
-11,74061954;0,18639271
-11,73561954;0,18639271
-11,73061954;0,18639271
-11,72561954;0,74618596
-11,72061954;0,18639271
-11,71561954;0,55979329
-11,71061954;-0,37278542
-11,70561954;0,00000000
-11,70061954;-0,55979329
-11,69561954;0,00000000
-11,69061954;-2,05339551
-11,68561954;0,18639271
-11,68061954;0,55979329
-11,67561954;1,11958659
-11,67061954;0,00000000
-11,66561954;-0,18639271
-11,66061954;0,93319386
-11,65561954;0,18639271
-11,65061954;-0,18639271
-11,64561954;0,00000000
-11,64061954;0,37278542
-11,63561954;0,37278542
-11,63061954;0,18639271
-11,62561954;0,37278542
-11,62061954;0,00000000
-11,61561954;0,18639271
-11,61061955;0,18639271
-11,60561955;-0,18639271
-11,60061955;0,18639271
-11,59561955;-0,18639271
-11,59061955;0,00000000
-11,58561955;-1,11958659
-11,58061955;0,00000000
-11,57561955;0,00000000
-11,57061955;0,00000000
-11,56561955;-0,37278542
-11,56061955;-0,18639271
-11,55561955;-0,37278542
-11,55061955;0,55979329
-11,54561955;0,00000000
-11,54061955;-0,18639271
-11,53561955;0,55979329
-11,53061955;0,55979329
-11,52561955;0,00000000
-11,52061955;0,00000000
-11,51561955;-0,18639271
-11,51061955;0,18639271
-11,50561955;0,00000000
-11,50061955;-0,93319386
-11,49561955;0,18639271
-11,49061955;0,55979329
-11,48561955;0,55979329
-11,48061955;-1,11958659
-11,47561955;1,11958659
-11,47061955;0,00000000
-11,46561955;-1,11958659
-11,46061955;0,93319386
-11,45561955;-0,18639271
-11,45061955;0,37278542
-11,44561955;0,18639271
-11,44061955;-0,37278542
-11,43561955;0,18639271
-11,43061955;-0,18639271
-11,42561955;-0,37278542
-11,42061955;0,74618596
-11,41561955;0,18639271
-11,41061955;0,18639271
-11,40561955;0,00000000
-11,40061955;0,00000000
-11,39561955;-0,93319386
-11,39061955;0,18639271
-11,38561955;0,00000000
-11,38061955;0,00000000
-11,37561955;0,93319386
-11,37061955;0,55979329
-11,36561955;1,86638772
-11,36061955;0,37278542
-11,35561955;-0,18639271
-11,35061955;0,00000000
-11,34561955;0,18639271
-11,34061955;0,00000000
-11,33561955;0,55979329
-11,33061955;0,00000000
-11,32561955;0,37278542
-11,32061955;0,00000000
-11,31561955;0,18639271
-11,31061955;0,00000000
-11,30561955;0,18639271
-11,30061955;-0,55979329
-11,29561955;0,55979329
-11,29061955;0,00000000
-11,28561955;0,93319386
-11,28061955;0,00000000
-11,27561955;0,00000000
-11,27061955;0,00000000
-11,26561955;0,18639271
-11,26061955;0,00000000
-11,25561955;-12,69438839
-11,25061955;-1,11958659
-11,24561955;1,11958659
-11,24061955;0,00000000
-11,23561955;0,00000000
-11,23061955;0,18639271
-11,22561955;-0,55979329
-11,22061955;0,00000000
-11,21561956;0,00000000
-11,21061956;-0,37278542
-11,20561956;0,37278542
-11,20061956;-0,74618596
-11,19561956;-0,74618596
-11,19061956;-0,37278542
-11,18561956;-0,55979329
-11,18061956;0,00000000
-11,17561956;0,00000000
-11,17061956;0,37278542
-11,16561956;0,00000000
-11,16061956;0,00000000
-11,15561956;0,00000000
-11,15061956;0,18639271
-11,14561956;0,18639271
-11,14061956;-0,74618596
-11,13561956;0,18639271
-11,13061956;0,55979329
-11,12561956;0,00000000
-11,12061956;0,18639271
-11,11561956;-0,55979329
-11,11061956;0,18639271
-11,10561956;0,00000000
-11,10061956;0,18639271
-11,09561956;1,86638772
-11,09061956;0,37278542
-11,08561956;0,18639271
-11,08061956;-0,18639271
-11,07561956;1,11958659
-11,07061956;0,18639271
-11,06561956;0,00000000
-11,06061956;0,18639271
-11,05561956;0,00000000
-11,05061956;0,55979329
-11,04561956;-0,18639271
-11,04061956;-0,37278542
-11,03561956;-0,55979329
-11,03061956;-0,37278542
-11,02561956;0,37278542
-11,02061956;0,00000000
-11,01561956;0,37278542
-11,01061956;0,18639271
-11,00561956;0,74618596
-11,00061956;0,00000000
-10,99561956;0,18639271
-10,99061956;0,18639271
-10,98561956;-0,37278542
-10,98061956;-0,37278542
-10,97561956;0,55979329
-10,97061956;0,55979329
-10,96561956;0,00000000
-10,96061956;-1,30659437
-10,95561956;-0,18639271
-10,95061956;-1,30659437
-10,94561956;-0,37278542
-10,94061956;0,00000000
-10,93561956;0,55979329
-10,93061956;0,55979329
-10,92561956;0,18639271
-10,92061956;1,11958659
-10,91561956;0,00000000
-10,91061956;1,11958659
-10,90561956;0,00000000
-10,90061956;-0,37278542
-10,89561956;-0,37278542
-10,89061956;-0,37278542
-10,88561956;0,00000000
-10,88061956;0,00000000
-10,87561956;-0,74618596
-10,87061956;-0,55979329
-10,86561956;0,37278542
-10,86061956;1,49298716
-10,85561956;0,18639271
-10,85061956;-2,61318874
-10,84561956;0,18639271
-10,84061956;-0,18639271
-10,83561956;0,93319386
-10,83061956;-0,37278542
-10,82561956;1,86638772
-10,82061957;-0,55979329
-10,81561957;0,18639271
-10,81061957;0,00000000
-10,80561957;-0,74618596
-10,80061957;-0,18639271
-10,79561957;0,93319386
-10,79061957;0,18639271
-10,78561957;-0,74618596
-10,78061957;0,18639271
-10,77561957;0,55979329
-10,77061957;0,00000000
-10,76561957;0,18639271
-10,76061957;-0,37278542
-10,75561957;0,55979329
-10,75061957;0,18639271
-10,74561957;-0,18639271
-10,74061957;-0,18639271
-10,73561957;-0,37278542
-10,73061957;-0,18639271
-10,72561957;0,18639271
-10,72061957;-1,11958659
-10,71561957;-0,37278542
-10,71061957;-0,18639271
-10,70561957;-0,18639271
-10,70061957;0,37278542
-10,69561957;0,18639271
-10,69061957;-1,30659437
-10,68561957;-0,37278542
-10,68061957;0,00000000
-10,67561957;1,11958659
-10,67061957;0,00000000
-10,66561957;0,00000000
-10,66061957;0,37278542
-10,65561957;0,00000000
-10,65061957;0,37278542
-10,64561957;-1,67999494
-10,64061957;0,18639271
-10,63561957;-0,37278542
-10,63061957;0,55979329
-10,62561957;0,74618596
-10,62061957;-0,18639271
-10,61561957;0,74618596
-10,61061957;-0,37278542
-10,60561957;-0,18639271
-10,60061957;0,55979329
-10,59561957;0,55979329
-10,59061957;0,55979329
-10,58561957;0,93319386
-10,58061957;-1,30659437
-10,57561957;0,18639271
-10,57061957;0,00000000
-10,56561957;0,18639271
-10,56061957;0,74618596
-10,55561957;1,49298716
-10,55061957;0,18639271
-10,54561957;-0,18639271
-10,54061957;0,18639271
-10,53561957;-0,18639271
-10,53061957;0,55979329
-10,52561957;-0,37278542
-10,52061957;0,00000000
-10,51561957;-2,05339551
-10,51061957;0,00000000
-10,50561957;-0,18639271
-10,50061957;0,00000000
-10,49561957;0,55979329
-10,49061957;0,74618596
-10,48561957;0,74618596
-10,48061957;-0,37278542
-10,47561957;0,00000000
-10,47061957;0,00000000
-10,46561957;-0,55979329
-10,46061957;1,86638772
-10,45561957;0,18639271
-10,45061957;-0,55979329
-10,44561957;0,55979329
-10,44061957;0,00000000
-10,43561957;0,55979329
-10,43061957;-0,37278542
-10,42561958;-0,18639271
-10,42061958;-0,37278542
-10,41561958;0,18639271
-10,41061958;-0,55979329
-10,40561958;0,55979329
-10,40061958;0,18639271
-10,39561958;0,00000000
-10,39061958;0,18639271
-10,38561958;0,00000000
-10,38061958;0,00000000
-10,37561958;-0,18639271
-10,37061958;0,18639271
-10,36561958;0,18639271
-10,36061958;0,00000000
-10,35561958;0,18639271
-10,35061958;0,74618596
-10,34561958;0,18639271
-10,34061958;0,00000000
-10,33561958;0,18639271
-10,33061958;0,00000000
-10,32561958;0,00000000
-10,32061958;0,55979329
-10,31561958;0,00000000
-10,31061958;0,18639271
-10,30561958;-0,18639271
-10,30061958;0,00000000
-10,29561958;-0,37278542
-10,29061958;0,00000000
-10,28561958;0,55979329
-10,28061958;0,37278542
-10,27561958;-0,37278542
-10,27061958;-0,18639271
-10,26561958;0,18639271
-10,26061958;0,93319386
-10,25561958;-0,18639271
-10,25061958;-0,55979329
-10,24561958;0,00000000
-10,24061958;0,18639271
-10,23561958;-0,37278542
-10,23061958;0,93319386
-10,22561958;0,00000000
-10,22061958;0,37278542
-10,21561958;0,18639271
-10,21061958;-0,37278542
-10,20561958;0,00000000
-10,20061958;-0,37278542
-10,19561958;-0,55979329
-10,19061958;-0,37278542
-10,18561958;0,00000000
-10,18061958;-0,37278542
-10,17561958;0,00000000
-10,17061958;0,55979329
-10,16561958;-0,37278542
-10,16061958;0,00000000
-10,15561958;-0,74618596
-10,15061958;0,00000000
-10,14561958;0,00000000
-10,14061958;0,55979329
-10,13561958;0,00000000
-10,13061958;0,37278542
-10,12561958;0,00000000
-10,12061958;0,00000000
-10,11561958;0,18639271
-10,11061958;0,18639271
-10,10561958;0,18639271
-10,10061958;0,18639271
-10,09561958;0,18639271
-10,09061958;0,18639271
-10,08561958;-0,18639271
-10,08061958;0,00000000
-10,07561958;-0,55979329
-10,07061958;-0,37278542
-10,06561958;0,00000000
-10,06061958;-0,93319386
-10,05561958;-0,18639271
-10,05061958;0,93319386
-10,04561958;0,74618596
-10,04061958;0,00000000
-10,03561958;-0,37278542
-10,03061959;-0,18639271
-10,02561959;0,37278542
-10,02061959;-0,37278542
-10,01561959;0,55979329
-10,01061959;-0,55979329
-10,00561959;0,18639271
-10,00061959;-0,55979329
-9,99561959;0,55979329
-9,99061959;0,18639271
-9,98561959;0,18639271
-9,98061959;0,55979329
-9,97561959;-0,37278542
-9,97061959;0,00000000
-9,96561959;-0,93319386
-9,96061959;0,00000000
-9,95561959;0,18639271
-9,95061959;0,00000000
-9,94561959;0,00000000
-9,94061959;0,18639271
-9,93561959;0,55979329
-9,93061959;0,18639271
-9,92561959;-0,18639271
-9,92061959;-0,37278542
-9,91561959;0,00000000
-9,91061959;-0,37278542
-9,90561959;0,00000000
-9,90061959;-0,37278542
-9,89561959;0,00000000
-9,89061959;0,37278542
-9,88561959;0,55979329
-9,88061959;0,00000000
-9,87561959;0,74618596
-9,87061959;0,00000000
-9,86561959;0,00000000
-9,86061959;-0,37278542
-9,85561959;-0,18639271
-9,85061959;0,00000000
-9,84561959;0,74618596
-9,84061959;0,55979329
-9,83561959;0,37278542
-9,83061959;-0,55979329
-9,82561959;-0,18639271
-9,82061959;-0,37278542
-9,81561959;-0,18639271
-9,81061959;-0,18639271
-9,80561959;0,00000000
-9,80061959;-0,37278542
-9,79561959;0,55979329
-9,79061959;0,00000000
-9,78561959;0,18639271
-9,78061959;-0,74618596
-9,77561959;0,18639271
-9,77061959;1,11958659
-9,76561959;0,00000000
-9,76061959;-0,37278542
-9,75561959;0,55979329
-9,75061959;0,18639271
-9,74561959;0,55979329
-9,74061959;0,55979329
-9,73561959;0,18639271
-9,73061959;0,18639271
-9,72561959;0,74618596
-9,72061959;0,18639271
-9,71561959;1,11958659
-9,71061959;-0,55979329
-9,70561959;0,18639271
-9,70061959;0,74618596
-9,69561959;0,93319386
-9,69061959;-0,37278542
-9,68561959;-0,37278542
-9,68061959;0,00000000
-9,67561959;0,18639271
-9,67061959;-0,37278542
-9,66561959;-0,37278542
-9,66061959;0,00000000
-9,65561959;0,18639271
-9,65061959;-0,74618596
-9,64561959;-2,42679620
-9,64061959;-0,55979329
-9,63561960;-0,37278542
-9,63061960;-0,74618596
-9,62561960;-0,93319386
-9,62061960;0,37278542
-9,61561960;0,00000000
-9,61061960;0,18639271
-9,60561960;-0,37278542
-9,60061960;0,37278542
-9,59561960;-0,37278542
-9,59061960;0,18639271
-9,58561960;0,93319386
-9,58061960;-0,37278542
-9,57561960;0,37278542
-9,57061960;0,18639271
-9,56561960;0,00000000
-9,56061960;0,00000000
-9,55561960;0,18639271
-9,55061960;0,74618596
-9,54561960;0,18639271
-9,54061960;-0,74618596
-9,53561960;-0,55979329
-9,53061960;-0,37278542
-9,52561960;0,37278542
-9,52061960;-0,37278542
-9,51561960;0,74618596
-9,51061960;0,00000000
-9,50561960;-0,37278542
-9,50061960;0,18639271
-9,49561960;-0,18639271
-9,49061960;0,00000000
-9,48561960;-0,37278542
-9,48061960;-0,37278542
-9,47561960;0,00000000
-9,47061960;-0,55979329
-9,46561960;-0,18639271
-9,46061960;-1,11958659
-9,45561960;-1,11958659
-9,45061960;-0,55979329
-9,44561960;0,18639271
-9,44061960;-0,74618596
-9,43561960;0,00000000
-9,43061960;0,93319386
-9,42561960;0,00000000
-9,42061960;0,18639271
-9,41561960;0,18639271
-9,41061960;0,00000000
-9,40561960;0,55979329
-9,40061960;0,18639271
-9,39561960;0,93319386
-9,39061960;0,00000000
-9,38561960;0,55979329
-9,38061960;0,93319386
-9,37561960;0,00000000
-9,37061960;-0,55979329
-9,36561960;0,55979329
-9,36061960;0,18639271
-9,35561960;-1,30659437
-9,35061960;-1,11958659
-9,34561960;-0,37278542
-9,34061960;0,55979329
-9,33561960;-0,55979329
-9,33061960;-0,74618596
-9,32561960;-0,93319386
-9,32061960;-0,74618596
-9,31561960;0,00000000
-9,31061960;1,11958659
-9,30561960;-0,74618596
-9,30061960;0,18639271
-9,29561960;0,74618596
-9,29061960;0,00000000
-9,28561960;0,55979329
-9,28061960;0,00000000
-9,27561960;-2,23978829
-9,27061960;-0,74618596
-9,26561960;0,37278542
-9,26061960;-1,11958659
-9,25561960;0,37278542
-9,25061960;0,00000000
-9,24561960;0,55979329
-9,24061960;0,00000000
-9,23561961;0,93319386
-9,23061961;-1,30659437
-9,22561961;0,18639271
-9,22061961;0,00000000
-9,21561961;0,18639271
-9,21061961;0,37278542
-9,20561961;0,00000000
-9,20061961;-0,37278542
-9,19561961;0,00000000
-9,19061961;0,55979329
-9,18561961;1,11958659
-9,18061961;-0,93319386
-9,17561961;-0,37278542
-9,17061961;0,18639271
-9,16561961;0,55979329
-9,16061961;-0,55979329
-9,15561961;-0,18639271
-9,15061961;0,00000000
-9,14561961;-0,37278542
-9,14061961;-0,55979329
-9,13561961;-2,05339551
-9,13061961;0,55979329
-9,12561961;0,00000000
-9,12061961;0,00000000
-9,11561961;0,00000000
-9,11061961;0,18639271
-9,10561961;0,18639271
-9,10061961;0,37278542
-9,09561961;-0,37278542
-9,09061961;0,18639271
-9,08561961;-0,18639271
-9,08061961;-0,55979329
-9,07561961;0,55979329
-9,07061961;0,55979329
-9,06561961;0,55979329
-9,06061961;-0,93319386
-9,05561961;0,37278542
-9,05061961;0,37278542
-9,04561961;0,93319386
-9,04061961;0,18639271
-9,03561961;0,55979329
-9,03061961;0,37278542
-9,02561961;0,18639271
-9,02061961;0,18639271
-9,01561961;0,18639271
-9,01061961;-0,74618596
-9,00561961;0,00000000
-9,00061961;-0,55979329
-8,99561961;0,37278542
-8,99061961;0,00000000
-8,98561961;0,18639271
-8,98061961;0,18639271
-8,97561961;-0,74618596
-8,97061961;0,00000000
-8,96561961;-0,37278542
-8,96061961;0,00000000
-8,95561961;-0,37278542
-8,95061961;-0,18639271
-8,94561961;-0,37278542
-8,94061961;-0,37278542
-8,93561961;0,55979329
-8,93061961;-0,55979329
-8,92561961;-0,55979329
-8,92061961;-0,18639271
-8,91561961;1,11958659
-8,91061961;-0,37278542
-8,90561961;0,00000000
-8,90061961;-0,37278542
-8,89561961;0,18639271
-8,89061961;-0,37278542
-8,88561961;-0,37278542
-8,88061961;-0,74618596
-8,87561961;0,18639271
-8,87061961;-0,37278542
-8,86561961;-0,37278542
-8,86061961;2,42679620
-8,85561961;-0,18639271
-8,85061961;-0,37278542
-8,84561961;0,55979329
-8,84061962;0,00000000
-8,83561962;0,18639271
-8,83061962;-0,37278542
-8,82561962;-0,18639271
-8,82061962;0,74618596
-8,81561962;0,00000000
-8,81061962;-0,55979329
-8,80561962;0,18639271
-8,80061962;-0,18639271
-8,79561962;0,00000000
-8,79061962;-0,93319386
-8,78561962;0,18639271
-8,78061962;0,55979329
-8,77561962;0,00000000
-8,77061962;0,00000000
-8,76561962;-0,93319386
-8,76061962;0,37278542
-8,75561962;0,18639271
-8,75061962;-0,74618596
-8,74561962;0,00000000
-8,74061962;0,00000000
-8,73561962;0,18639271
-8,73061962;0,00000000
-8,72561962;0,00000000
-8,72061962;-0,37278542
-8,71561962;-0,74618596
-8,71061962;-0,37278542
-8,70561962;0,37278542
-8,70061962;0,93319386
-8,69561962;-0,37278542
-8,69061962;0,18639271
-8,68561962;0,18639271
-8,68061962;-0,18639271
-8,67561962;-0,18639271
-8,67061962;-0,37278542
-8,66561962;0,37278542
-8,66061962;-1,30659437
-8,65561962;1,67999494
-8,65061962;0,18639271
-8,64561962;-0,18639271
-8,64061962;0,37278542
-8,63561962;0,00000000
-8,63061962;0,18639271
-8,62561962;0,18639271
-8,62061962;0,00000000
-8,61561962;0,00000000
-8,61061962;-0,18639271
-8,60561962;4,66719961
-8,60061962;-0,93319386
-8,59561962;-0,18639271
-8,59061962;0,18639271
-8,58561962;0,18639271
-8,58061962;-0,37278542
-8,57561962;0,00000000
-8,57061962;-1,11958659
-8,56561962;-0,37278542
-8,56061962;0,00000000
-8,55561962;-1,11958659
-8,55061962;0,00000000
-8,54561962;0,55979329
-8,54061962;0,37278542
-8,53561962;-0,55979329
-8,53061962;0,18639271
-8,52561962;0,00000000
-8,52061962;0,55979329
-8,51561962;0,00000000
-8,51061962;0,55979329
-8,50561962;0,55979329
-8,50061962;0,00000000
-8,49561962;0,00000000
-8,49061962;-0,55979329
-8,48561962;0,37278542
-8,48061962;0,55979329
-8,47561962;-0,18639271
-8,47061962;-0,37278542
-8,46561962;0,18639271
-8,46061962;0,00000000
-8,45561962;0,37278542
-8,45061962;-0,37278542
-8,44561963;0,00000000
-8,44061963;0,37278542
-8,43561963;0,37278542
-8,43061963;-0,18639271
-8,42561963;-0,18639271
-8,42061963;0,00000000
-8,41561963;0,55979329
-8,41061963;0,18639271
-8,40561963;0,00000000
-8,40061963;0,00000000
-8,39561963;0,37278542
-8,39061963;0,18639271
-8,38561963;0,18639271
-8,38061963;0,00000000
-8,37561963;0,00000000
-8,37061963;0,18639271
-8,36561963;0,18639271
-8,36061963;0,18639271
-8,35561963;1,30659437
-8,35061963;0,74618596
-8,34561963;-0,55979329
-8,34061963;0,00000000
-8,33561963;-1,11958659
-8,33061963;0,55979329
-8,32561963;-0,37278542
-8,32061963;0,18639271
-8,31561963;0,00000000
-8,31061963;-0,37278542
-8,30561963;0,00000000
-8,30061963;-0,37278542
-8,29561963;0,37278542
-8,29061963;0,55979329
-8,28561963;0,93319386
-8,28061963;-0,74618596
-8,27561963;-1,30659437
-8,27061963;-0,37278542
-8,26561963;0,00000000
-8,26061963;-0,93319386
-8,25561963;0,00000000
-8,25061963;-0,74618596
-8,24561963;0,74618596
-8,24061963;-0,37278542
-8,23561963;0,18639271
-8,23061963;0,18639271
-8,22561963;0,00000000
-8,22061963;0,18639271
-8,21561963;0,55979329
-8,21061963;0,18639271
-8,20561963;0,00000000
-8,20061963;-0,74618596
-8,19561963;0,37278542
-8,19061963;0,18639271
-8,18561963;1,30659437
-8,18061963;0,18639271
-8,17561963;0,00000000
-8,17061963;0,55979329
-8,16561963;0,55979329
-8,16061963;0,37278542
-8,15561963;-0,37278542
-8,15061963;-0,18639271
-8,14561963;0,00000000
-8,14061963;0,00000000
-8,13561963;0,18639271
-8,13061963;0,00000000
-8,12561963;-0,37278542
-8,12061963;0,18639271
-8,11561963;-0,37278542
-8,11061963;0,18639271
-8,10561963;0,00000000
-8,10061963;-0,74618596
-8,09561963;0,18639271
-8,09061963;-0,18639271
-8,08561963;-0,37278542
-8,08061963;0,37278542
-8,07561963;0,18639271
-8,07061963;-0,55979329
-8,06561963;0,18639271
-8,06061963;-0,37278542
-8,05561963;0,37278542
-8,05061964;0,00000000
-8,04561964;-1,49298716
-8,04061964;0,37278542
-8,03561964;-0,18639271
-8,03061964;0,93319386
-8,02561964;-1,11958659
-8,02061964;0,55979329
-8,01561964;-0,37278542
-8,01061964;0,00000000
-8,00561964;0,00000000
-8,00061964;-0,37278542
-7,99561964;0,00000000
-7,99061964;0,18639271
-7,98561964;0,00000000
-7,98061964;0,18639271
-7,97561964;0,18639271
-7,97061964;-0,93319386
-7,96561964;0,00000000
-7,96061964;-0,18639271
-7,95561964;0,18639271
-7,95061964;0,93319386
-7,94561964;0,55979329
-7,94061964;-1,11958659
-7,93561964;0,55979329
-7,93061964;0,74618596
-7,92561964;0,00000000
-7,92061964;0,00000000
-7,91561964;-0,18639271
-7,91061964;-0,18639271
-7,90561964;-0,18639271
-7,90061964;-0,18639271
-7,89561964;0,18639271
-7,89061964;0,00000000
-7,88561964;-0,55979329
-7,88061964;0,74618596
-7,87561964;0,37278542
-7,87061964;0,00000000
-7,86561964;0,37278542
-7,86061964;0,18639271
-7,85561964;1,11958659
-7,85061964;0,74618596
-7,84561964;0,37278542
-7,84061964;0,00000000
-7,83561964;-1,30659437
-7,83061964;0,00000000
-7,82561964;-0,37278542
-7,82061964;0,55979329
-7,81561964;0,18639271
-7,81061964;0,93319386
-7,80561964;-0,74618596
-7,80061964;0,00000000
-7,79561964;0,18639271
-7,79061964;-0,18639271
-7,78561964;0,00000000
-7,78061964;0,55979329
-7,77561964;0,55979329
-7,77061964;-0,18639271
-7,76561964;-0,18639271
-7,76061964;0,55979329
-7,75561964;0,18639271
-7,75061964;-0,18639271
-7,74561964;0,00000000
-7,74061964;0,55979329
-7,73561964;0,37278542
-7,73061964;0,55979329
-7,72561964;-0,37278542
-7,72061964;0,55979329
-7,71561964;0,00000000
-7,71061964;-0,37278542
-7,70561964;0,00000000
-7,70061964;0,93319386
-7,69561964;0,00000000
-7,69061964;0,00000000
-7,68561964;0,55979329
-7,68061964;-0,74618596
-7,67561964;-0,37278542
-7,67061964;0,00000000
-7,66561964;0,00000000
-7,66061964;0,55979329
-7,65561965;0,55979329
-7,65061965;-0,18639271
-7,64561965;-0,74618596
-7,64061965;0,00000000
-7,63561965;0,55979329
-7,63061965;-0,55979329
-7,62561965;0,00000000
-7,62061965;0,00000000
-7,61561965;0,74618596
-7,61061965;-0,37278542
-7,60561965;0,00000000
-7,60061965;-0,93319386
-7,59561965;-0,37278542
-7,59061965;0,00000000
-7,58561965;0,18639271
-7,58061965;0,00000000
-7,57561965;0,18639271
-7,57061965;-0,37278542
-7,56561965;-1,11958659
-7,56061965;0,18639271
-7,55561965;0,00000000
-7,55061965;0,00000000
-7,54561965;0,00000000
-7,54061965;1,11958659
-7,53561965;0,18639271
-7,53061965;0,00000000
-7,52561965;0,00000000
-7,52061965;-0,18639271
-7,51561965;0,00000000
-7,51061965;-0,37278542
-7,50561965;-0,18639271
-7,50061965;0,18639271
-7,49561965;0,00000000
-7,49061965;0,18639271
-7,48561965;-0,37278542
-7,48061965;0,18639271
-7,47561965;0,00000000
-7,47061965;0,00000000
-7,46561965;0,00000000
-7,46061965;1,30659437
-7,45561965;-0,37278542
-7,45061965;-0,37278542
-7,44561965;-1,30659437
-7,44061965;0,55979329
-7,43561965;0,55979329
-7,43061965;0,93319386
-7,42561965;0,00000000
-7,42061965;0,37278542
-7,41561965;-0,55979329
-7,41061965;0,00000000
-7,40561965;0,55979329
-7,40061965;0,55979329
-7,39561965;0,37278542
-7,39061965;-0,37278542
-7,38561965;0,55979329
-7,38061965;0,00000000
-7,37561965;-0,74618596
-7,37061965;-0,18639271
-7,36561965;-0,18639271
-7,36061965;0,00000000
-7,35561965;0,55979329
-7,35061965;-0,37278542
-7,34561965;0,18639271
-7,34061965;0,55979329
-7,33561965;0,18639271
-7,33061965;0,18639271
-7,32561965;-0,18639271
-7,32061965;0,55979329
-7,31561965;0,18639271
-7,31061965;0,37278542
-7,30561965;0,00000000
-7,30061965;0,18639271
-7,29561965;0,18639271
-7,29061965;0,00000000
-7,28561965;0,00000000
-7,28061965;0,18639271
-7,27561965;0,37278542
-7,27061965;-0,37278542
-7,26561965;0,55979329
-7,26061966;0,55979329
-7,25561966;0,18639271
-7,25061966;0,37278542
-7,24561966;-0,37278542
-7,24061966;0,00000000
-7,23561966;0,18639271
-7,23061966;0,55979329
-7,22561966;0,18639271
-7,22061966;0,18639271
-7,21561966;0,93319386
-7,21061966;-0,55979329
-7,20561966;-0,18639271
-7,20061966;-0,55979329
-7,19561966;0,55979329
-7,19061966;-0,37278542
-7,18561966;0,18639271
-7,18061966;0,18639271
-7,17561966;0,00000000
-7,17061966;0,18639271
-7,16561966;-0,37278542
-7,16061966;0,18639271
-7,15561966;0,55979329
-7,15061966;0,00000000
-7,14561966;-0,55979329
-7,14061966;0,55979329
-7,13561966;0,55979329
-7,13061966;-0,37278542
-7,12561966;-0,18639271
-7,12061966;-0,37278542
-7,11561966;0,00000000
-7,11061966;-0,37278542
-7,10561966;0,00000000
-7,10061966;0,18639271
-7,09561966;0,18639271
-7,09061966;0,18639271
-7,08561966;0,18639271
-7,08061966;0,00000000
-7,07561966;0,00000000
-7,07061966;0,37278542
-7,06561966;-0,37278542
-7,06061966;0,18639271
-7,05561966;0,18639271
-7,05061966;0,37278542
-7,04561966;-0,37278542
-7,04061966;-0,37278542
-7,03561966;-0,37278542
-7,03061966;0,37278542
-7,02561966;0,74618596
-7,02061966;0,55979329
-7,01561966;0,18639271
-7,01061966;0,00000000
-7,00561966;1,49298716
-7,00061966;1,11958659
-6,99561966;0,18639271
-6,99061966;0,55979329
-6,98561966;-0,18639271
-6,98061966;0,00000000
-6,97561966;0,00000000
-6,97061966;0,18639271
-6,96561966;-0,18639271
-6,96061966;0,18639271
-6,95561966;0,37278542
-6,95061966;0,00000000
-6,94561966;0,37278542
-6,94061966;0,18639271
-6,93561966;0,18639271
-6,93061966;0,00000000
-6,92561966;-0,18639271
-6,92061966;0,18639271
-6,91561966;0,37278542
-6,91061966;0,18639271
-6,90561966;-0,18639271
-6,90061966;0,55979329
-6,89561966;0,00000000
-6,89061966;0,18639271
-6,88561966;0,00000000
-6,88061966;0,55979329
-6,87561966;0,18639271
-6,87061966;0,00000000
-6,86561966;0,00000000
-6,86061967;0,00000000
-6,85561967;0,00000000
-6,85061967;0,37278542
-6,84561967;0,37278542
-6,84061967;1,11958659
-6,83561967;0,37278542
-6,83061967;0,00000000
-6,82561967;0,18639271
-6,82061967;0,18639271
-6,81561967;0,55979329
-6,81061967;0,93319386
-6,80561967;0,18639271
-6,80061967;0,37278542
-6,79561967;0,00000000
-6,79061967;0,00000000
-6,78561967;0,37278542
-6,78061967;0,37278542
-6,77561967;0,18639271
-6,77061967;0,74618596
-6,76561967;-0,18639271
-6,76061967;0,74618596
-6,75561967;0,18639271
-6,75061967;0,74618596
-6,74561967;0,18639271
-6,74061967;0,18639271
-6,73561967;0,00000000
-6,73061967;0,37278542
-6,72561967;0,37278542
-6,72061967;-0,37278542
-6,71561967;0,18639271
-6,71061967;0,55979329
-6,70561967;0,00000000
-6,70061967;0,93319386
-6,69561967;1,11958659
-6,69061967;0,18639271
-6,68561967;0,37278542
-6,68061967;-0,37278542
-6,67561967;-0,37278542
-6,67061967;0,37278542
-6,66561967;1,30659437
-6,66061967;0,18639271
-6,65561967;0,18639271
-6,65061967;-0,37278542
-6,64561967;1,49298716
-6,64061967;-0,55979329
-6,63561967;0,93319386
-6,63061967;0,55979329
-6,62561967;-0,18639271
-6,62061967;0,18639271
-6,61561967;-0,55979329
-6,61061967;0,18639271
-6,60561967;-0,37278542
-6,60061967;1,11958659
-6,59561967;0,74618596
-6,59061967;0,93319386
-6,58561967;0,55979329
-6,58061967;0,18639271
-6,57561967;0,37278542
-6,57061967;0,74618596
-6,56561967;-0,37278542
-6,56061967;0,37278542
-6,55561967;-0,18639271
-6,55061967;0,55979329
-6,54561967;-0,18639271
-6,54061967;0,55979329
-6,53561967;0,55979329
-6,53061967;2,80019665
-6,52561967;0,18639271
-6,52061967;0,00000000
-6,51561967;0,37278542
-6,51061967;0,18639271
-6,50561967;-0,74618596
-6,50061967;0,55979329
-6,49561967;1,11958659
-6,49061967;0,55979329
-6,48561967;-0,74618596
-6,48061967;0,55979329
-6,47561967;0,93319386
-6,47061967;0,18639271
-6,46561968;0,93319386
-6,46061968;-0,37278542
-6,45561968;-0,74618596
-6,45061968;0,00000000
-6,44561968;-0,74618596
-6,44061968;0,93319386
-6,43561968;0,93319386
-6,43061968;0,55979329
-6,42561968;0,55979329
-6,42061968;0,37278542
-6,41561968;0,74618596
-6,41061968;0,37278542
-6,40561968;0,00000000
-6,40061968;0,18639271
-6,39561968;0,18639271
-6,39061968;0,18639271
-6,38561968;0,18639271
-6,38061968;0,55979329
-6,37561968;0,00000000
-6,37061968;-0,18639271
-6,36561968;0,55979329
-6,36061968;0,00000000
-6,35561968;0,18639271
-6,35061968;0,00000000
-6,34561968;0,55979329
-6,34061968;0,55979329
-6,33561968;0,37278542
-6,33061968;-0,55979329
-6,32561968;1,11958659
-6,32061968;-0,37278542
-6,31561968;0,55979329
-6,31061968;-0,37278542
-6,30561968;0,00000000
-6,30061968;0,00000000
-6,29561968;0,18639271
-6,29061968;0,55979329
-6,28561968;0,00000000
-6,28061968;0,55979329
-6,27561968;0,55979329
-6,27061968;-0,55979329
-6,26561968;0,55979329
-6,26061968;0,18639271
-6,25561968;0,00000000
-6,25061968;0,37278542
-6,24561968;-0,18639271
-6,24061968;0,18639271
-6,23561968;0,55979329
-6,23061968;0,74618596
-6,22561968;0,00000000
-6,22061968;0,00000000
-6,21561968;0,00000000
-6,21061968;-0,18639271
-6,20561968;0,37278542
-6,20061968;-1,30659437
-6,19561968;0,55979329
-6,19061968;0,18639271
-6,18561968;-0,18639271
-6,18061968;0,18639271
-6,17561968;0,37278542
-6,17061968;0,93319386
-6,16561968;0,00000000
-6,16061968;0,18639271
-6,15561968;0,55979329
-6,15061968;0,55979329
-6,14561968;-0,18639271
-6,14061968;2,05339551
-6,13561968;-0,37278542
-6,13061968;-0,37278542
-6,12561968;-0,55979329
-6,12061968;0,74618596
-6,11561968;0,37278542
-6,11061968;0,37278542
-6,10561968;0,18639271
-6,10061968;0,00000000
-6,09561968;0,37278542
-6,09061968;-0,55979329
-6,08561968;-0,37278542
-6,08061968;0,00000000
-6,07561968;0,74618596
-6,07061969;0,37278542
-6,06561969;-0,18639271
-6,06061969;0,74618596
-6,05561969;0,37278542
-6,05061969;0,18639271
-6,04561969;-0,37278542
-6,04061969;1,11958659
-6,03561969;0,37278542
-6,03061969;-0,55979329
-6,02561969;0,18639271
-6,02061969;-0,74618596
-6,01561969;0,55979329
-6,01061969;-0,18639271
-6,00561969;0,00000000
-6,00061969;-0,18639271
-5,99561969;0,55979329
-5,99061969;0,18639271
-5,98561969;0,00000000
-5,98061969;-2,61318874
-5,97561969;0,18639271
-5,97061969;-0,37278542
-5,96561969;0,55979329
-5,96061969;-0,74618596
-5,95561969;-0,37278542
-5,95061969;0,55979329
-5,94561969;-0,93319386
-5,94061969;0,18639271
-5,93561969;-0,18639271
-5,93061969;0,74618596
-5,92561969;0,00000000
-5,92061969;0,74618596
-5,91561969;-0,37278542
-5,91061969;0,37278542
-5,90561969;1,11958659
-5,90061969;0,55979329
-5,89561969;0,74618596
-5,89061969;0,55979329
-5,88561969;-0,18639271
-5,88061969;0,55979329
-5,87561969;0,18639271
-5,87061969;-0,37278542
-5,86561969;0,00000000
-5,86061969;1,11958659
-5,85561969;0,00000000
-5,85061969;0,55979329
-5,84561969;-0,37278542
-5,84061969;0,00000000
-5,83561969;0,18639271
-5,83061969;-0,93319386
-5,82561969;0,93319386
-5,82061969;1,11958659
-5,81561969;-0,37278542
-5,81061969;0,00000000
-5,80561969;0,55979329
-5,80061969;0,00000000
-5,79561969;-0,37278542
-5,79061969;0,55979329
-5,78561969;-1,86638772
-5,78061969;0,18639271
-5,77561969;0,18639271
-5,77061969;0,18639271
-5,76561969;0,00000000
-5,76061969;0,55979329
-5,75561969;0,55979329
-5,75061969;0,55979329
-5,74561969;0,93319386
-5,74061969;-0,18639271
-5,73561969;0,93319386
-5,73061969;0,18639271
-5,72561969;0,18639271
-5,72061969;0,18639271
-5,71561969;0,37278542
-5,71061969;0,18639271
-5,70561969;-7,28038836
-5,70061969;0,00000000
-5,69561969;0,55979329
-5,69061969;0,00000000
-5,68561969;0,18639271
-5,68061969;-0,74618596
-5,67561970;0,55979329
-5,67061970;-0,37278542
-5,66561970;-0,37278542
-5,66061970;0,18639271
-5,65561970;0,00000000
-5,65061970;-0,18639271
-5,64561970;0,00000000
-5,64061970;0,93319386
-5,63561970;0,55979329
-5,63061970;-1,11958659
-5,62561970;0,18639271
-5,62061970;0,00000000
-5,61561970;0,55979329
-5,61061970;-0,18639271
-5,60561970;-0,37278542
-5,60061970;0,37278542
-5,59561970;-0,18639271
-5,59061970;-0,37278542
-5,58561970;0,18639271
-5,58061970;0,55979329
-5,57561970;0,18639271
-5,57061970;0,18639271
-5,56561970;1,49298716
-5,56061970;0,18639271
-5,55561970;0,74618596
-5,55061970;-0,74618596
-5,54561970;0,00000000
-5,54061970;0,00000000
-5,53561970;0,55979329
-5,53061970;-0,37278542
-5,52561970;0,55979329
-5,52061970;0,18639271
-5,51561970;-0,18639271
-5,51061970;0,00000000
-5,50561970;0,55979329
-5,50061970;-0,74618596
-5,49561970;0,55979329
-5,49061970;0,55979329
-5,48561970;0,74618596
-5,48061970;0,00000000
-5,47561970;0,00000000
-5,47061970;0,18639271
-5,46561970;1,11958659
-5,46061970;-1,49298716
-5,45561970;-0,37278542
-5,45061970;0,00000000
-5,44561970;2,05339551
-5,44061970;0,55979329
-5,43561970;0,18639271
-5,43061970;0,00000000
-5,42561970;-0,18639271
-5,42061970;0,37278542
-5,41561970;0,00000000
-5,41061970;0,00000000
-5,40561970;-0,37278542
-5,40061970;0,18639271
-5,39561970;0,18639271
-5,39061970;0,37278542
-5,38561970;-0,37278542
-5,38061970;0,18639271
-5,37561970;0,18639271
-5,37061970;-0,18639271
-5,36561970;0,00000000
-5,36061970;0,00000000
-5,35561970;0,18639271
-5,35061970;0,18639271
-5,34561970;0,55979329
-5,34061970;-0,37278542
-5,33561970;-0,18639271
-5,33061970;0,55979329
-5,32561970;0,37278542
-5,32061970;0,00000000
-5,31561970;0,00000000
-5,31061970;-0,18639271
-5,30561970;0,55979329
-5,30061970;0,93319386
-5,29561970;0,00000000
-5,29061970;0,18639271
-5,28561970;0,00000000
-5,28061971;0,18639271
-5,27561971;1,11958659
-5,27061971;0,18639271
-5,26561971;-0,18639271
-5,26061971;-0,18639271
-5,25561971;0,37278542
-5,25061971;-0,37278542
-5,24561971;0,93319386
-5,24061971;0,93319386
-5,23561971;0,18639271
-5,23061971;1,11958659
-5,22561971;-1,11958659
-5,22061971;0,18639271
-5,21561971;0,00000000
-5,21061971;0,18639271
-5,20561971;0,37278542
-5,20061971;0,00000000
-5,19561971;0,93319386
-5,19061971;0,93319386
-5,18561971;0,00000000
-5,18061971;0,00000000
-5,17561971;0,00000000
-5,17061971;0,18639271
-5,16561971;0,00000000
-5,16061971;0,18639271
-5,15561971;0,93319386
-5,15061971;-0,37278542
-5,14561971;-0,55979329
-5,14061971;0,18639271
-5,13561971;0,74618596
-5,13061971;0,37278542
-5,12561971;0,55979329
-5,12061971;0,18639271
-5,11561971;0,93319386
-5,11061971;-0,37278542
-5,10561971;0,55979329
-5,10061971;-0,37278542
-5,09561971;-1,11958659
-5,09061971;-0,74618596
-5,08561971;0,00000000
-5,08061971;-0,37278542
-5,07561971;-0,18639271
-5,07061971;-0,74618596
-5,06561971;0,18639271
-5,06061971;-0,74618596
-5,05561971;0,00000000
-5,05061971;0,00000000
-5,04561971;-1,30659437
-5,04061971;0,18639271
-5,03561971;0,18639271
-5,03061971;-0,55979329
-5,02561971;0,00000000
-5,02061971;-0,37278542
-5,01561971;0,74618596
-5,01061971;0,55979329
-5,00561971;-0,37278542
-5,00061971;-0,18639271
-4,99561971;0,18639271
-4,99061971;0,00000000
-4,98561971;-0,37278542
-4,98061971;0,18639271
-4,97561971;0,55979329
-4,97061971;0,00000000
-4,96561971;0,55979329
-4,96061971;-0,74618596
-4,95561971;-0,18639271
-4,95061971;-0,18639271
-4,94561971;0,93319386
-4,94061971;0,18639271
-4,93561971;0,37278542
-4,93061971;-0,37278542
-4,92561971;0,37278542
-4,92061971;-0,37278542
-4,91561971;0,00000000
-4,91061971;-0,37278542
-4,90561971;0,18639271
-4,90061971;0,37278542
-4,89561971;0,18639271
-4,89061971;-0,37278542
-4,88561972;-0,37278542
-4,88061972;0,00000000
-4,87561972;0,55979329
-4,87061972;0,18639271
-4,86561972;0,55979329
-4,86061972;0,18639271
-4,85561972;0,18639271
-4,85061972;0,37278542
-4,84561972;-0,18639271
-4,84061972;-0,74618596
-4,83561972;0,00000000
-4,83061972;0,00000000
-4,82561972;-2,61318874
-4,82061972;0,55979329
-4,81561972;0,55979329
-4,81061972;0,00000000
-4,80561972;0,55979329
-4,80061972;0,37278542
-4,79561972;0,18639271
-4,79061972;0,55979329
-4,78561972;0,93319386
-4,78061972;-0,55979329
-4,77561972;0,18639271
-4,77061972;0,00000000
-4,76561972;0,00000000
-4,76061972;-0,37278542
-4,75561972;1,11958659
-4,75061972;0,00000000
-4,74561972;0,18639271
-4,74061972;-0,18639271
-4,73561972;0,00000000
-4,73061972;0,18639271
-4,72561972;-0,55979329
-4,72061972;0,18639271
-4,71561972;-0,18639271
-4,71061972;0,18639271
-4,70561972;1,30659437
-4,70061972;0,93319386
-4,69561972;-0,37278542
-4,69061972;0,55979329
-4,68561972;0,37278542
-4,68061972;-0,18639271
-4,67561972;0,18639271
-4,67061972;-0,37278542
-4,66561972;0,18639271
-4,66061972;0,18639271
-4,65561972;0,37278542
-4,65061972;0,18639271
-4,64561972;-0,55979329
-4,64061972;0,55979329
-4,63561972;0,55979329
-4,63061972;-0,55979329
-4,62561972;0,37278542
-4,62061972;0,18639271
-4,61561972;0,00000000
-4,61061972;0,00000000
-4,60561972;0,37278542
-4,60061972;-0,18639271
-4,59561972;0,00000000
-4,59061972;-0,37278542
-4,58561972;-0,18639271
-4,58061972;0,00000000
-4,57561972;0,55979329
-4,57061972;0,55979329
-4,56561972;-0,55979329
-4,56061972;0,18639271
-4,55561972;0,18639271
-4,55061972;0,55979329
-4,54561972;0,18639271
-4,54061972;0,00000000
-4,53561972;-0,37278542
-4,53061972;0,37278542
-4,52561972;-0,37278542
-4,52061972;0,18639271
-4,51561972;0,18639271
-4,51061972;0,37278542
-4,50561972;0,55979329
-4,50061972;-1,67999494
-4,49561972;0,18639271
-4,49061972;0,18639271
-4,48561973;0,00000000
-4,48061973;-0,37278542
-4,47561973;-0,37278542
-4,47061973;0,18639271
-4,46561973;0,18639271
-4,46061973;0,55979329
-4,45561973;0,18639271
-4,45061973;-0,18639271
-4,44561973;-0,37278542
-4,44061973;0,55979329
-4,43561973;0,18639271
-4,43061973;0,37278542
-4,42561973;0,00000000
-4,42061973;0,18639271
-4,41561973;-0,37278542
-4,41061973;0,18639271
-4,40561973;0,18639271
-4,40061973;-1,11958659
-4,39561973;0,18639271
-4,39061973;-0,18639271
-4,38561973;-1,30659437
-4,38061973;0,74618596
-4,37561973;0,18639271
-4,37061973;0,00000000
-4,36561973;0,00000000
-4,36061973;0,00000000
-4,35561973;0,00000000
-4,35061973;-0,37278542
-4,34561973;0,55979329
-4,34061973;0,00000000
-4,33561973;0,00000000
-4,33061973;0,00000000
-4,32561973;-0,55979329
-4,32061973;0,00000000
-4,31561973;0,37278542
-4,31061973;0,00000000
-4,30561973;0,00000000
-4,30061973;-0,18639271
-4,29561973;0,18639271
-4,29061973;0,18639271
-4,28561973;-0,37278542
-4,28061973;0,18639271
-4,27561973;0,18639271
-4,27061973;0,18639271
-4,26561973;0,00000000
-4,26061973;0,18639271
-4,25561973;-1,67999494
-4,25061973;0,00000000
-4,24561973;-0,93319386
-4,24061973;0,00000000
-4,23561973;0,18639271
-4,23061973;0,55979329
-4,22561973;0,18639271
-4,22061973;0,00000000
-4,21561973;0,55979329
-4,21061973;-0,18639271
-4,20561973;-0,18639271
-4,20061973;0,18639271
-4,19561973;0,00000000
-4,19061973;-0,37278542
-4,18561973;0,37278542
-4,18061973;0,18639271
-4,17561973;-0,55979329
-4,17061973;0,00000000
-4,16561973;-0,55979329
-4,16061973;0,55979329
-4,15561973;-0,74618596
-4,15061973;0,37278542
-4,14561973;0,00000000
-4,14061973;0,55979329
-4,13561973;0,18639271
-4,13061973;-5,22699261
-4,12561973;-0,37278542
-4,12061973;-1,30659437
-4,11561973;1,11958659
-4,11061973;0,00000000
-4,10561973;-0,55979329
-4,10061973;0,18639271
-4,09561973;0,00000000
-4,09061974;-0,74618596
-4,08561974;0,00000000
-4,08061974;0,00000000
-4,07561974;-0,37278542
-4,07061974;0,00000000
-4,06561974;0,00000000
-4,06061974;0,55979329
-4,05561974;-0,18639271
-4,05061974;0,00000000
-4,04561974;-0,37278542
-4,04061974;-0,37278542
-4,03561974;0,00000000
-4,03061974;-0,18639271
-4,02561974;0,55979329
-4,02061974;-0,18639271
-4,01561974;0,74618596
-4,01061974;0,37278542
-4,00561974;0,18639271
-4,00061974;-0,18639271
-3,99561974;0,55979329
-3,99061974;0,55979329
-3,98561974;-0,37278542
-3,98061974;0,18639271
-3,97561974;-0,37278542
-3,97061974;0,18639271
-3,96561974;1,11958659
-3,96061974;0,00000000
-3,95561974;-0,74618596
-3,95061974;0,37278542
-3,94561974;0,18639271
-3,94061974;-0,37278542
-3,93561974;-0,18639271
-3,93061974;-0,37278542
-3,92561974;0,18639271
-3,92061974;0,55979329
-3,91561974;0,55979329
-3,91061974;0,00000000
-3,90561974;0,00000000
-3,90061974;-0,55979329
-3,89561974;0,55979329
-3,89061974;0,00000000
-3,88561974;1,30659437
-3,88061974;0,18639271
-3,87561974;0,00000000
-3,87061974;0,00000000
-3,86561974;-0,18639271
-3,86061974;-0,74618596
-3,85561974;0,00000000
-3,85061974;-0,18639271
-3,84561974;-0,18639271
-3,84061974;-0,37278542
-3,83561974;-0,55979329
-3,83061974;0,00000000
-3,82561974;-0,74618596
-3,82061974;-0,18639271
-3,81561974;0,00000000
-3,81061974;-0,55979329
-3,80561974;0,00000000
-3,80061974;0,00000000
-3,79561974;0,18639271
-3,79061974;0,18639271
-3,78561974;-2,05339551
-3,78061974;-0,55979329
-3,77561974;-0,37278542
-3,77061974;0,37278542
-3,76561974;-0,74618596
-3,76061974;0,18639271
-3,75561974;1,11958659
-3,75061974;-0,74618596
-3,74561974;0,18639271
-3,74061974;0,37278542
-3,73561974;-0,55979329
-3,73061974;-0,18639271
-3,72561974;-0,55979329
-3,72061974;0,00000000
-3,71561974;0,55979329
-3,71061974;0,93319386
-3,70561974;0,37278542
-3,70061974;0,00000000
-3,69561975;0,93319386
-3,69061975;0,18639271
-3,68561975;0,18639271
-3,68061975;0,00000000
-3,67561975;0,00000000
-3,67061975;-0,18639271
-3,66561975;0,00000000
-3,66061975;0,55979329
-3,65561975;-0,18639271
-3,65061975;0,18639271
-3,64561975;0,37278542
-3,64061975;0,18639271
-3,63561975;0,18639271
-3,63061975;-0,18639271
-3,62561975;0,37278542
-3,62061975;0,00000000
-3,61561975;0,00000000
-3,61061975;-0,37278542
-3,60561975;0,00000000
-3,60061975;0,55979329
-3,59561975;0,18639271
-3,59061975;0,18639271
-3,58561975;-0,37278542
-3,58061975;0,55979329
-3,57561975;-0,18639271
-3,57061975;0,00000000
-3,56561975;-0,55979329
-3,56061975;0,18639271
-3,55561975;0,18639271
-3,55061975;-0,37278542
-3,54561975;0,37278542
-3,54061975;0,00000000
-3,53561975;0,00000000
-3,53061975;0,74618596
-3,52561975;0,18639271
-3,52061975;-1,49298716
-3,51561975;0,74618596
-3,51061975;0,74618596
-3,50561975;0,37278542
-3,50061975;0,18639271
-3,49561975;0,00000000
-3,49061975;0,18639271
-3,48561975;0,37278542
-3,48061975;-0,37278542
-3,47561975;0,37278542
-3,47061975;-0,55979329
-3,46561975;0,00000000
-3,46061975;0,55979329
-3,45561975;-1,30659437
-3,45061975;0,18639271
-3,44561975;-0,18639271
-3,44061975;0,18639271
-3,43561975;-0,93319386
-3,43061975;0,37278542
-3,42561975;-0,74618596
-3,42061975;-0,18639271
-3,41561975;0,00000000
-3,41061975;-0,37278542
-3,40561975;0,18639271
-3,40061975;-0,18639271
-3,39561975;0,74618596
-3,39061975;0,55979329
-3,38561975;0,18639271
-3,38061975;0,55979329
-3,37561975;0,37278542
-3,37061975;0,00000000
-3,36561975;0,00000000
-3,36061975;-0,37278542
-3,35561975;0,00000000
-3,35061975;0,00000000
-3,34561975;0,55979329
-3,34061975;-0,37278542
-3,33561975;0,74618596
-3,33061975;0,55979329
-3,32561975;0,18639271
-3,32061975;1,11958659
-3,31561975;0,55979329
-3,31061975;-0,18639271
-3,30561975;0,93319386
-3,30061976;-0,18639271
-3,29561976;0,18639271
-3,29061976;-0,55979329
-3,28561976;0,74618596
-3,28061976;0,93319386
-3,27561976;0,93319386
-3,27061976;0,00000000
-3,26561976;0,18639271
-3,26061976;-0,37278542
-3,25561976;0,18639271
-3,25061976;0,18639271
-3,24561976;-0,18639271
-3,24061976;-0,37278542
-3,23561976;0,18639271
-3,23061976;3,54699802
-3,22561976;1,11958659
-3,22061976;-1,11958659
-3,21561976;-0,37278542
-3,21061976;0,18639271
-3,20561976;0,37278542
-3,20061976;-0,37278542
-3,19561976;0,18639271
-3,19061976;0,00000000
-3,18561976;0,00000000
-3,18061976;0,18639271
-3,17561976;0,55979329
-3,17061976;0,55979329
-3,16561976;0,55979329
-3,16061976;-0,74618596
-3,15561976;-0,55979329
-3,15061976;0,00000000
-3,14561976;0,00000000
-3,14061976;0,00000000
-3,13561976;0,00000000
-3,13061976;0,00000000
-3,12561976;-1,11958659
-3,12061976;1,11958659
-3,11561976;-0,37278542
-3,11061976;0,00000000
-3,10561976;-0,74618596
-3,10061976;0,00000000
-3,09561976;-0,55979329
-3,09061976;0,93319386
-3,08561976;0,37278542
-3,08061976;0,37278542
-3,07561976;-0,55979329
-3,07061976;0,37278542
-3,06561976;0,00000000
-3,06061976;-0,37278542
-3,05561976;-0,18639271
-3,05061976;0,18639271
-3,04561976;0,37278542
-3,04061976;0,37278542
-3,03561976;0,55979329
-3,03061976;-0,37278542
-3,02561976;0,55979329
-3,02061976;-1,11958659
-3,01561976;0,37278542
-3,01061976;0,00000000
-3,00561976;0,00000000
-3,00061976;0,00000000
-2,99561976;-0,55979329
-2,99061976;0,18639271
-2,98561976;0,93319386
-2,98061976;0,00000000
-2,97561976;0,74618596
-2,97061976;-0,18639271
-2,96561976;0,18639271
-2,96061976;-0,18639271
-2,95561976;-0,37278542
-2,95061976;-0,55979329
-2,94561976;0,37278542
-2,94061976;0,55979329
-2,93561976;-0,18639271
-2,93061976;-0,74618596
-2,92561976;-0,37278542
-2,92061976;1,49298716
-2,91561976;1,11958659
-2,91061976;-0,18639271
-2,90561977;-1,67999494
-2,90061977;0,18639271
-2,89561977;0,00000000
-2,89061977;0,55979329
-2,88561977;0,55979329
-2,88061977;-0,37278542
-2,87561977;0,37278542
-2,87061977;-0,18639271
-2,86561977;0,55979329
-2,86061977;-1,11958659
-2,85561977;-0,37278542
-2,85061977;4,29379892
-2,84561977;0,00000000
-2,84061977;0,00000000
-2,83561977;-0,37278542
-2,83061977;0,00000000
-2,82561977;-0,37278542
-2,82061977;0,55979329
-2,81561977;0,00000000
-2,81061977;0,18639271
-2,80561977;-0,37278542
-2,80061977;-0,37278542
-2,79561977;-0,37278542
-2,79061977;-0,18639271
-2,78561977;-0,18639271
-2,78061977;0,00000000
-2,77561977;-0,74618596
-2,77061977;0,00000000
-2,76561977;-0,18639271
-2,76061977;-0,18639271
-2,75561977;0,55979329
-2,75061977;0,00000000
-2,74561977;0,00000000
-2,74061977;0,18639271
-2,73561977;0,18639271
-2,73061977;-0,93319386
-2,72561977;0,00000000
-2,72061977;0,55979329
-2,71561977;0,93319386
-2,71061977;-0,37278542
-2,70561977;-1,11958659
-2,70061977;0,18639271
-2,69561977;-0,37278542
-2,69061977;0,55979329
-2,68561977;-0,37278542
-2,68061977;0,00000000
-2,67561977;0,00000000
-2,67061977;-0,18639271
-2,66561977;0,00000000
-2,66061977;0,37278542
-2,65561977;0,37278542
-2,65061977;0,18639271
-2,64561977;1,30659437
-2,64061977;0,37278542
-2,63561977;0,55979329
-2,63061977;-0,18639271
-2,62561977;0,18639271
-2,62061977;0,18639271
-2,61561977;0,00000000
-2,61061977;0,93319386
-2,60561977;0,00000000
-2,60061977;0,37278542
-2,59561977;0,74618596
-2,59061977;0,18639271
-2,58561977;0,18639271
-2,58061977;0,37278542
-2,57561977;0,00000000
-2,57061977;-0,37278542
-2,56561977;0,18639271
-2,56061977;0,00000000
-2,55561977;0,18639271
-2,55061977;0,74618596
-2,54561977;0,37278542
-2,54061977;0,74618596
-2,53561977;0,00000000
-2,53061977;0,18639271
-2,52561977;0,93319386
-2,52061977;-0,37278542
-2,51561977;0,93319386
-2,51061978;0,37278542
-2,50561978;0,55979329
-2,50061978;0,00000000
-2,49561978;0,18639271
-2,49061978;-0,74618596
-2,48561978;-0,18639271
-2,48061978;-0,74618596
-2,47561978;0,18639271
-2,47061978;0,00000000
-2,46561978;0,00000000
-2,46061978;-0,37278542
-2,45561978;0,00000000
-2,45061978;0,00000000
-2,44561978;0,18639271
-2,44061978;0,00000000
-2,43561978;0,18639271
-2,43061978;-0,18639271
-2,42561978;-0,37278542
-2,42061978;0,18639271
-2,41561978;-0,37278542
-2,41061978;-0,55979329
-2,40561978;0,18639271
-2,40061978;0,18639271
-2,39561978;0,37278542
-2,39061978;0,00000000
-2,38561978;-0,55979329
-2,38061978;0,37278542
-2,37561978;1,11958659
-2,37061978;0,37278542
-2,36561978;0,18639271
-2,36061978;0,00000000
-2,35561978;0,55979329
-2,35061978;-0,18639271
-2,34561978;0,37278542
-2,34061978;-0,74618596
-2,33561978;-2,05339551
-2,33061978;-0,37278542
-2,32561978;0,18639271
-2,32061978;-0,37278542
-2,31561978;0,00000000
-2,31061978;-0,37278542
-2,30561978;-1,11958659
-2,30061978;0,00000000
-2,29561978;-0,55979329
-2,29061978;-0,37278542
-2,28561978;0,37278542
-2,28061978;2,80019665
-2,27561978;-0,37278542
-2,27061978;0,18639271
-2,26561978;0,55979329
-2,26061978;0,74618596
-2,25561978;-0,74618596
-2,25061978;0,55979329
-2,24561978;-0,55979329
-2,24061978;0,55979329
-2,23561978;0,00000000
-2,23061978;0,18639271
-2,22561978;0,18639271
-2,22061978;-0,37278542
-2,21561978;0,18639271
-2,21061978;0,18639271
-2,20561978;0,18639271
-2,20061978;-0,74618596
-2,19561978;0,18639271
-2,19061978;0,18639271
-2,18561978;0,18639271
-2,18061978;-0,74618596
-2,17561978;0,18639271
-2,17061978;-0,37278542
-2,16561978;0,18639271
-2,16061978;-0,37278542
-2,15561978;0,55979329
-2,15061978;0,93319386
-2,14561978;0,55979329
-2,14061978;0,18639271
-2,13561978;0,00000000
-2,13061978;1,11958659
-2,12561978;0,37278542
-2,12061978;-0,18639271
-2,11561978;-0,37278542
-2,11061979;0,00000000
-2,10561979;0,00000000
-2,10061979;0,74618596
-2,09561979;0,55979329
-2,09061979;-1,11958659
-2,08561979;0,93319386
-2,08061979;-0,37278542
-2,07561979;0,00000000
-2,07061979;-0,55979329
-2,06561979;0,18639271
-2,06061979;0,18639271
-2,05561979;0,18639271
-2,05061979;0,00000000
-2,04561979;-0,18639271
-2,04061979;0,00000000
-2,03561979;-0,18639271
-2,03061979;0,00000000
-2,02561979;0,18639271
-2,02061979;-0,18639271
-2,01561979;-0,37278542
-2,01061979;0,00000000
-2,00561979;-0,37278542
-2,00061979;0,18639271
-1,99561979;-0,37278542
-1,99061979;0,18639271
-1,98561979;0,00000000
-1,98061979;0,00000000
-1,97561979;0,18639271
-1,97061979;0,93319386
-1,96561979;0,18639271
-1,96061979;-0,18639271
-1,95561979;-0,74618596
-1,95061979;0,37278542
-1,94561979;-0,37278542
-1,94061979;0,37278542
-1,93561979;0,55979329
-1,93061979;-0,37278542
-1,92561979;-0,93319386
-1,92061979;0,74618596
-1,91561979;-0,74618596
-1,91061979;0,18639271
-1,90561979;-0,37278542
-1,90061979;-0,37278542
-1,89561979;-0,93319386
-1,89061979;-3,92039847
-1,88561979;0,37278542
-1,88061979;0,55979329
-1,87561979;0,37278542
-1,87061979;0,74618596
-1,86561979;-0,37278542
-1,86061979;0,00000000
-1,85561979;-0,37278542
-1,85061979;-0,37278542
-1,84561979;0,55979329
-1,84061979;0,18639271
-1,83561979;0,18639271
-1,83061979;-0,37278542
-1,82561979;0,55979329
-1,82061979;-0,74618596
-1,81561979;0,00000000
-1,81061979;-0,37278542
-1,80561979;0,18639271
-1,80061979;-0,74618596
-1,79561979;0,55979329
-1,79061979;0,74618596
-1,78561979;0,18639271
-1,78061979;0,55979329
-1,77561979;0,00000000
-1,77061979;-0,74618596
-1,76561979;-0,55979329
-1,76061979;0,37278542
-1,75561979;-0,55979329
-1,75061979;0,74618596
-1,74561979;0,00000000
-1,74061979;-0,37278542
-1,73561979;0,18639271
-1,73061979;0,37278542
-1,72561979;0,93319386
-1,72061979;0,18639271
-1,71561980;-0,37278542
-1,71061980;-0,37278542
-1,70561980;-1,11958659
-1,70061980;0,00000000
-1,69561980;-0,55979329
-1,69061980;0,93319386
-1,68561980;-0,37278542
-1,68061980;-0,37278542
-1,67561980;-0,37278542
-1,67061980;0,18639271
-1,66561980;0,18639271
-1,66061980;0,18639271
-1,65561980;-0,37278542
-1,65061980;-0,37278542
-1,64561980;-0,18639271
-1,64061980;-0,74618596
-1,63561980;0,00000000
-1,63061980;0,00000000
-1,62561980;-0,93319386
-1,62061980;-0,18639271
-1,61561980;0,18639271
-1,61061980;0,00000000
-1,60561980;0,18639271
-1,60061980;0,00000000
-1,59561980;0,18639271
-1,59061980;-0,37278542
-1,58561980;0,18639271
-1,58061980;-0,55979329
-1,57561980;0,93319386
-1,57061980;0,00000000
-1,56561980;0,37278542
-1,56061980;0,00000000
-1,55561980;0,74618596
-1,55061980;0,00000000
-1,54561980;-0,74618596
-1,54061980;0,55979329
-1,53561980;0,00000000
-1,53061980;0,18639271
-1,52561980;0,18639271
-1,52061980;0,18639271
-1,51561980;0,00000000
-1,51061980;-0,55979329
-1,50561980;-1,67999494
-1,50061980;0,18639271
-1,49561980;1,11958659
-1,49061980;1,30659437
-1,48561980;-0,18639271
-1,48061980;-0,55979329
-1,47561980;0,18639271
-1,47061980;-0,37278542
-1,46561980;0,18639271
-1,46061980;0,18639271
-1,45561980;0,18639271
-1,45061980;-0,37278542
-1,44561980;-0,55979329
-1,44061980;0,18639271
-1,43561980;0,00000000
-1,43061980;-0,37278542
-1,42561980;0,18639271
-1,42061980;0,55979329
-1,41561980;-0,18639271
-1,41061980;-0,37278542
-1,40561980;0,37278542
-1,40061980;0,00000000
-1,39561980;-0,93319386
-1,39061980;0,00000000
-1,38561980;0,18639271
-1,38061980;0,74618596
-1,37561980;0,00000000
-1,37061980;0,00000000
-1,36561980;0,00000000
-1,36061980;0,18639271
-1,35561980;0,55979329
-1,35061980;0,18639271
-1,34561980;-6,53358746
-1,34061980;-0,37278542
-1,33561980;-0,18639271
-1,33061980;-0,55979329
-1,32561980;0,18639271
-1,32061981;-0,37278542
-1,31561981;0,18639271
-1,31061981;-0,18639271
-1,30561981;0,55979329
-1,30061981;1,11958659
-1,29561981;0,93319386
-1,29061981;0,00000000
-1,28561981;-0,37278542
-1,28061981;0,00000000
-1,27561981;0,74618596
-1,27061981;0,00000000
-1,26561981;0,55979329
-1,26061981;0,00000000
-1,25561981;0,00000000
-1,25061981;-0,55979329
-1,24561981;0,00000000
-1,24061981;0,37278542
-1,23561981;-0,18639271
-1,23061981;0,55979329
-1,22561981;0,55979329
-1,22061981;0,74618596
-1,21561981;0,18639271
-1,21061981;-0,18639271
-1,20561981;-0,37278542
-1,20061981;0,00000000
-1,19561981;0,55979329
-1,19061981;0,93319386
-1,18561981;0,00000000
-1,18061981;0,18639271
-1,17561981;1,11958659
-1,17061981;0,00000000
-1,16561981;0,55979329
-1,16061981;-0,18639271
-1,15561981;0,93319386
-1,15061981;0,18639271
-1,14561981;0,00000000
-1,14061981;-1,11958659
-1,13561981;-0,55979329
-1,13061981;0,00000000
-1,12561981;0,18639271
-1,12061981;0,55979329
-1,11561981;-0,37278542
-1,11061981;0,00000000
-1,10561981;-0,18639271
-1,10061981;0,55979329
-1,09561981;1,11958659
-1,09061981;0,55979329
-1,08561981;-0,55979329
-1,08061981;0,00000000
-1,07561981;0,00000000
-1,07061981;0,55979329
-1,06561981;0,18639271
-1,06061981;0,00000000
-1,05561981;1,11958659
-1,05061981;-1,11958659
-1,04561981;0,00000000
-1,04061981;0,00000000
-1,03561981;0,93319386
-1,03061981;0,18639271
-1,02561981;0,37278542
-1,02061981;-0,37278542
-1,01561981;0,18639271
-1,01061981;0,55979329
-1,00561981;1,11958659
-1,00061981;0,37278542
-0,99561981;0,00000000
-0,99061981;-0,74618596
-0,98561981;0,18639271
-0,98061981;0,37278542
-0,97561981;0,18639271
-0,97061981;0,55979329
-0,96561981;0,93319386
-0,96061981;-0,37278542
-0,95561981;0,18639271
-0,95061981;0,93319386
-0,94561981;0,74618596
-0,94061981;0,00000000
-0,93561981;0,55979329
-0,93061981;0,37278542
-0,92561982;0,00000000
-0,92061982;0,37278542
-0,91561982;0,00000000
-0,91061982;0,74618596
-0,90561982;1,49298716
-0,90061982;-0,37278542
-0,89561982;-0,74618596
-0,89061982;-1,67999494
-0,88561982;0,18639271
-0,88061982;-0,74618596
-0,87561982;0,18639271
-0,87061982;-0,37278542
-0,86561982;0,00000000
-0,86061982;0,00000000
-0,85561982;0,55979329
-0,85061982;0,00000000
-0,84561982;0,93319386
-0,84061982;-0,37278542
-0,83561982;0,00000000
-0,83061982;0,55979329
-0,82561982;0,00000000
-0,82061982;0,18639271
-0,81561982;0,00000000
-0,81061982;0,18639271
-0,80561982;0,55979329
-0,80061982;-0,55979329
-0,79561982;-0,18639271
-0,79061982;0,00000000
-0,78561982;0,55979329
-0,78061982;0,55979329
-0,77561982;0,74618596
-0,77061982;-11,57480240
-0,76561982;0,00000000
-0,76061982;0,00000000
-0,75561982;0,74618596
-0,75061982;-1,30659437
-0,74561982;0,00000000
-0,74061982;0,18639271
-0,73561982;0,93319386
-0,73061982;-0,18639271
-0,72561982;0,55979329
-0,72061982;0,18639271
-0,71561982;0,18639271
-0,71061982;0,18639271
-0,70561982;-1,30659437
-0,70061982;-0,74618596
-0,69561982;-0,37278542
-0,69061982;0,00000000
-0,68561982;0,55979329
-0,68061982;0,18639271
-0,67561982;0,18639271
-0,67061982;0,18639271
-0,66561982;0,18639271
-0,66061982;0,55979329
-0,65561982;-0,18639271
-0,65061982;0,00000000
-0,64561982;0,18639271
-0,64061982;0,18639271
-0,63561982;0,55979329
-0,63061982;0,74618596
-0,62561982;0,55979329
-0,62061982;0,55979329
-0,61561982;0,37278542
-0,61061982;0,00000000
-0,60561982;0,55979329
-0,60061982;0,18639271
-0,59561982;0,55979329
-0,59061982;0,00000000
-0,58561982;0,00000000
-0,58061982;0,55979329
-0,57561982;0,55979329
-0,57061982;0,00000000
-0,56561982;0,18639271
-0,56061982;-0,37278542
-0,55561982;-0,37278542
-0,55061982;0,18639271
-0,54561982;0,00000000
-0,54061982;0,93319386
-0,53561982;0,00000000
-0,53061983;0,55979329
-0,52561983;0,55979329
-0,52061983;0,18639271
-0,51561983;-0,37278542
-0,51061983;0,00000000
-0,50561983;-0,93319386
-0,50061983;-1,11958659
-0,49561983;0,00000000
-0,49061983;-0,37278542
-0,48561983;0,55979329
-0,48061983;0,93319386
-0,47561983;0,55979329
-0,47061983;0,00000000
-0,46561983;-0,37278542
-0,46061983;0,00000000
-0,45561983;0,55979329
-0,45061983;0,00000000
-0,44561983;-0,37278542
-0,44061983;0,00000000
-0,43561983;0,00000000
-0,43061983;-1,30659437
-0,42561983;0,93319386
-0,42061983;-0,37278542
-0,41561983;0,18639271
-0,41061983;0,18639271
-0,40561983;-0,18639271
-0,40061983;0,37278542
-0,39561983;0,37278542
-0,39061983;0,00000000
-0,38561983;0,37278542
-0,38061983;-0,37278542
-0,37561983;-0,37278542
-0,37061983;-0,18639271
-0,36561983;-3,92039847
-0,36061983;0,55979329
-0,35561983;-0,74618596
-0,35061983;0,55979329
-0,34561983;0,74618596
-0,34061983;0,18639271
-0,33561983;0,00000000
-0,33061983;2,42679620
-0,32561983;0,18639271
-0,32061983;0,00000000
-0,31561983;0,55979329
-0,31061983;0,18639271
-0,30561983;0,55979329
-0,30061983;-0,18639271
-0,29561983;0,18639271
-0,29061983;0,55979329
-0,28561983;-0,55979329
-0,28061983;0,00000000
-0,27561983;-0,74618596
-0,27061983;0,37278542
-0,26561983;0,00000000
-0,26061983;0,00000000
-0,25561983;0,00000000
-0,25061983;0,00000000
-0,24561983;0,18639271
-0,24061983;0,55979329
-0,23561983;-0,37278542
-0,23061983;-0,37278542
-0,22561983;-0,37278542
-0,22061983;1,11958659
-0,21561983;0,55979329
-0,21061983;0,00000000
-0,20561983;0,55979329
-0,20061983;1,67999494
-0,19561983;2,05339551
-0,19061983;0,18639271
-0,18561983;-0,37278542
-0,18061983;0,74618596
-0,17561983;0,37278542
-0,17061983;-0,37278542
-0,16561983;0,00000000
-0,16061983;0,74618596
-0,15561983;0,18639271
-0,15061983;0,18639271
-0,14561983;0,18639271
-0,14061983;-0,18639271
-0,13561983;0,00000000
-0,13061984;0,18639271
-0,12561984;0,55979329
-0,12061984;0,37278542
-0,11561984;-0,18639271
-0,11061984;0,00000000
-0,10561984;0,93319386
-0,10061984;-0,37278542
-0,09561984;1,11958659
-0,09061984;-1,11958659
-0,08561984;0,18639271
-0,08061984;0,00000000
-0,07561984;-0,18639271
-0,07061984;-0,18639271
-0,06561984;0,00000000
-0,06061984;0,74618596
-0,05561984;0,00000000
-0,05061984;0,18639271
-0,04561984;0,55979329
-0,04061984;0,55979329
-0,03561984;0,00000000
-0,03061984;0,18639271
-0,02561984;-0,37278542
-0,02061984;0,37278542
-0,01561984;1,49298716
-0,01061984;0,18639271
-0,00561984;0,18639271
-0,00061984;-0,37278542
0,00438016;∞
0,00938016;0,93319386
0,01438016;0,00000000
0,01938016;0,74618596
0,02438016;0,00000000
0,02938016;0,55979329
0,03438016;0,18639271
0,03938016;-0,18639271
0,04438016;-0,37278542
0,04938016;0,00000000
0,05438016;-0,18639271
0,05938016;-0,37278542
0,06438016;0,00000000
0,06938016;0,00000000
0,07438016;0,18639271
0,07938016;-0,18639271
0,08438016;-0,55979329
0,08938016;0,37278542
0,09438016;0,55979329
0,09938016;-0,37278542
0,10438016;0,55979329
0,10938016;1,49298716
0,11438016;-0,55979329
0,11938016;-0,18639271
0,12438016;-1,11958659
0,12938016;-0,18639271
0,13438016;0,00000000
0,13938016;-12,69438839
0,14438016;0,00000000
0,14938016;-0,18639271
0,15438016;0,55979329
0,15938016;0,18639271
0,16438016;0,00000000
0,16938016;0,18639271
0,17438016;-0,55979329
0,17938016;0,00000000
0,18438016;0,00000000
0,18938016;-0,37278542
0,19438016;0,18639271
0,19938016;-0,18639271
0,20438016;0,37278542
0,20938016;0,37278542
0,21438016;0,18639271
0,21938016;0,00000000
0,22438016;0,55979329
0,22938016;0,18639271
0,23438016;0,55979329
0,23938016;-0,18639271
0,24438016;0,55979329
0,24938016;-0,55979329
0,25438016;0,37278542
0,25938016;0,37278542
0,26438015;-0,74618596
0,26938015;0,74618596
0,27438015;0,55979329
0,27938015;0,18639271
0,28438015;0,18639271
0,28938015;0,18639271
0,29438015;-0,37278542
0,29938015;-0,37278542
0,30438015;0,18639271
0,30938015;0,00000000
0,31438015;-0,37278542
0,31938015;0,00000000
0,32438015;0,74618596
0,32938015;0,18639271
0,33438015;0,18639271
0,33938015;0,00000000
0,34438015;-0,18639271
0,34938015;0,37278542
0,35438015;0,18639271
0,35938015;-0,18639271
0,36438015;-0,37278542
0,36938015;-0,37278542
0,37438015;0,37278542
0,37938015;-0,18639271
0,38438015;0,37278542
0,38938015;-0,74618596
0,39438015;0,00000000
0,39938015;0,37278542
0,40438015;0,37278542
0,40938015;0,00000000
0,41438015;-0,18639271
0,41938015;0,00000000
0,42438015;0,18639271
0,42938015;0,37278542
0,43438015;0,00000000
0,43938015;0,00000000
0,44438015;2,05339551
0,44938015;-0,18639271
0,45438015;-0,37278542
0,45938015;0,18639271
0,46438015;0,55979329
0,46938015;-0,37278542
0,47438015;0,37278542
0,47938015;-0,18639271
0,48438015;0,00000000
0,48938015;-0,18639271
0,49438015;-0,74618596
0,49938015;0,93319386
0,50438015;0,37278542
0,50938015;-2,61318874
0,51438015;0,18639271
0,51938015;0,18639271
0,52438015;0,74618596
0,52938015;-0,37278542
0,53438015;0,37278542
0,53938015;-0,37278542
0,54438015;-0,37278542
0,54938015;-0,55979329
0,55438015;0,18639271
0,55938015;0,00000000
0,56438015;0,18639271
0,56938015;0,18639271
0,57438015;5,22699261
0,57938015;-0,18639271
0,58438015;0,93319386
0,58938015;0,00000000
0,59438015;-0,37278542
0,59938015;0,18639271
0,60438015;-0,18639271
0,60938015;-0,37278542
0,61438015;-0,18639271
0,61938015;0,18639271
0,62438015;0,55979329
0,62938015;0,18639271
0,63438015;-0,55979329
0,63938015;-0,18639271
0,64438015;0,00000000
0,64938015;0,37278542
0,65438015;-0,37278542
0,65938014;0,37278542
0,66438014;0,37278542
0,66938014;0,18639271
0,67438014;0,00000000
0,67938014;-0,37278542
0,68438014;0,00000000
0,68938014;0,00000000
0,69438014;-0,37278542
0,69938014;0,37278542
0,70438014;-0,37278542
0,70938014;0,00000000
0,71438014;-0,93319386
0,71938014;0,18639271
0,72438014;0,00000000
0,72938014;0,18639271
0,73438014;0,18639271
0,73938014;-0,74618596
0,74438014;-0,18639271
0,74938014;0,37278542
0,75438014;-0,55979329
0,75938014;0,00000000
0,76438014;-0,37278542
0,76938014;1,11958659
0,77438014;-0,18639271
0,77938014;0,18639271
0,78438014;0,00000000
0,78938014;0,37278542
0,79438014;-0,37278542
0,79938014;-0,55979329
0,80438014;-0,18639271
0,80938014;-0,37278542
0,81438014;-0,74618596
0,81938014;0,55979329
0,82438014;0,55979329
0,82938014;0,00000000
0,83438014;-0,37278542
0,83938014;-0,93319386
0,84438014;0,00000000
0,84938014;0,55979329
0,85438014;-0,74618596
0,85938014;0,37278542
0,86438014;0,00000000
0,86938014;-0,37278542
0,87438014;-0,37278542
0,87938014;0,93319386
0,88438014;-0,37278542
0,88938014;-0,37278542
0,89438014;0,18639271
0,89938014;0,55979329
0,90438014;0,00000000
0,90938014;0,00000000
0,91438014;0,55979329
0,91938014;0,93319386
0,92438014;0,00000000
0,92938014;0,00000000
0,93438014;0,18639271
0,93938014;-0,55979329
0,94438014;0,18639271
0,94938014;0,55979329
0,95438014;0,55979329
0,95938014;0,00000000
0,96438014;0,18639271
0,96938014;0,55979329
0,97438014;0,18639271
0,97938014;0,93319386
0,98438014;0,00000000
0,98938014;0,37278542
0,99438014;0,00000000
0,99938014;-0,55979329
1,00438014;0,55979329
1,00938014;0,18639271
1,01438014;-0,37278542
1,01938014;0,55979329
1,02438014;0,00000000
1,02938014;0,00000000
1,03438014;0,00000000
1,03938014;-1,11958659
1,04438014;0,00000000
1,04938014;0,18639271
1,05438013;0,55979329
1,05938013;0,18639271
1,06438013;0,37278542
1,06938013;-0,37278542
1,07438013;-0,37278542
1,07938013;0,18639271
1,08438013;-0,37278542
1,08938013;0,00000000
1,09438013;0,00000000
1,09938013;-0,55979329
1,10438013;0,93319386
1,10938013;0,00000000
1,11438013;-0,74618596
1,11938013;-0,18639271
1,12438013;-0,37278542
1,12938013;0,00000000
1,13438013;0,00000000
1,13938013;-1,11958659
1,14438013;-0,18639271
1,14938013;-0,74618596
1,15438013;-0,37278542
1,15938013;0,55979329
1,16438013;-0,18639271
1,16938013;0,55979329
1,17438013;-1,67999494
1,17938013;0,55979329
1,18438013;0,18639271
1,18938013;0,18639271
1,19438013;0,00000000
1,19938013;1,49298716
1,20438013;0,00000000
1,20938013;-0,37278542
1,21438013;0,18639271
1,21938013;0,00000000
1,22438013;0,93319386
1,22938013;-0,18639271
1,23438013;0,18639271
1,23938013;0,18639271
1,24438013;0,93319386
1,24938013;-0,37278542
1,25438013;0,37278542
1,25938013;0,18639271
1,26438013;1,11958659
1,26938013;0,00000000
1,27438013;0,18639271
1,27938013;-0,37278542
1,28438013;0,00000000
1,28938013;0,55979329
1,29438013;0,00000000
1,29938013;0,00000000
1,30438013;0,37278542
1,30938013;1,30659437
1,31438013;0,37278542
1,31938013;0,18639271
1,32438013;1,11958659
1,32938013;-0,18639271
1,33438013;0,00000000
1,33938013;-0,74618596
1,34438013;0,55979329
1,34938013;0,00000000
1,35438013;0,00000000
1,35938013;0,55979329
1,36438013;0,18639271
1,36938013;0,18639271
1,37438013;-0,37278542
1,37938013;-1,11958659
1,38438013;0,55979329
1,38938013;-0,37278542
1,39438013;0,00000000
1,39938013;-1,11958659
1,40438013;0,00000000
1,40938013;0,18639271
1,41438013;0,18639271
1,41938013;-0,37278542
1,42438013;-0,74618596
1,42938013;-0,74618596
1,43438013;0,93319386
1,43938013;-1,11958659
1,44438013;-1,11958659
1,44938012;0,37278542
1,45438012;-0,18639271
1,45938012;-0,37278542
1,46438012;0,18639271
1,46938012;1,11958659
1,47438012;0,00000000
1,47938012;0,37278542
1,48438012;0,18639271
1,48938012;0,55979329
1,49438012;0,18639271
1,49938012;-0,55979329
1,50438012;0,18639271
1,50938012;0,18639271
1,51438012;1,49298716
1,51938012;-0,37278542
1,52438012;1,49298716
1,52938012;-0,74618596
1,53438012;0,37278542
1,53938012;0,00000000
1,54438012;0,00000000
1,54938012;0,74618596
1,55438012;0,00000000
1,55938012;-0,37278542
1,56438012;0,00000000
1,56938012;-0,18639271
1,57438012;0,00000000
1,57938012;1,30659437
1,58438012;0,37278542
1,58938012;-0,18639271
1,59438012;0,55979329
1,59938012;0,55979329
1,60438012;0,55979329
1,60938012;0,18639271
1,61438012;-0,37278542
1,61938012;0,00000000
1,62438012;-0,37278542
1,62938012;0,55979329
1,63438012;0,18639271
1,63938012;0,18639271
1,64438012;0,18639271
1,64938012;-0,37278542
1,65438012;0,00000000
1,65938012;0,18639271
1,66438012;-0,18639271
1,66938012;0,74618596
1,67438012;0,00000000
1,67938012;-0,37278542
1,68438012;0,18639271
1,68938012;0,00000000
1,69438012;-0,18639271
1,69938012;0,55979329
1,70438012;-0,18639271
1,70938012;1,67999494
1,71438012;0,37278542
1,71938012;0,55979329
1,72438012;0,18639271
1,72938012;0,00000000
1,73438012;0,00000000
1,73938012;-0,37278542
1,74438012;0,74618596
1,74938012;0,00000000
1,75438012;0,18639271
1,75938012;0,18639271
1,76438012;-0,18639271
1,76938012;0,00000000
1,77438012;0,00000000
1,77938012;0,18639271
1,78438012;0,93319386
1,78938012;0,00000000
1,79438012;0,18639271
1,79938012;0,18639271
1,80438012;0,18639271
1,80938012;0,37278542
1,81438012;-0,74618596
1,81938012;0,55979329
1,82438012;0,00000000
1,82938012;0,00000000
1,83438012;0,00000000
1,83938012;0,55979329
1,84438011;0,37278542
1,84938011;-1,11958659
1,85438011;0,18639271
1,85938011;-0,37278542
1,86438011;0,37278542
1,86938011;-0,37278542
1,87438011;-0,37278542
1,87938011;0,00000000
1,88438011;0,18639271
1,88938011;0,55979329
1,89438011;-0,55979329
1,89938011;-0,37278542
1,90438011;-0,37278542
1,90938011;0,18639271
1,91438011;0,18639271
1,91938011;0,74618596
1,92438011;1,49298716
1,92938011;0,37278542
1,93438011;0,00000000
1,93938011;-0,74618596
1,94438011;0,93319386
1,94938011;0,55979329
1,95438011;0,18639271
1,95938011;0,93319386
1,96438011;0,37278542
1,96938011;-0,37278542
1,97438011;0,00000000
1,97938011;0,37278542
1,98438011;-0,55979329
1,98938011;-0,37278542
1,99438011;0,18639271
1,99938011;0,18639271
2,00438011;0,18639271
2,00938011;-0,18639271
2,01438011;0,00000000
2,01938011;0,00000000
2,02438011;-2,05339551
2,02938011;-0,37278542
2,03438011;-0,55979329
2,03938011;0,00000000
2,04438011;-0,18639271
2,04938011;0,18639271
2,05438011;0,37278542
2,05938011;0,37278542
2,06438011;1,86638772
2,06938011;0,18639271
2,07438011;-0,74618596
2,07938011;0,00000000
2,08438011;0,37278542
2,08938011;0,74618596
2,09438011;0,37278542
2,09938011;0,00000000
2,10438011;0,18639271
2,10938011;0,18639271
2,11438011;0,00000000
2,11938011;-0,55979329
2,12438011;0,00000000
2,12938011;-8,58759785
2,13438011;0,00000000
2,13938011;1,11958659
2,14438011;-0,18639271
2,14938011;0,55979329
2,15438011;0,55979329
2,15938011;-0,18639271
2,16438011;0,00000000
2,16938011;0,55979329
2,17438011;0,18639271
2,17938011;0,18639271
2,18438011;0,74618596
2,18938011;0,18639271
2,19438011;0,37278542
2,19938011;-0,37278542
2,20438011;-0,18639271
2,20938011;-0,37278542
2,21438011;0,55979329
2,21938011;-0,37278542
2,22438011;-0,37278542
2,22938011;0,93319386
2,23438011;0,00000000
2,23938011;0,37278542
2,24438010;0,37278542
2,24938010;-0,93319386
2,25438010;-0,37278542
2,25938010;0,18639271
2,26438010;0,55979329
2,26938010;-0,18639271
2,27438010;0,18639271
2,27938010;-0,18639271
2,28438010;-0,18639271
2,28938010;-0,18639271
2,29438010;0,00000000
2,29938010;0,55979329
2,30438010;0,55979329
2,30938010;1,67999494
2,31438010;-0,37278542
2,31938010;-0,37278542
2,32438010;1,49298716
2,32938010;0,55979329
2,33438010;0,18639271
2,33938010;-1,49298716
2,34438010;0,00000000
2,34938010;0,55979329
2,35438010;0,55979329
2,35938010;0,18639271
2,36438010;16,05499458
2,36938010;0,93319386
2,37438010;-0,37278542
2,37938010;0,00000000
2,38438010;0,00000000
2,38938010;-0,74618596
2,39438010;1,11958659
2,39938010;0,18639271
2,40438010;0,55979329
2,40938010;0,93319386
2,41438010;0,18639271
2,41938010;0,00000000
2,42438010;0,00000000
2,42938010;0,00000000
2,43438010;-0,55979329
2,43938010;0,18639271
2,44438010;0,00000000
2,44938010;-0,18639271
2,45438010;-0,18639271
2,45938010;-0,74618596
2,46438010;0,18639271
2,46938010;0,00000000
2,47438010;-0,55979329
2,47938010;0,18639271
2,48438010;1,11958659
2,48938010;-0,55979329
2,49438010;0,18639271
2,49938010;0,00000000
2,50438010;0,18639271
2,50938010;0,00000000
2,51438010;-0,18639271
2,51938010;-0,18639271
2,52438010;1,30659437
2,52938010;0,00000000
2,53438010;0,18639271
2,53938010;-0,74618596
2,54438010;0,00000000
2,54938010;0,55979329
2,55438010;-0,18639271
2,55938010;-0,18639271
2,56438010;0,93319386
2,56938010;0,74618596
2,57438010;0,37278542
2,57938010;0,18639271
2,58438010;0,18639271
2,58938010;0,18639271
2,59438010;0,00000000
2,59938010;0,37278542
2,60438010;0,00000000
2,60938010;0,55979329
2,61438010;0,18639271
2,61938010;0,18639271
2,62438010;0,00000000
2,62938010;-1,30659437
2,63438010;0,55979329
2,63938009;-0,37278542
2,64438009;0,00000000
2,64938009;0,18639271
2,65438009;0,18639271
2,65938009;0,00000000
2,66438009;0,18639271
2,66938009;-0,37278542
2,67438009;-0,18639271
2,67938009;0,00000000
2,68438009;0,55979329
2,68938009;0,93319386
2,69438009;-0,18639271
2,69938009;0,18639271
2,70438009;0,37278542
2,70938009;-0,74618596
2,71438009;-0,74618596
2,71938009;0,37278542
2,72438009;-1,11958659
2,72938009;-0,18639271
2,73438009;0,18639271
2,73938009;-0,74618596
2,74438009;-0,74618596
2,74938009;0,93319386
2,75438009;0,37278542
2,75938009;-0,37278542
2,76438009;-2,23978829
2,76938009;-0,55979329
2,77438009;-0,37278542
2,77938009;0,74618596
2,78438009;0,93319386
2,78938009;0,37278542
2,79438009;0,18639271
2,79938009;0,18639271
2,80438009;0,55979329
2,80938009;0,18639271
2,81438009;-0,37278542
2,81938009;0,00000000
2,82438009;0,18639271
2,82938009;0,18639271
2,83438009;-0,18639271
2,83938009;-0,37278542
2,84438009;0,18639271
2,84938009;0,00000000
2,85438009;0,18639271
2,85938009;0,00000000
2,86438009;-0,93319386
2,86938009;-0,37278542
2,87438009;0,37278542
2,87938009;0,00000000
2,88438009;0,55979329
2,88938009;0,00000000
2,89438009;0,37278542
2,89938009;-0,37278542
2,90438009;0,74618596
2,90938009;0,00000000
2,91438009;-0,37278542
2,91938009;0,18639271
2,92438009;-0,37278542
2,92938009;-0,37278542
2,93438009;-1,30659437
2,93938009;1,30659437
2,94438009;0,00000000
2,94938009;0,74618596
2,95438009;0,93319386
2,95938009;0,00000000
2,96438009;1,11958659
2,96938009;-0,37278542
2,97438009;0,37278542
2,97938009;0,18639271
2,98438009;0,00000000
2,98938009;-0,37278542
2,99438009;0,18639271
2,99938009;-1,49298716
3,00438009;0,18639271
3,00938009;0,18639271
3,01438009;0,18639271
3,01938009;0,18639271
3,02438009;0,74618596
3,02938009;0,18639271
3,03438008;-0,37278542
3,03938008;-0,55979329
3,04438008;0,00000000
3,04938008;-0,55979329
3,05438008;-0,37278542
3,05938008;0,55979329
3,06438008;0,00000000
3,06938008;0,18639271
3,07438008;0,00000000
3,07938008;0,00000000
3,08438008;-1,30659437
3,08938008;-0,18639271
3,09438008;0,18639271
3,09938008;0,55979329
3,10438008;0,93319386
3,10938008;-0,18639271
3,11438008;-0,37278542
3,11938008;-0,37278542
3,12438008;-0,55979329
3,12938008;0,00000000
3,13438008;0,55979329
3,13938008;0,18639271
3,14438008;0,93319386
3,14938008;0,37278542
3,15438008;0,55979329
3,15938008;0,00000000
3,16438008;0,18639271
3,16938008;-0,37278542
3,17438008;0,00000000
3,17938008;-0,18639271
3,18438008;0,18639271
3,18938008;0,37278542
3,19438008;0,00000000
3,19938008;0,00000000
3,20438008;0,18639271
3,20938008;0,00000000
3,21438008;0,18639271
3,21938008;0,00000000
3,22438008;-0,37278542
3,22938008;1,11958659
3,23438008;0,74618596
3,23938008;0,37278542
3,24438008;0,55979329
3,24938008;-0,37278542
3,25438008;0,00000000
3,25938008;0,00000000
3,26438008;-0,55979329
3,26938008;0,18639271
3,27438008;-0,37278542
3,27938008;0,18639271
3,28438008;-0,74618596
3,28938008;0,00000000
3,29438008;0,00000000
3,29938008;0,93319386
3,30438008;-0,55979329
3,30938008;0,37278542
3,31438008;-0,37278542
3,31938008;0,00000000
3,32438008;-1,49298716
3,32938008;0,00000000
3,33438008;-0,37278542
3,33938008;0,18639271
3,34438008;-0,37278542
3,34938008;0,00000000
3,35438008;-1,67999494
3,35938008;0,55979329
3,36438008;0,55979329
3,36938008;-0,74618596
3,37438008;0,00000000
3,37938008;0,55979329
3,38438008;-0,18639271
3,38938008;-0,74618596
3,39438008;0,00000000
3,39938008;0,00000000
3,40438008;0,18639271
3,40938008;-0,37278542
3,41438008;0,00000000
3,41938008;-0,37278542
3,42438008;0,00000000
3,42938007;-0,55979329
3,43438007;-0,37278542
3,43938007;-0,18639271
3,44438007;0,00000000
3,44938007;-0,37278542
3,45438007;-0,18639271
3,45938007;0,37278542
3,46438007;0,37278542
3,46938007;-2,42679620
3,47438007;-0,37278542
3,47938007;0,55979329
3,48438007;0,55979329
3,48938007;1,11958659
3,49438007;0,00000000
3,49938007;0,00000000
3,50438007;0,18639271
3,50938007;0,00000000
3,51438007;0,18639271
3,51938007;0,00000000
3,52438007;-0,74618596
3,52938007;0,18639271
3,53438007;0,55979329
3,53938007;-0,37278542
3,54438007;0,00000000
3,54938007;0,55979329
3,55438007;0,18639271
3,55938007;0,00000000
3,56438007;0,93319386
3,56938007;0,37278542
3,57438007;-0,37278542
3,57938007;0,00000000
3,58438007;-0,37278542
3,58938007;-0,37278542
3,59438007;-0,18639271
3,59938007;-0,18639271
3,60438007;0,18639271
3,60938007;0,00000000
3,61438007;0,55979329
3,61938007;0,18639271
3,62438007;0,00000000
3,62938007;0,55979329
3,63438007;0,00000000
3,63938007;-0,18639271
3,64438007;0,37278542
3,64938007;0,18639271
3,65438007;-0,37278542
3,65938007;-0,55979329
3,66438007;0,74618596
3,66938007;-0,74618596
3,67438007;0,18639271
3,67938007;-0,37278542
3,68438007;0,00000000
3,68938007;0,18639271
3,69438007;-0,18639271
3,69938007;0,00000000
3,70438007;0,18639271
3,70938007;0,00000000
3,71438007;0,18639271
3,71938007;-0,37278542
3,72438007;0,55979329
3,72938007;0,00000000
3,73438007;-0,18639271
3,73938007;1,11958659
3,74438007;0,18639271
3,74938007;-0,18639271
3,75438007;-0,18639271
3,75938007;0,74618596
3,76438007;-0,37278542
3,76938007;0,93319386
3,77438007;-0,37278542
3,77938007;0,18639271
3,78438007;0,00000000
3,78938007;0,18639271
3,79438007;-0,55979329
3,79938007;0,00000000
3,80438007;0,18639271
3,80938007;0,18639271
3,81438007;0,00000000
3,81938007;-0,55979329
3,82438006;0,55979329
3,82938006;-1,11958659
3,83438006;0,18639271
3,83938006;0,18639271
3,84438006;0,55979329
3,84938006;-0,18639271
3,85438006;0,18639271
3,85938006;0,37278542
3,86438006;0,18639271
3,86938006;1,11958659
3,87438006;0,55979329
3,87938006;0,18639271
3,88438006;0,18639271
3,88938006;0,74618596
3,89438006;-1,86638772
3,89938006;0,00000000
3,90438006;0,74618596
3,90938006;-0,18639271
3,91438006;-0,74618596
3,91938006;0,18639271
3,92438006;0,55979329
3,92938006;0,00000000
3,93438006;-0,37278542
3,93938006;-0,74618596
3,94438006;0,55979329
3,94938006;0,00000000
3,95438006;0,00000000
3,95938006;-0,18639271
3,96438006;0,00000000
3,96938006;-0,18639271
3,97438006;-0,18639271
3,97938006;0,18639271
3,98438006;-0,18639271
3,98938006;0,55979329
3,99438006;-0,18639271
3,99938006;-0,93319386
4,00438006;0,00000000
4,00938006;-0,74618596
4,01438006;0,00000000
4,01938006;0,18639271
4,02438006;0,18639271
4,02938006;-0,74618596
4,03438006;0,00000000
4,03938006;0,55979329
4,04438006;0,18639271
4,04938006;-0,37278542
4,05438006;0,18639271
4,05938006;0,37278542
4,06438006;-1,11958659
4,06938006;0,18639271
4,07438006;-0,37278542
4,07938006;0,00000000
4,08438006;1,11958659
4,08938006;0,00000000
4,09438006;0,37278542
4,09938006;0,55979329
4,10438006;-0,74618596
4,10938006;-0,18639271
4,11438006;0,18639271
4,11938006;0,37278542
4,12438006;-0,18639271
4,12938006;1,11958659
4,13438006;0,00000000
4,13938006;-1,30659437
4,14438006;0,18639271
4,14938006;0,37278542
4,15438006;0,00000000
4,15938006;-0,37278542
4,16438006;0,00000000
4,16938006;-0,37278542
4,17438006;-0,37278542
4,17938006;0,00000000
4,18438006;0,55979329
4,18938006;0,37278542
4,19438006;0,00000000
4,19938006;0,00000000
4,20438006;0,55979329
4,20938006;-0,37278542
4,21438006;-0,37278542
4,21938005;0,00000000
4,22438005;0,18639271
4,22938005;0,00000000
4,23438005;0,18639271
4,23938005;0,18639271
4,24438005;0,93319386
4,24938005;0,18639271
4,25438005;0,00000000
4,25938005;-0,37278542
4,26438005;0,00000000
4,26938005;0,00000000
4,27438005;-0,18639271
4,27938005;0,00000000
4,28438005;0,18639271
4,28938005;0,00000000
4,29438005;0,18639271
4,29938005;1,11958659
4,30438005;0,18639271
4,30938005;0,00000000
4,31438005;-0,93319386
4,31938005;0,00000000
4,32438005;-0,37278542
4,32938005;0,00000000
4,33438005;0,18639271
4,33938005;0,93319386
4,34438005;0,37278542
4,34938005;-0,37278542
4,35438005;-0,55979329
4,35938005;-0,74618596
4,36438005;-0,55979329
4,36938005;-0,55979329
4,37438005;0,00000000
4,37938005;-0,93319386
4,38438005;0,37278542
4,38938005;0,18639271
4,39438005;-0,18639271
4,39938005;-0,18639271
4,40438005;0,00000000
4,40938005;-0,74618596
4,41438005;0,18639271
4,41938005;0,00000000
4,42438005;0,00000000
4,42938005;0,18639271
4,43438005;0,00000000
4,43938005;-0,74618596
4,44438005;0,00000000
4,44938005;0,74618596
4,45438005;0,55979329
4,45938005;-0,37278542
4,46438005;0,00000000
4,46938005;0,00000000
4,47438005;0,00000000
4,47938005;-0,37278542
4,48438005;0,18639271
4,48938005;0,18639271
4,49438005;0,18639271
4,49938005;-0,37278542
4,50438005;0,00000000
4,50938005;0,18639271
4,51438005;0,18639271
4,51938005;-0,37278542
4,52438005;-2,05339551
4,52938005;-0,74618596
4,53438005;0,18639271
4,53938005;-0,37278542
4,54438005;0,55979329
4,54938005;0,37278542
4,55438005;0,37278542
4,55938005;0,74618596
4,56438005;0,37278542
4,56938005;0,37278542
4,57438005;0,18639271
4,57938005;0,74618596
4,58438005;0,18639271
4,58938005;0,00000000
4,59438005;-0,18639271
4,59938005;0,18639271
4,60438005;0,18639271
4,60938005;0,93319386
4,61438005;0,18639271
4,61938004;1,30659437
4,62438004;0,37278542
4,62938004;-0,55979329
4,63438004;0,18639271
4,63938004;0,18639271
4,64438004;0,00000000
4,64938004;0,00000000
4,65438004;0,18639271
4,65938004;-0,55979329
4,66438004;0,55979329
4,66938004;0,18639271
4,67438004;0,00000000
4,67938004;0,18639271
4,68438004;0,18639271
4,68938004;0,74618596
4,69438004;-0,18639271
4,69938004;0,18639271
4,70438004;0,37278542
4,70938004;0,18639271
4,71438004;0,37278542
4,71938004;0,18639271
4,72438004;0,93319386
4,72938004;0,55979329
4,73438004;0,18639271
4,73938004;0,74618596
4,74438004;0,55979329
4,74938004;0,00000000
4,75438004;0,00000000
4,75938004;0,18639271
4,76438004;0,00000000
4,76938004;0,55979329
4,77438004;-0,74618596
4,77938004;0,55979329
4,78438004;0,37278542
4,78938004;0,55979329
4,79438004;0,00000000
4,79938004;0,18639271
4,80438004;0,00000000
4,80938004;0,18639271
4,81438004;0,74618596
4,81938004;0,18639271
4,82438004;0,74618596
4,82938004;-0,18639271
4,83438004;0,18639271
4,83938004;-0,18639271
4,84438004;0,18639271
4,84938004;0,74618596
4,85438004;0,18639271
4,85938004;1,86638772
4,86438004;0,55979329
4,86938004;0,18639271
4,87438004;0,18639271
4,87938004;0,37278542
4,88438004;0,18639271
4,88938004;0,93319386
4,89438004;0,00000000
4,89938004;0,00000000
4,90438004;0,18639271
4,90938004;0,18639271
4,91438004;0,00000000
4,91938004;-0,18639271
4,92438004;0,18639271
4,92938004;0,37278542
4,93438004;0,18639271
4,93938004;-0,55979329
4,94438004;0,55979329
4,94938004;0,37278542
4,95438004;-0,37278542
4,95938004;0,55979329
4,96438004;0,00000000
4,96938004;0,55979329
4,97438004;-0,18639271
4,97938004;-0,37278542
4,98438004;-0,18639271
4,98938004;0,18639271
4,99438004;-2,98658943
4,99938004;0,37278542
5,00438004;0,74618596
5,00938004;-0,37278542
5,01438003;0,00000000
5,01938003;0,00000000
5,02438003;0,37278542
5,02938003;0,18639271
5,03438003;0,00000000
5,03938003;0,93319386
5,04438003;0,00000000
5,04938003;-0,37278542
5,05438003;0,00000000
5,05938003;0,37278542
5,06438003;-0,18639271
5,06938003;0,55979329
5,07438003;0,18639271
5,07938003;0,00000000
5,08438003;0,74618596
5,08938003;0,00000000
5,09438003;0,93319386
5,09938003;-0,55979329
5,10438003;0,00000000
5,10938003;-0,74618596
5,11438003;-0,37278542
5,11938003;0,55979329
5,12438003;1,86638772
5,12938003;-0,37278542
5,13438003;0,55979329
5,13938003;-0,55979329
5,14438003;0,00000000
5,14938003;-0,18639271
5,15438003;0,18639271
5,15938003;0,00000000
5,16438003;0,37278542
5,16938003;-0,55979329
5,17438003;0,00000000
5,17938003;0,18639271
5,18438003;-0,74618596
5,18938003;0,18639271
5,19438003;0,37278542
5,19938003;0,55979329
5,20438003;0,37278542
5,20938003;0,18639271
5,21438003;0,18639271
5,21938003;0,18639271
5,22438003;-0,55979329
5,22938003;0,18639271
5,23438003;0,18639271
5,23938003;0,37278542
5,24438003;0,00000000
5,24938003;-0,55979329
5,25438003;0,55979329
5,25938003;0,00000000
5,26438003;0,55979329
5,26938003;0,55979329
5,27438003;-0,37278542
5,27938003;-0,74618596
5,28438003;0,18639271
5,28938003;0,00000000
5,29438003;0,18639271
5,29938003;0,18639271
5,30438003;0,18639271
5,30938003;0,18639271
5,31438003;0,18639271
5,31938003;0,00000000
5,32438003;0,37278542
5,32938003;0,00000000
5,33438003;0,18639271
5,33938003;-0,74618596
5,34438003;-0,37278542
5,34938003;0,37278542
5,35438003;-0,37278542
5,35938003;0,18639271
5,36438003;1,11958659
5,36938003;0,00000000
5,37438003;0,37278542
5,37938003;-0,37278542
5,38438003;0,37278542
5,38938003;0,18639271
5,39438003;0,00000000
5,39938003;-0,74618596
5,40438003;0,00000000
5,40938002;0,74618596
5,41438002;0,55979329
5,41938002;0,93319386
5,42438002;0,55979329
5,42938002;-0,55979329
5,43438002;0,93319386
5,43938002;0,55979329
5,44438002;0,37278542
5,44938002;0,74618596
5,45438002;0,37278542
5,45938002;0,18639271
5,46438002;-0,18639271
5,46938002;-0,74618596
5,47438002;-0,37278542
5,47938002;0,00000000
5,48438002;0,18639271
5,48938002;0,00000000
5,49438002;1,49298716
5,49938002;0,93319386
5,50438002;0,00000000
5,50938002;0,55979329
5,51438002;0,00000000
5,51938002;0,18639271
5,52438002;0,93319386
5,52938002;0,93319386
5,53438002;0,18639271
5,53938002;1,11958659
5,54438002;-0,37278542
5,54938002;-0,37278542
5,55438002;0,93319386
5,55938002;0,37278542
5,56438002;0,18639271
5,56938002;0,00000000
5,57438002;0,00000000
5,57938002;0,18639271
5,58438002;0,55979329
5,58938002;0,18639271
5,59438002;0,18639271
5,59938002;0,93319386
5,60438002;-9,14739132
5,60938002;-0,18639271
5,61438002;0,00000000
5,61938002;-0,18639271
5,62438002;1,30659437
5,62938002;0,37278542
5,63438002;-0,74618596
5,63938002;-0,37278542
5,64438002;-0,37278542
5,64938002;-0,37278542
5,65438002;-0,18639271
5,65938002;0,18639271
5,66438002;0,00000000
5,66938002;0,18639271
5,67438002;0,55979329
5,67938002;0,00000000
5,68438002;0,00000000
5,68938002;0,37278542
5,69438002;0,18639271
5,69938002;0,00000000
5,70438002;0,74618596
5,70938002;0,55979329
5,71438002;-0,74618596
5,71938002;-0,37278542
5,72438002;0,00000000
5,72938002;-0,18639271
5,73438002;-0,18639271
5,73938002;1,67999494
5,74438002;0,55979329
5,74938002;0,00000000
5,75438002;-1,49298716
5,75938002;0,18639271
5,76438002;-0,18639271
5,76938002;-0,37278542
5,77438002;0,55979329
5,77938002;0,00000000
5,78438002;0,55979329
5,78938002;0,18639271
5,79438002;0,00000000
5,79938002;-0,55979329
5,80438001;0,18639271
5,80938001;0,93319386
5,81438001;0,00000000
5,81938001;0,18639271
5,82438001;0,37278542
5,82938001;0,18639271
5,83438001;0,18639271
5,83938001;0,00000000
5,84438001;-0,18639271
5,84938001;-0,18639271
5,85438001;0,55979329
5,85938001;-0,55979329
5,86438001;-0,37278542
5,86938001;0,55979329
5,87438001;-0,55979329
5,87938001;-1,11958659
5,88438001;0,55979329
5,88938001;0,00000000
5,89438001;-0,18639271
5,89938001;-0,18639271
5,90438001;0,93319386
5,90938001;0,00000000
5,91438001;-0,18639271
5,91938001;-0,37278542
5,92438001;0,55979329
5,92938001;-0,37278542
5,93438001;-0,37278542
5,93938001;0,00000000
5,94438001;0,18639271
5,94938001;-0,37278542
5,95438001;-0,74618596
5,95938001;1,49298716
5,96438001;0,18639271
5,96938001;0,18639271
5,97438001;0,18639271
5,97938001;-0,37278542
5,98438001;-0,55979329
5,98938001;0,37278542
5,99438001;-0,37278542
5,99938001;0,37278542
6,00438001;0,18639271
6,00938001;0,37278542
6,01438001;0,37278542
6,01938001;0,18639271
6,02438001;0,93319386
6,02938001;0,74618596
6,03438001;0,18639271
6,03938001;0,00000000
6,04438001;0,00000000
6,04938001;-6,72059488
6,05438001;-0,37278542
6,05938001;-0,37278542
6,06438001;-0,37278542
6,06938001;0,55979329
6,07438001;0,00000000
6,07938001;0,37278542
6,08438001;0,00000000
6,08938001;0,00000000
6,09438001;0,00000000
6,09938001;0,00000000
6,10438001;0,18639271
6,10938001;0,00000000
6,11438001;-0,93319386
6,11938001;0,55979329
6,12438001;0,37278542
6,12938001;-0,74618596
6,13438001;0,55979329
6,13938001;-0,37278542
6,14438001;-0,74618596
6,14938001;0,00000000
6,15438001;0,18639271
6,15938001;0,00000000
6,16438001;0,37278542
6,16938001;0,37278542
6,17438001;0,37278542
6,17938001;0,18639271
6,18438001;-1,30659437
6,18938001;-0,37278542
6,19438001;-0,18639271
6,19938000;-0,18639271
6,20438000;0,18639271
6,20938000;0,18639271
6,21438000;0,55979329
6,21938000;0,18639271
6,22438000;0,00000000
6,22938000;-1,67999494
6,23438000;0,55979329
6,23938000;-0,74618596
6,24438000;0,55979329
6,24938000;0,00000000
6,25438000;-0,18639271
6,25938000;-0,18639271
6,26438000;0,00000000
6,26938000;0,18639271
6,27438000;0,00000000
6,27938000;0,37278542
6,28438000;0,55979329
6,28938000;-0,18639271
6,29438000;-0,37278542
6,29938000;0,18639271
6,30438000;-0,37278542
6,30938000;-0,37278542
6,31438000;0,00000000
6,31938000;-0,93319386
6,32438000;-0,37278542
6,32938000;-0,37278542
6,33438000;0,18639271
6,33938000;0,55979329
6,34438000;-0,74618596
6,34938000;0,00000000
6,35438000;-0,74618596
6,35938000;0,55979329
6,36438000;-0,37278542
6,36938000;0,37278542
6,37438000;0,55979329
6,37938000;0,00000000
6,38438000;1,11958659
6,38938000;0,55979329
6,39438000;0,18639271
6,39938000;-0,37278542
6,40438000;0,18639271
6,40938000;-0,37278542
6,41438000;0,00000000
6,41938000;-0,18639271
6,42438000;0,00000000
6,42938000;0,55979329
6,43438000;0,00000000
6,43938000;-0,37278542
6,44438000;0,18639271
6,44938000;0,55979329
6,45438000;0,00000000
6,45938000;0,00000000
6,46438000;0,18639271
6,46938000;0,55979329
6,47438000;-0,37278542
6,47938000;-0,55979329
6,48438000;0,55979329
6,48938000;0,18639271
6,49438000;0,00000000
6,49938000;0,00000000
6,50438000;-0,37278542
6,50938000;0,00000000
6,51438000;0,37278542
6,51938000;-0,74618596
6,52438000;0,00000000
6,52938000;-0,18639271
6,53438000;0,55979329
6,53938000;-1,30659437
6,54438000;0,93319386
6,54938000;0,18639271
6,55438000;0,55979329
6,55938000;1,11958659
6,56438000;0,00000000
6,56938000;0,00000000
6,57438000;0,37278542
6,57938000;-0,18639271
6,58438000;0,55979329
6,58938000;-0,37278542
6,59437999;0,55979329
6,59937999;-0,93319386
6,60437999;-0,18639271
6,60937999;-0,18639271
6,61437999;-0,18639271
6,61937999;-0,55979329
6,62437999;0,18639271
6,62937999;0,00000000
6,63437999;1,49298716
6,63937999;0,18639271
6,64437999;0,00000000
6,64937999;0,00000000
6,65437999;0,18639271
6,65937999;0,74618596
6,66437999;-0,37278542
6,66937999;0,74618596
6,67437999;0,18639271
6,67937999;-0,37278542
6,68437999;0,18639271
6,68937999;0,18639271
6,69437999;-0,37278542
6,69937999;0,00000000
6,70437999;-2,42679620
6,70937999;0,37278542
6,71437999;0,00000000
6,71937999;0,93319386
6,72437999;0,00000000
6,72937999;0,00000000
6,73437999;0,37278542
6,73937999;0,00000000
6,74437999;0,18639271
6,74937999;-0,18639271
6,75437999;0,93319386
6,75937999;0,00000000
6,76437999;0,00000000
6,76937999;1,86638772
6,77437999;0,18639271
6,77937999;0,00000000
6,78437999;0,18639271
6,78937999;-0,18639271
6,79437999;-0,18639271
6,79937999;0,18639271
6,80437999;0,55979329
6,80937999;-0,18639271
6,81437999;0,00000000
6,81937999;0,18639271
6,82437999;0,37278542
6,82937999;0,55979329
6,83437999;0,00000000
6,83937999;0,18639271
6,84437999;0,00000000
6,84937999;0,18639271
6,85437999;-0,37278542
6,85937999;0,55979329
6,86437999;-0,18639271
6,86937999;0,18639271
6,87437999;0,74618596
6,87937999;-0,37278542
6,88437999;0,55979329
6,88937999;-0,18639271
6,89437999;0,55979329
6,89937999;-0,37278542
6,90437999;-1,11958659
6,90937999;0,18639271
6,91437999;-0,74618596
6,91937999;-0,55979329
6,92437999;0,00000000
6,92937999;-0,37278542
6,93437999;0,74618596
6,93937999;-1,67999494
6,94437999;0,00000000
6,94937999;0,18639271
6,95437999;-0,37278542
6,95937999;-0,55979329
6,96437999;0,00000000
6,96937999;-0,55979329
6,97437999;-0,18639271
6,97937999;-0,18639271
6,98437999;-0,55979329
6,98937999;0,37278542
6,99437998;0,18639271
6,99937998;-0,74618596
7,00437998;-0,37278542
7,00937998;0,37278542
7,01437998;-0,37278542
7,01937998;-0,18639271
7,02437998;0,55979329
7,02937998;0,18639271
7,03437998;0,18639271
7,03937998;-0,55979329
7,04437998;0,00000000
7,04937998;-0,37278542
7,05437998;0,18639271
7,05937998;0,00000000
7,06437998;0,93319386
7,06937998;0,55979329
7,07437998;-0,37278542
7,07937998;0,74618596
7,08437998;8,02719021
7,08937998;-0,37278542
7,09437998;0,00000000
7,09937998;0,18639271
7,10437998;0,00000000
7,10937998;0,18639271
7,11437998;0,18639271
7,11937998;1,49298716
7,12437998;0,00000000
7,12937998;0,18639271
7,13437998;0,00000000
7,13937998;0,00000000
7,14437998;1,11958659
7,14937998;-0,37278542
7,15437998;0,00000000
7,15937998;-0,37278542
7,16437998;0,18639271
7,16937998;-0,37278542
7,17437998;0,55979329
7,17937998;0,00000000
7,18437998;-0,18639271
7,18937998;0,93319386
7,19437998;-0,55979329
7,19937998;0,18639271
7,20437998;0,18639271
7,20937998;0,00000000
7,21437998;0,18639271
7,21937998;0,18639271
7,22437998;-0,18639271
7,22937998;0,18639271
7,23437998;0,55979329
7,23937998;0,00000000
7,24437998;0,18639271
7,24937998;0,18639271
7,25437998;-0,37278542
7,25937998;0,18639271
7,26437998;0,18639271
7,26937998;0,00000000
7,27437998;-0,37278542
7,27937998;-0,37278542
7,28437998;-0,74618596
7,28937998;-0,18639271
7,29437998;-0,37278542
7,29937998;-0,74618596
7,30437998;0,00000000
7,30937998;0,18639271
7,31437998;0,55979329
7,31937998;-0,37278542
7,32437998;0,18639271
7,32937998;-0,18639271
7,33437998;-0,37278542
7,33937998;1,49298716
7,34437998;-0,74618596
7,34937998;0,00000000
7,35437998;-0,93319386
7,35937998;-0,74618596
7,36437998;0,00000000
7,36937998;0,18639271
7,37437998;0,37278542
7,37937998;-0,37278542
7,38437998;-0,93319386
7,38937997;-0,55979329
7,39437997;-0,55979329
7,39937997;-0,18639271
7,40437997;0,18639271
7,40937997;0,55979329
7,41437997;0,00000000
7,41937997;0,00000000
7,42437997;0,55979329
7,42937997;0,37278542
7,43437997;-0,55979329
7,43937997;-0,37278542
7,44437997;-0,74618596
7,44937997;0,18639271
7,45437997;-0,18639271
7,45937997;0,37278542
7,46437997;0,93319386
7,46937997;-0,55979329
7,47437997;0,18639271
7,47937997;-0,37278542
7,48437997;0,37278542
7,48937997;0,55979329
7,49437997;0,93319386
7,49937997;-0,37278542
7,50437997;0,55979329
7,50937997;-0,55979329
7,51437997;-0,74618596
7,51937997;0,74618596
7,52437997;0,18639271
7,52937997;-0,37278542
7,53437997;0,37278542
7,53937997;0,00000000
7,54437997;-0,37278542
7,54937997;-0,18639271
7,55437997;0,18639271
7,55937997;0,18639271
7,56437997;0,18639271
7,56937997;-1,86638772
7,57437997;0,55979329
7,57937997;0,55979329
7,58437997;-0,55979329
7,58937997;0,00000000
7,59437997;0,55979329
7,59937997;0,18639271
7,60437997;0,55979329
7,60937997;0,18639271
7,61437997;-0,37278542
7,61937997;0,37278542
7,62437997;0,00000000
7,62937997;-0,18639271
7,63437997;-0,74618596
7,63937997;0,55979329
7,64437997;0,55979329
7,64937997;0,00000000
7,65437997;0,00000000
7,65937997;0,74618596
7,66437997;-0,55979329
7,66937997;0,37278542
7,67437997;-0,37278542
7,67937997;0,18639271
7,68437997;0,18639271
7,68937997;-0,37278542
7,69437997;-0,37278542
7,69937997;-0,37278542
7,70437997;0,55979329
7,70937997;0,00000000
7,71437997;-0,37278542
7,71937997;-1,11958659
7,72437997;0,55979329
7,72937997;0,18639271
7,73437997;-0,18639271
7,73937997;0,00000000
7,74437997;0,18639271
7,74937997;0,18639271
7,75437997;1,67999494
7,75937997;0,00000000
7,76437997;-0,37278542
7,76937997;0,18639271
7,77437997;0,18639271
7,77937997;0,18639271
7,78437996;0,00000000
7,78937996;0,18639271
7,79437996;0,37278542
7,79937996;-0,74618596
7,80437996;0,55979329
7,80937996;0,55979329
7,81437996;0,18639271
7,81937996;0,00000000
7,82437996;0,74618596
7,82937996;-0,37278542
7,83437996;0,37278542
7,83937996;-0,37278542
7,84437996;0,55979329
7,84937996;0,93319386
7,85437996;0,18639271
7,85937996;0,00000000
7,86437996;-0,74618596
7,86937996;-1,30659437
7,87437996;0,37278542
7,87937996;0,18639271
7,88437996;0,55979329
7,88937996;-0,37278542
7,89437996;0,93319386
7,89937996;0,00000000
7,90437996;0,55979329
7,90937996;-0,74618596
7,91437996;0,18639271
7,91937996;0,00000000
7,92437996;-0,74618596
7,92937996;0,37278542
7,93437996;0,37278542
7,93937996;1,86638772
7,94437996;0,00000000
7,94937996;-0,74618596
7,95437996;-1,67999494
7,95937996;0,18639271
7,96437996;1,11958659
7,96937996;-1,11958659
7,97437996;-0,55979329
7,97937996;-0,37278542
7,98437996;-0,18639271
7,98937996;0,00000000
7,99437996;0,37278542
7,99937996;0,18639271
8,00437996;0,18639271
8,00937996;-0,74618596
8,01437996;0,00000000
8,01937996;-0,18639271
8,02437996;0,37278542
8,02937996;0,18639271
8,03437996;0,00000000
8,03937996;0,00000000
8,04437996;0,55979329
8,04937996;0,18639271
8,05437996;1,11958659
8,05937996;0,00000000
8,06437996;0,55979329
8,06937996;0,00000000
8,07437996;0,18639271
8,07937996;-0,74618596
8,08437996;0,00000000
8,08937996;-0,18639271
8,09437996;0,00000000
8,09937996;0,55979329
8,10437996;0,18639271
8,10937996;-0,74618596
8,11437996;0,37278542
8,11937996;0,18639271
8,12437996;-0,18639271
8,12937996;0,55979329
8,13437996;0,55979329
8,13937996;-2,05339551
8,14437996;0,55979329
8,14937996;0,18639271
8,15437996;0,93319386
8,15937996;0,37278542
8,16437996;0,00000000
8,16937996;-1,11958659
8,17437996;0,55979329
8,17937995;0,93319386
8,18437995;0,18639271
8,18937995;0,37278542
8,19437995;0,18639271
8,19937995;0,18639271
8,20437995;0,00000000
8,20937995;0,00000000
8,21437995;0,18639271
8,21937995;0,37278542
8,22437995;0,00000000
8,22937995;0,55979329
8,23437995;0,00000000
8,23937995;0,00000000
8,24437995;0,18639271
8,24937995;0,37278542
8,25437995;-0,93319386
8,25937995;-0,37278542
8,26437995;1,30659437
8,26937995;-0,37278542
8,27437995;-0,37278542
8,27937995;-0,74618596
8,28437995;-0,18639271
8,28937995;0,00000000
8,29437995;0,18639271
8,29937995;0,74618596
8,30437995;0,18639271
8,30937995;0,18639271
8,31437995;0,37278542
8,31937995;0,18639271
8,32437995;0,18639271
8,32937995;1,11958659
8,33437995;0,18639271
8,33937995;-0,37278542
8,34437995;0,00000000
8,34937995;-0,55979329
8,35437995;0,00000000
8,35937995;0,18639271
8,36437995;-0,55979329
8,36937995;-0,37278542
8,37437995;0,18639271
8,37937995;0,00000000
8,38437995;0,37278542
8,38937995;0,37278542
8,39437995;0,00000000
8,39937995;0,18639271
8,40437995;0,55979329
8,40937995;1,11958659
8,41437995;-0,37278542
8,41937995;-0,37278542
8,42437995;0,37278542
8,42937995;0,55979329
8,43437995;2,98658943
8,43937995;-0,55979329
8,44437995;0,55979329
8,44937995;0,37278542
8,45437995;0,18639271
8,45937995;0,37278542
8,46437995;-0,18639271
8,46937995;-0,74618596
8,47437995;-0,18639271
8,47937995;0,00000000
8,48437995;0,55979329
8,48937995;0,18639271
8,49437995;0,18639271
8,49937995;0,18639271
8,50437995;0,18639271
8,50937995;-0,74618596
8,51437995;0,00000000
8,51937995;0,74618596
8,52437995;0,55979329
8,52937995;0,74618596
8,53437995;0,00000000
8,53937995;0,18639271
8,54437995;-0,74618596
8,54937995;0,00000000
8,55437995;0,74618596
8,55937995;-0,74618596
8,56437995;0,18639271
8,56937995;0,55979329
8,57437994;0,00000000
8,57937994;0,74618596
8,58437994;0,55979329
8,58937994;0,00000000
8,59437994;0,55979329
8,59937994;-0,37278542
8,60437994;-0,18639271
8,60937994;-0,93319386
8,61437994;0,18639271
8,61937994;0,55979329
8,62437994;0,37278542
8,62937994;-0,55979329
8,63437994;-0,55979329
8,63937994;0,00000000
8,64437994;0,18639271
8,64937994;2,05339551
8,65437994;-0,55979329
8,65937994;0,00000000
8,66437994;-0,18639271
8,66937994;0,00000000
8,67437994;0,00000000
8,67937994;-0,93319386
8,68437994;0,37278542
8,68937994;0,18639271
8,69437994;0,37278542
8,69937994;0,18639271
8,70437994;0,00000000
8,70937994;-0,37278542
8,71437994;0,55979329
8,71937994;0,00000000
8,72437994;0,00000000
8,72937994;-0,18639271
8,73437994;-0,18639271
8,73937994;0,00000000
8,74437994;-0,18639271
8,74937994;0,18639271
8,75437994;1,11958659
8,75937994;0,18639271
8,76437994;0,37278542
8,76937994;-1,11958659
8,77437994;0,74618596
8,77937994;0,55979329
8,78437994;0,00000000
8,78937994;-0,74618596
8,79437994;0,00000000
8,79937994;0,00000000
8,80437994;0,18639271
8,80937994;-0,37278542
8,81437994;-1,30659437
8,81937994;-0,37278542
8,82437994;0,00000000
8,82937994;0,55979329
8,83437994;0,74618596
8,83937994;0,18639271
8,84437994;0,37278542
8,84937994;-0,37278542
8,85437994;-0,18639271
8,85937994;-0,55979329
8,86437994;0,37278542
8,86937994;0,55979329
8,87437994;-0,37278542
8,87937994;0,00000000
8,88437994;-0,74618596
8,88937994;0,37278542
8,89437994;0,00000000
8,89937994;-0,37278542
8,90437994;0,74618596
8,90937994;0,37278542
8,91437994;-0,37278542
8,91937994;-0,18639271
8,92437994;0,18639271
8,92937994;0,00000000
8,93437994;-0,55979329
8,93937994;0,18639271
8,94437994;-0,74618596
8,94937994;-1,11958659
8,95437994;-0,93319386
8,95937994;0,00000000
8,96437994;-0,37278542
8,96937993;-0,37278542
8,97437993;0,00000000
8,97937993;0,00000000
8,98437993;0,00000000
8,98937993;0,00000000
8,99437993;-0,37278542
8,99937993;-0,74618596
9,00437993;0,18639271
9,00937993;-0,18639271
9,01437993;-0,18639271
9,01937993;-0,37278542
9,02437993;0,18639271
9,02937993;0,18639271
9,03437993;0,00000000
9,03937993;0,00000000
9,04437993;0,18639271
9,04937993;0,00000000
9,05437993;0,18639271
9,05937993;0,37278542
9,06437993;-0,18639271
9,06937993;-0,55979329
9,07437993;0,18639271
9,07937993;-0,74618596
9,08437993;0,55979329
9,08937993;0,00000000
9,09437993;0,37278542
9,09937993;0,55979329
9,10437993;0,00000000
9,10937993;0,55979329
9,11437993;0,37278542
9,11937993;0,55979329
9,12437993;0,00000000
9,12937993;0,55979329
9,13437993;-0,18639271
9,13937993;0,00000000
9,14437993;-0,55979329
9,14937993;0,93319386
9,15437993;1,11958659
9,15937993;0,18639271
9,16437993;0,18639271
9,16937993;0,37278542
9,17437993;0,37278542
9,17937993;0,00000000
9,18437993;0,00000000
9,18937993;0,18639271
9,19437993;-0,37278542
9,19937993;-0,55979329
9,20437993;-0,18639271
9,20937993;0,00000000
9,21437993;-0,93319386
9,21937993;-0,37278542
9,22437993;0,18639271
9,22937993;1,67999494
9,23437993;0,93319386
9,23937993;-0,37278542
9,24437993;-0,37278542
9,24937993;0,55979329
9,25437993;-0,93319386
9,25937993;0,18639271
9,26437993;0,18639271
9,26937993;0,18639271
9,27437993;0,37278542
9,27937993;0,37278542
9,28437993;-0,37278542
9,28937993;0,37278542
9,29437993;-0,37278542
9,29937993;-1,49298716
9,30437993;0,00000000
9,30937993;0,55979329
9,31437993;2,42679620
9,31937993;0,55979329
9,32437993;0,37278542
9,32937993;0,18639271
9,33437993;0,74618596
9,33937993;-0,55979329
9,34437993;0,74618596
9,34937993;0,00000000
9,35437993;1,86638772
9,35937993;0,00000000
9,36437993;-0,37278542
9,36937992;-0,37278542
9,37437992;0,37278542
9,37937992;0,18639271
9,38437992;-0,37278542
9,38937992;-0,18639271
9,39437992;0,74618596
9,39937992;0,18639271
9,40437992;0,18639271
9,40937992;0,00000000
9,41437992;0,74618596
9,41937992;-0,18639271
9,42437992;0,18639271
9,42937992;-0,18639271
9,43437992;-0,18639271
9,43937992;-0,55979329
9,44437992;0,00000000
9,44937992;0,00000000
9,45437992;0,00000000
9,45937992;0,18639271
9,46437992;0,37278542
9,46937992;0,00000000
9,47437992;0,00000000
9,47937992;0,18639271
9,48437992;0,55979329
9,48937992;0,55979329
9,49437992;0,18639271
9,49937992;0,00000000
9,50437992;0,93319386
9,50937992;1,11958659
9,51437992;0,18639271
9,51937992;0,18639271
9,52437992;0,18639271
9,52937992;0,55979329
9,53437992;0,18639271
9,53937992;-0,37278542
9,54437992;-0,18639271
9,54937992;0,00000000
9,55437992;-0,37278542
9,55937992;0,74618596
9,56437992;-0,37278542
9,56937992;1,11958659
9,57437992;0,74618596
9,57937992;0,00000000
9,58437992;0,00000000
9,58937992;-0,55979329
9,59437992;0,18639271
9,59937992;0,00000000
9,60437992;0,37278542
9,60937992;0,93319386
9,61437992;-0,55979329
9,61937992;0,00000000
9,62437992;0,37278542
9,62937992;-0,37278542
9,63437992;-0,74618596
9,63937992;-0,37278542
9,64437992;0,37278542
9,64937992;0,00000000
9,65437992;0,37278542
9,65937992;0,00000000
9,66437992;0,18639271
9,66937992;-0,18639271
9,67437992;0,93319386
9,67937992;0,55979329
9,68437992;0,37278542
9,68937992;6,90698767
9,69437992;0,18639271
9,69937992;0,00000000
9,70437992;0,18639271
9,70937992;-0,55979329
9,71437992;0,18639271
9,71937992;0,55979329
9,72437992;0,55979329
9,72937992;-0,18639271
9,73437992;0,00000000
9,73937992;0,00000000
9,74437992;-0,18639271
9,74937992;-0,37278542
9,75437992;0,18639271
9,75937992;0,55979329
9,76437991;0,00000000
9,76937991;0,55979329
9,77437991;-0,55979329
9,77937991;-0,74618596
9,78437991;-0,37278542
9,78937991;-0,55979329
9,79437991;0,00000000
9,79937991;0,00000000
9,80437991;-0,74618596
9,80937991;-1,30659437
9,81437991;0,00000000
9,81937991;-0,37278542
9,82437991;-0,18639271
9,82937991;0,37278542
9,83437991;-0,37278542
9,83937991;0,00000000
9,84437991;-0,37278542
9,84937991;1,11958659
9,85437991;0,00000000
9,85937991;0,18639271
9,86437991;0,00000000
9,86937991;0,00000000
9,87437991;-0,37278542
9,87937991;-0,55979329
9,88437991;0,37278542
9,88937991;0,18639271
9,89437991;0,55979329
9,89937991;0,00000000
9,90437991;0,00000000
9,90937991;-0,37278542
9,91437991;0,74618596
9,91937991;-0,18639271
9,92437991;-0,37278542
9,92937991;0,37278542
9,93437991;-0,37278542
9,93937991;-0,18639271
9,94437991;0,00000000
9,94937991;-0,18639271
9,95437991;0,00000000
9,95937991;0,00000000
9,96437991;0,18639271
9,96937991;-0,18639271
9,97437991;-0,37278542
9,97937991;0,55979329
9,98437991;-0,55979329
9,98937991;1,11958659
9,99437991;0,18639271
9,99937991;0,00000000
10,00437991;0,00000000
10,00937991;0,37278542
10,01437991;0,00000000
10,01937991;0,00000000
10,02437991;0,37278542
10,02937991;0,74618596
10,03437991;-0,55979329
10,03937991;0,18639271
10,04437991;0,00000000
10,04937991;0,18639271
10,05437991;0,00000000
10,05937991;-0,74618596
10,06437991;0,00000000
10,06937991;-0,37278542
10,07437991;0,00000000
10,07937991;0,18639271
10,08437991;-0,74618596
10,08937991;0,00000000
10,09437991;-0,18639271
10,09937991;0,00000000
10,10437991;0,18639271
10,10937991;0,00000000
10,11437991;0,00000000
10,11937991;0,74618596
10,12437991;0,55979329
10,12937991;0,18639271
10,13437991;0,00000000
10,13937991;0,93319386
10,14437991;0,55979329
10,14937991;0,37278542
10,15437991;0,18639271
10,15937990;0,00000000
10,16437990;0,00000000
10,16937990;-0,18639271
10,17437990;0,00000000
10,17937990;0,00000000
10,18437990;0,93319386
10,18937990;-0,37278542
10,19437990;0,00000000
10,19937990;0,74618596
10,20437990;0,00000000
10,20937990;0,00000000
10,21437990;0,00000000
10,21937990;0,18639271
10,22437990;0,18639271
10,22937990;-0,18639271
10,23437990;-0,18639271
10,23937990;-0,74618596
10,24437990;0,55979329
10,24937990;-1,49298716
10,25437990;0,00000000
10,25937990;-0,37278542
10,26437990;0,00000000
10,26937990;0,37278542
10,27437990;-0,18639271
10,27937990;0,18639271
10,28437990;0,18639271
10,28937990;-0,18639271
10,29437990;-0,18639271
10,29937990;-0,18639271
10,30437990;6,34719419
10,30937990;0,00000000
10,31437990;-0,55979329
10,31937990;1,11958659
10,32437990;0,55979329
10,32937990;0,00000000
10,33437990;0,00000000
10,33937990;-0,37278542
10,34437990;0,18639271
10,34937990;-0,37278542
10,35437990;1,11958659
10,35937990;0,55979329
10,36437990;0,93319386
10,36937990;-0,37278542
10,37437990;-0,37278542
10,37937990;0,18639271
10,38437990;0,00000000
10,38937990;0,18639271
10,39437990;0,00000000
10,39937990;-0,37278542
10,40437990;0,18639271
10,40937990;0,37278542
10,41437990;0,18639271
10,41937990;0,18639271
10,42437990;0,55979329
10,42937990;-0,18639271
10,43437990;0,00000000
10,43937990;0,37278542
10,44437990;0,00000000
10,44937990;0,18639271
10,45437990;0,74618596
10,45937990;1,11958659
10,46437990;-0,55979329
10,46937990;0,37278542
10,47437990;0,37278542
10,47937990;-0,37278542
10,48437990;0,18639271
10,48937990;-1,11958659
10,49437990;0,18639271
10,49937990;0,18639271
10,50437990;0,00000000
10,50937990;0,00000000
10,51437990;0,00000000
10,51937990;0,18639271
10,52437990;0,18639271
10,52937990;-0,55979329
10,53437990;-0,37278542
10,53937990;0,18639271
10,54437990;0,93319386
10,54937990;0,18639271
10,55437989;0,37278542
10,55937989;0,55979329
10,56437989;0,18639271
10,56937989;1,67999494
10,57437989;0,00000000
10,57937989;0,18639271
10,58437989;-0,74618596
10,58937989;-0,93319386
10,59437989;0,55979329
10,59937989;-0,18639271
10,60437989;0,18639271
10,60937989;0,55979329
10,61437989;0,18639271
10,61937989;0,18639271
10,62437989;1,11958659
10,62937989;-0,55979329
10,63437989;-0,18639271
10,63937989;-0,18639271
10,64437989;0,37278542
10,64937989;-0,18639271
10,65437989;0,55979329
10,65937989;0,00000000
10,66437989;0,18639271
10,66937989;0,37278542
10,67437989;1,11958659
10,67937989;-0,93319386
10,68437989;0,18639271
10,68937989;0,55979329
10,69437989;0,00000000
10,69937989;-0,74618596
10,70437989;-0,74618596
10,70937989;-0,18639271
10,71437989;0,55979329
10,71937989;-0,74618596
10,72437989;1,49298716
10,72937989;0,37278542
10,73437989;0,18639271
10,73937989;-0,18639271
10,74437989;-0,18639271
10,74937989;0,37278542
10,75437989;-0,37278542
10,75937989;0,37278542
10,76437989;0,55979329
10,76937989;0,18639271
10,77437989;-0,37278542
10,77937989;0,18639271
10,78437989;-0,37278542
10,78937989;-0,55979329
10,79437989;0,00000000
10,79937989;0,18639271
10,80437989;0,93319386
10,80937989;0,37278542
10,81437989;0,00000000
10,81937989;-0,37278542
10,82437989;-0,37278542
10,82937989;0,55979329
10,83437989;-0,37278542
10,83937989;0,55979329
10,84437989;0,00000000
10,84937989;-0,18639271
10,85437989;-0,18639271
10,85937989;-0,37278542
10,86437989;-0,37278542
10,86937989;0,00000000
10,87437989;0,18639271
10,87937989;0,00000000
10,88437989;1,11958659
10,88937989;-0,74618596
10,89437989;-0,74618596
10,89937989;-0,18639271
10,90437989;0,37278542
10,90937989;-0,37278542
10,91437989;-0,37278542
10,91937989;0,18639271
10,92437989;0,93319386
10,92937989;0,55979329
10,93437989;0,00000000
10,93937989;0,55979329
10,94437989;0,74618596
10,94937988;0,18639271
10,95437988;-0,18639271
10,95937988;0,55979329
10,96437988;0,00000000
10,96937988;0,00000000
10,97437988;0,93319386
10,97937988;0,93319386
10,98437988;0,00000000
10,98937988;0,18639271
10,99437988;0,37278542
10,99937988;0,18639271
11,00437988;0,00000000
11,00937988;0,18639271
11,01437988;-0,93319386
11,01937988;0,00000000
11,02437988;1,11958659
11,02937988;0,37278542
11,03437988;0,18639271
11,03937988;-0,74618596
11,04437988;0,37278542
11,04937988;0,74618596
11,05437988;0,18639271
11,05937988;0,00000000
11,06437988;0,18639271
11,06937988;0,00000000
11,07437988;1,11958659
11,07937988;0,37278542
11,08437988;0,18639271
11,08937988;-0,37278542
11,09437988;-0,18639271
11,09937988;-0,18639271
11,10437988;0,93319386
11,10937988;0,00000000
11,11437988;0,00000000
11,11937988;0,00000000
11,12437988;0,18639271
11,12937988;0,93319386
11,13437988;0,00000000
11,13937988;0,74618596
11,14437988;0,00000000
11,14937988;0,00000000
11,15437988;1,11958659
11,15937988;0,74618596
11,16437988;0,37278542
11,16937988;-0,37278542
11,17437988;0,00000000
11,17937988;0,00000000
11,18437988;-0,93319386
11,18937988;-0,18639271
11,19437988;0,18639271
11,19937988;-0,18639271
11,20437988;0,74618596
11,20937988;0,18639271
11,21437988;-0,18639271
11,21937988;0,55979329
11,22437988;-0,37278542
11,22937988;0,18639271
11,23437988;0,00000000
11,23937988;0,74618596
11,24437988;1,49298716
11,24937988;0,00000000
11,25437988;0,00000000
11,25937988;0,37278542
11,26437988;-0,93319386
11,26937988;0,18639271
11,27437988;0,55979329
11,27937988;0,37278542
11,28437988;1,11958659
11,28937988;0,00000000
11,29437988;3,35998988
11,29937988;0,37278542
11,30437988;0,00000000
11,30937988;-0,37278542
11,31437988;0,18639271
11,31937988;0,93319386
11,32437988;0,93319386
11,32937988;-0,18639271
11,33437988;0,00000000
11,33937988;0,00000000
11,34437987;0,00000000
11,34937987;0,00000000
11,35437987;-0,37278542
11,35937987;0,93319386
11,36437987;-0,37278542
11,36937987;0,55979329
11,37437987;-0,55979329
11,37937987;-0,37278542
11,38437987;0,18639271
11,38937987;0,37278542
11,39437987;0,18639271
11,39937987;-0,37278542
11,40437987;0,18639271
11,40937987;-0,93319386
11,41437987;0,18639271
11,41937987;-0,37278542
11,42437987;0,55979329
11,42937987;-0,18639271
11,43437987;0,18639271
11,43937987;0,00000000
11,44437987;0,37278542
11,44937987;-0,93319386
11,45437987;0,00000000
11,45937987;0,18639271
11,46437987;-0,18639271
11,46937987;-0,55979329
11,47437987;-0,37278542
11,47937987;0,00000000
11,48437987;-0,74618596
11,48937987;-0,18639271
11,49437987;0,18639271
11,49937987;-1,11958659
11,50437987;0,00000000
11,50937987;0,37278542
11,51437987;0,93319386
11,51937987;-0,37278542
11,52437987;0,00000000
11,52937987;0,18639271
11,53437987;0,55979329
11,53937987;-0,37278542
11,54437987;0,55979329
11,54937987;-0,37278542
11,55437987;-0,74618596
11,55937987;-0,37278542
11,56437987;0,18639271
11,56937987;-0,55979329
11,57437987;0,18639271
11,57937987;0,18639271
11,58437987;0,18639271
11,58937987;0,37278542
11,59437987;0,74618596
11,59937987;0,55979329
11,60437987;0,37278542
11,60937987;0,93319386
11,61437987;0,18639271
11,61937987;-0,37278542
11,62437987;0,00000000
11,62937987;-0,37278542
11,63437987;0,00000000
11,63937987;0,18639271
11,64437987;0,18639271
11,64937987;-0,74618596
11,65437987;0,00000000
11,65937987;0,00000000
11,66437987;0,18639271
11,66937987;0,55979329
11,67437987;0,00000000
11,67937987;0,00000000
11,68437987;0,74618596
11,68937987;-0,37278542
11,69437987;0,74618596
11,69937987;0,55979329
11,70437987;-0,37278542
11,70937987;0,93319386
11,71437987;0,18639271
11,71937987;0,00000000
11,72437987;0,00000000
11,72937987;0,18639271
11,73437987;-0,37278542
11,73937987;-0,18639271
11,74437986;0,18639271
11,74937986;0,55979329
11,75437986;-0,18639271
11,75937986;-0,55979329
11,76437986;11,38779449
11,76937986;1,49298716
11,77437986;0,18639271
11,77937986;-0,74618596
11,78437986;0,74618596
11,78937986;0,00000000
11,79437986;0,00000000
11,79937986;-0,74618596
11,80437986;0,55979329
11,80937986;0,18639271
11,81437986;-0,18639271
11,81937986;0,18639271
11,82437986;0,74618596
11,82937986;-0,37278542
11,83437986;0,00000000
11,83937986;-0,55979329
11,84437986;0,18639271
11,84937986;0,00000000
11,85437986;-0,55979329
11,85937986;-0,37278542
11,86437986;0,00000000
11,86937986;0,18639271
11,87437986;0,55979329
11,87937986;0,55979329
11,88437986;0,55979329
11,88937986;-0,37278542
11,89437986;-0,55979329
11,89937986;0,55979329
11,90437986;0,18639271
11,90937986;0,00000000
11,91437986;0,00000000
11,91937986;0,18639271
11,92437986;0,37278542
11,92937986;0,37278542
11,93437986;0,00000000
11,93937986;-0,37278542
11,94437986;0,55979329
11,94937986;-0,18639271
11,95437986;0,00000000
11,95937986;0,18639271
11,96437986;-0,37278542
11,96937986;0,74618596
11,97437986;0,00000000
11,97937986;0,37278542
11,98437986;0,18639271
11,98937986;0,37278542
11,99437986;0,18639271
11,99937986;0,18639271
12,00437986;1,11958659
12,00937986;-0,55979329
12,01437986;-0,37278542
12,01937986;0,18639271
12,02437986;0,18639271
12,02937986;-0,55979329
12,03437986;0,00000000
12,03937986;-1,11958659
12,04437986;0,37278542
12,04937986;0,18639271
12,05437986;0,93319386
12,05937986;-0,55979329
12,06437986;0,55979329
12,06937986;0,18639271
12,07437986;-0,37278542
12,07937986;-0,55979329
12,08437986;0,18639271
12,08937986;-0,93319386
12,09437986;0,00000000
12,09937986;-0,55979329
12,10437986;0,00000000
12,10937986;0,00000000
12,11437986;0,00000000
12,11937986;0,00000000
12,12437986;0,55979329
12,12937986;-0,18639271
12,13437986;0,18639271
12,13937985;0,18639271
12,14437985;-0,37278542
12,14937985;-1,11958659
12,15437985;0,00000000
12,15937985;0,37278542
12,16437985;0,00000000
12,16937985;-0,37278542
12,17437985;-0,93319386
12,17937985;-0,37278542
12,18437985;0,18639271
12,18937985;-0,55979329
12,19437985;0,18639271
12,19937985;-0,37278542
12,20437985;0,37278542
12,20937985;-0,74618596
12,21437985;-0,55979329
12,21937985;-0,55979329
12,22437985;-0,55979329
12,22937985;1,11958659
12,23437985;-0,37278542
12,23937985;0,00000000
12,24437985;0,00000000
12,24937985;0,00000000
12,25437985;0,00000000
12,25937985;0,00000000
12,26437985;-0,37278542
12,26937985;-0,18639271
12,27437985;0,18639271
12,27937985;-0,37278542
12,28437985;-0,18639271
12,28937985;0,00000000
12,29437985;0,00000000
12,29937985;0,00000000
12,30437985;0,18639271
12,30937985;-0,18639271
12,31437985;0,18639271
12,31937985;0,18639271
12,32437985;0,00000000
12,32937985;0,00000000
12,33437985;-0,37278542
12,33937985;0,18639271
12,34437985;0,37278542
12,34937985;-0,18639271
12,35437985;-0,93319386
12,35937985;0,18639271
12,36437985;2,23978829
12,36937985;0,37278542
12,37437985;0,00000000
12,37937985;0,18639271
12,38437985;0,55979329
12,38937985;0,55979329
12,39437985;-0,18639271
12,39937985;-0,74618596
12,40437985;0,18639271
12,40937985;-0,37278542
12,41437985;0,00000000
12,41937985;0,18639271
12,42437985;0,00000000
12,42937985;0,18639271
12,43437985;0,00000000
12,43937985;0,00000000
12,44437985;0,55979329
12,44937985;0,00000000
12,45437985;-0,55979329
12,45937985;0,37278542
12,46437985;-0,18639271
12,46937985;0,00000000
12,47437985;-0,55979329
12,47937985;0,18639271
12,48437985;0,55979329
12,48937985;-0,74618596
12,49437985;-0,74618596
12,49937985;0,37278542
12,50437985;0,18639271
12,50937985;-0,74618596
12,51437985;0,18639271
12,51937985;-0,37278542
12,52437985;-0,74618596
12,52937985;0,18639271
12,53437984;0,00000000
12,53937984;0,37278542
12,54437984;0,18639271
12,54937984;0,37278542
12,55437984;0,55979329
12,55937984;0,18639271
12,56437984;0,18639271
12,56937984;-0,74618596
12,57437984;-0,55979329
12,57937984;0,00000000
12,58437984;0,18639271
12,58937984;0,00000000
12,59437984;-2,80019665
12,59937984;0,18639271
12,60437984;2,05339551
12,60937984;-0,37278542
12,61437984;-0,37278542
12,61937984;0,37278542
12,62437984;-0,37278542
12,62937984;-0,18639271
12,63437984;0,55979329
12,63937984;0,18639271
12,64437984;-0,37278542
12,64937984;-0,93319386
12,65437984;0,00000000
12,65937984;0,55979329
12,66437984;0,18639271
12,66937984;-0,74618596
12,67437984;0,00000000
12,67937984;-0,37278542
12,68437984;0,18639271
12,68937984;0,55979329
12,69437984;-1,11958659
12,69937984;-0,37278542
12,70437984;-0,37278542
12,70937984;0,18639271
12,71437984;-0,18639271
12,71937984;0,18639271
12,72437984;-0,74618596
12,72937984;-0,37278542
12,73437984;0,00000000
12,73937984;0,00000000
12,74437984;-0,37278542
12,74937984;0,00000000
12,75437984;0,55979329
12,75937984;-0,55979329
12,76437984;-0,74618596
12,76937984;-0,93319386
12,77437984;0,00000000
12,77937984;-0,37278542
12,78437984;0,37278542
12,78937984;-0,37278542
12,79437984;-0,37278542
12,79937984;0,18639271
12,80437984;-0,37278542
12,80937984;-0,37278542
12,81437984;0,18639271
12,81937984;-0,37278542
12,82437984;0,18639271
12,82937984;0,93319386
12,83437984;-0,37278542
12,83937984;0,18639271
12,84437984;-0,37278542
12,84937984;-1,11958659
12,85437984;0,18639271
12,85937984;-0,37278542
12,86437984;-0,18639271
12,86937984;0,00000000
12,87437984;-0,55979329
12,87937984;-0,93319386
12,88437984;-0,55979329
12,88937984;-0,74618596
12,89437984;-0,37278542
12,89937984;0,00000000
12,90437984;0,93319386
12,90937984;-0,37278542
12,91437984;-0,18639271
12,91937984;0,00000000
12,92437984;0,00000000
12,92937983;-0,18639271
12,93437983;-0,74618596
12,93937983;0,18639271
12,94437983;0,00000000
12,94937983;0,00000000
12,95437983;-0,93319386
12,95937983;0,00000000
12,96437983;-0,37278542
12,96937983;0,37278542
12,97437983;0,00000000
12,97937983;0,55979329
12,98437983;-0,37278542
12,98937983;0,18639271
12,99437983;0,74618596
12,99937983;0,55979329
13,00437983;-0,18639271
13,00937983;0,74618596
13,01437983;0,37278542
13,01937983;-0,74618596
13,02437983;0,18639271
13,02937983;0,55979329
13,03437983;0,55979329
13,03937983;-0,74618596
13,04437983;-0,18639271
13,04937983;0,00000000
13,05437983;0,55979329
13,05937983;0,55979329
13,06437983;-0,37278542
13,06937983;0,00000000
13,07437983;0,18639271
13,07937983;0,55979329
13,08437983;0,74618596
13,08937983;0,55979329
13,09437983;-0,18639271
13,09937983;0,37278542
13,10437983;0,18639271
13,10937983;0,00000000
13,11437983;-0,18639271
13,11937983;-0,74618596
13,12437983;-1,11958659
13,12937983;-0,37278542
13,13437983;0,00000000
13,13937983;-0,37278542
13,14437983;-0,37278542
13,14937983;0,18639271
13,15437983;0,00000000
13,15937983;0,18639271
13,16437983;-0,37278542
13,16937983;0,18639271
13,17437983;-0,55979329
13,17937983;-0,37278542
13,18437983;-0,74618596
13,18937983;-0,37278542
13,19437983;0,74618596
13,19937983;0,55979329
13,20437983;0,00000000
13,20937983;-0,55979329
13,21437983;0,55979329
13,21937983;-0,37278542
13,22437983;0,18639271
13,22937983;0,18639271
13,23437983;0,18639271
13,23937983;-0,18639271
13,24437983;-0,18639271
13,24937983;-0,37278542
13,25437983;0,18639271
13,25937983;0,00000000
13,26437983;0,18639271
13,26937983;0,55979329
13,27437983;0,18639271
13,27937983;0,37278542
13,28437983;0,00000000
13,28937983;-0,74618596
13,29437983;1,67999494
13,29937983;0,93319386
13,30437983;1,11958659
13,30937983;0,74618596
13,31437983;1,11958659
13,31937983;0,18639271
13,32437982;0,00000000
13,32937982;-0,37278542
13,33437982;0,74618596
13,33937982;-0,55979329
13,34437982;-0,18639271
13,34937982;-0,74618596
13,35437982;-0,18639271
13,35937982;0,00000000
13,36437982;0,55979329
13,36937982;0,55979329
13,37437982;0,00000000
13,37937982;0,55979329
13,38437982;0,00000000
13,38937982;1,49298716
13,39437982;0,18639271
13,39937982;0,00000000
13,40437982;0,00000000
13,40937982;-0,18639271
13,41437982;-0,37278542
13,41937982;0,00000000
13,42437982;0,00000000
13,42937982;-1,49298716
13,43437982;0,18639271
13,43937982;0,00000000
13,44437982;0,55979329
13,44937982;-0,18639271
13,45437982;0,00000000
13,45937982;0,00000000
13,46437982;0,00000000
13,46937982;0,00000000
13,47437982;0,55979329
13,47937982;-0,55979329
13,48437982;0,18639271
13,48937982;-0,55979329
13,49437982;-0,74618596
13,49937982;-0,74618596
13,50437982;0,37278542
13,50937982;0,55979329
13,51437982;0,93319386
13,51937982;-0,18639271
13,52437982;1,30659437
13,52937982;0,18639271
13,53437982;0,18639271
13,53937982;0,00000000
13,54437982;0,00000000
13,54937982;-0,55979329
13,55437982;0,18639271
13,55937982;0,18639271
13,56437982;0,18639271
13,56937982;-0,55979329
13,57437982;-0,37278542
13,57937982;0,55979329
13,58437982;-0,37278542
13,58937982;0,37278542
13,59437982;0,00000000
13,59937982;0,18639271
13,60437982;0,18639271
13,60937982;0,00000000
13,61437982;0,00000000
13,61937982;-0,37278542
13,62437982;-0,55979329
13,62937982;0,55979329
13,63437982;-0,93319386
13,63937982;0,18639271
13,64437982;0,18639271
13,64937982;0,00000000
13,65437982;-0,37278542
13,65937982;0,18639271
13,66437982;0,00000000
13,66937982;0,18639271
13,67437982;0,18639271
13,67937982;0,00000000
13,68437982;-0,93319386
13,68937982;-0,37278542
13,69437982;0,93319386
13,69937982;0,18639271
13,70437982;0,00000000
13,70937982;0,55979329
13,71437982;-1,11958659
13,71937981;-0,74618596
13,72437981;0,18639271
13,72937981;0,00000000
13,73437981;0,18639271
13,73937981;0,00000000
13,74437981;-0,18639271
13,74937981;-0,37278542
13,75437981;-0,37278542
13,75937981;0,55979329
13,76437981;0,18639271
13,76937981;-0,37278542
13,77437981;0,93319386
13,77937981;-0,55979329
13,78437981;-0,18639271
13,78937981;0,00000000
13,79437981;0,18639271
13,79937981;-0,37278542
13,80437981;0,18639271
13,80937981;-0,74618596
13,81437981;0,00000000
13,81937981;0,00000000
13,82437981;0,00000000
13,82937981;-0,74618596
13,83437981;0,55979329
13,83937981;-0,55979329
13,84437981;0,37278542
13,84937981;0,00000000
13,85437981;0,55979329
13,85937981;0,55979329
13,86437981;0,55979329
13,86937981;0,37278542
13,87437981;0,37278542
13,87937981;0,74618596
13,88437981;0,00000000
13,88937981;-0,37278542
13,89437981;-0,55979329
13,89937981;0,37278542
13,90437981;0,55979329
13,90937981;1,86638772
13,91437981;0,18639271
13,91937981;0,18639271
13,92437981;-0,18639271
13,92937981;0,93319386
13,93437981;0,00000000
13,93937981;-0,37278542
13,94437981;0,18639271
13,94937981;0,55979329
13,95437981;0,18639271
13,95937981;1,11958659
13,96437981;-0,37278542
13,96937981;0,00000000
13,97437981;0,00000000
13,97937981;0,00000000
13,98437981;0,18639271
13,98937981;-0,18639271
13,99437981;-0,37278542
13,99937981;-0,55979329
14,00437981;-0,74618596
14,00937981;0,18639271
14,01437981;-0,37278542
14,01937981;-0,74618596
14,02437981;0,00000000
14,02937981;0,74618596
14,03437981;-0,18639271
14,03937981;0,00000000
14,04437981;0,00000000
14,04937981;0,18639271
14,05437981;-0,18639271
14,05937981;0,55979329
14,06437981;-0,74618596
14,06937981;0,00000000
14,07437981;0,18639271
14,07937981;1,30659437
14,08437981;0,74618596
14,08937981;-0,37278542
14,09437981;-0,37278542
14,09937981;0,18639271
14,10437981;0,00000000
14,10937981;0,74618596
14,11437981;0,00000000
14,11937980;2,42679620
14,12437980;-0,55979329
14,12937980;0,00000000
14,13437980;0,00000000
14,13937980;-0,74618596
14,14437980;1,11958659
14,14937980;-0,18639271
14,15437980;0,18639271
14,15937980;0,37278542
14,16437980;0,00000000
14,16937980;-0,18639271
14,17437980;-0,55979329
14,17937980;0,18639271
14,18437980;0,18639271
14,18937980;0,00000000
14,19437980;0,00000000
14,19937980;-0,74618596
14,20437980;0,00000000
14,20937980;0,18639271
14,21437980;0,18639271
14,21937980;0,00000000
14,22437980;0,18639271
14,22937980;0,00000000
14,23437980;-0,55979329
14,23937980;-0,74618596
14,24437980;0,00000000
14,24937980;-0,55979329
14,25437980;0,18639271
14,25937980;0,18639271
14,26437980;8,96099854
14,26937980;-0,37278542
14,27437980;0,93319386
14,27937980;0,55979329
14,28437980;-0,37278542
14,28937980;0,18639271
14,29437980;-0,37278542
14,29937980;-0,37278542
14,30437980;-0,18639271
14,30937980;1,86638772
14,31437980;0,55979329
14,31937980;-0,37278542
14,32437980;-0,55979329
14,32937980;-0,37278542
14,33437980;0,55979329
14,33937980;0,18639271
14,34437980;0,00000000
14,34937980;-0,37278542
14,35437980;-0,37278542
14,35937980;0,18639271
14,36437980;-1,11958659
14,36937980;-0,37278542
14,37437980;-0,37278542
14,37937980;-0,37278542
14,38437980;1,11958659
14,38937980;-0,37278542
14,39437980;0,00000000
14,39937980;0,18639271
14,40437980;-0,18639271
14,40937980;0,00000000
14,41437980;0,00000000
14,41937980;-0,37278542
14,42437980;-0,18639271
14,42937980;0,74618596
14,43437980;0,18639271
14,43937980;-0,74618596
14,44437980;0,18639271
14,44937980;0,18639271
14,45437980;-0,55979329
14,45937980;0,55979329
14,46437980;-0,37278542
14,46937980;0,37278542
14,47437980;-0,55979329
14,47937980;0,18639271
14,48437980;0,00000000
14,48937980;0,18639271
14,49437980;0,55979329
14,49937980;0,00000000
14,50437980;0,37278542
14,50937980;-1,30659437
14,51437979;-0,37278542
14,51937979;0,00000000
14,52437979;-0,74618596
14,52937979;0,55979329
14,53437979;0,93319386
14,53937979;-1,67999494
14,54437979;0,00000000
14,54937979;0,00000000
14,55437979;0,00000000
14,55937979;0,00000000
14,56437979;0,18639271
14,56937979;0,55979329
14,57437979;0,37278542
14,57937979;0,37278542
14,58437979;0,00000000
14,58937979;0,93319386
14,59437979;0,18639271
14,59937979;0,55979329
14,60437979;0,37278542
14,60937979;0,55979329
14,61437979;-0,37278542
14,61937979;0,00000000
14,62437979;1,49298716
14,62937979;0,18639271
14,63437979;-0,18639271
14,63937979;0,37278542
14,64437979;-0,37278542
14,64937979;0,00000000
14,65437979;0,00000000
14,65937979;-0,18639271
14,66437979;-0,37278542
14,66937979;0,00000000
14,67437979;0,18639271
14,67937979;-1,11958659
14,68437979;0,00000000
14,68937979;0,00000000
14,69437979;0,00000000
14,69937979;0,18639271
14,70437979;0,00000000
14,70937979;0,00000000
14,71437979;-1,11958659
14,71937979;-0,74618596
14,72437979;0,93319386
14,72937979;0,18639271
14,73437979;0,18639271
14,73937979;0,37278542
14,74437979;0,00000000
14,74937979;0,18639271
14,75437979;0,55979329
14,75937979;0,55979329
14,76437979;0,55979329
14,76937979;-0,37278542
14,77437979;0,93319386
14,77937979;0,00000000
14,78437979;0,55979329
14,78937979;0,00000000
14,79437979;0,18639271
14,79937979;0,74618596
14,80437979;0,18639271
14,80937979;0,18639271
14,81437979;0,93319386
14,81937979;-0,37278542
14,82437979;-0,37278542
14,82937979;0,18639271
14,83437979;0,18639271
14,83937979;0,55979329
14,84437979;0,00000000
14,84937979;0,00000000
14,85437979;0,18639271
14,85937979;0,55979329
14,86437979;0,37278542
14,86937979;0,00000000
14,87437979;0,55979329
14,87937979;-0,93319386
14,88437979;0,00000000
14,88937979;0,18639271
14,89437979;-0,18639271
14,89937979;0,18639271
14,90437979;0,18639271
14,90937978;-0,18639271
14,91437978;0,74618596
14,91937978;-0,37278542
14,92437978;0,18639271
14,92937978;-0,55979329
14,93437978;0,55979329
14,93937978;0,18639271
14,94437978;0,55979329
14,94937978;-1,11958659
14,95437978;-0,37278542
14,95937978;0,00000000
14,96437978;-0,18639271
14,96937978;0,18639271
14,97437978;0,00000000
14,97937978;-0,55979329
14,98437978;0,00000000
14,98937978;-0,74618596
14,99437978;0,74618596
14,99937978;-0,18639271
15,00437978;-0,18639271
15,00937978;1,30659437
15,01437978;-0,37278542
15,01937978;0,00000000
15,02437978;0,00000000
15,02937978;0,00000000
15,03437978;-0,18639271
15,03937978;-0,37278542
15,04437978;0,37278542
15,04937978;0,37278542
15,05437978;0,00000000
15,05937978;-0,37278542
15,06437978;0,18639271
15,06937978;0,00000000
15,07437978;14,74839973
15,07937978;0,00000000
15,08437978;1,11958659
15,08937978;0,00000000
15,09437978;0,18639271
15,09937978;-0,18639271
15,10437978;0,00000000
15,10937978;0,74618596
15,11437978;0,37278542
15,11937978;0,55979329
15,12437978;-0,37278542
15,12937978;0,18639271
15,13437978;0,55979329
15,13937978;0,18639271
15,14437978;0,18639271
15,14937978;0,00000000
15,15437978;0,18639271
15,15937978;0,00000000
15,16437978;0,00000000
15,16937978;0,37278542
15,17437978;0,00000000
15,17937978;0,18639271
15,18437978;0,55979329
15,18937978;-0,37278542
15,19437978;-0,55979329
15,19937978;0,18639271
15,20437978;0,18639271
15,20937978;0,00000000
15,21437978;-0,74618596
15,21937978;0,18639271
15,22437978;0,00000000
15,22937978;-0,55979329
15,23437978;-0,18639271
15,23937978;0,37278542
15,24437978;0,37278542
15,24937978;0,37278542
15,25437978;-0,37278542
15,25937978;0,55979329
15,26437978;0,00000000
15,26937978;0,00000000
15,27437978;0,18639271
15,27937978;0,37278542
15,28437978;0,74618596
15,28937978;-0,74618596
15,29437978;-0,37278542
15,29937978;0,00000000
15,30437977;0,00000000
15,30937977;0,18639271
15,31437977;0,18639271
15,31937977;-0,55979329
15,32437977;0,18639271
15,32937977;-0,74618596
15,33437977;-0,18639271
15,33937977;0,18639271
15,34437977;6,34719419
15,34937977;-0,18639271
15,35437977;-0,37278542
15,35937977;-0,37278542
15,36437977;0,18639271
15,36937977;0,37278542
15,37437977;-0,37278542
15,37937977;-0,74618596
15,38437977;1,49298716
15,38937977;0,18639271
15,39437977;0,18639271
15,39937977;0,00000000
15,40437977;0,18639271
15,40937977;0,18639271
15,41437977;0,18639271
15,41937977;0,18639271
15,42437977;0,00000000
15,42937977;0,18639271
15,43437977;-0,37278542
15,43937977;-0,18639271
15,44437977;0,00000000
15,44937977;-0,18639271
15,45437977;-0,74618596
15,45937977;-0,74618596
15,46437977;-0,37278542
15,46937977;-0,93319386
15,47437977;0,18639271
15,47937977;-0,37278542
15,48437977;0,00000000
15,48937977;-0,37278542
15,49437977;0,18639271
15,49937977;0,37278542
15,50437977;0,55979329
15,50937977;0,18639271
15,51437977;-3,35998988
15,51937977;0,55979329
15,52437977;0,74618596
15,52937977;0,18639271
15,53437977;0,18639271
15,53937977;-0,18639271
15,54437977;0,00000000
15,54937977;-0,37278542
15,55437977;-0,55979329
15,55937977;0,18639271
15,56437977;-0,18639271
15,56937977;-0,74618596
15,57437977;0,00000000
15,57937977;0,00000000
15,58437977;0,93319386
15,58937977;-0,37278542
15,59437977;0,37278542
15,59937977;-0,37278542
15,60437977;0,18639271
15,60937977;0,18639271
15,61437977;0,37278542
15,61937977;0,37278542
15,62437977;-0,74618596
15,62937977;0,18639271
15,63437977;0,00000000
15,63937977;0,00000000
15,64437977;-0,74618596
15,64937977;0,55979329
15,65437977;0,00000000
15,65937977;0,18639271
15,66437977;0,55979329
15,66937977;0,18639271
15,67437977;0,18639271
15,67937977;-2,05339551
15,68437977;0,00000000
15,68937977;0,00000000
15,69437977;0,18639271
15,69937976;-0,37278542
15,70437976;0,18639271
15,70937976;-2,05339551
15,71437976;-4,85359240
15,71937976;0,18639271
15,72437976;0,93319386
15,72937976;-0,74618596
15,73437976;-0,37278542
15,73937976;0,18639271
15,74437976;0,55979329
15,74937976;-2,61318874
15,75437976;-1,11958659
15,75937976;0,18639271
15,76437976;-0,37278542
15,76937976;-0,37278542
15,77437976;-0,18639271
15,77937976;-0,37278542
15,78437976;0,00000000
15,78937976;0,18639271
15,79437976;0,55979329
15,79937976;0,00000000
15,80437976;0,00000000
15,80937976;-0,18639271
15,81437976;-0,55979329
15,81937976;-0,37278542
15,82437976;0,00000000
15,82937976;0,55979329
15,83437976;0,00000000
15,83937976;-0,37278542
15,84437976;0,00000000
15,84937976;-0,37278542
15,85437976;0,18639271
15,85937976;0,00000000
15,86437976;-0,18639271
15,86937976;-0,18639271
15,87437976;-0,74618596
15,87937976;0,00000000
15,88437976;-0,37278542
15,88937976;0,55979329
15,89437976;-0,55979329
15,89937976;0,37278542
15,90437976;0,00000000
15,90937976;0,18639271
15,91437976;-0,93319386
15,91937976;-0,37278542
15,92437976;1,49298716
15,92937976;-0,18639271
15,93437976;0,18639271
15,93937976;-0,93319386
15,94437976;0,18639271
15,94937976;-0,74618596
15,95437976;0,18639271
15,95937976;0,37278542
15,96437976;-0,18639271
15,96937976;-0,37278542
15,97437976;0,74618596
15,97937976;-1,30659437
15,98437976;-0,55979329
15,98937976;-0,55979329
15,99437976;-0,37278542
15,99937976;0,55979329
16,00437976;0,37278542
16,00937976;0,37278542
16,01437976;0,93319386
16,01937976;0,00000000
16,02437976;-0,18639271
16,02937976;0,55979329
16,03437976;-0,37278542
16,03937976;0,37278542
16,04437976;0,00000000
16,04937976;0,18639271
16,05437976;-0,37278542
16,05937976;0,00000000
16,06437976;0,00000000
16,06937976;0,00000000
16,07437976;-0,37278542
16,07937976;0,18639271
16,08437976;0,00000000
16,08937976;0,55979329
16,09437975;0,37278542
16,09937975;0,37278542
16,10437975;-0,18639271
16,10937975;-1,11958659
16,11437975;1,11958659
16,11937975;-0,18639271
16,12437975;0,93319386
16,12937975;0,00000000
16,13437975;-0,18639271
16,13937975;-0,37278542
16,14437975;0,00000000
16,14937975;0,18639271
16,15437975;-0,37278542
16,15937975;0,18639271
16,16437975;0,37278542
16,16937975;0,37278542
16,17437975;0,37278542
16,17937975;0,00000000
16,18437975;0,00000000
16,18937975;0,00000000
16,19437975;-0,37278542
16,19937975;-0,74618596
16,20437975;0,18639271
16,20937975;-0,37278542
16,21437975;0,00000000
16,21937975;0,18639271
16,22437975;-0,37278542
16,22937975;0,55979329
16,23437975;-0,37278542
16,23937975;-0,18639271
16,24437975;-0,37278542
16,24937975;0,37278542
16,25437975;-0,55979329
16,25937975;0,37278542
16,26437975;0,18639271
16,26937975;0,00000000
16,27437975;0,00000000
16,27937975;-0,37278542
16,28437975;0,55979329
16,28937975;0,00000000
16,29437975;0,00000000
16,29937975;0,74618596
16,30437975;-0,55979329
16,30937975;0,55979329
16,31437975;0,00000000
16,31937975;-0,55979329
16,32437975;-1,30659437
16,32937975;-0,55979329
16,33437975;0,74618596
16,33937975;0,00000000
16,34437975;0,55979329
16,34937975;0,18639271
16,35437975;0,55979329
16,35937975;0,55979329
16,36437975;-0,18639271
16,36937975;0,74618596
16,37437975;0,55979329
16,37937975;0,00000000
16,38437975;-0,18639271
16,38937975;0,37278542
16,39437975;-0,55979329
16,39937975;-1,11958659
16,40437975;0,18639271
16,40937975;0,18639271
16,41437975;-0,55979329
16,41937975;-0,37278542
16,42437975;0,00000000
16,42937975;0,55979329
16,43437975;-0,37278542
16,43937975;0,18639271
16,44437975;0,37278542
16,44937975;0,37278542
16,45437975;-0,74618596
16,45937975;0,00000000
16,46437975;0,74618596
16,46937975;-0,18639271
16,47437975;-0,37278542
16,47937975;1,30659437
16,48437975;0,00000000
16,48937975;0,55979329
16,49437974;-0,18639271
16,49937974;0,74618596
16,50437974;0,37278542
16,50937974;0,18639271
16,51437974;0,74618596
16,51937974;0,18639271
16,52437974;1,11958659
16,52937974;-0,37278542
16,53437974;-0,37278542
16,53937974;0,18639271
16,54437974;-0,74618596
16,54937974;0,55979329
16,55437974;0,37278542
16,55937974;0,18639271
16,56437974;0,00000000
16,56937974;0,37278542
16,57437974;-0,37278542
16,57937974;0,00000000
16,58437974;0,55979329
16,58937974;0,18639271
16,59437974;0,18639271
16,59937974;0,00000000
16,60437974;0,74618596
16,60937974;0,18639271
16,61437974;0,18639271
16,61937974;-0,74618596
16,62437974;0,93319386
16,62937974;-0,37278542
16,63437974;0,18639271
16,63937974;0,18639271
16,64437974;0,37278542
16,64937974;-0,18639271
16,65437974;0,18639271
16,65937974;0,18639271
16,66437974;0,00000000
16,66937974;0,37278542
16,67437974;0,55979329
16,67937974;-0,37278542
16,68437974;0,55979329
16,68937974;0,55979329
16,69437974;0,93319386
16,69937974;-0,37278542
16,70437974;0,18639271
16,70937974;-0,37278542
16,71437974;0,18639271
16,71937974;-0,37278542
16,72437974;1,11958659
16,72937974;0,55979329
16,73437974;0,55979329
16,73937974;0,37278542
16,74437974;0,55979329
16,74937974;0,18639271
16,75437974;-0,74618596
16,75937974;-0,74618596
16,76437974;0,00000000
16,76937974;0,00000000
16,77437974;0,55979329
16,77937974;0,18639271
16,78437974;-0,37278542
16,78937974;0,55979329
16,79437974;0,00000000
16,79937974;-0,55979329
16,80437974;-0,18639271
16,80937974;0,74618596
16,81437974;0,55979329
16,81937974;0,18639271
16,82437974;0,00000000
16,82937974;-0,37278542
16,83437974;0,55979329
16,83937974;0,55979329
16,84437974;0,55979329
16,84937974;-0,37278542
16,85437974;0,74618596
16,85937974;-0,37278542
16,86437974;0,55979329
16,86937974;1,11958659
16,87437974;0,55979329
16,87937974;0,18639271
16,88437974;0,55979329
16,88937973;0,55979329
16,89437973;0,55979329
16,89937973;0,74618596
16,90437973;0,37278542
16,90937973;0,00000000
16,91437973;0,00000000
16,91937973;0,00000000
16,92437973;-0,74618596
16,92937973;0,00000000
16,93437973;0,00000000
16,93937973;-0,74618596
16,94437973;0,00000000
16,94937973;0,00000000
16,95437973;-0,37278542
16,95937973;0,00000000
16,96437973;0,37278542
16,96937973;-0,37278542
16,97437973;0,18639271
16,97937973;0,18639271
16,98437973;-1,11958659
16,98937973;0,18639271
16,99437973;0,93319386
16,99937973;0,18639271
17,00437973;0,55979329
17,00937973;0,18639271
17,01437973;0,18639271
17,01937973;-0,18639271
17,02437973;0,55979329
17,02937973;0,37278542
17,03437973;-0,18639271
17,03937973;0,18639271
17,04437973;0,37278542
17,04937973;0,18639271
17,05437973;0,55979329
17,05937973;-0,18639271
17,06437973;0,00000000
17,06937973;0,55979329
17,07437973;-1,11958659
17,07937973;0,18639271
17,08437973;0,00000000
17,08937973;0,00000000
17,09437973;-0,18639271
17,09937973;0,55979329
17,10437973;0,18639271
17,10937973;0,74618596
17,11437973;0,74618596
17,11937973;0,00000000
17,12437973;-1,67999494
17,12937973;-0,93319386
17,13437973;0,18639271
17,13937973;0,93319386
17,14437973;0,55979329
17,14937973;0,55979329
17,15437973;0,55979329
17,15937973;1,49298716
17,16437973;0,55979329
17,16937973;0,00000000
17,17437973;0,00000000
17,17937973;0,00000000
17,18437973;0,18639271
17,18937973;0,00000000
17,19437973;-0,93319386
17,19937973;0,18639271
17,20437973;-0,37278542
17,20937973;0,18639271
17,21437973;0,55979329
17,21937973;0,37278542
17,22437973;0,37278542
17,22937973;-0,55979329
17,23437973;0,55979329
17,23937973;0,74618596
17,24437973;0,18639271
17,24937973;0,37278542
17,25437973;-0,18639271
17,25937973;-0,37278542
17,26437973;-0,55979329
17,26937973;0,74618596
17,27437973;-0,37278542
17,27937973;-0,74618596
17,28437972;0,55979329
17,28937972;0,18639271
17,29437972;-0,37278542
17,29937972;2,05339551
17,30437972;-0,18639271
17,30937972;0,00000000
17,31437972;0,18639271
17,31937972;0,00000000
17,32437972;-1,30659437
17,32937972;1,11958659
17,33437972;0,93319386
17,33937972;1,86638772
17,34437972;0,00000000
17,34937972;0,18639271
17,35437972;0,18639271
17,35937972;0,93319386
17,36437972;0,00000000
17,36937972;0,00000000
17,37437972;0,00000000
17,37937972;-0,37278542
17,38437972;0,37278542
17,38937972;-0,74618596
17,39437972;0,37278542
17,39937972;0,37278542
17,40437972;0,55979329
17,40937972;0,00000000
17,41437972;-0,18639271
17,41937972;-0,37278542
17,42437972;-0,18639271
17,42937972;-0,74618596
17,43437972;0,55979329
17,43937972;1,11958659
17,44437972;0,93319386
17,44937972;0,18639271
17,45437972;0,18639271
17,45937972;-0,18639271
17,46437972;-0,37278542
17,46937972;-0,55979329
17,47437972;0,37278542
17,47937972;0,00000000
17,48437972;0,37278542
17,48937972;0,18639271
17,49437972;0,00000000
17,49937972;0,55979329
17,50437972;0,00000000
17,50937972;0,00000000
17,51437972;0,93319386
17,51937972;0,55979329
17,52437972;-0,55979329
17,52937972;0,00000000
17,53437972;0,18639271
17,53937972;0,55979329
17,54437972;-0,37278542
17,54937972;0,00000000
17,55437972;1,11958659
17,55937972;0,18639271
17,56437972;0,00000000
17,56937972;0,37278542
17,57437972;1,11958659
17,57937972;-0,74618596
17,58437972;0,00000000
17,58937972;0,93319386
17,59437972;0,55979329
17,59937972;0,55979329
17,60437972;0,93319386
17,60937972;0,00000000
17,61437972;0,55979329
17,61937972;-0,18639271
17,62437972;-0,37278542
17,62937972;-0,37278542
17,63437972;0,18639271
17,63937972;0,74618596
17,64437972;0,18639271
17,64937972;0,00000000
17,65437972;0,00000000
17,65937972;1,30659437
17,66437972;-0,18639271
17,66937972;-0,74618596
17,67437972;-0,18639271
17,67937971;-0,18639271
17,68437971;0,18639271
17,68937971;0,18639271
17,69437971;0,18639271
17,69937971;-0,37278542
17,70437971;-0,55979329
17,70937971;0,00000000
17,71437971;-0,18639271
17,71937971;0,18639271
17,72437971;0,55979329
17,72937971;0,18639271
17,73437971;0,37278542
17,73937971;0,18639271
17,74437971;0,74618596
17,74937971;0,00000000
17,75437971;-0,74618596
17,75937971;0,18639271
17,76437971;0,00000000
17,76937971;0,18639271
17,77437971;0,18639271
17,77937971;-1,11958659
17,78437971;0,00000000
17,78937971;0,37278542
17,79437971;-0,18639271
17,79937971;0,74618596
17,80437971;1,11958659
17,80937971;-0,18639271
17,81437971;-0,37278542
17,81937971;-0,18639271
17,82437971;-1,11958659
17,82937971;-0,74618596
17,83437971;-0,55979329
17,83937971;0,18639271
17,84437971;0,18639271
17,84937971;0,18639271
17,85437971;-0,74618596
17,85937971;0,55979329
17,86437971;0,00000000
17,86937971;0,18639271
17,87437971;-0,74618596
17,87937971;0,18639271
17,88437971;0,18639271
17,88937971;0,00000000
17,89437971;0,74618596
17,89937971;0,18639271
17,90437971;0,18639271
17,90937971;-0,74618596
17,91437971;-0,37278542
17,91937971;-0,18639271
17,92437971;-1,67999494
17,92937971;-1,11958659
17,93437971;0,55979329
17,93937971;-0,74618596
17,94437971;0,74618596
17,94937971;-0,37278542
17,95437971;0,18639271
17,95937971;0,37278542
17,96437971;0,74618596
17,96937971;-0,18639271
17,97437971;0,18639271
17,97937971;0,00000000
17,98437971;0,55979329
17,98937971;0,00000000
17,99437971;-0,55979329
17,99937971;0,18639271
18,00437971;-0,55979329
18,00937971;0,00000000
18,01437971;0,18639271
18,01937971;-0,37278542
18,02437971;0,55979329
18,02937971;0,18639271
18,03437971;-0,37278542
18,03937971;0,00000000
18,04437971;0,00000000
18,04937971;0,00000000
18,05437971;0,00000000
18,05937971;0,00000000
18,06437971;-0,18639271
18,06937971;0,00000000
18,07437970;0,18639271
18,07937970;-0,55979329
18,08437970;0,37278542
18,08937970;0,55979329
18,09437970;1,30659437
18,09937970;0,00000000
18,10437970;0,55979329
18,10937970;2,42679620
18,11437970;0,18639271
18,11937970;0,00000000
18,12437970;2,05339551
18,12937970;-0,18639271
18,13437970;0,37278542
18,13937970;0,55979329
18,14437970;0,74618596
18,14937970;0,18639271
18,15437970;-0,37278542
18,15937970;-0,18639271
18,16437970;0,55979329
18,16937970;0,00000000
18,17437970;-0,18639271
18,17937970;-0,37278542
18,18437970;0,00000000
18,18937970;0,55979329
18,19437970;0,18639271
18,19937970;0,18639271
18,20437970;-0,18639271
18,20937970;0,18639271
18,21437970;0,00000000
18,21937970;-0,55979329
18,22437970;0,55979329
18,22937970;0,55979329
18,23437970;0,93319386
18,23937970;0,18639271
18,24437970;0,00000000
18,24937970;-0,18639271
18,25437970;0,37278542
18,25937970;-0,74618596
18,26437970;-0,55979329
18,26937970;0,00000000
18,27437970;0,00000000
18,27937970;0,18639271
18,28437970;0,00000000
18,28937970;0,55979329
18,29437970;-0,37278542
18,29937970;-0,55979329
18,30437970;-0,37278542
18,30937970;-0,37278542
18,31437970;0,18639271
18,31937970;-1,86638772
18,32437970;0,37278542
18,32937970;1,11958659
18,33437970;-0,18639271
18,33937970;0,55979329
18,34437970;0,55979329
18,34937970;0,00000000
18,35437970;0,55979329
18,35937970;0,55979329
18,36437970;-1,86638772
18,36937970;0,18639271
18,37437970;-0,37278542
18,37937970;-0,37278542
18,38437970;1,11958659
18,38937970;0,00000000
18,39437970;0,18639271
18,39937970;-0,18639271
18,40437970;0,18639271
18,40937970;-0,37278542
18,41437970;0,18639271
18,41937970;0,00000000
18,42437970;-0,37278542
18,42937970;-0,74618596
18,43437970;0,18639271
18,43937970;0,18639271
18,44437970;0,00000000
18,44937970;-0,18639271
18,45437970;1,11958659
18,45937970;-0,37278542
18,46437970;0,18639271
18,46937970;-0,55979329
18,47437969;0,00000000
18,47937969;-0,74618596
18,48437969;0,18639271
18,48937969;-0,37278542
18,49437969;0,00000000
18,49937969;-1,67999494
18,50437969;0,00000000
18,50937969;-0,37278542
18,51437969;-0,37278542
18,51937969;0,00000000
18,52437969;-2,05339551
18,52937969;0,18639271
18,53437969;0,00000000
18,53937969;1,30659437
18,54437969;0,37278542
18,54937969;0,18639271
18,55437969;0,18639271
18,55937969;0,00000000
18,56437969;0,00000000
18,56937969;-0,55979329
18,57437969;0,37278542
18,57937969;-0,37278542
18,58437969;-0,74618596
18,58937969;-0,18639271
18,59437969;0,00000000
18,59937969;0,18639271
18,60437969;1,11958659
18,60937969;0,00000000
18,61437969;0,18639271
18,61937969;0,00000000
18,62437969;-0,74618596
18,62937969;-12,50799656
18,63437969;0,93319386
18,63937969;-0,18639271
18,64437969;0,55979329
18,64937969;0,93319386
18,65437969;-0,37278542
18,65937969;-0,18639271
18,66437969;-0,18639271
18,66937969;0,00000000
18,67437969;0,00000000
18,67937969;-0,18639271
18,68437969;-0,18639271
18,68937969;-0,37278542
18,69437969;-0,37278542
18,69937969;0,00000000
18,70437969;0,37278542
18,70937969;0,37278542
18,71437969;-0,55979329
18,71937969;0,55979329
18,72437969;0,74618596
18,72937969;0,93319386
18,73437969;0,00000000
18,73937969;-0,18639271
18,74437969;-0,18639271
18,74937969;0,00000000
18,75437969;0,18639271
18,75937969;0,55979329
18,76437969;0,93319386
18,76937969;-2,05339551
18,77437969;-0,37278542
18,77937969;0,18639271
18,78437969;0,00000000
18,78937969;0,00000000
18,79437969;0,18639271
18,79937969;-0,37278542
18,80437969;0,55979329
18,80937969;0,55979329
18,81437969;0,18639271
18,81937969;0,55979329
18,82437969;0,18639271
18,82937969;-0,37278542
18,83437969;0,55979329
18,83937969;0,00000000
18,84437969;0,00000000
18,84937969;-0,74618596
18,85437969;0,55979329
18,85937969;-0,18639271
18,86437969;0,37278542
18,86937968;-0,74618596
18,87437968;0,00000000
18,87937968;0,18639271
18,88437968;0,18639271
18,88937968;-0,74618596
18,89437968;0,18639271
18,89937968;-0,18639271
18,90437968;0,55979329
18,90937968;0,37278542
18,91437968;0,00000000
18,91937968;0,00000000
18,92437968;0,37278542
18,92937968;0,00000000
18,93437968;0,18639271
18,93937968;0,00000000
18,94437968;2,05339551
18,94937968;0,00000000
18,95437968;0,00000000
18,95937968;-0,93319386
18,96437968;0,00000000
18,96937968;0,55979329
18,97437968;1,11958659
18,97937968;0,74618596
18,98437968;-1,11958659
18,98937968;0,37278542
18,99437968;-0,18639271
18,99937968;-0,37278542
19,00437968;0,37278542
19,00937968;-0,18639271
19,01437968;0,00000000
19,01937968;-1,49298716
19,02437968;-1,49298716
19,02937968;0,18639271
19,03437968;0,55979329
19,03937968;-0,93319386
19,04437968;0,18639271
19,04937968;0,55979329
19,05437968;0,18639271
19,05937968;0,00000000
19,06437968;1,30659437
19,06937968;0,18639271
19,07437968;0,18639271
19,07937968;-0,37278542
19,08437968;0,18639271
19,08937968;-0,18639271
19,09437968;0,00000000
19,09937968;0,55979329
19,10437968;-0,93319386
19,10937968;-0,18639271
19,11437968;0,00000000
19,11937968;0,18639271
19,12437968;0,74618596
19,12937968;-0,18639271
19,13437968;0,55979329
19,13937968;-0,18639271
19,14437968;0,18639271
19,14937968;-0,18639271
19,15437968;0,00000000
19,15937968;0,55979329
19,16437968;0,55979329
19,16937968;-1,49298716
19,17437968;0,74618596
19,17937968;0,00000000
19,18437968;0,18639271
19,18937968;0,37278542
19,19437968;0,18639271
19,19937968;0,18639271
19,20437968;0,00000000
19,20937968;-0,37278542
19,21437968;0,18639271
19,21937968;-0,37278542
19,22437968;0,00000000
19,22937968;-0,37278542
19,23437968;0,74618596
19,23937968;0,18639271
19,24437968;0,55979329
19,24937968;0,93319386
19,25437968;0,55979329
19,25937968;0,93319386
19,26437967;0,00000000
19,26937967;0,00000000
19,27437967;0,55979329
19,27937967;0,93319386
19,28437967;0,37278542
19,28937967;0,74618596
19,29437967;0,00000000
19,29937967;0,00000000
19,30437967;0,37278542
19,30937967;-1,11958659
19,31437967;1,11958659
19,31937967;0,00000000
19,32437967;0,55979329
19,32937967;-0,37278542
19,33437967;0,55979329
19,33937967;0,18639271
19,34437967;0,55979329
19,34937967;0,00000000
19,35437967;-0,37278542
19,35937967;0,37278542
19,36437967;0,18639271
19,36937967;0,74618596
19,37437967;0,55979329
19,37937967;0,37278542
19,38437967;0,37278542
19,38937967;0,37278542
19,39437967;0,55979329
19,39937967;0,55979329
19,40437967;0,55979329
19,40937967;0,00000000
19,41437967;-0,55979329
19,41937967;0,37278542
19,42437967;-0,37278542
19,42937967;0,18639271
19,43437967;-0,93319386
19,43937967;-0,37278542
19,44437967;-0,37278542
19,44937967;0,55979329
19,45437967;-0,55979329
19,45937967;0,00000000
19,46437967;0,55979329
19,46937967;0,00000000
19,47437967;0,18639271
19,47937967;0,93319386
19,48437967;-0,37278542
19,48937967;0,00000000
19,49437967;0,93319386
19,49937967;0,18639271
19,50437967;0,00000000
19,50937967;0,55979329
19,51437967;-0,37278542
19,51937967;-0,55979329
19,52437967;0,55979329
19,52937967;0,18639271
19,53437967;0,55979329
19,53937967;-0,55979329
19,54437967;-0,18639271
19,54937967;0,00000000
19,55437967;0,00000000
19,55937967;0,00000000
19,56437967;-0,74618596
19,56937967;0,00000000
19,57437967;-0,74618596
19,57937967;-0,37278542
19,58437967;0,55979329
19,58937967;0,18639271
19,59437967;-0,37278542
19,59937967;0,00000000
19,60437967;0,93319386
19,60937967;-0,37278542
19,61437967;0,55979329
19,61937967;-0,37278542
19,62437967;-0,74618596
19,62937967;0,93319386
19,63437967;0,55979329
19,63937967;0,00000000
19,64437967;0,55979329
19,64937967;0,18639271
19,65437967;-∞
19,65937966;-0,37278542
19,66437966;0,55979329
19,66937966;0,37278542
19,67437966;0,55979329
19,67937966;-0,37278542
19,68437966;0,00000000
19,68937966;0,37278542
19,69437966;-0,93319386
19,69937966;0,00000000
19,70437966;-0,18639271
19,70937966;0,74618596
19,71437966;-2,23978829
19,71937966;0,74618596
19,72437966;0,18639271
19,72937966;-0,74618596
19,73437966;0,00000000
19,73937966;0,74618596
19,74437966;0,18639271
19,74937966;-0,18639271
19,75437966;1,86638772
19,75937966;0,55979329
19,76437966;0,00000000
19,76937966;0,74618596
19,77437966;0,00000000
19,77937966;0,18639271
19,78437966;-0,37278542
19,78937966;0,00000000
19,79437966;-0,55979329
19,79937966;0,00000000
19,80437966;0,18639271
19,80937966;0,37278542
19,81437966;0,18639271
19,81937966;0,00000000
19,82437966;0,55979329
19,82937966;-0,18639271
19,83437966;0,74618596
19,83937966;-0,18639271
19,84437966;0,00000000
19,84937966;-0,37278542
19,85437966;-0,37278542
19,85937966;-0,55979329
19,86437966;-0,18639271
19,86937966;-0,37278542
19,87437966;0,93319386
19,87937966;0,00000000
19,88437966;0,37278542
19,88937966;0,74618596
19,89437966;0,18639271
19,89937966;0,00000000
19,90437966;0,18639271
19,90937966;0,18639271
19,91437966;0,18639271
19,91937966;-0,37278542
19,92437966;0,00000000
19,92937966;-1,11958659
19,93437966;-0,37278542
19,93937966;0,93319386
19,94437966;0,37278542
19,94937966;-0,55979329
19,95437966;0,93319386
19,95937966;0,74618596
19,96437966;0,00000000
19,96937966;-0,55979329
19,97437966;0,37278542
19,97937966;0,00000000
19,98437966;0,18639271
19,98937966;-0,18639271
19,99437966;0,00000000
19,99937966;0,37278542
20,00437966;0,00000000
20,00937966;0,00000000
20,01437966;0,93319386
20,01937966;0,74618596
20,02437966;0,55979329
20,02937966;-0,37278542
20,03437966;0,37278542
20,03937966;-0,18639271
20,04437966;0,18639271
20,04937966;0,18639271
20,05437965;-0,37278542
20,05937965;0,37278542
20,06437965;0,37278542
20,06937965;0,18639271
20,07437965;0,55979329
20,07937965;-0,37278542
20,08437965;0,18639271
20,08937965;0,00000000
20,09437965;0,18639271
20,09937965;0,00000000
20,10437965;-0,37278542
20,10937965;0,18639271
20,11437965;0,00000000
20,11937965;0,74618596
20,12437965;0,55979329
20,12937965;-0,37278542
20,13437965;0,93319386
20,13937965;0,00000000
20,14437965;1,49298716
20,14937965;0,37278542
20,15437965;-0,37278542
20,15937965;-0,37278542
20,16437965;0,00000000
20,16937965;0,00000000
20,17437965;0,55979329
20,17937965;-0,18639271
20,18437965;0,55979329
20,18937965;0,37278542
20,19437965;0,18639271
20,19937965;0,00000000
20,20437965;0,18639271
20,20937965;0,18639271
20,21437965;-0,37278542
20,21937965;0,00000000
20,22437965;1,11958659
20,22937965;0,18639271
20,23437965;-0,18639271
20,23937965;0,00000000
20,24437965;0,55979329
20,24937965;0,55979329
20,25437965;0,18639271
20,25937965;0,18639271
20,26437965;-0,37278542
20,26937965;0,55979329
20,27437965;-0,37278542
20,27937965;0,74618596
20,28437965;0,55979329
20,28937965;-0,74618596
20,29437965;0,00000000
20,29937965;0,18639271
20,30437965;0,00000000
20,30937965;0,18639271
20,31437965;-0,18639271
20,31937965;0,00000000
20,32437965;-0,55979329
20,32937965;-0,18639271
20,33437965;0,00000000
20,33937965;-0,37278542
20,34437965;0,00000000
20,34937965;-0,37278542
20,35437965;-0,74618596
20,35937965;-0,37278542
20,36437965;0,18639271
20,36937965;0,93319386
20,37437965;-0,74618596
20,37937965;-0,55979329
20,38437965;0,00000000
20,38937965;-0,18639271
20,39437965;0,00000000
20,39937965;0,37278542
20,40437965;0,37278542
20,40937965;1,11958659
20,41437965;0,93319386
20,41937965;-0,37278542
20,42437965;0,00000000
20,42937965;0,18639271
20,43437965;-0,74618596
20,43937965;0,55979329
20,44437965;0,00000000
20,44937964;0,37278542
20,45437964;0,37278542
20,45937964;0,00000000
20,46437964;0,18639271
20,46937964;-0,37278542
20,47437964;0,00000000
20,47937964;0,55979329
20,48437964;-0,18639271
20,48937964;-0,55979329
20,49437964;-0,74618596
20,49937964;0,00000000
20,50437964;0,74618596
20,50937964;0,18639271
20,51437964;0,55979329
20,51937964;-0,37278542
20,52437964;0,37278542
20,52937964;0,00000000
20,53437964;0,18639271
20,53937964;-0,37278542
20,54437964;0,93319386
20,54937964;0,55979329
20,55437964;0,18639271
20,55937964;0,18639271
20,56437964;-0,37278542
20,56937964;0,37278542
20,57437964;0,18639271
20,57937964;0,18639271
20,58437964;-0,37278542
20,58937964;0,37278542
20,59437964;0,74618596
20,59937964;-0,93319386
20,60437964;0,18639271
20,60937964;-0,18639271
20,61437964;0,00000000
20,61937964;0,37278542
20,62437964;0,18639271
20,62937964;0,37278542
20,63437964;-0,18639271
20,63937964;-3,35998988
20,64437964;-0,74618596
20,64937964;0,18639271
20,65437964;-0,74618596
20,65937964;0,00000000
20,66437964;0,55979329
20,66937964;0,00000000
20,67437964;-0,18639271
20,67937964;0,55979329
20,68437964;0,18639271
20,68937964;0,37278542
20,69437964;0,18639271
20,69937964;0,18639271
20,70437964;0,18639271
20,70937964;0,55979329
20,71437964;-0,18639271
20,71937964;0,00000000
20,72437964;0,37278542
20,72937964;0,74618596
20,73437964;0,74618596
20,73937964;-0,37278542
20,74437964;-0,37278542
20,74937964;0,18639271
20,75437964;-0,18639271
20,75937964;0,00000000
20,76437964;0,00000000
20,76937964;0,00000000
20,77437964;-0,37278542
20,77937964;-0,18639271
20,78437964;0,55979329
20,78937964;-0,37278542
20,79437964;0,00000000
20,79937964;-0,55979329
20,80437964;0,55979329
20,80937964;0,37278542
20,81437964;1,49298716
20,81937964;-0,37278542
20,82437964;0,55979329
20,82937964;0,00000000
20,83437964;-0,74618596
20,83937964;0,18639271
20,84437964;-0,18639271
20,84937963;0,00000000
20,85437963;-0,37278542
20,85937963;0,18639271
20,86437963;0,55979329
20,86937963;0,37278542
20,87437963;0,18639271
20,87937963;0,00000000
20,88437963;-0,37278542
20,88937963;0,93319386
20,89437963;0,18639271
20,89937963;0,00000000
20,90437963;-0,55979329
20,90937963;0,37278542
20,91437963;-0,37278542
20,91937963;0,00000000
20,92437963;0,18639271
20,92937963;-0,74618596
20,93437963;-0,55979329
20,93937963;-1,11958659
20,94437963;2,42679620
20,94937963;0,00000000
20,95437963;0,37278542
20,95937963;0,00000000
20,96437963;0,00000000
20,96937963;0,37278542
20,97437963;0,00000000
20,97937963;-0,74618596
20,98437963;0,55979329
20,98937963;0,18639271
20,99437963;0,18639271
20,99937963;0,37278542
21,00437963;0,00000000
21,00937963;0,18639271
21,01437963;0,37278542
21,01937963;0,55979329
21,02437963;0,18639271
21,02937963;0,00000000
21,03437963;0,18639271
21,03937963;-1,11958659
21,04437963;0,00000000
21,04937963;0,00000000
21,05437963;-0,18639271
21,05937963;-0,18639271
21,06437963;0,18639271
21,06937963;-0,37278542
21,07437963;0,00000000
21,07937963;-1,30659437
21,08437963;1,86638772
21,08937963;0,00000000
21,09437963;0,37278542
21,09937963;0,37278542
21,10437963;-0,37278542
21,10937963;0,74618596
21,11437963;0,55979329
21,11937963;0,55979329
21,12437963;0,55979329
21,12937963;-0,74618596
21,13437963;-0,18639271
21,13937963;0,18639271
21,14437963;-0,74618596
21,14937963;0,00000000
21,15437963;-0,37278542
21,15937963;0,00000000
21,16437963;-0,55979329
21,16937963;1,11958659
21,17437963;0,00000000
21,17937963;0,18639271
21,18437963;0,37278542
21,18937963;0,74618596
21,19437963;-0,18639271
21,19937963;-0,37278542
21,20437963;0,18639271
21,20937963;0,55979329
21,21437963;-0,74618596
21,21937963;0,93319386
21,22437963;0,55979329
21,22937963;0,00000000
21,23437963;0,18639271
21,23937963;-0,74618596
21,24437962;-0,37278542
21,24937962;-0,37278542
21,25437962;-0,18639271
21,25937962;-0,18639271
21,26437962;0,00000000
21,26937962;0,18639271
21,27437962;0,18639271
21,27937962;0,00000000
21,28437962;0,00000000
21,28937962;0,00000000
21,29437962;0,55979329
21,29937962;1,49298716
21,30437962;-0,74618596
21,30937962;-0,37278542
21,31437962;0,18639271
21,31937962;0,00000000
21,32437962;-0,18639271
21,32937962;-0,18639271
21,33437962;0,37278542
21,33937962;0,93319386
21,34437962;0,93319386
21,34937962;-0,18639271
21,35437962;0,55979329
21,35937962;0,55979329
21,36437962;0,37278542
21,36937962;0,00000000
21,37437962;0,55979329
21,37937962;0,18639271
21,38437962;0,00000000
21,38937962;0,55979329
21,39437962;0,00000000
21,39937962;0,18639271
21,40437962;0,18639271
21,40937962;0,55979329
21,41437962;0,00000000
21,41937962;0,18639271
21,42437962;-0,18639271
21,42937962;0,93319386
21,43437962;0,18639271
21,43937962;0,55979329
21,44437962;0,00000000
21,44937962;-1,49298716
21,45437962;0,37278542
21,45937962;-0,18639271
21,46437962;0,00000000
21,46937962;0,93319386
21,47437962;0,00000000
21,47937962;-0,37278542
21,48437962;0,37278542
21,48937962;0,00000000
21,49437962;0,55979329
21,49937962;0,18639271
21,50437962;0,93319386
21,50937962;0,55979329
21,51437962;0,93319386
21,51937962;0,55979329
21,52437962;0,55979329
21,52937962;0,55979329
21,53437962;0,74618596
21,53937962;-0,18639271
21,54437962;0,00000000
21,54937962;-0,37278542
21,55437962;1,11958659
21,55937962;0,18639271
21,56437962;-0,37278542
21,56937962;0,37278542
21,57437962;0,00000000
21,57937962;0,18639271
21,58437962;0,74618596
21,58937962;-2,05339551
21,59437962;-0,37278542
21,59937962;0,18639271
21,60437962;0,18639271
21,60937962;0,18639271
21,61437962;0,55979329
21,61937962;0,18639271
21,62437962;0,37278542
21,62937962;0,00000000
21,63437962;0,55979329
21,63937961;0,18639271
21,64437961;0,93319386
21,64937961;-0,74618596
21,65437961;0,18639271
21,65937961;0,00000000
21,66437961;0,18639271
21,66937961;0,18639271
21,67437961;1,86638772
21,67937961;-0,37278542
21,68437961;-5,22699261
21,68937961;0,00000000
21,69437961;-0,18639271
21,69937961;0,37278542
21,70437961;0,18639271
21,70937961;-0,37278542
21,71437961;-0,37278542
21,71937961;0,00000000
21,72437961;0,18639271
21,72937961;0,93319386
21,73437961;-0,37278542
21,73937961;0,00000000
21,74437961;0,18639271
21,74937961;0,18639271
21,75437961;0,00000000
21,75937961;0,18639271
21,76437961;-0,37278542
21,76937961;0,55979329
21,77437961;-0,18639271
21,77937961;-0,37278542
21,78437961;0,18639271
21,78937961;0,00000000
21,79437961;-0,37278542
21,79937961;0,18639271
21,80437961;0,18639271
21,80937961;-0,37278542
21,81437961;0,18639271
21,81937961;-0,37278542
21,82437961;-0,18639271
21,82937961;0,18639271
21,83437961;0,18639271
21,83937961;0,00000000
21,84437961;0,55979329
21,84937961;0,18639271
21,85437961;0,00000000
21,85937961;-0,18639271
21,86437961;-0,55979329
21,86937961;-0,74618596
21,87437961;-0,18639271
21,87937961;-0,37278542
21,88437961;-0,74618596
21,88937961;1,49298716
21,89437961;0,00000000
21,89937961;0,00000000
21,90437961;0,37278542
21,90937961;-0,55979329
21,91437961;-0,55979329
21,91937961;0,18639271
21,92437961;0,18639271
21,92937961;0,00000000
21,93437961;-0,18639271
21,93937961;-1,11958659
21,94437961;-0,74618596
21,94937961;0,00000000
21,95437961;1,86638772
21,95937961;0,37278542
21,96437961;0,18639271
21,96937961;1,11958659
21,97437961;-0,37278542
21,97937961;0,00000000
21,98437961;1,11958659
21,98937961;0,00000000
21,99437961;0,18639271
21,99937961;0,37278542
22,00437961;0,18639271
22,00937961;0,00000000
22,01437961;0,74618596
22,01937961;-4,66719961
22,02437961;0,37278542
22,02937961;0,18639271
22,03437960;0,18639271
22,03937960;0,00000000
22,04437960;-0,37278542
22,04937960;0,00000000
22,05437960;0,18639271
22,05937960;-0,74618596
22,06437960;0,18639271
22,06937960;-0,74618596
22,07437960;0,55979329
22,07937960;0,55979329
22,08437960;0,18639271
22,08937960;0,93319386
22,09437960;0,55979329
22,09937960;-0,37278542
22,10437960;-0,18639271
22,10937960;-0,55979329
22,11437960;-0,18639271
22,11937960;-0,37278542
22,12437960;0,00000000
22,12937960;0,00000000
22,13437960;-0,18639271
22,13937960;0,55979329
22,14437960;-0,55979329
22,14937960;0,55979329
22,15437960;0,55979329
22,15937960;-0,74618596
22,16437960;0,18639271
22,16937960;-0,18639271
22,17437960;0,37278542
22,17937960;0,00000000
22,18437960;0,55979329
22,18937960;0,00000000
22,19437960;0,93319386
22,19937960;0,00000000
22,20437960;0,18639271
22,20937960;0,37278542
22,21437960;0,18639271
22,21937960;0,00000000
22,22437960;0,00000000
22,22937960;2,61318874
22,23437960;-0,18639271
22,23937960;0,37278542
22,24437960;0,18639271
22,24937960;-0,37278542
22,25437960;0,00000000
22,25937960;0,18639271
22,26437960;-0,37278542
22,26937960;-0,37278542
22,27437960;0,37278542
22,27937960;-0,74618596
22,28437960;0,18639271
22,28937960;0,18639271
22,29437960;0,18639271
22,29937960;-0,55979329
22,30437960;-0,37278542
22,30937960;0,18639271
22,31437960;0,00000000
22,31937960;0,00000000
22,32437960;0,18639271
22,32937960;0,37278542
22,33437960;-0,37278542
22,33937960;0,00000000
22,34437960;0,18639271
22,34937960;0,00000000
22,35437960;2,05339551
22,35937960;0,93319386
22,36437960;0,00000000
22,36937960;-0,18639271
22,37437960;0,74618596
22,37937960;0,18639271
22,38437960;-0,37278542
22,38937960;0,55979329
22,39437960;-0,74618596
22,39937960;0,18639271
22,40437960;-0,37278542
22,40937960;0,00000000
22,41437960;0,18639271
22,41937960;0,18639271
22,42437960;0,18639271
22,42937959;-0,93319386
22,43437959;0,37278542
22,43937959;0,00000000
22,44437959;0,55979329
22,44937959;0,37278542
22,45437959;0,00000000
22,45937959;0,18639271
22,46437959;0,00000000
22,46937959;0,55979329
22,47437959;0,18639271
22,47937959;0,55979329
22,48437959;-0,18639271
22,48937959;-1,11958659
22,49437959;-0,18639271
22,49937959;0,18639271
22,50437959;0,93319386
22,50937959;0,55979329
22,51437959;0,55979329
22,51937959;0,00000000
22,52437959;0,37278542
22,52937959;-0,18639271
22,53437959;0,37278542
22,53937959;-0,37278542
22,54437959;-0,93319386
22,54937959;-0,55979329
22,55437959;-1,30659437
22,55937959;0,37278542
22,56437959;1,49298716
22,56937959;-1,30659437
22,57437959;1,11958659
22,57937959;0,37278542
22,58437959;-0,37278542
22,58937959;0,93319386
22,59437959;0,18639271
22,59937959;0,18639271
22,60437959;0,93319386
22,60937959;0,00000000
22,61437959;0,18639271
22,61937959;0,93319386
22,62437959;0,18639271
22,62937959;0,37278542
22,63437959;0,55979329
22,63937959;0,74618596
22,64437959;0,37278542
22,64937959;0,93319386
22,65437959;0,18639271
22,65937959;-0,18639271
22,66437959;0,18639271
22,66937959;0,18639271
22,67437959;0,55979329
22,67937959;0,18639271
22,68437959;0,55979329
22,68937959;-0,18639271
22,69437959;0,00000000
22,69937959;0,55979329
22,70437959;0,18639271
22,70937959;0,18639271
22,71437959;0,00000000
22,71937959;0,00000000
22,72437959;0,55979329
22,72937959;-0,18639271
22,73437959;0,00000000
22,73937959;0,00000000
22,74437959;-0,74618596
22,74937959;0,55979329
22,75437959;-0,74618596
22,75937959;-0,18639271
22,76437959;0,00000000
22,76937959;-0,18639271
22,77437959;-0,18639271
22,77937959;0,55979329
22,78437959;6,53358746
22,78937959;0,00000000
22,79437959;-0,18639271
22,79937959;-0,37278542
22,80437959;0,55979329
22,80937959;-0,37278542
22,81437959;-0,55979329
22,81937959;1,30659437
22,82437958;0,18639271
22,82937958;0,74618596
22,83437958;0,00000000
22,83937958;0,00000000
22,84437958;-0,37278542
22,84937958;0,00000000
22,85437958;-0,37278542
22,85937958;-0,93319386
22,86437958;0,55979329
22,86937958;0,00000000
22,87437958;-0,18639271
22,87937958;0,18639271
22,88437958;7,46739626
22,88937958;0,00000000
22,89437958;0,00000000
22,89937958;0,37278542
22,90437958;-0,55979329
22,90937958;0,18639271
22,91437958;0,37278542
22,91937958;0,18639271
22,92437958;0,18639271
22,92937958;0,37278542
22,93437958;0,55979329
22,93937958;0,00000000
22,94437958;0,00000000
22,94937958;0,55979329
22,95437958;0,00000000
22,95937958;0,18639271
22,96437958;-0,37278542
22,96937958;0,55979329
22,97437958;-0,37278542
22,97937958;0,18639271
22,98437958;-0,18639271
22,98937958;-0,74618596
22,99437958;-1,11958659
22,99937958;0,18639271
23,00437958;0,93319386
23,00937958;0,18639271
23,01437958;-0,37278542
23,01937958;0,18639271
23,02437958;0,00000000
23,02937958;-0,55979329
23,03437958;0,00000000
23,03937958;0,00000000
23,04437958;-0,18639271
23,04937958;-0,18639271
23,05437958;0,55979329
23,05937958;0,18639271
23,06437958;0,00000000
23,06937958;0,18639271
23,07437958;-0,55979329
23,07937958;-0,55979329
23,08437958;-0,37278542
23,08937958;0,18639271
23,09437958;-0,37278542
23,09937958;-0,37278542
23,10437958;-0,37278542
23,10937958;0,00000000
23,11437958;0,55979329
23,11937958;0,00000000
23,12437958;-0,18639271
23,12937958;0,74618596
23,13437958;0,18639271
23,13937958;0,18639271
23,14437958;-0,18639271
23,14937958;-0,18639271
23,15437958;0,37278542
23,15937958;0,18639271
23,16437958;0,18639271
23,16937958;-0,55979329
23,17437958;0,55979329
23,17937958;-0,74618596
23,18437958;0,37278542
23,18937958;0,74618596
23,19437958;0,00000000
23,19937958;0,00000000
23,20437958;0,37278542
23,20937958;0,18639271
23,21437958;0,37278542
23,21937958;-0,37278542
23,22437957;0,55979329
23,22937957;0,00000000
23,23437957;0,18639271
23,23937957;0,55979329
23,24437957;-0,37278542
23,24937957;4,85359240
23,25437957;-0,74618596
23,25937957;0,00000000
23,26437957;0,74618596
23,26937957;0,74618596
23,27437957;0,18639271
23,27937957;-0,37278542
23,28437957;0,00000000
23,28937957;0,37278542
23,29437957;0,55979329
23,29937957;0,37278542
23,30437957;-0,55979329
23,30937957;0,74618596
23,31437957;0,00000000
23,31937957;-0,37278542
23,32437957;0,00000000
23,32937957;0,18639271
23,33437957;0,37278542
23,33937957;0,18639271
23,34437957;0,18639271
23,34937957;0,18639271
23,35437957;-0,74618596
23,35937957;0,00000000
23,36437957;-0,37278542
23,36937957;1,86638772
23,37437957;1,49298716
23,37937957;-0,37278542
23,38437957;0,55979329
23,38937957;0,18639271
23,39437957;-0,37278542
23,39937957;0,18639271
23,40437957;-0,18639271
23,40937957;1,30659437
23,41437957;0,55979329
23,41937957;0,00000000
23,42437957;0,18639271
23,42937957;-0,37278542
23,43437957;0,18639271
23,43937957;-0,93319386
23,44437957;0,18639271
23,44937957;2,05339551
23,45437957;0,00000000
23,45937957;-0,37278542
23,46437957;-0,18639271
23,46937957;-0,18639271
23,47437957;0,00000000
23,47937957;0,18639271
23,48437957;0,37278542
23,48937957;-0,18639271
23,49437957;-0,93319386
23,49937957;0,18639271
23,50437957;0,37278542
23,50937957;-0,37278542
23,51437957;0,55979329
23,51937957;0,00000000
23,52437957;0,37278542
23,52937957;-0,18639271
23,53437957;0,55979329
23,53937957;0,00000000
23,54437957;0,55979329
23,54937957;0,00000000
23,55437957;0,00000000
23,55937957;0,55979329
23,56437957;-0,18639271
23,56937957;0,74618596
23,57437957;-0,37278542
23,57937957;-0,37278542
23,58437957;0,37278542
23,58937957;0,00000000
23,59437957;0,00000000
23,59937957;0,18639271
23,60437957;0,00000000
23,60937957;-0,18639271
23,61437957;0,00000000
23,61937956;-0,37278542
23,62437956;1,11958659
23,62937956;0,74618596
23,63437956;0,18639271
23,63937956;-0,37278542
23,64437956;0,00000000
23,64937956;-0,55979329
23,65437956;0,00000000
23,65937956;0,55979329
23,66437956;1,11958659
23,66937956;0,37278542
23,67437956;0,18639271
23,67937956;0,18639271
23,68437956;-0,37278542
23,68937956;-0,18639271
23,69437956;0,00000000
23,69937956;0,18639271
23,70437956;-0,37278542
23,70937956;0,37278542
23,71437956;0,00000000
23,71937956;0,00000000
23,72437956;0,00000000
23,72937956;-0,37278542
23,73437956;0,18639271
23,73937956;-0,55979329
23,74437956;0,00000000
23,74937956;1,30659437
23,75437956;-0,93319386
23,75937956;0,18639271
23,76437956;0,00000000
23,76937956;0,00000000
23,77437956;0,00000000
23,77937956;-0,37278542
23,78437956;1,11958659
23,78937956;0,55979329
23,79437956;0,00000000
23,79937956;0,74618596
23,80437956;0,00000000
23,80937956;0,55979329
23,81437956;-0,18639271
23,81937956;0,00000000
23,82437956;-0,74618596
23,82937956;0,00000000
23,83437956;0,00000000
23,83937956;0,00000000
23,84437956;0,18639271
23,84937956;1,86638772
23,85437956;-0,37278542
23,85937956;0,37278542
23,86437956;-0,18639271
23,86937956;0,00000000
23,87437956;0,18639271
23,87937956;0,18639271
23,88437956;-0,37278542
23,88937956;0,00000000
23,89437956;0,00000000
23,89937956;0,18639271
23,90437956;0,55979329
23,90937956;0,93319386
23,91437956;0,55979329
23,91937956;-0,55979329
23,92437956;0,00000000
23,92937956;0,00000000
23,93437956;0,93319386
23,93937956;0,00000000
23,94437956;0,18639271
23,94937956;-0,55979329
23,95437956;-0,18639271
23,95937956;0,00000000
23,96437956;0,55979329
23,96937956;0,55979329
23,97437956;-0,93319386
23,97937956;0,18639271
23,98437956;-0,93319386
23,98937956;0,55979329
23,99437956;-0,37278542
23,99937956;-0,18639271
24,00437956;-0,37278542
24,00937956;-0,18639271
24,01437955;-0,93319386
24,01937955;0,18639271
24,02437955;0,18639271
24,02937955;-0,18639271
24,03437955;0,00000000
24,03937955;-0,18639271
24,04437955;0,55979329
24,04937955;0,00000000
24,05437955;-1,11958659
24,05937955;-0,55979329
24,06437955;-0,55979329
24,06937955;-0,55979329
24,07437955;0,93319386
24,07937955;0,55979329
24,08437955;0,00000000
24,08937955;0,18639271
24,09437955;0,00000000
24,09937955;0,37278542
24,10437955;0,55979329
24,10937955;0,00000000
24,11437955;0,00000000
24,11937955;0,00000000
24,12437955;-1,11958659
24,12937955;0,74618596
24,13437955;0,00000000
24,13937955;-0,74618596
24,14437955;0,37278542
24,14937955;0,18639271
24,15437955;-0,74618596
24,15937955;0,18639271
24,16437955;0,18639271
24,16937955;-1,11958659
24,17437955;0,55979329
24,17937955;-0,37278542
24,18437955;-0,93319386
24,18937955;0,18639271
24,19437955;0,00000000
24,19937955;-0,93319386
24,20437955;-0,37278542
24,20937955;0,18639271
24,21437955;-0,74618596
24,21937955;-0,37278542
24,22437955;-0,37278542
24,22937955;0,55979329
24,23437955;0,18639271
24,23937955;0,18639271
24,24437955;0,00000000
24,24937955;0,37278542
24,25437955;0,55979329
24,25937955;-0,37278542
24,26437955;0,55979329
24,26937955;0,00000000
24,27437955;0,18639271
24,27937955;0,00000000
24,28437955;0,55979329
24,28937955;0,74618596
24,29437955;0,00000000
24,29937955;-0,74618596
24,30437955;0,37278542
24,30937955;-0,18639271
24,31437955;0,18639271
24,31937955;0,18639271
24,32437955;0,00000000
24,32937955;0,00000000
24,33437955;-0,37278542
24,33937955;0,18639271
24,34437955;0,55979329
24,34937955;-0,18639271
24,35437955;0,18639271
24,35937955;0,18639271
24,36437955;0,55979329
24,36937955;-0,37278542
24,37437955;0,18639271
24,37937955;0,00000000
24,38437955;-0,37278542
24,38937955;0,55979329
24,39437955;-0,18639271
24,39937955;0,18639271
24,40437955;0,55979329
24,40937954;-0,55979329
24,41437954;-0,37278542
24,41937954;0,18639271
24,42437954;0,00000000
24,42937954;-0,37278542
24,43437954;0,55979329
24,43937954;0,00000000
24,44437954;-0,18639271
24,44937954;-0,18639271
24,45437954;0,74618596
24,45937954;0,37278542
24,46437954;-0,74618596
24,46937954;-0,37278542
24,47437954;-0,93319386
24,47937954;0,18639271
24,48437954;-0,18639271
24,48937954;0,00000000
24,49437954;0,00000000
24,49937954;0,74618596
24,50437954;0,55979329
24,50937954;0,55979329
24,51437954;-0,37278542
24,51937954;0,37278542
24,52437954;0,18639271
24,52937954;0,00000000
24,53437954;0,93319386
24,53937954;0,00000000
24,54437954;0,37278542
24,54937954;-0,37278542
24,55437954;0,37278542
24,55937954;-0,74618596
24,56437954;-0,18639271
24,56937954;0,74618596
24,57437954;-0,74618596
24,57937954;-0,37278542
24,58437954;0,00000000
24,58937954;0,55979329
24,59437954;0,18639271
24,59937954;0,55979329
24,60437954;-0,18639271
24,60937954;0,18639271
24,61437954;0,18639271
24,61937954;0,00000000
24,62437954;0,74618596
24,62937954;0,00000000
24,63437954;1,30659437
24,63937954;0,00000000
24,64437954;0,00000000
24,64937954;-0,37278542
24,65437954;0,00000000
24,65937954;0,18639271
24,66437954;0,00000000
24,66937954;0,00000000
24,67437954;0,55979329
24,67937954;0,37278542
24,68437954;-0,37278542
24,68937954;-0,18639271
24,69437954;-0,37278542
24,69937954;-0,37278542
24,70437954;0,55979329
24,70937954;0,18639271
24,71437954;0,00000000
24,71937954;0,00000000
24,72437954;0,00000000
24,72937954;-0,18639271
24,73437954;0,00000000
24,73937954;0,00000000
24,74437954;-0,18639271
24,74937954;0,18639271
24,75437954;-0,93319386
24,75937954;-0,37278542
24,76437954;0,55979329
24,76937954;2,80019665
24,77437954;0,55979329
24,77937954;0,18639271
24,78437954;0,37278542
24,78937954;0,55979329
24,79437954;0,18639271
24,79937954;0,00000000
24,80437953;0,55979329
24,80937953;0,37278542
24,81437953;-0,18639271
24,81937953;0,18639271
24,82437953;0,37278542
24,82937953;-0,74618596
24,83437953;0,37278542
24,83937953;0,18639271
24,84437953;0,00000000
24,84937953;-0,93319386
24,85437953;-0,37278542
24,85937953;0,00000000
24,86437953;0,18639271
24,86937953;0,18639271
24,87437953;0,00000000
24,87937953;0,55979329
24,88437953;-0,37278542
24,88937953;-0,18639271
24,89437953;0,18639271
24,89937953;0,74618596
24,90437953;-1,30659437
24,90937953;-0,18639271
24,91437953;0,00000000
24,91937953;-0,37278542
24,92437953;0,74618596
24,92937953;0,00000000
24,93437953;-0,37278542
24,93937953;0,37278542
24,94437953;0,00000000
24,94937953;-0,37278542
24,95437953;0,18639271
24,95937953;0,37278542
24,96437953;-0,74618596
24,96937953;-0,37278542
24,97437953;-0,18639271
24,97937953;0,18639271
24,98437953;-0,74618596
24,98937953;-0,37278542
24,99437953;0,00000000
24,99937953;0,37278542
25,00437953;0,18639271
25,00937953;-0,37278542
