Zeit;Kanal A
(ms);(mV)

-25,00687405;7,46647358
-25,00187405;7,00049162
-24,99687405;8,39997482
-24,99187405;7,93399334
-24,98687405;8,86749458
-24,98187405;8,86749458
-24,97687405;8,86749458
-24,97187405;9,33347607
-24,96687405;9,33347607
-24,96187405;10,26697731
-24,95687405;10,73449707
-24,95187405;11,66799831
-24,94687405;11,66799831
-24,94187405;11,20047951
-24,93687405;11,66799831
-24,93187405;11,20047951
-24,92687405;10,73449707
-24,92187405;11,20047951
-24,91687405;11,66799831
-24,91187405;11,66799831
-24,90687405;10,73449707
-24,90187405;11,20047951
-24,89687405;11,20047951
-24,89187405;10,73449707
-24,88687405;10,73449707
-24,88187405;11,20047951
-24,87687405;10,26697731
-24,87187406;11,66799831
-24,86687406;13,53500175
-24,86187406;12,60150051
-24,85687406;12,13398075
-24,85187406;11,66799831
-24,84687406;12,60150051
-24,84187406;12,60150051
-24,83687406;13,06748199
-24,83187406;13,53500175
-24,82687406;13,06748199
-24,82187406;13,06748199
-24,81687406;14,00098324
-24,81187406;12,13398075
-24,80687406;12,60150051
-24,80187406;12,60150051
-24,79687406;11,20047951
-24,79187406;11,20047951
-24,78687406;11,20047951
-24,78187406;11,20047951
-24,77687406;10,26697731
-24,77187406;9,33347607
-24,76687406;9,33347607
-24,76187406;9,80099583
-24,75687406;8,39997482
-24,75187406;8,39997482
-24,74687406;7,46647358
-24,74187406;7,46647358
-24,73687406;6,53297186
-24,73187406;7,46647358
-24,72687406;7,00049162
-24,72187406;6,53297186
-24,71687406;6,06699038
-24,71187406;6,06699038
-24,70687406;7,00049162
-24,70187406;5,13348866
-24,69687406;6,06699038
-24,69187406;6,53297186
-24,68687406;6,06699038
-24,68187406;6,53297186
-24,67687406;6,53297186
-24,67187406;7,00049162
-24,66687406;7,46647358
-24,66187406;7,93399334
-24,65687406;6,06699038
-24,65187406;7,93399334
-24,64687406;7,93399334
-24,64187406;7,93399334
-24,63687406;7,93399334
-24,63187406;7,46647358
-24,62687406;7,00049162
-24,62187406;6,53297186
-24,61687406;5,59947062
-24,61187406;5,13348866
-24,60687406;5,13348866
-24,60187406;4,19998741
-24,59687406;3,73246789
-24,59187406;3,26648593
-24,58687406;3,73246789
-24,58187406;3,26648593
-24,57687406;3,26648593
-24,57187406;2,33298445
-24,56687406;4,19998741
-24,56187406;3,73246789
-24,55687406;2,79896641
-24,55187406;3,26648593
-24,54687406;3,26648593
-24,54187406;3,73246789
-24,53687406;3,73246789
-24,53187406;4,66596889
-24,52687406;5,13348866
-24,52187406;6,06699038
-24,51687406;5,13348866
-24,51187406;6,06699038
-24,50687406;6,06699038
-24,50187406;6,06699038
-24,49687406;6,53297186
-24,49187406;6,06699038
-24,48687406;6,06699038
-24,48187406;6,53297186
-24,47687407;7,46647358
-24,47187407;5,59947062
-24,46687407;5,13348866
-24,46187407;5,59947062
-24,45687407;6,06699038
-24,45187407;5,59947062
-24,44687407;5,59947062
-24,44187407;5,59947062
-24,43687407;5,13348866
-24,43187407;5,59947062
-24,42687407;5,59947062
-24,42187407;7,00049162
-24,41687407;5,59947062
-24,41187407;6,06699038
-24,40687407;6,53297186
-24,40187407;6,53297186
-24,39687407;7,00049162
-24,39187407;6,06699038
-24,38687407;6,53297186
-24,38187407;6,53297186
-24,37687407;6,53297186
-24,37187407;6,53297186
-24,36687407;5,59947062
-24,36187407;6,06699038
-24,35687407;6,06699038
-24,35187407;7,00049162
-24,34687407;5,13348866
-24,34187407;6,06699038
-24,33687407;5,59947062
-24,33187407;4,66596889
-24,32687407;4,66596889
-24,32187407;4,19998741
-24,31687407;3,73246789
-24,31187407;3,26648593
-24,30687407;3,26648593
-24,30187407;3,26648593
-24,29687407;3,26648593
-24,29187407;2,79896641
-24,28687407;1,86546493
-24,28187407;1,86546493
-24,27687407;0,46598175
-24,27187407;2,33298445
-24,26687407;1,39948320
-24,26187407;0,46598175
-24,25687407;1,39948320
-24,25187407;0,46598175
-24,24687407;0,93196350
-24,24187407;0,46598175
-24,23687407;0,00000000
-24,23187407;0,00000000
-24,22687407;-0,46598175
-24,22187407;0,93196350
-24,21687407;0,00000000
-24,21187407;-0,46598175
-24,20687407;0,00000000
-24,20187407;-0,46598175
-24,19687407;-0,93196350
-24,19187407;-0,93196350
-24,18687407;-0,46598175
-24,18187407;0,00000000
-24,17687407;-1,39948320
-24,17187407;-1,39948320
-24,16687407;-2,33298445
-24,16187407;-2,33298445
-24,15687407;-2,79896641
-24,15187407;-2,79896641
-24,14687407;-2,79896641
-24,14187407;-2,79896641
-24,13687407;-2,79896641
-24,13187407;-3,26648593
-24,12687407;-3,73246789
-24,12187407;-4,19998741
-24,11687407;-4,19998741
-24,11187407;-3,73246789
-24,10687407;-4,66596889
-24,10187407;-4,66596889
-24,09687407;-6,06699038
-24,09187407;-6,06699038
-24,08687407;-6,53297186
-24,08187408;-7,46647358
-24,07687408;-8,86749458
-24,07187408;-9,80099583
-24,06687408;-10,73449707
-24,06187408;-11,66799831
-24,05687408;-13,06748199
-24,05187408;-13,53500175
-24,04687408;-14,93448448
-24,04187408;-14,93448448
-24,03687408;-14,00098324
-24,03187408;-14,00098324
-24,02687408;-13,53500175
-24,02187408;-13,06748199
-24,01687408;-10,73449707
-24,01187408;-9,33347607
-24,00687408;-8,86749458
-24,00187408;-6,53297186
-23,99687408;-5,59947062
-23,99187408;-4,19998741
-23,98687408;-4,19998741
-23,98187408;-3,73246789
-23,97687408;-3,26648593
-23,97187408;-4,19998741
-23,96687408;-5,13348866
-23,96187408;-6,06699038
-23,95687408;-6,06699038
-23,95187408;-7,00049162
-23,94687408;-8,86749458
-23,94187408;-9,80099583
-23,93687408;-8,86749458
-23,93187408;-10,26697731
-23,92687408;-9,80099583
-23,92187408;-9,80099583
-23,91687408;-8,86749458
-23,91187408;-9,33347607
-23,90687408;-8,86749458
-23,90187408;-8,86749458
-23,89687408;-8,39997482
-23,89187408;-7,46647358
-23,88687408;-7,93399334
-23,88187408;-6,53297186
-23,87687408;-6,53297186
-23,87187408;-6,06699038
-23,86687408;-14,00098324
-23,86187408;-7,00049162
-23,85687408;-6,06699038
-23,85187408;-6,06699038
-23,84687408;-5,59947062
-23,84187408;-6,06699038
-23,83687408;-5,59947062
-23,83187408;-5,59947062
-23,82687408;-6,06699038
-23,82187408;-5,59947062
-23,81687408;-5,13348866
-23,81187408;-5,13348866
-23,80687408;-6,53297186
-23,80187408;-6,53297186
-23,79687408;-8,39997482
-23,79187408;-7,46647358
-23,78687408;-7,00049162
-23,78187408;-8,39997482
-23,77687408;-7,93399334
-23,77187408;-8,39997482
-23,76687408;-8,86749458
-23,76187408;-8,86749458
-23,75687408;-7,93399334
-23,75187408;-7,46647358
-23,74687408;-7,93399334
-23,74187408;-7,00049162
-23,73687408;-6,53297186
-23,73187408;-6,06699038
-23,72687408;-6,53297186
-23,72187408;-6,06699038
-23,71687408;-4,66596889
-23,71187408;-5,13348866
-23,70687408;-4,19998741
-23,70187408;-5,59947062
-23,69687408;-5,13348866
-23,69187408;-6,06699038
-23,68687409;-5,13348866
-23,68187409;-5,59947062
-23,67687409;-6,53297186
-23,67187409;-6,06699038
-23,66687409;-7,00049162
-23,66187409;-7,93399334
-23,65687409;-8,39997482
-23,65187409;-7,46647358
-23,64687409;-9,80099583
-23,64187409;-9,80099583
-23,63687409;-10,73449707
-23,63187409;-11,20047951
-23,62687409;-11,66799831
-23,62187409;-12,13398075
-23,61687409;-11,20047951
-23,61187409;-12,13398075
-23,60687409;-11,66799831
-23,60187409;-12,13398075
-23,59687409;-13,06748199
-23,59187409;-13,06748199
-23,58687409;-12,13398075
-23,58187409;-13,53500175
-23,57687409;-13,53500175
-23,57187409;-13,53500175
-23,56687409;-14,00098324
-23,56187409;-14,93448448
-23,55687409;-14,93448448
-23,55187409;-14,00098324
-23,54687409;-14,46850300
-23,54187409;-14,00098324
-23,53687409;-14,93448448
-23,53187409;-14,46850300
-23,52687409;-13,06748199
-23,52187409;-14,46850300
-23,51687409;-14,93448448
-23,51187409;-15,40046692
-23,50687409;-15,40046692
-23,50187409;-15,40046692
-23,49687409;-15,86798668
-23,49187409;-15,86798668
-23,48687409;-16,80148888
-23,48187409;-17,73498917
-23,47687409;-19,13447189
-23,47187409;-18,66848946
-23,46687409;-18,66848946
-23,46187409;-19,13447189
-23,45687409;-20,53549385
-23,45187409;-21,00147629
-23,44687409;-20,06797409
-23,44187409;-21,00147629
-23,43687409;-21,00147629
-23,43187409;-21,00147629
-23,42687409;-21,00147629
-23,42187409;-21,00147629
-23,41687409;-21,46899414
-23,41187409;-20,06797409
-23,40687409;-20,53549385
-23,40187409;-21,00147629
-23,39687409;-19,60199165
-23,39187409;-21,00147629
-23,38687409;-21,46899414
-23,38187409;-21,93497658
-23,37687409;-21,00147629
-23,37187409;-21,93497658
-23,36687409;-21,93497658
-23,36187409;-22,40249634
-23,35687409;-22,86847687
-23,35187409;-22,86847687
-23,34687409;-22,86847687
-23,34187409;-23,33599663
-23,33687409;-23,33599663
-23,33187409;-23,33599663
-23,32687409;-24,26949883
-23,32187409;-24,73548126
-23,31687409;-23,80197906
-23,31187409;-24,73548126
-23,30687409;-25,20300102
-23,30187409;-26,13650131
-23,29687409;-27,07000351
-23,29187410;-27,07000351
-23,28687410;-28,00350380
-23,28187410;-28,00350380
-23,27687410;-30,80247116
-23,27187410;-28,46948624
-23,26687410;-27,53598404
-23,26187410;-27,07000351
-23,25687410;-26,60248184
-23,25187410;-25,20300102
-23,24687410;-24,26949883
-23,24187410;-23,80197906
-23,23687410;-21,46899414
-23,23187410;-20,53549385
-23,22687410;-19,13447189
-23,22187410;-16,80148888
-23,21687410;-16,33396912
-23,21187410;-13,53500175
-23,20687410;-14,93448448
-23,20187410;-14,46850300
-23,19687410;-16,33396912
-23,19187410;-15,40046692
-23,18687410;-15,86798668
-23,18187410;-16,33396912
-23,17687410;-17,26746941
-23,17187410;-18,20096970
-23,16687410;-18,66848946
-23,16187410;-20,06797409
-23,15687410;-21,93497658
-23,15187410;-21,46899414
-23,14687410;-22,86847687
-23,14187410;-21,93497658
-23,13687410;-21,93497658
-23,13187410;-22,40249634
-23,12687410;-21,93497658
-23,12187410;-21,46899414
-23,11687410;-22,40249634
-23,11187410;-20,53549385
-23,10687410;-20,53549385
-23,10187410;-20,53549385
-23,09687410;-21,00147629
-23,09187410;-19,60199165
-23,08687410;-19,60199165
-23,08187410;-20,06797409
-23,07687410;-19,13447189
-23,07187410;-18,66848946
-23,06687410;-19,13447189
-23,06187410;-18,66848946
-23,05687410;-18,66848946
-23,05187410;-18,66848946
-23,04687410;-19,13447189
-23,04187410;-19,13447189
-23,03687410;-18,20096970
-23,03187410;-17,26746941
-23,02687410;-18,20096970
-23,02187410;-18,20096970
-23,01687410;-18,20096970
-23,01187410;-18,66848946
-23,00687410;-18,20096970
-23,00187410;-18,66848946
-22,99687410;-18,20096970
-22,99187410;-18,20096970
-22,98687410;-18,66848946
-22,98187410;-19,60199165
-22,97687410;-17,73498917
-22,97187410;-17,26746941
-22,96687410;-17,73498917
-22,96187410;-17,26746941
-22,95687410;-16,33396912
-22,95187410;-15,86798668
-22,94687410;-15,86798668
-22,94187410;-14,46850300
-22,93687410;-13,53500175
-22,93187410;-14,00098324
-22,92687410;-12,13398075
-22,92187410;-11,66799831
-22,91687410;-11,20047951
-22,91187410;-11,66799831
-22,90687410;-12,13398075
-22,90187410;-11,20047951
-22,89687410;-11,20047951
-22,89187411;-11,20047951
-22,88687411;-10,73449707
-22,88187411;-11,20047951
-22,87687411;-11,20047951
-22,87187411;-11,20047951
-22,86687411;-11,20047951
-22,86187411;-12,13398075
-22,85687411;-10,26697731
-22,85187411;-10,73449707
-22,84687411;-11,66799831
-22,84187411;-11,20047951
-22,83687411;-10,73449707
-22,83187411;-11,66799831
-22,82687411;-11,20047951
-22,82187411;-11,20047951
-22,81687411;-10,73449707
-22,81187411;-11,20047951
-22,80687411;-11,20047951
-22,80187411;-11,20047951
-22,79687411;-10,73449707
-22,79187411;-11,66799831
-22,78687411;-11,20047951
-22,78187411;-11,66799831
-22,77687411;-11,66799831
-22,77187411;-11,20047951
-22,76687411;-10,73449707
-22,76187411;-10,73449707
-22,75687411;-11,66799831
-22,75187411;-11,20047951
-22,74687411;-10,73449707
-22,74187411;-12,13398075
-22,73687411;-11,20047951
-22,73187411;-12,13398075
-22,72687411;-11,66799831
-22,72187411;-16,80148888
-22,71687411;-12,60150051
-22,71187411;-13,06748199
-22,70687411;-13,53500175
-22,70187411;-13,06748199
-22,69687411;-14,00098324
-22,69187411;-14,00098324
-22,68687411;-14,00098324
-22,68187411;-15,40046692
-22,67687411;-14,93448448
-22,67187411;-15,40046692
-22,66687411;-14,93448448
-22,66187411;-14,93448448
-22,65687411;-15,40046692
-22,65187411;-14,93448448
-22,64687411;-15,40046692
-22,64187411;-14,93448448
-22,63687411;-14,93448448
-22,63187411;-14,46850300
-22,62687411;-14,93448448
-22,62187411;-14,46850300
-22,61687411;-14,00098324
-22,61187411;-14,00098324
-22,60687411;-14,46850300
-22,60187411;-13,53500175
-22,59687411;-12,13398075
-22,59187411;-14,00098324
-22,58687411;-14,00098324
-22,58187411;-13,53500175
-22,57687411;-14,00098324
-22,57187411;-14,00098324
-22,56687411;-12,13398075
-22,56187411;-13,06748199
-22,55687411;-13,06748199
-22,55187411;-13,06748199
-22,54687411;-12,13398075
-22,54187411;-11,20047951
-22,53687411;-11,20047951
-22,53187411;-10,73449707
-22,52687411;-10,26697731
-22,52187411;-10,26697731
-22,51687411;-11,20047951
-22,51187411;-7,93399334
-22,50687411;-8,39997482
-22,50187411;-8,86749458
-22,49687412;-8,39997482
-22,49187412;-8,39997482
-22,48687412;-7,00049162
-22,48187412;-7,93399334
-22,47687412;-7,93399334
-22,47187412;-7,93399334
-22,46687412;-7,46647358
-22,46187412;-7,93399334
-22,45687412;-7,46647358
-22,45187412;-8,39997482
-22,44687412;-7,46647358
-22,44187412;-7,93399334
-22,43687412;-8,39997482
-22,43187412;-8,86749458
-22,42687412;-7,46647358
-22,42187412;-8,39997482
-22,41687412;-8,39997482
-22,41187412;-7,93399334
-22,40687412;-7,46647358
-22,40187412;-7,46647358
-22,39687412;-6,53297186
-22,39187412;-7,00049162
-22,38687412;-7,00049162
-22,38187412;-8,39997482
-22,37687412;-7,00049162
-22,37187412;-7,46647358
-22,36687412;-7,00049162
-22,36187412;-8,86749458
-22,35687412;-8,39997482
-22,35187412;-9,33347607
-22,34687412;-8,86749458
-22,34187412;-8,39997482
-22,33687412;-8,86749458
-22,33187412;-9,33347607
-22,32687412;-8,86749458
-22,32187412;-8,86749458
-22,31687412;-8,86749458
-22,31187412;-8,86749458
-22,30687412;-8,39997482
-22,30187412;-7,93399334
-22,29687412;-7,93399334
-22,29187412;-8,39997482
-22,28687412;-7,00049162
-22,28187412;-7,46647358
-22,27687412;-7,93399334
-22,27187412;-7,00049162
-22,26687412;-7,46647358
-22,26187412;-7,93399334
-22,25687412;-8,86749458
-22,25187412;-8,86749458
-22,24687412;-11,20047951
-22,24187412;-10,26697731
-22,23687412;-10,26697731
-22,23187412;-9,80099583
-22,22687412;-11,20047951
-22,22187412;-11,66799831
-22,21687412;-11,20047951
-22,21187412;-10,73449707
-22,20687412;-10,73449707
-22,20187412;-11,66799831
-22,19687412;-13,53500175
-22,19187412;-11,66799831
-22,18687412;-11,20047951
-22,18187412;-11,66799831
-22,17687412;-12,13398075
-22,17187412;-12,60150051
-22,16687412;-12,13398075
-22,16187412;-14,00098324
-22,15687412;-15,40046692
-22,15187412;-14,46850300
-22,14687412;-15,40046692
-22,14187412;-15,86798668
-22,13687412;-15,40046692
-22,13187412;-16,80148888
-22,12687412;-15,86798668
-22,12187412;-15,86798668
-22,11687412;-14,93448448
-22,11187412;-12,60150051
-22,10687412;-12,60150051
-22,10187413;-10,73449707
-22,09687413;-9,33347607
-22,09187413;-7,93399334
-22,08687413;-7,46647358
-22,08187413;-6,06699038
-22,07687413;-6,06699038
-22,07187413;-5,13348866
-22,06687413;-6,06699038
-22,06187413;-6,53297186
-22,05687413;-6,06699038
-22,05187413;-7,46647358
-22,04687413;-8,86749458
-22,04187413;-8,86749458
-22,03687413;-9,80099583
-22,03187413;-10,73449707
-22,02687413;-11,66799831
-22,02187413;-10,26697731
-22,01687413;-10,73449707
-22,01187413;-11,20047951
-22,00687413;-9,80099583
-22,00187413;-6,53297186
-21,99687413;-7,93399334
-21,99187413;-9,33347607
-21,98687413;-7,93399334
-21,98187413;-6,06699038
-21,97687413;-6,53297186
-21,97187413;-5,59947062
-21,96687413;-5,59947062
-21,96187413;-5,13348866
-21,95687413;-4,19998741
-21,95187413;-3,73246789
-21,94687413;-3,26648593
-21,94187413;-3,26648593
-21,93687413;-2,79896641
-21,93187413;-2,79896641
-21,92687413;-2,79896641
-21,92187413;-2,79896641
-21,91687413;-3,26648593
-21,91187413;-3,26648593
-21,90687413;-3,73246789
-21,90187413;-3,73246789
-21,89687413;-3,26648593
-21,89187413;-4,19998741
-21,88687413;-4,19998741
-21,88187413;-4,66596889
-21,87687413;-5,13348866
-21,87187413;-4,66596889
-21,86687413;-4,19998741
-21,86187413;-4,19998741
-21,85687413;-4,19998741
-21,85187413;-3,73246789
-21,84687413;-2,79896641
-21,84187413;-1,86546493
-21,83687413;-0,93196350
-21,83187413;-0,93196350
-21,82687413;0,00000000
-21,82187413;0,93196350
-21,81687413;2,33298445
-21,81187413;1,86546493
-21,80687413;2,33298445
-21,80187413;2,79896641
-21,79687413;4,66596889
-21,79187413;2,33298445
-21,78687413;3,73246789
-21,78187413;3,26648593
-21,77687413;4,19998741
-21,77187413;4,19998741
-21,76687413;2,79896641
-21,76187413;4,66596889
-21,75687413;3,26648593
-21,75187413;3,73246789
-21,74687413;3,73246789
-21,74187413;2,79896641
-21,73687413;3,26648593
-21,73187413;3,73246789
-21,72687413;3,26648593
-21,72187413;3,26648593
-21,71687413;3,26648593
-21,71187413;2,33298445
-21,70687414;2,79896641
-21,70187414;2,79896641
-21,69687414;3,73246789
-21,69187414;2,33298445
-21,68687414;2,33298445
-21,68187414;2,33298445
-21,67687414;1,39948320
-21,67187414;1,86546493
-21,66687414;1,86546493
-21,66187414;2,33298445
-21,65687414;4,19998741
-21,65187414;2,33298445
-21,64687414;2,79896641
-21,64187414;2,79896641
-21,63687414;3,26648593
-21,63187414;4,19998741
-21,62687414;3,26648593
-21,62187414;4,19998741
-21,61687414;4,19998741
-21,61187414;4,66596889
-21,60687414;4,19998741
-21,60187414;4,19998741
-21,59687414;3,73246789
-21,59187414;3,73246789
-21,58687414;2,79896641
-21,58187414;2,33298445
-21,57687414;1,86546493
-21,57187414;2,33298445
-21,56687414;1,39948320
-21,56187414;0,00000000
-21,55687414;0,93196350
-21,55187414;0,00000000
-21,54687414;0,46598175
-21,54187414;-0,93196350
-21,53687414;-1,39948320
-21,53187414;-0,46598175
-21,52687414;-2,79896641
-21,52187414;-1,39948320
-21,51687414;-1,39948320
-21,51187414;-1,39948320
-21,50687414;-1,39948320
-21,50187414;-1,39948320
-21,49687414;-2,33298445
-21,49187414;-1,86546493
-21,48687414;-1,39948320
-21,48187414;-2,33298445
-21,47687414;-2,33298445
-21,47187414;-2,33298445
-21,46687414;-2,79896641
-21,46187414;-2,79896641
-21,45687414;-2,79896641
-21,45187414;-2,33298445
-21,44687414;-2,79896641
-21,44187414;-2,33298445
-21,43687414;-2,33298445
-21,43187414;-2,79896641
-21,42687414;-1,86546493
-21,42187414;-2,79896641
-21,41687414;-1,86546493
-21,41187414;-2,79896641
-21,40687414;-3,26648593
-21,40187414;-3,26648593
-21,39687414;-3,73246789
-21,39187414;-4,66596889
-21,38687414;-3,73246789
-21,38187414;-5,59947062
-21,37687414;-4,66596889
-21,37187414;-4,66596889
-21,36687414;-4,66596889
-21,36187414;-4,19998741
-21,35687414;-3,26648593
-21,35187414;-3,26648593
-21,34687414;-0,46598175
-21,34187414;0,46598175
-21,33687414;1,86546493
-21,33187414;2,79896641
-21,32687414;4,19998741
-21,32187414;5,59947062
-21,31687414;6,06699038
-21,31187415;7,93399334
-21,30687415;7,93399334
-21,30187415;8,39997482
-21,29687415;9,33347607
-21,29187415;7,93399334
-21,28687415;8,39997482
-21,28187415;7,46647358
-21,27687415;6,53297186
-21,27187415;6,06699038
-21,26687415;5,13348866
-21,26187415;4,66596889
-21,25687415;3,73246789
-21,25187415;3,26648593
-21,24687415;3,26648593
-21,24187415;3,26648593
-21,23687415;2,79896641
-21,23187415;4,19998741
-21,22687415;3,73246789
-21,22187415;4,19998741
-21,21687415;4,19998741
-21,21187415;5,59947062
-21,20687415;5,59947062
-21,20187415;5,13348866
-21,19687415;6,06699038
-21,19187415;6,06699038
-21,18687415;6,53297186
-21,18187415;8,86749458
-21,17687415;7,46647358
-21,17187415;8,86749458
-21,16687415;8,86749458
-21,16187415;9,33347607
-21,15687415;9,80099583
-21,15187415;10,73449707
-21,14687415;11,66799831
-21,14187415;10,26697731
-21,13687415;11,66799831
-21,13187415;11,20047951
-21,12687415;11,20047951
-21,12187415;12,13398075
-21,11687415;12,60150051
-21,11187415;12,13398075
-21,10687415;12,60150051
-21,10187415;12,60150051
-21,09687415;13,06748199
-21,09187415;13,06748199
-21,08687415;13,06748199
-21,08187415;14,00098324
-21,07687415;13,53500175
-21,07187415;14,46850300
-21,06687415;14,00098324
-21,06187415;15,40046692
-21,05687415;15,86798668
-21,05187415;15,86798668
-21,04687415;16,33396912
-21,04187415;17,26746941
-21,03687415;17,26746941
-21,03187415;17,73498917
-21,02687415;18,66848946
-21,02187415;18,66848946
-21,01687415;18,20096970
-21,01187415;18,66848946
-21,00687415;19,60199165
-21,00187415;18,66848946
-20,99687415;19,60199165
-20,99187415;17,73498917
-20,98687415;17,73498917
-20,98187415;17,73498917
-20,97687415;17,26746941
-20,97187415;16,80148888
-20,96687415;17,26746941
-20,96187415;16,33396912
-20,95687415;15,86798668
-20,95187415;16,80148888
-20,94687415;16,33396912
-20,94187415;16,33396912
-20,93687415;14,93448448
-20,93187415;15,40046692
-20,92687415;15,40046692
-20,92187415;15,40046692
-20,91687416;14,93448448
-20,91187416;14,46850300
-20,90687416;15,40046692
-20,90187416;14,46850300
-20,89687416;14,46850300
-20,89187416;14,46850300
-20,88687416;14,00098324
-20,88187416;14,46850300
-20,87687416;14,93448448
-20,87187416;14,46850300
-20,86687416;13,53500175
-20,86187416;14,00098324
-20,85687416;14,46850300
-20,85187416;14,00098324
-20,84687416;14,46850300
-20,84187416;14,00098324
-20,83687416;14,46850300
-20,83187416;14,00098324
-20,82687416;14,46850300
-20,82187416;14,93448448
-20,81687416;14,46850300
-20,81187416;14,00098324
-20,80687416;13,53500175
-20,80187416;13,53500175
-20,79687416;14,93448448
-20,79187416;14,00098324
-20,78687416;13,06748199
-20,78187416;13,53500175
-20,77687416;12,13398075
-20,77187416;12,60150051
-20,76687416;12,13398075
-20,76187416;13,06748199
-20,75687416;13,06748199
-20,75187416;13,53500175
-20,74687416;12,60150051
-20,74187416;14,00098324
-20,73687416;14,00098324
-20,73187416;13,06748199
-20,72687416;14,46850300
-20,72187416;15,40046692
-20,71687416;16,33396912
-20,71187416;15,86798668
-20,70687416;16,33396912
-20,70187416;16,33396912
-20,69687416;16,80148888
-20,69187416;17,73498917
-20,68687416;17,26746941
-20,68187416;18,20096970
-20,67687416;18,20096970
-20,67187416;19,13447189
-20,66687416;18,66848946
-20,66187416;18,66848946
-20,65687416;18,66848946
-20,65187416;18,66848946
-20,64687416;19,60199165
-20,64187416;19,60199165
-20,63687416;17,73498917
-20,63187416;20,06797409
-20,62687416;20,06797409
-20,62187416;20,53549385
-20,61687416;20,06797409
-20,61187416;20,53549385
-20,60687416;20,53549385
-20,60187416;21,00147629
-20,59687416;21,46899414
-20,59187416;21,93497658
-20,58687416;21,93497658
-20,58187416;23,80197906
-20,57687416;22,40249634
-20,57187416;22,40249634
-20,56687416;21,93497658
-20,56187416;23,33599663
-20,55687416;23,33599663
-20,55187416;23,33599663
-20,54687416;23,33599663
-20,54187416;23,33599663
-20,53687416;24,26949883
-20,53187416;24,26949883
-20,52687416;23,33599663
-20,52187416;23,33599663
-20,51687417;23,33599663
-20,51187417;23,80197906
-20,50687417;22,86847687
-20,50187417;22,86847687
-20,49687417;21,93497658
-20,49187417;22,86847687
-20,48687417;22,40249634
-20,48187417;21,93497658
-20,47687417;21,00147629
-20,47187417;20,53549385
-20,46687417;21,00147629
-20,46187417;20,53549385
-20,45687417;20,06797409
-20,45187417;20,06797409
-20,44687417;19,13447189
-20,44187417;19,60199165
-20,43687417;18,66848946
-20,43187417;19,13447189
-20,42687417;18,20096970
-20,42187417;18,20096970
-20,41687417;16,33396912
-20,41187417;16,80148888
-20,40687417;15,40046692
-20,40187417;16,33396912
-20,39687417;16,33396912
-20,39187417;16,80148888
-20,38687417;16,33396912
-20,38187417;15,40046692
-20,37687417;16,33396912
-20,37187417;17,26746941
-20,36687417;16,33396912
-20,36187417;16,33396912
-20,35687417;16,33396912
-20,35187417;15,86798668
-20,34687417;15,86798668
-20,34187417;15,86798668
-20,33687417;15,86798668
-20,33187417;14,93448448
-20,32687417;14,00098324
-20,32187417;14,46850300
-20,31687417;14,00098324
-20,31187417;14,00098324
-20,30687417;13,53500175
-20,30187417;13,06748199
-20,29687417;13,53500175
-20,29187417;13,06748199
-20,28687417;12,60150051
-20,28187417;12,60150051
-20,27687417;11,20047951
-20,27187417;10,73449707
-20,26687417;9,80099583
-20,26187417;8,86749458
-20,25687417;9,80099583
-20,25187417;8,86749458
-20,24687417;7,93399334
-20,24187417;8,39997482
-20,23687417;8,39997482
-20,23187417;8,86749458
-20,22687417;9,33347607
-20,22187417;9,80099583
-20,21687417;10,73449707
-20,21187417;11,66799831
-20,20687417;13,06748199
-20,20187417;14,46850300
-20,19687417;10,26697731
-20,19187417;16,80148888
-20,18687417;17,26746941
-20,18187417;17,73498917
-20,17687417;18,66848946
-20,17187417;18,20096970
-20,16687417;19,60199165
-20,16187417;19,13447189
-20,15687417;17,73498917
-20,15187417;17,73498917
-20,14687417;16,80148888
-20,14187417;16,33396912
-20,13687417;16,33396912
-20,13187417;17,26746941
-20,12687417;16,80148888
-20,12187418;16,80148888
-20,11687418;17,26746941
-20,11187418;18,20096970
-20,10687418;17,73498917
-20,10187418;19,60199165
-20,09687418;19,60199165
-20,09187418;19,13447189
-20,08687418;19,13447189
-20,08187418;19,60199165
-20,07687418;19,13447189
-20,07187418;20,06797409
-20,06687418;21,46899414
-20,06187418;21,00147629
-20,05687418;20,53549385
-20,05187418;20,06797409
-20,04687418;21,00147629
-20,04187418;21,46899414
-20,03687418;21,46899414
-20,03187418;21,93497658
-20,02687418;21,93497658
-20,02187418;21,93497658
-20,01687418;21,46899414
-20,01187418;21,93497658
-20,00687418;21,93497658
-20,00187418;21,00147629
-19,99687418;21,00147629
-19,99187418;20,53549385
-19,98687418;19,13447189
-19,98187418;18,20096970
-19,97687418;18,20096970
-19,97187418;17,73498917
-19,96687418;16,33396912
-19,96187418;17,26746941
-19,95687418;17,26746941
-19,95187418;16,80148888
-19,94687418;18,20096970
-19,94187418;17,73498917
-19,93687418;17,73498917
-19,93187418;17,73498917
-19,92687418;19,13447189
-19,92187418;19,60199165
-19,91687418;21,00147629
-19,91187418;21,00147629
-19,90687418;21,46899414
-19,90187418;21,93497658
-19,89687418;22,40249634
-19,89187418;21,46899414
-19,88687418;21,93497658
-19,88187418;21,93497658
-19,87687418;21,46899414
-19,87187418;22,40249634
-19,86687418;20,53549385
-19,86187418;20,06797409
-19,85687418;19,60199165
-19,85187418;18,66848946
-19,84687418;18,20096970
-19,84187418;17,73498917
-19,83687418;17,26746941
-19,83187418;16,80148888
-19,82687418;16,80148888
-19,82187418;16,33396912
-19,81687418;15,86798668
-19,81187418;15,86798668
-19,80687418;15,86798668
-19,80187418;14,93448448
-19,79687418;14,93448448
-19,79187418;15,40046692
-19,78687418;14,00098324
-19,78187418;13,53500175
-19,77687418;12,60150051
-19,77187418;13,06748199
-19,76687418;13,53500175
-19,76187418;13,06748199
-19,75687418;13,06748199
-19,75187418;13,06748199
-19,74687418;13,53500175
-19,74187418;14,00098324
-19,73687418;13,06748199
-19,73187418;14,93448448
-19,72687419;14,93448448
-19,72187419;14,93448448
-19,71687419;14,93448448
-19,71187419;14,93448448
-19,70687419;15,40046692
-19,70187419;14,93448448
-19,69687419;14,46850300
-19,69187419;14,46850300
-19,68687419;14,00098324
-19,68187419;13,53500175
-19,67687419;12,60150051
-19,67187419;11,66799831
-19,66687419;11,20047951
-19,66187419;10,73449707
-19,65687419;10,26697731
-19,65187419;9,33347607
-19,64687419;9,33347607
-19,64187419;9,33347607
-19,63687419;8,39997482
-19,63187419;7,93399334
-19,62687419;8,39997482
-19,62187419;8,39997482
-19,61687419;8,39997482
-19,61187419;8,86749458
-19,60687419;7,93399334
-19,60187419;7,93399334
-19,59687419;8,39997482
-19,59187419;8,39997482
-19,58687419;7,93399334
-19,58187419;7,00049162
-19,57687419;7,46647358
-19,57187419;6,53297186
-19,56687419;5,59947062
-19,56187419;6,53297186
-19,55687419;5,13348866
-19,55187419;5,59947062
-19,54687419;4,19998741
-19,54187419;4,66596889
-19,53687419;4,66596889
-19,53187419;3,73246789
-19,52687419;3,73246789
-19,52187419;3,26648593
-19,51687419;2,79896641
-19,51187419;2,33298445
-19,50687419;2,79896641
-19,50187419;1,39948320
-19,49687419;1,39948320
-19,49187419;1,86546493
-19,48687419;0,93196350
-19,48187419;0,46598175
-19,47687419;-0,46598175
-19,47187419;0,00000000
-19,46687419;-0,46598175
-19,46187419;-1,39948320
-19,45687419;-0,46598175
-19,45187419;-0,46598175
-19,44687419;-0,46598175
-19,44187419;0,46598175
-19,43687419;2,33298445
-19,43187419;3,73246789
-19,42687419;4,19998741
-19,42187419;5,13348866
-19,41687419;7,00049162
-19,41187419;7,00049162
-19,40687419;7,46647358
-19,40187419;8,86749458
-19,39687419;8,86749458
-19,39187419;8,86749458
-19,38687419;8,39997482
-19,38187419;8,86749458
-19,37687419;6,53297186
-19,37187419;6,53297186
-19,36687419;5,59947062
-19,36187419;5,13348866
-19,35687419;5,13348866
-19,35187419;2,33298445
-19,34687419;2,33298445
-19,34187419;2,79896641
-19,33687419;3,26648593
-19,33187420;1,86546493
-19,32687420;2,33298445
-19,32187420;2,33298445
-19,31687420;2,33298445
-19,31187420;3,26648593
-19,30687420;3,26648593
-19,30187420;3,26648593
-19,29687420;3,73246789
-19,29187420;3,26648593
-19,28687420;3,73246789
-19,28187420;4,19998741
-19,27687420;4,66596889
-19,27187420;5,13348866
-19,26687420;4,66596889
-19,26187420;4,66596889
-19,25687420;5,59947062
-19,25187420;5,13348866
-19,24687420;5,59947062
-19,24187420;5,13348866
-19,23687420;5,13348866
-19,23187420;5,13348866
-19,22687420;5,59947062
-19,22187420;3,73246789
-19,21687420;5,13348866
-19,21187420;4,66596889
-19,20687420;4,66596889
-19,20187420;3,73246789
-19,19687420;3,73246789
-19,19187420;3,73246789
-19,18687420;2,79896641
-19,18187420;5,13348866
-19,17687420;4,19998741
-19,17187420;3,73246789
-19,16687420;2,33298445
-19,16187420;4,66596889
-19,15687420;4,66596889
-19,15187420;4,66596889
-19,14687420;5,59947062
-19,14187420;6,53297186
-19,13687420;5,13348866
-19,13187420;7,00049162
-19,12687420;8,39997482
-19,12187420;6,53297186
-19,11687420;7,93399334
-19,11187420;7,46647358
-19,10687420;7,46647358
-19,10187420;7,46647358
-19,09687420;7,46647358
-19,09187420;7,46647358
-19,08687420;6,53297186
-19,08187420;5,59947062
-19,07687420;6,06699038
-19,07187420;5,59947062
-19,06687420;5,13348866
-19,06187420;4,66596889
-19,05687420;3,26648593
-19,05187420;3,73246789
-19,04687420;3,26648593
-19,04187420;2,33298445
-19,03687420;1,86546493
-19,03187420;2,33298445
-19,02687420;0,93196350
-19,02187420;0,93196350
-19,01687420;0,93196350
-19,01187420;0,93196350
-19,00687420;1,39948320
-19,00187420;1,39948320
-18,99687420;0,46598175
-18,99187420;1,86546493
-18,98687420;1,86546493
-18,98187420;1,86546493
-18,97687420;2,33298445
-18,97187420;2,33298445
-18,96687420;2,79896641
-18,96187420;3,26648593
-18,95687420;3,26648593
-18,95187420;2,79896641
-18,94687420;3,73246789
-18,94187420;3,73246789
-18,93687421;2,79896641
-18,93187421;1,86546493
-18,92687421;2,33298445
-18,92187421;1,39948320
-18,91687421;1,39948320
-18,91187421;0,46598175
-18,90687421;0,00000000
-18,90187421;0,00000000
-18,89687421;0,00000000
-18,89187421;-0,93196350
-18,88687421;-0,46598175
-18,88187421;-1,86546493
-18,87687421;-1,86546493
-18,87187421;-1,86546493
-18,86687421;-2,79896641
-18,86187421;-2,33298445
-18,85687421;-1,86546493
-18,85187421;-0,93196350
-18,84687421;-1,39948320
-18,84187421;-1,39948320
-18,83687421;-1,86546493
-18,83187421;-1,39948320
-18,82687421;-2,33298445
-18,82187421;-1,39948320
-18,81687421;-1,86546493
-18,81187421;-1,86546493
-18,80687421;-2,33298445
-18,80187421;-2,33298445
-18,79687421;-2,79896641
-18,79187421;-1,86546493
-18,78687421;-3,73246789
-18,78187421;-3,73246789
-18,77687421;-3,26648593
-18,77187421;-3,26648593
-18,76687421;-3,26648593
-18,76187421;-4,19998741
-18,75687421;-1,86546493
-18,75187421;-3,73246789
-18,74687421;-3,26648593
-18,74187421;-3,26648593
-18,73687421;-3,73246789
-18,73187421;-3,26648593
-18,72687421;-3,73246789
-18,72187421;-3,73246789
-18,71687421;-3,26648593
-18,71187421;-3,73246789
-18,70687421;-2,79896641
-18,70187421;-2,79896641
-18,69687421;-5,13348866
-18,69187421;-2,79896641
-18,68687421;-3,73246789
-18,68187421;-3,26648593
-18,67687421;-3,26648593
-18,67187421;-3,26648593
-18,66687421;-2,33298445
-18,66187421;-2,33298445
-18,65687421;-1,86546493
-18,65187421;-1,86546493
-18,64687421;-0,46598175
-18,64187421;-0,93196350
-18,63687421;0,00000000
-18,63187421;-1,39948320
-18,62687421;-0,93196350
-18,62187421;-0,46598175
-18,61687421;-0,93196350
-18,61187421;0,00000000
-18,60687421;-1,39948320
-18,60187421;-1,39948320
-18,59687421;-1,86546493
-18,59187421;-2,79896641
-18,58687421;-2,79896641
-18,58187421;-3,26648593
-18,57687421;-2,79896641
-18,57187421;-5,13348866
-18,56687421;-4,66596889
-18,56187421;-5,13348866
-18,55687421;-5,13348866
-18,55187421;-6,06699038
-18,54687421;-6,06699038
-18,54187422;-6,53297186
-18,53687422;-6,06699038
-18,53187422;-6,06699038
-18,52687422;-5,59947062
-18,52187422;-6,06699038
-18,51687422;-6,06699038
-18,51187422;-5,59947062
-18,50687422;-6,06699038
-18,50187422;-7,00049162
-18,49687422;-6,53297186
-18,49187422;-6,53297186
-18,48687422;-6,06699038
-18,48187422;-5,13348866
-18,47687422;-6,53297186
-18,47187422;-6,53297186
-18,46687422;-7,00049162
-18,46187422;-6,53297186
-18,45687422;-6,53297186
-18,45187422;-6,53297186
-18,44687422;-7,00049162
-18,44187422;-7,93399334
-18,43687422;-7,46647358
-18,43187422;-7,93399334
-18,42687422;-8,86749458
-18,42187422;-9,80099583
-18,41687422;-9,80099583
-18,41187422;-9,80099583
-18,40687422;-9,80099583
-18,40187422;-10,73449707
-18,39687422;-10,73449707
-18,39187422;-11,66799831
-18,38687422;-11,66799831
-18,38187422;-13,06748199
-18,37687422;-13,06748199
-18,37187422;-13,06748199
-18,36687422;-14,93448448
-18,36187422;-14,00098324
-18,35687422;-14,93448448
-18,35187422;-15,40046692
-18,34687422;-16,33396912
-18,34187422;-16,80148888
-18,33687422;-17,73498917
-18,33187422;-17,26746941
-18,32687422;-16,80148888
-18,32187422;-17,26746941
-18,31687422;-15,40046692
-18,31187422;-14,46850300
-18,30687422;-13,53500175
-18,30187422;-11,66799831
-18,29687422;-10,26697731
-18,29187422;-8,86749458
-18,28687422;-8,39997482
-18,28187422;-7,00049162
-18,27687422;-6,53297186
-18,27187422;-6,06699038
-18,26687422;-6,06699038
-18,26187422;-5,13348866
-18,25687422;-6,06699038
-18,25187422;-7,00049162
-18,24687422;-7,00049162
-18,24187422;-8,86749458
-18,23687422;-9,33347607
-18,23187422;-9,33347607
-18,22687422;-11,66799831
-18,22187422;-11,20047951
-18,21687422;-10,26697731
-18,21187422;-10,26697731
-18,20687422;-11,20047951
-18,20187422;-9,33347607
-18,19687422;-8,86749458
-18,19187422;-8,86749458
-18,18687422;-7,93399334
-18,18187422;-7,93399334
-18,17687422;-6,53297186
-18,17187422;-7,46647358
-18,16687422;-6,06699038
-18,16187422;-6,06699038
-18,15687422;-6,06699038
-18,15187422;-6,06699038
-18,14687422;-6,53297186
-18,14187423;-7,00049162
-18,13687423;-6,53297186
-18,13187423;-5,59947062
-18,12687423;-6,06699038
-18,12187423;-5,13348866
-18,11687423;-5,59947062
-18,11187423;-5,13348866
-18,10687423;-5,59947062
-18,10187423;-6,06699038
-18,09687423;-6,06699038
-18,09187423;-6,06699038
-18,08687423;-7,00049162
-18,08187423;-7,46647358
-18,07687423;-7,46647358
-18,07187423;-7,46647358
-18,06687423;-8,86749458
-18,06187423;-8,86749458
-18,05687423;-4,66596889
-18,05187423;-7,46647358
-18,04687423;-7,93399334
-18,04187423;-7,46647358
-18,03687423;-8,39997482
-18,03187423;-7,00049162
-18,02687423;-7,93399334
-18,02187423;-7,00049162
-18,01687423;-6,53297186
-18,01187423;-5,59947062
-18,00687423;-5,59947062
-18,00187423;-4,66596889
-17,99687423;-4,66596889
-17,99187423;-4,19998741
-17,98687423;-4,66596889
-17,98187423;-4,66596889
-17,97687423;-3,73246789
-17,97187423;-4,19998741
-17,96687423;-3,73246789
-17,96187423;-4,19998741
-17,95687423;1,39948320
-17,95187423;-4,66596889
-17,94687423;-5,13348866
-17,94187423;-5,13348866
-17,93687423;-7,00049162
-17,93187423;-5,59947062
-17,92687423;-6,06699038
-17,92187423;-6,53297186
-17,91687423;-6,06699038
-17,91187423;-6,53297186
-17,90687423;-7,00049162
-17,90187423;-6,53297186
-17,89687423;-6,06699038
-17,89187423;-6,53297186
-17,88687423;-7,46647358
-17,88187423;-7,00049162
-17,87687423;-7,00049162
-17,87187423;-7,46647358
-17,86687423;-7,93399334
-17,86187423;-7,46647358
-17,85687423;-7,46647358
-17,85187423;-7,93399334
-17,84687423;-6,53297186
-17,84187423;-7,00049162
-17,83687423;-6,53297186
-17,83187423;-7,00049162
-17,82687423;-5,59947062
-17,82187423;-6,53297186
-17,81687423;-6,06699038
-17,81187423;-5,59947062
-17,80687423;-6,06699038
-17,80187423;-6,06699038
-17,79687423;-6,06699038
-17,79187423;-6,06699038
-17,78687423;-6,06699038
-17,78187423;-7,46647358
-17,77687423;-9,33347607
-17,77187423;-7,93399334
-17,76687423;-9,33347607
-17,76187423;-8,39997482
-17,75687423;-9,80099583
-17,75187423;-12,13398075
-17,74687424;-11,66799831
-17,74187424;-11,20047951
-17,73687424;-12,13398075
-17,73187424;-12,13398075
-17,72687424;-12,13398075
-17,72187424;-12,60150051
-17,71687424;-13,06748199
-17,71187424;-13,06748199
-17,70687424;-13,06748199
-17,70187424;-13,53500175
-17,69687424;-13,53500175
-17,69187424;-13,53500175
-17,68687424;-13,53500175
-17,68187424;-14,00098324
-17,67687424;-13,06748199
-17,67187424;-14,00098324
-17,66687424;-14,46850300
-17,66187424;-14,46850300
-17,65687424;-14,93448448
-17,65187424;-15,86798668
-17,64687424;-15,86798668
-17,64187424;-16,33396912
-17,63687424;-15,86798668
-17,63187424;-15,86798668
-17,62687424;-15,86798668
-17,62187424;-16,80148888
-17,61687424;-16,80148888
-17,61187424;-16,33396912
-17,60687424;-16,80148888
-17,60187424;-18,20096970
-17,59687424;-16,33396912
-17,59187424;-19,13447189
-17,58687424;-18,20096970
-17,58187424;-18,66848946
-17,57687424;-20,06797409
-17,57187424;-20,06797409
-17,56687424;-19,60199165
-17,56187424;-20,06797409
-17,55687424;-21,00147629
-17,55187424;-19,60199165
-17,54687424;-19,60199165
-17,54187424;-19,13447189
-17,53687424;-18,66848946
-17,53187424;-16,80148888
-17,52687424;-15,86798668
-17,52187424;-14,46850300
-17,51687424;-13,06748199
-17,51187424;-10,73449707
-17,50687424;-10,73449707
-17,50187424;-8,86749458
-17,49687424;-9,33347607
-17,49187424;-7,93399334
-17,48687424;-7,93399334
-17,48187424;-7,00049162
-17,47687424;-8,39997482
-17,47187424;-8,86749458
-17,46687424;-9,33347607
-17,46187424;-9,33347607
-17,45687424;-10,26697731
-17,45187424;-11,20047951
-17,44687424;-11,20047951
-17,44187424;-11,66799831
-17,43687424;-11,66799831
-17,43187424;-11,66799831
-17,42687424;-11,66799831
-17,42187424;-12,13398075
-17,41687424;-11,66799831
-17,41187424;-10,26697731
-17,40687424;-10,26697731
-17,40187424;-9,80099583
-17,39687424;-8,86749458
-17,39187424;-8,86749458
-17,38687424;-8,86749458
-17,38187424;-6,53297186
-17,37687424;-7,93399334
-17,37187424;-7,00049162
-17,36687424;-5,59947062
-17,36187424;-7,00049162
-17,35687424;-6,53297186
-17,35187425;-6,06699038
-17,34687425;-6,53297186
-17,34187425;-5,59947062
-17,33687425;-4,19998741
-17,33187425;-5,13348866
-17,32687425;-7,46647358
-17,32187425;-5,13348866
-17,31687425;-4,66596889
-17,31187425;-5,13348866
-17,30687425;-6,53297186
-17,30187425;-6,53297186
-17,29687425;-6,06699038
-17,29187425;-7,00049162
-17,28687425;-7,00049162
-17,28187425;-7,93399334
-17,27687425;-7,93399334
-17,27187425;-7,46647358
-17,26687425;-7,00049162
-17,26187425;-5,13348866
-17,25687425;-6,53297186
-17,25187425;-6,53297186
-17,24687425;-6,06699038
-17,24187425;-5,13348866
-17,23687425;-4,19998741
-17,23187425;-4,66596889
-17,22687425;-3,73246789
-17,22187425;-4,19998741
-17,21687425;-5,59947062
-17,21187425;-2,33298445
-17,20687425;-4,19998741
-17,20187425;-3,26648593
-17,19687425;-3,73246789
-17,19187425;-3,26648593
-17,18687425;-5,13348866
-17,18187425;-5,59947062
-17,17687425;-5,13348866
-17,17187425;-7,46647358
-17,16687425;-6,06699038
-17,16187425;-7,46647358
-17,15687425;-7,93399334
-17,15187425;-8,39997482
-17,14687425;-9,33347607
-17,14187425;-10,26697731
-17,13687425;-9,33347607
-17,13187425;-8,86749458
-17,12687425;-10,26697731
-17,12187425;-8,86749458
-17,11687425;-9,33347607
-17,11187425;-8,86749458
-17,10687425;-8,86749458
-17,10187425;-7,46647358
-17,09687425;-8,39997482
-17,09187425;-7,46647358
-17,08687425;-7,93399334
-17,08187425;-8,86749458
-17,07687425;-7,93399334
-17,07187425;-8,86749458
-17,06687425;-8,86749458
-17,06187425;-9,33347607
-17,05687425;-9,33347607
-17,05187425;-8,39997482
-17,04687425;-8,39997482
-17,04187425;-8,39997482
-17,03687425;-9,33347607
-17,03187425;-10,26697731
-17,02687425;-8,86749458
-17,02187425;-9,33347607
-17,01687425;-8,86749458
-17,01187425;-7,93399334
-17,00687425;-8,39997482
-17,00187425;-8,86749458
-16,99687425;-9,33347607
-16,99187425;-10,26697731
-16,98687425;-9,80099583
-16,98187425;-9,80099583
-16,97687425;-9,80099583
-16,97187425;-10,26697731
-16,96687425;-11,20047951
-16,96187425;-9,80099583
-16,95687426;-11,20047951
-16,95187426;-10,26697731
-16,94687426;-10,26697731
-16,94187426;-9,80099583
-16,93687426;-10,26697731
-16,93187426;-10,26697731
-16,92687426;-9,80099583
-16,92187426;-11,20047951
-16,91687426;-9,80099583
-16,91187426;-8,86749458
-16,90687426;-9,80099583
-16,90187426;-9,33347607
-16,89687426;-9,33347607
-16,89187426;-9,33347607
-16,88687426;-8,86749458
-16,88187426;-9,33347607
-16,87687426;-8,39997482
-16,87187426;-8,39997482
-16,86687426;-7,93399334
-16,86187426;-7,93399334
-16,85687426;-8,39997482
-16,85187426;-7,93399334
-16,84687426;-7,46647358
-16,84187426;-7,46647358
-16,83687426;-7,93399334
-16,83187426;-7,93399334
-16,82687426;-6,06699038
-16,82187426;-7,00049162
-16,81687426;-7,00049162
-16,81187426;-7,00049162
-16,80687426;-7,46647358
-16,80187426;-7,46647358
-16,79687426;-7,00049162
-16,79187426;-8,39997482
-16,78687426;-7,93399334
-16,78187426;-8,39997482
-16,77687426;-7,93399334
-16,77187426;-7,93399334
-16,76687426;-8,86749458
-16,76187426;-8,39997482
-16,75687426;-7,93399334
-16,75187426;-9,33347607
-16,74687426;-8,39997482
-16,74187426;-7,46647358
-16,73687426;-6,53297186
-16,73187426;-7,00049162
-16,72687426;-7,00049162
-16,72187426;-6,06699038
-16,71687426;-6,06699038
-16,71187426;-5,59947062
-16,70687426;-6,53297186
-16,70187426;-7,00049162
-16,69687426;-6,06699038
-16,69187426;-7,46647358
-16,68687426;-7,46647358
-16,68187426;-7,46647358
-16,67687426;-8,39997482
-16,67187426;-8,39997482
-16,66687426;-8,39997482
-16,66187426;-8,86749458
-16,65687426;-8,39997482
-16,65187426;-8,86749458
-16,64687426;-8,86749458
-16,64187426;-8,39997482
-16,63687426;-8,86749458
-16,63187426;-9,33347607
-16,62687426;-9,33347607
-16,62187426;-9,80099583
-16,61687426;-9,33347607
-16,61187426;-9,33347607
-16,60687426;-9,33347607
-16,60187426;-10,26697731
-16,59687426;-10,73449707
-16,59187426;-11,20047951
-16,58687426;-11,20047951
-16,58187426;-10,73449707
-16,57687426;-11,66799831
-16,57187426;-11,66799831
-16,56687426;-13,06748199
-16,56187427;-11,20047951
-16,55687427;-10,73449707
-16,55187427;-11,20047951
-16,54687427;-9,80099583
-16,54187427;-10,73449707
-16,53687427;-10,73449707
-16,53187427;-11,20047951
-16,52687427;-10,26697731
-16,52187427;-10,73449707
-16,51687427;-11,66799831
-16,51187427;-11,66799831
-16,50687427;-12,60150051
-16,50187427;-13,53500175
-16,49687427;-15,40046692
-16,49187427;-14,93448448
-16,48687427;-15,40046692
-16,48187427;-16,80148888
-16,47687427;-16,33396912
-16,47187427;-15,86798668
-16,46687427;-17,26746941
-16,46187427;-17,26746941
-16,45687427;-17,26746941
-16,45187427;-18,66848946
-16,44687427;-18,20096970
-16,44187427;-17,73498917
-16,43687427;-18,66848946
-16,43187427;-17,73498917
-16,42687427;-18,20096970
-16,42187427;-17,26746941
-16,41687427;-16,80148888
-16,41187427;-15,86798668
-16,40687427;-15,40046692
-16,40187427;-14,93448448
-16,39687427;-14,00098324
-16,39187427;-11,20047951
-16,38687427;-10,73449707
-16,38187427;-9,80099583
-16,37687427;-9,33347607
-16,37187427;-8,39997482
-16,36687427;-8,86749458
-16,36187427;-8,39997482
-16,35687427;-7,93399334
-16,35187427;-7,00049162
-16,34687427;-7,93399334
-16,34187427;-8,86749458
-16,33687427;-9,80099583
-16,33187427;-10,26697731
-16,32687427;-9,80099583
-16,32187427;-11,20047951
-16,31687427;-11,20047951
-16,31187427;-10,26697731
-16,30687427;-10,73449707
-16,30187427;-10,26697731
-16,29687427;-10,73449707
-16,29187427;-10,26697731
-16,28687427;-9,80099583
-16,28187427;-10,26697731
-16,27687427;-8,39997482
-16,27187427;-9,33347607
-16,26687427;-8,39997482
-16,26187427;-7,00049162
-16,25687427;-7,93399334
-16,25187427;-6,53297186
-16,24687427;-6,06699038
-16,24187427;-5,13348866
-16,23687427;-5,59947062
-16,23187427;-5,13348866
-16,22687427;-4,19998741
-16,22187427;-3,73246789
-16,21687427;-4,19998741
-16,21187427;-2,79896641
-16,20687427;-3,73246789
-16,20187427;-3,26648593
-16,19687427;-3,26648593
-16,19187427;-2,33298445
-16,18687427;-3,26648593
-16,18187427;-3,26648593
-16,17687427;-2,79896641
-16,17187427;-2,79896641
-16,16687428;-4,19998741
-16,16187428;-2,79896641
-16,15687428;-3,26648593
-16,15187428;-2,79896641
-16,14687428;-2,33298445
-16,14187428;-2,79896641
-16,13687428;-2,79896641
-16,13187428;-1,39948320
-16,12687428;-0,93196350
-16,12187428;-0,93196350
-16,11687428;0,46598175
-16,11187428;0,93196350
-16,10687428;0,93196350
-16,10187428;2,79896641
-16,09687428;2,33298445
-16,09187428;3,26648593
-16,08687428;4,19998741
-16,08187428;4,19998741
-16,07687428;3,73246789
-16,07187428;3,73246789
-16,06687428;4,19998741
-16,06187428;3,73246789
-16,05687428;3,26648593
-16,05187428;2,79896641
-16,04687428;2,33298445
-16,04187428;1,39948320
-16,03687428;1,39948320
-16,03187428;0,00000000
-16,02687428;0,46598175
-16,02187428;0,00000000
-16,01687428;-0,93196350
-16,01187428;-1,86546493
-16,00687428;-2,33298445
-16,00187428;-1,39948320
-15,99687428;-1,86546493
-15,99187428;-2,33298445
-15,98687428;-2,79896641
-15,98187428;-2,79896641
-15,97687428;-3,26648593
-15,97187428;-3,26648593
-15,96687428;-3,73246789
-15,96187428;-3,26648593
-15,95687428;-2,79896641
-15,95187428;-3,73246789
-15,94687428;-4,19998741
-15,94187428;-4,19998741
-15,93687428;-4,66596889
-15,93187428;-5,59947062
-15,92687428;-3,73246789
-15,92187428;-4,19998741
-15,91687428;-3,73246789
-15,91187428;-4,19998741
-15,90687428;-4,19998741
-15,90187428;-4,19998741
-15,89687428;-3,73246789
-15,89187428;-5,13348866
-15,88687428;-4,66596889
-15,88187428;-4,66596889
-15,87687428;-5,59947062
-15,87187428;-6,06699038
-15,86687428;-6,53297186
-15,86187428;-7,00049162
-15,85687428;-7,00049162
-15,85187428;-7,46647358
-15,84687428;-7,93399334
-15,84187428;-8,86749458
-15,83687428;-8,86749458
-15,83187428;-8,86749458
-15,82687428;-8,86749458
-15,82187428;-10,26697731
-15,81687428;-8,86749458
-15,81187428;-8,39997482
-15,80687428;-9,33347607
-15,80187428;-8,39997482
-15,79687428;-8,39997482
-15,79187428;-8,39997482
-15,78687428;-7,93399334
-15,78187428;-7,93399334
-15,77687428;-7,46647358
-15,77187428;-7,46647358
-15,76687429;-6,06699038
-15,76187429;-7,93399334
-15,75687429;-8,86749458
-15,75187429;-8,86749458
-15,74687429;-8,39997482
-15,74187429;-8,39997482
-15,73687429;-7,00049162
-15,73187429;-7,93399334
-15,72687429;-7,93399334
-15,72187429;-7,93399334
-15,71687429;-7,46647358
-15,71187429;-8,39997482
-15,70687429;-7,93399334
-15,70187429;-7,93399334
-15,69687429;-8,39997482
-15,69187429;-7,46647358
-15,68687429;-10,26697731
-15,68187429;-9,33347607
-15,67687429;-9,33347607
-15,67187429;-10,26697731
-15,66687429;-9,80099583
-15,66187429;-9,33347607
-15,65687429;-8,86749458
-15,65187429;-9,33347607
-15,64687429;-8,39997482
-15,64187429;-7,00049162
-15,63687429;-5,59947062
-15,63187429;-5,59947062
-15,62687429;-2,33298445
-15,62187429;-0,93196350
-15,61687429;0,46598175
-15,61187429;1,39948320
-15,60687429;2,79896641
-15,60187429;3,73246789
-15,59687429;5,59947062
-15,59187429;4,66596889
-15,58687429;4,66596889
-15,58187429;5,13348866
-15,57687429;3,26648593
-15,57187429;3,73246789
-15,56687429;4,19998741
-15,56187429;1,86546493
-15,55687429;0,46598175
-15,55187429;0,46598175
-15,54687429;-0,93196350
-15,54187429;-1,39948320
-15,53687429;-1,86546493
-15,53187429;-3,26648593
-15,52687429;-2,79896641
-15,52187429;-1,86546493
-15,51687429;-1,86546493
-15,51187429;-1,86546493
-15,50687429;-1,39948320
-15,50187429;-0,93196350
-15,49687429;-0,93196350
-15,49187429;-1,39948320
-15,48687429;-1,39948320
-15,48187429;-1,39948320
-15,47687429;-0,93196350
-15,47187429;-0,46598175
-15,46687429;0,00000000
-15,46187429;-0,46598175
-15,45687429;0,00000000
-15,45187429;0,00000000
-15,44687429;0,46598175
-15,44187429;0,00000000
-15,43687429;1,86546493
-15,43187429;6,06699038
-15,42687429;2,33298445
-15,42187429;2,79896641
-15,41687429;1,86546493
-15,41187429;2,79896641
-15,40687429;2,79896641
-15,40187429;2,79896641
-15,39687429;2,79896641
-15,39187429;2,33298445
-15,38687429;1,86546493
-15,38187429;2,33298445
-15,37687429;1,39948320
-15,37187430;1,86546493
-15,36687430;1,86546493
-15,36187430;3,26648593
-15,35687430;2,79896641
-15,35187430;4,19998741
-15,34687430;3,73246789
-15,34187430;3,73246789
-15,33687430;4,66596889
-15,33187430;4,66596889
-15,32687430;6,06699038
-15,32187430;5,59947062
-15,31687430;6,53297186
-15,31187430;7,00049162
-15,30687430;6,53297186
-15,30187430;6,53297186
-15,29687430;7,00049162
-15,29187430;6,06699038
-15,28687430;6,06699038
-15,28187430;5,13348866
-15,27687430;6,06699038
-15,27187430;6,06699038
-15,26687430;5,59947062
-15,26187430;5,13348866
-15,25687430;5,59947062
-15,25187430;5,13348866
-15,24687430;5,13348866
-15,24187430;4,66596889
-15,23687430;4,66596889
-15,23187430;4,19998741
-15,22687430;4,66596889
-15,22187430;4,19998741
-15,21687430;3,26648593
-15,21187430;3,73246789
-15,20687430;2,79896641
-15,20187430;3,73246789
-15,19687430;2,33298445
-15,19187430;3,26648593
-15,18687430;2,33298445
-15,18187430;2,33298445
-15,17687430;2,33298445
-15,17187430;1,86546493
-15,16687430;3,26648593
-15,16187430;2,79896641
-15,15687430;3,26648593
-15,15187430;3,26648593
-15,14687430;4,19998741
-15,14187430;4,66596889
-15,13687430;5,13348866
-15,13187430;5,59947062
-15,12687430;6,06699038
-15,12187430;6,06699038
-15,11687430;5,13348866
-15,11187430;5,59947062
-15,10687430;5,59947062
-15,10187430;6,53297186
-15,09687430;5,13348866
-15,09187430;4,66596889
-15,08687430;5,13348866
-15,08187430;3,73246789
-15,07687430;3,26648593
-15,07187430;2,79896641
-15,06687430;2,79896641
-15,06187430;3,73246789
-15,05687430;4,66596889
-15,05187430;2,33298445
-15,04687430;2,33298445
-15,04187430;2,33298445
-15,03687430;1,86546493
-15,03187430;2,33298445
-15,02687430;2,33298445
-15,02187430;3,73246789
-15,01687430;3,73246789
-15,01187430;3,73246789
-15,00687430;3,73246789
-15,00187430;3,73246789
-14,99687430;4,19998741
-14,99187430;3,73246789
-14,98687430;4,19998741
-14,98187430;3,73246789
-14,97687431;3,73246789
-14,97187431;4,19998741
-14,96687431;4,19998741
-14,96187431;4,66596889
-14,95687431;4,66596889
-14,95187431;4,19998741
-14,94687431;4,19998741
-14,94187431;4,66596889
-14,93687431;4,66596889
-14,93187431;5,13348866
-14,92687431;4,66596889
-14,92187431;5,13348866
-14,91687431;5,13348866
-14,91187431;4,66596889
-14,90687431;4,66596889
-14,90187431;5,13348866
-14,89687431;5,13348866
-14,89187431;4,66596889
-14,88687431;5,13348866
-14,88187431;5,59947062
-14,87687431;5,13348866
-14,87187431;5,59947062
-14,86687431;5,13348866
-14,86187431;6,06699038
-14,85687431;7,00049162
-14,85187431;0,00000000
-14,84687431;7,00049162
-14,84187431;6,06699038
-14,83687431;6,53297186
-14,83187431;7,00049162
-14,82687431;6,06699038
-14,82187431;6,53297186
-14,81687431;6,53297186
-14,81187431;6,53297186
-14,80687431;6,06699038
-14,80187431;6,06699038
-14,79687431;5,13348866
-14,79187431;5,13348866
-14,78687431;4,66596889
-14,78187431;3,26648593
-14,77687431;3,26648593
-14,77187431;2,33298445
-14,76687431;1,86546493
-14,76187431;2,33298445
-14,75687431;1,39948320
-14,75187431;0,93196350
-14,74687431;0,46598175
-14,74187431;1,39948320
-14,73687431;0,93196350
-14,73187431;0,46598175
-14,72687431;0,93196350
-14,72187431;1,86546493
-14,71687431;0,93196350
-14,71187431;0,93196350
-14,70687431;0,93196350
-14,70187431;-0,93196350
-14,69687431;0,46598175
-14,69187431;0,00000000
-14,68687431;0,00000000
-14,68187431;0,00000000
-14,67687431;-0,46598175
-14,67187431;0,46598175
-14,66687431;-0,46598175
-14,66187431;0,00000000
-14,65687431;-0,93196350
-14,65187431;-0,93196350
-14,64687431;-1,39948320
-14,64187431;-1,86546493
-14,63687431;-1,39948320
-14,63187431;-1,39948320
-14,62687431;-1,39948320
-14,62187431;-0,46598175
-14,61687431;-1,39948320
-14,61187431;-1,39948320
-14,60687431;-1,39948320
-14,60187431;-1,39948320
-14,59687431;-1,86546493
-14,59187431;-2,33298445
-14,58687431;-2,79896641
-14,58187432;-3,73246789
-14,57687432;-3,73246789
-14,57187432;-3,26648593
-14,56687432;-4,19998741
-14,56187432;-5,59947062
-14,55687432;-5,59947062
-14,55187432;-5,59947062
-14,54687432;-7,46647358
-14,54187432;-6,53297186
-14,53687432;-7,00049162
-14,53187432;-7,46647358
-14,52687432;-7,00049162
-14,52187432;-7,00049162
-14,51687432;-7,00049162
-14,51187432;-7,00049162
-14,50687432;-6,06699038
-14,50187432;-5,13348866
-14,49687432;-3,26648593
-14,49187432;-3,26648593
-14,48687432;-2,33298445
-14,48187432;-0,93196350
-14,47687432;-0,46598175
-14,47187432;1,39948320
-14,46687432;1,39948320
-14,46187432;2,33298445
-14,45687432;2,33298445
-14,45187432;1,86546493
-14,44687432;1,86546493
-14,44187432;1,39948320
-14,43687432;0,93196350
-14,43187432;0,46598175
-14,42687432;-0,46598175
-14,42187432;0,00000000
-14,41687432;-0,93196350
-14,41187432;-0,93196350
-14,40687432;5,13348866
-14,40187432;-0,46598175
-14,39687432;-0,46598175
-14,39187432;1,39948320
-14,38687432;0,93196350
-14,38187432;0,46598175
-14,37687432;0,46598175
-14,37187432;1,39948320
-14,36687432;1,86546493
-14,36187432;1,86546493
-14,35687432;2,33298445
-14,35187432;2,33298445
-14,34687432;1,86546493
-14,34187432;3,26648593
-14,33687432;2,79896641
-14,33187432;2,79896641
-14,32687432;2,79896641
-14,32187432;3,26648593
-14,31687432;3,26648593
-14,31187432;3,73246789
-14,30687432;3,26648593
-14,30187432;2,79896641
-14,29687432;3,73246789
-14,29187432;3,73246789
-14,28687432;3,73246789
-14,28187432;3,73246789
-14,27687432;3,26648593
-14,27187432;3,26648593
-14,26687432;3,26648593
-14,26187432;2,33298445
-14,25687432;2,79896641
-14,25187432;2,33298445
-14,24687432;1,86546493
-14,24187432;2,33298445
-14,23687432;2,79896641
-14,23187432;2,33298445
-14,22687432;2,79896641
-14,22187432;2,79896641
-14,21687432;3,73246789
-14,21187432;3,73246789
-14,20687432;5,59947062
-14,20187432;5,13348866
-14,19687432;5,13348866
-14,19187432;7,00049162
-14,18687433;6,53297186
-14,18187433;7,93399334
-14,17687433;8,39997482
-14,17187433;7,00049162
-14,16687433;8,39997482
-14,16187433;7,93399334
-14,15687433;7,46647358
-14,15187433;7,46647358
-14,14687433;7,00049162
-14,14187433;7,46647358
-14,13687433;6,53297186
-14,13187433;6,06699038
-14,12687433;5,59947062
-14,12187433;5,59947062
-14,11687433;5,59947062
-14,11187433;4,19998741
-14,10687433;3,73246789
-14,10187433;3,73246789
-14,09687433;4,19998741
-14,09187433;3,73246789
-14,08687433;4,19998741
-14,08187433;2,79896641
-14,07687433;3,26648593
-14,07187433;2,33298445
-14,06687433;2,79896641
-14,06187433;2,79896641
-14,05687433;1,86546493
-14,05187433;2,33298445
-14,04687433;2,79896641
-14,04187433;1,86546493
-14,03687433;1,39948320
-14,03187433;1,86546493
-14,02687433;0,93196350
-14,02187433;2,33298445
-14,01687433;2,33298445
-14,01187433;1,39948320
-14,00687433;1,86546493
-14,00187433;2,33298445
-13,99687433;1,86546493
-13,99187433;2,79896641
-13,98687433;2,79896641
-13,98187433;1,39948320
-13,97687433;1,39948320
-13,97187433;0,93196350
-13,96687433;0,46598175
-13,96187433;0,46598175
-13,95687433;-0,93196350
-13,95187433;-0,93196350
-13,94687433;-1,86546493
-13,94187433;-1,86546493
-13,93687433;-2,33298445
-13,93187433;-2,79896641
-13,92687433;-4,19998741
-13,92187433;-3,73246789
-13,91687433;-5,59947062
-13,91187433;-5,59947062
-13,90687433;-5,59947062
-13,90187433;-4,19998741
-13,89687433;-3,73246789
-13,89187433;-4,19998741
-13,88687433;-4,19998741
-13,88187433;-4,19998741
-13,87687433;-4,19998741
-13,87187433;-4,66596889
-13,86687433;-5,13348866
-13,86187433;-4,19998741
-13,85687433;-3,73246789
-13,85187433;-4,19998741
-13,84687433;-4,66596889
-13,84187433;-5,13348866
-13,83687433;-4,66596889
-13,83187433;-4,19998741
-13,82687433;-4,66596889
-13,82187433;-3,26648593
-13,81687433;-5,13348866
-13,81187433;-5,59947062
-13,80687433;-5,13348866
-13,80187433;-5,59947062
-13,79687433;-6,06699038
-13,79187434;-6,06699038
-13,78687434;-7,46647358
-13,78187434;-7,46647358
-13,77687434;-6,53297186
-13,77187434;-7,93399334
-13,76687434;-7,93399334
-13,76187434;-8,39997482
-13,75687434;-7,93399334
-13,75187434;-7,93399334
-13,74687434;-7,00049162
-13,74187434;-6,06699038
-13,73687434;-6,53297186
-13,73187434;-4,66596889
-13,72687434;-3,26648593
-13,72187434;-2,33298445
-13,71687434;-0,46598175
-13,71187434;0,93196350
-13,70687434;1,39948320
-13,70187434;3,26648593
-13,69687434;3,73246789
-13,69187434;3,73246789
-13,68687434;5,13348866
-13,68187434;4,66596889
-13,67687434;4,66596889
-13,67187434;4,66596889
-13,66687434;3,26648593
-13,66187434;3,26648593
-13,65687434;3,26648593
-13,65187434;2,33298445
-13,64687434;1,86546493
-13,64187434;0,00000000
-13,63687434;0,93196350
-13,63187434;0,93196350
-13,62687434;0,46598175
-13,62187434;0,46598175
-13,61687434;0,46598175
-13,61187434;0,93196350
-13,60687434;1,39948320
-13,60187434;1,39948320
-13,59687434;1,86546493
-13,59187434;1,86546493
-13,58687434;1,86546493
-13,58187434;1,86546493
-13,57687434;1,39948320
-13,57187434;0,93196350
-13,56687434;1,39948320
-13,56187434;1,86546493
-13,55687434;1,86546493
-13,55187434;2,33298445
-13,54687434;2,33298445
-13,54187434;2,33298445
-13,53687434;2,33298445
-13,53187434;2,79896641
-13,52687434;3,26648593
-13,52187434;2,79896641
-13,51687434;4,66596889
-13,51187434;4,66596889
-13,50687434;4,19998741
-13,50187434;4,19998741
-13,49687434;2,79896641
-13,49187434;3,26648593
-13,48687434;3,26648593
-13,48187434;2,33298445
-13,47687434;2,33298445
-13,47187434;2,33298445
-13,46687434;2,79896641
-13,46187434;2,33298445
-13,45687434;3,26648593
-13,45187434;2,79896641
-13,44687434;3,73246789
-13,44187434;4,19998741
-13,43687434;4,19998741
-13,43187434;5,13348866
-13,42687434;5,13348866
-13,42187434;6,06699038
-13,41687434;7,00049162
-13,41187434;7,00049162
-13,40687434;7,00049162
-13,40187434;7,46647358
-13,39687434;7,46647358
-13,39187435;7,46647358
-13,38687435;7,00049162
-13,38187435;7,00049162
-13,37687435;7,00049162
-13,37187435;7,46647358
-13,36687435;7,00049162
-13,36187435;6,53297186
-13,35687435;6,06699038
-13,35187435;6,53297186
-13,34687435;5,59947062
-13,34187435;5,59947062
-13,33687435;5,59947062
-13,33187435;5,13348866
-13,32687435;6,06699038
-13,32187435;5,59947062
-13,31687435;5,13348866
-13,31187435;5,13348866
-13,30687435;5,59947062
-13,30187435;4,66596889
-13,29687435;4,66596889
-13,29187435;5,59947062
-13,28687435;4,66596889
-13,28187435;4,66596889
-13,27687435;5,59947062
-13,27187435;4,66596889
-13,26687435;4,66596889
-13,26187435;5,59947062
-13,25687435;5,13348866
-13,25187435;5,13348866
-13,24687435;5,59947062
-13,24187435;6,06699038
-13,23687435;5,59947062
-13,23187435;6,53297186
-13,22687435;7,00049162
-13,22187435;6,06699038
-13,21687435;6,53297186
-13,21187435;3,73246789
-13,20687435;5,59947062
-13,20187435;4,19998741
-13,19687435;4,66596889
-13,19187435;3,26648593
-13,18687435;2,79896641
-13,18187435;1,86546493
-13,17687435;2,33298445
-13,17187435;1,39948320
-13,16687435;1,86546493
-13,16187435;0,93196350
-13,15687435;1,86546493
-13,15187435;1,39948320
-13,14687435;0,46598175
-13,14187435;0,46598175
-13,13687435;0,93196350
-13,13187435;0,93196350
-13,12687435;1,39948320
-13,12187435;1,39948320
-13,11687435;1,39948320
-13,11187435;1,39948320
-13,10687435;1,39948320
-13,10187435;2,33298445
-13,09687435;2,33298445
-13,09187435;1,86546493
-13,08687435;2,33298445
-13,08187435;0,93196350
-13,07687435;0,93196350
-13,07187435;2,79896641
-13,06687435;2,33298445
-13,06187435;2,79896641
-13,05687435;2,79896641
-13,05187435;3,26648593
-13,04687435;2,79896641
-13,04187435;3,26648593
-13,03687435;3,26648593
-13,03187435;3,26648593
-13,02687435;3,26648593
-13,02187435;4,19998741
-13,01687435;3,73246789
-13,01187435;4,19998741
-13,00687435;4,19998741
-13,00187435;3,73246789
-12,99687436;3,73246789
-12,99187436;4,19998741
-12,98687436;3,73246789
-12,98187436;3,73246789
-12,97687436;3,26648593
-12,97187436;3,73246789
-12,96687436;3,26648593
-12,96187436;2,33298445
-12,95687436;4,66596889
-12,95187436;4,19998741
-12,94687436;4,66596889
-12,94187436;5,13348866
-12,93687436;5,13348866
-12,93187436;5,59947062
-12,92687436;5,13348866
-12,92187436;5,59947062
-12,91687436;4,66596889
-12,91187436;4,66596889
-12,90687436;4,66596889
-12,90187436;4,19998741
-12,89687436;4,19998741
-12,89187436;3,73246789
-12,88687436;3,73246789
-12,88187436;3,26648593
-12,87687436;2,79896641
-12,87187436;2,79896641
-12,86687436;2,79896641
-12,86187436;2,79896641
-12,85687436;2,79896641
-12,85187436;2,79896641
-12,84687436;2,33298445
-12,84187436;2,79896641
-12,83687436;2,79896641
-12,83187436;2,79896641
-12,82687436;2,79896641
-12,82187436;2,33298445
-12,81687436;2,79896641
-12,81187436;4,66596889
-12,80687436;2,33298445
-12,80187436;2,33298445
-12,79687436;2,33298445
-12,79187436;2,33298445
-12,78687436;1,86546493
-12,78187436;2,33298445
-12,77687436;0,93196350
-12,77187436;2,33298445
-12,76687436;2,33298445
-12,76187436;1,39948320
-12,75687436;1,86546493
-12,75187436;1,39948320
-12,74687436;1,39948320
-12,74187436;1,86546493
-12,73687436;0,93196350
-12,73187436;0,46598175
-12,72687436;0,46598175
-12,72187436;0,93196350
-12,71687436;0,00000000
-12,71187436;-0,93196350
-12,70687436;-0,93196350
-12,70187436;-0,93196350
-12,69687436;-0,93196350
-12,69187436;-1,39948320
-12,68687436;-0,93196350
-12,68187436;-1,86546493
-12,67687436;-2,79896641
-12,67187436;-2,79896641
-12,66687436;-2,79896641
-12,66187436;-3,73246789
-12,65687436;-4,19998741
-12,65187436;-4,66596889
-12,64687436;-5,13348866
-12,64187436;-6,06699038
-12,63687436;-7,00049162
-12,63187436;-7,46647358
-12,62687436;-7,46647358
-12,62187436;-8,39997482
-12,61687436;-8,86749458
-12,61187436;-9,80099583
-12,60687436;-7,00049162
-12,60187437;-7,93399334
-12,59687437;-6,06699038
-12,59187437;-5,59947062
-12,58687437;-4,19998741
-12,58187437;-3,26648593
-12,57687437;-2,33298445
-12,57187437;-0,93196350
-12,56687437;1,39948320
-12,56187437;0,46598175
-12,55687437;0,93196350
-12,55187437;1,39948320
-12,54687437;0,93196350
-12,54187437;0,46598175
-12,53687437;0,00000000
-12,53187437;-0,93196350
-12,52687437;-1,39948320
-12,52187437;-1,39948320
-12,51687437;-1,86546493
-12,51187437;-1,86546493
-12,50687437;-2,33298445
-12,50187437;-2,33298445
-12,49687437;-1,86546493
-12,49187437;-1,39948320
-12,48687437;-0,93196350
-12,48187437;0,46598175
-12,47687437;0,46598175
-12,47187437;1,39948320
-12,46687437;1,86546493
-12,46187437;2,33298445
-12,45687437;3,26648593
-12,45187437;2,79896641
-12,44687437;3,26648593
-12,44187437;3,73246789
-12,43687437;3,73246789
-12,43187437;3,73246789
-12,42687437;3,26648593
-12,42187437;4,19998741
-12,41687437;4,19998741
-12,41187437;2,79896641
-12,40687437;3,73246789
-12,40187437;4,66596889
-12,39687437;4,19998741
-12,39187437;5,13348866
-12,38687437;5,59947062
-12,38187437;5,59947062
-12,37687437;5,13348866
-12,37187437;6,06699038
-12,36687437;6,06699038
-12,36187437;4,66596889
-12,35687437;5,13348866
-12,35187437;4,66596889
-12,34687437;4,19998741
-12,34187437;4,19998741
-12,33687437;4,66596889
-12,33187437;4,66596889
-12,32687437;4,19998741
-12,32187437;4,19998741
-12,31687437;4,19998741
-12,31187437;4,66596889
-12,30687437;5,59947062
-12,30187437;5,59947062
-12,29687437;6,06699038
-12,29187437;6,06699038
-12,28687437;7,46647358
-12,28187437;7,93399334
-12,27687437;7,93399334
-12,27187437;7,46647358
-12,26687437;7,46647358
-12,26187437;9,33347607
-12,25687437;8,86749458
-12,25187437;8,39997482
-12,24687437;7,93399334
-12,24187437;7,93399334
-12,23687437;8,39997482
-12,23187437;6,06699038
-12,22687437;6,53297186
-12,22187437;7,00049162
-12,21687437;7,46647358
-12,21187437;6,06699038
-12,20687438;5,13348866
-12,20187438;4,66596889
-12,19687438;5,13348866
-12,19187438;4,19998741
-12,18687438;4,66596889
-12,18187438;4,19998741
-12,17687438;4,19998741
-12,17187438;3,26648593
-12,16687438;3,73246789
-12,16187438;2,79896641
-12,15687438;2,33298445
-12,15187438;2,79896641
-12,14687438;2,79896641
-12,14187438;2,33298445
-12,13687438;3,73246789
-12,13187438;3,73246789
-12,12687438;2,79896641
-12,12187438;3,26648593
-12,11687438;3,26648593
-12,11187438;2,79896641
-12,10687438;3,73246789
-12,10187438;3,26648593
-12,09687438;3,26648593
-12,09187438;3,73246789
-12,08687438;3,26648593
-12,08187438;3,26648593
-12,07687438;2,33298445
-12,07187438;2,33298445
-12,06687438;1,39948320
-12,06187438;0,93196350
-12,05687438;0,46598175
-12,05187438;0,00000000
-12,04687438;0,00000000
-12,04187438;-1,39948320
-12,03687438;-2,33298445
-12,03187438;-2,33298445
-12,02687438;-2,79896641
-12,02187438;-3,73246789
-12,01687438;-3,26648593
-12,01187438;-6,53297186
-12,00687438;-3,73246789
-12,00187438;-3,73246789
-11,99687438;-4,19998741
-11,99187438;-3,73246789
-11,98687438;-2,79896641
-11,98187438;-3,26648593
-11,97687438;-3,26648593
-11,97187438;-3,73246789
-11,96687438;-3,73246789
-11,96187438;-3,26648593
-11,95687438;-2,79896641
-11,95187438;-2,33298445
-11,94687438;-3,26648593
-11,94187438;-2,33298445
-11,93687438;-2,79896641
-11,93187438;-3,26648593
-11,92687438;-0,46598175
-11,92187438;-3,73246789
-11,91687438;-3,26648593
-11,91187438;-3,26648593
-11,90687438;-4,19998741
-11,90187438;-4,19998741
-11,89687438;-3,73246789
-11,89187438;-5,59947062
-11,88687438;-4,66596889
-11,88187438;-4,66596889
-11,87687438;-5,13348866
-11,87187438;-5,13348866
-11,86687438;-5,13348866
-11,86187438;-6,53297186
-11,85687438;-6,06699038
-11,85187438;-7,00049162
-11,84687438;-5,59947062
-11,84187438;-5,13348866
-11,83687438;-5,59947062
-11,83187438;-3,73246789
-11,82687438;-2,33298445
-11,82187438;-1,39948320
-11,81687438;0,00000000
-11,81187439;2,79896641
-11,80687439;2,33298445
-11,80187439;3,26648593
-11,79687439;3,26648593
-11,79187439;5,59947062
-11,78687439;6,53297186
-11,78187439;6,53297186
-11,77687439;5,59947062
-11,77187439;5,59947062
-11,76687439;5,13348866
-11,76187439;4,66596889
-11,75687439;4,19998741
-11,75187439;-3,73246789
-11,74687439;2,33298445
-11,74187439;1,39948320
-11,73687439;1,86546493
-11,73187439;-0,46598175
-11,72687439;0,93196350
-11,72187439;0,00000000
-11,71687439;0,46598175
-11,71187439;0,00000000
-11,70687439;0,46598175
-11,70187439;0,46598175
-11,69687439;0,93196350
-11,69187439;0,93196350
-11,68687439;1,39948320
-11,68187439;0,93196350
-11,67687439;1,86546493
-11,67187439;1,39948320
-11,66687439;0,93196350
-11,66187439;1,39948320
-11,65687439;0,93196350
-11,65187439;1,39948320
-11,64687439;1,86546493
-11,64187439;2,79896641
-11,63687439;3,26648593
-11,63187439;3,73246789
-11,62687439;3,73246789
-11,62187439;3,73246789
-11,61687439;4,66596889
-11,61187439;4,19998741
-11,60687439;5,59947062
-11,60187439;5,13348866
-11,59687439;5,13348866
-11,59187439;4,66596889
-11,58687439;4,19998741
-11,58187439;3,26648593
-11,57687439;5,13348866
-11,57187439;2,79896641
-11,56687439;2,79896641
-11,56187439;3,26648593
-11,55687439;2,79896641
-11,55187439;2,79896641
-11,54687439;2,79896641
-11,54187439;3,73246789
-11,53687439;3,73246789
-11,53187439;4,19998741
-11,52687439;4,66596889
-11,52187439;5,59947062
-11,51687439;7,46647358
-11,51187439;6,53297186
-11,50687439;7,46647358
-11,50187439;7,46647358
-11,49687439;7,46647358
-11,49187439;7,00049162
-11,48687439;7,46647358
-11,48187439;7,00049162
-11,47687439;6,53297186
-11,47187439;6,06699038
-11,46687439;5,59947062
-11,46187439;4,66596889
-11,45687439;4,66596889
-11,45187439;3,26648593
-11,44687439;3,26648593
-11,44187439;14,46850300
-11,43687439;3,26648593
-11,43187439;3,26648593
-11,42687439;2,79896641
-11,42187439;2,79896641
-11,41687440;2,79896641
-11,41187440;2,79896641
-11,40687440;2,33298445
-11,40187440;2,79896641
-11,39687440;3,26648593
-11,39187440;3,26648593
-11,38687440;2,33298445
-11,38187440;2,79896641
-11,37687440;3,26648593
-11,37187440;3,26648593
-11,36687440;2,79896641
-11,36187440;2,33298445
-11,35687440;2,33298445
-11,35187440;3,26648593
-11,34687440;3,26648593
-11,34187440;3,26648593
-11,33687440;3,73246789
-11,33187440;3,73246789
-11,32687440;3,73246789
-11,32187440;4,19998741
-11,31687440;3,73246789
-11,31187440;4,19998741
-11,30687440;3,73246789
-11,30187440;3,73246789
-11,29687440;3,26648593
-11,29187440;2,79896641
-11,28687440;2,33298445
-11,28187440;2,79896641
-11,27687440;2,33298445
-11,27187440;1,86546493
-11,26687440;0,93196350
-11,26187440;1,86546493
-11,25687440;0,93196350
-11,25187440;0,93196350
-11,24687440;1,39948320
-11,24187440;0,46598175
-11,23687440;1,86546493
-11,23187440;1,39948320
-11,22687440;1,39948320
-11,22187440;2,79896641
-11,21687440;3,73246789
-11,21187440;3,73246789
-11,20687440;3,26648593
-11,20187440;3,26648593
-11,19687440;4,19998741
-11,19187440;4,66596889
-11,18687440;4,66596889
-11,18187440;4,66596889
-11,17687440;5,59947062
-11,17187440;4,19998741
-11,16687440;-3,26648593
-11,16187440;5,13348866
-11,15687440;5,13348866
-11,15187440;4,19998741
-11,14687440;6,06699038
-11,14187440;3,73246789
-11,13687440;4,19998741
-11,13187440;6,06699038
-11,12687440;4,19998741
-11,12187440;4,19998741
-11,11687440;4,66596889
-11,11187440;3,26648593
-11,10687440;3,73246789
-11,10187440;4,19998741
-11,09687440;3,26648593
-11,09187440;3,73246789
-11,08687440;4,19998741
-11,08187440;3,73246789
-11,07687440;5,13348866
-11,07187440;4,19998741
-11,06687440;3,73246789
-11,06187440;3,73246789
-11,05687440;3,73246789
-11,05187440;4,19998741
-11,04687440;3,73246789
-11,04187440;4,19998741
-11,03687440;3,26648593
-11,03187440;3,73246789
-11,02687440;4,19998741
-11,02187440;2,79896641
-11,01687441;3,26648593
-11,01187441;3,73246789
-11,00687441;3,26648593
-11,00187441;2,79896641
-10,99687441;2,33298445
-10,99187441;1,86546493
-10,98687441;1,39948320
-10,98187441;-0,93196350
-10,97687441;0,93196350
-10,97187441;1,39948320
-10,96687441;0,00000000
-10,96187441;-0,46598175
-10,95687441;0,46598175
-10,95187441;0,46598175
-10,94687441;0,93196350
-10,94187441;0,00000000
-10,93687441;0,93196350
-10,93187441;-0,46598175
-10,92687441;0,93196350
-10,92187441;0,46598175
-10,91687441;0,93196350
-10,91187441;0,00000000
-10,90687441;0,46598175
-10,90187441;-0,46598175
-10,89687441;0,00000000
-10,89187441;0,46598175
-10,88687441;0,46598175
-10,88187441;0,00000000
-10,87687441;-0,46598175
-10,87187441;0,46598175
-10,86687441;0,46598175
-10,86187441;0,46598175
-10,85687441;0,00000000
-10,85187441;0,00000000
-10,84687441;0,00000000
-10,84187441;-0,46598175
-10,83687441;0,00000000
-10,83187441;0,46598175
-10,82687441;-1,39948320
-10,82187441;0,00000000
-10,81687441;-0,93196350
-10,81187441;-2,33298445
-10,80687441;-1,39948320
-10,80187441;-1,39948320
-10,79687441;-2,33298445
-10,79187441;-2,79896641
-10,78687441;-3,73246789
-10,78187441;-2,79896641
-10,77687441;-3,73246789
-10,77187441;-3,73246789
-10,76687441;-4,19998741
-10,76187441;-3,73246789
-10,75687441;-4,19998741
-10,75187441;-5,13348866
-10,74687441;-5,59947062
-10,74187441;-5,59947062
-10,73687441;-5,59947062
-10,73187441;-6,53297186
-10,72687441;-5,59947062
-10,72187441;-7,00049162
-10,71687441;-7,46647358
-10,71187441;-7,93399334
-10,70687441;-7,93399334
-10,70187441;-7,00049162
-10,69687441;-6,06699038
-10,69187441;-5,59947062
-10,68687441;-5,13348866
-10,68187441;-4,19998741
-10,67687441;-2,79896641
-10,67187441;-2,79896641
-10,66687441;-0,46598175
-10,66187441;-0,93196350
-10,65687441;0,00000000
-10,65187441;0,46598175
-10,64687441;0,46598175
-10,64187441;0,00000000
-10,63687441;0,00000000
-10,63187441;0,00000000
-10,62687441;-1,86546493
-10,62187442;-2,79896641
-10,61687442;-3,26648593
-10,61187442;-4,19998741
-10,60687442;-3,26648593
-10,60187442;-4,19998741
-10,59687442;-4,66596889
-10,59187442;-3,73246789
-10,58687442;-3,73246789
-10,58187442;-2,79896641
-10,57687442;-2,33298445
-10,57187442;-1,39948320
-10,56687442;0,00000000
-10,56187442;0,00000000
-10,55687442;0,00000000
-10,55187442;-1,39948320
-10,54687442;0,93196350
-10,54187442;0,93196350
-10,53687442;0,46598175
-10,53187442;0,46598175
-10,52687442;0,46598175
-10,52187442;0,93196350
-10,51687442;0,93196350
-10,51187442;0,46598175
-10,50687442;1,39948320
-10,50187442;0,93196350
-10,49687442;1,86546493
-10,49187442;2,79896641
-10,48687442;2,79896641
-10,48187442;2,79896641
-10,47687442;3,26648593
-10,47187442;3,73246789
-10,46687442;3,73246789
-10,46187442;3,73246789
-10,45687442;3,26648593
-10,45187442;3,73246789
-10,44687442;3,73246789
-10,44187442;3,26648593
-10,43687442;3,26648593
-10,43187442;2,79896641
-10,42687442;3,26648593
-10,42187442;2,79896641
-10,41687442;3,73246789
-10,41187442;2,79896641
-10,40687442;3,73246789
-10,40187442;4,19998741
-10,39687442;5,59947062
-10,39187442;5,59947062
-10,38687442;5,59947062
-10,38187442;-3,26648593
-10,37687442;5,13348866
-10,37187442;6,06699038
-10,36687442;7,00049162
-10,36187442;7,00049162
-10,35687442;7,00049162
-10,35187442;7,00049162
-10,34687442;7,00049162
-10,34187442;6,06699038
-10,33687442;6,06699038
-10,33187442;6,06699038
-10,32687442;5,13348866
-10,32187442;5,13348866
-10,31687442;3,73246789
-10,31187442;4,19998741
-10,30687442;3,26648593
-10,30187442;2,79896641
-10,29687442;2,79896641
-10,29187442;2,79896641
-10,28687442;2,33298445
-10,28187442;1,86546493
-10,27687442;1,39948320
-10,27187442;1,39948320
-10,26687442;1,86546493
-10,26187442;1,86546493
-10,25687442;0,00000000
-10,25187442;0,93196350
-10,24687442;2,79896641
-10,24187442;1,39948320
-10,23687442;0,46598175
-10,23187442;0,00000000
-10,22687443;0,93196350
-10,22187443;-0,46598175
-10,21687443;0,00000000
-10,21187443;1,39948320
-10,20687443;0,00000000
-10,20187443;0,46598175
-10,19687443;-0,93196350
-10,19187443;0,46598175
-10,18687443;0,46598175
-10,18187443;0,00000000
-10,17687443;0,46598175
-10,17187443;0,00000000
-10,16687443;-0,93196350
-10,16187443;-0,93196350
-10,15687443;-1,39948320
-10,15187443;-2,79896641
-10,14687443;-2,33298445
-10,14187443;-3,26648593
-10,13687443;-3,26648593
-10,13187443;-3,26648593
-10,12687443;-3,73246789
-10,12187443;-4,19998741
-10,11687443;-3,73246789
-10,11187443;-3,73246789
-10,10687443;-3,73246789
-10,10187443;-4,19998741
-10,09687443;-3,73246789
-10,09187443;-3,73246789
-10,08687443;-3,73246789
-10,08187443;-3,26648593
-10,07687443;-2,79896641
-10,07187443;-3,73246789
-10,06687443;-3,73246789
-10,06187443;-4,19998741
-10,05687443;-5,13348866
-10,05187443;-5,13348866
-10,04687443;-4,66596889
-10,04187443;-5,13348866
-10,03687443;-6,06699038
-10,03187443;-5,13348866
-10,02687443;-5,59947062
-10,02187443;-6,53297186
-10,01687443;-6,53297186
-10,01187443;-5,59947062
-10,00687443;-6,53297186
-10,00187443;-7,00049162
-9,99687443;-6,06699038
-9,99187443;-6,53297186
-9,98687443;-7,46647358
-9,98187443;-7,93399334
-9,97687443;-7,93399334
-9,97187443;-7,46647358
-9,96687443;-8,39997482
-9,96187443;-8,86749458
-9,95687443;-8,86749458
-9,95187443;-9,33347607
-9,94687443;-8,86749458
-9,94187443;-9,80099583
-9,93687443;-9,80099583
-9,93187443;-8,86749458
-9,92687443;-7,93399334
-9,92187443;-7,46647358
-9,91687443;-6,06699038
-9,91187443;-6,06699038
-9,90687443;-4,66596889
-9,90187443;-2,79896641
-9,89687443;-2,33298445
-9,89187443;-0,46598175
-9,88687443;0,00000000
-9,88187443;0,46598175
-9,87687443;0,46598175
-9,87187443;1,39948320
-9,86687443;-0,46598175
-9,86187443;0,00000000
-9,85687443;-0,93196350
-9,85187443;-1,39948320
-9,84687443;-1,86546493
-9,84187443;-2,79896641
-9,83687443;-3,26648593
-9,83187444;-3,73246789
-9,82687444;-5,13348866
-9,82187444;-4,66596889
-9,81687444;-4,19998741
-9,81187444;-2,79896641
-9,80687444;-3,73246789
-9,80187444;-3,73246789
-9,79687444;-4,66596889
-9,79187444;-3,26648593
-9,78687444;-3,73246789
-9,78187444;-1,39948320
-9,77687444;-1,39948320
-9,77187444;5,59947062
-9,76687444;-0,93196350
-9,76187444;-0,93196350
-9,75687444;-0,46598175
-9,75187444;-0,93196350
-9,74687444;0,00000000
-9,74187444;0,93196350
-9,73687444;0,46598175
-9,73187444;1,39948320
-9,72687444;1,39948320
-9,72187444;2,33298445
-9,71687444;1,86546493
-9,71187444;2,33298445
-9,70687444;2,33298445
-9,70187444;1,86546493
-9,69687444;2,79896641
-9,69187444;0,46598175
-9,68687444;1,86546493
-9,68187444;1,86546493
-9,67687444;1,86546493
-9,67187444;1,39948320
-9,66687444;2,33298445
-9,66187444;0,46598175
-9,65687444;1,39948320
-9,65187444;0,46598175
-9,64687444;1,39948320
-9,64187444;0,93196350
-9,63687444;-0,93196350
-9,63187444;2,33298445
-9,62687444;1,86546493
-9,62187444;2,33298445
-9,61687444;2,79896641
-9,61187444;3,73246789
-9,60687444;3,26648593
-9,60187444;3,73246789
-9,59687444;4,66596889
-9,59187444;2,79896641
-9,58687444;4,19998741
-9,58187444;5,13348866
-9,57687444;4,19998741
-9,57187444;4,19998741
-9,56687444;3,73246789
-9,56187444;3,73246789
-9,55687444;3,26648593
-9,55187444;2,79896641
-9,54687444;2,33298445
-9,54187444;0,93196350
-9,53687444;1,86546493
-9,53187444;1,86546493
-9,52687444;0,93196350
-9,52187444;1,39948320
-9,51687444;0,46598175
-9,51187444;0,46598175
-9,50687444;0,00000000
-9,50187444;0,46598175
-9,49687444;0,00000000
-9,49187444;0,46598175
-9,48687444;0,46598175
-9,48187444;0,46598175
-9,47687444;0,00000000
-9,47187444;0,46598175
-9,46687444;0,00000000
-9,46187444;0,00000000
-9,45687444;0,46598175
-9,45187444;1,39948320
-9,44687444;0,46598175
-9,44187444;0,46598175
-9,43687445;0,93196350
-9,43187445;1,39948320
-9,42687445;1,39948320
-9,42187445;1,39948320
-9,41687445;2,33298445
-9,41187445;1,86546493
-9,40687445;1,86546493
-9,40187445;1,86546493
-9,39687445;2,33298445
-9,39187445;0,93196350
-9,38687445;1,39948320
-9,38187445;0,46598175
-9,37687445;0,00000000
-9,37187445;-0,46598175
-9,36687445;-9,80099583
-9,36187445;-0,46598175
-9,35687445;-0,93196350
-9,35187445;-1,39948320
-9,34687445;-0,93196350
-9,34187445;-0,93196350
-9,33687445;-0,93196350
-9,33187445;0,00000000
-9,32687445;-0,46598175
-9,32187445;-0,46598175
-9,31687445;0,00000000
-9,31187445;0,46598175
-9,30687445;0,46598175
-9,30187445;1,39948320
-9,29687445;0,93196350
-9,29187445;2,33298445
-9,28687445;2,33298445
-9,28187445;2,79896641
-9,27687445;2,33298445
-9,27187445;2,79896641
-9,26687445;2,33298445
-9,26187445;5,13348866
-9,25687445;2,33298445
-9,25187445;2,79896641
-9,24687445;2,79896641
-9,24187445;2,79896641
-9,23687445;3,26648593
-9,23187445;2,33298445
-9,22687445;2,33298445
-9,22187445;2,79896641
-9,21687445;1,39948320
-9,21187445;1,39948320
-9,20687445;1,86546493
-9,20187445;1,86546493
-9,19687445;2,33298445
-9,19187445;0,93196350
-9,18687445;1,39948320
-9,18187445;1,86546493
-9,17687445;0,93196350
-9,17187445;0,46598175
-9,16687445;0,93196350
-9,16187445;0,46598175
-9,15687445;0,93196350
-9,15187445;0,93196350
-9,14687445;0,93196350
-9,14187445;0,93196350
-9,13687445;0,46598175
-9,13187445;0,93196350
-9,12687445;0,00000000
-9,12187445;0,93196350
-9,11687445;1,39948320
-9,11187445;0,93196350
-9,10687445;1,86546493
-9,10187445;0,00000000
-9,09687445;1,86546493
-9,09187445;1,39948320
-9,08687445;0,93196350
-9,08187445;0,46598175
-9,07687445;0,46598175
-9,07187445;0,46598175
-9,06687445;0,00000000
-9,06187445;0,00000000
-9,05687445;0,00000000
-9,05187445;0,00000000
-9,04687445;0,46598175
-9,04187445;0,46598175
-9,03687446;0,00000000
-9,03187446;0,00000000
-9,02687446;-0,93196350
-9,02187446;0,46598175
-9,01687446;0,00000000
-9,01187446;0,46598175
-9,00687446;0,93196350
-9,00187446;0,93196350
-8,99687446;1,39948320
-8,99187446;0,46598175
-8,98687446;1,39948320
-8,98187446;1,39948320
-8,97687446;1,39948320
-8,97187446;1,39948320
-8,96687446;0,93196350
-8,96187446;1,86546493
-8,95687446;1,86546493
-8,95187446;1,39948320
-8,94687446;1,39948320
-8,94187446;0,93196350
-8,93687446;0,93196350
-8,93187446;-1,86546493
-8,92687446;0,93196350
-8,92187446;1,39948320
-8,91687446;0,46598175
-8,91187446;0,46598175
-8,90687446;-0,93196350
-8,90187446;-0,46598175
-8,89687446;-0,46598175
-8,89187446;-0,93196350
-8,88687446;-0,46598175
-8,88187446;-0,93196350
-8,87687446;-1,86546493
-8,87187446;-1,86546493
-8,86687446;-2,33298445
-8,86187446;-2,79896641
-8,85687446;-2,79896641
-8,85187446;-2,79896641
-8,84687446;-3,26648593
-8,84187446;-3,73246789
-8,83687446;-4,66596889
-8,83187446;-4,66596889
-8,82687446;-5,13348866
-8,82187446;-6,53297186
-8,81687446;-6,53297186
-8,81187446;-7,00049162
-8,80687446;-8,39997482
-8,80187446;-8,39997482
-8,79687446;-7,93399334
-8,79187446;-9,80099583
-8,78687446;-7,93399334
-8,78187446;-7,93399334
-8,77687446;-7,00049162
-8,77187446;-5,13348866
-8,76687446;-4,19998741
-8,76187446;-3,26648593
-8,75687446;-2,33298445
-8,75187446;-0,93196350
-8,74687446;-0,46598175
-8,74187446;0,46598175
-8,73687446;0,93196350
-8,73187446;0,46598175
-8,72687446;0,93196350
-8,72187446;0,00000000
-8,71687446;-0,93196350
-8,71187446;-1,86546493
-8,70687446;-2,33298445
-8,70187446;-3,26648593
-8,69687446;-2,33298445
-8,69187446;-2,79896641
-8,68687446;-2,79896641
-8,68187446;-1,39948320
-8,67687446;-0,93196350
-8,67187446;-0,93196350
-8,66687446;-0,46598175
-8,66187446;0,46598175
-8,65687446;0,46598175
-8,65187446;1,86546493
-8,64687446;1,86546493
-8,64187447;2,33298445
-8,63687447;2,33298445
-8,63187447;2,79896641
-8,62687447;2,79896641
-8,62187447;1,86546493
-8,61687447;2,33298445
-8,61187447;2,79896641
-8,60687447;2,79896641
-8,60187447;1,86546493
-8,59687447;1,39948320
-8,59187447;1,86546493
-8,58687447;2,33298445
-8,58187447;1,86546493
-8,57687447;2,79896641
-8,57187447;1,86546493
-8,56687447;3,26648593
-8,56187447;2,79896641
-8,55687447;2,79896641
-8,55187447;3,26648593
-8,54687447;1,39948320
-8,54187447;2,79896641
-8,53687447;2,79896641
-8,53187447;2,79896641
-8,52687447;2,33298445
-8,52187447;2,33298445
-8,51687447;3,26648593
-8,51187447;3,26648593
-8,50687447;4,19998741
-8,50187447;3,26648593
-8,49687447;4,66596889
-8,49187447;5,59947062
-8,48687447;6,53297186
-8,48187447;6,06699038
-8,47687447;7,00049162
-8,47187447;7,46647358
-8,46687447;8,39997482
-8,46187447;9,80099583
-8,45687447;8,86749458
-8,45187447;9,33347607
-8,44687447;9,80099583
-8,44187447;9,33347607
-8,43687447;8,39997482
-8,43187447;7,00049162
-8,42687447;7,46647358
-8,42187447;7,00049162
-8,41687447;6,53297186
-8,41187447;6,53297186
-8,40687447;5,59947062
-8,40187447;4,19998741
-8,39687447;3,73246789
-8,39187447;4,66596889
-8,38687447;3,73246789
-8,38187447;4,19998741
-8,37687447;2,79896641
-8,37187447;2,79896641
-8,36687447;3,73246789
-8,36187447;2,33298445
-8,35687447;3,26648593
-8,35187447;3,26648593
-8,34687447;2,33298445
-8,34187447;1,86546493
-8,33687447;1,39948320
-8,33187447;1,86546493
-8,32687447;0,93196350
-8,32187447;0,46598175
-8,31687447;4,19998741
-8,31187447;0,93196350
-8,30687447;1,86546493
-8,30187447;0,93196350
-8,29687447;2,33298445
-8,29187447;1,86546493
-8,28687447;1,86546493
-8,28187447;1,39948320
-8,27687447;1,86546493
-8,27187447;0,93196350
-8,26687447;2,33298445
-8,26187447;1,86546493
-8,25687447;1,39948320
-8,25187447;0,93196350
-8,24687448;0,46598175
-8,24187448;0,00000000
-8,23687448;-0,46598175
-8,23187448;-0,46598175
-8,22687448;-0,93196350
-8,22187448;-2,33298445
-8,21687448;-2,33298445
-8,21187448;-2,33298445
-8,20687448;-2,79896641
-8,20187448;-3,73246789
-8,19687448;-3,26648593
-8,19187448;-4,19998741
-8,18687448;-4,66596889
-8,18187448;-3,26648593
-8,17687448;-4,66596889
-8,17187448;-2,79896641
-8,16687448;-3,26648593
-8,16187448;-4,19998741
-8,15687448;-3,26648593
-8,15187448;-2,33298445
-8,14687448;-2,33298445
-8,14187448;-3,26648593
-8,13687448;-2,79896641
-8,13187448;-3,73246789
-8,12687448;-3,26648593
-8,12187448;-3,26648593
-8,11687448;-3,26648593
-8,11187448;-3,26648593
-8,10687448;-3,26648593
-8,10187448;-3,26648593
-8,09687448;-3,73246789
-8,09187448;-4,19998741
-8,08687448;-3,73246789
-8,08187448;-4,19998741
-8,07687448;-4,19998741
-8,07187448;-5,13348866
-8,06687448;-4,66596889
-8,06187448;-4,66596889
-8,05687448;-5,59947062
-8,05187448;-6,06699038
-8,04687448;-7,00049162
-8,04187448;-6,06699038
-8,03687448;-6,06699038
-8,03187448;-6,53297186
-8,02687448;-4,66596889
-8,02187448;-4,66596889
-8,01687448;-4,66596889
-8,01187448;-3,73246789
-8,00687448;-2,33298445
-8,00187448;-1,39948320
-7,99687448;1,86546493
-7,99187448;0,93196350
-7,98687448;1,39948320
-7,98187448;3,73246789
-7,97687448;3,73246789
-7,97187448;4,66596889
-7,96687448;5,13348866
-7,96187448;3,73246789
-7,95687448;5,13348866
-7,95187448;4,66596889
-7,94687448;3,26648593
-7,94187448;3,26648593
-7,93687448;2,79896641
-7,93187448;1,86546493
-7,92687448;1,39948320
-7,92187448;0,93196350
-7,91687448;0,93196350
-7,91187448;-0,46598175
-7,90687448;0,00000000
-7,90187448;-0,46598175
-7,89687448;-0,46598175
-7,89187448;-1,39948320
-7,88687448;-1,39948320
-7,88187448;-0,93196350
-7,87687448;0,00000000
-7,87187448;0,00000000
-7,86687448;0,00000000
-7,86187448;0,46598175
-7,85687448;0,93196350
-7,85187449;1,39948320
-7,84687449;1,39948320
-7,84187449;2,33298445
-7,83687449;2,79896641
-7,83187449;2,79896641
-7,82687449;4,19998741
-7,82187449;5,13348866
-7,81687449;5,59947062
-7,81187449;6,06699038
-7,80687449;5,59947062
-7,80187449;6,06699038
-7,79687449;6,53297186
-7,79187449;7,00049162
-7,78687449;6,06699038
-7,78187449;7,00049162
-7,77687449;5,13348866
-7,77187449;5,13348866
-7,76687449;2,33298445
-7,76187449;4,19998741
-7,75687449;3,73246789
-7,75187449;3,73246789
-7,74687449;3,26648593
-7,74187449;3,26648593
-7,73687449;3,26648593
-7,73187449;4,66596889
-7,72687449;5,13348866
-7,72187449;5,13348866
-7,71687449;6,06699038
-7,71187449;7,00049162
-7,70687449;7,46647358
-7,70187449;7,93399334
-7,69687449;7,93399334
-7,69187449;8,86749458
-7,68687449;8,86749458
-7,68187449;8,86749458
-7,67687449;8,39997482
-7,67187449;7,93399334
-7,66687449;7,93399334
-7,66187449;7,93399334
-7,65687449;7,00049162
-7,65187449;6,06699038
-7,64687449;6,06699038
-7,64187449;6,53297186
-7,63687449;5,13348866
-7,63187449;5,59947062
-7,62687449;4,19998741
-7,62187449;4,66596889
-7,61687449;5,13348866
-7,61187449;4,66596889
-7,60687449;4,19998741
-7,60187449;4,66596889
-7,59687449;4,19998741
-7,59187449;4,19998741
-7,58687449;4,66596889
-7,58187449;3,26648593
-7,57687449;4,19998741
-7,57187449;3,26648593
-7,56687449;4,19998741
-7,56187449;5,13348866
-7,55687449;4,19998741
-7,55187449;3,73246789
-7,54687449;3,26648593
-7,54187449;4,19998741
-7,53687449;3,73246789
-7,53187449;4,66596889
-7,52687449;3,73246789
-7,52187449;4,19998741
-7,51687449;5,59947062
-7,51187449;5,13348866
-7,50687449;6,53297186
-7,50187449;3,73246789
-7,49687449;5,59947062
-7,49187449;5,59947062
-7,48687449;6,06699038
-7,48187449;5,13348866
-7,47687449;5,13348866
-7,47187449;4,66596889
-7,46687449;4,66596889
-7,46187449;4,19998741
-7,45687450;3,73246789
-7,45187450;3,73246789
-7,44687450;3,26648593
-7,44187450;4,19998741
-7,43687450;3,26648593
-7,43187450;2,79896641
-7,42687450;3,73246789
-7,42187450;3,73246789
-7,41687450;4,19998741
-7,41187450;5,59947062
-7,40687450;5,13348866
-7,40187450;5,13348866
-7,39687450;4,66596889
-7,39187450;7,46647358
-7,38687450;7,00049162
-7,38187450;8,39997482
-7,37687450;7,93399334
-7,37187450;7,46647358
-7,36687450;8,86749458
-7,36187450;7,93399334
-7,35687450;8,39997482
-7,35187450;7,46647358
-7,34687450;7,46647358
-7,34187450;7,93399334
-7,33687450;7,46647358
-7,33187450;7,46647358
-7,32687450;7,93399334
-7,32187450;7,46647358
-7,31687450;7,93399334
-7,31187450;6,53297186
-7,30687450;7,93399334
-7,30187450;7,46647358
-7,29687450;7,93399334
-7,29187450;7,00049162
-7,28687450;7,46647358
-7,28187450;7,46647358
-7,27687450;6,53297186
-7,27187450;7,46647358
-7,26687450;6,53297186
-7,26187450;7,00049162
-7,25687450;7,46647358
-7,25187450;6,53297186
-7,24687450;6,53297186
-7,24187450;7,93399334
-7,23687450;6,53297186
-7,23187450;7,00049162
-7,22687450;6,53297186
-7,22187450;7,00049162
-7,21687450;6,53297186
-7,21187450;6,53297186
-7,20687450;7,00049162
-7,20187450;6,06699038
-7,19687450;5,13348866
-7,19187450;4,66596889
-7,18687450;5,13348866
-7,18187450;5,59947062
-7,17687450;4,19998741
-7,17187450;4,66596889
-7,16687450;4,19998741
-7,16187450;3,73246789
-7,15687450;4,66596889
-7,15187450;4,19998741
-7,14687450;5,13348866
-7,14187450;4,19998741
-7,13687450;4,66596889
-7,13187450;3,73246789
-7,12687450;4,19998741
-7,12187450;2,79896641
-7,11687450;3,26648593
-7,11187450;3,73246789
-7,10687450;3,73246789
-7,10187450;2,79896641
-7,09687450;2,79896641
-7,09187450;2,33298445
-7,08687450;2,79896641
-7,08187450;0,93196350
-7,07687450;2,79896641
-7,07187450;1,86546493
-7,06687450;1,86546493
-7,06187451;1,86546493
-7,05687451;1,86546493
-7,05187451;1,86546493
-7,04687451;1,39948320
-7,04187451;0,93196350
-7,03687451;1,39948320
-7,03187451;1,39948320
-7,02687451;1,39948320
-7,02187451;1,39948320
-7,01687451;1,39948320
-7,01187451;0,93196350
-7,00687451;1,39948320
-7,00187451;1,39948320
-6,99687451;0,00000000
-6,99187451;0,46598175
-6,98687451;1,39948320
-6,98187451;1,39948320
-6,97687451;0,93196350
-6,97187451;0,93196350
-6,96687451;1,39948320
-6,96187451;0,46598175
-6,95687451;0,46598175
-6,95187451;0,00000000
-6,94687451;-0,46598175
-6,94187451;-1,39948320
-6,93687451;-1,86546493
-6,93187451;-3,26648593
-6,92687451;-4,19998741
-6,92187451;-4,19998741
-6,91687451;-6,06699038
-6,91187451;-6,53297186
-6,90687451;-6,53297186
-6,90187451;-6,53297186
-6,89687451;-7,00049162
-6,89187451;-5,59947062
-6,88687451;-4,66596889
-6,88187451;-3,26648593
-6,87687451;-4,66596889
-6,87187451;-2,79896641
-6,86687451;-1,39948320
-6,86187451;-0,46598175
-6,85687451;0,46598175
-6,85187451;1,86546493
-6,84687451;2,79896641
-6,84187451;3,26648593
-6,83687451;3,73246789
-6,83187451;3,73246789
-6,82687451;2,79896641
-6,82187451;2,33298445
-6,81687451;2,33298445
-6,81187451;1,39948320
-6,80687451;0,00000000
-6,80187451;0,46598175
-6,79687451;0,00000000
-6,79187451;-0,93196350
-6,78687451;0,00000000
-6,78187451;0,00000000
-6,77687451;0,46598175
-6,77187451;0,93196350
-6,76687451;0,93196350
-6,76187451;1,86546493
-6,75687451;2,79896641
-6,75187451;2,33298445
-6,74687451;2,33298445
-6,74187451;3,26648593
-6,73687451;3,73246789
-6,73187451;3,26648593
-6,72687451;3,26648593
-6,72187451;3,26648593
-6,71687451;3,73246789
-6,71187451;3,73246789
-6,70687451;2,79896641
-6,70187451;3,26648593
-6,69687451;3,26648593
-6,69187451;4,19998741
-6,68687451;3,73246789
-6,68187451;3,26648593
-6,67687451;3,73246789
-6,67187451;3,73246789
-6,66687451;4,19998741
-6,66187452;4,19998741
-6,65687452;4,66596889
-6,65187452;3,73246789
-6,64687452;2,79896641
-6,64187452;2,79896641
-6,63687452;2,33298445
-6,63187452;0,46598175
-6,62687452;2,79896641
-6,62187452;2,79896641
-6,61687452;2,33298445
-6,61187452;3,26648593
-6,60687452;3,73246789
-6,60187452;2,33298445
-6,59687452;4,66596889
-6,59187452;4,66596889
-6,58687452;5,13348866
-6,58187452;7,00049162
-6,57687452;6,06699038
-6,57187452;7,00049162
-6,56687452;7,46647358
-6,56187452;7,00049162
-6,55687452;6,53297186
-6,55187452;7,00049162
-6,54687452;7,46647358
-6,54187452;7,00049162
-6,53687452;7,46647358
-6,53187452;6,53297186
-6,52687452;6,53297186
-6,52187452;7,00049162
-6,51687452;7,00049162
-6,51187452;5,59947062
-6,50687452;6,06699038
-6,50187452;6,06699038
-6,49687452;5,13348866
-6,49187452;4,66596889
-6,48687452;5,59947062
-6,48187452;4,66596889
-6,47687452;4,66596889
-6,47187452;4,19998741
-6,46687452;4,19998741
-6,46187452;3,26648593
-6,45687452;3,73246789
-6,45187452;4,19998741
-6,44687452;2,79896641
-6,44187452;2,79896641
-6,43687452;2,79896641
-6,43187452;2,33298445
-6,42687452;1,86546493
-6,42187452;1,39948320
-6,41687452;1,86546493
-6,41187452;1,39948320
-6,40687452;2,79896641
-6,40187452;2,79896641
-6,39687452;1,86546493
-6,39187452;2,33298445
-6,38687452;2,33298445
-6,38187452;1,39948320
-6,37687452;2,33298445
-6,37187452;2,33298445
-6,36687452;2,79896641
-6,36187452;1,39948320
-6,35687452;0,93196350
-6,35187452;0,46598175
-6,34687452;1,39948320
-6,34187452;1,86546493
-6,33687452;-0,93196350
-6,33187452;-0,46598175
-6,32687452;-1,39948320
-6,32187452;-1,39948320
-6,31687452;-1,86546493
-6,31187452;-2,79896641
-6,30687452;-2,33298445
-6,30187452;-1,86546493
-6,29687452;-3,26648593
-6,29187452;-3,26648593
-6,28687452;-3,26648593
-6,28187452;-2,79896641
-6,27687452;-4,19998741
-6,27187452;-3,73246789
-6,26687453;-3,26648593
-6,26187453;-3,73246789
-6,25687453;-4,19998741
-6,25187453;-4,19998741
-6,24687453;-4,19998741
-6,24187453;-4,66596889
-6,23687453;-5,13348866
-6,23187453;-4,66596889
-6,22687453;-5,59947062
-6,22187453;-6,06699038
-6,21687453;-6,06699038
-6,21187453;-5,59947062
-6,20687453;-5,13348866
-6,20187453;-5,13348866
-6,19687453;-6,06699038
-6,19187453;-5,59947062
-6,18687453;-5,59947062
-6,18187453;-7,46647358
-6,17687453;-6,53297186
-6,17187453;-7,00049162
-6,16687453;-8,39997482
-6,16187453;-7,93399334
-6,15687453;-7,46647358
-6,15187453;-8,86749458
-6,14687453;-8,86749458
-6,14187453;-8,86749458
-6,13687453;-9,33347607
-6,13187453;-9,33347607
-6,12687453;-9,33347607
-6,12187453;-9,80099583
-6,11687453;-7,46647358
-6,11187453;-7,46647358
-6,10687453;-5,59947062
-6,10187453;-4,66596889
-6,09687453;-4,19998741
-6,09187453;-2,79896641
-6,08687453;-0,93196350
-6,08187453;-0,93196350
-6,07687453;1,39948320
-6,07187453;0,93196350
-6,06687453;1,86546493
-6,06187453;1,86546493
-6,05687453;1,86546493
-6,05187453;1,39948320
-6,04687453;0,00000000
-6,04187453;0,00000000
-6,03687453;-0,93196350
-6,03187453;-0,93196350
-6,02687453;-1,86546493
-6,02187453;-2,33298445
-6,01687453;-2,33298445
-6,01187453;-2,79896641
-6,00687453;-2,79896641
-6,00187453;-2,33298445
-5,99687453;-2,33298445
-5,99187453;-1,39948320
-5,98687453;-1,86546493
-5,98187453;-4,66596889
-5,97687453;0,00000000
-5,97187453;-0,93196350
-5,96687453;0,46598175
-5,96187453;-0,46598175
-5,95687453;-0,93196350
-5,95187453;0,46598175
-5,94687453;0,93196350
-5,94187453;0,00000000
-5,93687453;0,93196350
-5,93187453;1,39948320
-5,92687453;1,86546493
-5,92187453;1,39948320
-5,91687453;1,86546493
-5,91187453;1,86546493
-5,90687453;2,33298445
-5,90187453;1,39948320
-5,89687453;1,86546493
-5,89187453;2,33298445
-5,88687453;2,79896641
-5,88187453;1,86546493
-5,87687453;2,79896641
-5,87187454;1,86546493
-5,86687454;1,86546493
-5,86187454;2,33298445
-5,85687454;1,86546493
-5,85187454;2,33298445
-5,84687454;3,26648593
-5,84187454;2,33298445
-5,83687454;2,79896641
-5,83187454;3,73246789
-5,82687454;2,33298445
-5,82187454;3,26648593
-5,81687454;3,26648593
-5,81187454;3,73246789
-5,80687454;3,73246789
-5,80187454;3,26648593
-5,79687454;3,73246789
-5,79187454;2,79896641
-5,78687454;3,73246789
-5,78187454;2,79896641
-5,77687454;2,79896641
-5,77187454;3,26648593
-5,76687454;3,73246789
-5,76187454;2,33298445
-5,75687454;2,33298445
-5,75187454;1,39948320
-5,74687454;1,39948320
-5,74187454;0,46598175
-5,73687454;0,93196350
-5,73187454;1,39948320
-5,72687454;1,39948320
-5,72187454;0,00000000
-5,71687454;0,93196350
-5,71187454;-0,46598175
-5,70687454;0,93196350
-5,70187454;0,46598175
-5,69687454;0,93196350
-5,69187454;-0,46598175
-5,68687454;0,46598175
-5,68187454;0,00000000
-5,67687454;0,00000000
-5,67187454;0,00000000
-5,66687454;-0,93196350
-5,66187454;0,00000000
-5,65687454;-0,46598175
-5,65187454;0,46598175
-5,64687454;0,46598175
-5,64187454;0,00000000
-5,63687454;0,00000000
-5,63187454;0,46598175
-5,62687454;0,46598175
-5,62187454;0,93196350
-5,61687454;1,39948320
-5,61187454;0,46598175
-5,60687454;0,46598175
-5,60187454;0,46598175
-5,59687454;0,46598175
-5,59187454;0,46598175
-5,58687454;-0,46598175
-5,58187454;-0,46598175
-5,57687454;-0,46598175
-5,57187454;-1,39948320
-5,56687454;-2,33298445
-5,56187454;-3,26648593
-5,55687454;-3,26648593
-5,55187454;-2,79896641
-5,54687454;-3,26648593
-5,54187454;-2,79896641
-5,53687454;-3,73246789
-5,53187454;-3,26648593
-5,52687454;-2,33298445
-5,52187454;-2,79896641
-5,51687454;-2,79896641
-5,51187454;-1,39948320
-5,50687454;-2,33298445
-5,50187454;-0,93196350
-5,49687454;-1,39948320
-5,49187454;-0,93196350
-5,48687454;-1,39948320
-5,48187454;0,00000000
-5,47687455;0,00000000
-5,47187455;-1,86546493
-5,46687455;-0,93196350
-5,46187455;-2,79896641
-5,45687455;-0,46598175
-5,45187455;0,00000000
-5,44687455;-0,46598175
-5,44187455;0,46598175
-5,43687455;0,93196350
-5,43187455;0,93196350
-5,42687455;0,46598175
-5,42187455;1,39948320
-5,41687455;2,33298445
-5,41187455;2,33298445
-5,40687455;2,79896641
-5,40187455;2,33298445
-5,39687455;2,79896641
-5,39187455;3,26648593
-5,38687455;2,79896641
-5,38187455;2,79896641
-5,37687455;2,33298445
-5,37187455;2,79896641
-5,36687455;3,26648593
-5,36187455;2,33298445
-5,35687455;2,79896641
-5,35187455;2,33298445
-5,34687455;2,33298445
-5,34187455;3,73246789
-5,33687455;3,26648593
-5,33187455;2,79896641
-5,32687455;1,86546493
-5,32187455;3,73246789
-5,31687455;3,26648593
-5,31187455;3,26648593
-5,30687455;3,26648593
-5,30187455;3,26648593
-5,29687455;3,26648593
-5,29187455;2,79896641
-5,28687455;3,26648593
-5,28187455;3,26648593
-5,27687455;1,86546493
-5,27187455;1,86546493
-5,26687455;1,39948320
-5,26187455;1,86546493
-5,25687455;0,93196350
-5,25187455;0,93196350
-5,24687455;-0,46598175
-5,24187455;0,00000000
-5,23687455;-0,93196350
-5,23187455;0,00000000
-5,22687455;-1,39948320
-5,22187455;-0,93196350
-5,21687455;-1,39948320
-5,21187455;-2,33298445
-5,20687455;-1,86546493
-5,20187455;-1,39948320
-5,19687455;-1,39948320
-5,19187455;1,39948320
-5,18687455;-1,86546493
-5,18187455;-3,73246789
-5,17687455;-1,39948320
-5,17187455;-1,86546493
-5,16687455;-1,86546493
-5,16187455;-1,86546493
-5,15687455;-2,33298445
-5,15187455;-1,39948320
-5,14687455;-2,79896641
-5,14187455;-3,26648593
-5,13687455;-3,73246789
-5,13187455;-3,73246789
-5,12687455;-2,79896641
-5,12187455;-3,73246789
-5,11687455;-4,19998741
-5,11187455;-3,26648593
-5,10687455;-4,19998741
-5,10187455;-3,26648593
-5,09687455;-3,73246789
-5,09187455;-3,73246789
-5,08687455;-3,73246789
-5,08187456;-3,73246789
-5,07687456;-3,73246789
-5,07187456;-4,19998741
-5,06687456;-5,13348866
-5,06187456;-4,19998741
-5,05687456;-5,13348866
-5,05187456;-5,13348866
-5,04687456;-5,59947062
-5,04187456;-5,59947062
-5,03687456;-7,46647358
-5,03187456;-7,46647358
-5,02687456;-7,93399334
-5,02187456;-9,33347607
-5,01687456;-9,33347607
-5,01187456;-10,26697731
-5,00687456;-11,20047951
-5,00187456;-10,26697731
-4,99687456;-11,66799831
-4,99187456;-10,73449707
-4,98687456;-9,33347607
-4,98187456;-10,26697731
-4,97687456;-8,86749458
-4,97187456;-8,39997482
-4,96687456;-5,13348866
-4,96187456;-5,59947062
-4,95687456;-3,73246789
-4,95187456;-2,79896641
-4,94687456;-1,39948320
-4,94187456;-1,39948320
-4,93687456;-0,93196350
-4,93187456;0,00000000
-4,92687456;-0,93196350
-4,92187456;-1,39948320
-4,91687456;-1,39948320
-4,91187456;-2,33298445
-4,90687456;-2,79896641
-4,90187456;-3,73246789
-4,89687456;-3,26648593
-4,89187456;-3,73246789
-4,88687456;-3,26648593
-4,88187456;-3,26648593
-4,87687456;-2,79896641
-4,87187456;-2,79896641
-4,86687456;-2,79896641
-4,86187456;-1,86546493
-4,85687456;-1,39948320
-4,85187456;-0,46598175
-4,84687456;-0,93196350
-4,84187456;-0,46598175
-4,83687456;-0,46598175
-4,83187456;0,00000000
-4,82687456;-0,93196350
-4,82187456;-0,93196350
-4,81687456;0,00000000
-4,81187456;0,93196350
-4,80687456;0,00000000
-4,80187456;0,46598175
-4,79687456;0,00000000
-4,79187456;0,93196350
-4,78687456;0,93196350
-4,78187456;1,86546493
-4,77687456;1,86546493
-4,77187456;2,33298445
-4,76687456;2,79896641
-4,76187456;1,39948320
-4,75687456;0,93196350
-4,75187456;0,93196350
-4,74687456;1,39948320
-4,74187456;0,00000000
-4,73687456;-1,86546493
-4,73187456;-1,39948320
-4,72687456;-2,79896641
-4,72187456;-3,26648593
-4,71687456;-3,73246789
-4,71187456;-3,73246789
-4,70687456;-4,19998741
-4,70187456;-3,73246789
-4,69687456;-2,79896641
-4,69187456;-2,33298445
-4,68687457;0,93196350
-4,68187457;-1,86546493
-4,67687457;-0,46598175
-4,67187457;0,00000000
-4,66687457;1,39948320
-4,66187457;0,46598175
-4,65687457;0,46598175
-4,65187457;1,39948320
-4,64687457;1,39948320
-4,64187457;2,33298445
-4,63687457;0,93196350
-4,63187457;0,93196350
-4,62687457;0,46598175
-4,62187457;0,46598175
-4,61687457;0,00000000
-4,61187457;-0,46598175
-4,60687457;-1,39948320
-4,60187457;-1,39948320
-4,59687457;-1,86546493
-4,59187457;-1,86546493
-4,58687457;-2,33298445
-4,58187457;-3,73246789
-4,57687457;-3,26648593
-4,57187457;-2,79896641
-4,56687457;-2,33298445
-4,56187457;-1,86546493
-4,55687457;-3,73246789
-4,55187457;-2,33298445
-4,54687457;-2,33298445
-4,54187457;-3,26648593
-4,53687457;-3,73246789
-4,53187457;-3,73246789
-4,52687457;-4,19998741
-4,52187457;-3,73246789
-4,51687457;-4,19998741
-4,51187457;-4,19998741
-4,50687457;-3,73246789
-4,50187457;-4,19998741
-4,49687457;-3,73246789
-4,49187457;-4,19998741
-4,48687457;-4,19998741
-4,48187457;-2,79896641
-4,47687457;-4,19998741
-4,47187457;-3,73246789
-4,46687457;-3,73246789
-4,46187457;-4,66596889
-4,45687457;-4,66596889
-4,45187457;-4,66596889
-4,44687457;-5,13348866
-4,44187457;-5,59947062
-4,43687457;-6,06699038
-4,43187457;-6,53297186
-4,42687457;-6,53297186
-4,42187457;-7,00049162
-4,41687457;-7,93399334
-4,41187457;-7,00049162
-4,40687457;-7,93399334
-4,40187457;-7,93399334
-4,39687457;-8,39997482
-4,39187457;-8,39997482
-4,38687457;-8,86749458
-4,38187457;-7,93399334
-4,37687457;-9,80099583
-4,37187457;-8,86749458
-4,36687457;-9,80099583
-4,36187457;-9,33347607
-4,35687457;-9,33347607
-4,35187457;-9,33347607
-4,34687457;-8,86749458
-4,34187457;-9,33347607
-4,33687457;-8,86749458
-4,33187457;-8,86749458
-4,32687457;-8,39997482
-4,32187457;-8,39997482
-4,31687457;-8,86749458
-4,31187457;-8,39997482
-4,30687457;-8,86749458
-4,30187457;-8,39997482
-4,29687457;-8,39997482
-4,29187457;-8,86749458
-4,28687458;-8,86749458
-4,28187458;-9,33347607
-4,27687458;-9,80099583
-4,27187458;-9,80099583
-4,26687458;-9,80099583
-4,26187458;-9,80099583
-4,25687458;-9,80099583
-4,25187458;-9,80099583
-4,24687458;-10,73449707
-4,24187458;-11,20047951
-4,23687458;-10,26697731
-4,23187458;-10,73449707
-4,22687458;-10,73449707
-4,22187458;-9,80099583
-4,21687458;-9,80099583
-4,21187458;-9,80099583
-4,20687458;-7,46647358
-4,20187458;-6,53297186
-4,19687458;-5,59947062
-4,19187458;-4,66596889
-4,18687458;-3,73246789
-4,18187458;-2,79896641
-4,17687458;-1,86546493
-4,17187458;-1,39948320
-4,16687458;-2,33298445
-4,16187458;-3,73246789
-4,15687458;-0,93196350
-4,15187458;-1,39948320
-4,14687458;-1,39948320
-4,14187458;-1,39948320
-4,13687458;-2,79896641
-4,13187458;-4,66596889
-4,12687458;-4,19998741
-4,12187458;-5,59947062
-4,11687458;-6,53297186
-4,11187458;-6,53297186
-4,10687458;-7,46647358
-4,10187458;-7,46647358
-4,09687458;-8,39997482
-4,09187458;-8,86749458
-4,08687458;-8,39997482
-4,08187458;-8,39997482
-4,07687458;-8,86749458
-4,07187458;-5,59947062
-4,06687458;-8,39997482
-4,06187458;-9,33347607
-4,05687458;-8,39997482
-4,05187458;-8,86749458
-4,04687458;-8,86749458
-4,04187458;-8,39997482
-4,03687458;-7,93399334
-4,03187458;-7,93399334
-4,02687458;-7,93399334
-4,02187458;-7,93399334
-4,01687458;-6,53297186
-4,01187458;-5,59947062
-4,00687458;-6,06699038
-4,00187458;-5,13348866
-3,99687458;-5,13348866
-3,99187458;-4,19998741
-3,98687458;-5,13348866
-3,98187458;-4,66596889
-3,97687458;-4,66596889
-3,97187458;-4,19998741
-3,96687458;-5,13348866
-3,96187458;-4,66596889
-3,95687458;-4,66596889
-3,95187458;-5,13348866
-3,94687458;-5,13348866
-3,94187458;-5,59947062
-3,93687458;-5,59947062
-3,93187458;-4,66596889
-3,92687458;-4,19998741
-3,92187458;-3,73246789
-3,91687458;-2,33298445
-3,91187458;-1,86546493
-3,90687458;-1,39948320
-3,90187458;0,00000000
-3,89687458;0,93196350
-3,89187459;1,39948320
-3,88687459;2,33298445
-3,88187459;2,79896641
-3,87687459;4,19998741
-3,87187459;2,79896641
-3,86687459;4,19998741
-3,86187459;4,19998741
-3,85687459;2,79896641
-3,85187459;3,26648593
-3,84687459;2,79896641
-3,84187459;2,79896641
-3,83687459;2,79896641
-3,83187459;2,79896641
-3,82687459;1,86546493
-3,82187459;1,86546493
-3,81687459;1,86546493
-3,81187459;1,39948320
-3,80687459;0,46598175
-3,80187459;0,93196350
-3,79687459;0,46598175
-3,79187459;0,00000000
-3,78687459;0,00000000
-3,78187459;0,46598175
-3,77687459;-0,46598175
-3,77187459;0,00000000
-3,76687459;0,46598175
-3,76187459;-0,93196350
-3,75687459;-1,39948320
-3,75187459;-2,79896641
-3,74687459;-1,39948320
-3,74187459;-0,46598175
-3,73687459;-0,93196350
-3,73187459;-1,39948320
-3,72687459;-0,93196350
-3,72187459;-2,33298445
-3,71687459;-1,86546493
-3,71187459;-1,39948320
-3,70687459;-1,39948320
-3,70187459;-1,86546493
-3,69687459;-1,39948320
-3,69187459;0,93196350
-3,68687459;-2,33298445
-3,68187459;-2,79896641
-3,67687459;-4,19998741
-3,67187459;-4,66596889
-3,66687459;-4,19998741
-3,66187459;12,60150051
-3,65687459;-7,00049162
-3,65187459;-6,53297186
-3,64687459;-6,53297186
-3,64187459;-7,00049162
-3,63687459;-7,46647358
-3,63187459;-7,00049162
-3,62687459;-7,93399334
-3,62187459;-7,46647358
-3,61687459;-7,93399334
-3,61187459;-7,46647358
-3,60687459;-7,46647358
-3,60187459;-6,53297186
-3,59687459;-7,00049162
-3,59187459;-6,06699038
-3,58687459;-6,53297186
-3,58187459;-6,06699038
-3,57687459;-5,13348866
-3,57187459;-4,66596889
-3,56687459;-6,06699038
-3,56187459;-3,73246789
-3,55687459;-4,66596889
-3,55187459;-4,19998741
-3,54687459;-3,73246789
-3,54187459;-3,73246789
-3,53687459;-5,59947062
-3,53187459;-4,19998741
-3,52687459;-3,73246789
-3,52187459;-4,66596889
-3,51687459;-2,79896641
-3,51187459;-2,33298445
-3,50687459;-2,79896641
-3,50187459;-3,73246789
-3,49687460;-2,79896641
-3,49187460;-2,33298445
-3,48687460;-2,33298445
-3,48187460;-2,79896641
-3,47687460;-1,86546493
-3,47187460;-1,39948320
-3,46687460;-2,33298445
-3,46187460;-2,33298445
-3,45687460;-2,33298445
-3,45187460;-0,93196350
-3,44687460;-1,86546493
-3,44187460;-2,33298445
-3,43687460;-1,86546493
-3,43187460;-2,79896641
-3,42687460;-1,86546493
-3,42187460;-1,39948320
-3,41687460;-1,39948320
-3,41187460;-2,33298445
-3,40687460;-1,39948320
-3,40187460;-1,39948320
-3,39687460;-0,93196350
-3,39187460;-0,93196350
-3,38687460;0,00000000
-3,38187460;-1,39948320
-3,37687460;-1,39948320
-3,37187460;-0,93196350
-3,36687460;-1,39948320
-3,36187460;-1,39948320
-3,35687460;-0,93196350
-3,35187460;-0,93196350
-3,34687460;-1,86546493
-3,34187460;-1,86546493
-3,33687460;-1,86546493
-3,33187460;-1,86546493
-3,32687460;-2,33298445
-3,32187460;-2,79896641
-3,31687460;-1,39948320
-3,31187460;-2,79896641
-3,30687460;-3,26648593
-3,30187460;-2,33298445
-3,29687460;-2,79896641
-3,29187460;-2,79896641
-3,28687460;-3,26648593
-3,28187460;-3,26648593
-3,27687460;-3,73246789
-3,27187460;-3,73246789
-3,26687460;-4,19998741
-3,26187460;-3,26648593
-3,25687460;-3,73246789
-3,25187460;-4,19998741
-3,24687460;-4,19998741
-3,24187460;-4,66596889
-3,23687460;-3,26648593
-3,23187460;-4,19998741
-3,22687460;-3,73246789
-3,22187460;-4,19998741
-3,21687460;-4,66596889
-3,21187460;-4,66596889
-3,20687460;-5,13348866
-3,20187460;-5,59947062
-3,19687460;-5,59947062
-3,19187460;-6,53297186
-3,18687460;-6,53297186
-3,18187460;-6,53297186
-3,17687460;-6,53297186
-3,17187460;-7,46647358
-3,16687460;-6,53297186
-3,16187460;-7,46647358
-3,15687460;-7,46647358
-3,15187460;-7,93399334
-3,14687460;-9,33347607
-3,14187460;-8,39997482
-3,13687460;-8,86749458
-3,13187460;-9,33347607
-3,12687460;-9,33347607
-3,12187460;-9,80099583
-3,11687460;-10,73449707
-3,11187460;-10,26697731
-3,10687460;-10,26697731
-3,10187461;-12,13398075
-3,09687461;-11,20047951
-3,09187461;-11,20047951
-3,08687461;-12,60150051
-3,08187461;-12,13398075
-3,07687461;-12,60150051
-3,07187461;-10,73449707
-3,06687461;-11,20047951
-3,06187461;-9,80099583
-3,05687461;-8,86749458
-3,05187461;-7,00049162
-3,04687461;-6,06699038
-3,04187461;-4,19998741
-3,03687461;-4,19998741
-3,03187461;-2,79896641
-3,02687461;-2,79896641
-3,02187461;-2,33298445
-3,01687461;-1,86546493
-3,01187461;-2,33298445
-3,00687461;-3,26648593
-3,00187461;-3,73246789
-2,99687461;-4,66596889
-2,99187461;-5,13348866
-2,98687461;-5,13348866
-2,98187461;-6,06699038
-2,97687461;-5,59947062
-2,97187461;-6,53297186
-2,96687461;-6,06699038
-2,96187461;-4,66596889
-2,95687461;-5,59947062
-2,95187461;-4,66596889
-2,94687461;-4,66596889
-2,94187461;-5,13348866
-2,93687461;-4,19998741
-2,93187461;-4,66596889
-2,92687461;-3,73246789
-2,92187461;-2,79896641
-2,91687461;-3,26648593
-2,91187461;-4,19998741
-2,90687461;-3,26648593
-2,90187461;-3,26648593
-2,89687461;-3,73246789
-2,89187461;-3,73246789
-2,88687461;-2,79896641
-2,88187461;-2,33298445
-2,87687461;-2,33298445
-2,87187461;-1,86546493
-2,86687461;-2,33298445
-2,86187461;-1,39948320
-2,85687461;-1,39948320
-2,85187461;-1,39948320
-2,84687461;-2,33298445
-2,84187461;-1,86546493
-2,83687461;-1,86546493
-2,83187461;-2,33298445
-2,82687461;-2,79896641
-2,82187461;-2,33298445
-2,81687461;-3,73246789
-2,81187461;-2,79896641
-2,80687461;-3,73246789
-2,80187461;-3,26648593
-2,79687461;-3,73246789
-2,79187461;-3,26648593
-2,78687461;-2,79896641
-2,78187461;-2,33298445
-2,77687461;-1,86546493
-2,77187461;-0,93196350
-2,76687461;-0,93196350
-2,76187461;0,93196350
-2,75687461;0,46598175
-2,75187461;1,39948320
-2,74687461;2,33298445
-2,74187461;2,33298445
-2,73687461;1,86546493
-2,73187461;12,13398075
-2,72687461;1,86546493
-2,72187461;2,79896641
-2,71687461;2,33298445
-2,71187461;2,33298445
-2,70687462;1,86546493
-2,70187462;3,26648593
-2,69687462;2,79896641
-2,69187462;2,79896641
-2,68687462;1,39948320
-2,68187462;0,93196350
-2,67687462;0,93196350
-2,67187462;1,39948320
-2,66687462;1,39948320
-2,66187462;0,46598175
-2,65687462;0,00000000
-2,65187462;0,46598175
-2,64687462;-0,46598175
-2,64187462;0,46598175
-2,63687462;0,00000000
-2,63187462;-0,46598175
-2,62687462;-1,39948320
-2,62187462;-0,46598175
-2,61687462;-1,39948320
-2,61187462;0,46598175
-2,60687462;-0,46598175
-2,60187462;-0,93196350
-2,59687462;-0,46598175
-2,59187462;-1,39948320
-2,58687462;0,00000000
-2,58187462;-0,46598175
-2,57687462;0,00000000
-2,57187462;-0,93196350
-2,56687462;0,00000000
-2,56187462;0,00000000
-2,55687462;-1,39948320
-2,55187462;-2,79896641
-2,54687462;-2,79896641
-2,54187462;-3,73246789
-2,53687462;-4,19998741
-2,53187462;-4,66596889
-2,52687462;-4,66596889
-2,52187462;-5,13348866
-2,51687462;-6,53297186
-2,51187462;-7,46647358
-2,50687462;-7,46647358
-2,50187462;-7,46647358
-2,49687462;-7,93399334
-2,49187462;-8,39997482
-2,48687462;-8,39997482
-2,48187462;-8,86749458
-2,47687462;-7,93399334
-2,47187462;-8,86749458
-2,46687462;-7,93399334
-2,46187462;-8,39997482
-2,45687462;-8,39997482
-2,45187462;-7,46647358
-2,44687462;-7,93399334
-2,44187462;-7,93399334
-2,43687462;-7,46647358
-2,43187462;-8,39997482
-2,42687462;-9,33347607
-2,42187462;-9,33347607
-2,41687462;-8,86749458
-2,41187462;-9,80099583
-2,40687462;-10,73449707
-2,40187462;-10,73449707
-2,39687462;-11,20047951
-2,39187462;-11,20047951
-2,38687462;-11,66799831
-2,38187462;-11,66799831
-2,37687462;-11,66799831
-2,37187462;-12,13398075
-2,36687462;-13,06748199
-2,36187462;-13,06748199
-2,35687462;-12,60150051
-2,35187462;-12,13398075
-2,34687462;-12,13398075
-2,34187462;-12,60150051
-2,33687462;-13,06748199
-2,33187462;-13,06748199
-2,32687462;-12,13398075
-2,32187462;-12,13398075
-2,31687462;-11,66799831
-2,31187463;-11,20047951
-2,30687463;-11,20047951
-2,30187463;-9,33347607
-2,29687463;-8,86749458
-2,29187463;-7,93399334
-2,28687463;-6,53297186
-2,28187463;-5,13348866
-2,27687463;-3,73246789
-2,27187463;-3,26648593
-2,26687463;-2,33298445
-2,26187463;-0,93196350
-2,25687463;-0,46598175
-2,25187463;0,46598175
-2,24687463;0,00000000
-2,24187463;0,00000000
-2,23687463;-0,46598175
-2,23187463;-0,93196350
-2,22687463;-1,39948320
-2,22187463;-1,86546493
-2,21687463;-2,79896641
-2,21187463;-3,73246789
-2,20687463;-4,19998741
-2,20187463;-4,19998741
-2,19687463;-5,13348866
-2,19187463;-4,66596889
-2,18687463;-4,19998741
-2,18187463;-3,73246789
-2,17687463;-3,73246789
-2,17187463;-3,26648593
-2,16687463;-3,26648593
-2,16187463;-2,79896641
-2,15687463;-2,79896641
-2,15187463;-1,86546493
-2,14687463;-0,46598175
-2,14187463;-1,86546493
-2,13687463;-0,93196350
-2,13187463;-0,93196350
-2,12687463;0,00000000
-2,12187463;0,00000000
-2,11687463;-0,46598175
-2,11187463;-0,46598175
-2,10687463;0,00000000
-2,10187463;0,46598175
-2,09687463;-0,46598175
-2,09187463;0,00000000
-2,08687463;-1,39948320
-2,08187463;-0,93196350
-2,07687463;-1,39948320
-2,07187463;-0,93196350
-2,06687463;-1,39948320
-2,06187463;-0,93196350
-2,05687463;-1,86546493
-2,05187463;-1,39948320
-2,04687463;-1,39948320
-2,04187463;-1,39948320
-2,03687463;-1,39948320
-2,03187463;-0,93196350
-2,02687463;-0,93196350
-2,02187463;-0,93196350
-2,01687463;-1,86546493
-2,01187463;0,46598175
-2,00687463;0,00000000
-2,00187463;0,93196350
-1,99687463;0,00000000
-1,99187463;1,39948320
-1,98687463;0,93196350
-1,98187463;2,33298445
-1,97687463;2,33298445
-1,97187463;2,79896641
-1,96687463;2,33298445
-1,96187463;2,33298445
-1,95687463;2,33298445
-1,95187463;1,39948320
-1,94687463;1,86546493
-1,94187463;1,86546493
-1,93687463;0,93196350
-1,93187463;0,46598175
-1,92687463;0,46598175
-1,92187463;0,46598175
-1,91687463;0,00000000
-1,91187464;0,00000000
-1,90687464;-0,46598175
-1,90187464;-0,93196350
-1,89687464;-0,46598175
-1,89187464;-1,39948320
-1,88687464;-0,93196350
-1,88187464;0,46598175
-1,87687464;0,00000000
-1,87187464;-0,93196350
-1,86687464;-0,46598175
-1,86187464;0,46598175
-1,85687464;0,00000000
-1,85187464;0,00000000
-1,84687464;0,46598175
-1,84187464;0,46598175
-1,83687464;1,39948320
-1,83187464;0,93196350
-1,82687464;0,46598175
-1,82187464;1,39948320
-1,81687464;2,33298445
-1,81187464;2,33298445
-1,80687464;1,86546493
-1,80187464;1,39948320
-1,79687464;1,39948320
-1,79187464;1,39948320
-1,78687464;0,46598175
-1,78187464;0,00000000
-1,77687464;0,46598175
-1,77187464;0,00000000
-1,76687464;1,39948320
-1,76187464;-0,93196350
-1,75687464;-2,33298445
-1,75187464;-0,93196350
-1,74687464;-3,26648593
-1,74187464;-3,26648593
-1,73687464;-3,73246789
-1,73187464;-3,73246789
-1,72687464;-4,19998741
-1,72187464;-4,19998741
-1,71687464;-3,73246789
-1,71187464;-3,26648593
-1,70687464;-4,19998741
-1,70187464;-4,19998741
-1,69687464;-3,26648593
-1,69187464;-3,26648593
-1,68687464;-2,79896641
-1,68187464;-3,26648593
-1,67687464;-2,79896641
-1,67187464;-1,86546493
-1,66687464;-2,33298445
-1,66187464;-1,86546493
-1,65687464;-1,86546493
-1,65187464;-2,33298445
-1,64687464;-1,86546493
-1,64187464;-1,86546493
-1,63687464;-1,39948320
-1,63187464;-1,39948320
-1,62687464;-2,79896641
-1,62187464;-2,33298445
-1,61687464;-2,79896641
-1,61187464;-2,79896641
-1,60687464;-2,79896641
-1,60187464;-3,26648593
-1,59687464;-1,86546493
-1,59187464;-2,79896641
-1,58687464;-2,79896641
-1,58187464;-2,33298445
-1,57687464;-1,86546493
-1,57187464;-1,86546493
-1,56687464;-0,93196350
-1,56187464;-1,86546493
-1,55687464;-0,46598175
-1,55187464;0,00000000
-1,54687464;0,00000000
-1,54187464;0,00000000
-1,53687464;0,93196350
-1,53187464;0,00000000
-1,52687464;0,46598175
-1,52187464;0,46598175
-1,51687465;0,46598175
-1,51187465;0,46598175
-1,50687465;-0,46598175
-1,50187465;0,93196350
-1,49687465;0,46598175
-1,49187465;0,00000000
-1,48687465;-0,46598175
-1,48187465;0,93196350
-1,47687465;0,46598175
-1,47187465;0,93196350
-1,46687465;-0,93196350
-1,46187465;0,46598175
-1,45687465;0,46598175
-1,45187465;0,93196350
-1,44687465;0,46598175
-1,44187465;0,93196350
-1,43687465;1,39948320
-1,43187465;1,39948320
-1,42687465;0,93196350
-1,42187465;0,93196350
-1,41687465;1,39948320
-1,41187465;1,39948320
-1,40687465;0,93196350
-1,40187465;0,00000000
-1,39687465;0,93196350
-1,39187465;0,46598175
-1,38687465;0,46598175
-1,38187465;-0,93196350
-1,37687465;0,46598175
-1,37187465;-0,46598175
-1,36687465;-1,39948320
-1,36187465;0,46598175
-1,35687465;0,00000000
-1,35187465;-0,46598175
-1,34687465;-0,46598175
-1,34187465;-0,46598175
-1,33687465;1,39948320
-1,33187465;0,46598175
-1,32687465;-0,46598175
-1,32187465;-0,93196350
-1,31687465;-0,46598175
-1,31187465;-0,93196350
-1,30687465;-1,86546493
-1,30187465;-0,93196350
-1,29687465;-2,33298445
-1,29187465;-2,33298445
-1,28687465;-3,26648593
-1,28187465;-3,26648593
-1,27687465;-3,73246789
-1,27187465;-5,13348866
-1,26687465;-5,59947062
-1,26187465;-5,59947062
-1,25687465;-5,59947062
-1,25187465;-5,13348866
-1,24687465;-6,53297186
-1,24187465;-7,00049162
-1,23687465;7,46647358
-1,23187465;-7,00049162
-1,22687465;-7,00049162
-1,22187465;-7,46647358
-1,21687465;-7,93399334
-1,21187465;-8,39997482
-1,20687465;-9,33347607
-1,20187465;-9,33347607
-1,19687465;-8,39997482
-1,19187465;-11,20047951
-1,18687465;-11,20047951
-1,18187465;-12,13398075
-1,17687465;-11,20047951
-1,17187465;-9,33347607
-1,16687465;-10,73449707
-1,16187465;-9,80099583
-1,15687465;-8,39997482
-1,15187465;-6,06699038
-1,14687465;-6,53297186
-1,14187465;-5,13348866
-1,13687465;-3,26648593
-1,13187465;-2,33298445
-1,12687465;-2,33298445
-1,12187466;-0,93196350
-1,11687466;-1,86546493
-1,11187466;-1,86546493
-1,10687466;-2,33298445
-1,10187466;-3,26648593
-1,09687466;-3,73246789
-1,09187466;-4,66596889
-1,08687466;-3,26648593
-1,08187466;-5,13348866
-1,07687466;-6,06699038
-1,07187466;-5,59947062
-1,06687466;-6,06699038
-1,06187466;-4,66596889
-1,05687466;-5,13348866
-1,05187466;-4,66596889
-1,04687466;-3,73246789
-1,04187466;-3,26648593
-1,03687466;-3,26648593
-1,03187466;-2,33298445
-1,02687466;-5,59947062
-1,02187466;-2,33298445
-1,01687466;-1,39948320
-1,01187466;-1,39948320
-1,00687466;-1,86546493
-1,00187466;-0,93196350
-0,99687466;-1,39948320
-0,99187466;-1,86546493
-0,98687466;-1,39948320
-0,98187466;-0,46598175
-0,97687466;0,00000000
-0,97187466;0,00000000
-0,96687466;0,00000000
-0,96187466;0,00000000
-0,95687466;1,39948320
-0,95187466;2,33298445
-0,94687466;0,93196350
-0,94187466;0,93196350
-0,93687466;0,00000000
-0,93187466;0,93196350
-0,92687466;0,93196350
-0,92187466;1,39948320
-0,91687466;0,93196350
-0,91187466;0,46598175
-0,90687466;0,46598175
-0,90187466;0,46598175
-0,89687466;0,00000000
-0,89187466;-0,46598175
-0,88687466;0,00000000
-0,88187466;0,93196350
-0,87687466;0,93196350
-0,87187466;0,93196350
-0,86687466;1,86546493
-0,86187466;2,79896641
-0,85687466;3,26648593
-0,85187466;4,19998741
-0,84687466;4,66596889
-0,84187466;5,13348866
-0,83687466;5,13348866
-0,83187466;5,59947062
-0,82687466;5,59947062
-0,82187466;5,59947062
-0,81687466;5,13348866
-0,81187466;5,13348866
-0,80687466;5,13348866
-0,80187466;3,73246789
-0,79687466;4,66596889
-0,79187466;3,26648593
-0,78687466;2,79896641
-0,78187466;3,26648593
-0,77687466;2,33298445
-0,77187466;1,86546493
-0,76687466;1,86546493
-0,76187466;1,39948320
-0,75687466;1,86546493
-0,75187466;3,73246789
-0,74687466;0,93196350
-0,74187466;0,46598175
-0,73687466;0,00000000
-0,73187466;1,39948320
-0,72687467;-0,93196350
-0,72187467;-0,46598175
-0,71687467;-0,93196350
-0,71187467;-1,86546493
-0,70687467;-1,86546493
-0,70187467;-1,86546493
-0,69687467;-1,86546493
-0,69187467;-1,86546493
-0,68687467;-1,86546493
-0,68187467;-1,86546493
-0,67687467;-1,39948320
-0,67187467;-1,39948320
-0,66687467;-1,39948320
-0,66187467;-0,93196350
-0,65687467;-1,39948320
-0,65187467;-1,39948320
-0,64687467;-0,93196350
-0,64187467;-1,39948320
-0,63687467;-1,86546493
-0,63187467;-2,33298445
-0,62687467;-2,33298445
-0,62187467;-3,26648593
-0,61687467;-4,66596889
-0,61187467;-4,19998741
-0,60687467;-5,59947062
-0,60187467;-4,66596889
-0,59687467;-5,59947062
-0,59187467;-6,06699038
-0,58687467;-6,53297186
-0,58187467;-7,00049162
-0,57687467;-7,00049162
-0,57187467;-7,46647358
-0,56687467;-6,53297186
-0,56187467;-7,46647358
-0,55687467;-7,93399334
-0,55187467;-8,86749458
-0,54687467;-6,53297186
-0,54187467;-7,00049162
-0,53687467;-7,46647358
-0,53187467;-8,39997482
-0,52687467;-7,00049162
-0,52187467;-7,00049162
-0,51687467;-7,46647358
-0,51187467;-7,93399334
-0,50687467;-6,53297186
-0,50187467;-7,00049162
-0,49687467;-6,53297186
-0,49187467;-7,00049162
-0,48687467;-7,46647358
-0,48187467;-7,00049162
-0,47687467;-7,46647358
-0,47187467;-7,00049162
-0,46687467;-7,00049162
-0,46187467;-7,46647358
-0,45687467;-7,93399334
-0,45187467;-7,46647358
-0,44687467;-7,93399334
-0,44187467;-8,39997482
-0,43687467;-8,39997482
-0,43187467;-8,39997482
-0,42687467;-9,33347607
-0,42187467;-9,33347607
-0,41687467;-9,33347607
-0,41187467;-8,86749458
-0,40687467;-8,86749458
-0,40187467;-7,93399334
-0,39687467;-6,53297186
-0,39187467;-6,53297186
-0,38687467;-5,59947062
-0,38187467;-4,19998741
-0,37687467;-3,26648593
-0,37187467;-2,33298445
-0,36687467;0,00000000
-0,36187467;0,00000000
-0,35687467;1,39948320
-0,35187467;1,39948320
-0,34687467;1,39948320
-0,34187467;2,79896641
-0,33687467;1,86546493
-0,33187468;1,39948320
-0,32687468;1,39948320
-0,32187468;1,39948320
-0,31687468;0,46598175
-0,31187468;-0,46598175
-0,30687468;-0,93196350
-0,30187468;-0,93196350
-0,29687468;-2,33298445
-0,29187468;-1,86546493
-0,28687468;-1,86546493
-0,28187468;-1,86546493
-0,27687468;-1,39948320
-0,27187468;-1,86546493
-0,26687468;-1,86546493
-0,26187468;-1,39948320
-0,25687468;-1,39948320
-0,25187468;-0,93196350
-0,24687468;-0,46598175
-0,24187468;-0,46598175
-0,23687468;-0,93196350
-0,23187468;-0,93196350
-0,22687468;0,46598175
-0,22187468;0,93196350
-0,21687468;0,46598175
-0,21187468;0,93196350
-0,20687468;1,39948320
-0,20187468;1,86546493
-0,19687468;3,26648593
-0,19187468;3,26648593
-0,18687468;3,26648593
-0,18187468;4,19998741
-0,17687468;4,66596889
-0,17187468;4,66596889
-0,16687468;3,73246789
-0,16187468;4,66596889
-0,15687468;3,73246789
-0,15187468;4,19998741
-0,14687468;3,26648593
-0,14187468;4,19998741
-0,13687468;2,79896641
-0,13187468;3,26648593
-0,12687468;3,73246789
-0,12187468;2,79896641
-0,11687468;3,73246789
-0,11187468;3,26648593
-0,10687468;4,19998741
-0,10187468;5,13348866
-0,09687468;3,73246789
-0,09187468;5,59947062
-0,08687468;5,59947062
-0,08187468;6,06699038
-0,07687468;6,06699038
-0,07187468;6,53297186
-0,06687468;6,53297186
-0,06187468;7,00049162
-0,05687468;7,93399334
-0,05187468;6,53297186
-0,04687468;4,19998741
-0,04187468;7,00049162
-0,03687468;5,59947062
-0,03187468;6,06699038
-0,02687468;5,59947062
-0,02187468;5,13348866
-0,01687468;5,13348866
-0,01187468;4,66596889
-0,00687468;4,66596889
-0,00187468;0,93196350
0,00312532;4,66596889
0,00812532;3,73246789
0,01312532;4,19998741
0,01812532;3,73246789
0,02312532;4,19998741
0,02812532;3,26648593
0,03312532;3,73246789
0,03812532;4,19998741
0,04312532;3,73246789
0,04812532;3,73246789
0,05312532;2,33298445
0,05812532;2,79896641
0,06312531;1,86546493
0,06812531;2,33298445
0,07312531;1,86546493
0,07812531;2,33298445
0,08312531;2,79896641
0,08812531;2,33298445
0,09312531;1,39948320
0,09812531;2,79896641
0,10312531;2,79896641
0,10812531;2,33298445
0,11312531;1,86546493
0,11812531;3,26648593
0,12312531;3,26648593
0,12812531;2,79896641
0,13312531;2,79896641
0,13812531;3,73246789
0,14312531;3,26648593
0,14812531;3,26648593
0,15312531;4,19998741
0,15812531;3,73246789
0,16312531;3,26648593
0,16812531;3,73246789
0,17312531;2,33298445
0,17812531;3,26648593
0,18312531;2,79896641
0,18812531;3,73246789
0,19312531;3,73246789
0,19812531;3,73246789
0,20312531;4,19998741
0,20812531;3,26648593
0,21312531;3,73246789
0,21812531;3,26648593
0,22312531;5,13348866
0,22812531;8,86749458
0,23312531;5,13348866
0,23812531;5,59947062
0,24312531;6,06699038
0,24812531;5,59947062
0,25312531;6,06699038
0,25812531;6,53297186
0,26312531;8,39997482
0,26812531;7,00049162
0,27312531;6,53297186
0,27812531;7,46647358
0,28312531;6,06699038
0,28812531;6,53297186
0,29312531;7,00049162
0,29812531;6,53297186
0,30312531;6,53297186
0,30812531;6,53297186
0,31312531;7,00049162
0,31812531;7,00049162
0,32312531;7,00049162
0,32812531;5,59947062
0,33312531;7,46647358
0,33812531;6,53297186
0,34312531;7,00049162
0,34812531;7,00049162
0,35312531;7,00049162
0,35812531;6,53297186
0,36312531;6,53297186
0,36812531;6,06699038
0,37312531;6,06699038
0,37812531;7,00049162
0,38312531;6,06699038
0,38812531;7,00049162
0,39312531;6,53297186
0,39812531;6,06699038
0,40312531;7,46647358
0,40812531;6,06699038
0,41312531;6,53297186
0,41812531;5,59947062
0,42312531;5,59947062
0,42812531;5,13348866
0,43312531;6,06699038
0,43812531;5,13348866
0,44312531;6,06699038
0,44812531;4,66596889
0,45312531;4,66596889
0,45812531;3,73246789
0,46312530;4,19998741
0,46812530;4,19998741
0,47312530;2,33298445
0,47812530;3,26648593
0,48312530;3,26648593
0,48812530;3,26648593
0,49312530;3,73246789
0,49812530;2,79896641
0,50312530;2,33298445
0,50812530;2,33298445
0,51312530;2,33298445
0,51812530;1,86546493
0,52312530;2,79896641
0,52812530;1,86546493
0,53312530;2,33298445
0,53812530;0,93196350
0,54312530;1,86546493
0,54812530;2,33298445
0,55312530;1,86546493
0,55812530;0,93196350
0,56312530;1,86546493
0,56812530;0,93196350
0,57312530;0,93196350
0,57812530;1,39948320
0,58312530;0,93196350
0,58812530;2,33298445
0,59312530;1,86546493
0,59812530;0,93196350
0,60312530;2,33298445
0,60812530;1,86546493
0,61312530;1,86546493
0,61812530;1,86546493
0,62312530;1,39948320
0,62812530;1,39948320
0,63312530;0,93196350
0,63812530;0,46598175
0,64312530;0,46598175
0,64812530;-1,39948320
0,65312530;-0,93196350
0,65812530;0,00000000
0,66312530;-2,33298445
0,66812530;-1,86546493
0,67312530;-2,33298445
0,67812530;-2,33298445
0,68312530;-2,79896641
0,68812530;-4,66596889
0,69312530;-3,26648593
0,69812530;-4,19998741
0,70312530;-4,66596889
0,70812530;-5,13348866
0,71312530;-5,13348866
0,71812530;-4,66596889
0,72312530;-4,19998741
0,72812530;-4,19998741
0,73312530;-3,73246789
0,73812530;-2,33298445
0,74312530;-2,33298445
0,74812530;-0,93196350
0,75312530;0,00000000
0,75812530;1,39948320
0,76312530;2,79896641
0,76812530;2,79896641
0,77312530;3,73246789
0,77812530;4,66596889
0,78312530;6,53297186
0,78812530;4,66596889
0,79312530;4,66596889
0,79812530;3,26648593
0,80312530;3,26648593
0,80812530;3,26648593
0,81312530;3,26648593
0,81812530;2,33298445
0,82312530;2,33298445
0,82812530;1,86546493
0,83312530;1,86546493
0,83812530;2,79896641
0,84312530;2,79896641
0,84812530;3,26648593
0,85312530;4,19998741
0,85812529;3,73246789
0,86312529;6,06699038
0,86812529;5,13348866
0,87312529;5,59947062
0,87812529;5,13348866
0,88312529;5,59947062
0,88812529;5,59947062
0,89312529;5,59947062
0,89812529;6,06699038
0,90312529;6,06699038
0,90812529;6,53297186
0,91312529;6,53297186
0,91812529;7,93399334
0,92312529;7,46647358
0,92812529;7,00049162
0,93312529;7,46647358
0,93812529;7,00049162
0,94312529;7,93399334
0,94812529;7,00049162
0,95312529;6,53297186
0,95812529;7,00049162
0,96312529;7,00049162
0,96812529;6,53297186
0,97312529;5,13348866
0,97812529;4,66596889
0,98312529;4,19998741
0,98812529;-1,86546493
0,99312529;3,73246789
0,99812529;3,26648593
1,00312529;3,26648593
1,00812529;3,73246789
1,01312529;4,66596889
1,01812529;5,13348866
1,02312529;5,59947062
1,02812529;5,59947062
1,03312529;7,00049162
1,03812529;6,53297186
1,04312529;7,46647358
1,04812529;7,46647358
1,05312529;8,86749458
1,05812529;9,33347607
1,06312529;10,73449707
1,06812529;10,26697731
1,07312529;10,26697731
1,07812529;9,33347607
1,08312529;9,33347607
1,08812529;9,33347607
1,09312529;8,39997482
1,09812529;7,93399334
1,10312529;7,93399334
1,10812529;8,39997482
1,11312529;7,00049162
1,11812529;7,00049162
1,12312529;6,53297186
1,12812529;7,00049162
1,13312529;6,06699038
1,13812529;6,53297186
1,14312529;5,13348866
1,14812529;6,06699038
1,15312529;6,06699038
1,15812529;10,26697731
1,16312529;5,59947062
1,16812529;6,06699038
1,17312529;6,06699038
1,17812529;6,06699038
1,18312529;6,06699038
1,18812529;6,06699038
1,19312529;6,06699038
1,19812529;6,53297186
1,20312529;7,00049162
1,20812529;7,00049162
1,21312529;7,00049162
1,21812529;7,93399334
1,22312529;7,93399334
1,22812529;7,00049162
1,23312529;7,93399334
1,23812529;7,93399334
1,24312529;8,39997482
1,24812529;7,93399334
1,25312528;7,00049162
1,25812528;7,46647358
1,26312528;7,46647358
1,26812528;7,00049162
1,27312528;5,13348866
1,27812528;6,06699038
1,28312528;5,13348866
1,28812528;4,66596889
1,29312528;4,19998741
1,29812528;4,19998741
1,30312528;3,73246789
1,30812528;2,79896641
1,31312528;2,33298445
1,31812528;2,79896641
1,32312528;2,33298445
1,32812528;1,86546493
1,33312528;1,86546493
1,33812528;2,33298445
1,34312528;1,39948320
1,34812528;1,86546493
1,35312528;0,93196350
1,35812528;0,46598175
1,36312528;0,93196350
1,36812528;0,93196350
1,37312528;0,00000000
1,37812528;-0,46598175
1,38312528;-0,93196350
1,38812528;-0,93196350
1,39312528;-0,93196350
1,39812528;-0,93196350
1,40312528;-0,46598175
1,40812528;-2,33298445
1,41312528;-0,93196350
1,41812528;-1,39948320
1,42312528;-1,39948320
1,42812528;-2,33298445
1,43312528;-1,86546493
1,43812528;-2,79896641
1,44312528;-2,79896641
1,44812528;-3,73246789
1,45312528;-3,26648593
1,45812528;-4,19998741
1,46312528;-3,73246789
1,46812528;-5,13348866
1,47312528;-4,66596889
1,47812528;-4,19998741
1,48312528;-4,66596889
1,48812528;-3,73246789
1,49312528;-3,73246789
1,49812528;-2,33298445
1,50312528;-1,86546493
1,50812528;-0,46598175
1,51312528;0,00000000
1,51812528;2,33298445
1,52312528;2,79896641
1,52812528;4,66596889
1,53312528;6,53297186
1,53812528;5,59947062
1,54312528;7,00049162
1,54812528;6,53297186
1,55312528;7,46647358
1,55812528;7,46647358
1,56312528;7,46647358
1,56812528;7,00049162
1,57312528;6,53297186
1,57812528;5,59947062
1,58312528;6,06699038
1,58812528;4,19998741
1,59312528;4,19998741
1,59812528;3,26648593
1,60312528;3,73246789
1,60812528;3,26648593
1,61312528;3,26648593
1,61812528;3,26648593
1,62312528;3,26648593
1,62812528;4,66596889
1,63312528;4,66596889
1,63812528;4,19998741
1,64312528;4,66596889
1,64812527;4,19998741
1,65312527;5,13348866
1,65812527;5,13348866
1,66312527;6,06699038
1,66812527;6,06699038
1,67312527;5,13348866
1,67812527;7,00049162
1,68312527;6,06699038
1,68812527;6,06699038
1,69312527;5,59947062
1,69812527;6,06699038
1,70312527;6,53297186
1,70812527;7,46647358
1,71312527;7,93399334
1,71812527;8,39997482
1,72312527;8,39997482
1,72812527;8,39997482
1,73312527;8,86749458
1,73812527;8,86749458
1,74312527;8,86749458
1,74812527;8,86749458
1,75312527;6,06699038
1,75812527;8,39997482
1,76312527;7,93399334
1,76812527;7,00049162
1,77312527;6,53297186
1,77812527;6,53297186
1,78312527;6,53297186
1,78812527;7,46647358
1,79312527;7,93399334
1,79812527;7,46647358
1,80312527;8,39997482
1,80812527;9,33347607
1,81312527;10,26697731
1,81812527;9,80099583
1,82312527;9,80099583
1,82812527;10,73449707
1,83312527;11,20047951
1,83812527;10,73449707
1,84312527;12,13398075
1,84812527;12,13398075
1,85312527;11,66799831
1,85812527;11,66799831
1,86312527;11,66799831
1,86812527;10,26697731
1,87312527;10,73449707
1,87812527;10,73449707
1,88312527;9,80099583
1,88812527;9,80099583
1,89312527;8,86749458
1,89812527;9,33347607
1,90312527;8,39997482
1,90812527;9,33347607
1,91312527;8,39997482
1,91812527;8,39997482
1,92312527;8,39997482
1,92812527;8,86749458
1,93312527;8,39997482
1,93812527;8,86749458
1,94312527;8,86749458
1,94812527;10,26697731
1,95312527;8,86749458
1,95812527;9,80099583
1,96312527;9,80099583
1,96812527;10,26697731
1,97312527;9,80099583
1,97812527;10,26697731
1,98312527;10,26697731
1,98812527;10,73449707
1,99312527;11,20047951
1,99812527;11,66799831
2,00312527;11,66799831
2,00812527;11,20047951
2,01312527;11,66799831
2,01812527;11,20047951
2,02312527;11,20047951
2,02812527;10,73449707
2,03312527;11,20047951
2,03812527;9,33347607
2,04312526;10,26697731
2,04812526;10,26697731
2,05312526;9,33347607
2,05812526;7,93399334
2,06312526;7,00049162
2,06812526;7,00049162
2,07312526;6,53297186
2,07812526;7,00049162
2,08312526;5,13348866
2,08812526;5,59947062
2,09312526;5,13348866
2,09812526;5,59947062
2,10312526;6,06699038
2,10812526;6,53297186
2,11312526;5,59947062
2,11812526;5,13348866
2,12312526;5,59947062
2,12812526;6,06699038
2,13312526;7,00049162
2,13812526;7,46647358
2,14312526;7,46647358
2,14812526;7,93399334
2,15312526;7,93399334
2,15812526;7,46647358
2,16312526;7,93399334
2,16812526;8,39997482
2,17312526;7,93399334
2,17812526;8,39997482
2,18312526;7,46647358
2,18812526;7,00049162
2,19312526;8,39997482
2,19812526;7,46647358
2,20312526;7,00049162
2,20812526;7,93399334
2,21312526;7,00049162
2,21812526;7,00049162
2,22312526;6,53297186
2,22812526;7,00049162
2,23312526;6,53297186
2,23812526;7,46647358
2,24312526;7,46647358
2,24812526;7,93399334
2,25312526;7,93399334
2,25812526;7,93399334
2,26312526;8,39997482
2,26812526;8,39997482
2,27312526;8,86749458
2,27812526;9,33347607
2,28312526;9,80099583
2,28812526;9,33347607
2,29312526;9,80099583
2,29812526;5,13348866
2,30312526;9,80099583
2,30812526;9,80099583
2,31312526;9,33347607
2,31812526;9,80099583
2,32312526;8,86749458
2,32812526;8,39997482
2,33312526;8,39997482
2,33812526;7,93399334
2,34312526;8,39997482
2,34812526;7,93399334
2,35312526;8,86749458
2,35812526;8,39997482
2,36312526;7,46647358
2,36812526;7,93399334
2,37312526;7,93399334
2,37812526;7,46647358
2,38312526;7,93399334
2,38812526;7,93399334
2,39312526;7,93399334
2,39812526;7,00049162
2,40312526;7,93399334
2,40812526;8,39997482
2,41312526;7,93399334
2,41812526;7,46647358
2,42312526;7,00049162
2,42812526;7,93399334
2,43312526;7,93399334
2,43812525;7,46647358
2,44312525;6,53297186
2,44812525;6,06699038
2,45312525;6,53297186
2,45812525;7,00049162
2,46312525;6,53297186
2,46812525;7,00049162
2,47312525;6,53297186
2,47812525;6,53297186
2,48312525;7,46647358
2,48812525;6,53297186
2,49312525;6,06699038
2,49812525;6,06699038
2,50312525;6,53297186
2,50812525;5,59947062
2,51312525;5,59947062
2,51812525;5,13348866
2,52312525;5,13348866
2,52812525;4,66596889
2,53312525;4,66596889
2,53812525;4,19998741
2,54312525;3,73246789
2,54812525;3,73246789
2,55312525;3,26648593
2,55812525;2,79896641
2,56312525;2,79896641
2,56812525;1,86546493
2,57312525;1,86546493
2,57812525;0,46598175
2,58312525;0,93196350
2,58812525;0,46598175
2,59312525;0,46598175
2,59812525;-0,93196350
2,60312525;-1,86546493
2,60812525;-2,33298445
2,61312525;-2,33298445
2,61812525;-3,26648593
2,62312525;-3,73246789
2,62812525;-2,33298445
2,63312525;-3,26648593
2,63812525;-2,79896641
2,64312525;-2,79896641
2,64812525;-1,86546493
2,65312525;0,46598175
2,65812525;0,46598175
2,66312525;1,86546493
2,66812525;2,33298445
2,67312525;4,66596889
2,67812525;5,13348866
2,68312525;7,46647358
2,68812525;7,00049162
2,69312525;6,06699038
2,69812525;5,13348866
2,70312525;5,13348866
2,70812525;5,59947062
2,71312525;3,73246789
2,71812525;4,19998741
2,72312525;2,79896641
2,72812525;1,39948320
2,73312525;1,39948320
2,73812525;0,93196350
2,74312525;0,46598175
2,74812525;0,46598175
2,75312525;1,39948320
2,75812525;1,86546493
2,76312525;2,33298445
2,76812525;1,39948320
2,77312525;2,79896641
2,77812525;4,66596889
2,78312525;5,13348866
2,78812525;4,66596889
2,79312525;6,06699038
2,79812525;5,13348866
2,80312525;6,53297186
2,80812525;7,00049162
2,81312525;6,53297186
2,81812525;6,53297186
2,82312525;6,53297186
2,82812525;7,00049162
2,83312525;7,00049162
2,83812524;7,93399334
2,84312524;7,46647358
2,84812524;7,00049162
2,85312524;7,46647358
2,85812524;7,46647358
2,86312524;8,39997482
2,86812524;7,93399334
2,87312524;7,00049162
2,87812524;7,93399334
2,88312524;6,53297186
2,88812524;7,00049162
2,89312524;7,46647358
2,89812524;7,00049162
2,90312524;6,06699038
2,90812524;6,06699038
2,91312524;5,59947062
2,91812524;6,53297186
2,92312524;6,53297186
2,92812524;6,53297186
2,93312524;7,00049162
2,93812524;8,39997482
2,94312524;7,93399334
2,94812524;8,39997482
2,95312524;9,33347607
2,95812524;9,80099583
2,96312524;9,33347607
2,96812524;9,80099583
2,97312524;10,73449707
2,97812524;10,73449707
2,98312524;11,20047951
2,98812524;11,20047951
2,99312524;11,20047951
2,99812524;9,80099583
3,00312524;9,33347607
3,00812524;9,80099583
3,01312524;8,86749458
3,01812524;9,33347607
3,02312524;8,39997482
3,02812524;7,93399334
3,03312524;7,93399334
3,03812524;7,00049162
3,04312524;7,46647358
3,04812524;7,46647358
3,05312524;5,59947062
3,05812524;6,53297186
3,06312524;6,53297186
3,06812524;6,53297186
3,07312524;5,59947062
3,07812524;6,06699038
3,08312524;5,59947062
3,08812524;5,59947062
3,09312524;5,13348866
3,09812524;4,66596889
3,10312524;4,66596889
3,10812524;5,13348866
3,11312524;4,19998741
3,11812524;4,66596889
3,12312524;5,59947062
3,12812524;5,59947062
3,13312524;4,66596889
3,13812524;5,13348866
3,14312524;5,13348866
3,14812524;6,53297186
3,15312524;5,59947062
3,15812524;6,06699038
3,16312524;6,53297186
3,16812524;5,13348866
3,17312524;4,66596889
3,17812524;4,66596889
3,18312524;3,73246789
3,18812524;0,93196350
3,19312524;2,33298445
3,19812524;2,33298445
3,20312524;1,86546493
3,20812524;0,46598175
3,21312524;0,00000000
3,21812524;0,93196350
3,22312524;-1,39948320
3,22812524;-1,86546493
3,23312523;-1,86546493
3,23812523;-1,39948320
3,24312523;-1,39948320
3,24812523;-1,86546493
3,25312523;-1,86546493
3,25812523;-3,26648593
3,26312523;-2,33298445
3,26812523;-3,26648593
3,27312523;-2,33298445
3,27812523;-3,26648593
3,28312523;-2,79896641
3,28812523;-2,79896641
3,29312523;-3,73246789
3,29812523;-3,73246789
3,30312523;-3,73246789
3,30812523;-2,79896641
3,31312523;-4,66596889
3,31812523;-4,19998741
3,32312523;-4,66596889
3,32812523;-4,66596889
3,33312523;-5,13348866
3,33812523;-4,66596889
3,34312523;-5,13348866
3,34812523;-4,66596889
3,35312523;-4,66596889
3,35812523;-5,13348866
3,36312523;-5,59947062
3,36812523;-5,59947062
3,37312523;-6,06699038
3,37812523;-5,59947062
3,38312523;-6,06699038
3,38812523;-5,59947062
3,39312523;-6,53297186
3,39812523;-5,59947062
3,40312523;-4,66596889
3,40812523;-4,66596889
3,41312523;-3,73246789
3,41812523;-4,19998741
3,42312523;-1,39948320
3,42812523;-1,39948320
3,43312523;-0,46598175
3,43812523;1,39948320
3,44312523;2,79896641
3,44812523;4,19998741
3,45312523;4,66596889
3,45812523;4,66596889
3,46312523;6,53297186
3,46812523;6,53297186
3,47312523;5,59947062
3,47812523;6,06699038
3,48312523;5,59947062
3,48812523;3,73246789
3,49312523;4,19998741
3,49812523;2,79896641
3,50312523;1,86546493
3,50812523;0,93196350
3,51312523;0,00000000
3,51812523;0,00000000
3,52312523;0,00000000
3,52812523;-0,46598175
3,53312523;0,00000000
3,53812523;-0,93196350
3,54312523;-0,46598175
3,54812523;-0,93196350
3,55312523;0,00000000
3,55812523;-1,39948320
3,56312523;0,46598175
3,56812523;0,93196350
3,57312523;0,93196350
3,57812523;0,46598175
3,58312523;0,93196350
3,58812523;0,46598175
3,59312523;1,39948320
3,59812523;1,39948320
3,60312523;3,73246789
3,60812523;1,39948320
3,61312523;2,33298445
3,61812523;1,86546493
3,62312523;1,86546493
3,62812522;2,79896641
3,63312522;2,79896641
3,63812522;2,79896641
3,64312522;4,19998741
3,64812522;2,79896641
3,65312522;3,26648593
3,65812522;2,79896641
3,66312522;3,26648593
3,66812522;2,33298445
3,67312522;2,79896641
3,67812522;2,33298445
3,68312522;2,79896641
3,68812522;2,79896641
3,69312522;3,26648593
3,69812522;3,26648593
3,70312522;2,33298445
3,70812522;3,73246789
3,71312522;3,73246789
3,71812522;4,66596889
3,72312522;4,19998741
3,72812522;5,13348866
3,73312522;5,13348866
3,73812522;6,06699038
3,74312522;5,59947062
3,74812522;6,06699038
3,75312522;6,06699038
3,75812522;6,06699038
3,76312522;6,06699038
3,76812522;5,59947062
3,77312522;4,66596889
3,77812522;5,59947062
3,78312522;5,13348866
3,78812522;4,66596889
3,79312522;4,66596889
3,79812522;4,66596889
3,80312522;3,73246789
3,80812522;4,19998741
3,81312522;4,19998741
3,81812522;3,73246789
3,82312522;3,73246789
3,82812522;4,66596889
3,83312522;3,73246789
3,83812522;5,13348866
3,84312522;4,19998741
3,84812522;3,73246789
3,85312522;3,73246789
3,85812522;-1,39948320
3,86312522;4,19998741
3,86812522;4,66596889
3,87312522;3,73246789
3,87812522;4,19998741
3,88312522;3,26648593
3,88812522;4,66596889
3,89312522;5,13348866
3,89812522;3,26648593
3,90312522;4,19998741
3,90812522;4,19998741
3,91312522;4,19998741
3,91812522;1,86546493
3,92312522;4,19998741
3,92812522;4,19998741
3,93312522;3,26648593
3,93812522;2,33298445
3,94312522;2,33298445
3,94812522;1,86546493
3,95312522;1,86546493
3,95812522;2,33298445
3,96312522;0,93196350
3,96812522;0,93196350
3,97312522;0,93196350
3,97812522;0,00000000
3,98312522;0,46598175
3,98812522;-0,46598175
3,99312522;-1,86546493
3,99812522;0,00000000
4,00312522;0,00000000
4,00812522;-0,46598175
4,01312522;-0,46598175
4,01812522;-0,93196350
4,02312521;-0,46598175
4,02812521;-0,46598175
4,03312521;-0,46598175
4,03812521;-1,39948320
4,04312521;-0,93196350
4,04812521;-1,39948320
4,05312521;-1,39948320
4,05812521;-1,39948320
4,06312521;0,00000000
4,06812521;-0,93196350
4,07312521;-0,93196350
4,07812521;-0,46598175
4,08312521;-0,93196350
4,08812521;-0,46598175
4,09312521;-0,93196350
4,09812521;0,00000000
4,10312521;0,00000000
4,10812521;0,00000000
4,11312521;0,00000000
4,11812521;-0,93196350
4,12312521;0,46598175
4,12812521;0,46598175
4,13312521;0,93196350
4,13812521;0,93196350
4,14312521;1,39948320
4,14812521;1,86546493
4,15312521;1,86546493
4,15812521;1,39948320
4,16312521;1,39948320
4,16812521;1,86546493
4,17312521;1,86546493
4,17812521;1,39948320
4,18312521;1,86546493
4,18812521;1,39948320
4,19312521;-1,86546493
4,19812521;3,26648593
4,20312521;3,73246789
4,20812521;3,26648593
4,21312521;2,33298445
4,21812521;3,26648593
4,22312521;4,19998741
4,22812521;3,26648593
4,23312521;2,79896641
4,23812521;3,26648593
4,24312521;2,79896641
4,24812521;2,79896641
4,25312521;2,79896641
4,25812521;1,86546493
4,26312521;-0,46598175
4,26812521;1,39948320
4,27312521;1,39948320
4,27812521;1,39948320
4,28312521;1,39948320
4,28812521;0,93196350
4,29312521;1,39948320
4,29812521;0,93196350
4,30312521;0,46598175
4,30812521;0,46598175
4,31312521;-0,46598175
4,31812521;1,39948320
4,32312521;0,46598175
4,32812521;1,39948320
4,33312521;0,00000000
4,33812521;-0,46598175
4,34312521;-0,46598175
4,34812521;0,00000000
4,35312521;-1,39948320
4,35812521;0,00000000
4,36312521;-1,86546493
4,36812521;-0,46598175
4,37312521;-0,93196350
4,37812521;-1,86546493
4,38312521;-1,39948320
4,38812521;-1,86546493
4,39312521;-2,33298445
4,39812521;-2,33298445
4,40312521;-2,79896641
4,40812521;-3,26648593
4,41312521;-4,19998741
4,41812520;-6,06699038
4,42312520;-4,19998741
4,42812520;-1,39948320
4,43312520;-4,66596889
4,43812520;-5,59947062
4,44312520;-5,59947062
4,44812520;-5,59947062
4,45312520;-6,06699038
4,45812520;-6,06699038
4,46312520;-6,53297186
4,46812520;-7,46647358
4,47312520;-7,46647358
4,47812520;-7,46647358
4,48312520;-8,39997482
4,48812520;-8,39997482
4,49312520;-8,86749458
4,49812520;-8,86749458
4,50312520;-9,33347607
4,50812520;-10,73449707
4,51312520;-10,73449707
4,51812520;-11,66799831
4,52312520;-11,20047951
4,52812520;-11,20047951
4,53312520;-11,20047951
4,53812520;-11,20047951
4,54312520;-11,66799831
4,54812520;-10,73449707
4,55312520;-11,20047951
4,55812520;-8,86749458
4,56312520;-8,39997482
4,56812520;-7,46647358
4,57312520;-4,66596889
4,57812520;-4,19998741
4,58312520;-3,26648593
4,58812520;-2,33298445
4,59312520;-1,86546493
4,59812520;-1,39948320
4,60312520;-1,39948320
4,60812520;-0,93196350
4,61312520;-1,86546493
4,61812520;-2,33298445
4,62312520;-2,33298445
4,62812520;-3,73246789
4,63312520;-4,66596889
4,63812520;-4,66596889
4,64312520;-4,66596889
4,64812520;-4,66596889
4,65312520;-4,66596889
4,65812520;-5,13348866
4,66312520;-3,26648593
4,66812520;-4,66596889
4,67312520;-3,73246789
4,67812520;-2,79896641
4,68312520;-3,26648593
4,68812520;-2,33298445
4,69312520;-1,86546493
4,69812520;-1,86546493
4,70312520;-0,93196350
4,70812520;-0,93196350
4,71312520;0,00000000
4,71812520;0,00000000
4,72312520;0,46598175
4,72812520;0,00000000
4,73312520;0,46598175
4,73812520;0,46598175
4,74312520;0,46598175
4,74812520;1,39948320
4,75312520;1,86546493
4,75812520;1,86546493
4,76312520;1,86546493
4,76812520;1,39948320
4,77312520;1,86546493
4,77812520;0,46598175
4,78312520;1,39948320
4,78812520;-0,46598175
4,79312520;0,46598175
4,79812520;-0,93196350
4,80312520;0,00000000
4,80812520;-0,93196350
4,81312519;-1,86546493
4,81812519;-0,93196350
4,82312519;-0,93196350
4,82812519;0,00000000
4,83312519;-0,93196350
4,83812519;0,46598175
4,84312519;0,46598175
4,84812519;1,39948320
4,85312519;2,33298445
4,85812519;2,33298445
4,86312519;2,33298445
4,86812519;3,26648593
4,87312519;3,26648593
4,87812519;3,26648593
4,88312519;3,73246789
4,88812519;4,19998741
4,89312519;3,73246789
4,89812519;5,59947062
4,90312519;4,19998741
4,90812519;5,13348866
4,91312519;2,33298445
4,91812519;3,73246789
4,92312519;3,26648593
4,92812519;2,79896641
4,93312519;2,79896641
4,93812519;1,86546493
4,94312519;0,93196350
4,94812519;0,93196350
4,95312519;0,00000000
4,95812519;0,46598175
4,96312519;-0,93196350
4,96812519;-0,93196350
4,97312519;-1,86546493
4,97812519;-1,86546493
4,98312519;-2,33298445
4,98812519;-3,26648593
4,99312519;-1,86546493
4,99812519;-2,33298445
5,00312519;-3,73246789
5,00812519;-2,79896641
5,01312519;-2,79896641
5,01812519;-2,33298445
5,02312519;-3,26648593
5,02812519;-2,79896641
5,03312519;-1,39948320
5,03812519;-2,33298445
5,04312519;-1,39948320
5,04812519;-1,86546493
5,05312519;-1,39948320
5,05812519;-2,33298445
5,06312519;-1,39948320
5,06812519;-2,33298445
5,07312519;-2,33298445
5,07812519;-3,73246789
5,08312519;-3,26648593
5,08812519;-2,79896641
5,09312519;-5,59947062
5,09812519;-5,13348866
5,10312519;-6,53297186
5,10812519;-6,06699038
5,11312519;-7,00049162
5,11812519;-7,46647358
5,12312519;-6,53297186
5,12812519;-7,46647358
5,13312519;-7,00049162
5,13812519;-7,46647358
5,14312519;-7,46647358
5,14812519;-6,53297186
5,15312519;-7,46647358
5,15812519;-7,46647358
5,16312519;-6,53297186
5,16812519;-6,06699038
5,17312519;-6,53297186
5,17812519;-7,00049162
5,18312519;-7,46647358
5,18812519;-7,46647358
5,19312519;-7,93399334
5,19812519;-6,53297186
5,20312519;-7,46647358
5,20812519;-7,00049162
5,21312518;-7,93399334
5,21812518;-8,39997482
5,22312518;-9,33347607
5,22812518;-9,33347607
5,23312518;-9,80099583
5,23812518;-8,86749458
5,24312518;-8,86749458
5,24812518;-8,86749458
5,25312518;-8,39997482
5,25812518;-8,86749458
5,26312518;-8,86749458
5,26812518;-9,33347607
5,27312518;-9,80099583
5,27812518;-10,73449707
5,28312518;-9,80099583
5,28812518;-11,20047951
5,29312518;-9,80099583
5,29812518;-10,26697731
5,30312518;-10,26697731
5,30812518;-10,26697731
5,31312518;-9,80099583
5,31812518;-8,86749458
5,32312518;-7,93399334
5,32812518;-7,00049162
5,33312518;-5,13348866
5,33812518;-4,66596889
5,34312518;-3,26648593
5,34812518;-2,33298445
5,35312518;-0,93196350
5,35812518;-0,46598175
5,36312518;0,93196350
5,36812518;1,39948320
5,37312518;0,93196350
5,37812518;0,93196350
5,38312518;1,86546493
5,38812518;0,46598175
5,39312518;0,00000000
5,39812518;-0,93196350
5,40312518;-2,79896641
5,40812518;-2,79896641
5,41312518;-3,26648593
5,41812518;-4,19998741
5,42312518;-4,19998741
5,42812518;-5,13348866
5,43312518;-5,59947062
5,43812518;-4,66596889
5,44312518;-4,19998741
5,44812518;-5,59947062
5,45312518;-4,66596889
5,45812518;-4,19998741
5,46312518;-3,73246789
5,46812518;-3,26648593
5,47312518;-3,26648593
5,47812518;-2,33298445
5,48312518;-2,33298445
5,48812518;-1,39948320
5,49312518;-1,39948320
5,49812518;0,46598175
5,50312518;-0,46598175
5,50812518;0,00000000
5,51312518;0,46598175
5,51812518;0,46598175
5,52312518;-0,46598175
5,52812518;0,00000000
5,53312518;1,39948320
5,53812518;1,86546493
5,54312518;1,86546493
5,54812518;1,86546493
5,55312518;1,86546493
5,55812518;1,86546493
5,56312518;0,93196350
5,56812518;0,93196350
5,57312518;0,00000000
5,57812518;0,00000000
5,58312518;0,46598175
5,58812518;0,46598175
5,59312518;0,00000000
5,59812518;0,46598175
5,60312518;0,00000000
5,60812517;0,93196350
5,61312517;1,39948320
5,61812517;1,86546493
5,62312517;2,79896641
5,62812517;4,19998741
5,63312517;5,59947062
5,63812517;3,26648593
5,64312517;4,19998741
5,64812517;5,13348866
5,65312517;4,66596889
5,65812517;4,66596889
5,66312517;6,06699038
5,66812517;5,59947062
5,67312517;5,13348866
5,67812517;4,19998741
5,68312517;4,66596889
5,68812517;5,13348866
5,69312517;4,66596889
5,69812517;4,19998741
5,70312517;4,66596889
5,70812517;4,19998741
5,71312517;3,73246789
5,71812517;2,79896641
5,72312517;3,26648593
5,72812517;2,79896641
5,73312517;3,26648593
5,73812517;1,86546493
5,74312517;2,33298445
5,74812517;2,33298445
5,75312517;2,79896641
5,75812517;1,86546493
5,76312517;1,39948320
5,76812517;1,39948320
5,77312517;0,00000000
5,77812517;0,93196350
5,78312517;0,93196350
5,78812517;1,86546493
5,79312517;1,39948320
5,79812517;1,39948320
5,80312517;1,86546493
5,80812517;2,33298445
5,81312517;2,79896641
5,81812517;4,19998741
5,82312517;2,79896641
5,82812517;3,73246789
5,83312517;2,79896641
5,83812517;3,26648593
5,84312517;3,26648593
5,84812517;2,33298445
5,85312517;2,33298445
5,85812517;2,79896641
5,86312517;1,86546493
5,86812517;1,86546493
5,87312517;0,93196350
5,87812517;1,39948320
5,88312517;0,93196350
5,88812517;0,46598175
5,89312517;0,93196350
5,89812517;0,46598175
5,90312517;-0,93196350
5,90812517;0,00000000
5,91312517;0,00000000
5,91812517;0,00000000
5,92312517;0,00000000
5,92812517;-0,46598175
5,93312517;0,46598175
5,93812517;0,46598175
5,94312517;0,46598175
5,94812517;2,33298445
5,95312517;0,46598175
5,95812517;1,39948320
5,96312517;1,39948320
5,96812517;1,39948320
5,97312517;2,33298445
5,97812517;1,86546493
5,98312517;1,39948320
5,98812517;2,33298445
5,99312517;2,33298445
5,99812517;2,79896641
6,00312516;0,93196350
6,00812516;2,79896641
6,01312516;3,26648593
6,01812516;4,19998741
6,02312516;3,26648593
6,02812516;3,73246789
6,03312516;5,13348866
6,03812516;5,13348866
6,04312516;5,13348866
6,04812516;4,66596889
6,05312516;5,13348866
6,05812516;6,06699038
6,06312516;5,13348866
6,06812516;5,59947062
6,07312516;5,59947062
6,07812516;5,59947062
6,08312516;5,59947062
6,08812516;4,66596889
6,09312516;3,73246789
6,09812516;4,66596889
6,10312516;4,66596889
6,10812516;5,13348866
6,11312516;5,13348866
6,11812516;5,13348866
6,12312516;5,59947062
6,12812516;5,13348866
6,13312516;5,59947062
6,13812516;5,13348866
6,14312516;5,13348866
6,14812516;6,06699038
6,15312516;6,06699038
6,15812516;5,59947062
6,16312516;5,13348866
6,16812516;5,59947062
6,17312516;5,59947062
6,17812516;7,46647358
6,18312516;5,13348866
6,18812516;4,66596889
6,19312516;4,19998741
6,19812516;5,13348866
6,20312516;4,19998741
6,20812516;3,73246789
6,21312516;3,26648593
6,21812516;3,73246789
6,22312516;2,79896641
6,22812516;3,73246789
6,23312516;0,93196350
6,23812516;2,79896641
6,24312516;2,33298445
6,24812516;2,33298445
6,25312516;2,33298445
6,25812516;2,33298445
6,26312516;2,79896641
6,26812516;2,33298445
6,27312516;2,33298445
6,27812516;1,39948320
6,28312516;1,86546493
6,28812516;1,86546493
6,29312516;2,33298445
6,29812516;0,46598175
6,30312516;0,93196350
6,30812516;0,46598175
6,31312516;0,46598175
6,31812516;0,46598175
6,32312516;0,00000000
6,32812516;0,93196350
6,33312516;0,00000000
6,33812516;0,00000000
6,34312516;-0,93196350
6,34812516;0,00000000
6,35312516;0,00000000
6,35812516;0,93196350
6,36312516;-0,93196350
6,36812516;-1,39948320
6,37312516;-2,33298445
6,37812516;-3,26648593
6,38312516;-1,86546493
6,38812516;-2,79896641
6,39312516;-3,26648593
6,39812515;-4,19998741
6,40312515;-3,73246789
6,40812515;-4,66596889
6,41312515;-5,13348866
6,41812515;-5,13348866
6,42312515;-5,13348866
6,42812515;-6,06699038
6,43312515;-6,53297186
6,43812515;-6,53297186
6,44312515;-6,53297186
6,44812515;-7,00049162
6,45312515;-5,59947062
6,45812515;-4,66596889
6,46312515;-3,73246789
6,46812515;-2,79896641
6,47312515;-1,86546493
6,47812515;-0,93196350
6,48312515;1,39948320
6,48812515;2,33298445
6,49312515;3,73246789
6,49812515;3,73246789
6,50312515;3,73246789
6,50812515;4,19998741
6,51312515;4,66596889
6,51812515;3,73246789
6,52312515;3,73246789
6,52812515;3,73246789
6,53312515;2,33298445
6,53812515;1,39948320
6,54312515;1,39948320
6,54812515;0,93196350
6,55312515;1,86546493
6,55812515;0,93196350
6,56312515;1,39948320
6,56812515;0,93196350
6,57312515;2,33298445
6,57812515;1,39948320
6,58312515;1,86546493
6,58812515;2,79896641
6,59312515;1,86546493
6,59812515;3,26648593
6,60312515;2,79896641
6,60812515;3,26648593
6,61312515;3,26648593
6,61812515;4,66596889
6,62312515;3,26648593
6,62812515;3,26648593
6,63312515;2,79896641
6,63812515;2,33298445
6,64312515;2,79896641
6,64812515;2,79896641
6,65312515;2,79896641
6,65812515;2,33298445
6,66312515;3,73246789
6,66812515;2,33298445
6,67312515;2,79896641
6,67812515;3,26648593
6,68312515;2,79896641
6,68812515;2,79896641
6,69312515;2,33298445
6,69812515;2,79896641
6,70312515;1,86546493
6,70812515;2,79896641
6,71312515;3,26648593
6,71812515;1,86546493
6,72312515;2,33298445
6,72812515;2,33298445
6,73312515;3,73246789
6,73812515;2,33298445
6,74312515;3,73246789
6,74812515;3,73246789
6,75312515;3,73246789
6,75812515;4,19998741
6,76312515;4,66596889
6,76812515;4,19998741
6,77312515;5,59947062
6,77812515;3,73246789
6,78312515;5,13348866
6,78812515;5,59947062
6,79312514;5,13348866
6,79812514;5,13348866
6,80312514;5,59947062
6,80812514;5,59947062
6,81312514;6,06699038
6,81812514;5,59947062
6,82312514;4,19998741
6,82812514;4,19998741
6,83312514;5,13348866
6,83812514;3,73246789
6,84312514;3,26648593
6,84812514;3,26648593
6,85312514;2,33298445
6,85812514;3,26648593
6,86312514;2,33298445
6,86812514;2,79896641
6,87312514;1,86546493
6,87812514;2,79896641
6,88312514;1,86546493
6,88812514;1,86546493
6,89312514;2,33298445
6,89812514;1,39948320
6,90312514;1,86546493
6,90812514;1,39948320
6,91312514;0,93196350
6,91812514;1,39948320
6,92312514;1,39948320
6,92812514;1,86546493
6,93312514;2,33298445
6,93812514;2,33298445
6,94312514;1,86546493
6,94812514;2,79896641
6,95312514;3,73246789
6,95812514;3,73246789
6,96312514;4,19998741
6,96812514;4,66596889
6,97312514;4,66596889
6,97812514;4,19998741
6,98312514;4,66596889
6,98812514;4,19998741
6,99312514;4,19998741
6,99812514;3,73246789
7,00312514;2,79896641
7,00812514;3,73246789
7,01312514;1,86546493
7,01812514;2,33298445
7,02312514;1,39948320
7,02812514;1,39948320
7,03312514;1,86546493
7,03812514;0,46598175
7,04312514;0,93196350
7,04812514;1,39948320
7,05312514;0,46598175
7,05812514;0,46598175
7,06312514;0,93196350
7,06812514;0,46598175
7,07312514;0,00000000
7,07812514;0,46598175
7,08312514;-0,46598175
7,08812514;-0,93196350
7,09312514;-1,39948320
7,09812514;-0,93196350
7,10312514;-1,86546493
7,10812514;-2,33298445
7,11312514;-3,26648593
7,11812514;-2,79896641
7,12312514;-3,26648593
7,12812514;-2,79896641
7,13312514;-3,73246789
7,13812514;-2,33298445
7,14312514;-4,19998741
7,14812514;-4,66596889
7,15312514;-5,13348866
7,15812514;-5,13348866
7,16312514;-5,13348866
7,16812514;-4,66596889
7,17312514;-5,13348866
7,17812514;-5,59947062
7,18312514;-6,53297186
7,18812513;-6,06699038
7,19312513;-6,06699038
7,19812513;-7,00049162
7,20312513;-7,00049162
7,20812513;-7,46647358
7,21312513;-7,93399334
7,21812513;-7,46647358
7,22312513;-7,46647358
7,22812513;-7,00049162
7,23312513;-6,53297186
7,23812513;-4,66596889
7,24312513;-3,26648593
7,24812513;-2,79896641
7,25312513;-1,39948320
7,25812513;1,39948320
7,26312513;0,93196350
7,26812513;1,39948320
7,27312513;1,39948320
7,27812513;2,79896641
7,28312513;3,26648593
7,28812513;2,33298445
7,29312513;1,39948320
7,29812513;1,86546493
7,30312513;0,46598175
7,30812513;0,00000000
7,31312513;-0,46598175
7,31812513;-0,93196350
7,32312513;-1,86546493
7,32812513;-2,33298445
7,33312513;-2,79896641
7,33812513;-1,39948320
7,34312513;-2,79896641
7,34812513;-2,33298445
7,35312513;-2,79896641
7,35812513;-2,79896641
7,36312513;-1,86546493
7,36812513;-1,86546493
7,37312513;-0,93196350
7,37812513;-1,86546493
7,38312513;0,46598175
7,38812513;0,00000000
7,39312513;0,46598175
7,39812513;1,39948320
7,40312513;1,39948320
7,40812513;-0,46598175
7,41312513;1,86546493
7,41812513;2,33298445
7,42312513;0,93196350
7,42812513;2,33298445
7,43312513;1,86546493
7,43812513;2,33298445
7,44312513;3,26648593
7,44812513;2,79896641
7,45312513;2,79896641
7,45812513;3,26648593
7,46312513;2,33298445
7,46812513;3,26648593
7,47312513;3,26648593
7,47812513;3,26648593
7,48312513;3,26648593
7,48812513;3,26648593
7,49312513;4,19998741
7,49812513;5,13348866
7,50312513;3,73246789
7,50812513;4,66596889
7,51312513;5,13348866
7,51812513;5,59947062
7,52312513;5,59947062
7,52812513;7,00049162
7,53312513;6,06699038
7,53812513;7,00049162
7,54312513;8,39997482
7,54812513;7,93399334
7,55312513;7,46647358
7,55812513;7,46647358
7,56312513;7,00049162
7,56812513;-5,13348866
7,57312513;6,53297186
7,57812513;6,06699038
7,58312513;6,53297186
7,58812512;6,06699038
7,59312512;4,66596889
7,59812512;4,66596889
7,60312512;4,19998741
7,60812512;3,26648593
7,61312512;3,73246789
7,61812512;3,73246789
7,62312512;3,73246789
7,62812512;4,19998741
7,63312512;3,73246789
7,63812512;3,73246789
7,64312512;4,19998741
7,64812512;4,19998741
7,65312512;3,26648593
7,65812512;3,26648593
7,66312512;3,73246789
7,66812512;3,26648593
7,67312512;3,73246789
7,67812512;4,66596889
7,68312512;2,33298445
7,68812512;2,33298445
7,69312512;3,26648593
7,69812512;3,26648593
7,70312512;2,79896641
7,70812512;2,79896641
7,71312512;3,26648593
7,71812512;3,26648593
7,72312512;4,19998741
7,72812512;3,26648593
7,73312512;2,79896641
7,73812512;3,26648593
7,74312512;3,26648593
7,74812512;3,26648593
7,75312512;3,26648593
7,75812512;3,26648593
7,76312512;3,26648593
7,76812512;2,79896641
7,77312512;2,33298445
7,77812512;2,33298445
7,78312512;2,79896641
7,78812512;2,79896641
7,79312512;1,86546493
7,79812512;1,86546493
7,80312512;1,39948320
7,80812512;0,93196350
7,81312512;-0,46598175
7,81812512;0,93196350
7,82312512;0,00000000
7,82812512;0,46598175
7,83312512;0,93196350
7,83812512;0,93196350
7,84312512;0,93196350
7,84812512;1,39948320
7,85312512;1,39948320
7,85812512;1,86546493
7,86312512;0,93196350
7,86812512;1,86546493
7,87312512;1,86546493
7,87812512;1,86546493
7,88312512;2,33298445
7,88812512;2,79896641
7,89312512;2,33298445
7,89812512;3,73246789
7,90312512;2,79896641
7,90812512;3,26648593
7,91312512;3,26648593
7,91812512;2,79896641
7,92312512;3,26648593
7,92812512;3,73246789
7,93312512;3,73246789
7,93812512;4,19998741
7,94312512;4,66596889
7,94812512;2,33298445
7,95312512;3,73246789
7,95812512;3,73246789
7,96312512;3,73246789
7,96812512;4,19998741
7,97312512;3,73246789
7,97812512;3,26648593
7,98312511;3,26648593
7,98812511;3,73246789
7,99312511;4,19998741
7,99812511;4,19998741
8,00312511;4,19998741
8,00812511;4,19998741
8,01312511;5,13348866
8,01812511;4,66596889
8,02312511;5,13348866
8,02812511;5,59947062
8,03312511;7,00049162
8,03812511;5,59947062
8,04312511;6,06699038
8,04812511;5,59947062
8,05312511;5,59947062
8,05812511;6,06699038
8,06312511;5,59947062
8,06812511;5,13348866
8,07312511;4,66596889
8,07812511;4,19998741
8,08312511;5,13348866
8,08812511;4,66596889
8,09312511;4,19998741
8,09812511;4,19998741
8,10312511;3,26648593
8,10812511;3,26648593
8,11312511;3,26648593
8,11812511;4,19998741
8,12312511;3,26648593
8,12812511;3,26648593
8,13312511;3,73246789
8,13812511;3,26648593
8,14312511;4,19998741
8,14812511;3,26648593
8,15312511;3,26648593
8,15812511;3,26648593
8,16312511;3,73246789
8,16812511;3,73246789
8,17312511;4,19998741
8,17812511;2,79896641
8,18312511;3,73246789
8,18812511;2,79896641
8,19312511;3,26648593
8,19812511;1,86546493
8,20312511;3,26648593
8,20812511;1,39948320
8,21312511;2,33298445
8,21812511;3,73246789
8,22312511;2,33298445
8,22812511;1,39948320
8,23312511;2,33298445
8,23812511;1,86546493
8,24312511;0,93196350
8,24812511;1,39948320
8,25312511;0,46598175
8,25812511;0,46598175
8,26312511;-0,46598175
8,26812511;0,00000000
8,27312511;-0,46598175
8,27812511;-0,93196350
8,28312511;-1,86546493
8,28812511;-1,86546493
8,29312511;-3,26648593
8,29812511;-3,26648593
8,30312511;-4,19998741
8,30812511;-5,13348866
8,31312511;-5,59947062
8,31812511;-6,53297186
8,32312511;-6,06699038
8,32812511;-7,00049162
8,33312511;-7,93399334
8,33812511;-8,39997482
8,34312511;-8,86749458
8,34812511;-8,86749458
8,35312511;-8,39997482
8,35812511;-7,00049162
8,36312511;-6,53297186
8,36812511;-5,59947062
8,37312511;-4,66596889
8,37812510;-3,73246789
8,38312510;-2,79896641
8,38812510;-0,46598175
8,39312510;0,93196350
8,39812510;1,39948320
8,40312510;2,33298445
8,40812510;2,33298445
8,41312510;1,39948320
8,41812510;1,86546493
8,42312510;0,93196350
8,42812510;-0,46598175
8,43312510;-1,39948320
8,43812510;-1,39948320
8,44312510;-2,79896641
8,44812510;-3,26648593
8,45312510;-3,73246789
8,45812510;-4,19998741
8,46312510;-4,19998741
8,46812510;-3,73246789
8,47312510;-3,26648593
8,47812510;-2,79896641
8,48312510;-2,33298445
8,48812510;-1,39948320
8,49312510;-0,46598175
8,49812510;0,00000000
8,50312510;0,00000000
8,50812510;0,00000000
8,51312510;1,39948320
8,51812510;1,39948320
8,52312510;1,86546493
8,52812510;1,86546493
8,53312510;1,39948320
8,53812510;2,33298445
8,54312510;2,33298445
8,54812510;2,79896641
8,55312510;2,79896641
8,55812510;3,26648593
8,56312510;4,19998741
8,56812510;3,73246789
8,57312510;3,26648593
8,57812510;4,19998741
8,58312510;4,19998741
8,58812510;3,73246789
8,59312510;5,13348866
8,59812510;4,66596889
8,60312510;4,19998741
8,60812510;4,19998741
8,61312510;3,73246789
8,61812510;4,19998741
8,62312510;4,19998741
8,62812510;3,73246789
8,63312510;3,26648593
8,63812510;4,19998741
8,64312510;4,66596889
8,64812510;5,59947062
8,65312510;6,06699038
8,65812510;6,53297186
8,66312510;7,00049162
8,66812510;7,46647358
8,67312510;8,39997482
8,67812510;8,86749458
8,68312510;9,33347607
8,68812510;9,80099583
8,69312510;10,73449707
8,69812510;10,26697731
8,70312510;10,26697731
8,70812510;9,33347607
8,71312510;9,80099583
8,71812510;9,33347607
8,72312510;10,26697731
8,72812510;9,33347607
8,73312510;7,93399334
8,73812510;7,46647358
8,74312510;7,46647358
8,74812510;7,00049162
8,75312510;5,59947062
8,75812510;5,59947062
8,76312510;5,59947062
8,76812510;3,73246789
8,77312509;4,19998741
8,77812509;3,73246789
8,78312509;4,19998741
8,78812509;3,26648593
8,79312509;4,19998741
8,79812509;1,86546493
8,80312509;1,86546493
8,80812509;1,39948320
8,81312509;1,39948320
8,81812509;0,46598175
8,82312509;0,46598175
8,82812509;0,00000000
8,83312509;2,33298445
8,83812509;0,93196350
8,84312509;0,93196350
8,84812509;1,86546493
8,85312509;1,39948320
8,85812509;1,86546493
8,86312509;1,39948320
8,86812509;1,86546493
8,87312509;2,33298445
8,87812509;2,79896641
8,88312509;0,93196350
8,88812509;1,39948320
8,89312509;0,93196350
8,89812509;0,46598175
8,90312509;-0,46598175
8,90812509;-1,39948320
8,91312509;-1,39948320
8,91812509;-2,79896641
8,92312509;-2,79896641
8,92812509;-3,26648593
8,93312509;-3,73246789
8,93812509;-4,19998741
8,94312509;-3,73246789
8,94812509;-3,73246789
8,95312509;-4,19998741
8,95812509;-4,19998741
8,96312509;-2,79896641
8,96812509;-3,73246789
8,97312509;-3,73246789
8,97812509;-3,73246789
8,98312509;-3,73246789
8,98812509;-2,33298445
8,99312509;-2,33298445
8,99812509;-2,33298445
9,00312509;-1,86546493
9,00812509;-2,79896641
9,01312509;-2,79896641
9,01812509;-2,79896641
9,02312509;-3,26648593
9,02812509;-2,79896641
9,03312509;-4,66596889
9,03812509;-3,26648593
9,04312509;-3,26648593
9,04812509;-1,86546493
9,05312509;-4,19998741
9,05812509;-4,66596889
9,06312509;-4,66596889
9,06812509;-5,13348866
9,07312509;-5,13348866
9,07812509;-5,59947062
9,08312509;-5,59947062
9,08812509;-5,13348866
9,09312509;-5,59947062
9,09812509;-6,53297186
9,10312509;-7,00049162
9,10812509;-7,46647358
9,11312509;-7,46647358
9,11812509;-6,53297186
9,12312509;-7,00049162
9,12812509;-6,06699038
9,13312509;-5,59947062
9,13812509;-4,19998741
9,14312509;-3,26648593
9,14812509;-2,79896641
9,15312509;-0,46598175
9,15812509;0,46598175
9,16312509;1,39948320
9,16812508;1,86546493
9,17312508;3,26648593
9,17812508;4,19998741
9,18312508;3,73246789
9,18812508;3,73246789
9,19312508;3,73246789
9,19812508;3,73246789
9,20312508;2,79896641
9,20812508;3,73246789
9,21312508;0,46598175
9,21812508;0,93196350
9,22312508;-0,46598175
9,22812508;-1,86546493
9,23312508;-1,86546493
9,23812508;-1,39948320
9,24312508;-1,86546493
9,24812508;-2,33298445
9,25312508;-3,26648593
9,25812508;-2,33298445
9,26312508;-2,33298445
9,26812508;-1,86546493
9,27312508;-1,39948320
9,27812508;-2,33298445
9,28312508;-1,86546493
9,28812508;-1,39948320
9,29312508;-1,86546493
9,29812508;0,00000000
9,30312508;-0,46598175
9,30812508;2,33298445
9,31312508;0,93196350
9,31812508;0,00000000
9,32312508;0,00000000
9,32812508;0,46598175
9,33312508;1,39948320
9,33812508;0,93196350
9,34312508;1,86546493
9,34812508;1,86546493
9,35312508;1,86546493
9,35812508;2,33298445
9,36312508;2,33298445
9,36812508;2,33298445
9,37312508;2,79896641
9,37812508;1,86546493
9,38312508;1,86546493
9,38812508;1,86546493
9,39312508;1,86546493
9,39812508;2,79896641
9,40312508;3,26648593
9,40812508;2,79896641
9,41312508;3,26648593
9,41812508;3,73246789
9,42312508;4,19998741
9,42812508;5,13348866
9,43312508;5,13348866
9,43812508;6,06699038
9,44312508;6,06699038
9,44812508;7,46647358
9,45312508;7,93399334
9,45812508;7,00049162
9,46312508;7,46647358
9,46812508;7,00049162
9,47312508;7,00049162
9,47812508;7,00049162
9,48312508;7,46647358
9,48812508;7,00049162
9,49312508;6,06699038
9,49812508;6,06699038
9,50312508;5,59947062
9,50812508;5,59947062
9,51312508;5,13348866
9,51812508;4,66596889
9,52312508;4,66596889
9,52812508;4,66596889
9,53312508;3,26648593
9,53812508;3,73246789
9,54312508;3,73246789
9,54812508;3,26648593
9,55312508;5,13348866
9,55812508;3,26648593
9,56312507;3,73246789
9,56812507;2,79896641
9,57312507;3,26648593
9,57812507;3,26648593
9,58312507;2,33298445
9,58812507;2,33298445
9,59312507;2,33298445
9,59812507;2,33298445
9,60312507;1,86546493
9,60812507;1,39948320
9,61312507;1,86546493
9,61812507;8,86749458
9,62312507;1,39948320
9,62812507;0,46598175
9,63312507;3,26648593
9,63812507;1,39948320
9,64312507;2,33298445
9,64812507;0,93196350
9,65312507;1,39948320
9,65812507;1,39948320
9,66312507;1,39948320
9,66812507;0,46598175
9,67312507;-0,46598175
9,67812507;0,00000000
9,68312507;-0,46598175
9,68812507;-0,46598175
9,69312507;-1,39948320
9,69812507;-1,39948320
9,70312507;-2,33298445
9,70812507;-1,86546493
9,71312507;-0,93196350
9,71812507;-2,33298445
9,72312507;-3,73246789
9,72812507;-2,79896641
9,73312507;-3,26648593
9,73812507;-3,26648593
9,74312507;-3,26648593
9,74812507;-2,33298445
9,75312507;-2,33298445
9,75812507;-2,79896641
9,76312507;-2,33298445
9,76812507;-2,79896641
9,77312507;-2,33298445
9,77812507;-2,33298445
9,78312507;-3,26648593
9,78812507;-1,86546493
9,79312507;-2,33298445
9,79812507;-2,33298445
9,80312507;-1,86546493
9,80812507;-2,33298445
9,81312507;-1,86546493
9,81812507;-0,93196350
9,82312507;-0,93196350
9,82812507;-0,93196350
9,83312507;0,93196350
9,83812507;0,46598175
9,84312507;0,46598175
9,84812507;0,00000000
9,85312507;0,46598175
9,85812507;1,86546493
9,86312507;0,00000000
9,86812507;0,46598175
9,87312507;0,00000000
9,87812507;0,00000000
9,88312507;0,00000000
9,88812507;-0,46598175
9,89312507;0,46598175
9,89812507;0,46598175
9,90312507;0,93196350
9,90812507;0,00000000
9,91312507;0,00000000
9,91812507;0,46598175
9,92312507;0,46598175
9,92812507;-1,39948320
9,93312507;0,00000000
9,93812507;0,00000000
9,94312507;0,00000000
9,94812507;0,46598175
9,95312507;0,46598175
9,95812507;0,46598175
9,96312506;0,93196350
9,96812506;0,46598175
9,97312506;0,00000000
9,97812506;0,46598175
9,98312506;-0,46598175
9,98812506;-0,93196350
9,99312506;0,93196350
9,99812506;-0,46598175
10,00312506;-1,39948320
10,00812506;-1,86546493
10,01312506;-1,39948320
10,01812506;-1,86546493
10,02312506;-2,79896641
10,02812506;-0,93196350
10,03312506;-0,46598175
10,03812506;-2,79896641
10,04312506;-2,33298445
10,04812506;-2,79896641
10,05312506;-2,33298445
10,05812506;-3,26648593
10,06312506;-3,26648593
10,06812506;-2,79896641
10,07312506;-3,26648593
10,07812506;-3,73246789
10,08312506;-3,73246789
10,08812506;-3,73246789
10,09312506;-3,73246789
10,09812506;-4,19998741
10,10312506;-4,66596889
10,10812506;-4,66596889
10,11312506;-4,66596889
10,11812506;-3,73246789
10,12312506;-4,66596889
10,12812506;-4,19998741
10,13312506;-5,59947062
10,13812506;-6,06699038
10,14312506;-5,13348866
10,14812506;-7,93399334
10,15312506;-6,53297186
10,15812506;-7,46647358
10,16312506;-8,39997482
10,16812506;-7,93399334
10,17312506;-8,86749458
10,17812506;-9,33347607
10,18312506;-10,26697731
10,18812506;-10,73449707
10,19312506;-10,26697731
10,19812506;-11,20047951
10,20312506;-10,73449707
10,20812506;-11,20047951
10,21312506;-12,13398075
10,21812506;-12,13398075
10,22312506;-12,13398075
10,22812506;-13,06748199
10,23312506;-13,53500175
10,23812506;-13,06748199
10,24312506;-13,53500175
10,24812506;-14,93448448
10,25312506;-14,00098324
10,25812506;-13,53500175
10,26312506;-12,60150051
10,26812506;-13,53500175
10,27312506;-13,53500175
10,27812506;-12,60150051
10,28312506;-10,73449707
10,28812506;-10,26697731
10,29312506;-9,80099583
10,29812506;-7,93399334
10,30312506;-7,46647358
10,30812506;-5,59947062
10,31312506;-5,59947062
10,31812506;-5,59947062
10,32312506;-5,59947062
10,32812506;-4,66596889
10,33312506;-5,59947062
10,33812506;-6,06699038
10,34312506;-5,59947062
10,34812506;-6,06699038
10,35312506;-7,00049162
10,35812505;-6,53297186
10,36312505;-7,00049162
10,36812505;-7,46647358
10,37312505;-6,53297186
10,37812505;-7,93399334
10,38312505;-7,00049162
10,38812505;-7,00049162
10,39312505;-7,00049162
10,39812505;-7,00049162
10,40312505;-5,59947062
10,40812505;-6,06699038
10,41312505;-5,59947062
10,41812505;-5,13348866
10,42312505;-5,59947062
10,42812505;-4,66596889
10,43312505;-5,13348866
10,43812505;-5,13348866
10,44312505;-5,13348866
10,44812505;-4,66596889
10,45312505;-4,19998741
10,45812505;-4,66596889
10,46312505;-4,19998741
10,46812505;-4,66596889
10,47312505;-4,66596889
10,47812505;-4,19998741
10,48312505;-4,19998741
10,48812505;-5,59947062
10,49312505;-6,06699038
10,49812505;-5,13348866
10,50312505;-6,06699038
10,50812505;-5,59947062
10,51312505;-7,00049162
10,51812505;-6,06699038
10,52312505;-7,00049162
10,52812505;-6,53297186
10,53312505;-7,00049162
10,53812505;-7,00049162
10,54312505;-6,06699038
10,54812505;-5,59947062
10,55312505;-5,13348866
10,55812505;-5,13348866
10,56312505;-5,59947062
10,56812505;-2,79896641
10,57312505;-3,26648593
10,57812505;-3,26648593
10,58312505;-2,79896641
10,58812505;-1,86546493
10,59312505;-2,79896641
10,59812505;-1,39948320
10,60312505;-0,93196350
10,60812505;-1,86546493
10,61312505;-1,39948320
10,61812505;-1,39948320
10,62312505;-2,33298445
10,62812505;-2,33298445
10,63312505;-3,73246789
10,63812505;-2,79896641
10,64312505;-3,26648593
10,64812505;-3,73246789
10,65312505;-3,73246789
10,65812505;-3,73246789
10,66312505;-3,73246789
10,66812505;-4,66596889
10,67312505;-4,19998741
10,67812505;-5,59947062
10,68312505;-4,66596889
10,68812505;-5,13348866
10,69312505;-6,06699038
10,69812505;-6,06699038
10,70312505;-6,06699038
10,70812505;-7,46647358
10,71312505;-7,46647358
10,71812505;-7,00049162
10,72312505;-7,00049162
10,72812505;-8,86749458
10,73312505;-8,86749458
10,73812505;-7,93399334
10,74312505;-7,00049162
10,74812505;-7,00049162
10,75312504;-7,93399334
10,75812504;-7,00049162
10,76312504;-6,06699038
10,76812504;-6,53297186
10,77312504;-6,06699038
10,77812504;-8,39997482
10,78312504;-5,59947062
10,78812504;-6,06699038
10,79312504;-5,59947062
10,79812504;-6,53297186
10,80312504;-6,53297186
10,80812504;-7,46647358
10,81312504;-7,93399334
10,81812504;-7,93399334
10,82312504;-8,39997482
10,82812504;-8,86749458
10,83312504;-9,33347607
10,83812504;-10,73449707
10,84312504;-10,73449707
10,84812504;-11,66799831
10,85312504;-11,20047951
10,85812504;-11,20047951
10,86312504;-11,66799831
10,86812504;-12,60150051
10,87312504;-12,13398075
10,87812504;-12,60150051
10,88312504;-13,06748199
10,88812504;-13,06748199
10,89312504;-13,53500175
10,89812504;-13,53500175
10,90312504;-13,53500175
10,90812504;-13,53500175
10,91312504;-14,93448448
10,91812504;-14,46850300
10,92312504;-14,46850300
10,92812504;-15,40046692
10,93312504;-15,86798668
10,93812504;-15,86798668
10,94312504;-15,40046692
10,94812504;-15,86798668
10,95312504;-16,33396912
10,95812504;-17,26746941
10,96312504;-17,26746941
10,96812504;-15,86798668
10,97312504;-18,20096970
10,97812504;-17,73498917
10,98312504;-18,20096970
10,98812504;-18,20096970
10,99312504;-18,66848946
10,99812504;-17,73498917
11,00312504;-18,20096970
11,00812504;-17,73498917
11,01312504;-17,26746941
11,01812504;-18,20096970
11,02312504;-17,73498917
11,02812504;-17,26746941
11,03312504;-16,33396912
11,03812504;-16,80148888
11,04312504;-15,40046692
11,04812504;-15,40046692
11,05312504;-14,00098324
11,05812504;-13,06748199
11,06312504;-11,66799831
11,06812504;-11,20047951
11,07312504;-10,26697731
11,07812504;-9,80099583
11,08312504;-9,33347607
11,08812504;-9,33347607
11,09312504;-9,33347607
11,09812504;-9,33347607
11,10312504;-10,26697731
11,10812504;-9,80099583
11,11312504;-11,20047951
11,11812504;-11,20047951
11,12312504;-11,66799831
11,12812504;-11,66799831
11,13312504;-12,60150051
11,13812504;-13,06748199
11,14312504;-12,60150051
11,14812503;-13,53500175
11,15312503;-12,60150051
11,15812503;-13,06748199
11,16312503;-13,06748199
11,16812503;-11,66799831
11,17312503;-11,20047951
11,17812503;-11,20047951
11,18312503;-9,33347607
11,18812503;-9,33347607
11,19312503;-8,86749458
11,19812503;-7,46647358
11,20312503;-6,06699038
11,20812503;-5,13348866
11,21312503;-4,66596889
11,21812503;-4,19998741
11,22312503;-3,73246789
11,22812503;-3,73246789
11,23312503;-4,19998741
11,23812503;-2,79896641
11,24312503;-2,79896641
11,24812503;-3,26648593
11,25312503;-3,73246789
11,25812503;-3,26648593
11,26312503;-2,33298445
11,26812503;-3,73246789
11,27312503;-4,19998741
11,27812503;-4,19998741
11,28312503;-4,66596889
11,28812503;-5,59947062
11,29312503;-6,53297186
11,29812503;-6,06699038
11,30312503;-5,59947062
11,30812503;-5,13348866
11,31312503;-5,59947062
11,31812503;-5,13348866
11,32312503;-5,13348866
11,32812503;-5,13348866
11,33312503;-4,66596889
11,33812503;-4,66596889
11,34312503;-4,19998741
11,34812503;-3,73246789
11,35312503;-4,66596889
11,35812503;-5,13348866
11,36312503;-5,13348866
11,36812503;-5,13348866
11,37312503;-5,13348866
11,37812503;-6,53297186
11,38312503;-7,00049162
11,38812503;-7,46647358
11,39312503;-7,93399334
11,39812503;-8,39997482
11,40312503;-8,39997482
11,40812503;-8,86749458
11,41312503;-9,80099583
11,41812503;-9,33347607
11,42312503;-9,80099583
11,42812503;-11,20047951
11,43312503;-10,73449707
11,43812503;-11,20047951
11,44312503;-10,73449707
11,44812503;-10,26697731
11,45312503;-10,73449707
11,45812503;-11,20047951
11,46312503;-11,66799831
11,46812503;-11,20047951
11,47312503;-11,20047951
11,47812503;-10,73449707
11,48312503;-12,60150051
11,48812503;-12,60150051
11,49312503;-12,60150051
11,49812503;-11,20047951
11,50312503;-10,26697731
11,50812503;-10,26697731
11,51312503;-9,80099583
11,51812503;-9,80099583
11,52312503;-9,33347607
11,52812503;-8,86749458
11,53312503;-8,86749458
11,53812503;-8,39997482
11,54312502;-8,86749458
11,54812502;-7,93399334
11,55312502;-8,86749458
11,55812502;-8,86749458
11,56312502;-9,33347607
11,56812502;-9,80099583
11,57312502;-10,26697731
11,57812502;-11,20047951
11,58312502;-11,66799831
11,58812502;-10,26697731
11,59312502;-12,13398075
11,59812502;-11,20047951
11,60312502;-12,13398075
11,60812502;-13,06748199
11,61312502;-11,66799831
11,61812502;-11,66799831
11,62312502;-12,13398075
11,62812502;-11,66799831
11,63312502;-8,86749458
11,63812502;-10,26697731
11,64312502;-11,20047951
11,64812502;-8,39997482
11,65312502;-10,26697731
11,65812502;-9,33347607
11,66312502;-9,33347607
11,66812502;-9,33347607
11,67312502;-9,80099583
11,67812502;-9,33347607
11,68312502;-9,33347607
11,68812502;-9,33347607
11,69312502;-9,80099583
11,69812502;-8,86749458
11,70312502;-8,39997482
11,70812502;-10,26697731
11,71312502;-8,39997482
11,71812502;-9,33347607
11,72312502;-12,60150051
11,72812502;-8,39997482
11,73312502;-8,39997482
11,73812502;-7,46647358
11,74312502;-7,93399334
11,74812502;-8,39997482
11,75312502;-8,39997482
11,75812502;-7,93399334
11,76312502;-8,86749458
11,76812502;-7,93399334
11,77312502;-8,86749458
11,77812502;-9,33347607
11,78312502;-10,26697731
11,78812502;-9,80099583
11,79312502;-10,26697731
11,79812502;-10,73449707
11,80312502;-11,20047951
11,80812502;-10,26697731
11,81312502;-11,20047951
11,81812502;-11,20047951
11,82312502;-9,80099583
11,82812502;-10,73449707
11,83312502;-10,26697731
11,83812502;-10,26697731
11,84312502;-10,26697731
11,84812502;-9,80099583
11,85312502;-9,80099583
11,85812502;-10,26697731
11,86312502;-10,26697731
11,86812502;-10,73449707
11,87312502;-10,73449707
11,87812502;-11,66799831
11,88312502;-11,20047951
11,88812502;-11,66799831
11,89312502;-11,20047951
11,89812502;-12,13398075
11,90312502;-12,60150051
11,90812502;-11,66799831
11,91312502;-11,66799831
11,91812502;-10,73449707
11,92312502;-11,20047951
11,92812502;-12,13398075
11,93312502;-11,20047951
11,93812502;-10,73449707
11,94312501;-11,66799831
11,94812501;-12,13398075
11,95312501;-11,20047951
11,95812501;-10,73449707
11,96312501;-12,13398075
11,96812501;-12,13398075
11,97312501;-12,60150051
11,97812501;-12,60150051
11,98312501;-13,53500175
11,98812501;-14,46850300
11,99312501;-13,53500175
11,99812501;-13,53500175
12,00312501;-13,06748199
12,00812501;-13,53500175
12,01312501;-13,53500175
12,01812501;-13,53500175
12,02312501;-14,00098324
12,02812501;-13,53500175
12,03312501;-14,00098324
12,03812501;-13,06748199
12,04312501;-13,53500175
12,04812501;-12,60150051
12,05312501;-13,53500175
12,05812501;-13,06748199
12,06312501;-14,00098324
12,06812501;-13,06748199
12,07312501;-13,06748199
12,07812501;-13,53500175
12,08312501;-13,53500175
12,08812501;-13,06748199
12,09312501;-14,93448448
12,09812501;-14,93448448
12,10312501;-14,93448448
12,10812501;-15,86798668
12,11312501;-15,86798668
12,11812501;-17,73498917
12,12312501;-17,26746941
12,12812501;-19,13447189
12,13312501;-19,60199165
12,13812501;-21,00147629
12,14312501;-21,00147629
12,14812501;-21,00147629
12,15312501;-21,93497658
12,15812501;-22,40249634
12,16312501;-21,93497658
12,16812501;-21,00147629
12,17312501;-19,60199165
12,17812501;-19,60199165
12,18312501;-18,20096970
12,18812501;-16,33396912
12,19312501;-15,86798668
12,19812501;-13,53500175
12,20312501;-13,06748199
12,20812501;-12,60150051
12,21312501;-11,20047951
12,21812501;-11,66799831
12,22312501;-11,66799831
12,22812501;-12,60150051
12,23312501;-14,00098324
12,23812501;-14,46850300
12,24312501;-15,86798668
12,24812501;-13,06748199
12,25312501;-16,80148888
12,25812501;-17,26746941
12,26312501;-18,20096970
12,26812501;-17,73498917
12,27312501;-17,73498917
12,27812501;-18,20096970
12,28312501;-17,26746941
12,28812501;-16,33396912
12,29312501;-14,93448448
12,29812501;-15,86798668
12,30312501;-14,93448448
12,30812501;-14,46850300
12,31312501;-13,53500175
12,31812501;-13,53500175
12,32312501;-12,13398075
12,32812501;-13,06748199
12,33312501;-13,53500175
12,33812500;-14,00098324
12,34312500;-14,00098324
12,34812500;-13,53500175
12,35312500;-14,46850300
12,35812500;-14,00098324
12,36312500;-14,00098324
12,36812500;-13,53500175
12,37312500;-12,60150051
12,37812500;-13,06748199
12,38312500;-11,66799831
12,38812500;-12,13398075
12,39312500;-10,73449707
12,39812500;-11,66799831
12,40312500;-11,66799831
12,40812500;-11,20047951
12,41312500;-11,20047951
12,41812500;-10,26697731
12,42312500;3,26648593
12,42812500;-10,26697731
12,43312500;-9,33347607
12,43812500;-9,33347607
12,44312500;-8,86749458
12,44812500;-7,46647358
12,45312500;-8,39997482
12,45812500;-7,93399334
12,46312500;-8,86749458
12,46812500;-7,00049162
12,47312500;-6,53297186
12,47812500;-5,59947062
12,48312500;-6,06699038
12,48812500;-4,66596889
12,49312500;-4,66596889
12,49812500;-4,19998741
12,50312500;-4,19998741
12,50812500;-3,73246789
12,51312500;-3,73246789
12,51812500;-3,26648593
12,52312500;-3,73246789
12,52812500;-3,73246789
12,53312500;-2,79896641
12,53812500;-3,26648593
12,54312500;-3,26648593
12,54812500;-2,79896641
12,55312500;-3,26648593
12,55812500;-3,73246789
12,56312500;-3,73246789
12,56812500;-4,19998741
12,57312500;-4,66596889
12,57812500;-5,13348866
12,58312500;-5,13348866
12,58812500;-5,59947062
12,59312500;-5,13348866
12,59812500;-6,06699038
12,60312500;-7,00049162
12,60812500;-7,46647358
12,61312500;-7,46647358
12,61812500;-7,93399334
12,62312500;-8,86749458
12,62812500;-8,86749458
12,63312500;-9,80099583
12,63812500;-10,26697731
12,64312500;-10,26697731
12,64812500;-9,33347607
12,65312500;-11,20047951
12,65812500;-8,86749458
12,66312500;-9,33347607
12,66812500;-8,86749458
12,67312500;-8,86749458
12,67812500;-8,86749458
12,68312500;-7,93399334
12,68812500;-9,33347607
12,69312500;-8,86749458
12,69812500;-10,26697731
12,70312500;-11,20047951
12,70812500;-12,13398075
12,71312500;-12,60150051
12,71812500;-12,60150051
12,72312500;-13,53500175
12,72812500;-14,46850300
12,73312499;-14,93448448
12,73812499;-15,86798668
12,74312499;-16,80148888
12,74812499;-16,80148888
12,75312499;-16,80148888
12,75812499;-17,73498917
12,76312499;-17,26746941
12,76812499;-17,73498917
12,77312499;-16,80148888
12,77812499;-17,73498917
12,78312499;-17,73498917
12,78812499;-17,26746941
12,79312499;-17,26746941
12,79812499;-17,73498917
12,80312499;-17,26746941
12,80812499;-17,26746941
12,81312499;-17,73498917
12,81812499;-17,73498917
12,82312499;-14,46850300
12,82812499;-16,80148888
12,83312499;-17,26746941
12,83812499;-17,73498917
12,84312499;-17,26746941
12,84812499;-15,40046692
12,85312499;-17,26746941
12,85812499;-16,33396912
12,86312499;-16,33396912
12,86812499;-15,86798668
12,87312499;-15,40046692
12,87812499;-14,93448448
12,88312499;-15,40046692
12,88812499;-15,40046692
12,89312499;-15,86798668
12,89812499;-15,86798668
12,90312499;-15,40046692
12,90812499;-16,33396912
12,91312499;-17,26746941
12,91812499;-16,33396912
12,92312499;-16,33396912
12,92812499;-16,80148888
12,93312499;-14,93448448
12,93812499;-14,00098324
12,94312499;-13,06748199
12,94812499;-11,20047951
12,95312499;-10,26697731
12,95812499;-8,39997482
12,96312499;-7,46647358
12,96812499;-5,13348866
12,97312499;-4,19998741
12,97812499;-3,73246789
12,98312499;-2,33298445
12,98812499;-1,86546493
12,99312499;-0,93196350
12,99812499;-1,86546493
13,00312499;-3,26648593
13,00812499;-1,86546493
13,01312499;-3,73246789
13,01812499;-2,79896641
13,02312499;-3,73246789
13,02812499;-4,19998741
13,03312499;-5,13348866
13,03812499;-4,66596889
13,04312499;-5,59947062
13,04812499;-5,59947062
13,05312499;-6,06699038
13,05812499;-5,13348866
13,06312499;-3,73246789
13,06812499;-4,19998741
13,07312499;-4,66596889
13,07812499;-3,73246789
13,08312499;-4,19998741
13,08812499;-4,19998741
13,09312499;-3,26648593
13,09812499;-2,79896641
13,10312499;-3,26648593
13,10812499;-3,26648593
13,11312499;-2,33298445
13,11812499;-2,33298445
13,12312499;-2,33298445
13,12812498;-2,33298445
13,13312498;-2,79896641
13,13812498;-1,86546493
13,14312498;-2,33298445
13,14812498;-2,79896641
13,15312498;-2,33298445
13,15812498;-3,26648593
13,16312498;-2,79896641
13,16812498;-3,26648593
13,17312498;-3,73246789
13,17812498;-3,26648593
13,18312498;-4,19998741
13,18812498;-4,19998741
13,19312498;-4,19998741
13,19812498;-4,19998741
13,20312498;-4,66596889
13,20812498;-4,19998741
13,21312498;-4,19998741
13,21812498;-3,73246789
13,22312498;-4,19998741
13,22812498;-2,79896641
13,23312498;-2,79896641
13,23812498;-2,33298445
13,24312498;-2,33298445
13,24812498;-1,86546493
13,25312498;-1,86546493
13,25812498;-0,93196350
13,26312498;-1,86546493
13,26812498;-1,86546493
13,27312498;0,00000000
13,27812498;-0,93196350
13,28312498;-1,39948320
13,28812498;-0,93196350
13,29312498;-0,46598175
13,29812498;-0,46598175
13,30312498;-0,93196350
13,30812498;0,00000000
13,31312498;-0,93196350
13,31812498;-1,39948320
13,32312498;-2,33298445
13,32812498;-2,33298445
13,33312498;-2,79896641
13,33812498;-2,33298445
13,34312498;-2,79896641
13,34812498;-2,79896641
13,35312498;-0,46598175
13,35812498;-2,79896641
13,36312498;-2,79896641
13,36812498;-2,33298445
13,37312498;-2,33298445
13,37812498;-1,39948320
13,38312498;-1,39948320
13,38812498;-0,46598175
13,39312498;-0,46598175
13,39812498;0,00000000
13,40312498;0,93196350
13,40812498;1,39948320
13,41312498;1,39948320
13,41812498;1,39948320
13,42312498;1,39948320
13,42812498;1,86546493
13,43312498;0,93196350
13,43812498;1,39948320
13,44312498;1,39948320
13,44812498;2,33298445
13,45312498;1,39948320
13,45812498;0,93196350
13,46312498;0,93196350
13,46812498;0,46598175
13,47312498;0,00000000
13,47812498;0,00000000
13,48312498;-0,46598175
13,48812498;0,93196350
13,49312498;0,00000000
13,49812498;0,00000000
13,50312498;-0,93196350
13,50812498;-0,46598175
13,51312498;-1,39948320
13,51812498;-0,93196350
13,52312497;-0,46598175
13,52812497;-0,93196350
13,53312497;-0,93196350
13,53812497;-1,39948320
13,54312497;-1,86546493
13,54812497;-0,93196350
13,55312497;-0,93196350
13,55812497;-1,86546493
13,56312497;-1,39948320
13,56812497;-0,46598175
13,57312497;-1,39948320
13,57812497;-0,46598175
13,58312497;-0,46598175
13,58812497;-0,46598175
13,59312497;-0,93196350
13,59812497;0,00000000
13,60312497;-0,46598175
13,60812497;-0,93196350
13,61312497;-0,93196350
13,61812497;-1,39948320
13,62312497;-1,39948320
13,62812497;0,46598175
13,63312497;0,00000000
13,63812497;0,93196350
13,64312497;1,39948320
13,64812497;0,46598175
13,65312497;0,00000000
13,65812497;1,39948320
13,66312497;0,93196350
13,66812497;1,86546493
13,67312497;2,79896641
13,67812497;2,33298445
13,68312497;3,26648593
13,68812497;2,79896641
13,69312497;3,73246789
13,69812497;3,73246789
13,70312497;3,73246789
13,70812497;4,19998741
13,71312497;3,73246789
13,71812497;5,13348866
13,72312497;4,19998741
13,72812497;4,66596889
13,73312497;5,13348866
13,73812497;4,66596889
13,74312497;4,66596889
13,74812497;5,13348866
13,75312497;5,59947062
13,75812497;5,13348866
13,76312497;4,66596889
13,76812497;4,66596889
13,77312497;6,06699038
13,77812497;4,66596889
13,78312497;4,19998741
13,78812497;5,13348866
13,79312497;5,13348866
13,79812497;4,66596889
13,80312497;4,66596889
13,80812497;3,73246789
13,81312497;4,19998741
13,81812497;3,73246789
13,82312497;2,79896641
13,82812497;4,19998741
13,83312497;3,26648593
13,83812497;4,19998741
13,84312497;3,26648593
13,84812497;3,73246789
13,85312497;2,79896641
13,85812497;3,73246789
13,86312497;4,19998741
13,86812497;3,26648593
13,87312497;2,79896641
13,87812497;2,79896641
13,88312497;3,26648593
13,88812497;3,26648593
13,89312497;3,26648593
13,89812497;2,33298445
13,90312497;2,33298445
13,90812497;1,86546493
13,91312497;1,86546493
13,91812496;1,86546493
13,92312496;0,46598175
13,92812496;0,93196350
13,93312496;0,46598175
13,93812496;0,46598175
13,94312496;0,00000000
13,94812496;0,46598175
13,95312496;-0,46598175
13,95812496;-0,46598175
13,96312496;-0,93196350
13,96812496;0,00000000
13,97312496;-1,39948320
13,97812496;-1,39948320
13,98312496;-0,46598175
13,98812496;-1,39948320
13,99312496;-2,33298445
13,99812496;-1,86546493
14,00312496;-2,79896641
14,00812496;-2,79896641
14,01312496;-3,73246789
14,01812496;-4,19998741
14,02312496;-5,13348866
14,02812496;-5,59947062
14,03312496;-5,59947062
14,03812496;-7,00049162
14,04312496;-6,53297186
14,04812496;-7,46647358
14,05312496;-7,00049162
14,05812496;-6,06699038
14,06312496;-5,13348866
14,06812496;-4,66596889
14,07312496;-3,73246789
14,07812496;-2,33298445
14,08312496;-1,39948320
14,08812496;-0,93196350
14,09312496;0,00000000
14,09812496;0,93196350
14,10312496;2,33298445
14,10812496;3,26648593
14,11312496;3,26648593
14,11812496;4,19998741
14,12312496;2,79896641
14,12812496;3,26648593
14,13312496;3,26648593
14,13812496;2,79896641
14,14312496;2,33298445
14,14812496;2,33298445
14,15312496;2,33298445
14,15812496;2,79896641
14,16312496;2,33298445
14,16812496;2,33298445
14,17312496;1,86546493
14,17812496;2,79896641
14,18312496;3,73246789
14,18812496;3,26648593
14,19312496;3,73246789
14,19812496;4,19998741
14,20312496;4,19998741
14,20812496;4,19998741
14,21312496;4,19998741
14,21812496;4,66596889
14,22312496;5,59947062
14,22812496;5,59947062
14,23312496;5,59947062
14,23812496;5,59947062
14,24312496;6,06699038
14,24812496;5,59947062
14,25312496;6,53297186
14,25812496;6,53297186
14,26312496;8,39997482
14,26812496;6,53297186
14,27312496;7,46647358
14,27812496;8,39997482
14,28312496;8,39997482
14,28812496;8,39997482
14,29312496;8,39997482
14,29812496;8,39997482
14,30312496;8,86749458
14,30812496;7,46647358
14,31312496;8,39997482
14,31812495;7,93399334
14,32312495;8,39997482
14,32812495;8,39997482
14,33312495;8,39997482
14,33812495;8,39997482
14,34312495;8,39997482
14,34812495;8,39997482
14,35312495;8,86749458
14,35812495;9,80099583
14,36312495;10,73449707
14,36812495;10,73449707
14,37312495;10,73449707
14,37812495;12,13398075
14,38312495;7,93399334
14,38812495;13,06748199
14,39312495;13,06748199
14,39812495;13,53500175
14,40312495;13,53500175
14,40812495;13,53500175
14,41312495;13,53500175
14,41812495;13,53500175
14,42312495;12,60150051
14,42812495;13,06748199
14,43312495;12,13398075
14,43812495;12,13398075
14,44312495;11,66799831
14,44812495;10,73449707
14,45312495;9,80099583
14,45812495;8,39997482
14,46312495;7,93399334
14,46812495;7,93399334
14,47312495;7,46647358
14,47812495;6,53297186
14,48312495;6,53297186
14,48812495;6,06699038
14,49312495;6,06699038
14,49812495;5,59947062
14,50312495;5,13348866
14,50812495;4,66596889
14,51312495;5,13348866
14,51812495;5,13348866
14,52312495;4,19998741
14,52812495;4,19998741
14,53312495;4,19998741
14,53812495;4,66596889
14,54312495;4,66596889
14,54812495;5,59947062
14,55312495;5,13348866
14,55812495;6,06699038
14,56312495;5,59947062
14,56812495;6,06699038
14,57312495;6,06699038
14,57812495;6,06699038
14,58312495;6,53297186
14,58812495;6,06699038
14,59312495;5,59947062
14,59812495;6,53297186
14,60312495;5,13348866
14,60812495;5,13348866
14,61312495;4,66596889
14,61812495;4,66596889
14,62312495;4,19998741
14,62812495;3,73246789
14,63312495;3,73246789
14,63812495;3,73246789
14,64312495;2,79896641
14,64812495;2,79896641
14,65312495;-6,06699038
14,65812495;2,79896641
14,66312495;3,26648593
14,66812495;3,26648593
14,67312495;3,26648593
14,67812495;2,79896641
14,68312495;2,33298445
14,68812495;2,79896641
14,69312495;2,79896641
14,69812495;3,73246789
14,70312495;1,86546493
14,70812495;2,79896641
14,71312494;1,86546493
14,71812494;1,86546493
14,72312494;1,39948320
14,72812494;1,86546493
14,73312494;1,86546493
14,73812494;2,33298445
14,74312494;1,86546493
14,74812494;2,33298445
14,75312494;4,19998741
14,75812494;3,26648593
14,76312494;3,26648593
14,76812494;4,19998741
14,77312494;4,66596889
14,77812494;6,06699038
14,78312494;4,19998741
14,78812494;10,26697731
14,79312494;3,73246789
14,79812494;3,73246789
14,80312494;3,73246789
14,80812494;3,73246789
14,81312494;2,79896641
14,81812494;2,33298445
14,82312494;2,79896641
14,82812494;2,33298445
14,83312494;2,79896641
14,83812494;3,26648593
14,84312494;4,66596889
14,84812494;4,66596889
14,85312494;7,00049162
14,85812494;7,00049162
14,86312494;7,93399334
14,86812494;9,80099583
14,87312494;10,73449707
14,87812494;12,60150051
14,88312494;11,66799831
14,88812494;12,60150051
14,89312494;13,53500175
14,89812494;12,60150051
14,90312494;13,06748199
14,90812494;12,60150051
14,91312494;12,13398075
14,91812494;12,13398075
14,92312494;10,26697731
14,92812494;9,80099583
14,93312494;9,80099583
14,93812494;9,33347607
14,94312494;9,33347607
14,94812494;8,86749458
14,95312494;8,86749458
14,95812494;8,86749458
14,96312494;8,86749458
14,96812494;9,33347607
14,97312494;8,39997482
14,97812494;9,33347607
14,98312494;9,33347607
14,98812494;9,33347607
14,99312494;9,80099583
14,99812494;10,26697731
15,00312494;9,33347607
15,00812494;9,80099583
15,01312494;10,26697731
15,01812494;10,73449707
15,02312494;10,73449707
15,02812494;10,73449707
15,03312494;11,66799831
15,03812494;11,20047951
15,04312494;11,20047951
15,04812494;11,66799831
15,05312494;11,20047951
15,05812494;12,13398075
15,06312494;12,60150051
15,06812494;12,13398075
15,07312494;12,13398075
15,07812494;12,60150051
15,08312494;11,66799831
15,08812494;11,20047951
15,09312494;9,80099583
15,09812494;10,73449707
15,10312494;12,13398075
15,10812493;12,13398075
15,11312493;12,13398075
15,11812493;13,06748199
15,12312493;13,06748199
15,12812493;12,13398075
15,13312493;13,06748199
15,13812493;13,06748199
15,14312493;14,00098324
15,14812493;13,53500175
15,15312493;14,93448448
15,15812493;14,93448448
15,16312493;14,46850300
15,16812493;14,46850300
15,17312493;14,00098324
15,17812493;14,46850300
15,18312493;14,46850300
15,18812493;14,00098324
15,19312493;14,00098324
15,19812493;13,53500175
15,20312493;13,53500175
15,20812493;14,00098324
15,21312493;13,06748199
15,21812493;13,53500175
15,22312493;13,53500175
15,22812493;13,06748199
15,23312493;12,60150051
15,23812493;13,06748199
15,24312493;13,53500175
15,24812493;14,00098324
15,25312493;14,46850300
15,25812493;14,46850300
15,26312493;14,00098324
15,26812493;14,46850300
15,27312493;14,93448448
15,27812493;15,86798668
15,28312493;14,46850300
15,28812493;14,93448448
15,29312493;14,46850300
15,29812493;14,93448448
15,30312493;14,93448448
15,30812493;14,93448448
15,31312493;15,86798668
15,31812493;15,86798668
15,32312493;15,86798668
15,32812493;17,73498917
15,33312493;16,33396912
15,33812493;16,33396912
15,34312493;16,33396912
15,34812493;16,33396912
15,35312493;15,86798668
15,35812493;16,33396912
15,36312493;14,93448448
15,36812493;14,46850300
15,37312493;15,40046692
15,37812493;14,00098324
15,38312493;14,00098324
15,38812493;13,53500175
15,39312493;14,00098324
15,39812493;14,00098324
15,40312493;13,06748199
15,40812493;12,60150051
15,41312493;13,53500175
15,41812493;12,60150051
15,42312493;13,53500175
15,42812493;13,06748199
15,43312493;14,46850300
15,43812493;14,46850300
15,44312493;13,53500175
15,44812493;14,00098324
15,45312493;13,06748199
15,45812493;14,00098324
15,46312493;14,93448448
15,46812493;14,46850300
15,47312493;14,93448448
15,47812493;11,66799831
15,48312493;13,53500175
15,48812493;12,13398075
15,49312493;12,13398075
15,49812493;13,06748199
15,50312492;13,53500175
15,50812492;13,06748199
15,51312492;14,93448448
15,51812492;13,53500175
15,52312492;14,00098324
15,52812492;14,00098324
15,53312492;14,93448448
15,53812492;14,46850300
15,54312492;15,40046692
15,54812492;14,93448448
15,55312492;15,86798668
15,55812492;15,86798668
15,56312492;15,40046692
15,56812492;15,86798668
15,57312492;16,33396912
15,57812492;15,40046692
15,58312492;15,40046692
15,58812492;15,86798668
15,59312492;15,86798668
15,59812492;15,40046692
15,60312492;15,40046692
15,60812492;14,93448448
15,61312492;15,40046692
15,61812492;15,86798668
15,62312492;15,40046692
15,62812492;15,86798668
15,63312492;15,86798668
15,63812492;15,86798668
15,64312492;15,40046692
15,64812492;16,33396912
15,65312492;15,86798668
15,65812492;15,86798668
15,66312492;15,86798668
15,66812492;15,40046692
15,67312492;15,86798668
15,67812492;16,33396912
15,68312492;15,40046692
15,68812492;16,80148888
15,69312492;15,40046692
15,69812492;15,86798668
15,70312492;15,86798668
15,70812492;15,86798668
15,71312492;15,40046692
15,71812492;15,86798668
15,72312492;15,40046692
15,72812492;15,86798668
15,73312492;15,40046692
15,73812492;14,93448448
15,74312492;14,93448448
15,74812492;14,46850300
15,75312492;14,93448448
15,75812492;14,93448448
15,76312492;13,53500175
15,76812492;14,00098324
15,77312492;14,93448448
15,77812492;13,53500175
15,78312492;13,06748199
15,78812492;12,60150051
15,79312492;13,06748199
15,79812492;13,06748199
15,80312492;13,06748199
15,80812492;13,53500175
15,81312492;12,60150051
15,81812492;12,60150051
15,82312492;12,13398075
15,82812492;12,13398075
15,83312492;12,60150051
15,83812492;12,13398075
15,84312492;12,60150051
15,84812492;12,13398075
15,85312492;11,66799831
15,85812492;12,13398075
15,86312492;12,60150051
15,86812492;12,60150051
15,87312492;-0,46598175
15,87812492;11,20047951
15,88312492;11,66799831
15,88812492;11,66799831
15,89312492;11,20047951
15,89812491;11,20047951
15,90312491;9,80099583
15,90812491;9,33347607
15,91312491;7,93399334
15,91812491;8,39997482
15,92312491;7,00049162
15,92812491;6,53297186
15,93312491;5,59947062
15,93812491;6,53297186
15,94312491;5,13348866
15,94812491;4,66596889
15,95312491;4,66596889
15,95812491;4,66596889
15,96312491;5,13348866
15,96812491;6,53297186
15,97312491;6,06699038
15,97812491;7,00049162
15,98312491;7,46647358
15,98812491;8,86749458
15,99312491;10,26697731
15,99812491;12,13398075
16,00312491;14,46850300
16,00812491;14,46850300
16,01312491;15,86798668
16,01812491;15,86798668
16,02312491;17,73498917
16,02812491;16,33396912
16,03312491;16,33396912
16,03812491;15,86798668
16,04312491;15,40046692
16,04812491;14,00098324
16,05312491;14,93448448
16,05812491;12,60150051
16,06312491;12,60150051
16,06812491;11,20047951
16,07312491;11,20047951
16,07812491;11,66799831
16,08312491;10,73449707
16,08812491;11,20047951
16,09312491;11,20047951
16,09812491;11,66799831
16,10312491;12,13398075
16,10812491;12,13398075
16,11312491;12,60150051
16,11812491;12,13398075
16,12312491;12,60150051
16,12812491;12,60150051
16,13312491;13,06748199
16,13812491;12,13398075
16,14312491;12,60150051
16,14812491;13,53500175
16,15312491;13,53500175
16,15812491;14,00098324
16,16312491;14,00098324
16,16812491;14,46850300
16,17312491;14,46850300
16,17812491;14,93448448
16,18312491;14,93448448
16,18812491;14,93448448
16,19312491;15,40046692
16,19812491;14,93448448
16,20312491;14,93448448
16,20812491;14,46850300
16,21312491;14,00098324
16,21812491;13,53500175
16,22312491;13,53500175
16,22812491;14,00098324
16,23312491;13,06748199
16,23812491;13,53500175
16,24312491;13,53500175
16,24812491;14,00098324
16,25312491;14,00098324
16,25812491;15,40046692
16,26312491;16,80148888
16,26812491;16,33396912
16,27312491;15,86798668
16,27812491;17,26746941
16,28312491;18,20096970
16,28812491;17,26746941
16,29312490;18,66848946
16,29812490;18,66848946
16,30312490;18,66848946
16,30812490;19,13447189
16,31312490;19,13447189
16,31812490;22,40249634
16,32312490;19,13447189
16,32812490;18,66848946
16,33312490;18,20096970
16,33812490;17,73498917
16,34312490;17,73498917
16,34812490;16,80148888
16,35312490;16,80148888
16,35812490;16,80148888
16,36312490;16,33396912
16,36812490;15,86798668
16,37312490;15,40046692
16,37812490;15,40046692
16,38312490;14,46850300
16,38812490;14,93448448
16,39312490;14,00098324
16,39812490;13,53500175
16,40312490;14,00098324
16,40812490;12,60150051
16,41312490;11,20047951
16,41812490;12,13398075
16,42312490;11,66799831
16,42812490;11,20047951
16,43312490;11,20047951
16,43812490;11,66799831
16,44312490;10,73449707
16,44812490;11,66799831
16,45312490;10,73449707
16,45812490;11,66799831
16,46312490;10,73449707
16,46812490;12,60150051
16,47312490;13,06748199
16,47812490;11,20047951
16,48312490;12,60150051
16,48812490;12,13398075
16,49312490;12,13398075
16,49812490;10,73449707
16,50312490;10,26697731
16,50812490;9,80099583
16,51312490;9,33347607
16,51812490;8,86749458
16,52312490;7,46647358
16,52812490;8,39997482
16,53312490;6,06699038
16,53812490;5,59947062
16,54312490;5,59947062
16,54812490;5,59947062
16,55312490;5,13348866
16,55812490;5,13348866
16,56312490;4,66596889
16,56812490;5,13348866
16,57312490;4,66596889
16,57812490;5,59947062
16,58312490;5,13348866
16,58812490;6,06699038
16,59312490;5,13348866
16,59812490;6,06699038
16,60312490;2,79896641
16,60812490;7,00049162
16,61312490;6,53297186
16,61812490;7,00049162
16,62312490;6,06699038
16,62812490;7,00049162
16,63312490;7,46647358
16,63812490;6,53297186
16,64312490;6,06699038
16,64812490;6,53297186
16,65312490;7,00049162
16,65812490;6,53297186
16,66312490;7,46647358
16,66812490;7,46647358
16,67312490;7,46647358
16,67812490;7,00049162
16,68312490;7,00049162
16,68812490;7,00049162
16,69312489;7,00049162
16,69812489;6,06699038
16,70312489;6,53297186
16,70812489;7,00049162
16,71312489;5,59947062
16,71812489;5,59947062
16,72312489;5,13348866
16,72812489;4,66596889
16,73312489;6,06699038
16,73812489;7,93399334
16,74312489;8,39997482
16,74812489;8,86749458
16,75312489;10,26697731
16,75812489;12,60150051
16,76312489;10,26697731
16,76812489;15,40046692
16,77312489;16,33396912
16,77812489;17,26746941
16,78312489;17,73498917
16,78812489;18,66848946
16,79312489;18,66848946
16,79812489;18,66848946
16,80312489;14,46850300
16,80812489;17,26746941
16,81312489;15,40046692
16,81812489;15,40046692
16,82312489;14,93448448
16,82812489;13,53500175
16,83312489;12,60150051
16,83812489;12,13398075
16,84312489;11,66799831
16,84812489;11,20047951
16,85312489;11,20047951
16,85812489;11,20047951
16,86312489;8,39997482
16,86812489;9,80099583
16,87312489;10,73449707
16,87812489;11,66799831
16,88312489;10,73449707
16,88812489;10,26697731
16,89312489;11,20047951
16,89812489;10,73449707
16,90312489;12,13398075
16,90812489;10,73449707
16,91312489;10,73449707
16,91812489;11,20047951
16,92312489;12,13398075
16,92812489;12,13398075
16,93312489;12,13398075
16,93812489;12,60150051
16,94312489;12,60150051
16,94812489;13,06748199
16,95312489;12,13398075
16,95812489;12,13398075
16,96312489;11,20047951
16,96812489;11,20047951
16,97312489;10,73449707
16,97812489;11,20047951
16,98312489;9,80099583
16,98812489;9,33347607
16,99312489;8,86749458
16,99812489;10,26697731
17,00312489;8,39997482
17,00812489;7,93399334
17,01312489;8,39997482
17,01812489;8,86749458
17,02312489;8,86749458
17,02812489;9,80099583
17,03312489;9,80099583
17,03812489;10,73449707
17,04312489;10,73449707
17,04812489;11,66799831
17,05312489;11,20047951
17,05812489;12,13398075
17,06312489;12,60150051
17,06812489;13,06748199
17,07312489;13,06748199
17,07812489;13,53500175
17,08312489;13,53500175
17,08812488;14,00098324
17,09312488;14,93448448
17,09812488;14,00098324
17,10312488;14,46850300
17,10812488;14,46850300
17,11312488;14,46850300
17,11812488;14,46850300
17,12312488;14,00098324
17,12812488;14,46850300
17,13312488;14,93448448
17,13812488;14,93448448
17,14312488;14,46850300
17,14812488;14,46850300
17,15312488;14,93448448
17,15812488;14,46850300
17,16312488;14,46850300
17,16812488;14,00098324
17,17312488;14,46850300
17,17812488;14,00098324
17,18312488;14,00098324
17,18812488;14,46850300
17,19312488;13,53500175
17,19812488;13,53500175
17,20312488;14,00098324
17,20812488;13,06748199
17,21312488;13,53500175
17,21812488;13,53500175
17,22312488;13,06748199
17,22812488;14,46850300
17,23312488;14,00098324
17,23812488;13,53500175
17,24312488;14,00098324
17,24812488;13,53500175
17,25312488;14,46850300
17,25812488;14,93448448
17,26312488;14,00098324
17,26812488;13,53500175
17,27312488;14,46850300
17,27812488;13,06748199
17,28312488;12,13398075
17,28812488;12,60150051
17,29312488;11,66799831
17,29812488;11,20047951
17,30312488;11,66799831
17,30812488;10,26697731
17,31312488;9,33347607
17,31812488;9,80099583
17,32312488;8,86749458
17,32812488;8,39997482
17,33312488;8,39997482
17,33812488;7,46647358
17,34312488;7,93399334
17,34812488;7,93399334
17,35312488;7,93399334
17,35812488;7,93399334
17,36312488;8,39997482
17,36812488;7,93399334
17,37312488;7,93399334
17,37812488;8,39997482
17,38312488;8,86749458
17,38812488;7,93399334
17,39312488;8,39997482
17,39812488;7,93399334
17,40312488;8,39997482
17,40812488;8,86749458
17,41312488;8,39997482
17,41812488;7,93399334
17,42312488;7,93399334
17,42812488;8,39997482
17,43312488;8,39997482
17,43812488;8,86749458
17,44312488;7,93399334
17,44812488;8,86749458
17,45312488;7,93399334
17,45812488;8,39997482
17,46312488;7,46647358
17,46812488;8,86749458
17,47312488;8,86749458
17,47812488;7,00049162
17,48312487;8,86749458
17,48812487;9,80099583
17,49312487;9,80099583
17,49812487;10,26697731
17,50312487;10,26697731
17,50812487;10,73449707
17,51312487;10,73449707
17,51812487;10,73449707
17,52312487;11,66799831
17,52812487;12,13398075
17,53312487;11,66799831
17,53812487;11,66799831
17,54312487;12,13398075
17,54812487;12,60150051
17,55312487;12,13398075
17,55812487;11,20047951
17,56312487;11,20047951
17,56812487;10,73449707
17,57312487;10,73449707
17,57812487;10,26697731
17,58312487;10,26697731
17,58812487;10,26697731
17,59312487;9,33347607
17,59812487;9,33347607
17,60312487;8,86749458
17,60812487;8,86749458
17,61312487;8,86749458
17,61812487;8,86749458
17,62312487;7,93399334
17,62812487;8,86749458
17,63312487;7,93399334
17,63812487;7,93399334
17,64312487;7,93399334
17,64812487;7,93399334
17,65312487;6,53297186
17,65812487;8,86749458
17,66312487;7,46647358
17,66812487;7,46647358
17,67312487;6,53297186
17,67812487;5,13348866
17,68312487;6,06699038
17,68812487;4,66596889
17,69312487;5,59947062
17,69812487;4,19998741
17,70312487;5,13348866
17,70812487;4,66596889
17,71312487;4,19998741
17,71812487;4,19998741
17,72312487;4,19998741
17,72812487;3,73246789
17,73312487;3,73246789
17,73812487;3,26648593
17,74312487;3,73246789
17,74812487;3,26648593
17,75312487;3,73246789
17,75812487;2,33298445
17,76312487;2,79896641
17,76812487;2,79896641
17,77312487;3,26648593
17,77812487;1,86546493
17,78312487;1,39948320
17,78812487;1,86546493
17,79312487;0,93196350
17,79812487;0,93196350
17,80312487;0,46598175
17,80812487;-0,93196350
17,81312487;-0,93196350
17,81812487;-0,93196350
17,82312487;-1,39948320
17,82812487;-1,39948320
17,83312487;-2,33298445
17,83812487;-2,79896641
17,84312487;-3,26648593
17,84812487;-3,73246789
17,85312487;-3,73246789
17,85812487;-4,19998741
17,86312487;-4,19998741
17,86812487;-3,26648593
17,87312487;-3,73246789
17,87812486;-1,39948320
17,88312486;-2,33298445
17,88812486;-1,86546493
17,89312486;0,46598175
17,89812486;1,39948320
17,90312486;2,79896641
17,90812486;2,79896641
17,91312486;4,19998741
17,91812486;4,19998741
17,92312486;4,66596889
17,92812486;5,13348866
17,93312486;4,19998741
17,93812486;4,19998741
17,94312486;3,73246789
17,94812486;2,33298445
17,95312486;1,86546493
17,95812486;0,93196350
17,96312486;0,00000000
17,96812486;0,00000000
17,97312486;-0,46598175
17,97812486;0,00000000
17,98312486;-0,46598175
17,98812486;0,00000000
17,99312486;0,00000000
17,99812486;0,93196350
18,00312486;0,93196350
18,00812486;1,86546493
18,01312486;2,33298445
18,01812486;1,39948320
18,02312486;1,39948320
18,02812486;1,86546493
18,03312486;2,79896641
18,03812486;1,86546493
18,04312486;1,86546493
18,04812486;1,86546493
18,05312486;2,33298445
18,05812486;2,79896641
18,06312486;2,79896641
18,06812486;0,46598175
18,07312486;3,26648593
18,07812486;2,79896641
18,08312486;3,26648593
18,08812486;2,79896641
18,09312486;1,86546493
18,09812486;2,79896641
18,10312486;1,86546493
18,10812486;2,79896641
18,11312486;1,86546493
18,11812486;1,39948320
18,12312486;1,39948320
18,12812486;1,39948320
18,13312486;1,39948320
18,13812486;1,39948320
18,14312486;1,39948320
18,14812486;1,86546493
18,15312486;1,39948320
18,15812486;1,86546493
18,16312486;2,33298445
18,16812486;2,33298445
18,17312486;3,73246789
18,17812486;3,26648593
18,18312486;4,19998741
18,18812486;5,59947062
18,19312486;3,73246789
18,19812486;5,59947062
18,20312486;4,66596889
18,20812486;5,13348866
18,21312486;4,66596889
18,21812486;5,13348866
18,22312486;4,66596889
18,22812486;2,79896641
18,23312486;3,26648593
18,23812486;3,26648593
18,24312486;3,73246789
18,24812486;3,73246789
18,25312486;2,79896641
18,25812486;2,33298445
18,26312486;2,79896641
18,26812486;1,39948320
18,27312485;2,33298445
18,27812485;0,46598175
18,28312485;1,86546493
18,28812485;1,86546493
18,29312485;0,46598175
18,29812485;1,39948320
18,30312485;0,93196350
18,30812485;0,93196350
18,31312485;0,00000000
18,31812485;0,00000000
18,32312485;-0,46598175
18,32812485;0,00000000
18,33312485;-0,93196350
18,33812485;-1,39948320
18,34312485;-0,46598175
18,34812485;-1,39948320
18,35312485;-0,46598175
18,35812485;-0,46598175
18,36312485;0,00000000
18,36812485;-0,46598175
18,37312485;-0,46598175
18,37812485;0,46598175
18,38312485;-0,93196350
18,38812485;-0,93196350
18,39312485;-1,86546493
18,39812485;-1,86546493
18,40312485;-2,79896641
18,40812485;-2,79896641
18,41312485;-3,73246789
18,41812485;-4,66596889
18,42312485;-5,13348866
18,42812485;-5,59947062
18,43312485;-6,06699038
18,43812485;-6,53297186
18,44312485;-7,46647358
18,44812485;-7,46647358
18,45312485;-7,93399334
18,45812485;-7,93399334
18,46312485;-9,33347607
18,46812485;-7,93399334
18,47312485;-7,93399334
18,47812485;-8,86749458
18,48312485;-7,46647358
18,48812485;-7,93399334
18,49312485;-9,33347607
18,49812485;-8,39997482
18,50312485;-9,33347607
18,50812485;-9,33347607
18,51312485;-9,33347607
18,51812485;-9,80099583
18,52312485;-9,80099583
18,52812485;-10,73449707
18,53312485;-10,73449707
18,53812485;-11,20047951
18,54312485;-11,66799831
18,54812485;-11,20047951
18,55312485;-11,20047951
18,55812485;-11,66799831
18,56312485;-12,13398075
18,56812485;-12,13398075
18,57312485;-12,13398075
18,57812485;-12,13398075
18,58312485;-12,13398075
18,58812485;-12,13398075
18,59312485;-12,60150051
18,59812485;-13,06748199
18,60312485;-13,06748199
18,60812485;-13,06748199
18,61312485;-13,53500175
18,61812485;-13,53500175
18,62312485;-12,60150051
18,62812485;-13,53500175
18,63312485;-13,06748199
18,63812485;-11,66799831
18,64312485;-11,20047951
18,64812485;-10,26697731
18,65312485;-10,26697731
18,65812485;-8,39997482
18,66312485;-7,93399334
18,66812484;-5,59947062
18,67312484;-5,13348866
18,67812484;-4,66596889
18,68312484;-4,19998741
18,68812484;-4,19998741
18,69312484;-3,73246789
18,69812484;-3,73246789
18,70312484;-3,26648593
18,70812484;-3,73246789
18,71312484;-4,19998741
18,71812484;-4,66596889
18,72312484;-5,13348866
18,72812484;-6,06699038
18,73312484;-7,46647358
18,73812484;-7,93399334
18,74312484;-7,93399334
18,74812484;-8,39997482
18,75312484;-8,39997482
18,75812484;-8,86749458
18,76312484;-9,80099583
18,76812484;-9,33347607
18,77312484;-9,33347607
18,77812484;-9,80099583
18,78312484;-9,33347607
18,78812484;-9,33347607
18,79312484;-10,73449707
18,79812484;-9,33347607
18,80312484;-10,26697731
18,80812484;-9,33347607
18,81312484;-8,39997482
18,81812484;-7,93399334
18,82312484;-7,93399334
18,82812484;-7,46647358
18,83312484;-6,53297186
18,83812484;-7,00049162
18,84312484;-6,06699038
18,84812484;-6,06699038
18,85312484;-5,59947062
18,85812484;-6,53297186
18,86312484;-6,06699038
18,86812484;-5,59947062
18,87312484;-6,53297186
18,87812484;-6,06699038
18,88312484;-7,00049162
18,88812484;-5,59947062
18,89312484;-7,46647358
18,89812484;-7,00049162
18,90312484;-8,39997482
18,90812484;-8,39997482
18,91312484;-7,00049162
18,91812484;-7,46647358
18,92312484;-7,46647358
18,92812484;-6,53297186
18,93312484;-5,13348866
18,93812484;-4,66596889
18,94312484;-4,19998741
18,94812484;-3,73246789
18,95312484;-3,73246789
18,95812484;-2,79896641
18,96312484;-1,86546493
18,96812484;-1,86546493
18,97312484;-1,39948320
18,97812484;-0,93196350
18,98312484;-0,46598175
18,98812484;-0,93196350
18,99312484;-0,46598175
18,99812484;-0,46598175
19,00312484;-1,39948320
19,00812484;-1,39948320
19,01312484;-0,46598175
19,01812484;-1,86546493
19,02312484;-0,46598175
19,02812484;-1,86546493
19,03312484;-0,46598175
19,03812484;-1,86546493
19,04312484;-1,86546493
19,04812484;-1,86546493
19,05312484;-2,79896641
19,05812484;-2,33298445
19,06312484;-3,26648593
19,06812483;-3,26648593
19,07312483;-3,26648593
19,07812483;-3,73246789
19,08312483;-4,66596889
19,08812483;-4,19998741
19,09312483;-4,19998741
19,09812483;-4,19998741
19,10312483;-4,66596889
19,10812483;-4,66596889
19,11312483;-3,73246789
19,11812483;-3,26648593
19,12312483;-3,73246789
19,12812483;-4,19998741
19,13312483;-3,73246789
19,13812483;-4,19998741
19,14312483;-3,73246789
19,14812483;-3,26648593
19,15312483;-4,19998741
19,15812483;-4,66596889
19,16312483;-4,66596889
19,16812483;-5,13348866
19,17312483;-6,06699038
19,17812483;-5,59947062
19,18312483;-6,53297186
19,18812483;-7,00049162
19,19312483;-7,46647358
19,19812483;-8,86749458
19,20312483;-8,86749458
19,20812483;-9,33347607
19,21312483;-8,86749458
19,21812483;-9,33347607
19,22312483;-9,80099583
19,22812483;-9,80099583
19,23312483;-9,80099583
19,23812483;-9,33347607
19,24312483;-8,86749458
19,24812483;-9,33347607
19,25312483;-9,80099583
19,25812483;-9,33347607
19,26312483;-9,33347607
19,26812483;-9,33347607
19,27312483;-9,33347607
19,27812483;-9,33347607
19,28312483;-9,33347607
19,28812483;-8,86749458
19,29312483;-8,39997482
19,29812483;-9,33347607
19,30312483;-9,33347607
19,30812483;-9,33347607
19,31312483;-9,33347607
19,31812483;-9,33347607
19,32312483;-8,86749458
19,32812483;-8,86749458
19,33312483;-8,39997482
19,33812483;-8,86749458
19,34312483;-7,93399334
19,34812483;-7,93399334
19,35312483;-7,93399334
19,35812483;-6,53297186
19,36312483;5,59947062
19,36812483;-7,00049162
19,37312483;-7,00049162
19,37812483;-6,53297186
19,38312483;-6,06699038
19,38812483;-6,53297186
19,39312483;-7,00049162
19,39812483;-6,53297186
19,40312483;-6,06699038
19,40812483;-6,06699038
19,41312483;-7,00049162
19,41812483;-6,06699038
19,42312483;-7,46647358
19,42812483;-6,06699038
19,43312483;-6,06699038
19,43812483;-5,59947062
19,44312483;-5,13348866
19,44812483;-5,59947062
19,45312483;-4,66596889
19,45812483;-5,59947062
19,46312482;-5,13348866
19,46812482;-5,59947062
19,47312482;-5,13348866
19,47812482;-5,59947062
19,48312482;-6,06699038
19,48812482;-5,13348866
19,49312482;-5,13348866
19,49812482;-6,06699038
19,50312482;-5,59947062
19,50812482;-5,59947062
19,51312482;-6,06699038
19,51812482;-5,59947062
19,52312482;-5,59947062
19,52812482;-6,06699038
19,53312482;-6,06699038
19,53812482;-5,59947062
19,54312482;-6,06699038
19,54812482;-6,06699038
19,55312482;-6,53297186
19,55812482;-6,06699038
19,56312482;-4,66596889
19,56812482;-6,06699038
19,57312482;-6,53297186
19,57812482;-6,53297186
19,58312482;-7,00049162
19,58812482;-7,00049162
19,59312482;-7,93399334
19,59812482;-7,93399334
19,60312482;-8,39997482
19,60812482;-8,86749458
19,61312482;-8,39997482
19,61812482;-7,46647358
19,62312482;-7,93399334
19,62812482;-8,39997482
19,63312482;-9,33347607
19,63812482;-23,33599663
19,64312482;-9,33347607
19,64812482;-8,39997482
19,65312482;-8,86749458
19,65812482;-8,86749458
19,66312482;-8,86749458
19,66812482;-9,33347607
19,67312482;-9,33347607
19,67812482;-9,33347607
19,68312482;-8,39997482
19,68812482;-10,26697731
19,69312482;-10,73449707
19,69812482;-8,39997482
19,70312482;-10,73449707
19,70812482;-11,20047951
19,71312482;-12,13398075
19,71812482;-12,60150051
19,72312482;-13,53500175
19,72812482;-14,00098324
19,73312482;-14,46850300
19,73812482;-14,46850300
19,74312482;-14,00098324
19,74812482;-15,40046692
19,75312482;-16,80148888
19,75812482;-15,86798668
19,76312482;-17,26746941
19,76812482;-17,26746941
19,77312482;-16,80148888
19,77812482;-15,86798668
19,78312482;-15,40046692
19,78812482;-14,46850300
19,79312482;-13,53500175
19,79812482;-12,60150051
19,80312482;-11,20047951
19,80812482;-11,20047951
19,81312482;-8,86749458
19,81812482;-7,93399334
19,82312482;-7,93399334
19,82812482;-7,93399334
19,83312482;-6,53297186
19,83812482;-7,93399334
19,84312482;-8,39997482
19,84812482;-9,33347607
19,85312482;-11,20047951
19,85812481;-10,73449707
19,86312481;-11,20047951
19,86812481;-11,66799831
19,87312481;-11,66799831
19,87812481;-11,66799831
19,88312481;-11,66799831
19,88812481;-11,20047951
19,89312481;-11,66799831
19,89812481;-10,73449707
19,90312481;-10,26697731
19,90812481;-10,26697731
19,91312481;-8,86749458
19,91812481;-7,93399334
19,92312481;-8,86749458
19,92812481;-8,39997482
19,93312481;-9,33347607
19,93812481;-7,46647358
19,94312481;-7,00049162
19,94812481;-9,33347607
19,95312481;-7,93399334
19,95812481;-7,00049162
19,96312481;-6,53297186
19,96812481;-4,66596889
19,97312481;-6,06699038
19,97812481;-5,59947062
19,98312481;-4,66596889
19,98812481;-5,59947062
19,99312481;-5,13348866
19,99812481;-5,59947062
20,00312481;-4,19998741
20,00812481;-5,13348866
20,01312481;-5,59947062
20,01812481;-5,13348866
20,02312481;-4,66596889
20,02812481;-5,59947062
20,03312481;-6,06699038
20,03812481;-6,06699038
20,04312481;-6,53297186
20,04812481;-5,59947062
20,05312481;-4,66596889
20,05812481;-4,19998741
20,06312481;-2,79896641
20,06812481;-2,33298445
20,07312481;-2,33298445
20,07812481;-2,33298445
20,08312481;-1,39948320
20,08812481;-0,46598175
20,09312481;-0,46598175
20,09812481;0,46598175
20,10312481;0,00000000
20,10812481;0,46598175
20,11312481;1,39948320
20,11812481;1,39948320
20,12312481;0,00000000
20,12812481;0,93196350
20,13312481;0,46598175
20,13812481;0,93196350
20,14312481;-0,46598175
20,14812481;0,00000000
20,15312481;-1,39948320
20,15812481;-0,93196350
20,16312481;-1,86546493
20,16812481;-2,33298445
20,17312481;-3,26648593
20,17812481;-4,66596889
20,18312481;-3,26648593
20,18812481;-4,19998741
20,19312481;-4,19998741
20,19812481;-4,19998741
20,20312481;-5,13348866
20,20812481;-5,59947062
20,21312481;-5,59947062
20,21812481;-6,53297186
20,22312481;-6,53297186
20,22812481;-7,00049162
20,23312481;-6,53297186
20,23812481;-5,13348866
20,24312481;-7,93399334
20,24812481;-7,93399334
20,25312480;-8,39997482
20,25812480;-3,73246789
20,26312480;-7,00049162
20,26812480;-7,46647358
20,27312480;-7,46647358
20,27812480;-6,53297186
20,28312480;-6,06699038
20,28812480;-7,46647358
20,29312480;-7,46647358
20,29812480;-7,46647358
20,30312480;-7,93399334
20,30812480;-8,39997482
20,31312480;-8,86749458
20,31812480;-8,86749458
20,32312480;-9,80099583
20,32812480;-10,26697731
20,33312480;-11,20047951
20,33812480;-11,20047951
20,34312480;-11,66799831
20,34812480;-11,20047951
20,35312480;-11,66799831
20,35812480;-10,73449707
20,36312480;-11,20047951
20,36812480;-11,20047951
20,37312480;-11,20047951
20,37812480;-10,26697731
20,38312480;-9,80099583
20,38812480;-9,80099583
20,39312480;-10,73449707
20,39812480;-10,26697731
20,40312480;-10,73449707
20,40812480;-10,73449707
20,41312480;-10,73449707
20,41812480;-12,13398075
20,42312480;-9,80099583
20,42812480;-10,26697731
20,43312480;-11,20047951
20,43812480;-9,80099583
20,44312480;-11,20047951
20,44812480;-10,26697731
20,45312480;-11,20047951
20,45812480;-11,20047951
20,46312480;-10,26697731
20,46812480;-10,73449707
20,47312480;-9,80099583
20,47812480;-10,26697731
20,48312480;-10,73449707
20,48812480;-11,20047951
20,49312480;-10,26697731
20,49812480;-10,73449707
20,50312480;-11,20047951
20,50812480;-11,20047951
20,51312480;-11,20047951
20,51812480;-10,73449707
20,52312480;-11,20047951
20,52812480;-9,80099583
20,53312480;-11,20047951
20,53812480;-10,73449707
20,54312480;-10,73449707
20,54812480;-9,33347607
20,55312480;-8,39997482
20,55812480;-7,46647358
20,56312480;-6,06699038
20,56812480;-5,13348866
20,57312480;-4,19998741
20,57812480;-3,73246789
20,58312480;-3,26648593
20,58812480;-2,33298445
20,59312480;-1,39948320
20,59812480;-1,39948320
20,60312480;-0,93196350
20,60812480;-1,39948320
20,61312480;-2,33298445
20,61812480;-2,79896641
20,62312480;-2,79896641
20,62812480;-3,26648593
20,63312480;-4,66596889
20,63812480;-4,19998741
20,64312480;-5,13348866
20,64812479;-5,59947062
20,65312479;-5,59947062
20,65812479;-5,13348866
20,66312479;-4,19998741
20,66812479;-5,13348866
20,67312479;-5,59947062
20,67812479;-5,59947062
20,68312479;-4,66596889
20,68812479;-4,66596889
20,69312479;-3,73246789
20,69812479;-4,66596889
20,70312479;-3,26648593
20,70812479;-3,26648593
20,71312479;-2,79896641
20,71812479;-3,73246789
20,72312479;-2,79896641
20,72812479;-3,26648593
20,73312479;-2,33298445
20,73812479;3,26648593
20,74312479;-1,39948320
20,74812479;-0,46598175
20,75312479;-0,93196350
20,75812479;-0,46598175
20,76312479;-0,46598175
20,76812479;-0,46598175
20,77312479;-0,46598175
20,77812479;-0,93196350
20,78312479;-1,39948320
20,78812479;-1,39948320
20,79312479;-2,33298445
20,79812479;-1,39948320
20,80312479;-1,86546493
20,80812479;-1,39948320
20,81312479;-1,39948320
20,81812479;-1,39948320
20,82312479;0,00000000
20,82812479;0,00000000
20,83312479;-0,46598175
20,83812479;0,46598175
20,84312479;1,39948320
20,84812479;2,33298445
20,85312479;1,86546493
20,85812479;3,73246789
20,86312479;3,26648593
20,86812479;3,26648593
20,87312479;3,73246789
20,87812479;3,73246789
20,88312479;3,73246789
20,88812479;3,73246789
20,89312479;3,73246789
20,89812479;3,26648593
20,90312479;3,26648593
20,90812479;3,26648593
20,91312479;2,79896641
20,91812479;3,26648593
20,92312479;2,79896641
20,92812479;4,19998741
20,93312479;3,73246789
20,93812479;0,46598175
20,94312479;3,73246789
20,94812479;4,19998741
20,95312479;4,19998741
20,95812479;4,19998741
20,96312479;5,13348866
20,96812479;5,13348866
20,97312479;5,59947062
20,97812479;5,13348866
20,98312479;4,66596889
20,98812479;4,19998741
20,99312479;3,26648593
20,99812479;3,73246789
21,00312479;4,19998741
21,00812479;3,26648593
21,01312479;3,73246789
21,01812479;3,26648593
21,02312479;4,66596889
21,02812479;5,13348866
21,03312479;5,13348866
21,03812479;5,13348866
21,04312478;5,59947062
21,04812478;5,13348866
21,05312478;6,06699038
21,05812478;5,59947062
21,06312478;5,59947062
21,06812478;4,66596889
21,07312478;4,66596889
21,07812478;4,19998741
21,08312478;3,73246789
21,08812478;2,79896641
21,09312478;2,79896641
21,09812478;1,86546493
21,10312478;1,39948320
21,10812478;0,00000000
21,11312478;0,00000000
21,11812478;-1,86546493
21,12312478;-1,39948320
21,12812478;-2,33298445
21,13312478;-1,39948320
21,13812478;-0,93196350
21,14312478;-0,93196350
21,14812478;0,00000000
21,15312478;-0,46598175
21,15812478;-0,93196350
21,16312478;-0,46598175
21,16812478;0,00000000
21,17312478;-0,93196350
21,17812478;-4,19998741
21,18312478;-0,93196350
21,18812478;-0,93196350
21,19312478;-1,39948320
21,19812478;-1,39948320
21,20312478;-1,39948320
21,20812478;-1,86546493
21,21312478;-1,39948320
21,21812478;-1,86546493
21,22312478;-0,46598175
21,22812478;-0,46598175
21,23312478;0,93196350
21,23812478;-0,93196350
21,24312478;-0,93196350
21,24812478;0,00000000
21,25312478;0,93196350
21,25812478;1,86546493
21,26312478;1,86546493
21,26812478;0,93196350
21,27312478;1,86546493
21,27812478;2,79896641
21,28312478;3,26648593
21,28812478;3,73246789
21,29312478;2,33298445
21,29812478;3,26648593
21,30312478;3,26648593
21,30812478;2,79896641
21,31312478;2,79896641
21,31812478;2,33298445
21,32312478;2,79896641
21,32812478;3,73246789
21,33312478;2,79896641
21,33812478;3,73246789
21,34312478;2,79896641
21,34812478;3,26648593
21,35312478;3,73246789
21,35812478;4,66596889
21,36312478;4,19998741
21,36812478;4,19998741
21,37312478;5,13348866
21,37812478;5,13348866
21,38312478;5,13348866
21,38812478;5,13348866
21,39312478;5,13348866
21,39812478;5,59947062
21,40312478;5,13348866
21,40812478;5,13348866
21,41312478;4,66596889
21,41812478;3,26648593
21,42312478;4,19998741
21,42812478;4,19998741
21,43312478;4,66596889
21,43812478;4,19998741
21,44312477;4,19998741
21,44812477;4,66596889
21,45312477;4,19998741
21,45812477;4,19998741
21,46312477;4,19998741
21,46812477;4,19998741
21,47312477;3,26648593
21,47812477;4,66596889
21,48312477;1,39948320
21,48812477;4,19998741
21,49312477;4,19998741
21,49812477;4,19998741
21,50312477;3,73246789
21,50812477;3,73246789
21,51312477;4,19998741
21,51812477;3,26648593
21,52312477;3,26648593
21,52812477;3,26648593
21,53312477;2,79896641
21,53812477;2,79896641
21,54312477;1,39948320
21,54812477;1,86546493
21,55312477;1,86546493
21,55812477;1,86546493
21,56312477;2,33298445
21,56812477;1,86546493
21,57312477;1,86546493
21,57812477;1,39948320
21,58312477;1,39948320
21,58812477;2,33298445
21,59312477;1,39948320
21,59812477;1,39948320
21,60312477;0,93196350
21,60812477;2,33298445
21,61312477;0,46598175
21,61812477;-1,39948320
21,62312477;-0,93196350
21,62812477;-1,39948320
21,63312477;-0,93196350
21,63812477;-2,79896641
21,64312477;-3,73246789
21,64812477;-4,19998741
21,65312477;-5,59947062
21,65812477;-5,59947062
21,66312477;-6,06699038
21,66812477;-6,53297186
21,67312477;-5,59947062
21,67812477;-5,59947062
21,68312477;-4,66596889
21,68812477;-3,73246789
21,69312477;-2,79896641
21,69812477;-1,39948320
21,70312477;0,00000000
21,70812477;1,39948320
21,71312477;2,79896641
21,71812477;3,26648593
21,72312477;4,66596889
21,72812477;4,66596889
21,73312477;4,66596889
21,73812477;5,13348866
21,74312477;4,66596889
21,74812477;3,73246789
21,75312477;0,00000000
21,75812477;2,79896641
21,76312477;2,33298445
21,76812477;1,39948320
21,77312477;0,93196350
21,77812477;0,46598175
21,78312477;0,93196350
21,78812477;0,46598175
21,79312477;0,46598175
21,79812477;0,93196350
21,80312477;1,86546493
21,80812477;1,86546493
21,81312477;2,33298445
21,81812477;3,73246789
21,82312477;4,19998741
21,82812477;3,73246789
21,83312477;3,73246789
21,83812476;3,73246789
21,84312476;4,66596889
21,84812476;3,26648593
21,85312476;5,13348866
21,85812476;4,66596889
21,86312476;5,13348866
21,86812476;5,59947062
21,87312476;5,59947062
21,87812476;6,53297186
21,88312476;6,53297186
21,88812476;4,66596889
21,89312476;6,53297186
21,89812476;7,00049162
21,90312476;7,00049162
21,90812476;7,00049162
21,91312476;6,06699038
21,91812476;6,53297186
21,92312476;6,53297186
21,92812476;6,06699038
21,93312476;5,59947062
21,93812476;4,66596889
21,94312476;5,59947062
21,94812476;4,66596889
21,95312476;5,13348866
21,95812476;6,53297186
21,96312476;6,53297186
21,96812476;6,06699038
21,97312476;6,06699038
21,97812476;6,53297186
21,98312476;7,46647358
21,98812476;7,93399334
21,99312476;8,39997482
21,99812476;8,39997482
22,00312476;9,33347607
22,00812476;10,26697731
22,01312476;12,13398075
22,01812476;10,73449707
22,02312476;10,73449707
22,02812476;11,20047951
22,03312476;11,20047951
22,03812476;10,73449707
22,04312476;10,26697731
22,04812476;10,26697731
22,05312476;9,33347607
22,05812476;9,80099583
22,06312476;8,39997482
22,06812476;8,86749458
22,07312476;8,39997482
22,07812476;7,93399334
22,08312476;7,93399334
22,08812476;7,46647358
22,09312476;7,93399334
22,09812476;7,00049162
22,10312476;7,46647358
22,10812476;7,00049162
22,11312476;7,00049162
22,11812476;6,53297186
22,12312476;6,53297186
22,12812476;5,59947062
22,13312476;6,53297186
22,13812476;5,13348866
22,14312476;4,66596889
22,14812476;6,06699038
22,15312476;4,66596889
22,15812476;5,13348866
22,16312476;4,66596889
22,16812476;5,59947062
22,17312476;5,59947062
22,17812476;6,06699038
22,18312476;5,59947062
22,18812476;5,59947062
22,19312476;5,59947062
22,19812476;5,59947062
22,20312476;5,13348866
22,20812476;4,19998741
22,21312476;3,73246789
22,21812476;0,93196350
22,22312476;1,86546493
22,22812476;0,46598175
22,23312475;0,00000000
22,23812475;-0,46598175
22,24312475;-0,46598175
22,24812475;-0,93196350
22,25312475;-1,86546493
22,25812475;3,73246789
22,26312475;-1,39948320
22,26812475;-1,86546493
22,27312475;-1,86546493
22,27812475;-0,93196350
22,28312475;0,00000000
22,28812475;-0,93196350
22,29312475;-0,93196350
22,29812475;-0,93196350
22,30312475;0,00000000
22,30812475;-0,46598175
22,31312475;-1,39948320
22,31812475;-1,39948320
22,32312475;-1,39948320
22,32812475;-1,86546493
22,33312475;-1,86546493
22,33812475;-2,33298445
22,34312475;-2,33298445
22,34812475;-3,26648593
22,35312475;-3,26648593
22,35812475;-3,26648593
22,36312475;-3,26648593
22,36812475;-2,79896641
22,37312475;-2,33298445
22,37812475;-2,33298445
22,38312475;-2,79896641
22,38812475;-2,33298445
22,39312475;-2,79896641
22,39812475;-2,79896641
22,40312475;-2,79896641
22,40812475;-3,26648593
22,41312475;-3,26648593
22,41812475;-3,73246789
22,42312475;-3,73246789
22,42812475;-3,73246789
22,43312475;-4,66596889
22,43812475;-3,73246789
22,44312475;-2,79896641
22,44812475;-2,79896641
22,45312475;-1,86546493
22,45812475;-0,93196350
22,46312475;1,86546493
22,46812475;1,39948320
22,47312475;2,79896641
22,47812475;4,19998741
22,48312475;5,13348866
22,48812475;6,53297186
22,49312475;7,00049162
22,49812475;7,46647358
22,50312475;7,93399334
22,50812475;8,39997482
22,51312475;8,39997482
22,51812475;7,93399334
22,52312475;7,00049162
22,52812475;6,06699038
22,53312475;5,59947062
22,53812475;5,13348866
22,54312475;4,66596889
22,54812475;3,73246789
22,55312475;3,26648593
22,55812475;2,79896641
22,56312475;3,26648593
22,56812475;2,79896641
22,57312475;3,73246789
22,57812475;3,73246789
22,58312475;4,19998741
22,58812475;4,66596889
22,59312475;5,13348866
22,59812475;5,59947062
22,60312475;6,06699038
22,60812475;6,53297186
22,61312475;6,53297186
22,61812475;7,00049162
22,62312475;7,93399334
22,62812474;7,00049162
22,63312474;6,53297186
22,63812474;7,00049162
22,64312474;7,46647358
22,64812474;7,00049162
22,65312474;7,93399334
22,65812474;7,46647358
22,66312474;7,93399334
22,66812474;7,46647358
22,67312474;7,46647358
22,67812474;7,46647358
22,68312474;7,46647358
22,68812474;6,53297186
22,69312474;6,06699038
22,69812474;7,00049162
22,70312474;6,53297186
22,70812474;7,00049162
22,71312474;6,53297186
22,71812474;6,53297186
22,72312474;7,00049162
22,72812474;5,59947062
22,73312474;7,46647358
22,73812474;7,46647358
22,74312474;7,46647358
22,74812474;7,93399334
22,75312474;7,46647358
22,75812474;7,93399334
22,76312474;7,93399334
22,76812474;7,93399334
22,77312474;8,39997482
22,77812474;8,86749458
22,78312474;8,39997482
22,78812474;8,86749458
22,79312474;7,93399334
22,79812474;7,46647358
22,80312474;8,39997482
22,80812474;7,46647358
22,81312474;7,93399334
22,81812474;9,33347607
22,82312474;7,46647358
22,82812474;7,93399334
22,83312474;5,59947062
22,83812474;6,53297186
22,84312474;6,53297186
22,84812474;7,93399334
22,85312474;6,53297186
22,85812474;6,06699038
22,86312474;6,06699038
22,86812474;6,53297186
22,87312474;6,53297186
22,87812474;7,00049162
22,88312474;7,00049162
22,88812474;6,53297186
22,89312474;7,93399334
22,89812474;7,00049162
22,90312474;7,00049162
22,90812474;7,46647358
22,91312474;7,93399334
22,91812474;8,39997482
22,92312474;7,93399334
22,92812474;7,46647358
22,93312474;7,93399334
22,93812474;7,93399334
22,94312474;7,93399334
22,94812474;7,93399334
22,95312474;8,39997482
22,95812474;8,39997482
22,96312474;8,39997482
22,96812474;7,93399334
22,97312474;7,93399334
22,97812474;7,93399334
22,98312474;8,39997482
22,98812474;8,39997482
22,99312474;7,00049162
22,99812474;7,00049162
23,00312474;7,00049162
23,00812474;6,53297186
23,01312474;6,06699038
23,01812474;5,13348866
23,02312473;5,13348866
23,02812473;4,66596889
23,03312473;3,26648593
23,03812473;4,66596889
23,04312473;4,66596889
23,04812473;4,66596889
23,05312473;4,19998741
23,05812473;5,13348866
23,06312473;5,59947062
23,06812473;5,59947062
23,07312473;5,59947062
23,07812473;5,59947062
23,08312473;6,06699038
23,08812473;6,53297186
23,09312473;-11,66799831
23,09812473;6,53297186
23,10312473;6,53297186
23,10812473;6,53297186
23,11312473;5,13348866
23,11812473;7,00049162
23,12312473;6,53297186
23,12812473;6,06699038
23,13312473;6,53297186
23,13812473;6,53297186
23,14312473;6,06699038
23,14812473;6,06699038
23,15312473;5,59947062
23,15812473;6,06699038
23,16312473;6,06699038
23,16812473;7,00049162
23,17312473;7,93399334
23,17812473;7,00049162
23,18312473;6,06699038
23,18812473;7,00049162
23,19312473;7,00049162
23,19812473;6,53297186
23,20312473;6,53297186
23,20812473;6,06699038
23,21312473;6,06699038
23,21812473;6,06699038
23,22312473;5,13348866
23,22812473;5,59947062
23,23312473;5,59947062
23,23812473;5,59947062
23,24312473;6,53297186
23,24812473;6,53297186
23,25312473;6,53297186
23,25812473;7,00049162
23,26312473;7,00049162
23,26812473;7,00049162
23,27312473;6,53297186
23,27812473;7,00049162
23,28312473;6,53297186
23,28812473;7,00049162
23,29312473;6,53297186
23,29812473;7,00049162
23,30312473;5,59947062
23,30812473;6,06699038
23,31312473;5,59947062
23,31812473;4,66596889
23,32312473;4,66596889
23,32812473;4,66596889
23,33312473;4,19998741
23,33812473;4,19998741
23,34312473;5,13348866
23,34812473;4,19998741
23,35312473;5,13348866
23,35812473;5,59947062
23,36312473;4,66596889
23,36812473;5,13348866
23,37312473;5,13348866
23,37812473;6,53297186
23,38312473;6,06699038
23,38812473;6,53297186
23,39312473;6,06699038
23,39812473;6,53297186
23,40312473;6,06699038
23,40812473;6,53297186
23,41312473;5,59947062
23,41812472;5,59947062
23,42312472;6,06699038
23,42812472;5,13348866
23,43312472;7,00049162
23,43812472;4,66596889
23,44312472;4,66596889
23,44812472;4,66596889
23,45312472;4,66596889
23,45812472;4,19998741
23,46312472;4,19998741
23,46812472;3,73246789
23,47312472;3,73246789
23,47812472;2,79896641
23,48312472;2,33298445
23,48812472;3,26648593
23,49312472;1,39948320
23,49812472;1,39948320
23,50312472;1,86546493
23,50812472;0,93196350
23,51312472;0,93196350
23,51812472;-0,46598175
23,52312472;0,46598175
23,52812472;-0,93196350
23,53312472;-0,93196350
23,53812472;-0,93196350
23,54312472;-1,86546493
23,54812472;-1,39948320
23,55312472;-3,26648593
23,55812472;-4,19998741
23,56312472;-4,66596889
23,56812472;-3,73246789
23,57312472;-4,19998741
23,57812472;-4,19998741
23,58312472;-4,66596889
23,58812472;-3,73246789
23,59312472;-3,26648593
23,59812472;-2,33298445
23,60312472;-1,86546493
23,60812472;0,00000000
23,61312472;0,00000000
23,61812472;2,33298445
23,62312472;3,26648593
23,62812472;3,73246789
23,63312472;3,73246789
23,63812472;3,73246789
23,64312472;4,66596889
23,64812472;2,79896641
23,65312472;3,73246789
23,65812472;3,26648593
23,66312472;0,93196350
23,66812472;0,00000000
23,67312472;0,00000000
23,67812472;0,46598175
23,68312472;0,93196350
23,68812472;0,46598175
23,69312472;9,33347607
23,69812472;0,00000000
23,70312472;0,46598175
23,70812472;0,00000000
23,71312472;0,46598175
23,71812472;0,00000000
23,72312472;0,46598175
23,72812472;0,93196350
23,73312472;1,39948320
23,73812472;1,39948320
23,74312472;0,93196350
23,74812472;0,93196350
23,75312472;0,93196350
23,75812472;0,93196350
23,76312472;1,39948320
23,76812472;1,39948320
23,77312472;1,86546493
23,77812472;1,39948320
23,78312472;1,86546493
23,78812472;2,79896641
23,79312472;1,86546493
23,79812472;1,86546493
23,80312472;1,39948320
23,80812472;2,79896641
23,81312472;2,33298445
23,81812471;1,86546493
23,82312471;1,39948320
23,82812471;1,86546493
23,83312471;1,39948320
23,83812471;1,39948320
23,84312471;1,39948320
23,84812471;1,39948320
23,85312471;0,93196350
23,85812471;1,39948320
23,86312471;2,33298445
23,86812471;2,79896641
23,87312471;3,73246789
23,87812471;3,73246789
23,88312471;4,19998741
23,88812471;4,66596889
23,89312471;5,59947062
23,89812471;6,06699038
23,90312471;7,00049162
23,90812471;6,53297186
23,91312471;7,93399334
23,91812471;8,86749458
23,92312471;8,39997482
23,92812471;7,46647358
23,93312471;8,39997482
23,93812471;8,39997482
23,94312471;8,39997482
23,94812471;7,93399334
23,95312471;7,93399334
23,95812471;7,46647358
23,96312471;6,06699038
23,96812471;6,06699038
23,97312471;5,59947062
23,97812471;4,66596889
23,98312471;5,13348866
23,98812471;4,66596889
23,99312471;4,66596889
23,99812471;4,19998741
24,00312471;3,26648593
24,00812471;3,73246789
24,01312471;3,26648593
24,01812471;3,73246789
24,02312471;3,26648593
24,02812471;1,86546493
24,03312471;2,33298445
24,03812471;2,33298445
24,04312471;1,39948320
24,04812471;1,86546493
24,05312471;0,93196350
24,05812471;1,39948320
24,06312471;1,39948320
24,06812471;0,46598175
24,07312471;0,46598175
24,07812471;0,46598175
24,08312471;-0,46598175
24,08812471;0,00000000
24,09312471;-0,46598175
24,09812471;0,00000000
24,10312471;-0,93196350
24,10812471;-0,93196350
24,11312471;-2,33298445
24,11812471;-2,79896641
24,12312471;-2,33298445
24,12812471;-3,73246789
24,13312471;-4,19998741
24,13812471;-4,66596889
24,14312471;-5,13348866
24,14812471;-6,06699038
24,15312471;-6,06699038
24,15812471;-6,53297186
24,16312471;-7,00049162
24,16812471;-7,00049162
24,17312471;-7,46647358
24,17812471;-7,46647358
24,18312471;-7,00049162
24,18812471;-6,53297186
24,19312471;-7,93399334
24,19812471;-7,46647358
24,20312471;-7,46647358
24,20812471;-7,46647358
24,21312470;-7,46647358
24,21812470;-7,46647358
24,22312470;-7,93399334
24,22812470;-7,93399334
24,23312470;-6,06699038
24,23812470;-7,46647358
24,24312470;-8,39997482
24,24812470;-9,33347607
24,25312470;-9,33347607
24,25812470;-7,93399334
24,26312470;-8,39997482
24,26812470;-8,86749458
24,27312470;-7,93399334
24,27812470;-8,39997482
24,28312470;-8,39997482
24,28812470;-8,39997482
24,29312470;-8,39997482
24,29812470;-8,86749458
24,30312470;-8,86749458
24,30812470;-9,80099583
24,31312470;-9,33347607
24,31812470;-10,26697731
24,32312470;-10,73449707
24,32812470;-7,46647358
24,33312470;-11,20047951
24,33812470;-10,73449707
24,34312470;-10,26697731
24,34812470;-10,26697731
24,35312470;-8,86749458
24,35812470;-9,33347607
24,36312470;-7,46647358
24,36812470;-6,06699038
24,37312470;-5,13348866
24,37812470;-3,26648593
24,38312470;-2,33298445
24,38812470;-0,93196350
24,39312470;0,93196350
24,39812470;0,93196350
24,40312470;1,86546493
24,40812470;2,79896641
24,41312470;2,79896641
24,41812470;3,26648593
24,42312470;1,86546493
24,42812470;0,93196350
24,43312470;0,46598175
24,43812470;-0,93196350
24,44312470;-1,86546493
24,44812470;-2,79896641
24,45312470;-3,73246789
24,45812470;-3,73246789
24,46312470;-4,66596889
24,46812470;-5,59947062
24,47312470;-4,19998741
24,47812470;-4,19998741
24,48312470;-4,19998741
24,48812470;-4,66596889
24,49312470;-3,73246789
24,49812470;-4,19998741
24,50312470;-3,73246789
24,50812470;-2,79896641
24,51312470;-2,79896641
24,51812470;-2,79896641
24,52312470;-2,79896641
24,52812470;-2,79896641
24,53312470;-2,33298445
24,53812470;-2,33298445
24,54312470;-2,33298445
24,54812470;-2,33298445
24,55312470;-1,86546493
24,55812470;-0,93196350
24,56312470;-2,33298445
24,56812470;-1,39948320
24,57312470;-2,33298445
24,57812470;-1,86546493
24,58312470;-1,86546493
24,58812470;-2,33298445
24,59312470;-2,79896641
24,59812470;-2,33298445
24,60312470;-2,79896641
24,60812469;-2,33298445
24,61312469;-3,26648593
24,61812469;-2,33298445
24,62312469;-2,79896641
24,62812469;-2,79896641
24,63312469;-2,79896641
24,63812469;-2,79896641
24,64312469;-3,26648593
24,64812469;-3,26648593
24,65312469;-3,73246789
24,65812469;-2,79896641
24,66312469;-2,33298445
24,66812469;-1,86546493
24,67312469;-2,79896641
24,67812469;-1,86546493
24,68312469;-1,39948320
24,68812469;-1,39948320
24,69312469;-0,93196350
24,69812469;-0,46598175
24,70312469;-1,39948320
24,70812469;0,00000000
24,71312469;-1,39948320
24,71812469;-0,93196350
24,72312469;0,00000000
24,72812469;0,00000000
24,73312469;-2,33298445
24,73812469;-0,93196350
24,74312469;-0,93196350
24,74812469;-1,39948320
24,75312469;-0,93196350
24,75812469;-2,33298445
24,76312469;-2,33298445
24,76812469;-2,33298445
24,77312469;-2,33298445
24,77812469;-2,79896641
24,78312469;-3,26648593
24,78812469;-2,79896641
24,79312469;-3,26648593
24,79812469;-1,86546493
24,80312469;-2,79896641
24,80812469;-2,33298445
24,81312469;-1,86546493
24,81812469;-1,86546493
24,82312469;-1,39948320
24,82812469;-0,93196350
24,83312469;-2,33298445
24,83812469;0,00000000
24,84312469;-0,93196350
24,84812469;-0,93196350
24,85312469;-0,46598175
24,85812469;-1,39948320
24,86312469;-1,86546493
24,86812469;-1,86546493
24,87312469;-1,39948320
24,87812469;-1,86546493
24,88312469;-2,33298445
24,88812469;-1,86546493
24,89312469;-2,79896641
24,89812469;-2,79896641
24,90312469;-2,79896641
24,90812469;-3,73246789
24,91312469;-4,66596889
24,91812469;-4,66596889
24,92312469;-4,66596889
24,92812469;-5,13348866
24,93312469;-5,13348866
24,93812469;-5,13348866
24,94312469;-5,13348866
24,94812469;-5,13348866
24,95312469;-5,59947062
24,95812469;-4,19998741
24,96312469;-5,13348866
24,96812469;-4,66596889
24,97312469;-4,66596889
24,97812469;-4,19998741
24,98312469;-3,73246789
24,98812469;-3,73246789
24,99312469;-4,19998741
24,99812469;-2,79896641
25,00312468;-4,66596889
25,00812468;-3,73246789
