Zeit;Kanal A
(ms);(mV)

-25,00601468;0,18639271
-25,00101468;-0,55979329
-24,99601468;-0,37278542
-24,99101468;0,18639271
-24,98601468;0,18639271
-24,98101468;0,18639271
-24,97601468;-0,37278542
-24,97101468;-0,55979329
-24,96601468;0,00000000
-24,96101468;0,18639271
-24,95601468;0,55979329
-24,95101468;0,93319386
-24,94601468;0,00000000
-24,94101468;0,18639271
-24,93601468;0,00000000
-24,93101468;-0,37278542
-24,92601468;0,74618596
-24,92101468;0,55979329
-24,91601468;0,37278542
-24,91101468;0,18639271
-24,90601468;0,55979329
-24,90101468;0,55979329
-24,89601468;0,55979329
-24,89101468;0,74618596
-24,88601468;-0,74618596
-24,88101468;-0,37278542
-24,87601468;1,49298716
-24,87101468;-0,74618596
-24,86601468;-0,18639271
-24,86101468;-0,74618596
-24,85601468;0,55979329
-24,85101468;0,00000000
-24,84601468;-0,37278542
-24,84101468;0,18639271
-24,83601468;0,55979329
-24,83101468;0,93319386
-24,82601468;0,00000000
-24,82101468;0,18639271
-24,81601468;-0,18639271
-24,81101468;0,74618596
-24,80601468;0,18639271
-24,80101468;0,55979329
-24,79601468;0,55979329
-24,79101468;0,93319386
-24,78601468;0,00000000
-24,78101468;-0,18639271
-24,77601468;0,00000000
-24,77101468;-0,18639271
-24,76601468;0,00000000
-24,76101468;-0,37278542
-24,75601468;0,00000000
-24,75101468;0,18639271
-24,74601468;0,00000000
-24,74101468;0,00000000
-24,73601468;0,18639271
-24,73101468;0,18639271
-24,72601468;1,11958659
-24,72101468;0,18639271
-24,71601468;0,00000000
-24,71101468;0,18639271
-24,70601468;0,00000000
-24,70101468;0,18639271
-24,69601468;-1,67999494
-24,69101468;0,74618596
-24,68601468;-0,55979329
-24,68101468;-0,37278542
-24,67601469;0,00000000
-24,67101469;-0,37278542
-24,66601469;0,55979329
-24,66101469;1,49298716
-24,65601469;-0,55979329
-24,65101469;0,00000000
-24,64601469;0,00000000
-24,64101469;0,55979329
-24,63601469;0,18639271
-24,63101469;-0,18639271
-24,62601469;-0,18639271
-24,62101469;-0,37278542
-24,61601469;0,37278542
-24,61101469;0,37278542
-24,60601469;0,18639271
-24,60101469;-0,74618596
-24,59601469;0,55979329
-24,59101469;0,00000000
-24,58601469;0,55979329
-24,58101469;0,00000000
-24,57601469;-0,74618596
-24,57101469;0,00000000
-24,56601469;0,74618596
-24,56101469;0,93319386
-24,55601469;-0,74618596
-24,55101469;0,00000000
-24,54601469;0,93319386
-24,54101469;-0,18639271
-24,53601469;0,55979329
-24,53101469;0,18639271
-24,52601469;0,18639271
-24,52101469;0,55979329
-24,51601469;0,18639271
-24,51101469;0,55979329
-24,50601469;0,55979329
-24,50101469;0,00000000
-24,49601469;0,37278542
-24,49101469;0,00000000
-24,48601469;0,37278542
-24,48101469;0,18639271
-24,47601469;2,61318874
-24,47101469;0,18639271
-24,46601469;-0,18639271
-24,46101469;-0,37278542
-24,45601469;0,00000000
-24,45101469;-0,93319386
-24,44601469;-0,18639271
-24,44101469;-0,55979329
-24,43601469;0,74618596
-24,43101469;0,00000000
-24,42601469;-0,55979329
-24,42101469;-0,37278542
-24,41601469;0,00000000
-24,41101469;0,00000000
-24,40601469;0,18639271
-24,40101469;0,93319386
-24,39601469;1,11958659
-24,39101469;-0,18639271
-24,38601469;0,55979329
-24,38101469;-0,55979329
-24,37601469;-0,37278542
-24,37101469;0,18639271
-24,36601469;0,00000000
-24,36101469;0,00000000
-24,35601469;-1,11958659
-24,35101469;0,00000000
-24,34601469;0,00000000
-24,34101469;-0,74618596
-24,33601469;0,55979329
-24,33101469;0,18639271
-24,32601469;0,18639271
-24,32101469;-3,54699802
-24,31601469;0,18639271
-24,31101469;0,18639271
-24,30601469;-0,37278542
-24,30101469;0,00000000
-24,29601469;0,55979329
-24,29101469;-1,11958659
-24,28601469;-0,18639271
-24,28101470;0,37278542
-24,27601470;0,55979329
-24,27101470;0,37278542
-24,26601470;0,00000000
-24,26101470;0,37278542
-24,25601470;-0,18639271
-24,25101470;0,93319386
-24,24601470;0,93319386
-24,24101470;0,93319386
-24,23601470;0,18639271
-24,23101470;0,93319386
-24,22601470;0,00000000
-24,22101470;-0,18639271
-24,21601470;0,18639271
-24,21101470;-1,11958659
-24,20601470;0,18639271
-24,20101470;-0,55979329
-24,19601470;0,37278542
-24,19101470;-0,37278542
-24,18601470;0,00000000
-24,18101470;-0,37278542
-24,17601470;0,37278542
-24,17101470;0,37278542
-24,16601470;0,74618596
-24,16101470;0,00000000
-24,15601470;-0,74618596
-24,15101470;0,18639271
-24,14601470;0,00000000
-24,14101470;-0,93319386
-24,13601470;0,55979329
-24,13101470;0,74618596
-24,12601470;-0,37278542
-24,12101470;0,00000000
-24,11601470;1,11958659
-24,11101470;0,18639271
-24,10601470;0,00000000
-24,10101470;-0,37278542
-24,09601470;0,55979329
-24,09101470;0,00000000
-24,08601470;0,00000000
-24,08101470;-0,18639271
-24,07601470;-0,37278542
-24,07101470;0,18639271
-24,06601470;-0,18639271
-24,06101470;-1,30659437
-24,05601470;0,55979329
-24,05101470;0,00000000
-24,04601470;0,37278542
-24,04101470;0,00000000
-24,03601470;0,00000000
-24,03101470;-0,37278542
-24,02601470;0,74618596
-24,02101470;-0,18639271
-24,01601470;0,18639271
-24,01101470;0,55979329
-24,00601470;0,55979329
-24,00101470;0,00000000
-23,99601470;-0,37278542
-23,99101470;-0,37278542
-23,98601470;-1,11958659
-23,98101470;0,37278542
-23,97601470;-0,18639271
-23,97101470;-0,37278542
-23,96601470;0,55979329
-23,96101470;0,55979329
-23,95601470;-0,55979329
-23,95101470;-0,37278542
-23,94601470;-0,37278542
-23,94101470;0,93319386
-23,93601470;0,93319386
-23,93101470;0,00000000
-23,92601470;-0,55979329
-23,92101470;-0,37278542
-23,91601470;0,37278542
-23,91101470;-0,18639271
-23,90601470;-0,18639271
-23,90101470;0,18639271
-23,89601470;0,00000000
-23,89101470;-0,93319386
-23,88601470;-0,74618596
-23,88101471;-0,18639271
-23,87601471;-0,37278542
-23,87101471;-0,37278542
-23,86601471;0,18639271
-23,86101471;0,93319386
-23,85601471;-0,37278542
-23,85101471;0,18639271
-23,84601471;0,00000000
-23,84101471;-0,37278542
-23,83601471;0,00000000
-23,83101471;0,18639271
-23,82601471;0,00000000
-23,82101471;0,37278542
-23,81601471;0,00000000
-23,81101471;0,37278542
-23,80601471;-0,93319386
-23,80101471;0,00000000
-23,79601471;0,00000000
-23,79101471;0,55979329
-23,78601471;0,93319386
-23,78101471;-0,37278542
-23,77601471;0,18639271
-23,77101471;-0,37278542
-23,76601471;0,18639271
-23,76101471;0,00000000
-23,75601471;0,55979329
-23,75101471;0,18639271
-23,74601471;-0,18639271
-23,74101471;0,55979329
-23,73601471;0,00000000
-23,73101471;0,00000000
-23,72601471;0,18639271
-23,72101471;0,00000000
-23,71601471;0,00000000
-23,71101471;-0,37278542
-23,70601471;-0,18639271
-23,70101471;-0,18639271
-23,69601471;0,00000000
-23,69101471;0,00000000
-23,68601471;0,00000000
-23,68101471;-0,37278542
-23,67601471;-0,18639271
-23,67101471;-1,49298716
-23,66601471;0,93319386
-23,66101471;0,93319386
-23,65601471;-0,18639271
-23,65101471;-0,55979329
-23,64601471;-1,11958659
-23,64101471;0,37278542
-23,63601471;-0,55979329
-23,63101471;0,00000000
-23,62601471;0,18639271
-23,62101471;0,55979329
-23,61601471;0,00000000
-23,61101471;0,93319386
-23,60601471;0,55979329
-23,60101471;-0,55979329
-23,59601471;0,00000000
-23,59101471;0,00000000
-23,58601471;-0,93319386
-23,58101471;0,00000000
-23,57601471;0,00000000
-23,57101471;0,00000000
-23,56601471;0,18639271
-23,56101471;0,00000000
-23,55601471;-0,55979329
-23,55101471;0,37278542
-23,54601471;0,93319386
-23,54101471;0,00000000
-23,53601471;1,49298716
-23,53101471;0,74618596
-23,52601471;0,00000000
-23,52101471;3,73339057
-23,51601471;-0,18639271
-23,51101471;0,55979329
-23,50601471;-0,18639271
-23,50101471;-1,11958659
-23,49601471;0,00000000
-23,49101471;0,55979329
-23,48601472;0,55979329
-23,48101472;0,18639271
-23,47601472;0,55979329
-23,47101472;0,55979329
-23,46601472;-0,37278542
-23,46101472;0,55979329
-23,45601472;0,18639271
-23,45101472;0,18639271
-23,44601472;-0,37278542
-23,44101472;-0,37278542
-23,43601472;0,37278542
-23,43101472;-0,37278542
-23,42601472;-0,18639271
-23,42101472;-0,37278542
-23,41601472;0,93319386
-23,41101472;0,18639271
-23,40601472;0,74618596
-23,40101472;0,55979329
-23,39601472;0,74618596
-23,39101472;-0,18639271
-23,38601472;0,55979329
-23,38101472;0,18639271
-23,37601472;0,18639271
-23,37101472;0,00000000
-23,36601472;0,18639271
-23,36101472;0,74618596
-23,35601472;0,93319386
-23,35101472;0,18639271
-23,34601472;0,37278542
-23,34101472;-0,37278542
-23,33601472;-0,37278542
-23,33101472;-0,37278542
-23,32601472;0,74618596
-23,32101472;0,18639271
-23,31601472;-0,18639271
-23,31101472;0,00000000
-23,30601472;-0,37278542
-23,30101472;0,18639271
-23,29601472;0,00000000
-23,29101472;0,37278542
-23,28601472;0,00000000
-23,28101472;-0,37278542
-23,27601472;0,18639271
-23,27101472;0,00000000
-23,26601472;-0,74618596
-23,26101472;-0,74618596
-23,25601472;0,00000000
-23,25101472;0,18639271
-23,24601472;1,11958659
-23,24101472;0,00000000
-23,23601472;0,55979329
-23,23101472;0,93319386
-23,22601472;0,18639271
-23,22101472;0,93319386
-23,21601472;0,00000000
-23,21101472;-0,37278542
-23,20601472;-0,37278542
-23,20101472;0,18639271
-23,19601472;0,00000000
-23,19101472;0,00000000
-23,18601472;0,18639271
-23,18101472;-1,67999494
-23,17601472;0,74618596
-23,17101472;0,74618596
-23,16601472;0,37278542
-23,16101472;0,55979329
-23,15601472;-0,18639271
-23,15101472;0,00000000
-23,14601472;0,37278542
-23,14101472;0,00000000
-23,13601472;0,00000000
-23,13101472;0,18639271
-23,12601472;-0,37278542
-23,12101472;0,93319386
-23,11601472;0,18639271
-23,11101472;0,93319386
-23,10601472;0,00000000
-23,10101472;0,18639271
-23,09601472;0,18639271
-23,09101473;0,18639271
-23,08601473;0,18639271
-23,08101473;-0,93319386
-23,07601473;0,18639271
-23,07101473;0,37278542
-23,06601473;0,18639271
-23,06101473;-0,55979329
-23,05601473;1,11958659
-23,05101473;-0,37278542
-23,04601473;1,67999494
-23,04101473;0,00000000
-23,03601473;-0,37278542
-23,03101473;0,00000000
-23,02601473;0,00000000
-23,02101473;0,55979329
-23,01601473;0,55979329
-23,01101473;-0,74618596
-23,00601473;0,18639271
-23,00101473;0,18639271
-22,99601473;0,55979329
-22,99101473;-0,18639271
-22,98601473;0,55979329
-22,98101473;0,74618596
-22,97601473;0,18639271
-22,97101473;-0,74618596
-22,96601473;0,00000000
-22,96101473;0,37278542
-22,95601473;0,18639271
-22,95101473;0,18639271
-22,94601473;0,00000000
-22,94101473;0,55979329
-22,93601473;0,18639271
-22,93101473;0,00000000
-22,92601473;0,55979329
-22,92101473;0,18639271
-22,91601473;-0,37278542
-22,91101473;-0,74618596
-22,90601473;0,55979329
-22,90101473;-0,37278542
-22,89601473;0,00000000
-22,89101473;-1,11958659
-22,88601473;-0,55979329
-22,88101473;0,00000000
-22,87601473;-0,18639271
-22,87101473;-1,11958659
-22,86601473;-0,55979329
-22,86101473;-0,37278542
-22,85601473;0,37278542
-22,85101473;0,00000000
-22,84601473;0,55979329
-22,84101473;-0,37278542
-22,83601473;-0,37278542
-22,83101473;0,18639271
-22,82601473;-0,74618596
-22,82101473;-0,37278542
-22,81601473;-0,18639271
-22,81101473;0,18639271
-22,80601473;0,00000000
-22,80101473;0,18639271
-22,79601473;-0,37278542
-22,79101473;0,55979329
-22,78601473;0,74618596
-22,78101473;1,11958659
-22,77601473;0,55979329
-22,77101473;0,55979329
-22,76601473;-0,18639271
-22,76101473;-0,37278542
-22,75601473;0,00000000
-22,75101473;0,18639271
-22,74601473;0,18639271
-22,74101473;0,93319386
-22,73601473;-0,37278542
-22,73101473;0,37278542
-22,72601473;0,74618596
-22,72101473;-1,86638772
-22,71601473;0,00000000
-22,71101473;0,00000000
-22,70601473;-0,37278542
-22,70101473;-0,37278542
-22,69601474;0,18639271
-22,69101474;-0,18639271
-22,68601474;0,00000000
-22,68101474;-0,37278542
-22,67601474;0,18639271
-22,67101474;0,37278542
-22,66601474;-0,37278542
-22,66101474;-0,37278542
-22,65601474;-1,67999494
-22,65101474;0,18639271
-22,64601474;0,00000000
-22,64101474;0,55979329
-22,63601474;0,00000000
-22,63101474;-0,37278542
-22,62601474;0,37278542
-22,62101474;0,00000000
-22,61601474;0,37278542
-22,61101474;-0,55979329
-22,60601474;0,00000000
-22,60101474;0,55979329
-22,59601474;0,55979329
-22,59101474;0,00000000
-22,58601474;0,37278542
-22,58101474;-0,55979329
-22,57601474;-0,37278542
-22,57101474;0,00000000
-22,56601474;-0,55979329
-22,56101474;0,37278542
-22,55601474;0,93319386
-22,55101474;0,74618596
-22,54601474;0,18639271
-22,54101474;0,00000000
-22,53601474;0,00000000
-22,53101474;0,55979329
-22,52601474;0,00000000
-22,52101474;0,00000000
-22,51601474;0,00000000
-22,51101474;0,18639271
-22,50601474;0,00000000
-22,50101474;0,18639271
-22,49601474;0,18639271
-22,49101474;0,00000000
-22,48601474;0,93319386
-22,48101474;0,74618596
-22,47601474;0,18639271
-22,47101474;0,00000000
-22,46601474;0,18639271
-22,46101474;0,00000000
-22,45601474;0,18639271
-22,45101474;0,00000000
-22,44601474;0,18639271
-22,44101474;0,37278542
-22,43601474;0,00000000
-22,43101474;-0,37278542
-22,42601474;1,30659437
-22,42101474;0,18639271
-22,41601474;0,37278542
-22,41101474;0,93319386
-22,40601474;-0,37278542
-22,40101474;-0,18639271
-22,39601474;0,18639271
-22,39101474;0,18639271
-22,38601474;-0,37278542
-22,38101474;0,18639271
-22,37601474;0,37278542
-22,37101474;0,00000000
-22,36601474;0,00000000
-22,36101474;0,00000000
-22,35601474;0,55979329
-22,35101474;0,00000000
-22,34601474;1,49298716
-22,34101474;0,18639271
-22,33601474;0,18639271
-22,33101474;0,37278542
-22,32601474;0,37278542
-22,32101474;0,55979329
-22,31601474;0,00000000
-22,31101474;0,00000000
-22,30601474;-0,37278542
-22,30101475;0,18639271
-22,29601475;-0,18639271
-22,29101475;0,93319386
-22,28601475;0,37278542
-22,28101475;-0,37278542
-22,27601475;0,00000000
-22,27101475;-0,55979329
-22,26601475;-0,18639271
-22,26101475;0,55979329
-22,25601475;-0,55979329
-22,25101475;0,37278542
-22,24601475;0,55979329
-22,24101475;0,00000000
-22,23601475;0,37278542
-22,23101475;0,00000000
-22,22601475;0,37278542
-22,22101475;-0,18639271
-22,21601475;0,00000000
-22,21101475;-0,37278542
-22,20601475;0,37278542
-22,20101475;-0,37278542
-22,19601475;0,55979329
-22,19101475;-0,37278542
-22,18601475;0,18639271
-22,18101475;-0,37278542
-22,17601475;0,55979329
-22,17101475;0,55979329
-22,16601475;-1,11958659
-22,16101475;1,11958659
-22,15601475;0,18639271
-22,15101475;0,18639271
-22,14601475;0,74618596
-22,14101475;0,18639271
-22,13601475;0,18639271
-22,13101475;0,18639271
-22,12601475;-0,74618596
-22,12101475;-0,93319386
-22,11601475;-0,37278542
-22,11101475;0,18639271
-22,10601475;1,30659437
-22,10101475;0,55979329
-22,09601475;0,18639271
-22,09101475;0,18639271
-22,08601475;0,55979329
-22,08101475;0,00000000
-22,07601475;0,37278542
-22,07101475;0,55979329
-22,06601475;-0,37278542
-22,06101475;0,74618596
-22,05601475;0,18639271
-22,05101475;0,18639271
-22,04601475;-0,37278542
-22,04101475;0,18639271
-22,03601475;-0,37278542
-22,03101475;1,11958659
-22,02601475;-0,55979329
-22,02101475;-0,55979329
-22,01601475;0,18639271
-22,01101475;-0,37278542
-22,00601475;0,00000000
-22,00101475;0,00000000
-21,99601475;0,00000000
-21,99101475;-0,18639271
-21,98601475;-0,18639271
-21,98101475;0,18639271
-21,97601475;0,55979329
-21,97101475;-0,18639271
-21,96601475;-0,18639271
-21,96101475;-0,18639271
-21,95601475;0,18639271
-21,95101475;0,18639271
-21,94601475;0,55979329
-21,94101475;-0,37278542
-21,93601475;-1,30659437
-21,93101475;-0,18639271
-21,92601475;0,37278542
-21,92101475;1,11958659
-21,91601475;1,11958659
-21,91101475;0,18639271
-21,90601476;0,18639271
-21,90101476;-0,37278542
-21,89601476;0,00000000
-21,89101476;0,00000000
-21,88601476;0,93319386
-21,88101476;-0,37278542
-21,87601476;-0,37278542
-21,87101476;0,00000000
-21,86601476;0,37278542
-21,86101476;0,00000000
-21,85601476;-0,74618596
-21,85101476;-0,18639271
-21,84601476;0,18639271
-21,84101476;0,37278542
-21,83601476;0,37278542
-21,83101476;-0,37278542
-21,82601476;0,93319386
-21,82101476;-7,09399605
-21,81601476;0,00000000
-21,81101476;-0,18639271
-21,80601476;0,00000000
-21,80101476;0,18639271
-21,79601476;0,18639271
-21,79101476;0,18639271
-21,78601476;0,74618596
-21,78101476;-0,37278542
-21,77601476;0,00000000
-21,77101476;0,18639271
-21,76601476;-0,74618596
-21,76101476;-0,55979329
-21,75601476;0,74618596
-21,75101476;-0,37278542
-21,74601476;0,55979329
-21,74101476;0,55979329
-21,73601476;0,00000000
-21,73101476;0,55979329
-21,72601476;-1,67999494
-21,72101476;-0,18639271
-21,71601476;-0,18639271
-21,71101476;0,18639271
-21,70601476;0,93319386
-21,70101476;0,55979329
-21,69601476;0,00000000
-21,69101476;-0,55979329
-21,68601476;0,18639271
-21,68101476;-0,37278542
-21,67601476;0,00000000
-21,67101476;0,00000000
-21,66601476;-0,18639271
-21,66101476;-0,18639271
-21,65601476;0,37278542
-21,65101476;0,37278542
-21,64601476;0,37278542
-21,64101476;0,37278542
-21,63601476;0,00000000
-21,63101476;-0,55979329
-21,62601476;0,55979329
-21,62101476;0,18639271
-21,61601476;0,55979329
-21,61101476;0,18639271
-21,60601476;1,30659437
-21,60101476;0,18639271
-21,59601476;-0,55979329
-21,59101476;0,55979329
-21,58601476;0,00000000
-21,58101476;0,18639271
-21,57601476;0,55979329
-21,57101476;-0,18639271
-21,56601476;0,37278542
-21,56101476;-0,55979329
-21,55601476;-0,18639271
-21,55101476;0,55979329
-21,54601476;0,00000000
-21,54101476;-0,18639271
-21,53601476;-0,93319386
-21,53101476;0,18639271
-21,52601476;-0,37278542
-21,52101476;-0,74618596
-21,51601476;-0,18639271
-21,51101476;0,18639271
-21,50601477;0,00000000
-21,50101477;0,18639271
-21,49601477;-0,74618596
-21,49101477;0,37278542
-21,48601477;0,18639271
-21,48101477;0,37278542
-21,47601477;-0,37278542
-21,47101477;0,93319386
-21,46601477;-0,18639271
-21,46101477;0,55979329
-21,45601477;0,00000000
-21,45101477;0,18639271
-21,44601477;0,55979329
-21,44101477;0,55979329
-21,43601477;0,55979329
-21,43101477;0,93319386
-21,42601477;0,37278542
-21,42101477;-0,37278542
-21,41601477;-0,18639271
-21,41101477;0,00000000
-21,40601477;0,00000000
-21,40101477;-0,37278542
-21,39601477;0,55979329
-21,39101477;0,74618596
-21,38601477;0,18639271
-21,38101477;0,18639271
-21,37601477;0,00000000
-21,37101477;-0,37278542
-21,36601477;-0,37278542
-21,36101477;0,00000000
-21,35601477;-1,49298716
-21,35101477;0,18639271
-21,34601477;0,93319386
-21,34101477;-0,37278542
-21,33601477;0,18639271
-21,33101477;0,18639271
-21,32601477;0,18639271
-21,32101477;-0,74618596
-21,31601477;0,00000000
-21,31101477;0,00000000
-21,30601477;-0,74618596
-21,30101477;-0,18639271
-21,29601477;0,18639271
-21,29101477;0,55979329
-21,28601477;0,18639271
-21,28101477;0,00000000
-21,27601477;0,74618596
-21,27101477;-0,18639271
-21,26601477;-0,74618596
-21,26101477;0,37278542
-21,25601477;-0,55979329
-21,25101477;0,18639271
-21,24601477;0,00000000
-21,24101477;0,00000000
-21,23601477;-0,18639271
-21,23101477;0,00000000
-21,22601477;-0,37278542
-21,22101477;0,55979329
-21,21601477;0,00000000
-21,21101477;0,18639271
-21,20601477;0,00000000
-21,20101477;0,37278542
-21,19601477;0,74618596
-21,19101477;-0,37278542
-21,18601477;0,18639271
-21,18101477;-0,74618596
-21,17601477;-0,37278542
-21,17101477;0,74618596
-21,16601477;5,60039330
-21,16101477;0,55979329
-21,15601477;0,55979329
-21,15101477;0,74618596
-21,14601477;0,18639271
-21,14101477;-0,37278542
-21,13601477;-0,18639271
-21,13101477;0,55979329
-21,12601477;-0,37278542
-21,12101477;-0,55979329
-21,11601477;0,55979329
-21,11101478;-1,11958659
-21,10601478;0,93319386
-21,10101478;-0,18639271
-21,09601478;0,00000000
-21,09101478;-0,74618596
-21,08601478;1,49298716
-21,08101478;0,37278542
-21,07601478;0,00000000
-21,07101478;-0,37278542
-21,06601478;0,00000000
-21,06101478;-0,37278542
-21,05601478;0,18639271
-21,05101478;-0,37278542
-21,04601478;-0,74618596
-21,04101478;0,74618596
-21,03601478;0,00000000
-21,03101478;0,55979329
-21,02601478;0,55979329
-21,02101478;0,00000000
-21,01601478;-0,37278542
-21,01101478;0,18639271
-21,00601478;0,00000000
-21,00101478;0,37278542
-20,99601478;0,18639271
-20,99101478;0,18639271
-20,98601478;0,18639271
-20,98101478;0,00000000
-20,97601478;0,74618596
-20,97101478;0,00000000
-20,96601478;0,18639271
-20,96101478;0,18639271
-20,95601478;0,00000000
-20,95101478;-0,74618596
-20,94601478;-0,37278542
-20,94101478;0,00000000
-20,93601478;0,00000000
-20,93101478;0,18639271
-20,92601478;0,00000000
-20,92101478;0,00000000
-20,91601478;0,00000000
-20,91101478;0,18639271
-20,90601478;0,00000000
-20,90101478;0,18639271
-20,89601478;0,93319386
-20,89101478;0,37278542
-20,88601478;0,37278542
-20,88101478;0,93319386
-20,87601478;-0,37278542
-20,87101478;0,37278542
-20,86601478;-0,74618596
-20,86101478;-0,55979329
-20,85601478;0,00000000
-20,85101478;0,18639271
-20,84601478;-0,74618596
-20,84101478;0,37278542
-20,83601478;0,00000000
-20,83101478;0,18639271
-20,82601478;0,74618596
-20,82101478;-1,11958659
-20,81601478;0,55979329
-20,81101478;0,00000000
-20,80601478;0,00000000
-20,80101478;0,18639271
-20,79601478;-0,37278542
-20,79101478;0,00000000
-20,78601478;0,18639271
-20,78101478;0,74618596
-20,77601478;-0,55979329
-20,77101478;-0,18639271
-20,76601478;0,00000000
-20,76101478;0,18639271
-20,75601478;0,00000000
-20,75101478;0,00000000
-20,74601478;0,18639271
-20,74101478;-0,18639271
-20,73601478;-0,74618596
-20,73101478;0,37278542
-20,72601478;0,00000000
-20,72101478;1,67999494
-20,71601479;0,74618596
-20,71101479;-0,74618596
-20,70601479;-1,67999494
-20,70101479;-0,55979329
-20,69601479;0,00000000
-20,69101479;1,11958659
-20,68601479;-0,18639271
-20,68101479;-0,37278542
-20,67601479;0,37278542
-20,67101479;0,18639271
-20,66601479;0,55979329
-20,66101479;0,55979329
-20,65601479;0,00000000
-20,65101479;-0,37278542
-20,64601479;-0,37278542
-20,64101479;0,18639271
-20,63601479;0,93319386
-20,63101479;0,37278542
-20,62601479;0,00000000
-20,62101479;0,37278542
-20,61601479;-1,49298716
-20,61101479;-0,93319386
-20,60601479;-0,18639271
-20,60101479;-0,74618596
-20,59601479;0,55979329
-20,59101479;0,00000000
-20,58601479;0,00000000
-20,58101479;-0,37278542
-20,57601479;0,00000000
-20,57101479;0,00000000
-20,56601479;0,55979329
-20,56101479;-0,37278542
-20,55601479;-0,55979329
-20,55101479;-0,37278542
-20,54601479;-0,18639271
-20,54101479;0,18639271
-20,53601479;-0,18639271
-20,53101479;0,18639271
-20,52601479;-0,74618596
-20,52101479;-2,05339551
-20,51601479;0,37278542
-20,51101479;-0,74618596
-20,50601479;-0,55979329
-20,50101479;-0,37278542
-20,49601479;-0,37278542
-20,49101479;0,37278542
-20,48601479;0,55979329
-20,48101479;0,00000000
-20,47601479;0,37278542
-20,47101479;0,00000000
-20,46601479;-0,18639271
-20,46101479;-0,18639271
-20,45601479;0,74618596
-20,45101479;0,55979329
-20,44601479;-1,11958659
-20,44101479;-0,55979329
-20,43601479;-0,37278542
-20,43101479;-0,18639271
-20,42601479;0,37278542
-20,42101479;0,00000000
-20,41601479;-0,37278542
-20,41101479;0,00000000
-20,40601479;-0,74618596
-20,40101479;-0,18639271
-20,39601479;-0,55979329
-20,39101479;-0,18639271
-20,38601479;-0,37278542
-20,38101479;-0,37278542
-20,37601479;1,11958659
-20,37101479;-0,55979329
-20,36601479;0,55979329
-20,36101479;-0,37278542
-20,35601479;0,00000000
-20,35101479;-0,18639271
-20,34601479;1,11958659
-20,34101479;0,00000000
-20,33601479;0,00000000
-20,33101479;0,37278542
-20,32601479;0,55979329
-20,32101480;0,18639271
-20,31601480;0,18639271
-20,31101480;0,00000000
-20,30601480;-0,55979329
-20,30101480;-0,18639271
-20,29601480;-0,18639271
-20,29101480;0,37278542
-20,28601480;0,00000000
-20,28101480;0,37278542
-20,27601480;0,55979329
-20,27101480;0,55979329
-20,26601480;0,37278542
-20,26101480;-0,37278542
-20,25601480;0,37278542
-20,25101480;0,00000000
-20,24601480;-0,74618596
-20,24101480;0,37278542
-20,23601480;0,00000000
-20,23101480;0,37278542
-20,22601480;0,74618596
-20,22101480;0,18639271
-20,21601480;-0,18639271
-20,21101480;0,00000000
-20,20601480;0,74618596
-20,20101480;0,00000000
-20,19601480;0,74618596
-20,19101480;0,37278542
-20,18601480;-0,37278542
-20,18101480;-0,37278542
-20,17601480;0,55979329
-20,17101480;0,18639271
-20,16601480;-0,37278542
-20,16101480;-0,37278542
-20,15601480;0,18639271
-20,15101480;0,18639271
-20,14601480;0,37278542
-20,14101480;0,00000000
-20,13601480;0,00000000
-20,13101480;0,00000000
-20,12601480;0,37278542
-20,12101480;-0,74618596
-20,11601480;-0,37278542
-20,11101480;0,18639271
-20,10601480;0,18639271
-20,10101480;-0,55979329
-20,09601480;-0,18639271
-20,09101480;0,18639271
-20,08601480;-0,18639271
-20,08101480;0,55979329
-20,07601480;0,00000000
-20,07101480;-0,55979329
-20,06601480;0,37278542
-20,06101480;0,00000000
-20,05601480;0,00000000
-20,05101480;-0,37278542
-20,04601480;0,00000000
-20,04101480;0,74618596
-20,03601480;0,93319386
-20,03101480;0,00000000
-20,02601480;0,18639271
-20,02101480;0,00000000
-20,01601480;0,00000000
-20,01101480;0,18639271
-20,00601480;-0,37278542
-20,00101480;0,55979329
-19,99601480;-0,37278542
-19,99101480;0,00000000
-19,98601480;0,00000000
-19,98101480;0,18639271
-19,97601480;0,00000000
-19,97101480;0,18639271
-19,96601480;-0,37278542
-19,96101480;0,18639271
-19,95601480;0,00000000
-19,95101480;-0,37278542
-19,94601480;0,18639271
-19,94101480;0,18639271
-19,93601480;-0,18639271
-19,93101480;-0,74618596
-19,92601481;0,00000000
-19,92101481;0,18639271
-19,91601481;0,18639271
-19,91101481;0,00000000
-19,90601481;-1,86638772
-19,90101481;0,55979329
-19,89601481;-0,37278542
-19,89101481;-0,37278542
-19,88601481;0,00000000
-19,88101481;0,00000000
-19,87601481;0,00000000
-19,87101481;-0,74618596
-19,86601481;0,00000000
-19,86101481;-1,86638772
-19,85601481;-0,18639271
-19,85101481;0,18639271
-19,84601481;0,37278542
-19,84101481;0,00000000
-19,83601481;-0,55979329
-19,83101481;0,00000000
-19,82601481;0,18639271
-19,82101481;-0,74618596
-19,81601481;0,18639271
-19,81101481;0,18639271
-19,80601481;0,55979329
-19,80101481;0,00000000
-19,79601481;0,00000000
-19,79101481;-0,18639271
-19,78601481;0,18639271
-19,78101481;0,37278542
-19,77601481;0,00000000
-19,77101481;0,00000000
-19,76601481;0,00000000
-19,76101481;0,37278542
-19,75601481;-0,55979329
-19,75101481;0,55979329
-19,74601481;0,00000000
-19,74101481;-1,11958659
-19,73601481;-0,37278542
-19,73101481;-0,18639271
-19,72601481;0,00000000
-19,72101481;-0,18639271
-19,71601481;0,55979329
-19,71101481;-0,18639271
-19,70601481;0,93319386
-19,70101481;-0,18639271
-19,69601481;0,00000000
-19,69101481;-1,49298716
-19,68601481;-0,37278542
-19,68101481;0,00000000
-19,67601481;-0,18639271
-19,67101481;-0,37278542
-19,66601481;-0,37278542
-19,66101481;0,55979329
-19,65601481;-0,55979329
-19,65101481;0,18639271
-19,64601481;-0,93319386
-19,64101481;-0,37278542
-19,63601481;0,37278542
-19,63101481;0,18639271
-19,62601481;0,74618596
-19,62101481;-0,18639271
-19,61601481;0,00000000
-19,61101481;-0,55979329
-19,60601481;0,00000000
-19,60101481;-1,11958659
-19,59601481;0,74618596
-19,59101481;1,49298716
-19,58601481;0,00000000
-19,58101481;1,49298716
-19,57601481;0,18639271
-19,57101481;0,18639271
-19,56601481;-0,37278542
-19,56101481;0,00000000
-19,55601481;-0,37278542
-19,55101481;0,00000000
-19,54601481;-0,18639271
-19,54101481;0,18639271
-19,53601481;0,74618596
-19,53101482;0,18639271
-19,52601482;-0,37278542
-19,52101482;-0,18639271
-19,51601482;0,74618596
-19,51101482;0,55979329
-19,50601482;-0,93319386
-19,50101482;0,93319386
-19,49601482;0,00000000
-19,49101482;-0,55979329
-19,48601482;0,18639271
-19,48101482;-0,37278542
-19,47601482;0,18639271
-19,47101482;0,55979329
-19,46601482;0,55979329
-19,46101482;0,55979329
-19,45601482;0,18639271
-19,45101482;-0,37278542
-19,44601482;-0,93319386
-19,44101482;-0,55979329
-19,43601482;0,55979329
-19,43101482;-0,37278542
-19,42601482;0,00000000
-19,42101482;0,55979329
-19,41601482;-0,18639271
-19,41101482;-1,11958659
-19,40601482;0,55979329
-19,40101482;0,55979329
-19,39601482;0,37278542
-19,39101482;-0,18639271
-19,38601482;-1,11958659
-19,38101482;0,00000000
-19,37601482;0,18639271
-19,37101482;0,18639271
-19,36601482;0,18639271
-19,36101482;0,18639271
-19,35601482;-0,55979329
-19,35101482;-0,37278542
-19,34601482;0,37278542
-19,34101482;0,18639271
-19,33601482;-0,37278542
-19,33101482;0,74618596
-19,32601482;0,55979329
-19,32101482;-0,37278542
-19,31601482;0,18639271
-19,31101482;-0,93319386
-19,30601482;-1,67999494
-19,30101482;0,00000000
-19,29601482;-0,18639271
-19,29101482;1,49298716
-19,28601482;0,18639271
-19,28101482;-0,93319386
-19,27601482;0,93319386
-19,27101482;0,37278542
-19,26601482;0,37278542
-19,26101482;0,00000000
-19,25601482;0,18639271
-19,25101482;0,37278542
-19,24601482;0,00000000
-19,24101482;0,37278542
-19,23601482;0,37278542
-19,23101482;0,00000000
-19,22601482;0,55979329
-19,22101482;0,55979329
-19,21601482;0,00000000
-19,21101482;-0,37278542
-19,20601482;0,37278542
-19,20101482;0,18639271
-19,19601482;0,18639271
-19,19101482;-0,18639271
-19,18601482;-0,37278542
-19,18101482;0,37278542
-19,17601482;-0,37278542
-19,17101482;0,00000000
-19,16601482;0,93319386
-19,16101482;0,55979329
-19,15601482;-0,37278542
-19,15101482;0,00000000
-19,14601482;-0,37278542
-19,14101482;-0,37278542
-19,13601482;-0,18639271
-19,13101483;-0,18639271
-19,12601483;-0,18639271
-19,12101483;0,18639271
-19,11601483;0,37278542
-19,11101483;0,18639271
-19,10601483;0,00000000
-19,10101483;0,18639271
-19,09601483;-0,18639271
-19,09101483;1,11958659
-19,08601483;0,93319386
-19,08101483;0,55979329
-19,07601483;0,93319386
-19,07101483;-0,18639271
-19,06601483;-0,55979329
-19,06101483;0,00000000
-19,05601483;0,18639271
-19,05101483;0,18639271
-19,04601483;0,00000000
-19,04101483;0,00000000
-19,03601483;0,55979329
-19,03101483;-0,93319386
-19,02601483;0,00000000
-19,02101483;0,55979329
-19,01601483;-0,18639271
-19,01101483;0,37278542
-19,00601483;-0,18639271
-19,00101483;0,37278542
-18,99601483;0,00000000
-18,99101483;-0,37278542
-18,98601483;-0,37278542
-18,98101483;0,55979329
-18,97601483;0,00000000
-18,97101483;-0,55979329
-18,96601483;0,18639271
-18,96101483;-0,93319386
-18,95601483;-0,37278542
-18,95101483;0,00000000
-18,94601483;-0,74618596
-18,94101483;0,00000000
-18,93601483;0,00000000
-18,93101483;0,37278542
-18,92601483;0,18639271
-18,92101483;0,37278542
-18,91601483;0,18639271
-18,91101483;0,18639271
-18,90601483;0,55979329
-18,90101483;-0,55979329
-18,89601483;0,00000000
-18,89101483;0,00000000
-18,88601483;-0,37278542
-18,88101483;0,37278542
-18,87601483;1,11958659
-18,87101483;0,18639271
-18,86601483;-0,37278542
-18,86101483;0,18639271
-18,85601483;-0,37278542
-18,85101483;0,00000000
-18,84601483;0,00000000
-18,84101483;-0,18639271
-18,83601483;0,18639271
-18,83101483;-0,55979329
-18,82601483;-0,55979329
-18,82101483;0,00000000
-18,81601483;-0,55979329
-18,81101483;-0,37278542
-18,80601483;0,00000000
-18,80101483;0,00000000
-18,79601483;0,18639271
-18,79101483;0,18639271
-18,78601483;-0,18639271
-18,78101483;0,18639271
-18,77601483;0,18639271
-18,77101483;0,74618596
-18,76601483;0,74618596
-18,76101483;-0,37278542
-18,75601483;0,00000000
-18,75101483;-0,55979329
-18,74601483;0,55979329
-18,74101483;0,55979329
-18,73601484;0,18639271
-18,73101484;-0,37278542
-18,72601484;-0,37278542
-18,72101484;-0,93319386
-18,71601484;-0,55979329
-18,71101484;0,00000000
-18,70601484;-0,37278542
-18,70101484;0,18639271
-18,69601484;0,00000000
-18,69101484;-0,74618596
-18,68601484;0,00000000
-18,68101484;0,00000000
-18,67601484;0,00000000
-18,67101484;0,00000000
-18,66601484;0,55979329
-18,66101484;0,18639271
-18,65601484;-0,18639271
-18,65101484;0,00000000
-18,64601484;-0,74618596
-18,64101484;0,00000000
-18,63601484;0,37278542
-18,63101484;-0,55979329
-18,62601484;0,55979329
-18,62101484;-0,18639271
-18,61601484;-1,49298716
-18,61101484;0,55979329
-18,60601484;-0,74618596
-18,60101484;0,37278542
-18,59601484;0,00000000
-18,59101484;0,18639271
-18,58601484;-0,55979329
-18,58101484;0,55979329
-18,57601484;0,93319386
-18,57101484;0,55979329
-18,56601484;0,18639271
-18,56101484;0,55979329
-18,55601484;0,18639271
-18,55101484;-0,18639271
-18,54601484;-0,18639271
-18,54101484;0,55979329
-18,53601484;0,55979329
-18,53101484;0,18639271
-18,52601484;-0,74618596
-18,52101484;0,18639271
-18,51601484;0,00000000
-18,51101484;0,18639271
-18,50601484;0,18639271
-18,50101484;0,18639271
-18,49601484;0,37278542
-18,49101484;-0,18639271
-18,48601484;-0,74618596
-18,48101484;0,00000000
-18,47601484;0,00000000
-18,47101484;0,55979329
-18,46601484;0,18639271
-18,46101484;0,55979329
-18,45601484;-0,18639271
-18,45101484;0,00000000
-18,44601484;0,00000000
-18,44101484;0,00000000
-18,43601484;0,18639271
-18,43101484;0,18639271
-18,42601484;-0,18639271
-18,42101484;-0,37278542
-18,41601484;0,18639271
-18,41101484;0,37278542
-18,40601484;0,00000000
-18,40101484;0,93319386
-18,39601484;0,18639271
-18,39101484;-0,18639271
-18,38601484;-1,11958659
-18,38101484;0,37278542
-18,37601484;0,74618596
-18,37101484;0,00000000
-18,36601484;-0,18639271
-18,36101484;0,00000000
-18,35601484;-0,37278542
-18,35101484;-0,18639271
-18,34601484;1,67999494
-18,34101485;0,93319386
-18,33601485;-0,18639271
-18,33101485;0,37278542
-18,32601485;0,18639271
-18,32101485;0,18639271
-18,31601485;0,00000000
-18,31101485;0,18639271
-18,30601485;0,55979329
-18,30101485;0,00000000
-18,29601485;0,18639271
-18,29101485;0,74618596
-18,28601485;0,18639271
-18,28101485;1,67999494
-18,27601485;0,55979329
-18,27101485;0,18639271
-18,26601485;-0,18639271
-18,26101485;-0,37278542
-18,25601485;-0,18639271
-18,25101485;0,18639271
-18,24601485;0,00000000
-18,24101485;-0,37278542
-18,23601485;-0,18639271
-18,23101485;0,37278542
-18,22601485;0,18639271
-18,22101485;0,93319386
-18,21601485;0,00000000
-18,21101485;-0,74618596
-18,20601485;-0,37278542
-18,20101485;0,00000000
-18,19601485;0,18639271
-18,19101485;0,18639271
-18,18601485;0,18639271
-18,18101485;-0,18639271
-18,17601485;0,18639271
-18,17101485;0,37278542
-18,16601485;-0,37278542
-18,16101485;0,55979329
-18,15601485;0,55979329
-18,15101485;0,00000000
-18,14601485;0,37278542
-18,14101485;0,55979329
-18,13601485;0,55979329
-18,13101485;0,55979329
-18,12601485;0,55979329
-18,12101485;0,18639271
-18,11601485;0,37278542
-18,11101485;0,55979329
-18,10601485;-1,11958659
-18,10101485;0,93319386
-18,09601485;0,55979329
-18,09101485;-0,93319386
-18,08601485;0,55979329
-18,08101485;-0,55979329
-18,07601485;-0,55979329
-18,07101485;0,93319386
-18,06601485;0,00000000
-18,06101485;0,00000000
-18,05601485;-0,55979329
-18,05101485;0,00000000
-18,04601485;0,00000000
-18,04101485;0,00000000
-18,03601485;0,18639271
-18,03101485;0,55979329
-18,02601485;0,37278542
-18,02101485;0,18639271
-18,01601485;-0,37278542
-18,01101485;0,00000000
-18,00601485;-0,74618596
-18,00101485;-0,37278542
-17,99601485;-0,18639271
-17,99101485;-0,37278542
-17,98601485;0,00000000
-17,98101485;0,18639271
-17,97601485;-0,18639271
-17,97101485;0,18639271
-17,96601485;-0,18639271
-17,96101485;0,18639271
-17,95601485;-0,37278542
-17,95101485;0,00000000
-17,94601486;0,55979329
-17,94101486;-0,74618596
-17,93601486;-0,37278542
-17,93101486;0,37278542
-17,92601486;0,00000000
-17,92101486;0,55979329
-17,91601486;0,93319386
-17,91101486;0,18639271
-17,90601486;0,55979329
-17,90101486;0,00000000
-17,89601486;0,18639271
-17,89101486;0,55979329
-17,88601486;-0,37278542
-17,88101486;0,00000000
-17,87601486;-0,37278542
-17,87101486;0,18639271
-17,86601486;0,18639271
-17,86101486;-0,74618596
-17,85601486;-0,18639271
-17,85101486;0,37278542
-17,84601486;-0,37278542
-17,84101486;1,49298716
-17,83601486;0,00000000
-17,83101486;0,18639271
-17,82601486;0,55979329
-17,82101486;0,18639271
-17,81601486;0,74618596
-17,81101486;0,55979329
-17,80601486;-1,67999494
-17,80101486;0,00000000
-17,79601486;0,37278542
-17,79101486;0,55979329
-17,78601486;0,55979329
-17,78101486;-0,37278542
-17,77601486;0,55979329
-17,77101486;0,74618596
-17,76601486;0,18639271
-17,76101486;0,37278542
-17,75601486;0,37278542
-17,75101486;-0,37278542
-17,74601486;0,18639271
-17,74101486;0,37278542
-17,73601486;0,18639271
-17,73101486;0,00000000
-17,72601486;-0,18639271
-17,72101486;-0,37278542
-17,71601486;-0,37278542
-17,71101486;0,00000000
-17,70601486;1,11958659
-17,70101486;0,18639271
-17,69601486;0,18639271
-17,69101486;0,18639271
-17,68601486;-0,37278542
-17,68101486;0,00000000
-17,67601486;-0,55979329
-17,67101486;-1,30659437
-17,66601486;-0,93319386
-17,66101486;0,00000000
-17,65601486;0,18639271
-17,65101486;0,74618596
-17,64601486;0,00000000
-17,64101486;-0,37278542
-17,63601486;0,18639271
-17,63101486;-0,74618596
-17,62601486;-0,37278542
-17,62101486;0,18639271
-17,61601486;0,00000000
-17,61101486;1,86638772
-17,60601486;-0,18639271
-17,60101486;0,00000000
-17,59601486;0,18639271
-17,59101486;-0,18639271
-17,58601486;1,11958659
-17,58101486;0,37278542
-17,57601486;0,00000000
-17,57101486;0,00000000
-17,56601486;-0,37278542
-17,56101486;-0,74618596
-17,55601486;-0,37278542
-17,55101487;0,00000000
-17,54601487;0,00000000
-17,54101487;0,55979329
-17,53601487;0,00000000
-17,53101487;0,00000000
-17,52601487;-0,55979329
-17,52101487;-0,37278542
-17,51601487;-0,93319386
-17,51101487;0,00000000
-17,50601487;-1,11958659
-17,50101487;-0,18639271
-17,49601487;0,00000000
-17,49101487;-0,55979329
-17,48601487;-0,55979329
-17,48101487;-0,18639271
-17,47601487;0,55979329
-17,47101487;0,00000000
-17,46601487;0,55979329
-17,46101487;0,00000000
-17,45601487;0,18639271
-17,45101487;0,37278542
-17,44601487;-0,37278542
-17,44101487;0,18639271
-17,43601487;0,18639271
-17,43101487;0,37278542
-17,42601487;-0,74618596
-17,42101487;-0,37278542
-17,41601487;0,18639271
-17,41101487;0,55979329
-17,40601487;-0,37278542
-17,40101487;0,55979329
-17,39601487;0,00000000
-17,39101487;0,18639271
-17,38601487;0,00000000
-17,38101487;0,18639271
-17,37601487;2,80019665
-17,37101487;-0,18639271
-17,36601487;0,18639271
-17,36101487;0,93319386
-17,35601487;0,18639271
-17,35101487;0,55979329
-17,34601487;0,74618596
-17,34101487;0,00000000
-17,33601487;0,18639271
-17,33101487;0,18639271
-17,32601487;0,55979329
-17,32101487;0,55979329
-17,31601487;-0,18639271
-17,31101487;-0,55979329
-17,30601487;1,67999494
-17,30101487;0,55979329
-17,29601487;0,18639271
-17,29101487;-0,74618596
-17,28601487;-0,55979329
-17,28101487;0,00000000
-17,27601487;0,00000000
-17,27101487;2,05339551
-17,26601487;0,18639271
-17,26101487;0,37278542
-17,25601487;-0,18639271
-17,25101487;0,00000000
-17,24601487;-0,37278542
-17,24101487;0,55979329
-17,23601487;0,18639271
-17,23101487;0,37278542
-17,22601487;0,37278542
-17,22101487;-0,18639271
-17,21601487;-0,37278542
-17,21101487;0,00000000
-17,20601487;0,18639271
-17,20101487;9,89419270
-17,19601487;0,18639271
-17,19101487;0,18639271
-17,18601487;0,55979329
-17,18101487;-0,37278542
-17,17601487;0,00000000
-17,17101487;0,37278542
-17,16601487;-1,49298716
-17,16101487;0,00000000
-17,15601487;0,18639271
-17,15101488;0,00000000
-17,14601488;0,00000000
-17,14101488;0,37278542
-17,13601488;0,37278542
-17,13101488;0,18639271
-17,12601488;0,55979329
-17,12101488;0,18639271
-17,11601488;0,93319386
-17,11101488;0,55979329
-17,10601488;-0,37278542
-17,10101488;0,55979329
-17,09601488;0,00000000
-17,09101488;-0,37278542
-17,08601488;0,00000000
-17,08101488;0,18639271
-17,07601488;0,18639271
-17,07101488;0,00000000
-17,06601488;0,18639271
-17,06101488;-0,74618596
-17,05601488;0,93319386
-17,05101488;0,00000000
-17,04601488;0,93319386
-17,04101488;0,00000000
-17,03601488;0,00000000
-17,03101488;0,37278542
-17,02601488;-0,18639271
-17,02101488;0,00000000
-17,01601488;-0,37278542
-17,01101488;1,11958659
-17,00601488;0,18639271
-17,00101488;-0,37278542
-16,99601488;0,18639271
-16,99101488;0,00000000
-16,98601488;0,00000000
-16,98101488;-0,18639271
-16,97601488;-0,55979329
-16,97101488;0,93319386
-16,96601488;0,18639271
-16,96101488;-0,18639271
-16,95601488;0,18639271
-16,95101488;0,00000000
-16,94601488;-0,37278542
-16,94101488;0,00000000
-16,93601488;0,55979329
-16,93101488;-0,37278542
-16,92601488;0,18639271
-16,92101488;0,74618596
-16,91601488;0,00000000
-16,91101488;0,55979329
-16,90601488;0,55979329
-16,90101488;-0,18639271
-16,89601488;0,93319386
-16,89101488;-0,18639271
-16,88601488;-0,74618596
-16,88101488;0,00000000
-16,87601488;0,37278542
-16,87101488;0,93319386
-16,86601488;0,00000000
-16,86101488;0,00000000
-16,85601488;-0,37278542
-16,85101488;-0,18639271
-16,84601488;-1,30659437
-16,84101488;0,93319386
-16,83601488;0,74618596
-16,83101488;0,93319386
-16,82601488;1,11958659
-16,82101488;0,93319386
-16,81601488;0,00000000
-16,81101488;0,37278542
-16,80601488;0,37278542
-16,80101488;0,55979329
-16,79601488;0,37278542
-16,79101488;0,18639271
-16,78601488;-0,37278542
-16,78101488;-0,37278542
-16,77601488;-0,18639271
-16,77101488;0,00000000
-16,76601488;-0,74618596
-16,76101488;0,18639271
-16,75601489;-0,18639271
-16,75101489;0,55979329
-16,74601489;0,18639271
-16,74101489;-0,74618596
-16,73601489;-0,37278542
-16,73101489;0,18639271
-16,72601489;-0,18639271
-16,72101489;0,93319386
-16,71601489;0,18639271
-16,71101489;0,37278542
-16,70601489;0,93319386
-16,70101489;-0,37278542
-16,69601489;-0,18639271
-16,69101489;-0,37278542
-16,68601489;0,37278542
-16,68101489;-0,18639271
-16,67601489;-0,55979329
-16,67101489;-0,37278542
-16,66601489;-0,37278542
-16,66101489;0,93319386
-16,65601489;0,00000000
-16,65101489;-0,18639271
-16,64601489;0,55979329
-16,64101489;0,00000000
-16,63601489;0,18639271
-16,63101489;-0,37278542
-16,62601489;0,37278542
-16,62101489;0,18639271
-16,61601489;0,18639271
-16,61101489;-0,37278542
-16,60601489;0,55979329
-16,60101489;0,00000000
-16,59601489;0,18639271
-16,59101489;-0,37278542
-16,58601489;0,55979329
-16,58101489;-0,37278542
-16,57601489;0,00000000
-16,57101489;-1,11958659
-16,56601489;-0,37278542
-16,56101489;-0,37278542
-16,55601489;0,18639271
-16,55101489;-0,55979329
-16,54601489;0,00000000
-16,54101489;0,18639271
-16,53601489;0,18639271
-16,53101489;0,00000000
-16,52601489;0,55979329
-16,52101489;0,18639271
-16,51601489;-0,37278542
-16,51101489;-0,37278542
-16,50601489;0,18639271
-16,50101489;-0,18639271
-16,49601489;0,18639271
-16,49101489;0,18639271
-16,48601489;-0,37278542
-16,48101489;-0,18639271
-16,47601489;1,30659437
-16,47101489;0,00000000
-16,46601489;-0,55979329
-16,46101489;0,18639271
-16,45601489;0,37278542
-16,45101489;0,18639271
-16,44601489;0,37278542
-16,44101489;0,37278542
-16,43601489;-0,74618596
-16,43101489;-1,67999494
-16,42601489;0,00000000
-16,42101489;0,55979329
-16,41601489;0,37278542
-16,41101489;-0,37278542
-16,40601489;0,37278542
-16,40101489;0,74618596
-16,39601489;-0,18639271
-16,39101489;-0,37278542
-16,38601489;-0,55979329
-16,38101489;0,00000000
-16,37601489;0,00000000
-16,37101489;-0,18639271
-16,36601489;0,00000000
-16,36101490;0,00000000
-16,35601490;-1,11958659
-16,35101490;0,55979329
-16,34601490;0,55979329
-16,34101490;0,00000000
-16,33601490;0,00000000
-16,33101490;0,55979329
-16,32601490;0,00000000
-16,32101490;0,00000000
-16,31601490;0,00000000
-16,31101490;0,55979329
-16,30601490;-0,55979329
-16,30101490;0,55979329
-16,29601490;0,18639271
-16,29101490;0,55979329
-16,28601490;-0,37278542
-16,28101490;0,55979329
-16,27601490;-0,18639271
-16,27101490;0,18639271
-16,26601490;0,55979329
-16,26101490;0,18639271
-16,25601490;0,93319386
-16,25101490;-0,37278542
-16,24601490;0,18639271
-16,24101490;0,18639271
-16,23601490;0,37278542
-16,23101490;-0,37278542
-16,22601490;0,18639271
-16,22101490;-0,37278542
-16,21601490;0,18639271
-16,21101490;-0,18639271
-16,20601490;0,55979329
-16,20101490;0,55979329
-16,19601490;0,18639271
-16,19101490;0,74618596
-16,18601490;0,55979329
-16,18101490;-0,37278542
-16,17601490;0,18639271
-16,17101490;0,18639271
-16,16601490;1,86638772
-16,16101490;0,55979329
-16,15601490;0,18639271
-16,15101490;-0,74618596
-16,14601490;-0,55979329
-16,14101490;0,55979329
-16,13601490;-0,37278542
-16,13101490;1,30659437
-16,12601490;0,00000000
-16,12101490;0,37278542
-16,11601490;0,93319386
-16,11101490;0,55979329
-16,10601490;0,55979329
-16,10101490;0,18639271
-16,09601490;-0,37278542
-16,09101490;-0,55979329
-16,08601490;-0,18639271
-16,08101490;0,00000000
-16,07601490;0,37278542
-16,07101490;0,18639271
-16,06601490;0,00000000
-16,06101490;0,55979329
-16,05601490;0,55979329
-16,05101490;0,00000000
-16,04601490;0,18639271
-16,04101490;-0,37278542
-16,03601490;0,37278542
-16,03101490;2,05339551
-16,02601490;0,00000000
-16,02101490;0,18639271
-16,01601490;0,00000000
-16,01101490;0,37278542
-16,00601490;0,37278542
-16,00101490;-0,37278542
-15,99601490;0,00000000
-15,99101490;0,18639271
-15,98601490;0,00000000
-15,98101490;-0,37278542
-15,97601490;-0,55979329
-15,97101490;-0,18639271
-15,96601491;0,18639271
-15,96101491;-0,37278542
-15,95601491;0,74618596
-15,95101491;0,18639271
-15,94601491;0,00000000
-15,94101491;-1,11958659
-15,93601491;0,18639271
-15,93101491;0,37278542
-15,92601491;0,55979329
-15,92101491;0,37278542
-15,91601491;0,55979329
-15,91101491;0,18639271
-15,90601491;0,37278542
-15,90101491;0,37278542
-15,89601491;0,93319386
-15,89101491;0,18639271
-15,88601491;-0,74618596
-15,88101491;0,00000000
-15,87601491;0,18639271
-15,87101491;0,55979329
-15,86601491;0,00000000
-15,86101491;-0,74618596
-15,85601491;-0,74618596
-15,85101491;0,55979329
-15,84601491;0,18639271
-15,84101491;0,18639271
-15,83601491;0,37278542
-15,83101491;1,11958659
-15,82601491;0,37278542
-15,82101491;0,37278542
-15,81601491;-0,37278542
-15,81101491;0,00000000
-15,80601491;0,37278542
-15,80101491;0,00000000
-15,79601491;0,37278542
-15,79101491;0,55979329
-15,78601491;0,18639271
-15,78101491;0,37278542
-15,77601491;0,18639271
-15,77101491;-0,37278542
-15,76601491;0,18639271
-15,76101491;0,18639271
-15,75601491;0,18639271
-15,75101491;0,18639271
-15,74601491;0,55979329
-15,74101491;0,18639271
-15,73601491;-0,55979329
-15,73101491;-0,74618596
-15,72601491;0,00000000
-15,72101491;0,18639271
-15,71601491;1,11958659
-15,71101491;0,00000000
-15,70601491;0,18639271
-15,70101491;0,37278542
-15,69601491;0,00000000
-15,69101491;-0,18639271
-15,68601491;-0,37278542
-15,68101491;0,55979329
-15,67601491;-0,37278542
-15,67101491;0,00000000
-15,66601491;-0,18639271
-15,66101491;0,18639271
-15,65601491;0,00000000
-15,65101491;0,00000000
-15,64601491;-0,18639271
-15,64101491;0,00000000
-15,63601491;-0,18639271
-15,63101491;0,18639271
-15,62601491;-0,18639271
-15,62101491;-0,74618596
-15,61601491;-0,18639271
-15,61101491;0,74618596
-15,60601491;0,18639271
-15,60101491;-0,37278542
-15,59601491;0,18639271
-15,59101491;-0,18639271
-15,58601491;0,00000000
-15,58101491;0,55979329
-15,57601491;0,37278542
-15,57101492;0,55979329
-15,56601492;0,18639271
-15,56101492;0,00000000
-15,55601492;0,55979329
-15,55101492;0,00000000
-15,54601492;0,55979329
-15,54101492;0,74618596
-15,53601492;0,00000000
-15,53101492;0,18639271
-15,52601492;-0,55979329
-15,52101492;0,37278542
-15,51601492;0,55979329
-15,51101492;0,55979329
-15,50601492;0,00000000
-15,50101492;0,93319386
-15,49601492;0,55979329
-15,49101492;1,11958659
-15,48601492;-0,18639271
-15,48101492;0,00000000
-15,47601492;1,11958659
-15,47101492;0,93319386
-15,46601492;0,00000000
-15,46101492;1,11958659
-15,45601492;0,00000000
-15,45101492;0,00000000
-15,44601492;0,74618596
-15,44101492;0,55979329
-15,43601492;0,18639271
-15,43101492;0,18639271
-15,42601492;-0,18639271
-15,42101492;0,18639271
-15,41601492;0,55979329
-15,41101492;0,93319386
-15,40601492;-0,18639271
-15,40101492;-0,18639271
-15,39601492;3,92039847
-15,39101492;-0,37278542
-15,38601492;0,55979329
-15,38101492;-0,37278542
-15,37601492;0,93319386
-15,37101492;0,37278542
-15,36601492;0,18639271
-15,36101492;0,00000000
-15,35601492;0,18639271
-15,35101492;-0,37278542
-15,34601492;0,55979329
-15,34101492;-0,74618596
-15,33601492;0,55979329
-15,33101492;0,00000000
-15,32601492;-0,18639271
-15,32101492;0,00000000
-15,31601492;0,00000000
-15,31101492;0,00000000
-15,30601492;-0,18639271
-15,30101492;-0,37278542
-15,29601492;0,55979329
-15,29101492;-0,37278542
-15,28601492;-0,37278542
-15,28101492;0,37278542
-15,27601492;-1,11958659
-15,27101492;0,93319386
-15,26601492;0,55979329
-15,26101492;0,00000000
-15,25601492;0,37278542
-15,25101492;-0,18639271
-15,24601492;0,18639271
-15,24101492;0,18639271
-15,23601492;0,93319386
-15,23101492;0,00000000
-15,22601492;0,00000000
-15,22101492;-0,18639271
-15,21601492;-0,18639271
-15,21101492;0,18639271
-15,20601492;-0,55979329
-15,20101492;0,18639271
-15,19601492;-0,74618596
-15,19101492;-0,55979329
-15,18601492;-0,37278542
-15,18101492;0,37278542
-15,17601493;0,18639271
-15,17101493;-0,37278542
-15,16601493;0,18639271
-15,16101493;-0,18639271
-15,15601493;0,55979329
-15,15101493;0,00000000
-15,14601493;1,11958659
-15,14101493;-0,37278542
-15,13601493;-0,18639271
-15,13101493;0,18639271
-15,12601493;-0,18639271
-15,12101493;0,00000000
-15,11601493;0,18639271
-15,11101493;0,37278542
-15,10601493;0,18639271
-15,10101493;-0,37278542
-15,09601493;-0,37278542
-15,09101493;0,00000000
-15,08601493;-0,55979329
-15,08101493;0,93319386
-15,07601493;-0,74618596
-15,07101493;-0,18639271
-15,06601493;-0,74618596
-15,06101493;0,18639271
-15,05601493;0,00000000
-15,05101493;1,30659437
-15,04601493;0,37278542
-15,04101493;-0,37278542
-15,03601493;0,18639271
-15,03101493;-0,18639271
-15,02601493;13,44118977
-15,02101493;0,55979329
-15,01601493;0,37278542
-15,01101493;0,00000000
-15,00601493;0,74618596
-15,00101493;0,37278542
-14,99601493;0,00000000
-14,99101493;0,00000000
-14,98601493;0,18639271
-14,98101493;-0,18639271
-14,97601493;0,00000000
-14,97101493;0,37278542
-14,96601493;0,18639271
-14,96101493;-0,37278542
-14,95601493;0,93319386
-14,95101493;0,00000000
-14,94601493;0,55979329
-14,94101493;0,55979329
-14,93601493;0,37278542
-14,93101493;-0,93319386
-14,92601493;0,18639271
-14,92101493;0,00000000
-14,91601493;-0,55979329
-14,91101493;0,18639271
-14,90601493;0,18639271
-14,90101493;-0,18639271
-14,89601493;-0,55979329
-14,89101493;0,18639271
-14,88601493;-0,37278542
-14,88101493;0,18639271
-14,87601493;-0,55979329
-14,87101493;0,18639271
-14,86601493;0,18639271
-14,86101493;-1,30659437
-14,85601493;0,37278542
-14,85101493;0,74618596
-14,84601493;0,18639271
-14,84101493;-0,74618596
-14,83601493;0,00000000
-14,83101493;1,11958659
-14,82601493;-0,55979329
-14,82101493;0,00000000
-14,81601493;-0,55979329
-14,81101493;0,18639271
-14,80601493;0,18639271
-14,80101493;-0,37278542
-14,79601493;2,05339551
-14,79101493;-0,74618596
-14,78601493;0,00000000
-14,78101493;-0,37278542
-14,77601494;0,18639271
-14,77101494;-0,55979329
-14,76601494;0,00000000
-14,76101494;0,18639271
-14,75601494;0,00000000
-14,75101494;0,00000000
-14,74601494;0,18639271
-14,74101494;0,00000000
-14,73601494;-0,74618596
-14,73101494;0,00000000
-14,72601494;0,00000000
-14,72101494;0,55979329
-14,71601494;0,55979329
-14,71101494;-0,55979329
-14,70601494;0,37278542
-14,70101494;0,55979329
-14,69601494;-0,37278542
-14,69101494;0,00000000
-14,68601494;0,00000000
-14,68101494;0,18639271
-14,67601494;0,18639271
-14,67101494;0,18639271
-14,66601494;0,18639271
-14,66101494;0,37278542
-14,65601494;∞
-14,65101494;0,18639271
-14,64601494;0,55979329
-14,64101494;0,55979329
-14,63601494;0,37278542
-14,63101494;0,55979329
-14,62601494;0,37278542
-14,62101494;0,00000000
-14,61601494;0,18639271
-14,61101494;-0,37278542
-14,60601494;0,37278542
-14,60101494;0,18639271
-14,59601494;0,00000000
-14,59101494;-0,18639271
-14,58601494;0,93319386
-14,58101494;0,18639271
-14,57601494;0,00000000
-14,57101494;0,00000000
-14,56601494;0,55979329
-14,56101494;0,18639271
-14,55601494;0,37278542
-14,55101494;0,18639271
-14,54601494;1,49298716
-14,54101494;0,18639271
-14,53601494;-0,37278542
-14,53101494;0,00000000
-14,52601494;-0,74618596
-14,52101494;0,18639271
-14,51601494;0,55979329
-14,51101494;0,00000000
-14,50601494;-0,37278542
-14,50101494;-0,18639271
-14,49601494;-0,74618596
-14,49101494;0,18639271
-14,48601494;-1,11958659
-14,48101494;0,00000000
-14,47601494;0,18639271
-14,47101494;-0,37278542
-14,46601494;0,18639271
-14,46101494;1,11958659
-14,45601494;0,18639271
-14,45101494;0,00000000
-14,44601494;0,18639271
-14,44101494;0,37278542
-14,43601494;0,00000000
-14,43101494;0,00000000
-14,42601494;1,11958659
-14,42101494;0,74618596
-14,41601494;0,18639271
-14,41101494;0,18639271
-14,40601494;0,37278542
-14,40101494;-0,37278542
-14,39601494;0,18639271
-14,39101494;-0,18639271
-14,38601494;0,00000000
-14,38101495;-0,18639271
-14,37601495;0,18639271
-14,37101495;-0,74618596
-14,36601495;0,37278542
-14,36101495;-0,37278542
-14,35601495;0,18639271
-14,35101495;0,00000000
-14,34601495;-0,37278542
-14,34101495;0,93319386
-14,33601495;0,00000000
-14,33101495;-0,37278542
-14,32601495;0,74618596
-14,32101495;0,18639271
-14,31601495;2,80019665
-14,31101495;0,18639271
-14,30601495;0,00000000
-14,30101495;0,18639271
-14,29601495;-0,18639271
-14,29101495;-1,30659437
-14,28601495;0,37278542
-14,28101495;0,55979329
-14,27601495;-1,30659437
-14,27101495;0,37278542
-14,26601495;0,00000000
-14,26101495;0,37278542
-14,25601495;-1,11958659
-14,25101495;-0,18639271
-14,24601495;0,93319386
-14,24101495;0,18639271
-14,23601495;0,18639271
-14,23101495;0,18639271
-14,22601495;-0,37278542
-14,22101495;0,18639271
-14,21601495;1,30659437
-14,21101495;-0,18639271
-14,20601495;0,00000000
-14,20101495;0,55979329
-14,19601495;0,93319386
-14,19101495;0,00000000
-14,18601495;-0,18639271
-14,18101495;0,37278542
-14,17601495;-0,37278542
-14,17101495;-1,30659437
-14,16601495;0,55979329
-14,16101495;-0,37278542
-14,15601495;0,18639271
-14,15101495;-0,74618596
-14,14601495;0,18639271
-14,14101495;-0,37278542
-14,13601495;0,18639271
-14,13101495;0,18639271
-14,12601495;0,00000000
-14,12101495;-1,11958659
-14,11601495;-0,37278542
-14,11101495;0,18639271
-14,10601495;0,74618596
-14,10101495;0,93319386
-14,09601495;0,55979329
-14,09101495;-0,37278542
-14,08601495;-0,18639271
-14,08101495;-0,37278542
-14,07601495;-1,30659437
-14,07101495;0,55979329
-14,06601495;0,55979329
-14,06101495;0,00000000
-14,05601495;0,00000000
-14,05101495;0,00000000
-14,04601495;-0,55979329
-14,04101495;-0,37278542
-14,03601495;0,00000000
-14,03101495;0,55979329
-14,02601495;0,00000000
-14,02101495;0,18639271
-14,01601495;0,18639271
-14,01101495;-0,74618596
-14,00601495;0,55979329
-14,00101495;0,00000000
-13,99601495;0,37278542
-13,99101495;0,00000000
-13,98601496;0,74618596
-13,98101496;0,74618596
-13,97601496;-0,18639271
-13,97101496;0,18639271
-13,96601496;-0,74618596
-13,96101496;0,00000000
-13,95601496;0,00000000
-13,95101496;0,37278542
-13,94601496;-0,93319386
-13,94101496;0,74618596
-13,93601496;-0,37278542
-13,93101496;0,55979329
-13,92601496;-0,37278542
-13,92101496;-0,37278542
-13,91601496;0,55979329
-13,91101496;0,55979329
-13,90601496;0,18639271
-13,90101496;0,18639271
-13,89601496;0,00000000
-13,89101496;-0,74618596
-13,88601496;0,00000000
-13,88101496;0,55979329
-13,87601496;0,18639271
-13,87101496;-10,26759338
-13,86601496;0,37278542
-13,86101496;-0,55979329
-13,85601496;-0,18639271
-13,85101496;-0,55979329
-13,84601496;0,55979329
-13,84101496;0,00000000
-13,83601496;0,00000000
-13,83101496;1,11958659
-13,82601496;-0,55979329
-13,82101496;1,49298716
-13,81601496;-0,74618596
-13,81101496;0,00000000
-13,80601496;0,00000000
-13,80101496;0,18639271
-13,79601496;0,00000000
-13,79101496;-0,18639271
-13,78601496;0,37278542
-13,78101496;0,18639271
-13,77601496;-0,18639271
-13,77101496;0,00000000
-13,76601496;-0,55979329
-13,76101496;0,93319386
-13,75601496;0,18639271
-13,75101496;0,74618596
-13,74601496;0,55979329
-13,74101496;0,18639271
-13,73601496;0,18639271
-13,73101496;-0,37278542
-13,72601496;0,00000000
-13,72101496;-0,74618596
-13,71601496;0,00000000
-13,71101496;-0,37278542
-13,70601496;0,00000000
-13,70101496;0,55979329
-13,69601496;0,18639271
-13,69101496;0,55979329
-13,68601496;-0,55979329
-13,68101496;0,00000000
-13,67601496;-0,74618596
-13,67101496;0,00000000
-13,66601496;0,00000000
-13,66101496;0,18639271
-13,65601496;0,37278542
-13,65101496;-0,37278542
-13,64601496;-0,55979329
-13,64101496;0,74618596
-13,63601496;-0,37278542
-13,63101496;0,00000000
-13,62601496;0,55979329
-13,62101496;0,55979329
-13,61601496;-0,18639271
-13,61101496;-0,18639271
-13,60601496;0,55979329
-13,60101496;0,00000000
-13,59601496;0,18639271
-13,59101497;0,18639271
-13,58601497;-1,11958659
-13,58101497;-0,74618596
-13,57601497;-0,93319386
-13,57101497;0,37278542
-13,56601497;0,18639271
-13,56101497;0,00000000
-13,55601497;0,55979329
-13,55101497;1,11958659
-13,54601497;0,18639271
-13,54101497;0,00000000
-13,53601497;0,00000000
-13,53101497;0,55979329
-13,52601497;-1,11958659
-13,52101497;0,18639271
-13,51601497;0,37278542
-13,51101497;-0,18639271
-13,50601497;0,00000000
-13,50101497;0,18639271
-13,49601497;-0,37278542
-13,49101497;0,00000000
-13,48601497;0,00000000
-13,48101497;0,00000000
-13,47601497;-0,37278542
-13,47101497;-1,11958659
-13,46601497;0,74618596
-13,46101497;0,18639271
-13,45601497;-0,74618596
-13,45101497;0,18639271
-13,44601497;1,11958659
-13,44101497;0,74618596
-13,43601497;-0,74618596
-13,43101497;0,55979329
-13,42601497;0,55979329
-13,42101497;0,00000000
-13,41601497;0,00000000
-13,41101497;0,00000000
-13,40601497;-0,18639271
-13,40101497;-0,55979329
-13,39601497;0,18639271
-13,39101497;0,18639271
-13,38601497;0,37278542
-13,38101497;-0,18639271
-13,37601497;0,18639271
-13,37101497;0,18639271
-13,36601497;0,00000000
-13,36101497;0,37278542
-13,35601497;-0,74618596
-13,35101497;0,00000000
-13,34601497;-0,18639271
-13,34101497;-0,93319386
-13,33601497;0,18639271
-13,33101497;-0,37278542
-13,32601497;0,00000000
-13,32101497;0,00000000
-13,31601497;0,00000000
-13,31101497;0,18639271
-13,30601497;0,37278542
-13,30101497;-0,55979329
-13,29601497;0,18639271
-13,29101497;-1,11958659
-13,28601497;0,93319386
-13,28101497;0,00000000
-13,27601497;-0,74618596
-13,27101497;-1,67999494
-13,26601497;-0,18639271
-13,26101497;0,18639271
-13,25601497;0,55979329
-13,25101497;-2,05339551
-13,24601497;0,37278542
-13,24101497;0,37278542
-13,23601497;0,18639271
-13,23101497;0,18639271
-13,22601497;0,00000000
-13,22101497;0,18639271
-13,21601497;-0,18639271
-13,21101497;0,37278542
-13,20601497;0,74618596
-13,20101497;0,55979329
-13,19601498;0,00000000
-13,19101498;0,00000000
-13,18601498;0,55979329
-13,18101498;-1,11958659
-13,17601498;0,37278542
-13,17101498;-0,37278542
-13,16601498;-0,37278542
-13,16101498;0,37278542
-13,15601498;-0,18639271
-13,15101498;-0,37278542
-13,14601498;-0,18639271
-13,14101498;-0,18639271
-13,13601498;0,18639271
-13,13101498;-0,74618596
-13,12601498;0,00000000
-13,12101498;0,37278542
-13,11601498;0,18639271
-13,11101498;0,18639271
-13,10601498;0,00000000
-13,10101498;0,00000000
-13,09601498;0,37278542
-13,09101498;0,18639271
-13,08601498;-0,18639271
-13,08101498;0,18639271
-13,07601498;0,18639271
-13,07101498;-0,37278542
-13,06601498;0,37278542
-13,06101498;0,74618596
-13,05601498;0,93319386
-13,05101498;-0,37278542
-13,04601498;0,37278542
-13,04101498;0,18639271
-13,03601498;0,37278542
-13,03101498;0,00000000
-13,02601498;-0,55979329
-13,02101498;-0,18639271
-13,01601498;0,00000000
-13,01101498;0,00000000
-13,00601498;-0,37278542
-13,00101498;-0,37278542
-12,99601498;-0,18639271
-12,99101498;-0,55979329
-12,98601498;0,00000000
-12,98101498;0,00000000
-12,97601498;0,00000000
-12,97101498;0,00000000
-12,96601498;0,00000000
-12,96101498;0,55979329
-12,95601498;0,18639271
-12,95101498;0,74618596
-12,94601498;0,18639271
-12,94101498;0,55979329
-12,93601498;0,37278542
-12,93101498;-0,18639271
-12,92601498;-0,18639271
-12,92101498;0,37278542
-12,91601498;0,00000000
-12,91101498;0,18639271
-12,90601498;0,00000000
-12,90101498;0,74618596
-12,89601498;0,00000000
-12,89101498;0,18639271
-12,88601498;0,18639271
-12,88101498;0,55979329
-12,87601498;0,18639271
-12,87101498;0,74618596
-12,86601498;-0,55979329
-12,86101498;0,00000000
-12,85601498;-0,74618596
-12,85101498;0,55979329
-12,84601498;0,55979329
-12,84101498;-0,37278542
-12,83601498;0,37278542
-12,83101498;0,37278542
-12,82601498;-0,74618596
-12,82101498;-0,37278542
-12,81601498;-0,74618596
-12,81101498;0,18639271
-12,80601498;0,18639271
-12,80101499;0,18639271
-12,79601499;0,37278542
-12,79101499;0,55979329
-12,78601499;0,18639271
-12,78101499;-0,37278542
-12,77601499;-0,74618596
-12,77101499;-0,55979329
-12,76601499;0,18639271
-12,76101499;-0,37278542
-12,75601499;-0,37278542
-12,75101499;0,18639271
-12,74601499;0,00000000
-12,74101499;0,37278542
-12,73601499;0,00000000
-12,73101499;0,55979329
-12,72601499;0,18639271
-12,72101499;0,18639271
-12,71601499;0,37278542
-12,71101499;0,18639271
-12,70601499;0,00000000
-12,70101499;0,55979329
-12,69601499;0,00000000
-12,69101499;-0,37278542
-12,68601499;0,74618596
-12,68101499;0,00000000
-12,67601499;-0,93319386
-12,67101499;-0,55979329
-12,66601499;0,00000000
-12,66101499;-1,49298716
-12,65601499;0,00000000
-12,65101499;1,11958659
-12,64601499;0,55979329
-12,64101499;-0,37278542
-12,63601499;0,00000000
-12,63101499;0,18639271
-12,62601499;0,18639271
-12,62101499;0,55979329
-12,61601499;1,49298716
-12,61101499;-0,18639271
-12,60601499;0,55979329
-12,60101499;-0,37278542
-12,59601499;-6,16018677
-12,59101499;0,18639271
-12,58601499;0,18639271
-12,58101499;0,37278542
-12,57601499;0,55979329
-12,57101499;0,18639271
-12,56601499;-0,55979329
-12,56101499;-1,11958659
-12,55601499;0,74618596
-12,55101499;0,55979329
-12,54601499;-0,18639271
-12,54101499;0,55979329
-12,53601499;0,00000000
-12,53101499;0,74618596
-12,52601499;-0,37278542
-12,52101499;0,00000000
-12,51601499;-1,11958659
-12,51101499;0,18639271
-12,50601499;0,18639271
-12,50101499;0,00000000
-12,49601499;0,00000000
-12,49101499;0,00000000
-12,48601499;0,37278542
-12,48101499;0,55979329
-12,47601499;0,37278542
-12,47101499;0,74618596
-12,46601499;-0,74618596
-12,46101499;0,00000000
-12,45601499;0,00000000
-12,45101499;0,18639271
-12,44601499;0,74618596
-12,44101499;0,18639271
-12,43601499;-0,37278542
-12,43101499;0,00000000
-12,42601499;0,00000000
-12,42101499;-0,37278542
-12,41601499;0,00000000
-12,41101499;-0,18639271
-12,40601499;0,18639271
-12,40101500;0,18639271
-12,39601500;0,00000000
-12,39101500;-0,37278542
-12,38601500;-0,74618596
-12,38101500;-0,55979329
-12,37601500;0,00000000
-12,37101500;-0,37278542
-12,36601500;0,00000000
-12,36101500;0,18639271
-12,35601500;-0,18639271
-12,35101500;-0,55979329
-12,34601500;-0,18639271
-12,34101500;-0,74618596
-12,33601500;0,18639271
-12,33101500;-0,74618596
-12,32601500;-0,37278542
-12,32101500;-0,37278542
-12,31601500;0,00000000
-12,31101500;0,18639271
-12,30601500;0,00000000
-12,30101500;-0,74618596
-12,29601500;0,00000000
-12,29101500;-0,37278542
-12,28601500;0,00000000
-12,28101500;0,18639271
-12,27601500;0,55979329
-12,27101500;-0,74618596
-12,26601500;0,18639271
-12,26101500;0,55979329
-12,25601500;0,00000000
-12,25101500;0,00000000
-12,24601500;0,55979329
-12,24101500;0,18639271
-12,23601500;-0,55979329
-12,23101500;-0,55979329
-12,22601500;0,18639271
-12,22101500;-0,74618596
-12,21601500;-0,37278542
-12,21101500;-0,74618596
-12,20601500;0,37278542
-12,20101500;0,55979329
-12,19601500;-0,55979329
-12,19101500;-0,37278542
-12,18601500;-0,37278542
-12,18101500;-0,18639271
-12,17601500;0,00000000
-12,17101500;0,18639271
-12,16601500;0,00000000
-12,16101500;0,55979329
-12,15601500;0,00000000
-12,15101500;0,00000000
-12,14601500;-0,18639271
-12,14101500;0,00000000
-12,13601500;0,18639271
-12,13101500;-0,37278542
-12,12601500;0,00000000
-12,12101500;-0,37278542
-12,11601500;0,00000000
-12,11101500;0,93319386
-12,10601500;0,00000000
-12,10101500;-0,37278542
-12,09601500;-1,11958659
-12,09101500;0,00000000
-12,08601500;-0,37278542
-12,08101500;0,37278542
-12,07601500;-1,30659437
-12,07101500;-0,18639271
-12,06601500;0,18639271
-12,06101500;-0,37278542
-12,05601500;0,18639271
-12,05101500;0,18639271
-12,04601500;0,37278542
-12,04101500;0,55979329
-12,03601500;0,18639271
-12,03101500;0,93319386
-12,02601500;0,18639271
-12,02101500;-0,37278542
-12,01601500;-0,37278542
-12,01101500;-0,93319386
-12,00601501;0,37278542
-12,00101501;-0,37278542
-11,99601501;0,18639271
-11,99101501;0,00000000
-11,98601501;0,00000000
-11,98101501;0,37278542
-11,97601501;0,18639271
-11,97101501;0,37278542
-11,96601501;0,93319386
-11,96101501;0,74618596
-11,95601501;0,18639271
-11,95101501;0,18639271
-11,94601501;0,18639271
-11,94101501;0,55979329
-11,93601501;0,00000000
-11,93101501;-0,37278542
-11,92601501;1,49298716
-11,92101501;0,18639271
-11,91601501;0,00000000
-11,91101501;-0,37278542
-11,90601501;0,18639271
-11,90101501;0,18639271
-11,89601501;0,00000000
-11,89101501;0,55979329
-11,88601501;0,37278542
-11,88101501;0,00000000
-11,87601501;0,00000000
-11,87101501;-0,74618596
-11,86601501;-0,37278542
-11,86101501;-0,37278542
-11,85601501;-0,37278542
-11,85101501;0,55979329
-11,84601501;-0,74618596
-11,84101501;0,37278542
-11,83601501;-0,37278542
-11,83101501;0,00000000
-11,82601501;0,74618596
-11,82101501;0,00000000
-11,81601501;0,00000000
-11,81101501;0,00000000
-11,80601501;0,37278542
-11,80101501;0,55979329
-11,79601501;0,00000000
-11,79101501;0,00000000
-11,78601501;0,55979329
-11,78101501;-1,11958659
-11,77601501;0,00000000
-11,77101501;0,55979329
-11,76601501;0,00000000
-11,76101501;0,93319386
-11,75601501;0,37278542
-11,75101501;-0,37278542
-11,74601501;0,18639271
-11,74101501;0,37278542
-11,73601501;-0,18639271
-11,73101501;0,00000000
-11,72601501;0,18639271
-11,72101501;0,37278542
-11,71601501;0,00000000
-11,71101501;0,18639271
-11,70601501;0,55979329
-11,70101501;0,18639271
-11,69601501;0,37278542
-11,69101501;2,80019665
-11,68601501;0,18639271
-11,68101501;0,00000000
-11,67601501;0,00000000
-11,67101501;0,74618596
-11,66601501;-0,74618596
-11,66101501;1,49298716
-11,65601501;-0,74618596
-11,65101501;0,00000000
-11,64601501;-0,37278542
-11,64101501;-0,55979329
-11,63601501;0,55979329
-11,63101501;-0,37278542
-11,62601501;-0,37278542
-11,62101501;0,18639271
-11,61601501;-1,11958659
-11,61101502;-0,37278542
-11,60601502;0,00000000
-11,60101502;0,55979329
-11,59601502;-0,93319386
-11,59101502;0,74618596
-11,58601502;0,00000000
-11,58101502;0,55979329
-11,57601502;-1,11958659
-11,57101502;-0,18639271
-11,56601502;0,00000000
-11,56101502;0,00000000
-11,55601502;0,00000000
-11,55101502;0,00000000
-11,54601502;-0,37278542
-11,54101502;0,18639271
-11,53601502;-0,37278542
-11,53101502;0,00000000
-11,52601502;0,00000000
-11,52101502;0,37278542
-11,51601502;-0,74618596
-11,51101502;0,18639271
-11,50601502;-0,37278542
-11,50101502;0,55979329
-11,49601502;0,18639271
-11,49101502;0,00000000
-11,48601502;0,00000000
-11,48101502;0,55979329
-11,47601502;0,93319386
-11,47101502;0,37278542
-11,46601502;0,00000000
-11,46101502;-0,37278542
-11,45601502;0,00000000
-11,45101502;0,18639271
-11,44601502;0,00000000
-11,44101502;0,00000000
-11,43601502;-0,18639271
-11,43101502;-0,74618596
-11,42601502;0,18639271
-11,42101502;0,18639271
-11,41601502;0,18639271
-11,41101502;0,93319386
-11,40601502;0,55979329
-11,40101502;0,00000000
-11,39601502;-0,18639271
-11,39101502;0,18639271
-11,38601502;0,00000000
-11,38101502;0,55979329
-11,37601502;0,55979329
-11,37101502;0,18639271
-11,36601502;-0,74618596
-11,36101502;0,00000000
-11,35601502;-0,37278542
-11,35101502;0,18639271
-11,34601502;0,18639271
-11,34101502;0,55979329
-11,33601502;0,00000000
-11,33101502;-0,18639271
-11,32601502;1,11958659
-11,32101502;0,18639271
-11,31601502;0,55979329
-11,31101502;0,55979329
-11,30601502;-0,55979329
-11,30101502;0,93319386
-11,29601502;0,55979329
-11,29101502;0,93319386
-11,28601502;1,11958659
-11,28101502;1,11958659
-11,27601502;-0,18639271
-11,27101502;0,00000000
-11,26601502;-0,37278542
-11,26101502;-1,11958659
-11,25601502;0,37278542
-11,25101502;0,00000000
-11,24601502;-1,11958659
-11,24101502;-0,37278542
-11,23601502;0,55979329
-11,23101502;0,18639271
-11,22601502;-0,55979329
-11,22101502;0,00000000
-11,21601503;0,00000000
-11,21101503;0,93319386
-11,20601503;0,18639271
-11,20101503;0,55979329
-11,19601503;0,18639271
-11,19101503;0,18639271
-11,18601503;0,00000000
-11,18101503;0,00000000
-11,17601503;0,18639271
-11,17101503;0,18639271
-11,16601503;-0,37278542
-11,16101503;0,18639271
-11,15601503;-0,37278542
-11,15101503;0,93319386
-11,14601503;-0,18639271
-11,14101503;-0,74618596
-11,13601503;-0,37278542
-11,13101503;0,18639271
-11,12601503;0,00000000
-11,12101503;-0,37278542
-11,11601503;0,00000000
-11,11101503;0,37278542
-11,10601503;0,00000000
-11,10101503;1,11958659
-11,09601503;0,00000000
-11,09101503;0,55979329
-11,08601503;-0,18639271
-11,08101503;0,18639271
-11,07601503;0,00000000
-11,07101503;0,00000000
-11,06601503;0,37278542
-11,06101503;-1,30659437
-11,05601503;0,18639271
-11,05101503;0,93319386
-11,04601503;0,55979329
-11,04101503;0,00000000
-11,03601503;0,00000000
-11,03101503;0,93319386
-11,02601503;0,55979329
-11,02101503;-0,55979329
-11,01601503;0,00000000
-11,01101503;-0,37278542
-11,00601503;0,37278542
-11,00101503;-0,93319386
-10,99601503;0,37278542
-10,99101503;0,18639271
-10,98601503;-0,55979329
-10,98101503;-0,18639271
-10,97601503;0,00000000
-10,97101503;-0,74618596
-10,96601503;0,18639271
-10,96101503;0,37278542
-10,95601503;-0,37278542
-10,95101503;0,55979329
-10,94601503;-0,93319386
-10,94101503;0,55979329
-10,93601503;0,18639271
-10,93101503;0,93319386
-10,92601503;-0,37278542
-10,92101503;0,37278542
-10,91601503;0,00000000
-10,91101503;0,00000000
-10,90601503;0,18639271
-10,90101503;0,55979329
-10,89601503;0,00000000
-10,89101503;0,55979329
-10,88601503;0,55979329
-10,88101503;0,18639271
-10,87601503;0,00000000
-10,87101503;-0,74618596
-10,86601503;0,00000000
-10,86101503;-0,37278542
-10,85601503;0,00000000
-10,85101503;0,00000000
-10,84601503;0,18639271
-10,84101503;-0,18639271
-10,83601503;-0,37278542
-10,83101503;0,55979329
-10,82601503;-0,93319386
-10,82101504;0,37278542
-10,81601504;0,00000000
-10,81101504;-0,18639271
-10,80601504;-0,37278542
-10,80101504;0,74618596
-10,79601504;0,18639271
-10,79101504;0,93319386
-10,78601504;-0,37278542
-10,78101504;0,18639271
-10,77601504;0,00000000
-10,77101504;0,37278542
-10,76601504;-0,37278542
-10,76101504;-0,18639271
-10,75601504;0,00000000
-10,75101504;0,00000000
-10,74601504;-0,37278542
-10,74101504;0,74618596
-10,73601504;0,00000000
-10,73101504;-0,55979329
-10,72601504;-0,37278542
-10,72101504;0,18639271
-10,71601504;-0,37278542
-10,71101504;-0,55979329
-10,70601504;-1,67999494
-10,70101504;0,55979329
-10,69601504;0,00000000
-10,69101504;0,18639271
-10,68601504;-0,18639271
-10,68101504;-0,37278542
-10,67601504;0,18639271
-10,67101504;0,55979329
-10,66601504;0,18639271
-10,66101504;-0,93319386
-10,65601504;0,00000000
-10,65101504;0,18639271
-10,64601504;0,74618596
-10,64101504;-0,18639271
-10,63601504;-0,18639271
-10,63101504;0,37278542
-10,62601504;0,55979329
-10,62101504;0,00000000
-10,61601504;0,18639271
-10,61101504;0,00000000
-10,60601504;0,18639271
-10,60101504;0,37278542
-10,59601504;0,00000000
-10,59101504;-0,37278542
-10,58601504;-0,74618596
-10,58101504;-0,37278542
-10,57601504;0,93319386
-10,57101504;-0,37278542
-10,56601504;0,00000000
-10,56101504;-0,37278542
-10,55601504;-0,18639271
-10,55101504;0,37278542
-10,54601504;0,18639271
-10,54101504;0,37278542
-10,53601504;0,74618596
-10,53101504;-0,55979329
-10,52601504;0,18639271
-10,52101504;0,55979329
-10,51601504;0,00000000
-10,51101504;0,18639271
-10,50601504;-0,74618596
-10,50101504;0,00000000
-10,49601504;-0,37278542
-10,49101504;0,93319386
-10,48601504;0,00000000
-10,48101504;1,11958659
-10,47601504;0,55979329
-10,47101504;0,37278542
-10,46601504;1,49298716
-10,46101504;0,18639271
-10,45601504;0,55979329
-10,45101504;-0,18639271
-10,44601504;0,00000000
-10,44101504;0,00000000
-10,43601504;0,55979329
-10,43101504;0,18639271
-10,42601505;0,18639271
-10,42101505;-0,37278542
-10,41601505;0,18639271
-10,41101505;0,18639271
-10,40601505;-0,37278542
-10,40101505;-0,37278542
-10,39601505;0,74618596
-10,39101505;0,37278542
-10,38601505;-0,18639271
-10,38101505;0,18639271
-10,37601505;-0,37278542
-10,37101505;-0,18639271
-10,36601505;0,00000000
-10,36101505;0,18639271
-10,35601505;0,74618596
-10,35101505;-0,37278542
-10,34601505;0,18639271
-10,34101505;0,55979329
-10,33601505;0,00000000
-10,33101505;0,37278542
-10,32601505;-0,37278542
-10,32101505;0,37278542
-10,31601505;0,55979329
-10,31101505;-1,11958659
-10,30601505;0,55979329
-10,30101505;-1,30659437
-10,29601505;0,18639271
-10,29101505;0,00000000
-10,28601505;0,55979329
-10,28101505;0,55979329
-10,27601505;0,74618596
-10,27101505;2,23978829
-10,26601505;-0,74618596
-10,26101505;0,18639271
-10,25601505;0,00000000
-10,25101505;0,18639271
-10,24601505;1,30659437
-10,24101505;0,18639271
-10,23601505;0,37278542
-10,23101505;0,00000000
-10,22601505;0,93319386
-10,22101505;-0,55979329
-10,21601505;0,00000000
-10,21101505;0,55979329
-10,20601505;0,18639271
-10,20101505;0,37278542
-10,19601505;0,00000000
-10,19101505;0,18639271
-10,18601505;0,18639271
-10,18101505;0,00000000
-10,17601505;0,18639271
-10,17101505;-0,37278542
-10,16601505;-1,11958659
-10,16101505;-0,37278542
-10,15601505;-0,37278542
-10,15101505;0,18639271
-10,14601505;0,00000000
-10,14101505;0,00000000
-10,13601505;0,18639271
-10,13101505;0,37278542
-10,12601505;-1,11958659
-10,12101505;0,18639271
-10,11601505;0,18639271
-10,11101505;0,00000000
-10,10601505;0,00000000
-10,10101505;0,00000000
-10,09601505;-0,18639271
-10,09101505;0,18639271
-10,08601505;0,55979329
-10,08101505;0,74618596
-10,07601505;0,00000000
-10,07101505;0,00000000
-10,06601505;-0,74618596
-10,06101505;-0,55979329
-10,05601505;0,55979329
-10,05101505;0,55979329
-10,04601505;0,18639271
-10,04101505;0,00000000
-10,03601505;0,37278542
-10,03101505;1,67999494
-10,02601506;0,00000000
-10,02101506;0,00000000
-10,01601506;-0,18639271
-10,01101506;0,00000000
-10,00601506;-0,37278542
-10,00101506;0,74618596
-9,99601506;0,18639271
-9,99101506;0,00000000
-9,98601506;-0,18639271
-9,98101506;0,74618596
-9,97601506;-0,18639271
-9,97101506;-0,74618596
-9,96601506;0,18639271
-9,96101506;0,55979329
-9,95601506;0,18639271
-9,95101506;0,00000000
-9,94601506;-0,37278542
-9,94101506;-0,18639271
-9,93601506;0,18639271
-9,93101506;0,37278542
-9,92601506;4,66719961
-9,92101506;-0,74618596
-9,91601506;0,00000000
-9,91101506;0,18639271
-9,90601506;0,93319386
-9,90101506;0,37278542
-9,89601506;-0,74618596
-9,89101506;0,55979329
-9,88601506;0,37278542
-9,88101506;0,00000000
-9,87601506;0,18639271
-9,87101506;0,55979329
-9,86601506;0,55979329
-9,86101506;-0,37278542
-9,85601506;-0,37278542
-9,85101506;-0,18639271
-9,84601506;0,18639271
-9,84101506;0,18639271
-9,83601506;0,18639271
-9,83101506;0,55979329
-9,82601506;-0,37278542
-9,82101506;0,55979329
-9,81601506;0,18639271
-9,81101506;0,00000000
-9,80601506;0,00000000
-9,80101506;0,37278542
-9,79601506;0,93319386
-9,79101506;0,74618596
-9,78601506;-0,55979329
-9,78101506;0,55979329
-9,77601506;-0,37278542
-9,77101506;0,37278542
-9,76601506;0,37278542
-9,76101506;1,49298716
-9,75601506;-0,37278542
-9,75101506;0,37278542
-9,74601506;0,37278542
-9,74101506;0,18639271
-9,73601506;0,00000000
-9,73101506;0,18639271
-9,72601506;-0,93319386
-9,72101506;0,37278542
-9,71601506;-0,37278542
-9,71101506;0,55979329
-9,70601506;-0,74618596
-9,70101506;0,74618596
-9,69601506;0,37278542
-9,69101506;0,18639271
-9,68601506;0,18639271
-9,68101506;0,00000000
-9,67601506;0,37278542
-9,67101506;0,55979329
-9,66601506;0,00000000
-9,66101506;1,11958659
-9,65601506;0,93319386
-9,65101506;-5,04060030
-9,64601506;0,18639271
-9,64101506;-0,93319386
-9,63601506;-1,11958659
-9,63101507;-0,37278542
-9,62601507;-0,18639271
-9,62101507;0,74618596
-9,61601507;0,37278542
-9,61101507;0,18639271
-9,60601507;0,00000000
-9,60101507;0,00000000
-9,59601507;0,18639271
-9,59101507;0,55979329
-9,58601507;0,37278542
-9,58101507;-0,37278542
-9,57601507;0,37278542
-9,57101507;0,18639271
-9,56601507;0,55979329
-9,56101507;0,55979329
-9,55601507;-0,74618596
-9,55101507;0,18639271
-9,54601507;0,18639271
-9,54101507;0,18639271
-9,53601507;1,11958659
-9,53101507;0,55979329
-9,52601507;0,55979329
-9,52101507;-0,18639271
-9,51601507;0,00000000
-9,51101507;0,00000000
-9,50601507;0,18639271
-9,50101507;0,18639271
-9,49601507;0,18639271
-9,49101507;-0,37278542
-9,48601507;0,18639271
-9,48101507;0,18639271
-9,47601507;0,18639271
-9,47101507;-0,18639271
-9,46601507;-0,37278542
-9,46101507;0,18639271
-9,45601507;0,55979329
-9,45101507;0,00000000
-9,44601507;0,00000000
-9,44101507;0,74618596
-9,43601507;0,37278542
-9,43101507;0,18639271
-9,42601507;-0,37278542
-9,42101507;0,18639271
-9,41601507;0,00000000
-9,41101507;-0,37278542
-9,40601507;0,74618596
-9,40101507;0,93319386
-9,39601507;0,00000000
-9,39101507;0,37278542
-9,38601507;-2,61318874
-9,38101507;0,37278542
-9,37601507;-2,05339551
-9,37101507;-0,18639271
-9,36601507;0,18639271
-9,36101507;0,18639271
-9,35601507;0,00000000
-9,35101507;0,00000000
-9,34601507;-0,37278542
-9,34101507;-0,18639271
-9,33601507;-0,74618596
-9,33101507;-0,18639271
-9,32601507;0,18639271
-9,32101507;0,18639271
-9,31601507;0,18639271
-9,31101507;0,18639271
-9,30601507;-0,37278542
-9,30101507;0,18639271
-9,29601507;0,18639271
-9,29101507;0,55979329
-9,28601507;0,18639271
-9,28101507;0,00000000
-9,27601507;0,18639271
-9,27101507;0,55979329
-9,26601507;0,18639271
-9,26101507;1,86638772
-9,25601507;0,00000000
-9,25101507;0,18639271
-9,24601507;0,00000000
-9,24101507;-0,18639271
-9,23601508;0,93319386
-9,23101508;0,93319386
-9,22601508;0,37278542
-9,22101508;0,55979329
-9,21601508;0,37278542
-9,21101508;0,00000000
-9,20601508;-0,37278542
-9,20101508;1,30659437
-9,19601508;0,74618596
-9,19101508;0,00000000
-9,18601508;-0,55979329
-9,18101508;0,00000000
-9,17601508;0,00000000
-9,17101508;0,55979329
-9,16601508;0,37278542
-9,16101508;-0,37278542
-9,15601508;0,18639271
-9,15101508;0,00000000
-9,14601508;0,18639271
-9,14101508;-0,74618596
-9,13601508;-0,18639271
-9,13101508;-0,55979329
-9,12601508;0,55979329
-9,12101508;0,18639271
-9,11601508;-0,55979329
-9,11101508;0,37278542
-9,10601508;0,00000000
-9,10101508;0,55979329
-9,09601508;0,93319386
-9,09101508;0,00000000
-9,08601508;-0,37278542
-9,08101508;0,18639271
-9,07601508;0,55979329
-9,07101508;0,18639271
-9,06601508;0,18639271
-9,06101508;0,00000000
-9,05601508;0,93319386
-9,05101508;0,55979329
-9,04601508;0,74618596
-9,04101508;0,74618596
-9,03601508;0,37278542
-9,03101508;0,18639271
-9,02601508;0,00000000
-9,02101508;0,55979329
-9,01601508;0,93319386
-9,01101508;0,18639271
-9,00601508;0,00000000
-9,00101508;-0,18639271
-8,99601508;0,37278542
-8,99101508;0,37278542
-8,98601508;-0,37278542
-8,98101508;0,18639271
-8,97601508;-0,18639271
-8,97101508;0,37278542
-8,96601508;0,18639271
-8,96101508;1,11958659
-8,95601508;0,00000000
-8,95101508;0,55979329
-8,94601508;0,18639271
-8,94101508;0,00000000
-8,93601508;-0,55979329
-8,93101508;-0,74618596
-8,92601508;0,00000000
-8,92101508;0,18639271
-8,91601508;0,55979329
-8,91101508;0,55979329
-8,90601508;0,55979329
-8,90101508;0,55979329
-8,89601508;-0,55979329
-8,89101508;0,37278542
-8,88601508;0,55979329
-8,88101508;0,00000000
-8,87601508;0,37278542
-8,87101508;0,00000000
-8,86601508;0,55979329
-8,86101508;0,37278542
-8,85601508;0,37278542
-8,85101508;0,93319386
-8,84601508;-1,11958659
-8,84101509;0,00000000
-8,83601509;0,37278542
-8,83101509;0,93319386
-8,82601509;-0,18639271
-8,82101509;1,30659437
-8,81601509;0,18639271
-8,81101509;0,00000000
-8,80601509;0,18639271
-8,80101509;-0,37278542
-8,79601509;0,93319386
-8,79101509;0,18639271
-8,78601509;0,00000000
-8,78101509;-0,37278542
-8,77601509;-0,37278542
-8,77101509;0,18639271
-8,76601509;0,55979329
-8,76101509;0,00000000
-8,75601509;-0,74618596
-8,75101509;-0,37278542
-8,74601509;0,18639271
-8,74101509;0,18639271
-8,73601509;-0,37278542
-8,73101509;0,00000000
-8,72601509;0,55979329
-8,72101509;0,18639271
-8,71601509;0,18639271
-8,71101509;0,00000000
-8,70601509;0,18639271
-8,70101509;0,00000000
-8,69601509;-0,18639271
-8,69101509;1,11958659
-8,68601509;0,00000000
-8,68101509;0,00000000
-8,67601509;0,00000000
-8,67101509;0,00000000
-8,66601509;-0,37278542
-8,66101509;1,86638772
-8,65601509;-0,18639271
-8,65101509;0,18639271
-8,64601509;-1,49298716
-8,64101509;0,18639271
-8,63601509;0,55979329
-8,63101509;0,00000000
-8,62601509;0,00000000
-8,62101509;0,18639271
-8,61601509;0,55979329
-8,61101509;0,55979329
-8,60601509;0,37278542
-8,60101509;-0,18639271
-8,59601509;0,37278542
-8,59101509;0,55979329
-8,58601509;0,37278542
-8,58101509;-0,18639271
-8,57601509;-0,37278542
-8,57101509;0,18639271
-8,56601509;0,55979329
-8,56101509;0,74618596
-8,55601509;-1,11958659
-8,55101509;1,11958659
-8,54601509;0,18639271
-8,54101509;0,00000000
-8,53601509;0,55979329
-8,53101509;0,37278542
-8,52601509;1,30659437
-8,52101509;-0,18639271
-8,51601509;-0,18639271
-8,51101509;0,55979329
-8,50601509;-0,55979329
-8,50101509;0,18639271
-8,49601509;0,37278542
-8,49101509;0,00000000
-8,48601509;0,00000000
-8,48101509;0,00000000
-8,47601509;0,00000000
-8,47101509;0,18639271
-8,46601509;-1,11958659
-8,46101509;-0,37278542
-8,45601509;0,00000000
-8,45101509;0,18639271
-8,44601510;-0,37278542
-8,44101510;0,00000000
-8,43601510;0,18639271
-8,43101510;1,30659437
-8,42601510;-0,55979329
-8,42101510;0,74618596
-8,41601510;-0,18639271
-8,41101510;-0,55979329
-8,40601510;0,18639271
-8,40101510;0,18639271
-8,39601510;-0,18639271
-8,39101510;0,93319386
-8,38601510;0,00000000
-8,38101510;0,55979329
-8,37601510;0,55979329
-8,37101510;0,74618596
-8,36601510;-0,55979329
-8,36101510;-0,93319386
-8,35601510;-0,74618596
-8,35101510;-0,18639271
-8,34601510;0,37278542
-8,34101510;0,55979329
-8,33601510;-0,37278542
-8,33101510;0,37278542
-8,32601510;0,93319386
-8,32101510;0,00000000
-8,31601510;-0,18639271
-8,31101510;0,00000000
-8,30601510;-0,37278542
-8,30101510;0,55979329
-8,29601510;0,18639271
-8,29101510;0,00000000
-8,28601510;-0,37278542
-8,28101510;-0,18639271
-8,27601510;0,18639271
-8,27101510;0,55979329
-8,26601510;-0,55979329
-8,26101510;0,18639271
-8,25601510;0,55979329
-8,25101510;0,37278542
-8,24601510;0,37278542
-8,24101510;-5,41400099
-8,23601510;0,00000000
-8,23101510;0,93319386
-8,22601510;0,18639271
-8,22101510;0,18639271
-8,21601510;-0,37278542
-8,21101510;-0,55979329
-8,20601510;-0,18639271
-8,20101510;0,18639271
-8,19601510;0,18639271
-8,19101510;-0,74618596
-8,18601510;0,18639271
-8,18101510;0,93319386
-8,17601510;0,93319386
-8,17101510;0,00000000
-8,16601510;0,18639271
-8,16101510;0,18639271
-8,15601510;0,00000000
-8,15101510;0,55979329
-8,14601510;-0,37278542
-8,14101510;-0,37278542
-8,13601510;-0,18639271
-8,13101510;0,18639271
-8,12601510;-0,55979329
-8,12101510;0,00000000
-8,11601510;0,00000000
-8,11101510;0,74618596
-8,10601510;0,00000000
-8,10101510;-0,55979329
-8,09601510;-0,18639271
-8,09101510;0,00000000
-8,08601510;0,55979329
-8,08101510;0,55979329
-8,07601510;-0,18639271
-8,07101510;0,00000000
-8,06601510;-0,18639271
-8,06101510;0,18639271
-8,05601510;0,00000000
-8,05101511;0,55979329
-8,04601511;-1,67999494
-8,04101511;0,55979329
-8,03601511;0,00000000
-8,03101511;0,18639271
-8,02601511;0,00000000
-8,02101511;0,55979329
-8,01601511;0,18639271
-8,01101511;0,37278542
-8,00601511;-0,55979329
-8,00101511;0,93319386
-7,99601511;0,00000000
-7,99101511;0,00000000
-7,98601511;0,18639271
-7,98101511;0,55979329
-7,97601511;-0,18639271
-7,97101511;-1,67999494
-7,96601511;0,93319386
-7,96101511;0,00000000
-7,95601511;0,37278542
-7,95101511;-0,18639271
-7,94601511;-0,37278542
-7,94101511;0,55979329
-7,93601511;0,93319386
-7,93101511;0,00000000
-7,92601511;-0,37278542
-7,92101511;0,18639271
-7,91601511;0,18639271
-7,91101511;-0,37278542
-7,90601511;-0,18639271
-7,90101511;-0,18639271
-7,89601511;0,00000000
-7,89101511;0,55979329
-7,88601511;-0,37278542
-7,88101511;0,55979329
-7,87601511;-0,74618596
-7,87101511;-0,37278542
-7,86601511;0,18639271
-7,86101511;-0,37278542
-7,85601511;0,37278542
-7,85101511;-0,74618596
-7,84601511;-0,18639271
-7,84101511;-0,18639271
-7,83601511;-0,37278542
-7,83101511;-0,37278542
-7,82601511;0,00000000
-7,82101511;0,18639271
-7,81601511;-0,55979329
-7,81101511;-0,74618596
-7,80601511;0,00000000
-7,80101511;0,18639271
-7,79601511;0,18639271
-7,79101511;0,55979329
-7,78601511;0,00000000
-7,78101511;-0,37278542
-7,77601511;0,18639271
-7,77101511;1,11958659
-7,76601511;0,18639271
-7,76101511;0,00000000
-7,75601511;0,93319386
-7,75101511;-0,18639271
-7,74601511;0,74618596
-7,74101511;0,55979329
-7,73601511;0,55979329
-7,73101511;0,37278542
-7,72601511;-0,37278542
-7,72101511;-0,18639271
-7,71601511;0,18639271
-7,71101511;0,00000000
-7,70601511;0,55979329
-7,70101511;0,00000000
-7,69601511;0,74618596
-7,69101511;-0,18639271
-7,68601511;-2,05339551
-7,68101511;1,11958659
-7,67601511;-0,18639271
-7,67101511;-0,55979329
-7,66601511;0,18639271
-7,66101511;0,00000000
-7,65601511;0,18639271
-7,65101512;0,55979329
-7,64601512;0,18639271
-7,64101512;0,18639271
-7,63601512;0,00000000
-7,63101512;0,55979329
-7,62601512;-0,18639271
-7,62101512;-0,37278542
-7,61601512;0,18639271
-7,61101512;-0,37278542
-7,60601512;0,55979329
-7,60101512;0,18639271
-7,59601512;0,37278542
-7,59101512;-0,18639271
-7,58601512;0,55979329
-7,58101512;0,55979329
-7,57601512;0,55979329
-7,57101512;0,18639271
-7,56601512;0,00000000
-7,56101512;0,00000000
-7,55601512;-0,37278542
-7,55101512;-1,11958659
-7,54601512;0,00000000
-7,54101512;1,11958659
-7,53601512;0,74618596
-7,53101512;-0,18639271
-7,52601512;-0,18639271
-7,52101512;0,37278542
-7,51601512;0,18639271
-7,51101512;-0,55979329
-7,50601512;0,00000000
-7,50101512;0,93319386
-7,49601512;-0,55979329
-7,49101512;0,00000000
-7,48601512;0,00000000
-7,48101512;0,55979329
-7,47601512;0,00000000
-7,47101512;0,00000000
-7,46601512;-0,37278542
-7,46101512;0,74618596
-7,45601512;-0,55979329
-7,45101512;1,11958659
-7,44601512;0,18639271
-7,44101512;0,18639271
-7,43601512;-0,18639271
-7,43101512;0,18639271
-7,42601512;0,00000000
-7,42101512;0,37278542
-7,41601512;9,70779991
-7,41101512;0,18639271
-7,40601512;-0,37278542
-7,40101512;0,37278542
-7,39601512;-0,37278542
-7,39101512;0,18639271
-7,38601512;-0,93319386
-7,38101512;0,18639271
-7,37601512;0,00000000
-7,37101512;0,74618596
-7,36601512;0,18639271
-7,36101512;0,00000000
-7,35601512;-0,18639271
-7,35101512;0,18639271
-7,34601512;0,55979329
-7,34101512;0,37278542
-7,33601512;-0,18639271
-7,33101512;-0,74618596
-7,32601512;0,18639271
-7,32101512;0,55979329
-7,31601512;2,98658943
-7,31101512;-0,37278542
-7,30601512;-0,18639271
-7,30101512;0,00000000
-7,29601512;0,18639271
-7,29101512;-1,30659437
-7,28601512;-0,37278542
-7,28101512;0,18639271
-7,27601512;-0,74618596
-7,27101512;0,55979329
-7,26601512;-0,18639271
-7,26101512;0,00000000
-7,25601513;-0,18639271
-7,25101513;0,55979329
-7,24601513;0,93319386
-7,24101513;0,18639271
-7,23601513;0,00000000
-7,23101513;1,67999494
-7,22601513;0,37278542
-7,22101513;0,55979329
-7,21601513;0,18639271
-7,21101513;0,18639271
-7,20601513;0,37278542
-7,20101513;-0,18639271
-7,19601513;0,00000000
-7,19101513;0,00000000
-7,18601513;0,37278542
-7,18101513;-0,18639271
-7,17601513;-0,55979329
-7,17101513;0,74618596
-7,16601513;0,18639271
-7,16101513;0,00000000
-7,15601513;-0,55979329
-7,15101513;0,18639271
-7,14601513;0,55979329
-7,14101513;0,00000000
-7,13601513;-0,74618596
-7,13101513;0,55979329
-7,12601513;0,18639271
-7,12101513;0,18639271
-7,11601513;0,37278542
-7,11101513;-0,74618596
-7,10601513;-0,37278542
-7,10101513;-0,18639271
-7,09601513;0,55979329
-7,09101513;0,18639271
-7,08601513;0,74618596
-7,08101513;0,00000000
-7,07601513;0,93319386
-7,07101513;0,93319386
-7,06601513;-0,18639271
-7,06101513;0,18639271
-7,05601513;-0,37278542
-7,05101513;-0,18639271
-7,04601513;-0,55979329
-7,04101513;0,93319386
-7,03601513;0,00000000
-7,03101513;0,55979329
-7,02601513;-0,37278542
-7,02101513;0,55979329
-7,01601513;0,18639271
-7,01101513;-0,37278542
-7,00601513;0,18639271
-7,00101513;0,74618596
-6,99601513;0,18639271
-6,99101513;0,55979329
-6,98601513;0,00000000
-6,98101513;0,18639271
-6,97601513;0,00000000
-6,97101513;0,18639271
-6,96601513;-0,18639271
-6,96101513;-0,18639271
-6,95601513;0,18639271
-6,95101513;-0,37278542
-6,94601513;0,37278542
-6,94101513;0,55979329
-6,93601513;-0,37278542
-6,93101513;0,18639271
-6,92601513;-0,37278542
-6,92101513;0,55979329
-6,91601513;0,00000000
-6,91101513;0,55979329
-6,90601513;-1,30659437
-6,90101513;0,18639271
-6,89601513;0,55979329
-6,89101513;0,18639271
-6,88601513;0,00000000
-6,88101513;0,18639271
-6,87601513;0,00000000
-6,87101513;0,18639271
-6,86601513;-0,37278542
-6,86101514;-0,74618596
-6,85601514;0,37278542
-6,85101514;-0,18639271
-6,84601514;0,55979329
-6,84101514;0,55979329
-6,83601514;0,93319386
-6,83101514;-0,37278542
-6,82601514;-0,37278542
-6,82101514;-0,18639271
-6,81601514;0,00000000
-6,81101514;0,55979329
-6,80601514;0,18639271
-6,80101514;0,55979329
-6,79601514;0,00000000
-6,79101514;0,00000000
-6,78601514;-0,18639271
-6,78101514;0,00000000
-6,77601514;0,37278542
-6,77101514;0,18639271
-6,76601514;0,00000000
-6,76101514;0,18639271
-6,75601514;-0,37278542
-6,75101514;0,18639271
-6,74601514;0,00000000
-6,74101514;-0,18639271
-6,73601514;0,18639271
-6,73101514;-1,11958659
-6,72601514;-0,18639271
-6,72101514;0,55979329
-6,71601514;-0,37278542
-6,71101514;0,00000000
-6,70601514;0,00000000
-6,70101514;0,55979329
-6,69601514;0,93319386
-6,69101514;-0,74618596
-6,68601514;0,00000000
-6,68101514;-0,37278542
-6,67601514;-0,18639271
-6,67101514;0,00000000
-6,66601514;0,74618596
-6,66101514;0,18639271
-6,65601514;0,18639271
-6,65101514;0,18639271
-6,64601514;0,00000000
-6,64101514;0,00000000
-6,63601514;0,00000000
-6,63101514;-2,05339551
-6,62601514;0,18639271
-6,62101514;0,00000000
-6,61601514;-0,74618596
-6,61101514;-0,37278542
-6,60601514;0,74618596
-6,60101514;-0,37278542
-6,59601514;0,37278542
-6,59101514;-0,37278542
-6,58601514;0,00000000
-6,58101514;-0,55979329
-6,57601514;0,55979329
-6,57101514;0,00000000
-6,56601514;0,55979329
-6,56101514;0,00000000
-6,55601514;0,18639271
-6,55101514;-0,37278542
-6,54601514;-0,18639271
-6,54101514;0,18639271
-6,53601514;0,18639271
-6,53101514;0,00000000
-6,52601514;0,37278542
-6,52101514;-0,18639271
-6,51601514;-0,55979329
-6,51101514;-0,55979329
-6,50601514;0,00000000
-6,50101514;-0,18639271
-6,49601514;-0,18639271
-6,49101514;0,00000000
-6,48601514;-0,55979329
-6,48101514;-1,11958659
-6,47601514;0,18639271
-6,47101514;0,37278542
-6,46601515;0,37278542
-6,46101515;-0,55979329
-6,45601515;0,37278542
-6,45101515;0,55979329
-6,44601515;-0,74618596
-6,44101515;0,00000000
-6,43601515;0,37278542
-6,43101515;-0,93319386
-6,42601515;0,37278542
-6,42101515;-0,37278542
-6,41601515;-0,37278542
-6,41101515;0,00000000
-6,40601515;0,37278542
-6,40101515;-0,18639271
-6,39601515;-0,18639271
-6,39101515;0,37278542
-6,38601515;0,55979329
-6,38101515;0,55979329
-6,37601515;-0,37278542
-6,37101515;0,37278542
-6,36601515;0,74618596
-6,36101515;-0,18639271
-6,35601515;-0,37278542
-6,35101515;0,55979329
-6,34601515;0,00000000
-6,34101515;0,55979329
-6,33601515;-0,74618596
-6,33101515;-0,37278542
-6,32601515;0,93319386
-6,32101515;0,37278542
-6,31601515;0,55979329
-6,31101515;-0,37278542
-6,30601515;0,00000000
-6,30101515;-0,37278542
-6,29601515;-0,18639271
-6,29101515;-0,37278542
-6,28601515;-0,55979329
-6,28101515;0,74618596
-6,27601515;0,74618596
-6,27101515;0,37278542
-6,26601515;0,37278542
-6,26101515;-0,37278542
-6,25601515;0,18639271
-6,25101515;-0,74618596
-6,24601515;1,30659437
-6,24101515;0,93319386
-6,23601515;-0,74618596
-6,23101515;0,37278542
-6,22601515;0,18639271
-6,22101515;0,00000000
-6,21601515;0,18639271
-6,21101515;0,00000000
-6,20601515;0,00000000
-6,20101515;0,00000000
-6,19601515;0,00000000
-6,19101515;0,18639271
-6,18601515;0,18639271
-6,18101515;-0,55979329
-6,17601515;0,18639271
-6,17101515;0,00000000
-6,16601515;0,00000000
-6,16101515;0,55979329
-6,15601515;-0,37278542
-6,15101515;0,00000000
-6,14601515;0,55979329
-6,14101515;0,00000000
-6,13601515;0,00000000
-6,13101515;0,00000000
-6,12601515;-0,55979329
-6,12101515;0,18639271
-6,11601515;0,37278542
-6,11101515;-0,74618596
-6,10601515;-0,55979329
-6,10101515;0,55979329
-6,09601515;0,37278542
-6,09101515;1,11958659
-6,08601515;4,66719961
-6,08101515;0,00000000
-6,07601515;-0,37278542
-6,07101516;0,93319386
-6,06601516;0,55979329
-6,06101516;0,18639271
-6,05601516;-1,49298716
-6,05101516;0,18639271
-6,04601516;-0,55979329
-6,04101516;-0,37278542
-6,03601516;0,00000000
-6,03101516;0,00000000
-6,02601516;-0,37278542
-6,02101516;0,74618596
-6,01601516;0,74618596
-6,01101516;-0,74618596
-6,00601516;-0,37278542
-6,00101516;0,93319386
-5,99601516;0,00000000
-5,99101516;-0,18639271
-5,98601516;0,18639271
-5,98101516;0,00000000
-5,97601516;0,55979329
-5,97101516;0,00000000
-5,96601516;0,18639271
-5,96101516;0,37278542
-5,95601516;0,00000000
-5,95101516;-1,11958659
-5,94601516;-0,37278542
-5,94101516;0,18639271
-5,93601516;0,00000000
-5,93101516;0,18639271
-5,92601516;-0,37278542
-5,92101516;-0,37278542
-5,91601516;0,00000000
-5,91101516;0,55979329
-5,90601516;-0,55979329
-5,90101516;-0,18639271
-5,89601516;-0,37278542
-5,89101516;0,18639271
-5,88601516;0,55979329
-5,88101516;0,55979329
-5,87601516;0,00000000
-5,87101516;0,18639271
-5,86601516;0,55979329
-5,86101516;-0,37278542
-5,85601516;0,00000000
-5,85101516;-0,37278542
-5,84601516;-1,49298716
-5,84101516;0,37278542
-5,83601516;0,00000000
-5,83101516;-0,37278542
-5,82601516;0,55979329
-5,82101516;-9,14739132
-5,81601516;-0,18639271
-5,81101516;0,18639271
-5,80601516;0,37278542
-5,80101516;0,55979329
-5,79601516;0,37278542
-5,79101516;0,55979329
-5,78601516;-2,61318874
-5,78101516;-0,55979329
-5,77601516;0,00000000
-5,77101516;0,18639271
-5,76601516;-0,55979329
-5,76101516;0,93319386
-5,75601516;0,18639271
-5,75101516;0,00000000
-5,74601516;0,37278542
-5,74101516;0,55979329
-5,73601516;0,00000000
-5,73101516;-0,37278542
-5,72601516;0,00000000
-5,72101516;0,00000000
-5,71601516;0,00000000
-5,71101516;0,00000000
-5,70601516;0,55979329
-5,70101516;0,00000000
-5,69601516;0,55979329
-5,69101516;0,00000000
-5,68601516;0,37278542
-5,68101516;0,00000000
-5,67601517;-0,37278542
-5,67101517;-0,18639271
-5,66601517;0,55979329
-5,66101517;-0,18639271
-5,65601517;-0,37278542
-5,65101517;0,00000000
-5,64601517;0,00000000
-5,64101517;-0,18639271
-5,63601517;-0,18639271
-5,63101517;0,93319386
-5,62601517;-0,18639271
-5,62101517;-0,37278542
-5,61601517;0,55979329
-5,61101517;0,00000000
-5,60601517;0,18639271
-5,60101517;-0,37278542
-5,59601517;-0,37278542
-5,59101517;0,37278542
-5,58601517;-0,74618596
-5,58101517;-0,37278542
-5,57601517;0,00000000
-5,57101517;-0,37278542
-5,56601517;0,18639271
-5,56101517;0,00000000
-5,55601517;0,55979329
-5,55101517;-0,37278542
-5,54601517;-0,18639271
-5,54101517;1,11958659
-5,53601517;0,55979329
-5,53101517;-0,37278542
-5,52601517;0,18639271
-5,52101517;0,18639271
-5,51601517;0,18639271
-5,51101517;0,74618596
-5,50601517;1,11958659
-5,50101517;0,18639271
-5,49601517;0,55979329
-5,49101517;0,18639271
-5,48601517;-0,37278542
-5,48101517;0,74618596
-5,47601517;-0,18639271
-5,47101517;0,18639271
-5,46601517;0,00000000
-5,46101517;1,11958659
-5,45601517;-0,18639271
-5,45101517;0,00000000
-5,44601517;0,00000000
-5,44101517;-0,37278542
-5,43601517;0,00000000
-5,43101517;0,00000000
-5,42601517;-0,37278542
-5,42101517;0,37278542
-5,41601517;0,55979329
-5,41101517;0,55979329
-5,40601517;0,55979329
-5,40101517;0,18639271
-5,39601517;0,55979329
-5,39101517;0,18639271
-5,38601517;0,00000000
-5,38101517;0,37278542
-5,37601517;0,55979329
-5,37101517;0,18639271
-5,36601517;0,18639271
-5,36101517;0,55979329
-5,35601517;0,18639271
-5,35101517;0,00000000
-5,34601517;0,55979329
-5,34101517;0,55979329
-5,33601517;0,37278542
-5,33101517;0,18639271
-5,32601517;-0,37278542
-5,32101517;-0,18639271
-5,31601517;-0,74618596
-5,31101517;-0,37278542
-5,30601517;0,18639271
-5,30101517;-0,37278542
-5,29601517;0,18639271
-5,29101517;-1,11958659
-5,28601517;0,00000000
-5,28101517;0,18639271
-5,27601518;0,00000000
-5,27101518;0,93319386
-5,26601518;0,18639271
-5,26101518;-0,55979329
-5,25601518;0,00000000
-5,25101518;0,37278542
-5,24601518;0,18639271
-5,24101518;-0,37278542
-5,23601518;-0,18639271
-5,23101518;0,00000000
-5,22601518;0,00000000
-5,22101518;-0,74618596
-5,21601518;-0,74618596
-5,21101518;0,18639271
-5,20601518;-0,37278542
-5,20101518;0,55979329
-5,19601518;0,18639271
-5,19101518;-0,37278542
-5,18601518;-0,18639271
-5,18101518;0,00000000
-5,17601518;0,18639271
-5,17101518;0,74618596
-5,16601518;0,00000000
-5,16101518;-0,37278542
-5,15601518;0,18639271
-5,15101518;0,55979329
-5,14601518;0,18639271
-5,14101518;0,18639271
-5,13601518;-0,18639271
-5,13101518;0,00000000
-5,12601518;0,00000000
-5,12101518;1,30659437
-5,11601518;-0,55979329
-5,11101518;0,37278542
-5,10601518;0,00000000
-5,10101518;0,55979329
-5,09601518;0,18639271
-5,09101518;0,74618596
-5,08601518;0,55979329
-5,08101518;0,00000000
-5,07601518;0,18639271
-5,07101518;0,00000000
-5,06601518;-0,18639271
-5,06101518;-0,74618596
-5,05601518;0,55979329
-5,05101518;-1,11958659
-5,04601518;0,18639271
-5,04101518;0,00000000
-5,03601518;0,00000000
-5,03101518;0,18639271
-5,02601518;0,55979329
-5,02101518;-0,93319386
-5,01601518;0,00000000
-5,01101518;0,55979329
-5,00601518;-0,74618596
-5,00101518;0,00000000
-4,99601518;0,00000000
-4,99101518;0,55979329
-4,98601518;-0,37278542
-4,98101518;-0,74618596
-4,97601518;-0,18639271
-4,97101518;0,00000000
-4,96601518;0,18639271
-4,96101518;0,55979329
-4,95601518;0,55979329
-4,95101518;-0,37278542
-4,94601518;0,00000000
-4,94101518;-1,11958659
-4,93601518;0,00000000
-4,93101518;-0,37278542
-4,92601518;0,00000000
-4,92101518;-0,18639271
-4,91601518;-0,18639271
-4,91101518;-0,18639271
-4,90601518;-0,74618596
-4,90101518;0,18639271
-4,89601518;0,00000000
-4,89101518;-0,74618596
-4,88601518;0,18639271
-4,88101519;0,00000000
-4,87601519;0,37278542
-4,87101519;-0,55979329
-4,86601519;0,74618596
-4,86101519;0,18639271
-4,85601519;0,00000000
-4,85101519;-0,55979329
-4,84601519;-0,37278542
-4,84101519;0,00000000
-4,83601519;-0,55979329
-4,83101519;0,18639271
-4,82601519;-0,18639271
-4,82101519;-1,86638772
-4,81601519;-0,18639271
-4,81101519;0,00000000
-4,80601519;0,55979329
-4,80101519;-0,18639271
-4,79601519;0,00000000
-4,79101519;0,00000000
-4,78601519;-0,74618596
-4,78101519;0,00000000
-4,77601519;-0,37278542
-4,77101519;0,18639271
-4,76601519;-0,74618596
-4,76101519;0,93319386
-4,75601519;0,00000000
-4,75101519;0,00000000
-4,74601519;-0,37278542
-4,74101519;-0,74618596
-4,73601519;-2,23978829
-4,73101519;-0,74618596
-4,72601519;-0,37278542
-4,72101519;-0,74618596
-4,71601519;-0,37278542
-4,71101519;0,00000000
-4,70601519;0,18639271
-4,70101519;0,55979329
-4,69601519;-2,80019665
-4,69101519;-0,93319386
-4,68601519;0,37278542
-4,68101519;0,00000000
-4,67601519;0,18639271
-4,67101519;0,18639271
-4,66601519;0,55979329
-4,66101519;0,55979329
-4,65601519;-2,05339551
-4,65101519;-0,37278542
-4,64601519;0,18639271
-4,64101519;-0,55979329
-4,63601519;0,18639271
-4,63101519;0,18639271
-4,62601519;-0,37278542
-4,62101519;-0,55979329
-4,61601519;0,74618596
-4,61101519;-0,37278542
-4,60601519;0,37278542
-4,60101519;0,18639271
-4,59601519;-0,74618596
-4,59101519;0,18639271
-4,58601519;0,00000000
-4,58101519;0,00000000
-4,57601519;0,00000000
-4,57101519;0,18639271
-4,56601519;-0,37278542
-4,56101519;0,18639271
-4,55601519;0,18639271
-4,55101519;-0,18639271
-4,54601519;0,37278542
-4,54101519;0,93319386
-4,53601519;0,55979329
-4,53101519;0,55979329
-4,52601519;0,18639271
-4,52101519;0,00000000
-4,51601519;0,18639271
-4,51101519;0,55979329
-4,50601519;0,00000000
-4,50101519;0,37278542
-4,49601519;0,55979329
-4,49101519;0,37278542
-4,48601520;0,93319386
-4,48101520;-0,55979329
-4,47601520;0,18639271
-4,47101520;0,74618596
-4,46601520;0,00000000
-4,46101520;0,00000000
-4,45601520;0,55979329
-4,45101520;-0,18639271
-4,44601520;0,55979329
-4,44101520;0,18639271
-4,43601520;0,93319386
-4,43101520;0,00000000
-4,42601520;0,55979329
-4,42101520;-2,61318874
-4,41601520;0,18639271
-4,41101520;1,11958659
-4,40601520;0,18639271
-4,40101520;0,37278542
-4,39601520;0,37278542
-4,39101520;0,00000000
-4,38601520;0,37278542
-4,38101520;-0,55979329
-4,37601520;-0,18639271
-4,37101520;0,55979329
-4,36601520;0,00000000
-4,36101520;0,00000000
-4,35601520;0,00000000
-4,35101520;-0,37278542
-4,34601520;-0,18639271
-4,34101520;0,37278542
-4,33601520;0,55979329
-4,33101520;-0,55979329
-4,32601520;-0,37278542
-4,32101520;-0,37278542
-4,31601520;-0,18639271
-4,31101520;-0,37278542
-4,30601520;-0,37278542
-4,30101520;0,18639271
-4,29601520;0,00000000
-4,29101520;0,00000000
-4,28601520;-0,18639271
-4,28101520;0,55979329
-4,27601520;0,18639271
-4,27101520;0,00000000
-4,26601520;0,18639271
-4,26101520;0,00000000
-4,25601520;-0,37278542
-4,25101520;-1,11958659
-4,24601520;0,55979329
-4,24101520;-0,55979329
-4,23601520;0,18639271
-4,23101520;-0,37278542
-4,22601520;0,37278542
-4,22101520;0,55979329
-4,21601520;0,18639271
-4,21101520;1,11958659
-4,20601520;-0,37278542
-4,20101520;0,18639271
-4,19601520;0,18639271
-4,19101520;-0,37278542
-4,18601520;0,00000000
-4,18101520;0,00000000
-4,17601520;-0,93319386
-4,17101520;0,00000000
-4,16601520;0,55979329
-4,16101520;0,55979329
-4,15601520;-1,30659437
-4,15101520;0,18639271
-4,14601520;-0,37278542
-4,14101520;0,55979329
-4,13601520;0,18639271
-4,13101520;0,18639271
-4,12601520;0,00000000
-4,12101520;0,00000000
-4,11601520;0,18639271
-4,11101520;0,55979329
-4,10601520;0,93319386
-4,10101520;-0,18639271
-4,09601520;0,37278542
-4,09101521;-0,93319386
-4,08601521;-0,55979329
-4,08101521;0,00000000
-4,07601521;0,00000000
-4,07101521;-0,55979329
-4,06601521;0,18639271
-4,06101521;0,00000000
-4,05601521;0,00000000
-4,05101521;0,00000000
-4,04601521;0,55979329
-4,04101521;0,37278542
-4,03601521;-0,55979329
-4,03101521;-0,37278542
-4,02601521;0,00000000
-4,02101521;0,18639271
-4,01601521;-0,55979329
-4,01101521;1,11958659
-4,00601521;0,00000000
-4,00101521;0,18639271
-3,99601521;0,18639271
-3,99101521;0,00000000
-3,98601521;0,18639271
-3,98101521;-0,37278542
-3,97601521;-0,18639271
-3,97101521;-0,18639271
-3,96601521;0,18639271
-3,96101521;0,00000000
-3,95601521;0,37278542
-3,95101521;0,00000000
-3,94601521;0,93319386
-3,94101521;0,18639271
-3,93601521;0,18639271
-3,93101521;-0,93319386
-3,92601521;0,00000000
-3,92101521;0,55979329
-3,91601521;-0,37278542
-3,91101521;-0,37278542
-3,90601521;2,05339551
-3,90101521;-1,11958659
-3,89601521;0,00000000
-3,89101521;-0,37278542
-3,88601521;-0,55979329
-3,88101521;0,55979329
-3,87601521;-0,18639271
-3,87101521;0,74618596
-3,86601521;0,00000000
-3,86101521;-0,74618596
-3,85601521;0,00000000
-3,85101521;-0,18639271
-3,84601521;0,18639271
-3,84101521;2,23978829
-3,83601521;0,18639271
-3,83101521;0,00000000
-3,82601521;-0,55979329
-3,82101521;0,18639271
-3,81601521;0,18639271
-3,81101521;0,00000000
-3,80601521;0,18639271
-3,80101521;0,00000000
-3,79601521;0,18639271
-3,79101521;-0,37278542
-3,78601521;0,18639271
-3,78101521;0,74618596
-3,77601521;0,55979329
-3,77101521;0,00000000
-3,76601521;0,00000000
-3,76101521;0,00000000
-3,75601521;0,00000000
-3,75101521;0,55979329
-3,74601521;0,00000000
-3,74101521;0,18639271
-3,73601521;-1,67999494
-3,73101521;-0,37278542
-3,72601521;0,18639271
-3,72101521;-0,37278542
-3,71601521;0,37278542
-3,71101521;-0,37278542
-3,70601521;-0,55979329
-3,70101521;0,55979329
-3,69601522;0,18639271
-3,69101522;0,18639271
-3,68601522;0,00000000
-3,68101522;0,00000000
-3,67601522;0,00000000
-3,67101522;-0,74618596
-3,66601522;0,00000000
-3,66101522;0,18639271
-3,65601522;0,00000000
-3,65101522;0,00000000
-3,64601522;0,55979329
-3,64101522;0,00000000
-3,63601522;0,00000000
-3,63101522;0,37278542
-3,62601522;-0,18639271
-3,62101522;0,18639271
-3,61601522;0,00000000
-3,61101522;0,00000000
-3,60601522;0,37278542
-3,60101522;0,00000000
-3,59601522;0,00000000
-3,59101522;-0,74618596
-3,58601522;-0,37278542
-3,58101522;-0,55979329
-3,57601522;0,18639271
-3,57101522;0,18639271
-3,56601522;-0,74618596
-3,56101522;0,74618596
-3,55601522;-0,18639271
-3,55101522;0,55979329
-3,54601522;0,18639271
-3,54101522;-0,37278542
-3,53601522;0,18639271
-3,53101522;-0,37278542
-3,52601522;0,37278542
-3,52101522;0,18639271
-3,51601522;0,00000000
-3,51101522;0,93319386
-3,50601522;-0,37278542
-3,50101522;-0,37278542
-3,49601522;0,93319386
-3,49101522;0,93319386
-3,48601522;0,37278542
-3,48101522;-0,37278542
-3,47601522;-0,18639271
-3,47101522;0,37278542
-3,46601522;0,00000000
-3,46101522;0,00000000
-3,45601522;-0,18639271
-3,45101522;-0,37278542
-3,44601522;0,18639271
-3,44101522;0,18639271
-3,43601522;1,11958659
-3,43101522;0,00000000
-3,42601522;0,37278542
-3,42101522;-0,55979329
-3,41601522;-0,37278542
-3,41101522;-0,37278542
-3,40601522;-0,74618596
-3,40101522;0,00000000
-3,39601522;1,86638772
-3,39101522;-0,37278542
-3,38601522;0,37278542
-3,38101522;-0,37278542
-3,37601522;0,00000000
-3,37101522;0,00000000
-3,36601522;-0,37278542
-3,36101522;0,18639271
-3,35601522;0,18639271
-3,35101522;0,18639271
-3,34601522;0,74618596
-3,34101522;0,18639271
-3,33601522;-0,37278542
-3,33101522;0,55979329
-3,32601522;-0,74618596
-3,32101522;0,18639271
-3,31601522;-1,86638772
-3,31101522;0,18639271
-3,30601522;1,86638772
-3,30101523;0,93319386
-3,29601523;0,37278542
-3,29101523;-2,23978829
-3,28601523;0,18639271
-3,28101523;0,00000000
-3,27601523;0,18639271
-3,27101523;0,00000000
-3,26601523;-1,11958659
-3,26101523;0,93319386
-3,25601523;0,18639271
-3,25101523;0,00000000
-3,24601523;-0,55979329
-3,24101523;1,49298716
-3,23601523;0,00000000
-3,23101523;-0,37278542
-3,22601523;-0,18639271
-3,22101523;-0,37278542
-3,21601523;0,18639271
-3,21101523;0,00000000
-3,20601523;0,37278542
-3,20101523;-0,55979329
-3,19601523;0,18639271
-3,19101523;0,18639271
-3,18601523;0,00000000
-3,18101523;1,11958659
-3,17601523;-0,37278542
-3,17101523;0,55979329
-3,16601523;0,74618596
-3,16101523;-0,37278542
-3,15601523;-0,55979329
-3,15101523;0,93319386
-3,14601523;-0,37278542
-3,14101523;0,55979329
-3,13601523;0,55979329
-3,13101523;0,55979329
-3,12601523;-0,37278542
-3,12101523;-0,18639271
-3,11601523;0,00000000
-3,11101523;0,37278542
-3,10601523;-0,74618596
-3,10101523;-0,37278542
-3,09601523;0,00000000
-3,09101523;0,18639271
-3,08601523;0,55979329
-3,08101523;-0,37278542
-3,07601523;-0,74618596
-3,07101523;0,37278542
-3,06601523;0,00000000
-3,06101523;-1,30659437
-3,05601523;0,18639271
-3,05101523;0,18639271
-3,04601523;0,55979329
-3,04101523;0,00000000
-3,03601523;0,37278542
-3,03101523;0,18639271
-3,02601523;-0,18639271
-3,02101523;0,00000000
-3,01601523;-0,37278542
-3,01101523;0,55979329
-3,00601523;0,37278542
-3,00101523;0,37278542
-2,99601523;-0,37278542
-2,99101523;0,37278542
-2,98601523;-1,86638772
-2,98101523;0,00000000
-2,97601523;-0,37278542
-2,97101523;0,18639271
-2,96601523;-0,74618596
-2,96101523;0,00000000
-2,95601523;0,00000000
-2,95101523;0,55979329
-2,94601523;0,18639271
-2,94101523;-0,37278542
-2,93601523;-0,37278542
-2,93101523;-0,37278542
-2,92601523;0,18639271
-2,92101523;0,74618596
-2,91601523;-0,18639271
-2,91101523;0,37278542
-2,90601523;0,00000000
-2,90101524;0,18639271
-2,89601524;0,18639271
-2,89101524;0,55979329
-2,88601524;0,18639271
-2,88101524;-0,37278542
-2,87601524;-0,37278542
-2,87101524;0,00000000
-2,86601524;0,55979329
-2,86101524;0,74618596
-2,85601524;0,93319386
-2,85101524;-0,37278542
-2,84601524;0,18639271
-2,84101524;-0,37278542
-2,83601524;-0,37278542
-2,83101524;0,18639271
-2,82601524;-0,18639271
-2,82101524;-0,55979329
-2,81601524;-0,37278542
-2,81101524;0,00000000
-2,80601524;0,00000000
-2,80101524;0,37278542
-2,79601524;0,18639271
-2,79101524;-0,18639271
-2,78601524;0,18639271
-2,78101524;0,93319386
-2,77601524;0,00000000
-2,77101524;0,00000000
-2,76601524;0,18639271
-2,76101524;0,74618596
-2,75601524;0,00000000
-2,75101524;0,00000000
-2,74601524;0,18639271
-2,74101524;1,11958659
-2,73601524;-0,18639271
-2,73101524;-0,37278542
-2,72601524;0,37278542
-2,72101524;0,37278542
-2,71601524;-0,37278542
-2,71101524;-0,55979329
-2,70601524;0,00000000
-2,70101524;-0,74618596
-2,69601524;-0,18639271
-2,69101524;1,11958659
-2,68601524;0,74618596
-2,68101524;0,00000000
-2,67601524;0,18639271
-2,67101524;0,00000000
-2,66601524;0,55979329
-2,66101524;0,37278542
-2,65601524;0,18639271
-2,65101524;-0,37278542
-2,64601524;-0,37278542
-2,64101524;0,00000000
-2,63601524;-0,55979329
-2,63101524;0,55979329
-2,62601524;-0,37278542
-2,62101524;-0,18639271
-2,61601524;0,18639271
-2,61101524;0,00000000
-2,60601524;0,00000000
-2,60101524;0,00000000
-2,59601524;0,18639271
-2,59101524;0,00000000
-2,58601524;0,00000000
-2,58101524;0,00000000
-2,57601524;-0,18639271
-2,57101524;0,37278542
-2,56601524;0,37278542
-2,56101524;-0,18639271
-2,55601524;0,18639271
-2,55101524;-0,37278542
-2,54601524;-0,37278542
-2,54101524;0,00000000
-2,53601524;-0,18639271
-2,53101524;0,00000000
-2,52601524;0,18639271
-2,52101524;-0,37278542
-2,51601524;0,18639271
-2,51101524;-0,37278542
-2,50601525;-0,55979329
-2,50101525;0,18639271
-2,49601525;-0,37278542
-2,49101525;0,18639271
-2,48601525;0,55979329
-2,48101525;0,00000000
-2,47601525;-0,74618596
-2,47101525;0,37278542
-2,46601525;-0,18639271
-2,46101525;0,18639271
-2,45601525;-0,37278542
-2,45101525;-0,55979329
-2,44601525;0,18639271
-2,44101525;0,18639271
-2,43601525;0,18639271
-2,43101525;0,00000000
-2,42601525;-0,18639271
-2,42101525;0,55979329
-2,41601525;0,18639271
-2,41101525;0,55979329
-2,40601525;0,37278542
-2,40101525;0,00000000
-2,39601525;0,55979329
-2,39101525;-0,37278542
-2,38601525;-0,18639271
-2,38101525;0,18639271
-2,37601525;0,00000000
-2,37101525;-0,74618596
-2,36601525;-0,37278542
-2,36101525;0,18639271
-2,35601525;0,18639271
-2,35101525;-0,18639271
-2,34601525;-0,55979329
-2,34101525;-0,37278542
-2,33601525;0,18639271
-2,33101525;0,55979329
-2,32601525;-0,55979329
-2,32101525;0,18639271
-2,31601525;0,55979329
-2,31101525;0,00000000
-2,30601525;-0,55979329
-2,30101525;-0,74618596
-2,29601525;0,00000000
-2,29101525;-0,93319386
-2,28601525;0,18639271
-2,28101525;0,18639271
-2,27601525;-0,18639271
-2,27101525;-0,18639271
-2,26601525;-0,55979329
-2,26101525;0,18639271
-2,25601525;0,55979329
-2,25101525;-0,37278542
-2,24601525;0,18639271
-2,24101525;0,18639271
-2,23601525;0,18639271
-2,23101525;0,00000000
-2,22601525;0,00000000
-2,22101525;-0,37278542
-2,21601525;0,00000000
-2,21101525;0,00000000
-2,20601525;-0,55979329
-2,20101525;-0,18639271
-2,19601525;0,18639271
-2,19101525;0,18639271
-2,18601525;0,18639271
-2,18101525;0,00000000
-2,17601525;-0,74618596
-2,17101525;0,93319386
-2,16601525;0,55979329
-2,16101525;-0,18639271
-2,15601525;0,18639271
-2,15101525;0,00000000
-2,14601525;-0,18639271
-2,14101525;0,18639271
-2,13601525;0,18639271
-2,13101525;0,37278542
-2,12601525;-0,37278542
-2,12101525;0,00000000
-2,11601525;0,00000000
-2,11101526;0,18639271
-2,10601526;-0,37278542
-2,10101526;-1,11958659
-2,09601526;0,55979329
-2,09101526;1,11958659
-2,08601526;0,00000000
-2,08101526;1,11958659
-2,07601526;-1,11958659
-2,07101526;-0,55979329
-2,06601526;0,00000000
-2,06101526;2,05339551
-2,05601526;-0,18639271
-2,05101526;0,00000000
-2,04601526;-1,11958659
-2,04101526;0,18639271
-2,03601526;-0,74618596
-2,03101526;0,18639271
-2,02601526;-0,55979329
-2,02101526;0,55979329
-2,01601526;0,55979329
-2,01101526;-0,74618596
-2,00601526;0,18639271
-2,00101526;-0,37278542
-1,99601526;0,18639271
-1,99101526;0,93319386
-1,98601526;0,18639271
-1,98101526;0,55979329
-1,97601526;0,55979329
-1,97101526;0,37278542
-1,96601526;-0,37278542
-1,96101526;0,00000000
-1,95601526;0,18639271
-1,95101526;-0,37278542
-1,94601526;-0,74618596
-1,94101526;0,00000000
-1,93601526;-0,74618596
-1,93101526;0,37278542
-1,92601526;0,18639271
-1,92101526;-0,55979329
-1,91601526;0,55979329
-1,91101526;0,55979329
-1,90601526;0,74618596
-1,90101526;-2,23978829
-1,89601526;0,93319386
-1,89101526;1,49298716
-1,88601526;1,11958659
-1,88101526;0,00000000
-1,87601526;-2,05339551
-1,87101526;-0,55979329
-1,86601526;0,00000000
-1,86101526;0,18639271
-1,85601526;0,74618596
-1,85101526;0,18639271
-1,84601526;0,55979329
-1,84101526;0,00000000
-1,83601526;0,00000000
-1,83101526;0,18639271
-1,82601526;0,55979329
-1,82101526;0,93319386
-1,81601526;-0,37278542
-1,81101526;0,00000000
-1,80601526;1,11958659
-1,80101526;0,55979329
-1,79601526;0,74618596
-1,79101526;0,18639271
-1,78601526;0,00000000
-1,78101526;0,55979329
-1,77601526;0,18639271
-1,77101526;0,18639271
-1,76601526;0,18639271
-1,76101526;0,00000000
-1,75601526;-0,74618596
-1,75101526;-0,55979329
-1,74601526;0,37278542
-1,74101526;0,55979329
-1,73601526;-0,18639271
-1,73101526;-0,55979329
-1,72601526;0,00000000
-1,72101526;-0,55979329
-1,71601527;-0,37278542
-1,71101527;0,55979329
-1,70601527;0,00000000
-1,70101527;0,37278542
-1,69601527;0,18639271
-1,69101527;0,00000000
-1,68601527;-0,55979329
-1,68101527;0,55979329
-1,67601527;0,93319386
-1,67101527;0,18639271
-1,66601527;0,18639271
-1,66101527;-0,18639271
-1,65601527;0,18639271
-1,65101527;-0,37278542
-1,64601527;0,00000000
-1,64101527;0,00000000
-1,63601527;-0,37278542
-1,63101527;-0,74618596
-1,62601527;0,37278542
-1,62101527;0,18639271
-1,61601527;-0,37278542
-1,61101527;0,55979329
-1,60601527;0,00000000
-1,60101527;0,18639271
-1,59601527;-0,93319386
-1,59101527;0,00000000
-1,58601527;-0,55979329
-1,58101527;0,55979329
-1,57601527;0,37278542
-1,57101527;0,55979329
-1,56601527;0,74618596
-1,56101527;0,18639271
-1,55601527;0,00000000
-1,55101527;0,18639271
-1,54601527;0,93319386
-1,54101527;0,93319386
-1,53601527;0,37278542
-1,53101527;0,18639271
-1,52601527;0,93319386
-1,52101527;-0,37278542
-1,51601527;0,00000000
-1,51101527;0,00000000
-1,50601527;-0,18639271
-1,50101527;0,18639271
-1,49601527;0,18639271
-1,49101527;0,74618596
-1,48601527;0,18639271
-1,48101527;0,00000000
-1,47601527;0,37278542
-1,47101527;0,37278542
-1,46601527;0,55979329
-1,46101527;0,18639271
-1,45601527;0,74618596
-1,45101527;0,18639271
-1,44601527;1,11958659
-1,44101527;-0,37278542
-1,43601527;0,00000000
-1,43101527;-0,37278542
-1,42601527;1,11958659
-1,42101527;0,18639271
-1,41601527;0,74618596
-1,41101527;0,18639271
-1,40601527;-1,11958659
-1,40101527;0,55979329
-1,39601527;0,74618596
-1,39101527;0,18639271
-1,38601527;0,37278542
-1,38101527;0,55979329
-1,37601527;0,18639271
-1,37101527;0,00000000
-1,36601527;-0,18639271
-1,36101527;-0,37278542
-1,35601527;0,00000000
-1,35101527;0,00000000
-1,34601527;0,00000000
-1,34101527;0,18639271
-1,33601527;0,00000000
-1,33101527;-0,74618596
-1,32601527;-0,18639271
-1,32101528;-0,37278542
-1,31601528;0,55979329
-1,31101528;0,00000000
-1,30601528;0,18639271
-1,30101528;0,18639271
-1,29601528;0,18639271
-1,29101528;0,93319386
-1,28601528;0,74618596
-1,28101528;0,18639271
-1,27601528;1,11958659
-1,27101528;1,49298716
-1,26601528;-1,11958659
-1,26101528;0,00000000
-1,25601528;0,55979329
-1,25101528;-0,37278542
-1,24601528;0,37278542
-1,24101528;-0,37278542
-1,23601528;-0,18639271
-1,23101528;0,74618596
-1,22601528;0,18639271
-1,22101528;0,74618596
-1,21601528;0,55979329
-1,21101528;-0,74618596
-1,20601528;0,00000000
-1,20101528;-0,37278542
-1,19601528;0,55979329
-1,19101528;-0,18639271
-1,18601528;0,18639271
-1,18101528;0,00000000
-1,17601528;-0,37278542
-1,17101528;-0,55979329
-1,16601528;0,37278542
-1,16101528;0,00000000
-1,15601528;0,55979329
-1,15101528;-0,18639271
-1,14601528;-0,37278542
-1,14101528;-0,18639271
-1,13601528;1,49298716
-1,13101528;0,18639271
-1,12601528;-0,18639271
-1,12101528;0,37278542
-1,11601528;0,93319386
-1,11101528;0,18639271
-1,10601528;0,00000000
-1,10101528;-0,37278542
-1,09601528;1,11958659
-1,09101528;0,00000000
-1,08601528;0,74618596
-1,08101528;0,00000000
-1,07601528;0,74618596
-1,07101528;-0,37278542
-1,06601528;0,00000000
-1,06101528;1,11958659
-1,05601528;0,18639271
-1,05101528;0,00000000
-1,04601528;0,93319386
-1,04101528;0,18639271
-1,03601528;-0,37278542
-1,03101528;0,74618596
-1,02601528;-0,55979329
-1,02101528;-14,18799210
-1,01601528;-0,18639271
-1,01101528;0,00000000
-1,00601528;-0,37278542
-1,00101528;0,00000000
-0,99601528;0,18639271
-0,99101528;0,00000000
-0,98601528;0,18639271
-0,98101528;0,37278542
-0,97601528;0,74618596
-0,97101528;0,00000000
-0,96601528;-0,37278542
-0,96101528;-0,37278542
-0,95601528;0,37278542
-0,95101528;0,00000000
-0,94601528;0,00000000
-0,94101528;0,00000000
-0,93601528;0,00000000
-0,93101528;0,37278542
-0,92601529;0,55979329
-0,92101529;0,18639271
-0,91601529;0,00000000
-0,91101529;0,55979329
-0,90601529;0,18639271
-0,90101529;0,18639271
-0,89601529;0,55979329
-0,89101529;1,49298716
-0,88601529;-2,23978829
-0,88101529;0,00000000
-0,87601529;0,00000000
-0,87101529;0,18639271
-0,86601529;-0,74618596
-0,86101529;-0,55979329
-0,85601529;-0,37278542
-0,85101529;-0,37278542
-0,84601529;1,11958659
-0,84101529;0,00000000
-0,83601529;0,37278542
-0,83101529;0,00000000
-0,82601529;0,55979329
-0,82101529;-0,18639271
-0,81601529;-0,37278542
-0,81101529;0,00000000
-0,80601529;-0,37278542
-0,80101529;0,00000000
-0,79601529;0,00000000
-0,79101529;0,18639271
-0,78601529;0,55979329
-0,78101529;0,55979329
-0,77601529;-0,18639271
-0,77101529;0,18639271
-0,76601529;-0,18639271
-0,76101529;0,18639271
-0,75601529;0,00000000
-0,75101529;-0,18639271
-0,74601529;-0,37278542
-0,74101529;0,74618596
-0,73601529;0,37278542
-0,73101529;1,11958659
-0,72601529;0,55979329
-0,72101529;0,00000000
-0,71601529;0,18639271
-0,71101529;-0,55979329
-0,70601529;0,00000000
-0,70101529;-0,37278542
-0,69601529;0,00000000
-0,69101529;-0,37278542
-0,68601529;0,93319386
-0,68101529;0,18639271
-0,67601529;1,11958659
-0,67101529;0,00000000
-0,66601529;0,00000000
-0,66101529;-0,55979329
-0,65601529;0,55979329
-0,65101529;0,18639271
-0,64601529;0,37278542
-0,64101529;-0,55979329
-0,63601529;0,18639271
-0,63101529;0,55979329
-0,62601529;0,55979329
-0,62101529;-0,18639271
-0,61601529;-0,37278542
-0,61101529;0,93319386
-0,60601529;-0,37278542
-0,60101529;-0,93319386
-0,59601529;-0,37278542
-0,59101529;0,00000000
-0,58601529;-0,37278542
-0,58101529;1,49298716
-0,57601529;-0,18639271
-0,57101529;0,00000000
-0,56601529;-0,37278542
-0,56101529;0,55979329
-0,55601529;0,93319386
-0,55101529;-0,37278542
-0,54601529;0,18639271
-0,54101529;0,18639271
-0,53601529;-0,74618596
-0,53101529;0,00000000
-0,52601530;0,18639271
-0,52101530;0,18639271
-0,51601530;-0,18639271
-0,51101530;-0,18639271
-0,50601530;0,18639271
-0,50101530;0,74618596
-0,49601530;0,37278542
-0,49101530;-0,37278542
-0,48601530;0,55979329
-0,48101530;0,00000000
-0,47601530;-1,30659437
-0,47101530;-0,37278542
-0,46601530;0,55979329
-0,46101530;-0,55979329
-0,45601530;0,00000000
-0,45101530;0,37278542
-0,44601530;0,74618596
-0,44101530;0,74618596
-0,43601530;0,00000000
-0,43101530;0,55979329
-0,42601530;0,18639271
-0,42101530;-0,55979329
-0,41601530;0,18639271
-0,41101530;-0,37278542
-0,40601530;0,37278542
-0,40101530;0,55979329
-0,39601530;0,55979329
-0,39101530;0,37278542
-0,38601530;0,55979329
-0,38101530;0,00000000
-0,37601530;0,00000000
-0,37101530;-0,37278542
-0,36601530;0,55979329
-0,36101530;0,55979329
-0,35601530;1,11958659
-0,35101530;0,00000000
-0,34601530;0,74618596
-0,34101530;0,00000000
-0,33601530;0,93319386
-0,33101530;-0,37278542
-0,32601530;-0,55979329
-0,32101530;-0,37278542
-0,31601530;0,74618596
-0,31101530;-0,37278542
-0,30601530;0,18639271
-0,30101530;0,93319386
-0,29601530;0,00000000
-0,29101530;0,55979329
-0,28601530;0,00000000
-0,28101530;0,37278542
-0,27601530;-1,11958659
-0,27101530;0,00000000
-0,26601530;-0,18639271
-0,26101530;1,49298716
-0,25601530;-0,55979329
-0,25101530;-0,18639271
-0,24601530;0,37278542
-0,24101530;0,55979329
-0,23601530;0,55979329
-0,23101530;0,55979329
-0,22601530;0,18639271
-0,22101530;0,93319386
-0,21601530;-0,18639271
-0,21101530;0,37278542
-0,20601530;0,18639271
-0,20101530;0,00000000
-0,19601530;0,18639271
-0,19101530;-0,37278542
-0,18601530;0,55979329
-0,18101530;0,18639271
-0,17601530;0,00000000
-0,17101530;0,18639271
-0,16601530;0,18639271
-0,16101530;0,55979329
-0,15601530;-0,93319386
-0,15101530;0,00000000
-0,14601530;0,55979329
-0,14101530;0,18639271
-0,13601530;0,18639271
-0,13101531;1,11958659
-0,12601531;0,00000000
-0,12101531;0,93319386
-0,11601531;0,00000000
-0,11101531;0,00000000
-0,10601531;0,55979329
-0,10101531;0,00000000
-0,09601531;0,00000000
-0,09101531;0,55979329
-0,08601531;0,00000000
-0,08101531;0,18639271
-0,07601531;-0,74618596
-0,07101531;-0,18639271
-0,06601531;-0,18639271
-0,06101531;-1,30659437
-0,05601531;0,18639271
-0,05101531;0,00000000
-0,04601531;-0,55979329
-0,04101531;0,18639271
-0,03601531;0,18639271
-0,03101531;0,18639271
-0,02601531;0,18639271
-0,02101531;0,00000000
-0,01601531;0,00000000
-0,01101531;0,55979329
-0,00601531;0,18639271
-0,00101531;0,18639271
0,00398469;12,13459587
0,00898469;0,55979329
0,01398469;-0,93319386
0,01898469;0,18639271
0,02398469;-0,18639271
0,02898469;0,18639271
0,03398469;0,37278542
0,03898469;1,86638772
0,04398469;0,37278542
0,04898469;0,55979329
0,05398469;-0,18639271
0,05898469;0,00000000
0,06398469;0,74618596
0,06898469;-0,18639271
0,07398469;-0,18639271
0,07898469;-0,18639271
0,08398469;0,18639271
0,08898469;0,18639271
0,09398469;-0,55979329
0,09898469;0,00000000
0,10398469;-0,55979329
0,10898469;0,00000000
0,11398469;0,00000000
0,11898469;0,55979329
0,12398469;-0,37278542
0,12898469;0,00000000
0,13398469;-0,18639271
0,13898469;0,37278542
0,14398469;-0,18639271
0,14898469;0,55979329
0,15398469;-0,74618596
0,15898469;0,18639271
0,16398469;-0,37278542
0,16898469;-0,18639271
0,17398469;0,00000000
0,17898469;0,18639271
0,18398469;0,00000000
0,18898469;-0,18639271
0,19398469;-0,37278542
0,19898469;0,00000000
0,20398469;0,37278542
0,20898469;0,18639271
0,21398469;0,37278542
0,21898469;0,55979329
0,22398469;-0,37278542
0,22898469;-0,37278542
0,23398469;-0,55979329
0,23898469;0,18639271
0,24398469;0,18639271
0,24898469;-0,18639271
0,25398469;0,55979329
0,25898469;0,18639271
0,26398468;0,93319386
0,26898468;0,37278542
0,27398468;-0,18639271
0,27898468;0,18639271
0,28398468;0,18639271
0,28898468;-0,37278542
0,29398468;0,37278542
0,29898468;-0,37278542
0,30398468;0,18639271
0,30898468;-0,74618596
0,31398468;0,18639271
0,31898468;-0,37278542
0,32398468;0,55979329
0,32898468;0,18639271
0,33398468;0,18639271
0,33898468;0,37278542
0,34398468;0,00000000
0,34898468;0,37278542
0,35398468;0,00000000
0,35898468;0,93319386
0,36398468;0,00000000
0,36898468;1,49298716
0,37398468;0,55979329
0,37898468;0,00000000
0,38398468;0,18639271
0,38898468;-0,37278542
0,39398468;0,55979329
0,39898468;-0,37278542
0,40398468;-0,37278542
0,40898468;0,37278542
0,41398468;0,18639271
0,41898468;0,00000000
0,42398468;0,18639271
0,42898468;0,18639271
0,43398468;0,00000000
0,43898468;-0,18639271
0,44398468;0,18639271
0,44898468;0,55979329
0,45398468;0,18639271
0,45898468;0,00000000
0,46398468;0,00000000
0,46898468;0,00000000
0,47398468;0,37278542
0,47898468;0,37278542
0,48398468;0,18639271
0,48898468;0,37278542
0,49398468;0,18639271
0,49898468;0,00000000
0,50398468;-0,93319386
0,50898468;0,74618596
0,51398468;0,18639271
0,51898468;0,55979329
0,52398468;0,00000000
0,52898468;0,55979329
0,53398468;0,18639271
0,53898468;0,55979329
0,54398468;0,93319386
0,54898468;0,55979329
0,55398468;0,00000000
0,55898468;-0,37278542
0,56398468;-0,18639271
0,56898468;0,74618596
0,57398468;0,18639271
0,57898468;0,55979329
0,58398468;0,18639271
0,58898468;0,00000000
0,59398468;0,00000000
0,59898468;0,37278542
0,60398468;0,00000000
0,60898468;0,37278542
0,61398468;0,55979329
0,61898468;0,55979329
0,62398468;0,00000000
0,62898468;0,00000000
0,63398468;0,18639271
0,63898468;1,30659437
0,64398468;-0,55979329
0,64898468;0,18639271
0,65398468;0,00000000
0,65898467;-0,37278542
0,66398467;-0,37278542
0,66898467;0,55979329
0,67398467;0,00000000
0,67898467;1,30659437
0,68398467;0,00000000
0,68898467;0,18639271
0,69398467;-0,18639271
0,69898467;0,18639271
0,70398467;0,18639271
0,70898467;0,93319386
0,71398467;0,55979329
0,71898467;0,18639271
0,72398467;1,67999494
0,72898467;0,00000000
0,73398467;-0,18639271
0,73898467;-0,93319386
0,74398467;0,00000000
0,74898467;0,37278542
0,75398467;0,93319386
0,75898467;0,00000000
0,76398467;0,18639271
0,76898467;0,00000000
0,77398467;-0,93319386
0,77898467;-0,18639271
0,78398467;0,00000000
0,78898467;0,18639271
0,79398467;-0,18639271
0,79898467;0,00000000
0,80398467;0,55979329
0,80898467;-0,74618596
0,81398467;0,00000000
0,81898467;-0,18639271
0,82398467;0,00000000
0,82898467;0,18639271
0,83398467;0,74618596
0,83898467;0,37278542
0,84398467;0,18639271
0,84898467;0,55979329
0,85398467;0,74618596
0,85898467;0,18639271
0,86398467;0,37278542
0,86898467;0,00000000
0,87398467;0,00000000
0,87898467;0,18639271
0,88398467;0,18639271
0,88898467;0,18639271
0,89398467;-0,37278542
0,89898467;-0,18639271
0,90398467;-0,37278542
0,90898467;0,00000000
0,91398467;-0,74618596
0,91898467;0,37278542
0,92398467;0,18639271
0,92898467;0,00000000
0,93398467;0,00000000
0,93898467;-0,18639271
0,94398467;-0,55979329
0,94898467;-0,37278542
0,95398467;0,00000000
0,95898467;0,00000000
0,96398467;0,00000000
0,96898467;0,18639271
0,97398467;0,74618596
0,97898467;0,18639271
0,98398467;0,00000000
0,98898467;0,55979329
0,99398467;-0,37278542
0,99898467;0,37278542
1,00398467;0,00000000
1,00898467;-0,37278542
1,01398467;-0,37278542
1,01898467;0,18639271
1,02398467;-0,37278542
1,02898467;0,18639271
1,03398467;0,00000000
1,03898467;0,18639271
1,04398467;0,55979329
1,04898467;0,18639271
1,05398466;0,18639271
1,05898466;0,00000000
1,06398466;2,42679620
1,06898466;-0,37278542
1,07398466;0,18639271
1,07898466;1,30659437
1,08398466;-0,74618596
1,08898466;1,11958659
1,09398466;0,55979329
1,09898466;0,93319386
1,10398466;0,18639271
1,10898466;0,74618596
1,11398466;0,00000000
1,11898466;0,55979329
1,12398466;0,18639271
1,12898466;0,18639271
1,13398466;0,18639271
1,13898466;0,55979329
1,14398466;0,00000000
1,14898466;-0,37278542
1,15398466;-0,74618596
1,15898466;0,00000000
1,16398466;-1,11958659
1,16898466;-0,37278542
1,17398466;0,18639271
1,17898466;-0,37278542
1,18398466;0,18639271
1,18898466;0,18639271
1,19398466;0,00000000
1,19898466;0,37278542
1,20398466;0,18639271
1,20898466;-0,74618596
1,21398466;-0,18639271
1,21898466;0,00000000
1,22398466;0,18639271
1,22898466;0,37278542
1,23398466;0,00000000
1,23898466;0,74618596
1,24398466;-0,37278542
1,24898466;0,37278542
1,25398466;0,00000000
1,25898466;-0,74618596
1,26398466;-0,74618596
1,26898466;0,55979329
1,27398466;0,18639271
1,27898466;0,00000000
1,28398466;0,00000000
1,28898466;0,00000000
1,29398466;-0,37278542
1,29898466;0,18639271
1,30398466;6,16018677
1,30898466;0,55979329
1,31398466;-0,37278542
1,31898466;0,00000000
1,32398466;0,18639271
1,32898466;0,00000000
1,33398466;0,00000000
1,33898466;0,00000000
1,34398466;0,18639271
1,34898466;-0,37278542
1,35398466;0,18639271
1,35898466;0,37278542
1,36398466;-0,74618596
1,36898466;0,93319386
1,37398466;0,18639271
1,37898466;0,00000000
1,38398466;0,37278542
1,38898466;0,18639271
1,39398466;0,00000000
1,39898466;0,18639271
1,40398466;-0,55979329
1,40898466;0,00000000
1,41398466;0,00000000
1,41898466;0,74618596
1,42398466;0,00000000
1,42898466;0,00000000
1,43398466;0,18639271
1,43898466;0,18639271
1,44398466;0,00000000
1,44898466;0,55979329
1,45398465;0,00000000
1,45898465;0,37278542
1,46398465;0,00000000
1,46898465;0,93319386
1,47398465;0,18639271
1,47898465;-0,18639271
1,48398465;0,37278542
1,48898465;0,93319386
1,49398465;0,55979329
1,49898465;-0,18639271
1,50398465;0,37278542
1,50898465;0,93319386
1,51398465;-0,18639271
1,51898465;0,37278542
1,52398465;-0,18639271
1,52898465;0,55979329
1,53398465;0,00000000
1,53898465;-0,93319386
1,54398465;-1,11958659
1,54898465;-0,74618596
1,55398465;0,37278542
1,55898465;-0,37278542
1,56398465;-0,55979329
1,56898465;0,93319386
1,57398465;0,18639271
1,57898465;-0,18639271
1,58398465;-0,55979329
1,58898465;0,00000000
1,59398465;0,18639271
1,59898465;0,00000000
1,60398465;-0,93319386
1,60898465;0,18639271
1,61398465;-0,37278542
1,61898465;0,37278542
1,62398465;0,55979329
1,62898465;1,11958659
1,63398465;0,18639271
1,63898465;0,93319386
1,64398465;-0,37278542
1,64898465;0,00000000
1,65398465;0,18639271
1,65898465;0,55979329
1,66398465;0,55979329
1,66898465;0,18639271
1,67398465;0,18639271
1,67898465;0,18639271
1,68398465;-0,18639271
1,68898465;0,37278542
1,69398465;0,18639271
1,69898465;0,00000000
1,70398465;0,00000000
1,70898465;0,00000000
1,71398465;0,18639271
1,71898465;-0,37278542
1,72398465;0,55979329
1,72898465;0,18639271
1,73398465;-0,74618596
1,73898465;0,37278542
1,74398465;0,18639271
1,74898465;0,00000000
1,75398465;-0,74618596
1,75898465;-0,37278542
1,76398465;0,00000000
1,76898465;0,00000000
1,77398465;0,00000000
1,77898465;0,00000000
1,78398465;0,00000000
1,78898465;0,18639271
1,79398465;0,55979329
1,79898465;-0,37278542
1,80398465;-0,37278542
1,80898465;-0,37278542
1,81398465;-0,55979329
1,81898465;-0,18639271
1,82398465;-0,37278542
1,82898465;-0,18639271
1,83398465;0,18639271
1,83898465;0,00000000
1,84398465;0,18639271
1,84898464;-0,74618596
1,85398464;0,55979329
1,85898464;-0,74618596
1,86398464;-0,74618596
1,86898464;0,00000000
1,87398464;-0,18639271
1,87898464;0,00000000
1,88398464;0,00000000
1,88898464;-0,55979329
1,89398464;0,00000000
1,89898464;-0,74618596
1,90398464;0,55979329
1,90898464;0,00000000
1,91398464;0,37278542
1,91898464;-0,18639271
1,92398464;1,11958659
1,92898464;-0,74618596
1,93398464;0,37278542
1,93898464;0,18639271
1,94398464;0,74618596
1,94898464;-0,55979329
1,95398464;-0,18639271
1,95898464;0,00000000
1,96398464;-0,37278542
1,96898464;-1,11958659
1,97398464;-0,74618596
1,97898464;0,00000000
1,98398464;-0,37278542
1,98898464;0,37278542
1,99398464;-0,18639271
1,99898464;-0,18639271
2,00398464;0,55979329
2,00898464;-0,74618596
2,01398464;-0,55979329
2,01898464;-0,37278542
2,02398464;-0,55979329
2,02898464;0,00000000
2,03398464;-0,18639271
2,03898464;-0,37278542
2,04398464;0,18639271
2,04898464;-0,18639271
2,05398464;-0,18639271
2,05898464;0,00000000
2,06398464;0,37278542
2,06898464;-0,74618596
2,07398464;-0,74618596
2,07898464;0,00000000
2,08398464;-0,37278542
2,08898464;-0,37278542
2,09398464;0,18639271
2,09898464;-0,37278542
2,10398464;0,00000000
2,10898464;0,00000000
2,11398464;0,00000000
2,11898464;0,18639271
2,12398464;0,18639271
2,12898464;-0,74618596
2,13398464;-0,18639271
2,13898464;0,93319386
2,14398464;1,11958659
2,14898464;0,18639271
2,15398464;0,18639271
2,15898464;-0,18639271
2,16398464;-0,18639271
2,16898464;0,00000000
2,17398464;0,18639271
2,17898464;-0,37278542
2,18398464;0,55979329
2,18898464;0,00000000
2,19398464;-0,37278542
2,19898464;-0,74618596
2,20398464;0,37278542
2,20898464;0,18639271
2,21398464;0,00000000
2,21898464;-0,37278542
2,22398464;0,18639271
2,22898464;0,18639271
2,23398464;-0,18639271
2,23898464;2,42679620
2,24398463;0,18639271
2,24898463;-0,55979329
2,25398463;0,37278542
2,25898463;0,18639271
2,26398463;0,37278542
2,26898463;0,74618596
2,27398463;0,00000000
2,27898463;0,18639271
2,28398463;-0,37278542
2,28898463;0,00000000
2,29398463;-0,37278542
2,29898463;0,00000000
2,30398463;0,18639271
2,30898463;-0,18639271
2,31398463;-0,74618596
2,31898463;-0,18639271
2,32398463;0,00000000
2,32898463;-0,18639271
2,33398463;-0,37278542
2,33898463;1,86638772
2,34398463;0,55979329
2,34898463;0,18639271
2,35398463;0,00000000
2,35898463;0,00000000
2,36398463;0,18639271
2,36898463;-0,18639271
2,37398463;0,00000000
2,37898463;0,18639271
2,38398463;0,74618596
2,38898463;0,00000000
2,39398463;0,55979329
2,39898463;0,55979329
2,40398463;0,00000000
2,40898463;0,18639271
2,41398463;0,93319386
2,41898463;0,00000000
2,42398463;0,00000000
2,42898463;0,18639271
2,43398463;0,00000000
2,43898463;0,00000000
2,44398463;0,18639271
2,44898463;0,18639271
2,45398463;0,55979329
2,45898463;0,55979329
2,46398463;0,37278542
2,46898463;-0,37278542
2,47398463;0,55979329
2,47898463;0,00000000
2,48398463;0,55979329
2,48898463;0,00000000
2,49398463;0,74618596
2,49898463;0,00000000
2,50398463;0,18639271
2,50898463;-0,74618596
2,51398463;0,00000000
2,51898463;0,55979329
2,52398463;0,00000000
2,52898463;0,18639271
2,53398463;-0,55979329
2,53898463;1,67999494
2,54398463;0,00000000
2,54898463;0,74618596
2,55398463;-0,37278542
2,55898463;0,55979329
2,56398463;0,37278542
2,56898463;0,55979329
2,57398463;0,37278542
2,57898463;0,18639271
2,58398463;0,93319386
2,58898463;0,18639271
2,59398463;-0,74618596
2,59898463;-0,55979329
2,60398463;0,18639271
2,60898463;0,37278542
2,61398463;-0,74618596
2,61898463;-0,18639271
2,62398463;0,37278542
2,62898463;0,55979329
2,63398463;0,55979329
2,63898462;0,55979329
2,64398462;0,00000000
2,64898462;0,00000000
2,65398462;0,55979329
2,65898462;0,55979329
2,66398462;0,55979329
2,66898462;0,00000000
2,67398462;0,18639271
2,67898462;-0,37278542
2,68398462;0,00000000
2,68898462;-0,18639271
2,69398462;0,18639271
2,69898462;0,18639271
2,70398462;0,18639271
2,70898462;-0,55979329
2,71398462;0,37278542
2,71898462;0,18639271
2,72398462;0,18639271
2,72898462;0,55979329
2,73398462;0,55979329
2,73898462;1,86638772
2,74398462;-0,18639271
2,74898462;-0,37278542
2,75398462;0,93319386
2,75898462;0,00000000
2,76398462;0,18639271
2,76898462;0,74618596
2,77398462;0,00000000
2,77898462;0,00000000
2,78398462;0,00000000
2,78898462;0,55979329
2,79398462;0,00000000
2,79898462;0,18639271
2,80398462;0,18639271
2,80898462;-0,93319386
2,81398462;-0,37278542
2,81898462;0,00000000
2,82398462;-0,18639271
2,82898462;0,00000000
2,83398462;0,55979329
2,83898462;0,55979329
2,84398462;0,37278542
2,84898462;-0,18639271
2,85398462;1,11958659
2,85898462;0,00000000
2,86398462;0,18639271
2,86898462;0,55979329
2,87398462;0,18639271
2,87898462;-0,37278542
2,88398462;-0,37278542
2,88898462;0,74618596
2,89398462;0,55979329
2,89898462;0,18639271
2,90398462;-0,55979329
2,90898462;-0,18639271
2,91398462;0,00000000
2,91898462;0,55979329
2,92398462;-0,37278542
2,92898462;-0,55979329
2,93398462;0,55979329
2,93898462;-1,11958659
2,94398462;-0,18639271
2,94898462;0,00000000
2,95398462;-3,17359710
2,95898462;0,74618596
2,96398462;-0,18639271
2,96898462;0,00000000
2,97398462;0,37278542
2,97898462;0,18639271
2,98398462;-0,18639271
2,98898462;0,37278542
2,99398462;0,00000000
2,99898462;0,18639271
3,00398462;0,00000000
3,00898462;-0,37278542
3,01398462;-0,18639271
3,01898462;-0,18639271
3,02398462;-0,55979329
3,02898462;0,93319386
3,03398461;0,00000000
3,03898461;0,18639271
3,04398461;0,55979329
3,04898461;0,00000000
3,05398461;0,18639271
3,05898461;0,55979329
3,06398461;0,00000000
3,06898461;-0,37278542
3,07398461;-0,37278542
3,07898461;0,18639271
3,08398461;0,18639271
3,08898461;0,18639271
3,09398461;-0,37278542
3,09898461;0,18639271
3,10398461;0,18639271
3,10898461;-1,11958659
3,11398461;0,55979329
3,11898461;0,00000000
3,12398461;-0,37278542
3,12898461;0,37278542
3,13398461;0,55979329
3,13898461;-0,74618596
3,14398461;0,37278542
3,14898461;0,00000000
3,15398461;-0,93319386
3,15898461;0,18639271
3,16398461;-0,74618596
3,16898461;0,18639271
3,17398461;-0,18639271
3,17898461;0,18639271
3,18398461;0,18639271
3,18898461;0,00000000
3,19398461;0,00000000
3,19898461;-0,55979329
3,20398461;-0,18639271
3,20898461;0,00000000
3,21398461;0,00000000
3,21898461;0,18639271
3,22398461;-0,37278542
3,22898461;-0,37278542
3,23398461;-0,74618596
3,23898461;-0,37278542
3,24398461;-0,37278542
3,24898461;0,00000000
3,25398461;0,18639271
3,25898461;0,00000000
3,26398461;-0,37278542
3,26898461;0,55979329
3,27398461;-0,18639271
3,27898461;0,18639271
3,28398461;0,74618596
3,28898461;-0,55979329
3,29398461;0,93319386
3,29898461;0,55979329
3,30398461;0,37278542
3,30898461;0,93319386
3,31398461;-0,37278542
3,31898461;2,98658943
3,32398461;0,55979329
3,32898461;0,18639271
3,33398461;-0,74618596
3,33898461;-1,86638772
3,34398461;0,00000000
3,34898461;-0,55979329
3,35398461;-1,49298716
3,35898461;-1,30659437
3,36398461;-0,55979329
3,36898461;0,55979329
3,37398461;-0,18639271
3,37898461;-0,37278542
3,38398461;0,00000000
3,38898461;0,55979329
3,39398461;0,18639271
3,39898461;0,55979329
3,40398461;0,18639271
3,40898461;0,55979329
3,41398461;-0,37278542
3,41898461;-0,18639271
3,42398461;-0,18639271
3,42898460;0,55979329
3,43398460;-0,18639271
3,43898460;0,93319386
3,44398460;0,74618596
3,44898460;0,00000000
3,45398460;-1,67999494
3,45898460;-0,37278542
3,46398460;0,18639271
3,46898460;0,93319386
3,47398460;0,00000000
3,47898460;0,00000000
3,48398460;-0,93319386
3,48898460;-0,55979329
3,49398460;-0,74618596
3,49898460;0,37278542
3,50398460;0,37278542
3,50898460;0,18639271
3,51398460;1,11958659
3,51898460;0,00000000
3,52398460;0,00000000
3,52898460;-0,37278542
3,53398460;0,93319386
3,53898460;-0,55979329
3,54398460;-0,37278542
3,54898460;0,55979329
3,55398460;-0,37278542
3,55898460;0,00000000
3,56398460;0,00000000
3,56898460;0,00000000
3,57398460;0,00000000
3,57898460;0,18639271
3,58398460;0,00000000
3,58898460;0,00000000
3,59398460;0,18639271
3,59898460;-0,74618596
3,60398460;0,00000000
3,60898460;0,00000000
3,61398460;-0,18639271
3,61898460;0,18639271
3,62398460;0,18639271
3,62898460;0,18639271
3,63398460;0,00000000
3,63898460;-0,55979329
3,64398460;0,18639271
3,64898460;0,37278542
3,65398460;0,18639271
3,65898460;0,00000000
3,66398460;0,00000000
3,66898460;0,18639271
3,67398460;-0,74618596
3,67898460;0,55979329
3,68398460;-0,37278542
3,68898460;-0,74618596
3,69398460;0,00000000
3,69898460;0,55979329
3,70398460;-0,37278542
3,70898460;-0,37278542
3,71398460;0,55979329
3,71898460;0,00000000
3,72398460;0,18639271
3,72898460;0,18639271
3,73398460;-0,74618596
3,73898460;-0,18639271
3,74398460;0,55979329
3,74898460;-0,37278542
3,75398460;-0,37278542
3,75898460;0,00000000
3,76398460;0,00000000
3,76898460;0,18639271
3,77398460;-0,18639271
3,77898460;-0,18639271
3,78398460;-11,01439381
3,78898460;0,00000000
3,79398460;-0,55979329
3,79898460;0,55979329
3,80398460;0,74618596
3,80898460;0,18639271
3,81398460;0,00000000
3,81898460;-0,18639271
3,82398460;-0,18639271
3,82898459;0,37278542
3,83398459;0,00000000
3,83898459;0,55979329
3,84398459;0,18639271
3,84898459;0,18639271
3,85398459;0,00000000
3,85898459;0,37278542
3,86398459;-0,37278542
3,86898459;0,37278542
3,87398459;0,18639271
3,87898459;0,18639271
3,88398459;-0,55979329
3,88898459;0,00000000
3,89398459;0,18639271
3,89898459;0,18639271
3,90398459;-0,18639271
3,90898459;0,18639271
3,91398459;-0,18639271
3,91898459;1,86638772
3,92398459;0,00000000
3,92898459;0,00000000
3,93398459;0,55979329
3,93898459;0,00000000
3,94398459;-0,18639271
3,94898459;0,74618596
3,95398459;0,18639271
3,95898459;0,55979329
3,96398459;0,55979329
3,96898459;0,18639271
3,97398459;0,18639271
3,97898459;-0,18639271
3,98398459;-0,55979329
3,98898459;0,18639271
3,99398459;0,00000000
3,99898459;0,37278542
4,00398459;0,37278542
4,00898459;-0,37278542
4,01398459;-0,37278542
4,01898459;0,37278542
4,02398459;0,00000000
4,02898459;0,00000000
4,03398459;0,18639271
4,03898459;0,00000000
4,04398459;0,55979329
4,04898459;0,37278542
4,05398459;-1,30659437
4,05898459;0,37278542
4,06398459;0,00000000
4,06898459;-0,37278542
4,07398459;-0,55979329
4,07898459;0,00000000
4,08398459;0,18639271
4,08898459;0,55979329
4,09398459;-0,55979329
4,09898459;1,11958659
4,10398459;0,37278542
4,10898459;0,37278542
4,11398459;-0,18639271
4,11898459;-0,37278542
4,12398459;0,18639271
4,12898459;0,37278542
4,13398459;0,18639271
4,13898459;1,86638772
4,14398459;0,18639271
4,14898459;0,18639271
4,15398459;0,00000000
4,15898459;0,18639271
4,16398459;0,00000000
4,16898459;0,74618596
4,17398459;-0,18639271
4,17898459;0,18639271
4,18398459;1,49298716
4,18898459;-1,11958659
4,19398459;0,00000000
4,19898459;0,00000000
4,20398459;0,00000000
4,20898459;0,00000000
4,21398459;0,18639271
4,21898459;-0,37278542
4,22398458;0,00000000
4,22898458;0,00000000
4,23398458;0,55979329
4,23898458;0,18639271
4,24398458;-0,55979329
4,24898458;0,00000000
4,25398458;0,00000000
4,25898458;0,00000000
4,26398458;0,00000000
4,26898458;0,00000000
4,27398458;0,18639271
4,27898458;0,18639271
4,28398458;0,18639271
4,28898458;1,11958659
4,29398458;0,37278542
4,29898458;0,55979329
4,30398458;0,18639271
4,30898458;0,00000000
4,31398458;0,18639271
4,31898458;0,37278542
4,32398458;0,37278542
4,32898458;-0,37278542
4,33398458;0,18639271
4,33898458;0,74618596
4,34398458;0,55979329
4,34898458;-0,37278542
4,35398458;-0,37278542
4,35898458;0,55979329
4,36398458;0,37278542
4,36898458;0,00000000
4,37398458;0,55979329
4,37898458;0,18639271
4,38398458;0,37278542
4,38898458;0,18639271
4,39398458;0,00000000
4,39898458;0,00000000
4,40398458;0,18639271
4,40898458;0,00000000
4,41398458;0,74618596
4,41898458;0,37278542
4,42398458;0,00000000
4,42898458;-0,37278542
4,43398458;0,18639271
4,43898458;0,00000000
4,44398458;0,00000000
4,44898458;0,18639271
4,45398458;0,18639271
4,45898458;-1,11958659
4,46398458;0,18639271
4,46898458;0,55979329
4,47398458;0,00000000
4,47898458;0,00000000
4,48398458;0,18639271
4,48898458;0,37278542
4,49398458;0,18639271
4,49898458;0,00000000
4,50398458;0,00000000
4,50898458;0,18639271
4,51398458;0,18639271
4,51898458;0,00000000
4,52398458;0,00000000
4,52898458;0,18639271
4,53398458;0,18639271
4,53898458;-0,18639271
4,54398458;0,55979329
4,54898458;0,18639271
4,55398458;1,86638772
4,55898458;0,00000000
4,56398458;0,18639271
4,56898458;0,74618596
4,57398458;0,00000000
4,57898458;12,13459587
4,58398458;0,55979329
4,58898458;0,18639271
4,59398458;0,37278542
4,59898458;-0,18639271
4,60398458;0,00000000
4,60898458;0,18639271
4,61398458;-0,37278542
4,61898457;0,55979329
4,62398457;0,18639271
4,62898457;0,18639271
4,63398457;0,00000000
4,63898457;-0,18639271
4,64398457;0,00000000
4,64898457;0,00000000
4,65398457;0,00000000
4,65898457;-0,18639271
4,66398457;0,18639271
4,66898457;0,18639271
4,67398457;-0,18639271
4,67898457;0,00000000
4,68398457;0,00000000
4,68898457;0,18639271
4,69398457;-0,37278542
4,69898457;-0,18639271
4,70398457;0,00000000
4,70898457;0,18639271
4,71398457;0,74618596
4,71898457;0,74618596
4,72398457;-0,18639271
4,72898457;0,00000000
4,73398457;0,00000000
4,73898457;1,49298716
4,74398457;0,00000000
4,74898457;0,55979329
4,75398457;-0,74618596
4,75898457;0,18639271
4,76398457;0,18639271
4,76898457;0,18639271
4,77398457;0,00000000
4,77898457;0,00000000
4,78398457;-0,18639271
4,78898457;0,00000000
4,79398457;0,37278542
4,79898457;0,00000000
4,80398457;0,00000000
4,80898457;0,00000000
4,81398457;-0,18639271
4,81898457;0,18639271
4,82398457;0,18639271
4,82898457;0,18639271
4,83398457;0,37278542
4,83898457;0,55979329
4,84398457;0,18639271
4,84898457;0,18639271
4,85398457;0,18639271
4,85898457;0,18639271
4,86398457;0,18639271
4,86898457;-0,37278542
4,87398457;0,18639271
4,87898457;0,18639271
4,88398457;0,18639271
4,88898457;0,55979329
4,89398457;0,00000000
4,89898457;0,18639271
4,90398457;0,18639271
4,90898457;-8,21419716
4,91398457;0,00000000
4,91898457;0,18639271
4,92398457;-0,37278542
4,92898457;0,00000000
4,93398457;0,18639271
4,93898457;0,37278542
4,94398457;0,00000000
4,94898457;0,55979329
4,95398457;-0,18639271
4,95898457;-0,18639271
4,96398457;0,18639271
4,96898457;-0,93319386
4,97398457;0,37278542
4,97898457;0,00000000
4,98398457;0,18639271
4,98898457;0,18639271
4,99398457;0,00000000
4,99898457;0,55979329
5,00398457;0,00000000
5,00898457;0,00000000
5,01398456;0,00000000
5,01898456;0,93319386
5,02398456;0,18639271
5,02898456;0,18639271
5,03398456;0,18639271
5,03898456;0,00000000
5,04398456;0,18639271
5,04898456;0,93319386
5,05398456;0,18639271
5,05898456;0,18639271
5,06398456;0,18639271
5,06898456;0,18639271
5,07398456;-0,18639271
5,07898456;0,18639271
5,08398456;0,37278542
5,08898456;0,55979329
5,09398456;0,55979329
5,09898456;0,55979329
5,10398456;0,00000000
5,10898456;0,55979329
5,11398456;0,00000000
5,11898456;0,00000000
5,12398456;0,37278542
5,12898456;0,00000000
5,13398456;0,55979329
5,13898456;0,18639271
5,14398456;0,18639271
5,14898456;-0,18639271
5,15398456;-0,74618596
5,15898456;0,00000000
5,16398456;0,18639271
5,16898456;-0,74618596
5,17398456;0,37278542
5,17898456;0,55979329
5,18398456;0,37278542
5,18898456;0,18639271
5,19398456;-0,18639271
5,19898456;0,18639271
5,20398456;0,18639271
5,20898456;0,37278542
5,21398456;0,00000000
5,21898456;0,18639271
5,22398456;0,37278542
5,22898456;0,00000000
5,23398456;0,00000000
5,23898456;0,18639271
5,24398456;0,37278542
5,24898456;0,18639271
5,25398456;0,00000000
5,25898456;0,00000000
5,26398456;0,18639271
5,26898456;0,00000000
5,27398456;0,37278542
5,27898456;0,18639271
5,28398456;-0,18639271
5,28898456;1,11958659
5,29398456;0,00000000
5,29898456;0,00000000
5,30398456;-0,18639271
5,30898456;0,37278542
5,31398456;-0,18639271
5,31898456;0,37278542
5,32398456;-0,18639271
5,32898456;0,18639271
5,33398456;0,00000000
5,33898456;0,93319386
5,34398456;0,18639271
5,34898456;0,00000000
5,35398456;-0,74618596
5,35898456;0,55979329
5,36398456;-0,37278542
5,36898456;0,55979329
5,37398456;0,00000000
5,37898456;-0,37278542
5,38398456;0,55979329
5,38898456;0,55979329
5,39398456;-0,18639271
5,39898456;0,00000000
5,40398456;-0,55979329
5,40898455;0,18639271
5,41398455;-0,18639271
5,41898455;0,55979329
5,42398455;0,74618596
5,42898455;0,00000000
5,43398455;-0,37278542
5,43898455;0,37278542
5,44398455;0,00000000
5,44898455;0,55979329
5,45398455;0,00000000
5,45898455;-0,74618596
5,46398455;0,74618596
5,46898455;0,37278542
5,47398455;0,37278542
5,47898455;0,37278542
5,48398455;0,00000000
5,48898455;0,00000000
5,49398455;0,00000000
5,49898455;0,37278542
5,50398455;0,00000000
5,50898455;-0,18639271
5,51398455;-0,37278542
5,51898455;0,18639271
5,52398455;0,55979329
5,52898455;0,18639271
5,53398455;0,55979329
5,53898455;-0,18639271
5,54398455;0,18639271
5,54898455;0,37278542
5,55398455;1,86638772
5,55898455;1,67999494
5,56398455;0,37278542
5,56898455;-0,74618596
5,57398455;0,55979329
5,57898455;0,93319386
5,58398455;0,55979329
5,58898455;0,18639271
5,59398455;-0,55979329
5,59898455;-0,37278542
5,60398455;0,00000000
5,60898455;0,18639271
5,61398455;0,18639271
5,61898455;0,55979329
5,62398455;0,18639271
5,62898455;0,74618596
5,63398455;0,55979329
5,63898455;0,18639271
5,64398455;0,93319386
5,64898455;-1,11958659
5,65398455;0,93319386
5,65898455;-0,18639271
5,66398455;0,18639271
5,66898455;0,00000000
5,67398455;0,00000000
5,67898455;0,18639271
5,68398455;0,00000000
5,68898455;0,55979329
5,69398455;-1,11958659
5,69898455;-0,37278542
5,70398455;0,93319386
5,70898455;-0,18639271
5,71398455;0,37278542
5,71898455;-0,37278542
5,72398455;0,18639271
5,72898455;0,74618596
5,73398455;0,00000000
5,73898455;-0,18639271
5,74398455;0,18639271
5,74898455;0,18639271
5,75398455;-0,74618596
5,75898455;1,30659437
5,76398455;0,18639271
5,76898455;0,93319386
5,77398455;0,00000000
5,77898455;-18,29539680
5,78398455;-0,18639271
5,78898455;0,37278542
5,79398455;0,55979329
5,79898455;0,00000000
5,80398454;-0,18639271
5,80898454;-0,18639271
5,81398454;0,18639271
5,81898454;0,37278542
5,82398454;0,55979329
5,82898454;-0,74618596
5,83398454;-0,93319386
5,83898454;0,00000000
5,84398454;0,18639271
5,84898454;-0,74618596
5,85398454;0,18639271
5,85898454;0,37278542
5,86398454;-0,18639271
5,86898454;0,00000000
5,87398454;0,00000000
5,87898454;0,55979329
5,88398454;-0,37278542
5,88898454;-0,37278542
5,89398454;0,00000000
5,89898454;0,93319386
5,90398454;-0,55979329
5,90898454;-0,37278542
5,91398454;4,48019171
5,91898454;0,00000000
5,92398454;0,37278542
5,92898454;-0,18639271
5,93398454;0,00000000
5,93898454;-0,18639271
5,94398454;-0,74618596
5,94898454;-0,18639271
5,95398454;0,00000000
5,95898454;0,18639271
5,96398454;0,74618596
5,96898454;0,00000000
5,97398454;0,00000000
5,97898454;0,00000000
5,98398454;0,00000000
5,98898454;0,00000000
5,99398454;0,00000000
5,99898454;-1,11958659
6,00398454;0,00000000
6,00898454;-0,37278542
6,01398454;-0,18639271
6,01898454;0,74618596
6,02398454;0,93319386
6,02898454;-0,18639271
6,03398454;-0,37278542
6,03898454;0,00000000
6,04398454;0,00000000
6,04898454;0,00000000
6,05398454;0,55979329
6,05898454;0,37278542
6,06398454;-0,55979329
6,06898454;0,18639271
6,07398454;0,55979329
6,07898454;-0,74618596
6,08398454;-0,74618596
6,08898454;0,37278542
6,09398454;0,93319386
6,09898454;-0,55979329
6,10398454;0,00000000
6,10898454;-0,37278542
6,11398454;0,37278542
6,11898454;0,18639271
6,12398454;0,37278542
6,12898454;-0,37278542
6,13398454;0,18639271
6,13898454;0,93319386
6,14398454;-0,74618596
6,14898454;-1,11958659
6,15398454;1,11958659
6,15898454;0,37278542
6,16398454;0,00000000
6,16898454;-0,74618596
6,17398454;0,00000000
6,17898454;0,00000000
6,18398454;-0,37278542
6,18898454;-0,37278542
6,19398454;-0,55979329
6,19898454;-0,18639271
6,20398453;-0,74618596
6,20898453;-0,37278542
6,21398453;1,11958659
6,21898453;0,93319386
6,22398453;0,18639271
6,22898453;-0,37278542
6,23398453;-0,74618596
6,23898453;0,00000000
6,24398453;0,00000000
6,24898453;0,18639271
6,25398453;0,74618596
6,25898453;0,93319386
6,26398453;0,74618596
6,26898453;-0,18639271
6,27398453;-0,37278542
6,27898453;0,93319386
6,28398453;-0,37278542
6,28898453;0,74618596
6,29398453;-0,37278542
6,29898453;0,18639271
6,30398453;0,55979329
6,30898453;-0,37278542
6,31398453;0,18639271
6,31898453;0,74618596
6,32398453;0,55979329
6,32898453;0,37278542
6,33398453;-0,37278542
6,33898453;0,18639271
6,34398453;-0,37278542
6,34898453;0,00000000
6,35398453;0,93319386
6,35898453;0,18639271
6,36398453;0,18639271
6,36898453;0,18639271
6,37398453;0,00000000
6,37898453;-0,37278542
6,38398453;-0,55979329
6,38898453;-14,18799210
6,39398453;0,00000000
6,39898453;0,55979329
6,40398453;0,93319386
6,40898453;0,00000000
6,41398453;-0,55979329
6,41898453;0,55979329
6,42398453;0,93319386
6,42898453;0,00000000
6,43398453;0,00000000
6,43898453;0,00000000
6,44398453;-0,18639271
6,44898453;-0,37278542
6,45398453;0,18639271
6,45898453;0,00000000
6,46398453;0,55979329
6,46898453;-0,18639271
6,47398453;0,55979329
6,47898453;0,18639271
6,48398453;-0,74618596
6,48898453;0,00000000
6,49398453;0,37278542
6,49898453;0,00000000
6,50398453;0,00000000
6,50898453;-0,74618596
6,51398453;-0,37278542
6,51898453;-0,18639271
6,52398453;-0,37278542
6,52898453;0,55979329
6,53398453;-0,37278542
6,53898453;0,00000000
6,54398453;2,98658943
6,54898453;0,18639271
6,55398453;0,00000000
6,55898453;0,18639271
6,56398453;0,00000000
6,56898453;0,00000000
6,57398453;-0,37278542
6,57898453;0,37278542
6,58398453;-0,18639271
6,58898453;0,37278542
6,59398453;-0,18639271
6,59898452;-0,37278542
6,60398452;0,00000000
6,60898452;0,00000000
6,61398452;-0,37278542
6,61898452;0,37278542
6,62398452;-0,74618596
6,62898452;2,98658943
6,63398452;0,93319386
6,63898452;0,74618596
6,64398452;0,55979329
6,64898452;0,00000000
6,65398452;0,00000000
6,65898452;0,18639271
6,66398452;0,18639271
6,66898452;0,18639271
6,67398452;0,37278542
6,67898452;0,00000000
6,68398452;0,00000000
6,68898452;-0,37278542
6,69398452;-0,37278542
6,69898452;-0,18639271
6,70398452;0,55979329
6,70898452;0,00000000
6,71398452;0,00000000
6,71898452;0,00000000
6,72398452;0,18639271
6,72898452;-0,18639271
6,73398452;0,55979329
6,73898452;0,18639271
6,74398452;0,93319386
6,74898452;0,55979329
6,75398452;-0,37278542
6,75898452;0,37278542
6,76398452;-0,18639271
6,76898452;-0,37278542
6,77398452;0,18639271
6,77898452;0,18639271
6,78398452;0,18639271
6,78898452;-0,37278542
6,79398452;0,00000000
6,79898452;0,00000000
6,80398452;-0,37278542
6,80898452;-0,74618596
6,81398452;0,55979329
6,81898452;0,18639271
6,82398452;-0,37278542
6,82898452;0,18639271
6,83398452;-0,55979329
6,83898452;0,18639271
6,84398452;0,00000000
6,84898452;0,00000000
6,85398452;-0,18639271
6,85898452;0,00000000
6,86398452;0,18639271
6,86898452;0,00000000
6,87398452;-0,37278542
6,87898452;-0,55979329
6,88398452;-0,37278542
6,88898452;0,18639271
6,89398452;0,55979329
6,89898452;0,00000000
6,90398452;-0,37278542
6,90898452;1,30659437
6,91398452;0,00000000
6,91898452;0,18639271
6,92398452;0,00000000
6,92898452;0,18639271
6,93398452;0,18639271
6,93898452;-0,74618596
6,94398452;0,00000000
6,94898452;-0,37278542
6,95398452;0,55979329
6,95898452;0,18639271
6,96398452;0,55979329
6,96898452;-0,37278542
6,97398452;0,37278542
6,97898452;-0,74618596
6,98398452;-0,37278542
6,98898452;0,18639271
6,99398451;-0,18639271
6,99898451;0,18639271
7,00398451;0,00000000
7,00898451;0,55979329
7,01398451;0,37278542
7,01898451;0,00000000
7,02398451;-0,74618596
7,02898451;-0,37278542
7,03398451;0,00000000
7,03898451;0,55979329
7,04398451;0,55979329
7,04898451;0,37278542
7,05398451;0,00000000
7,05898451;0,00000000
7,06398451;1,30659437
7,06898451;-0,18639271
7,07398451;-0,74618596
7,07898451;-0,18639271
7,08398451;0,18639271
7,08898451;0,00000000
7,09398451;-0,18639271
7,09898451;0,00000000
7,10398451;0,00000000
7,10898451;-0,18639271
7,11398451;0,74618596
7,11898451;0,00000000
7,12398451;0,00000000
7,12898451;0,55979329
7,13398451;-0,37278542
7,13898451;0,55979329
7,14398451;0,00000000
7,14898451;0,55979329
7,15398451;0,00000000
7,15898451;0,00000000
7,16398451;-0,74618596
7,16898451;-1,30659437
7,17398451;0,55979329
7,17898451;0,18639271
7,18398451;0,18639271
7,18898451;0,00000000
7,19398451;0,00000000
7,19898451;2,23978829
7,20398451;-0,93319386
7,20898451;-0,37278542
7,21398451;-0,93319386
7,21898451;0,55979329
7,22398451;-0,37278542
7,22898451;0,18639271
7,23398451;0,55979329
7,23898451;0,00000000
7,24398451;0,18639271
7,24898451;1,30659437
7,25398451;0,00000000
7,25898451;-0,37278542
7,26398451;-0,37278542
7,26898451;-0,74618596
7,27398451;-0,18639271
7,27898451;-0,37278542
7,28398451;-0,55979329
7,28898451;-0,37278542
7,29398451;0,55979329
7,29898451;0,00000000
7,30398451;0,18639271
7,30898451;0,00000000
7,31398451;0,55979329
7,31898451;-0,37278542
7,32398451;0,18639271
7,32898451;0,00000000
7,33398451;-2,05339551
7,33898451;0,18639271
7,34398451;-0,37278542
7,34898451;0,18639271
7,35398451;0,18639271
7,35898451;0,37278542
7,36398451;-0,37278542
7,36898451;0,55979329
7,37398451;-0,37278542
7,37898451;0,00000000
7,38398451;-1,11958659
7,38898450;0,18639271
7,39398450;0,18639271
7,39898450;0,18639271
7,40398450;0,00000000
7,40898450;0,37278542
7,41398450;0,37278542
7,41898450;0,00000000
7,42398450;0,00000000
7,42898450;-0,37278542
7,43398450;0,00000000
7,43898450;0,18639271
7,44398450;-0,37278542
7,44898450;-0,37278542
7,45398450;-0,37278542
7,45898450;-0,74618596
7,46398450;0,37278542
7,46898450;-0,18639271
7,47398450;0,18639271
7,47898450;-0,37278542
7,48398450;0,18639271
7,48898450;0,74618596
7,49398450;0,18639271
7,49898450;0,00000000
7,50398450;-0,37278542
7,50898450;0,00000000
7,51398450;-1,11958659
7,51898450;0,93319386
7,52398450;0,00000000
7,52898450;0,55979329
7,53398450;0,18639271
7,53898450;0,37278542
7,54398450;-0,18639271
7,54898450;0,55979329
7,55398450;0,37278542
7,55898450;0,93319386
7,56398450;0,18639271
7,56898450;0,55979329
7,57398450;-0,37278542
7,57898450;0,18639271
7,58398450;-0,55979329
7,58898450;0,93319386
7,59398450;1,49298716
7,59898450;0,18639271
7,60398450;-0,74618596
7,60898450;0,74618596
7,61398450;0,00000000
7,61898450;0,18639271
7,62398450;-0,18639271
7,62898450;0,18639271
7,63398450;0,93319386
7,63898450;0,00000000
7,64398450;0,18639271
7,64898450;0,18639271
7,65398450;0,55979329
7,65898450;0,55979329
7,66398450;-0,37278542
7,66898450;0,00000000
7,67398450;0,93319386
7,67898450;0,55979329
7,68398450;0,00000000
7,68898450;0,00000000
7,69398450;-0,37278542
7,69898450;-0,37278542
7,70398450;0,18639271
7,70898450;0,18639271
7,71398450;-0,74618596
7,71898450;0,37278542
7,72398450;0,00000000
7,72898450;-0,18639271
7,73398450;-0,55979329
7,73898450;-1,11958659
7,74398450;0,18639271
7,74898450;0,00000000
7,75398450;-0,37278542
7,75898450;0,18639271
7,76398450;0,18639271
7,76898450;0,93319386
7,77398450;-0,55979329
7,77898450;0,55979329
7,78398449;0,55979329
7,78898449;-0,74618596
7,79398449;-0,18639271
7,79898449;-0,18639271
7,80398449;-3,73339057
7,80898449;-0,55979329
7,81398449;-0,37278542
7,81898449;0,18639271
7,82398449;-0,93319386
7,82898449;-0,37278542
7,83398449;-0,37278542
7,83898449;4,29379892
7,84398449;-0,18639271
7,84898449;0,18639271
7,85398449;0,18639271
7,85898449;-0,37278542
7,86398449;0,74618596
7,86898449;0,18639271
7,87398449;-1,11958659
7,87898449;-0,93319386
7,88398449;-0,55979329
7,88898449;0,00000000
7,89398449;0,37278542
7,89898449;0,55979329
7,90398449;0,18639271
7,90898449;0,00000000
7,91398449;-0,55979329
7,91898449;0,00000000
7,92398449;0,55979329
7,92898449;-0,18639271
7,93398449;-0,37278542
7,93898449;0,55979329
7,94398449;0,55979329
7,94898449;0,18639271
7,95398449;-0,37278542
7,95898449;0,37278542
7,96398449;0,55979329
7,96898449;-0,18639271
7,97398449;0,18639271
7,97898449;0,18639271
7,98398449;-0,37278542
7,98898449;0,55979329
7,99398449;0,00000000
7,99898449;0,18639271
8,00398449;0,18639271
8,00898449;0,00000000
8,01398449;-0,18639271
8,01898449;0,37278542
8,02398449;0,18639271
8,02898449;0,00000000
8,03398449;-0,37278542
8,03898449;0,18639271
8,04398449;0,18639271
8,04898449;0,18639271
8,05398449;0,00000000
8,05898449;0,18639271
8,06398449;0,00000000
8,06898449;0,18639271
8,07398449;-0,55979329
8,07898449;0,37278542
8,08398449;0,00000000
8,08898449;0,00000000
8,09398449;-0,37278542
8,09898449;0,18639271
8,10398449;0,18639271
8,10898449;0,55979329
8,11398449;-0,74618596
8,11898449;0,00000000
8,12398449;0,00000000
8,12898449;0,00000000
8,13398449;0,55979329
8,13898449;-0,37278542
8,14398449;0,37278542
8,14898449;0,18639271
8,15398449;-0,93319386
8,15898449;0,00000000
8,16398449;0,37278542
8,16898449;0,55979329
8,17398449;0,18639271
8,17898448;-1,11958659
8,18398448;0,00000000
8,18898448;0,37278542
8,19398448;-0,74618596
8,19898448;0,00000000
8,20398448;0,18639271
8,20898448;-0,37278542
8,21398448;0,37278542
8,21898448;0,55979329
8,22398448;-0,18639271
8,22898448;-0,37278542
8,23398448;0,00000000
8,23898448;-0,37278542
8,24398448;0,00000000
8,24898448;0,74618596
8,25398448;-0,74618596
8,25898448;0,00000000
8,26398448;-0,37278542
8,26898448;0,18639271
8,27398448;0,00000000
8,27898448;0,00000000
8,28398448;-0,37278542
8,28898448;0,74618596
8,29398448;0,37278542
8,29898448;0,55979329
8,30398448;0,00000000
8,30898448;-0,18639271
8,31398448;0,00000000
8,31898448;1,11958659
8,32398448;0,18639271
8,32898448;0,18639271
8,33398448;-0,18639271
8,33898448;0,18639271
8,34398448;0,00000000
8,34898448;0,74618596
8,35398448;0,18639271
8,35898448;2,05339551
8,36398448;-0,37278542
8,36898448;0,55979329
8,37398448;0,37278542
8,37898448;0,37278542
8,38398448;-1,11958659
8,38898448;0,55979329
8,39398448;0,00000000
8,39898448;2,42679620
8,40398448;0,00000000
8,40898448;1,11958659
8,41398448;0,18639271
8,41898448;0,00000000
8,42398448;-0,18639271
8,42898448;0,55979329
8,43398448;-0,18639271
8,43898448;-0,37278542
8,44398448;-0,55979329
8,44898448;-0,18639271
8,45398448;-0,55979329
8,45898448;0,18639271
8,46398448;0,00000000
8,46898448;-0,37278542
8,47398448;0,37278542
8,47898448;1,11958659
8,48398448;0,00000000
8,48898448;-0,37278542
8,49398448;-0,18639271
8,49898448;-0,55979329
8,50398448;-0,37278542
8,50898448;0,18639271
8,51398448;-0,74618596
8,51898448;0,18639271
8,52398448;-0,55979329
8,52898448;0,18639271
8,53398448;-0,37278542
8,53898448;0,00000000
8,54398448;-0,55979329
8,54898448;0,18639271
8,55398448;0,00000000
8,55898448;0,18639271
8,56398448;0,55979329
8,56898448;2,61318874
8,57398448;0,37278542
8,57898447;0,00000000
8,58398447;-0,18639271
8,58898447;0,37278542
8,59398447;0,18639271
8,59898447;-0,55979329
8,60398447;-0,18639271
8,60898447;0,18639271
8,61398447;0,18639271
8,61898447;0,37278542
8,62398447;0,55979329
8,62898447;0,55979329
8,63398447;0,37278542
8,63898447;0,93319386
8,64398447;-0,18639271
8,64898447;0,55979329
8,65398447;-0,55979329
8,65898447;-0,37278542
8,66398447;0,00000000
8,66898447;-0,37278542
8,67398447;1,11958659
8,67898447;0,37278542
8,68398447;0,18639271
8,68898447;-0,37278542
8,69398447;1,11958659
8,69898447;-0,37278542
8,70398447;0,18639271
8,70898447;0,18639271
8,71398447;0,00000000
8,71898447;0,55979329
8,72398447;-0,37278542
8,72898447;0,93319386
8,73398447;0,55979329
8,73898447;-0,74618596
8,74398447;0,00000000
8,74898447;0,37278542
8,75398447;0,00000000
8,75898447;0,18639271
8,76398447;-0,37278542
8,76898447;0,55979329
8,77398447;-0,74618596
8,77898447;-0,74618596
8,78398447;-1,49298716
8,78898447;0,37278542
8,79398447;0,00000000
8,79898447;0,74618596
8,80398447;0,00000000
8,80898447;-0,37278542
8,81398447;0,00000000
8,81898447;0,18639271
8,82398447;-0,37278542
8,82898447;0,55979329
8,83398447;-0,74618596
8,83898447;0,55979329
8,84398447;-0,18639271
8,84898447;-0,37278542
8,85398447;0,37278542
8,85898447;0,74618596
8,86398447;0,00000000
8,86898447;0,18639271
8,87398447;-0,37278542
8,87898447;-0,18639271
8,88398447;-0,18639271
8,88898447;-0,18639271
8,89398447;-0,18639271
8,89898447;0,37278542
8,90398447;0,00000000
8,90898447;-0,18639271
8,91398447;-0,18639271
8,91898447;0,55979329
8,92398447;0,18639271
8,92898447;-0,18639271
8,93398447;-0,55979329
8,93898447;0,74618596
8,94398447;0,00000000
8,94898447;0,00000000
8,95398447;-0,18639271
8,95898447;0,00000000
8,96398447;0,18639271
8,96898447;-0,37278542
8,97398446;1,49298716
8,97898446;0,74618596
8,98398446;1,11958659
8,98898446;0,00000000
8,99398446;0,37278542
8,99898446;0,55979329
9,00398446;0,37278542
9,00898446;0,55979329
9,01398446;0,18639271
9,01898446;0,18639271
9,02398446;0,37278542
9,02898446;0,00000000
9,03398446;0,18639271
9,03898446;0,00000000
9,04398446;-0,37278542
9,04898446;-0,55979329
9,05398446;-1,11958659
9,05898446;0,00000000
9,06398446;0,00000000
9,06898446;0,74618596
9,07398446;-0,37278542
9,07898446;-0,18639271
9,08398446;0,18639271
9,08898446;0,18639271
9,09398446;-0,55979329
9,09898446;0,18639271
9,10398446;0,55979329
9,10898446;0,00000000
9,11398446;-0,74618596
9,11898446;-0,37278542
9,12398446;0,55979329
9,12898446;0,00000000
9,13398446;0,00000000
9,13898446;-0,55979329
9,14398446;0,55979329
9,14898446;0,55979329
9,15398446;0,18639271
9,15898446;0,18639271
9,16398446;0,18639271
9,16898446;0,37278542
9,17398446;0,00000000
9,17898446;0,00000000
9,18398446;0,37278542
9,18898446;0,93319386
9,19398446;-0,37278542
9,19898446;-0,37278542
9,20398446;-0,18639271
9,20898446;0,37278542
9,21398446;0,18639271
9,21898446;-0,37278542
9,22398446;0,00000000
9,22898446;-0,37278542
9,23398446;0,55979329
9,23898446;0,18639271
9,24398446;-0,37278542
9,24898446;0,55979329
9,25398446;-0,74618596
9,25898446;-0,18639271
9,26398446;1,11958659
9,26898446;0,37278542
9,27398446;0,37278542
9,27898446;0,37278542
9,28398446;-0,18639271
9,28898446;0,00000000
9,29398446;0,00000000
9,29898446;0,93319386
9,30398446;0,00000000
9,30898446;0,55979329
9,31398446;0,18639271
9,31898446;-0,37278542
9,32398446;0,18639271
9,32898446;-0,37278542
9,33398446;0,18639271
9,33898446;0,74618596
9,34398446;0,00000000
9,34898446;0,00000000
9,35398446;0,74618596
9,35898446;-1,30659437
9,36398446;0,18639271
9,36898445;1,49298716
9,37398445;0,00000000
9,37898445;-0,37278542
9,38398445;0,00000000
9,38898445;0,18639271
9,39398445;0,00000000
9,39898445;-1,11958659
9,40398445;0,18639271
9,40898445;0,00000000
9,41398445;0,37278542
9,41898445;0,37278542
9,42398445;0,37278542
9,42898445;-0,37278542
9,43398445;-0,74618596
9,43898445;0,18639271
9,44398445;-0,37278542
9,44898445;0,00000000
9,45398445;-0,37278542
9,45898445;0,18639271
9,46398445;0,93319386
9,46898445;-0,18639271
9,47398445;-0,18639271
9,47898445;0,00000000
9,48398445;0,18639271
9,48898445;0,55979329
9,49398445;0,18639271
9,49898445;0,18639271
9,50398445;0,00000000
9,50898445;-0,18639271
9,51398445;-1,11958659
9,51898445;0,55979329
9,52398445;0,55979329
9,52898445;0,37278542
9,53398445;-1,30659437
9,53898445;0,00000000
9,54398445;-0,37278542
9,54898445;-0,55979329
9,55398445;0,00000000
9,55898445;0,37278542
9,56398445;0,18639271
9,56898445;0,00000000
9,57398445;-0,37278542
9,57898445;0,00000000
9,58398445;-1,30659437
9,58898445;-0,74618596
9,59398445;0,18639271
9,59898445;-0,18639271
9,60398445;-0,37278542
9,60898445;0,00000000
9,61398445;0,37278542
9,61898445;0,55979329
9,62398445;-0,37278542
9,62898445;0,00000000
9,63398445;-0,37278542
9,63898445;0,18639271
9,64398445;-0,18639271
9,64898445;0,18639271
9,65398445;-0,55979329
9,65898445;-0,37278542
9,66398445;0,00000000
9,66898445;0,74618596
9,67398445;8,58759785
9,67898445;0,18639271
9,68398445;0,55979329
9,68898445;0,00000000
9,69398445;0,18639271
9,69898445;-0,74618596
9,70398445;0,00000000
9,70898445;7,09399605
9,71398445;0,18639271
9,71898445;-0,18639271
9,72398445;0,55979329
9,72898445;-0,18639271
9,73398445;-0,37278542
9,73898445;0,18639271
9,74398445;-10,64099407
9,74898445;0,00000000
9,75398445;-0,37278542
9,75898445;0,00000000
9,76398444;0,18639271
9,76898444;0,55979329
9,77398444;0,00000000
9,77898444;-11,01439381
9,78398444;0,37278542
9,78898444;0,37278542
9,79398444;0,18639271
9,79898444;-0,55979329
9,80398444;0,55979329
9,80898444;0,18639271
9,81398444;-5,78740120
9,81898444;-0,18639271
9,82398444;0,00000000
9,82898444;-0,37278542
9,83398444;-0,37278542
9,83898444;0,18639271
9,84398444;0,00000000
9,84898444;0,00000000
9,85398444;-0,55979329
9,85898444;0,00000000
9,86398444;0,00000000
9,86898444;0,18639271
9,87398444;-0,18639271
9,87898444;0,18639271
9,88398444;-0,55979329
9,88898444;0,18639271
9,89398444;0,00000000
9,89898444;0,00000000
9,90398444;0,00000000
9,90898444;0,00000000
9,91398444;0,00000000
9,91898444;0,18639271
9,92398444;0,55979329
9,92898444;0,18639271
9,93398444;-0,74618596
9,93898444;0,18639271
9,94398444;0,00000000
9,94898444;0,18639271
9,95398444;-0,37278542
9,95898444;0,18639271
9,96398444;0,00000000
9,96898444;-1,67999494
9,97398444;0,93319386
9,97898444;0,55979329
9,98398444;1,86638772
9,98898444;0,93319386
9,99398444;0,00000000
9,99898444;0,00000000
10,00398444;0,55979329
10,00898444;-0,37278542
10,01398444;-0,18639271
10,01898444;0,00000000
10,02398444;-0,18639271
10,02898444;-0,18639271
10,03398444;0,93319386
10,03898444;-0,55979329
10,04398444;0,00000000
10,04898444;0,74618596
10,05398444;0,00000000
10,05898444;1,11958659
10,06398444;0,37278542
10,06898444;-0,37278542
10,07398444;0,00000000
10,07898444;0,55979329
10,08398444;0,18639271
10,08898444;-0,37278542
10,09398444;0,55979329
10,09898444;-0,55979329
10,10398444;-0,37278542
10,10898444;0,37278542
10,11398444;-0,55979329
10,11898444;0,55979329
10,12398444;-0,37278542
10,12898444;0,00000000
10,13398444;0,18639271
10,13898444;0,18639271
10,14398444;0,37278542
10,14898444;0,00000000
10,15398444;0,00000000
10,15898443;0,55979329
10,16398443;0,00000000
10,16898443;-0,74618596
10,17398443;-1,67999494
10,17898443;-0,37278542
10,18398443;1,30659437
10,18898443;-0,37278542
10,19398443;0,55979329
10,19898443;-0,74618596
10,20398443;-1,11958659
10,20898443;0,93319386
10,21398443;0,18639271
10,21898443;-0,55979329
10,22398443;-0,18639271
10,22898443;0,18639271
10,23398443;-0,18639271
10,23898443;0,55979329
10,24398443;-0,37278542
10,24898443;0,00000000
10,25398443;0,55979329
10,25898443;0,00000000
10,26398443;0,18639271
10,26898443;-0,55979329
10,27398443;0,00000000
10,27898443;0,18639271
10,28398443;0,18639271
10,28898443;0,00000000
10,29398443;0,37278542
10,29898443;0,00000000
10,30398443;0,00000000
10,30898443;1,30659437
10,31398443;0,37278542
10,31898443;0,00000000
10,32398443;-0,37278542
10,32898443;0,18639271
10,33398443;0,18639271
10,33898443;-0,74618596
10,34398443;-0,18639271
10,34898443;0,18639271
10,35398443;0,37278542
10,35898443;0,00000000
10,36398443;0,00000000
10,36898443;0,18639271
10,37398443;-0,74618596
10,37898443;0,18639271
10,38398443;1,86638772
10,38898443;0,55979329
10,39398443;0,00000000
10,39898443;0,00000000
10,40398443;-0,37278542
10,40898443;-0,37278542
10,41398443;-0,18639271
10,41898443;-0,18639271
10,42398443;-0,18639271
10,42898443;0,00000000
10,43398443;0,18639271
10,43898443;0,00000000
10,44398443;0,00000000
10,44898443;-0,55979329
10,45398443;0,55979329
10,45898443;-0,18639271
10,46398443;0,00000000
10,46898443;0,00000000
10,47398443;-0,37278542
10,47898443;-0,37278542
10,48398443;-0,37278542
10,48898443;0,00000000
10,49398443;0,55979329
10,49898443;-0,37278542
10,50398443;-0,37278542
10,50898443;-0,18639271
10,51398443;0,18639271
10,51898443;-0,37278542
10,52398443;0,37278542
10,52898443;-0,37278542
10,53398443;-0,18639271
10,53898443;0,18639271
10,54398443;0,00000000
10,54898443;0,18639271
10,55398442;0,18639271
10,55898442;0,37278542
10,56398442;0,00000000
10,56898442;0,18639271
10,57398442;0,37278542
10,57898442;0,37278542
10,58398442;0,18639271
10,58898442;0,00000000
10,59398442;0,00000000
10,59898442;0,00000000
10,60398442;0,55979329
10,60898442;8,02719021
10,61398442;0,93319386
10,61898442;0,37278542
10,62398442;0,18639271
10,62898442;0,00000000
10,63398442;0,37278542
10,63898442;0,00000000
10,64398442;0,55979329
10,64898442;0,00000000
10,65398442;-0,37278542
10,65898442;-0,18639271
10,66398442;0,18639271
10,66898442;0,00000000
10,67398442;0,00000000
10,67898442;-0,37278542
10,68398442;0,18639271
10,68898442;-0,37278542
10,69398442;-0,37278542
10,69898442;0,00000000
10,70398442;-0,37278542
10,70898442;0,18639271
10,71398442;0,18639271
10,71898442;0,18639271
10,72398442;0,18639271
10,72898442;-0,55979329
10,73398442;-0,18639271
10,73898442;0,37278542
10,74398442;-0,55979329
10,74898442;0,37278542
10,75398442;0,00000000
10,75898442;0,00000000
10,76398442;0,55979329
10,76898442;0,37278542
10,77398442;0,00000000
10,77898442;-1,49298716
10,78398442;-0,55979329
10,78898442;-0,18639271
10,79398442;0,93319386
10,79898442;0,55979329
10,80398442;0,18639271
10,80898442;0,18639271
10,81398442;0,55979329
10,81898442;-0,55979329
10,82398442;-0,93319386
10,82898442;0,74618596
10,83398442;0,18639271
10,83898442;0,93319386
10,84398442;-0,18639271
10,84898442;0,55979329
10,85398442;-0,37278542
10,85898442;-0,18639271
10,86398442;0,55979329
10,86898442;-0,37278542
10,87398442;-1,11958659
10,87898442;0,55979329
10,88398442;-0,18639271
10,88898442;0,37278542
10,89398442;0,37278542
10,89898442;0,18639271
10,90398442;-0,18639271
10,90898442;0,00000000
10,91398442;-0,18639271
10,91898442;0,37278542
10,92398442;-0,74618596
10,92898442;-0,18639271
10,93398442;0,00000000
10,93898442;-0,37278542
10,94398442;-0,37278542
10,94898442;2,42679620
10,95398441;0,00000000
10,95898441;0,00000000
10,96398441;0,37278542
10,96898441;-0,93319386
10,97398441;0,00000000
10,97898441;-0,18639271
10,98398441;2,80019665
10,98898441;0,00000000
10,99398441;0,18639271
10,99898441;0,18639271
11,00398441;-0,74618596
11,00898441;-0,37278542
11,01398441;0,18639271
11,01898441;1,11958659
11,02398441;-0,55979329
11,02898441;0,00000000
11,03398441;0,74618596
11,03898441;-0,93319386
11,04398441;0,18639271
11,04898441;0,55979329
11,05398441;0,00000000
11,05898441;0,00000000
11,06398441;0,00000000
11,06898441;-0,37278542
11,07398441;0,00000000
11,07898441;0,18639271
11,08398441;-0,18639271
11,08898441;-1,30659437
11,09398441;0,18639271
11,09898441;0,55979329
11,10398441;0,93319386
11,10898441;1,86638772
11,11398441;0,37278542
11,11898441;0,18639271
11,12398441;0,00000000
11,12898441;-0,37278542
11,13398441;0,00000000
11,13898441;-0,18639271
11,14398441;0,74618596
11,14898441;-0,37278542
11,15398441;2,05339551
11,15898441;-0,37278542
11,16398441;0,93319386
11,16898441;-0,18639271
11,17398441;0,18639271
11,17898441;0,00000000
11,18398441;0,00000000
11,18898441;0,18639271
11,19398441;-0,37278542
11,19898441;0,18639271
11,20398441;0,00000000
11,20898441;0,55979329
11,21398441;0,00000000
11,21898441;0,00000000
11,22398441;-0,55979329
11,22898441;0,18639271
11,23398441;0,37278542
11,23898441;0,18639271
11,24398441;0,00000000
11,24898441;0,00000000
11,25398441;-0,55979329
11,25898441;-0,37278542
11,26398441;0,37278542
11,26898441;0,00000000
11,27398441;-0,18639271
11,27898441;0,55979329
11,28398441;0,00000000
11,28898441;-0,74618596
11,29398441;-0,18639271
11,29898441;-0,37278542
11,30398441;0,37278542
11,30898441;-1,11958659
11,31398441;0,00000000
11,31898441;0,00000000
11,32398441;-1,49298716
11,32898441;1,30659437
11,33398441;0,18639271
11,33898441;-0,55979329
11,34398441;0,18639271
11,34898440;-0,37278542
11,35398440;0,00000000
11,35898440;-0,74618596
11,36398440;0,00000000
11,36898440;-0,37278542
11,37398440;0,55979329
11,37898440;0,18639271
11,38398440;0,00000000
11,38898440;0,18639271
11,39398440;0,00000000
11,39898440;0,18639271
11,40398440;-0,18639271
11,40898440;-0,18639271
11,41398440;0,55979329
11,41898440;0,00000000
11,42398440;0,18639271
11,42898440;-1,30659437
11,43398440;0,37278542
11,43898440;0,00000000
11,44398440;0,37278542
11,44898440;-0,18639271
11,45398440;-0,18639271
11,45898440;-0,37278542
11,46398440;0,37278542
11,46898440;-0,55979329
11,47398440;-0,55979329
11,47898440;0,18639271
11,48398440;0,00000000
11,48898440;0,18639271
11,49398440;0,55979329
11,49898440;0,00000000
11,50398440;0,18639271
11,50898440;-0,37278542
11,51398440;0,00000000
11,51898440;-0,37278542
11,52398440;0,18639271
11,52898440;0,55979329
11,53398440;0,00000000
11,53898440;0,93319386
11,54398440;-0,37278542
11,54898440;0,18639271
11,55398440;0,00000000
11,55898440;-0,37278542
11,56398440;-8,21419716
11,56898440;0,37278542
11,57398440;-0,55979329
11,57898440;-0,74618596
11,58398440;0,74618596
11,58898440;0,55979329
11,59398440;0,00000000
11,59898440;-0,18639271
11,60398440;0,00000000
11,60898440;-0,18639271
11,61398440;-0,37278542
11,61898440;0,55979329
11,62398440;-0,18639271
11,62898440;0,55979329
11,63398440;0,18639271
11,63898440;-0,74618596
11,64398440;0,37278542
11,64898440;-0,55979329
11,65398440;-0,18639271
11,65898440;0,00000000
11,66398440;0,18639271
11,66898440;0,18639271
11,67398440;0,55979329
11,67898440;0,18639271
11,68398440;-0,37278542
11,68898440;0,55979329
11,69398440;0,00000000
11,69898440;0,74618596
11,70398440;0,00000000
11,70898440;0,00000000
11,71398440;0,93319386
11,71898440;0,00000000
11,72398440;-1,30659437
11,72898440;0,18639271
11,73398440;-8,21419716
11,73898440;-0,55979329
11,74398439;-0,37278542
11,74898439;0,00000000
11,75398439;0,37278542
11,75898439;0,55979329
11,76398439;0,00000000
11,76898439;0,00000000
11,77398439;0,18639271
11,77898439;-0,18639271
11,78398439;0,18639271
11,78898439;0,00000000
11,79398439;0,74618596
11,79898439;-0,18639271
11,80398439;-0,18639271
11,80898439;-0,37278542
11,81398439;0,18639271
11,81898439;0,00000000
11,82398439;0,37278542
11,82898439;-0,37278542
11,83398439;0,00000000
11,83898439;-0,74618596
11,84398439;0,00000000
11,84898439;-0,37278542
11,85398439;0,37278542
11,85898439;-0,18639271
11,86398439;0,18639271
11,86898439;1,30659437
11,87398439;-0,55979329
11,87898439;0,37278542
11,88398439;0,37278542
11,88898439;0,18639271
11,89398439;0,18639271
11,89898439;0,93319386
11,90398439;-2,05339551
11,90898439;0,93319386
11,91398439;0,74618596
11,91898439;0,00000000
11,92398439;-0,37278542
11,92898439;-0,93319386
11,93398439;0,00000000
11,93898439;0,93319386
11,94398439;0,74618596
11,94898439;2,05339551
11,95398439;-0,18639271
11,95898439;0,37278542
11,96398439;0,00000000
11,96898439;0,37278542
11,97398439;0,00000000
11,97898439;0,55979329
11,98398439;0,37278542
11,98898439;-1,11958659
11,99398439;0,18639271
11,99898439;-0,37278542
12,00398439;-0,37278542
12,00898439;0,37278542
12,01398439;0,18639271
12,01898439;0,00000000
12,02398439;-0,18639271
12,02898439;0,18639271
12,03398439;0,00000000
12,03898439;-0,93319386
12,04398439;0,00000000
12,04898439;-0,37278542
12,05398439;-0,37278542
12,05898439;0,00000000
12,06398439;0,00000000
12,06898439;0,00000000
12,07398439;0,37278542
12,07898439;0,18639271
12,08398439;-0,55979329
12,08898439;0,55979329
12,09398439;-0,37278542
12,09898439;0,55979329
12,10398439;0,18639271
12,10898439;-0,55979329
12,11398439;-0,18639271
12,11898439;-0,74618596
12,12398439;1,11958659
12,12898439;-0,37278542
12,13398439;0,00000000
12,13898438;-0,74618596
12,14398438;0,00000000
12,14898438;0,18639271
12,15398438;0,93319386
12,15898438;0,18639271
12,16398438;0,18639271
12,16898438;-0,93319386
12,17398438;0,00000000
12,17898438;0,18639271
12,18398438;0,93319386
12,18898438;-0,37278542
12,19398438;0,00000000
12,19898438;0,18639271
12,20398438;-0,18639271
12,20898438;1,67999494
12,21398438;0,55979329
12,21898438;0,00000000
12,22398438;0,37278542
12,22898438;0,18639271
12,23398438;0,55979329
12,23898438;0,00000000
12,24398438;0,55979329
12,24898438;0,18639271
12,25398438;0,74618596
12,25898438;0,18639271
12,26398438;-0,55979329
12,26898438;1,11958659
12,27398438;0,37278542
12,27898438;0,18639271
12,28398438;0,55979329
12,28898438;0,18639271
12,29398438;-0,37278542
12,29898438;-0,37278542
12,30398438;0,18639271
12,30898438;0,00000000
12,31398438;0,00000000
12,31898438;0,00000000
12,32398438;1,11958659
12,32898438;0,00000000
12,33398438;0,00000000
12,33898438;0,18639271
12,34398438;0,37278542
12,34898438;0,18639271
12,35398438;-0,37278542
12,35898438;-0,37278542
12,36398438;0,18639271
12,36898438;-0,37278542
12,37398438;0,37278542
12,37898438;0,18639271
12,38398438;-0,18639271
12,38898438;-1,49298716
12,39398438;0,00000000
12,39898438;0,18639271
12,40398438;0,00000000
12,40898438;0,00000000
12,41398438;-0,18639271
12,41898438;0,55979329
12,42398438;0,00000000
12,42898438;0,00000000
12,43398438;-0,18639271
12,43898438;0,37278542
12,44398438;0,00000000
12,44898438;0,37278542
12,45398438;0,18639271
12,45898438;-0,37278542
12,46398438;0,18639271
12,46898438;0,55979329
12,47398438;-0,55979329
12,47898438;0,18639271
12,48398438;0,00000000
12,48898438;0,00000000
12,49398438;-0,74618596
12,49898438;0,18639271
12,50398438;0,18639271
12,50898438;-2,05339551
12,51398438;0,00000000
12,51898438;0,93319386
12,52398438;0,93319386
12,52898438;-0,18639271
12,53398437;-0,37278542
12,53898437;0,00000000
12,54398437;0,00000000
12,54898437;0,74618596
12,55398437;0,00000000
12,55898437;0,37278542
12,56398437;-0,18639271
12,56898437;-0,74618596
12,57398437;0,00000000
12,57898437;0,00000000
12,58398437;-0,55979329
12,58898437;0,55979329
12,59398437;0,00000000
12,59898437;0,18639271
12,60398437;0,55979329
12,60898437;-0,18639271
12,61398437;0,55979329
12,61898437;0,55979329
12,62398437;0,00000000
12,62898437;-0,37278542
12,63398437;0,00000000
12,63898437;0,18639271
12,64398437;-1,11958659
12,64898437;0,18639271
12,65398437;-0,18639271
12,65898437;-0,74618596
12,66398437;0,18639271
12,66898437;-0,37278542
12,67398437;0,18639271
12,67898437;-0,37278542
12,68398437;-0,37278542
12,68898437;0,37278542
12,69398437;0,00000000
12,69898437;0,18639271
12,70398437;-0,37278542
12,70898437;0,18639271
12,71398437;0,00000000
12,71898437;0,18639271
12,72398437;0,18639271
12,72898437;0,00000000
12,73398437;0,37278542
12,73898437;-0,37278542
12,74398437;-0,18639271
12,74898437;0,00000000
12,75398437;0,55979329
12,75898437;0,18639271
12,76398437;0,00000000
12,76898437;-0,18639271
12,77398437;-0,37278542
12,77898437;0,18639271
12,78398437;0,37278542
12,78898437;0,55979329
12,79398437;0,37278542
12,79898437;-0,55979329
12,80398437;0,37278542
12,80898437;0,18639271
12,81398437;0,37278542
12,81898437;0,18639271
12,82398437;0,55979329
12,82898437;-1,11958659
12,83398437;0,18639271
12,83898437;0,18639271
12,84398437;0,18639271
12,84898437;0,18639271
12,85398437;-0,18639271
12,85898437;-0,37278542
12,86398437;0,18639271
12,86898437;0,18639271
12,87398437;-0,18639271
12,87898437;0,55979329
12,88398437;0,00000000
12,88898437;0,00000000
12,89398437;-0,74618596
12,89898437;0,00000000
12,90398437;0,18639271
12,90898437;-1,86638772
12,91398437;0,55979329
12,91898437;0,00000000
12,92398437;0,00000000
12,92898436;-0,18639271
12,93398436;0,00000000
12,93898436;0,18639271
12,94398436;-0,37278542
12,94898436;-0,37278542
12,95398436;-0,37278542
12,95898436;-0,18639271
12,96398436;0,18639271
12,96898436;0,55979329
12,97398436;-0,18639271
12,97898436;-0,37278542
12,98398436;0,00000000
12,98898436;-1,30659437
12,99398436;0,55979329
12,99898436;-1,30659437
13,00398436;-0,18639271
13,00898436;-0,74618596
13,01398436;-0,18639271
13,01898436;0,55979329
13,02398436;0,18639271
13,02898436;-0,18639271
13,03398436;-0,18639271
13,03898436;0,00000000
13,04398436;0,55979329
13,04898436;-0,55979329
13,05398436;-0,18639271
13,05898436;-0,55979329
13,06398436;0,55979329
13,06898436;0,93319386
13,07398436;-0,18639271
13,07898436;0,37278542
13,08398436;0,18639271
13,08898436;0,00000000
13,09398436;0,55979329
13,09898436;0,18639271
13,10398436;0,55979329
13,10898436;-0,37278542
13,11398436;-0,55979329
13,11898436;-0,74618596
13,12398436;-0,18639271
13,12898436;-0,74618596
13,13398436;-0,74618596
13,13898436;0,00000000
13,14398436;0,18639271
13,14898436;-0,37278542
13,15398436;-0,55979329
13,15898436;0,00000000
13,16398436;0,18639271
13,16898436;0,93319386
13,17398436;0,18639271
13,17898436;-0,37278542
13,18398436;0,00000000
13,18898436;-0,18639271
13,19398436;-0,37278542
13,19898436;-0,37278542
13,20398436;0,00000000
13,20898436;-0,74618596
13,21398436;0,37278542
13,21898436;1,30659437
13,22398436;0,00000000
13,22898436;-0,74618596
13,23398436;-0,37278542
13,23898436;-0,74618596
13,24398436;0,00000000
13,24898436;0,00000000
13,25398436;0,00000000
13,25898436;0,37278542
13,26398436;-0,37278542
13,26898436;-0,18639271
13,27398436;-0,37278542
13,27898436;0,18639271
13,28398436;-0,37278542
13,28898436;-0,18639271
13,29398436;0,93319386
13,29898436;-0,18639271
13,30398436;-0,37278542
13,30898436;0,18639271
13,31398436;0,74618596
13,31898436;0,00000000
13,32398436;0,55979329
13,32898435;-1,11958659
13,33398435;-0,18639271
13,33898435;-0,37278542
13,34398435;0,18639271
13,34898435;0,00000000
13,35398435;0,37278542
13,35898435;0,00000000
13,36398435;0,00000000
13,36898435;0,55979329
13,37398435;0,18639271
13,37898435;-0,18639271
13,38398435;0,18639271
13,38898435;0,18639271
13,39398435;-0,74618596
13,39898435;0,93319386
13,40398435;-0,18639271
13,40898435;0,00000000
13,41398435;0,55979329
13,41898435;0,00000000
13,42398435;-0,37278542
13,42898435;0,00000000
13,43398435;0,00000000
13,43898435;0,18639271
13,44398435;0,00000000
13,44898435;-0,37278542
13,45398435;-0,37278542
13,45898435;0,55979329
13,46398435;0,37278542
13,46898435;0,93319386
13,47398435;0,00000000
13,47898435;0,93319386
13,48398435;0,00000000
13,48898435;0,55979329
13,49398435;0,93319386
13,49898435;0,00000000
13,50398435;0,74618596
13,50898435;-0,37278542
13,51398435;-0,55979329
13,51898435;2,42679620
13,52398435;1,11958659
13,52898435;0,93319386
13,53398435;-0,37278542
13,53898435;0,93319386
13,54398435;1,30659437
13,54898435;0,00000000
13,55398435;-0,37278542
13,55898435;-0,37278542
13,56398435;-0,74618596
13,56898435;-0,55979329
13,57398435;1,49298716
13,57898435;0,18639271
13,58398435;-0,37278542
13,58898435;0,18639271
13,59398435;-0,18639271
13,59898435;-1,30659437
13,60398435;0,00000000
13,60898435;0,18639271
13,61398435;0,55979329
13,61898435;4,29379892
13,62398435;-0,74618596
13,62898435;0,00000000
13,63398435;0,00000000
13,63898435;0,37278542
13,64398435;0,00000000
13,64898435;0,55979329
13,65398435;0,18639271
13,65898435;-1,30659437
13,66398435;0,18639271
13,66898435;-0,37278542
13,67398435;-0,93319386
13,67898435;-0,37278542
13,68398435;0,18639271
13,68898435;0,37278542
13,69398435;-0,18639271
13,69898435;0,00000000
13,70398435;0,18639271
13,70898435;0,74618596
13,71398435;0,18639271
13,71898435;15,86860180
13,72398434;0,18639271
13,72898434;-0,74618596
13,73398434;0,00000000
13,73898434;0,74618596
13,74398434;0,18639271
13,74898434;0,18639271
13,75398434;0,00000000
13,75898434;0,93319386
13,76398434;0,18639271
13,76898434;0,18639271
13,77398434;0,00000000
13,77898434;-0,74618596
13,78398434;0,00000000
13,78898434;-0,37278542
13,79398434;0,55979329
13,79898434;0,18639271
13,80398434;0,93319386
13,80898434;-0,18639271
13,81398434;0,18639271
13,81898434;-2,05339551
13,82398434;0,00000000
13,82898434;0,55979329
13,83398434;0,18639271
13,83898434;0,18639271
13,84398434;-0,18639271
13,84898434;-0,18639271
13,85398434;-0,18639271
13,85898434;0,18639271
13,86398434;-0,74618596
13,86898434;0,18639271
13,87398434;0,18639271
13,87898434;0,55979329
13,88398434;0,00000000
13,88898434;-0,37278542
13,89398434;0,74618596
13,89898434;-0,37278542
13,90398434;0,18639271
13,90898434;-0,37278542
13,91398434;0,37278542
13,91898434;0,93319386
13,92398434;-1,67999494
13,92898434;-0,74618596
13,93398434;0,18639271
13,93898434;0,93319386
13,94398434;0,18639271
13,94898434;0,55979329
13,95398434;0,55979329
13,95898434;0,18639271
13,96398434;0,18639271
13,96898434;1,11958659
13,97398434;0,00000000
13,97898434;-0,37278542
13,98398434;-0,18639271
13,98898434;-0,37278542
13,99398434;0,37278542
13,99898434;-0,55979329
14,00398434;-0,74618596
14,00898434;0,37278542
14,01398434;0,55979329
14,01898434;0,18639271
14,02398434;-0,55979329
14,02898434;-1,67999494
14,03398434;-0,74618596
14,03898434;0,18639271
14,04398434;-0,55979329
14,04898434;-0,37278542
14,05398434;0,55979329
14,05898434;0,18639271
14,06398434;0,18639271
14,06898434;0,18639271
14,07398434;0,00000000
14,07898434;0,74618596
14,08398434;-0,37278542
14,08898434;0,93319386
14,09398434;0,18639271
14,09898434;0,55979329
14,10398434;-0,37278542
14,10898434;0,00000000
14,11398434;-0,55979329
14,11898433;-0,55979329
14,12398433;0,55979329
14,12898433;1,11958659
14,13398433;-0,18639271
14,13898433;1,11958659
14,14398433;0,55979329
14,14898433;0,18639271
14,15398433;-0,74618596
14,15898433;0,55979329
14,16398433;0,37278542
14,16898433;-0,18639271
14,17398433;-0,93319386
14,17898433;0,18639271
14,18398433;0,18639271
14,18898433;0,18639271
14,19398433;0,55979329
14,19898433;0,00000000
14,20398433;-0,37278542
14,20898433;-0,37278542
14,21398433;-0,18639271
14,21898433;1,49298716
14,22398433;-0,37278542
14,22898433;0,74618596
14,23398433;0,55979329
14,23898433;0,18639271
14,24398433;-0,37278542
14,24898433;-0,37278542
14,25398433;0,55979329
14,25898433;0,18639271
14,26398433;0,55979329
14,26898433;-0,18639271
14,27398433;0,18639271
14,27898433;0,18639271
14,28398433;0,18639271
14,28898433;0,55979329
14,29398433;0,18639271
14,29898433;-0,18639271
14,30398433;0,93319386
14,30898433;0,55979329
14,31398433;-0,18639271
14,31898433;0,18639271
14,32398433;-0,37278542
14,32898433;-0,18639271
14,33398433;0,55979329
14,33898433;0,00000000
14,34398433;-0,93319386
14,34898433;-0,55979329
14,35398433;0,93319386
14,35898433;-0,18639271
14,36398433;-0,37278542
14,36898433;0,18639271
14,37398433;-0,37278542
14,37898433;0,18639271
14,38398433;0,55979329
14,38898433;-0,37278542
14,39398433;-0,18639271
14,39898433;0,18639271
14,40398433;0,00000000
14,40898433;0,18639271
14,41398433;0,00000000
14,41898433;0,55979329
14,42398433;0,55979329
14,42898433;0,18639271
14,43398433;-0,37278542
14,43898433;0,00000000
14,44398433;0,37278542
14,44898433;0,37278542
14,45398433;0,00000000
14,45898433;0,00000000
14,46398433;0,00000000
14,46898433;0,93319386
14,47398433;0,18639271
14,47898433;0,00000000
14,48398433;0,74618596
14,48898433;0,74618596
14,49398433;0,55979329
14,49898433;-0,37278542
14,50398433;0,00000000
14,50898433;1,49298716
14,51398432;-0,18639271
14,51898432;0,18639271
14,52398432;0,55979329
14,52898432;-1,11958659
14,53398432;0,18639271
14,53898432;0,00000000
14,54398432;0,55979329
14,54898432;0,00000000
14,55398432;0,37278542
14,55898432;-0,55979329
14,56398432;0,00000000
14,56898432;0,00000000
14,57398432;0,55979329
14,57898432;-0,18639271
14,58398432;-0,74618596
14,58898432;0,00000000
14,59398432;0,55979329
14,59898432;0,18639271
14,60398432;-0,37278542
14,60898432;0,93319386
14,61398432;0,74618596
14,61898432;-0,37278542
14,62398432;0,00000000
14,62898432;0,18639271
14,63398432;-0,18639271
14,63898432;0,18639271
14,64398432;-0,37278542
14,64898432;0,37278542
14,65398432;0,37278542
14,65898432;-0,37278542
14,66398432;-0,37278542
14,66898432;-0,37278542
14,67398432;-0,37278542
14,67898432;0,74618596
14,68398432;0,93319386
14,68898432;0,37278542
14,69398432;-0,18639271
14,69898432;0,18639271
14,70398432;0,00000000
14,70898432;0,18639271
14,71398432;0,00000000
14,71898432;0,93319386
14,72398432;-0,93319386
14,72898432;-0,18639271
14,73398432;0,37278542
14,73898432;0,74618596
14,74398432;0,18639271
14,74898432;0,18639271
14,75398432;0,18639271
14,75898432;0,55979329
14,76398432;0,55979329
14,76898432;-0,37278542
14,77398432;0,18639271
14,77898432;0,55979329
14,78398432;0,18639271
14,78898432;0,00000000
14,79398432;0,55979329
14,79898432;-0,18639271
14,80398432;0,55979329
14,80898432;0,00000000
14,81398432;0,18639271
14,81898432;-0,18639271
14,82398432;0,00000000
14,82898432;-0,74618596
14,83398432;0,00000000
14,83898432;0,55979329
14,84398432;-0,55979329
14,84898432;-0,37278542
14,85398432;0,18639271
14,85898432;-2,61318874
14,86398432;-0,37278542
14,86898432;-0,74618596
14,87398432;0,18639271
14,87898432;-0,18639271
14,88398432;0,18639271
14,88898432;0,55979329
14,89398432;0,55979329
14,89898432;1,11958659
14,90398432;0,00000000
14,90898431;-0,18639271
14,91398431;-0,18639271
14,91898431;0,00000000
14,92398431;2,05339551
14,92898431;0,00000000
14,93398431;1,67999494
14,93898431;0,93319386
14,94398431;0,00000000
14,94898431;0,00000000
14,95398431;-0,37278542
14,95898431;0,18639271
14,96398431;-0,37278542
14,96898431;0,18639271
14,97398431;0,00000000
14,97898431;-0,37278542
14,98398431;0,00000000
14,98898431;0,55979329
14,99398431;0,00000000
14,99898431;0,55979329
15,00398431;0,18639271
15,00898431;-0,37278542
15,01398431;-0,37278542
15,01898431;0,00000000
15,02398431;-0,37278542
15,02898431;0,37278542
15,03398431;-0,55979329
15,03898431;-0,37278542
15,04398431;-3,54699802
15,04898431;0,00000000
15,05398431;0,00000000
15,05898431;0,18639271
15,06398431;0,00000000
15,06898431;-0,37278542
15,07398431;0,37278542
15,07898431;0,00000000
15,08398431;0,55979329
15,08898431;1,11958659
15,09398431;-0,74618596
15,09898431;0,74618596
15,10398431;-0,37278542
15,10898431;-0,37278542
15,11398431;0,74618596
15,11898431;0,55979329
15,12398431;0,00000000
15,12898431;0,18639271
15,13398431;0,00000000
15,13898431;0,18639271
15,14398431;0,55979329
15,14898431;0,55979329
15,15398431;-0,74618596
15,15898431;0,00000000
15,16398431;0,00000000
15,16898431;0,37278542
15,17398431;-0,93319386
15,17898431;1,30659437
15,18398431;0,18639271
15,18898431;-0,55979329
15,19398431;-0,18639271
15,19898431;0,00000000
15,20398431;0,00000000
15,20898431;0,00000000
15,21398431;0,55979329
15,21898431;0,18639271
15,22398431;0,18639271
15,22898431;0,18639271
15,23398431;0,93319386
15,23898431;0,55979329
15,24398431;-0,18639271
15,24898431;0,55979329
15,25398431;0,18639271
15,25898431;0,00000000
15,26398431;-0,74618596
15,26898431;0,37278542
15,27398431;0,00000000
15,27898431;-1,30659437
15,28398431;0,37278542
15,28898431;0,55979329
15,29398431;0,00000000
15,29898431;0,00000000
15,30398430;-0,37278542
15,30898430;0,93319386
15,31398430;-0,37278542
15,31898430;0,00000000
15,32398430;-1,30659437
15,32898430;0,37278542
15,33398430;0,37278542
15,33898430;1,11958659
15,34398430;0,55979329
15,34898430;-0,37278542
15,35398430;1,49298716
15,35898430;0,00000000
15,36398430;0,00000000
15,36898430;-0,37278542
15,37398430;0,37278542
15,37898430;0,55979329
15,38398430;0,93319386
15,38898430;-0,37278542
15,39398430;0,00000000
15,39898430;-1,49298716
15,40398430;0,18639271
15,40898430;0,00000000
15,41398430;0,18639271
15,41898430;0,18639271
15,42398430;0,18639271
15,42898430;0,18639271
15,43398430;0,37278542
15,43898430;0,00000000
15,44398430;0,00000000
15,44898430;3,17359710
15,45398430;0,00000000
15,45898430;-0,18639271
15,46398430;0,18639271
15,46898430;-0,93319386
15,47398430;-0,37278542
15,47898430;-0,55979329
15,48398430;0,55979329
15,48898430;0,37278542
15,49398430;0,00000000
15,49898430;-0,37278542
15,50398430;0,37278542
15,50898430;0,37278542
15,51398430;0,74618596
15,51898430;0,18639271
15,52398430;-0,37278542
15,52898430;0,18639271
15,53398430;-1,11958659
15,53898430;0,18639271
15,54398430;-0,55979329
15,54898430;0,00000000
15,55398430;0,74618596
15,55898430;0,55979329
15,56398430;0,18639271
15,56898430;-0,18639271
15,57398430;0,18639271
15,57898430;0,93319386
15,58398430;0,55979329
15,58898430;0,18639271
15,59398430;0,55979329
15,59898430;0,00000000
15,60398430;-0,37278542
15,60898430;0,00000000
15,61398430;0,74618596
15,61898430;0,00000000
15,62398430;-0,37278542
15,62898430;0,37278542
15,63398430;-0,18639271
15,63898430;-0,37278542
15,64398430;-0,18639271
15,64898430;0,18639271
15,65398430;0,37278542
15,65898430;-0,37278542
15,66398430;0,55979329
15,66898430;0,55979329
15,67398430;0,00000000
15,67898430;0,74618596
15,68398430;0,00000000
15,68898430;-0,18639271
15,69398430;-0,37278542
15,69898430;0,37278542
15,70398429;-0,37278542
15,70898429;0,93319386
15,71398429;0,18639271
15,71898429;0,00000000
15,72398429;0,00000000
15,72898429;0,00000000
15,73398429;0,93319386
15,73898429;0,55979329
15,74398429;0,18639271
15,74898429;0,18639271
15,75398429;0,18639271
15,75898429;0,00000000
15,76398429;0,00000000
15,76898429;0,55979329
15,77398429;-0,37278542
15,77898429;0,00000000
15,78398429;0,55979329
15,78898429;0,18639271
15,79398429;0,00000000
15,79898429;0,18639271
15,80398429;-0,74618596
15,80898429;0,00000000
15,81398429;0,00000000
15,81898429;0,37278542
15,82398429;0,18639271
15,82898429;0,18639271
15,83398429;0,37278542
15,83898429;1,49298716
15,84398429;0,37278542
15,84898429;-0,55979329
15,85398429;0,18639271
15,85898429;0,55979329
15,86398429;-0,37278542
15,86898429;0,55979329
15,87398429;0,00000000
15,87898429;-0,18639271
15,88398429;0,00000000
15,88898429;-0,37278542
15,89398429;0,18639271
15,89898429;-0,55979329
15,90398429;0,18639271
15,90898429;0,00000000
15,91398429;-0,18639271
15,91898429;-0,37278542
15,92398429;-0,18639271
15,92898429;-0,93319386
15,93398429;0,37278542
15,93898429;0,93319386
15,94398429;0,18639271
15,94898429;0,37278542
15,95398429;1,11958659
15,95898429;-0,37278542
15,96398429;0,37278542
15,96898429;-0,18639271
15,97398429;0,00000000
15,97898429;-0,18639271
15,98398429;0,18639271
15,98898429;-0,37278542
15,99398429;0,18639271
15,99898429;-0,74618596
16,00398429;0,00000000
16,00898429;-0,74618596
16,01398429;0,55979329
16,01898429;-0,37278542
16,02398429;0,00000000
16,02898429;-0,37278542
16,03398429;-0,74618596
16,03898429;0,00000000
16,04398429;-0,37278542
16,04898429;-0,74618596
16,05398429;0,18639271
16,05898429;0,18639271
16,06398429;0,18639271
16,06898429;-0,37278542
16,07398429;0,55979329
16,07898429;-0,18639271
16,08398429;-0,37278542
16,08898429;-2,80019665
16,09398429;0,18639271
16,09898428;0,18639271
16,10398428;0,18639271
16,10898428;0,37278542
16,11398428;0,18639271
16,11898428;0,37278542
16,12398428;0,00000000
16,12898428;0,55979329
16,13398428;0,18639271
16,13898428;-0,55979329
16,14398428;0,37278542
16,14898428;-0,18639271
16,15398428;1,30659437
16,15898428;0,18639271
16,16398428;0,37278542
16,16898428;0,18639271
16,17398428;-0,37278542
16,17898428;0,18639271
16,18398428;-0,55979329
16,18898428;0,55979329
16,19398428;-0,74618596
16,19898428;0,55979329
16,20398428;0,18639271
16,20898428;-0,18639271
16,21398428;-0,93319386
16,21898428;-0,37278542
16,22398428;-0,37278542
16,22898428;-0,55979329
16,23398428;-0,93319386
16,23898428;0,00000000
16,24398428;-0,18639271
16,24898428;0,18639271
16,25398428;0,00000000
16,25898428;0,55979329
16,26398428;0,00000000
16,26898428;-0,37278542
16,27398428;-0,18639271
16,27898428;0,55979329
16,28398428;0,37278542
16,28898428;0,18639271
16,29398428;-0,18639271
16,29898428;0,00000000
16,30398428;0,37278542
16,30898428;0,00000000
16,31398428;0,18639271
16,31898428;-0,55979329
16,32398428;0,18639271
16,32898428;-0,37278542
16,33398428;-0,18639271
16,33898428;0,74618596
16,34398428;-0,37278542
16,34898428;0,37278542
16,35398428;0,55979329
16,35898428;-0,93319386
16,36398428;-0,18639271
16,36898428;-0,74618596
16,37398428;0,55979329
16,37898428;-0,18639271
16,38398428;0,37278542
16,38898428;-0,18639271
16,39398428;0,37278542
16,39898428;0,00000000
16,40398428;0,18639271
16,40898428;0,93319386
16,41398428;0,18639271
16,41898428;0,00000000
16,42398428;0,74618596
16,42898428;-0,18639271
16,43398428;0,37278542
16,43898428;1,86638772
16,44398428;0,00000000
16,44898428;0,37278542
16,45398428;-0,37278542
16,45898428;0,00000000
16,46398428;0,37278542
16,46898428;0,00000000
16,47398428;0,00000000
16,47898428;0,37278542
16,48398428;0,00000000
16,48898428;0,55979329
16,49398427;0,18639271
16,49898427;1,11958659
16,50398427;0,00000000
16,50898427;-0,37278542
16,51398427;-0,18639271
16,51898427;0,55979329
16,52398427;-0,18639271
16,52898427;-0,37278542
16,53398427;0,00000000
16,53898427;-0,55979329
16,54398427;-0,37278542
16,54898427;0,37278542
16,55398427;1,11958659
16,55898427;0,74618596
16,56398427;0,37278542
16,56898427;-0,18639271
16,57398427;0,00000000
16,57898427;0,18639271
16,58398427;0,18639271
16,58898427;0,93319386
16,59398427;0,18639271
16,59898427;1,11958659
16,60398427;-0,37278542
16,60898427;0,93319386
16,61398427;0,18639271
16,61898427;0,55979329
16,62398427;-0,93319386
16,62898427;0,00000000
16,63398427;0,37278542
16,63898427;0,18639271
16,64398427;0,00000000
16,64898427;0,18639271
16,65398427;0,18639271
16,65898427;-0,55979329
16,66398427;0,18639271
16,66898427;-0,74618596
16,67398427;0,00000000
16,67898427;0,55979329
16,68398427;0,00000000
16,68898427;0,00000000
16,69398427;0,55979329
16,69898427;0,37278542
16,70398427;0,00000000
16,70898427;13,25479698
16,71398427;0,55979329
16,71898427;0,18639271
16,72398427;0,55979329
16,72898427;-0,55979329
16,73398427;0,93319386
16,73898427;0,55979329
16,74398427;0,18639271
16,74898427;0,37278542
16,75398427;0,18639271
16,75898427;-1,11958659
16,76398427;0,00000000
16,76898427;-0,37278542
16,77398427;0,00000000
16,77898427;-0,93319386
16,78398427;-0,74618596
16,78898427;-0,37278542
16,79398427;0,37278542
16,79898427;0,18639271
16,80398427;-0,18639271
16,80898427;0,37278542
16,81398427;0,74618596
16,81898427;0,37278542
16,82398427;0,18639271
16,82898427;-0,37278542
16,83398427;0,00000000
16,83898427;-0,18639271
16,84398427;-0,37278542
16,84898427;0,00000000
16,85398427;0,18639271
16,85898427;0,74618596
16,86398427;-0,37278542
16,86898427;-0,55979329
16,87398427;0,18639271
16,87898427;-0,55979329
16,88398427;0,00000000
16,88898426;0,18639271
16,89398426;0,37278542
16,89898426;0,37278542
16,90398426;-0,55979329
16,90898426;0,18639271
16,91398426;0,55979329
16,91898426;-0,74618596
16,92398426;0,18639271
16,92898426;-1,11958659
16,93398426;0,55979329
16,93898426;0,00000000
16,94398426;-0,55979329
16,94898426;0,55979329
16,95398426;-0,74618596
16,95898426;0,18639271
16,96398426;0,74618596
16,96898426;-0,18639271
16,97398426;-0,37278542
16,97898426;0,00000000
16,98398426;0,37278542
16,98898426;0,00000000
16,99398426;-0,74618596
16,99898426;0,55979329
17,00398426;0,55979329
17,00898426;0,18639271
17,01398426;-0,55979329
17,01898426;0,00000000
17,02398426;0,00000000
17,02898426;0,55979329
17,03398426;0,74618596
17,03898426;0,18639271
17,04398426;0,37278542
17,04898426;-0,37278542
17,05398426;0,00000000
17,05898426;0,37278542
17,06398426;-0,37278542
17,06898426;0,18639271
17,07398426;0,55979329
17,07898426;-0,93319386
17,08398426;-0,18639271
17,08898426;0,55979329
17,09398426;-0,18639271
17,09898426;0,55979329
17,10398426;0,74618596
17,10898426;0,18639271
17,11398426;0,55979329
17,11898426;-1,11958659
17,12398426;0,18639271
17,12898426;0,00000000
17,13398426;0,18639271
17,13898426;-0,18639271
17,14398426;1,11958659
17,14898426;0,18639271
17,15398426;-0,74618596
17,15898426;0,74618596
17,16398426;0,18639271
17,16898426;0,18639271
17,17398426;1,11958659
17,17898426;-0,18639271
17,18398426;0,37278542
17,18898426;0,00000000
17,19398426;0,18639271
17,19898426;0,55979329
17,20398426;0,74618596
17,20898426;0,00000000
17,21398426;-0,18639271
17,21898426;-0,18639271
17,22398426;0,18639271
17,22898426;-0,18639271
17,23398426;0,18639271
17,23898426;0,18639271
17,24398426;-0,37278542
17,24898426;-0,37278542
17,25398426;1,30659437
17,25898426;0,93319386
17,26398426;0,55979329
17,26898426;0,37278542
17,27398426;0,18639271
17,27898426;0,93319386
17,28398425;0,55979329
17,28898425;1,67999494
17,29398425;1,30659437
17,29898425;-0,37278542
17,30398425;0,37278542
17,30898425;1,49298716
17,31398425;0,18639271
17,31898425;0,55979329
17,32398425;0,55979329
17,32898425;-0,74618596
17,33398425;-0,37278542
17,33898425;-0,55979329
17,34398425;0,00000000
17,34898425;0,37278542
17,35398425;0,18639271
17,35898425;0,18639271
17,36398425;0,18639271
17,36898425;0,00000000
17,37398425;-0,55979329
17,37898425;-0,37278542
17,38398425;0,55979329
17,38898425;-0,37278542
17,39398425;0,18639271
17,39898425;0,00000000
17,40398425;-0,18639271
17,40898425;0,55979329
17,41398425;-0,18639271
17,41898425;0,74618596
17,42398425;-0,37278542
17,42898425;0,74618596
17,43398425;-0,18639271
17,43898425;0,00000000
17,44398425;0,93319386
17,44898425;0,00000000
17,45398425;-0,18639271
17,45898425;0,00000000
17,46398425;0,18639271
17,46898425;0,18639271
17,47398425;0,18639271
17,47898425;-0,18639271
17,48398425;-0,37278542
17,48898425;0,00000000
17,49398425;-0,74618596
17,49898425;0,37278542
17,50398425;0,74618596
17,50898425;0,00000000
17,51398425;0,00000000
17,51898425;0,74618596
17,52398425;0,37278542
17,52898425;-0,18639271
17,53398425;-0,18639271
17,53898425;0,74618596
17,54398425;0,18639271
17,54898425;0,74618596
17,55398425;0,55979329
17,55898425;-0,37278542
17,56398425;-0,74618596
17,56898425;-0,37278542
17,57398425;-0,55979329
17,57898425;0,00000000
17,58398425;1,11958659
17,58898425;0,18639271
17,59398425;0,18639271
17,59898425;0,55979329
17,60398425;0,18639271
17,60898425;0,55979329
17,61398425;-0,37278542
17,61898425;-0,18639271
17,62398425;-0,37278542
17,62898425;-0,37278542
17,63398425;0,37278542
17,63898425;1,11958659
17,64398425;-0,37278542
17,64898425;0,37278542
17,65398425;-0,55979329
17,65898425;0,00000000
17,66398425;0,00000000
17,66898425;-0,74618596
17,67398425;-0,18639271
17,67898424;0,00000000
17,68398424;-0,37278542
17,68898424;-0,37278542
17,69398424;0,74618596
17,69898424;0,93319386
17,70398424;0,55979329
17,70898424;0,55979329
17,71398424;0,18639271
17,71898424;0,18639271
17,72398424;0,18639271
17,72898424;0,18639271
17,73398424;0,00000000
17,73898424;-1,49298716
17,74398424;0,18639271
17,74898424;0,00000000
17,75398424;-0,37278542
17,75898424;0,00000000
17,76398424;-0,37278542
17,76898424;0,55979329
17,77398424;0,55979329
17,77898424;-0,18639271
17,78398424;-0,74618596
17,78898424;-0,74618596
17,79398424;0,74618596
17,79898424;-0,37278542
17,80398424;-0,37278542
17,80898424;0,55979329
17,81398424;0,55979329
17,81898424;0,00000000
17,82398424;0,18639271
17,82898424;0,00000000
17,83398424;0,37278542
17,83898424;0,00000000
17,84398424;0,55979329
17,84898424;0,00000000
17,85398424;0,00000000
17,85898424;0,00000000
17,86398424;-0,18639271
17,86898424;0,18639271
17,87398424;0,55979329
17,87898424;0,18639271
17,88398424;-0,37278542
17,88898424;1,11958659
17,89398424;-0,18639271
17,89898424;7,28038836
17,90398424;-0,18639271
17,90898424;0,18639271
17,91398424;0,00000000
17,91898424;0,55979329
17,92398424;-0,37278542
17,92898424;0,18639271
17,93398424;-0,55979329
17,93898424;0,55979329
17,94398424;-0,18639271
17,94898424;0,18639271
17,95398424;-0,93319386
17,95898424;1,67999494
17,96398424;0,18639271
17,96898424;2,05339551
17,97398424;0,18639271
17,97898424;0,18639271
17,98398424;0,18639271
17,98898424;-0,55979329
17,99398424;-0,37278542
17,99898424;0,00000000
18,00398424;-0,37278542
18,00898424;-0,37278542
18,01398424;0,18639271
18,01898424;-0,18639271
18,02398424;0,55979329
18,02898424;0,18639271
18,03398424;0,55979329
18,03898424;0,00000000
18,04398424;0,55979329
18,04898424;0,55979329
18,05398424;0,37278542
18,05898424;0,37278542
18,06398424;-0,18639271
18,06898424;0,37278542
18,07398424;-0,18639271
18,07898423;0,00000000
18,08398423;0,00000000
18,08898423;0,18639271
18,09398423;0,18639271
18,09898423;0,55979329
18,10398423;0,00000000
18,10898423;0,93319386
18,11398423;0,00000000
18,11898423;0,37278542
18,12398423;-0,74618596
18,12898423;0,18639271
18,13398423;-0,55979329
18,13898423;0,37278542
18,14398423;-0,18639271
18,14898423;-0,37278542
18,15398423;1,11958659
18,15898423;-0,18639271
18,16398423;0,37278542
18,16898423;0,74618596
18,17398423;3,35998988
18,17898423;0,18639271
18,18398423;0,18639271
18,18898423;0,37278542
18,19398423;0,37278542
18,19898423;0,00000000
18,20398423;0,93319386
18,20898423;0,18639271
18,21398423;-0,18639271
18,21898423;0,18639271
18,22398423;-0,37278542
18,22898423;0,74618596
18,23398423;0,18639271
18,23898423;0,37278542
18,24398423;0,18639271
18,24898423;0,55979329
18,25398423;-0,37278542
18,25898423;-0,18639271
18,26398423;0,55979329
18,26898423;-0,37278542
18,27398423;0,37278542
18,27898423;-0,18639271
18,28398423;0,37278542
18,28898423;-0,37278542
18,29398423;0,74618596
18,29898423;0,37278542
18,30398423;0,55979329
18,30898423;0,00000000
18,31398423;-0,74618596
18,31898423;0,00000000
18,32398423;0,18639271
18,32898423;0,93319386
18,33398423;0,55979329
18,33898423;-0,37278542
18,34398423;0,18639271
18,34898423;0,55979329
18,35398423;-0,18639271
18,35898423;0,18639271
18,36398423;-0,37278542
18,36898423;0,93319386
18,37398423;1,11958659
18,37898423;0,18639271
18,38398423;0,74618596
18,38898423;0,93319386
18,39398423;-0,37278542
18,39898423;-0,74618596
18,40398423;0,37278542
18,40898423;0,00000000
18,41398423;0,93319386
18,41898423;0,00000000
18,42398423;-0,37278542
18,42898423;0,18639271
18,43398423;0,55979329
18,43898423;0,00000000
18,44398423;0,00000000
18,44898423;0,55979329
18,45398423;-0,37278542
18,45898423;0,18639271
18,46398423;0,18639271
18,46898423;0,00000000
18,47398422;0,00000000
18,47898422;6,53358746
18,48398422;0,55979329
18,48898422;0,18639271
18,49398422;0,00000000
18,49898422;0,37278542
18,50398422;-0,18639271
18,50898422;-0,37278542
18,51398422;-0,55979329
18,51898422;0,00000000
18,52398422;0,55979329
18,52898422;0,18639271
18,53398422;0,18639271
18,53898422;0,37278542
18,54398422;-1,11958659
18,54898422;0,18639271
18,55398422;-0,18639271
18,55898422;-0,55979329
18,56398422;0,00000000
18,56898422;0,55979329
18,57398422;0,37278542
18,57898422;0,18639271
18,58398422;-0,55979329
18,58898422;0,18639271
18,59398422;0,37278542
18,59898422;0,93319386
18,60398422;0,00000000
18,60898422;0,55979329
18,61398422;0,18639271
18,61898422;0,37278542
18,62398422;0,55979329
18,62898422;0,55979329
18,63398422;0,37278542
18,63898422;0,37278542
18,64398422;-0,37278542
18,64898422;0,18639271
18,65398422;0,93319386
18,65898422;1,11958659
18,66398422;0,18639271
18,66898422;0,00000000
18,67398422;0,18639271
18,67898422;0,18639271
18,68398422;0,18639271
18,68898422;0,93319386
18,69398422;-0,18639271
18,69898422;0,37278542
18,70398422;0,00000000
18,70898422;0,00000000
18,71398422;0,55979329
18,71898422;0,18639271
18,72398422;0,55979329
18,72898422;0,00000000
18,73398422;-0,37278542
18,73898422;-1,49298716
18,74398422;0,37278542
18,74898422;0,00000000
18,75398422;-1,11958659
18,75898422;0,00000000
18,76398422;0,18639271
18,76898422;-0,74618596
18,77398422;0,00000000
18,77898422;0,93319386
18,78398422;0,93319386
18,78898422;-0,18639271
18,79398422;0,37278542
18,79898422;-0,37278542
18,80398422;0,93319386
18,80898422;0,00000000
18,81398422;-0,55979329
18,81898422;-0,18639271
18,82398422;0,18639271
18,82898422;-0,18639271
18,83398422;0,18639271
18,83898422;0,18639271
18,84398422;0,00000000
18,84898422;0,00000000
18,85398422;0,18639271
18,85898422;0,37278542
18,86398422;0,37278542
18,86898421;-0,37278542
18,87398421;0,00000000
18,87898421;0,00000000
18,88398421;-0,37278542
18,88898421;0,55979329
18,89398421;0,00000000
18,89898421;0,00000000
18,90398421;0,18639271
18,90898421;0,00000000
18,91398421;-0,37278542
18,91898421;0,55979329
18,92398421;0,18639271
18,92898421;0,18639271
18,93398421;0,18639271
18,93898421;0,00000000
18,94398421;-0,37278542
18,94898421;1,30659437
18,95398421;0,55979329
18,95898421;-0,18639271
18,96398421;0,37278542
18,96898421;0,37278542
18,97398421;0,55979329
18,97898421;0,55979329
18,98398421;0,00000000
18,98898421;-0,74618596
18,99398421;-0,18639271
18,99898421;-0,55979329
19,00398421;0,00000000
19,00898421;0,55979329
19,01398421;0,00000000
19,01898421;0,00000000
19,02398421;0,55979329
19,02898421;1,49298716
19,03398421;0,18639271
19,03898421;0,18639271
19,04398421;-0,74618596
19,04898421;0,93319386
19,05398421;0,55979329
19,05898421;0,00000000
19,06398421;0,00000000
19,06898421;-0,55979329
19,07398421;0,37278542
19,07898421;0,18639271
19,08398421;-1,30659437
19,08898421;0,93319386
19,09398421;-0,37278542
19,09898421;0,55979329
19,10398421;0,37278542
19,10898421;-0,37278542
19,11398421;0,18639271
19,11898421;0,55979329
19,12398421;0,18639271
19,12898421;0,55979329
19,13398421;0,74618596
19,13898421;0,18639271
19,14398421;-0,18639271
19,14898421;0,18639271
19,15398421;1,49298716
19,15898421;1,86638772
19,16398421;-0,37278542
19,16898421;0,37278542
19,17398421;-0,37278542
19,17898421;0,00000000
19,18398421;0,00000000
19,18898421;0,00000000
19,19398421;-0,37278542
19,19898421;0,55979329
19,20398421;0,00000000
19,20898421;0,00000000
19,21398421;0,00000000
19,21898421;0,55979329
19,22398421;-0,37278542
19,22898421;0,00000000
19,23398421;-0,37278542
19,23898421;0,00000000
19,24398421;0,00000000
19,24898421;-0,93319386
19,25398421;0,00000000
19,25898421;0,00000000
19,26398420;-0,37278542
19,26898420;-0,18639271
19,27398420;0,37278542
19,27898420;0,18639271
19,28398420;0,00000000
19,28898420;0,00000000
19,29398420;0,93319386
19,29898420;-0,37278542
19,30398420;0,37278542
19,30898420;-10,08120060
19,31398420;0,00000000
19,31898420;0,00000000
19,32398420;0,00000000
19,32898420;-0,37278542
19,33398420;-0,55979329
19,33898420;-0,37278542
19,34398420;-0,18639271
19,34898420;0,00000000
19,35398420;1,49298716
19,35898420;0,00000000
19,36398420;0,37278542
19,36898420;-1,30659437
19,37398420;0,18639271
19,37898420;-0,18639271
19,38398420;-0,18639271
19,38898420;0,55979329
19,39398420;0,18639271
19,39898420;0,00000000
19,40398420;0,55979329
19,40898420;0,00000000
19,41398420;-0,37278542
19,41898420;0,00000000
19,42398420;-0,55979329
19,42898420;-0,37278542
19,43398420;0,00000000
19,43898420;0,55979329
19,44398420;-0,74618596
19,44898420;0,18639271
19,45398420;0,18639271
19,45898420;-0,74618596
19,46398420;0,00000000
19,46898420;-0,18639271
19,47398420;0,37278542
19,47898420;0,18639271
19,48398420;0,55979329
19,48898420;-0,74618596
19,49398420;-0,37278542
19,49898420;0,18639271
19,50398420;0,55979329
19,50898420;0,00000000
19,51398420;0,18639271
19,51898420;-0,37278542
19,52398420;0,18639271
19,52898420;0,18639271
19,53398420;0,55979329
19,53898420;0,18639271
19,54398420;-0,18639271
19,54898420;-0,37278542
19,55398420;-0,18639271
19,55898420;0,74618596
19,56398420;-0,37278542
19,56898420;-0,55979329
19,57398420;0,37278542
19,57898420;0,18639271
19,58398420;0,93319386
19,58898420;0,55979329
19,59398420;-0,37278542
19,59898420;0,00000000
19,60398420;0,00000000
19,60898420;-0,74618596
19,61398420;-0,37278542
19,61898420;-0,18639271
19,62398420;-0,18639271
19,62898420;0,18639271
19,63398420;0,18639271
19,63898420;0,55979329
19,64398420;-1,11958659
19,64898420;0,18639271
19,65398420;0,18639271
19,65898419;0,18639271
19,66398419;-0,37278542
19,66898419;0,00000000
19,67398419;0,00000000
19,67898419;-0,37278542
19,68398419;-0,55979329
19,68898419;0,37278542
19,69398419;-0,37278542
19,69898419;0,00000000
19,70398419;-0,37278542
19,70898419;0,55979329
19,71398419;0,00000000
19,71898419;0,18639271
19,72398419;0,00000000
19,72898419;0,74618596
19,73398419;-0,18639271
19,73898419;0,00000000
19,74398419;-0,74618596
19,74898419;-0,74618596
19,75398419;0,18639271
19,75898419;0,00000000
19,76398419;0,55979329
19,76898419;-0,18639271
19,77398419;0,18639271
19,77898419;-0,93319386
19,78398419;0,18639271
19,78898419;0,37278542
19,79398419;-0,37278542
19,79898419;0,93319386
19,80398419;0,00000000
19,80898419;0,18639271
19,81398419;0,18639271
19,81898419;-0,18639271
19,82398419;-0,37278542
19,82898419;0,00000000
19,83398419;-0,74618596
19,83898419;0,37278542
19,84398419;0,00000000
19,84898419;-0,18639271
19,85398419;-0,55979329
19,85898419;0,55979329
19,86398419;0,00000000
19,86898419;0,00000000
19,87398419;0,00000000
19,87898419;0,00000000
19,88398419;0,18639271
19,88898419;0,18639271
19,89398419;-0,18639271
19,89898419;1,11958659
19,90398419;0,37278542
19,90898419;-0,37278542
19,91398419;-0,37278542
19,91898419;-0,37278542
19,92398419;-0,55979329
19,92898419;0,18639271
19,93398419;-0,37278542
19,93898419;0,93319386
19,94398419;-0,55979329
19,94898419;0,00000000
19,95398419;-0,37278542
19,95898419;0,18639271
19,96398419;0,18639271
19,96898419;-0,93319386
19,97398419;0,37278542
19,97898419;-0,37278542
19,98398419;0,74618596
19,98898419;0,18639271
19,99398419;-0,37278542
19,99898419;-0,55979329
20,00398419;-1,11958659
20,00898419;0,93319386
20,01398419;0,00000000
20,01898419;0,18639271
20,02398419;0,00000000
20,02898419;0,37278542
20,03398419;0,55979329
20,03898419;-0,74618596
20,04398419;0,37278542
20,04898419;-1,11958659
20,05398418;-0,74618596
20,05898418;0,18639271
20,06398418;0,18639271
20,06898418;-0,37278542
20,07398418;-0,74618596
20,07898418;0,55979329
20,08398418;0,00000000
20,08898418;1,11958659
20,09398418;0,00000000
20,09898418;0,18639271
20,10398418;0,74618596
20,10898418;0,00000000
20,11398418;0,37278542
20,11898418;0,55979329
20,12398418;0,00000000
20,12898418;0,00000000
20,13398418;0,37278542
20,13898418;0,00000000
20,14398418;-0,55979329
20,14898418;0,00000000
20,15398418;-1,11958659
20,15898418;1,11958659
20,16398418;0,00000000
20,16898418;0,37278542
20,17398418;0,18639271
20,17898418;0,00000000
20,18398418;1,86638772
20,18898418;0,00000000
20,19398418;-0,74618596
20,19898418;0,18639271
20,20398418;0,18639271
20,20898418;0,00000000
20,21398418;0,18639271
20,21898418;0,18639271
20,22398418;-0,74618596
20,22898418;0,37278542
20,23398418;0,37278542
20,23898418;0,00000000
20,24398418;-0,18639271
20,24898418;0,00000000
20,25398418;0,18639271
20,25898418;-0,74618596
20,26398418;-0,18639271
20,26898418;0,18639271
20,27398418;0,18639271
20,27898418;0,55979329
20,28398418;0,00000000
20,28898418;0,93319386
20,29398418;0,55979329
20,29898418;-0,18639271
20,30398418;-0,37278542
20,30898418;-1,11958659
20,31398418;0,18639271
20,31898418;0,18639271
20,32398418;0,00000000
20,32898418;0,18639271
20,33398418;-0,74618596
20,33898418;-0,37278542
20,34398418;-0,37278542
20,34898418;0,55979329
20,35398418;0,18639271
20,35898418;-0,37278542
20,36398418;0,00000000
20,36898418;1,86638772
20,37398418;0,00000000
20,37898418;0,55979329
20,38398418;0,93319386
20,38898418;0,00000000
20,39398418;0,37278542
20,39898418;0,00000000
20,40398418;-0,37278542
20,40898418;0,00000000
20,41398418;-0,18639271
20,41898418;0,00000000
20,42398418;0,18639271
20,42898418;-0,55979329
20,43398418;0,18639271
20,43898418;-0,37278542
20,44398418;-0,74618596
20,44898418;-0,37278542
20,45398417;-1,11958659
20,45898417;-0,18639271
20,46398417;-0,55979329
20,46898417;0,37278542
20,47398417;0,37278542
20,47898417;0,00000000
20,48398417;-0,37278542
20,48898417;-0,93319386
20,49398417;0,37278542
20,49898417;-0,37278542
20,50398417;0,18639271
20,50898417;0,55979329
20,51398417;0,00000000
20,51898417;0,37278542
20,52398417;-0,37278542
20,52898417;-0,55979329
20,53398417;0,18639271
20,53898417;-0,37278542
20,54398417;0,18639271
20,54898417;0,74618596
20,55398417;-0,74618596
20,55898417;-0,37278542
20,56398417;0,00000000
20,56898417;-1,67999494
20,57398417;0,37278542
20,57898417;0,93319386
20,58398417;0,00000000
20,58898417;0,18639271
20,59398417;-0,37278542
20,59898417;-0,18639271
20,60398417;0,55979329
20,60898417;0,93319386
20,61398417;0,55979329
20,61898417;0,55979329
20,62398417;0,74618596
20,62898417;0,18639271
20,63398417;0,18639271
20,63898417;0,18639271
20,64398417;-1,11958659
20,64898417;0,00000000
20,65398417;-0,18639271
20,65898417;1,11958659
20,66398417;0,00000000
20,66898417;0,74618596
20,67398417;-0,37278542
20,67898417;0,18639271
20,68398417;-0,74618596
20,68898417;0,18639271
20,69398417;0,18639271
20,69898417;0,93319386
20,70398417;-0,37278542
20,70898417;0,55979329
20,71398417;0,93319386
20,71898417;0,00000000
20,72398417;0,00000000
20,72898417;0,00000000
20,73398417;0,00000000
20,73898417;0,00000000
20,74398417;0,18639271
20,74898417;0,18639271
20,75398417;0,00000000
20,75898417;-0,18639271
20,76398417;-0,37278542
20,76898417;-1,11958659
20,77398417;0,55979329
20,77898417;0,18639271
20,78398417;0,93319386
20,78898417;-0,18639271
20,79398417;0,37278542
20,79898417;0,55979329
20,80398417;-0,18639271
20,80898417;-0,55979329
20,81398417;0,00000000
20,81898417;-0,37278542
20,82398417;0,00000000
20,82898417;-0,37278542
20,83398417;0,18639271
20,83898417;0,55979329
20,84398417;0,55979329
20,84898416;0,93319386
20,85398416;0,00000000
20,85898416;0,00000000
20,86398416;0,00000000
20,86898416;-0,37278542
20,87398416;-0,74618596
20,87898416;0,93319386
20,88398416;0,00000000
20,88898416;0,37278542
20,89398416;-0,18639271
20,89898416;0,37278542
20,90398416;0,18639271
20,90898416;-0,37278542
20,91398416;-0,18639271
20,91898416;0,18639271
20,92398416;0,18639271
20,92898416;0,18639271
20,93398416;1,49298716
20,93898416;0,55979329
20,94398416;0,00000000
20,94898416;0,18639271
20,95398416;0,00000000
20,95898416;0,55979329
20,96398416;0,18639271
20,96898416;-0,37278542
20,97398416;-0,55979329
20,97898416;0,18639271
20,98398416;-0,74618596
20,98898416;0,37278542
20,99398416;-0,18639271
20,99898416;-0,37278542
21,00398416;0,18639271
21,00898416;0,00000000
21,01398416;-0,74618596
21,01898416;-0,55979329
21,02398416;0,00000000
21,02898416;-0,74618596
21,03398416;0,00000000
21,03898416;0,55979329
21,04398416;-0,37278542
21,04898416;0,18639271
21,05398416;0,18639271
21,05898416;0,55979329
21,06398416;0,00000000
21,06898416;0,00000000
21,07398416;0,18639271
21,07898416;0,00000000
21,08398416;0,00000000
21,08898416;-0,37278542
21,09398416;0,00000000
21,09898416;0,18639271
21,10398416;0,18639271
21,10898416;0,00000000
21,11398416;-0,37278542
21,11898416;-0,37278542
21,12398416;0,37278542
21,12898416;-0,18639271
21,13398416;0,00000000
21,13898416;0,00000000
21,14398416;0,00000000
21,14898416;0,18639271
21,15398416;0,55979329
21,15898416;0,37278542
21,16398416;-0,37278542
21,16898416;0,00000000
21,17398416;0,00000000
21,17898416;0,18639271
21,18398416;-0,37278542
21,18898416;-0,18639271
21,19398416;0,18639271
21,19898416;-0,18639271
21,20398416;0,55979329
21,20898416;-0,55979329
21,21398416;0,18639271
21,21898416;-0,93319386
21,22398416;0,18639271
21,22898416;-0,37278542
21,23398416;-0,18639271
21,23898416;0,18639271
21,24398415;-0,93319386
21,24898415;0,55979329
21,25398415;0,18639271
21,25898415;0,00000000
21,26398415;0,00000000
21,26898415;-0,18639271
21,27398415;1,49298716
21,27898415;1,86638772
21,28398415;-0,37278542
21,28898415;0,18639271
21,29398415;0,18639271
21,29898415;0,37278542
21,30398415;0,00000000
21,30898415;0,18639271
21,31398415;0,18639271
21,31898415;0,37278542
21,32398415;0,37278542
21,32898415;0,55979329
21,33398415;-0,18639271
21,33898415;0,18639271
21,34398415;0,93319386
21,34898415;0,18639271
21,35398415;-0,37278542
21,35898415;-0,18639271
21,36398415;0,00000000
21,36898415;0,18639271
21,37398415;-0,74618596
21,37898415;0,18639271
21,38398415;-0,37278542
21,38898415;0,00000000
21,39398415;0,55979329
21,39898415;0,55979329
21,40398415;0,00000000
21,40898415;0,55979329
21,41398415;1,11958659
21,41898415;-1,49298716
21,42398415;0,37278542
21,42898415;0,00000000
21,43398415;-0,37278542
21,43898415;0,18639271
21,44398415;0,00000000
21,44898415;-0,37278542
21,45398415;0,55979329
21,45898415;0,37278542
21,46398415;-0,37278542
21,46898415;0,00000000
21,47398415;0,00000000
21,47898415;0,18639271
21,48398415;0,18639271
21,48898415;-0,93319386
21,49398415;0,93319386
21,49898415;-0,18639271
21,50398415;0,37278542
21,50898415;1,11958659
21,51398415;0,37278542
21,51898415;0,93319386
21,52398415;-0,37278542
21,52898415;-2,05339551
21,53398415;0,74618596
21,53898415;0,55979329
21,54398415;-0,18639271
21,54898415;0,18639271
21,55398415;-0,74618596
21,55898415;-0,18639271
21,56398415;-0,37278542
21,56898415;1,11958659
21,57398415;0,18639271
21,57898415;0,00000000
21,58398415;0,18639271
21,58898415;-0,37278542
21,59398415;-0,37278542
21,59898415;0,00000000
21,60398415;0,18639271
21,60898415;0,55979329
21,61398415;0,55979329
21,61898415;0,00000000
21,62398415;-0,18639271
21,62898415;0,00000000
21,63398415;1,11958659
21,63898414;0,93319386
21,64398414;-0,55979329
21,64898414;0,93319386
21,65398414;0,00000000
21,65898414;-0,18639271
21,66398414;-0,55979329
21,66898414;-0,18639271
21,67398414;0,18639271
21,67898414;0,55979329
21,68398414;-0,74618596
21,68898414;-0,18639271
21,69398414;0,74618596
21,69898414;0,00000000
21,70398414;0,37278542
21,70898414;-0,37278542
21,71398414;-0,37278542
21,71898414;-4,10679102
21,72398414;-0,37278542
21,72898414;0,55979329
21,73398414;0,18639271
21,73898414;0,55979329
21,74398414;-0,37278542
21,74898414;0,00000000
21,75398414;-0,74618596
21,75898414;0,37278542
21,76398414;0,18639271
21,76898414;1,67999494
21,77398414;0,74618596
21,77898414;0,18639271
21,78398414;0,18639271
21,78898414;0,74618596
21,79398414;-0,55979329
21,79898414;0,18639271
21,80398414;0,37278542
21,80898414;0,18639271
21,81398414;-0,37278542
21,81898414;0,18639271
21,82398414;-2,80019665
21,82898414;0,00000000
21,83398414;0,18639271
21,83898414;0,55979329
21,84398414;-0,55979329
21,84898414;0,00000000
21,85398414;-0,55979329
21,85898414;0,37278542
21,86398414;0,55979329
21,86898414;0,00000000
21,87398414;0,00000000
21,87898414;0,18639271
21,88398414;0,00000000
21,88898414;5,04060030
21,89398414;0,18639271
21,89898414;0,18639271
21,90398414;-0,37278542
21,90898414;0,55979329
21,91398414;-0,18639271
21,91898414;0,93319386
21,92398414;0,18639271
21,92898414;0,55979329
21,93398414;0,00000000
21,93898414;0,00000000
21,94398414;-0,37278542
21,94898414;0,00000000
21,95398414;0,00000000
21,95898414;0,18639271
21,96398414;0,00000000
21,96898414;-0,37278542
21,97398414;-0,55979329
21,97898414;0,37278542
21,98398414;-0,18639271
21,98898414;0,00000000
21,99398414;0,00000000
21,99898414;0,37278542
22,00398414;-0,37278542
22,00898414;0,18639271
22,01398414;-0,37278542
22,01898414;0,00000000
22,02398414;-0,55979329
22,02898414;0,55979329
22,03398413;-1,30659437
22,03898413;-0,55979329
22,04398413;0,55979329
22,04898413;-0,37278542
22,05398413;0,18639271
22,05898413;0,37278542
22,06398413;0,00000000
22,06898413;0,00000000
22,07398413;-0,74618596
22,07898413;0,74618596
22,08398413;-0,37278542
22,08898413;0,37278542
22,09398413;-1,11958659
22,09898413;0,00000000
22,10398413;-0,55979329
22,10898413;-0,37278542
22,11398413;0,00000000
22,11898413;0,93319386
22,12398413;0,55979329
22,12898413;0,00000000
22,13398413;0,37278542
22,13898413;0,37278542
22,14398413;0,93319386
22,14898413;-0,37278542
22,15398413;0,00000000
22,15898413;0,37278542
22,16398413;-0,55979329
22,16898413;2,05339551
22,17398413;0,00000000
22,17898413;-0,37278542
22,18398413;-0,18639271
22,18898413;0,55979329
22,19398413;0,00000000
22,19898413;0,55979329
22,20398413;1,11958659
22,20898413;-0,18639271
22,21398413;-0,55979329
22,21898413;0,93319386
22,22398413;-0,18639271
22,22898413;-17,36220360
22,23398413;0,00000000
22,23898413;0,00000000
22,24398413;0,00000000
22,24898413;-0,18639271
22,25398413;0,55979329
22,25898413;-0,37278542
22,26398413;-0,37278542
22,26898413;-0,37278542
22,27398413;0,00000000
22,27898413;0,00000000
22,28398413;0,37278542
22,28898413;-0,93319386
22,29398413;-0,55979329
22,29898413;0,18639271
22,30398413;0,00000000
22,30898413;0,18639271
22,31398413;0,18639271
22,31898413;-0,93319386
22,32398413;0,00000000
22,32898413;-0,37278542
22,33398413;0,55979329
22,33898413;-0,74618596
22,34398413;-0,37278542
22,34898413;0,00000000
22,35398413;0,55979329
22,35898413;-0,18639271
22,36398413;0,18639271
22,36898413;-0,37278542
22,37398413;-0,74618596
22,37898413;-0,37278542
22,38398413;0,18639271
22,38898413;0,00000000
22,39398413;0,18639271
22,39898413;0,93319386
22,40398413;0,18639271
22,40898413;0,18639271
22,41398413;-0,37278542
22,41898413;0,18639271
22,42398413;0,18639271
22,42898413;0,00000000
22,43398412;0,37278542
22,43898412;-0,55979329
22,44398412;0,18639271
22,44898412;0,18639271
22,45398412;0,74618596
22,45898412;-0,37278542
22,46398412;0,37278542
22,46898412;0,55979329
22,47398412;-0,18639271
22,47898412;-0,37278542
22,48398412;0,00000000
22,48898412;2,98658943
22,49398412;0,18639271
22,49898412;-1,11958659
22,50398412;-0,18639271
22,50898412;0,00000000
22,51398412;0,74618596
22,51898412;-0,18639271
22,52398412;-0,74618596
22,52898412;0,18639271
22,53398412;0,00000000
22,53898412;0,18639271
22,54398412;-0,18639271
22,54898412;-0,37278542
22,55398412;-0,93319386
22,55898412;-0,93319386
22,56398412;-0,37278542
22,56898412;-0,37278542
22,57398412;-0,37278542
22,57898412;0,00000000
22,58398412;0,00000000
22,58898412;0,00000000
22,59398412;-0,74618596
22,59898412;-0,18639271
22,60398412;0,00000000
22,60898412;0,18639271
22,61398412;0,93319386
22,61898412;0,18639271
22,62398412;0,18639271
22,62898412;-0,37278542
22,63398412;0,18639271
22,63898412;-0,55979329
22,64398412;-0,55979329
22,64898412;0,55979329
22,65398412;0,00000000
22,65898412;-0,55979329
22,66398412;-0,55979329
22,66898412;0,37278542
22,67398412;0,00000000
22,67898412;0,18639271
22,68398412;-0,55979329
22,68898412;-0,55979329
22,69398412;0,18639271
22,69898412;0,18639271
22,70398412;2,98658943
22,70898412;0,18639271
22,71398412;0,37278542
22,71898412;0,18639271
22,72398412;-0,37278542
22,72898412;0,74618596
22,73398412;0,00000000
22,73898412;-0,37278542
22,74398412;1,11958659
22,74898412;0,18639271
22,75398412;0,74618596
22,75898412;0,00000000
22,76398412;-0,74618596
22,76898412;0,55979329
22,77398412;0,18639271
22,77898412;0,00000000
22,78398412;1,49298716
22,78898412;0,93319386
22,79398412;-0,37278542
22,79898412;0,37278542
22,80398412;0,00000000
22,80898412;0,55979329
22,81398412;0,00000000
22,81898412;0,00000000
22,82398412;0,55979329
22,82898411;0,00000000
22,83398411;0,55979329
22,83898411;0,00000000
22,84398411;-0,18639271
22,84898411;0,37278542
22,85398411;-0,74618596
22,85898411;0,00000000
22,86398411;0,55979329
22,86898411;0,37278542
22,87398411;0,18639271
22,87898411;0,37278542
22,88398411;0,18639271
22,88898411;-0,18639271
22,89398411;0,00000000
22,89898411;0,55979329
22,90398411;0,18639271
22,90898411;0,93319386
22,91398411;-0,37278542
22,91898411;0,00000000
22,92398411;0,74618596
22,92898411;0,55979329
22,93398411;0,18639271
22,93898411;0,55979329
22,94398411;0,00000000
22,94898411;-0,18639271
22,95398411;-0,55979329
22,95898411;0,18639271
22,96398411;-0,37278542
22,96898411;1,86638772
22,97398411;0,00000000
22,97898411;0,18639271
22,98398411;0,00000000
22,98898411;-0,18639271
22,99398411;0,00000000
22,99898411;-0,74618596
23,00398411;0,00000000
23,00898411;0,00000000
23,01398411;-0,74618596
23,01898411;0,00000000
23,02398411;0,55979329
23,02898411;0,00000000
23,03398411;-0,55979329
23,03898411;-0,18639271
23,04398411;0,18639271
23,04898411;1,49298716
23,05398411;0,18639271
23,05898411;0,18639271
23,06398411;-0,37278542
23,06898411;0,18639271
23,07398411;0,18639271
23,07898411;-8,96099854
23,08398411;-0,74618596
23,08898411;-0,93319386
23,09398411;0,00000000
23,09898411;-0,18639271
23,10398411;-0,74618596
23,10898411;0,00000000
23,11398411;0,00000000
23,11898411;0,18639271
23,12398411;-0,37278542
23,12898411;0,37278542
23,13398411;-1,30659437
23,13898411;0,37278542
23,14398411;-0,37278542
23,14898411;-0,55979329
23,15398411;0,37278542
23,15898411;0,37278542
23,16398411;0,93319386
23,16898411;0,93319386
23,17398411;-0,37278542
23,17898411;-0,18639271
23,18398411;-1,67999494
23,18898411;1,11958659
23,19398411;0,55979329
23,19898411;-0,55979329
23,20398411;0,00000000
23,20898411;0,18639271
23,21398411;0,55979329
23,21898411;-0,37278542
23,22398410;0,00000000
23,22898410;0,18639271
23,23398410;0,93319386
23,23898410;0,18639271
23,24398410;-0,37278542
23,24898410;0,18639271
23,25398410;0,55979329
23,25898410;0,00000000
23,26398410;0,37278542
23,26898410;0,55979329
23,27398410;0,18639271
23,27898410;0,55979329
23,28398410;-1,11958659
23,28898410;-1,11958659
23,29398410;0,18639271
23,29898410;0,18639271
23,30398410;-0,18639271
23,30898410;0,18639271
23,31398410;-0,18639271
23,31898410;0,18639271
23,32398410;0,18639271
23,32898410;0,18639271
23,33398410;0,37278542
23,33898410;0,18639271
23,34398410;0,00000000
23,34898410;0,37278542
23,35398410;0,37278542
23,35898410;0,18639271
23,36398410;0,00000000
23,36898410;-0,18639271
23,37398410;0,18639271
23,37898410;0,00000000
23,38398410;1,11958659
23,38898410;0,55979329
23,39398410;0,18639271
23,39898410;0,37278542
23,40398410;-0,37278542
23,40898410;0,00000000
23,41398410;0,18639271
23,41898410;-0,18639271
23,42398410;0,18639271
23,42898410;0,37278542
23,43398410;0,18639271
23,43898410;-0,55979329
23,44398410;0,00000000
23,44898410;0,18639271
23,45398410;-0,37278542
23,45898410;-0,37278542
23,46398410;0,93319386
23,46898410;0,55979329
23,47398410;0,55979329
23,47898410;0,00000000
23,48398410;-4,85359240
23,48898410;0,93319386
23,49398410;-0,37278542
23,49898410;0,00000000
23,50398410;-0,37278542
23,50898410;0,37278542
23,51398410;0,00000000
23,51898410;0,37278542
23,52398410;0,37278542
23,52898410;0,18639271
23,53398410;0,18639271
23,53898410;0,55979329
23,54398410;0,37278542
23,54898410;0,74618596
23,55398410;0,00000000
23,55898410;0,18639271
23,56398410;0,00000000
23,56898410;0,37278542
23,57398410;0,55979329
23,57898410;0,00000000
23,58398410;1,49298716
23,58898410;0,00000000
23,59398410;0,18639271
23,59898410;-0,93319386
23,60398410;0,18639271
23,60898410;-0,37278542
23,61398410;0,37278542
23,61898409;-2,98658943
23,62398409;0,00000000
23,62898409;-0,74618596
23,63398409;0,00000000
23,63898409;0,18639271
23,64398409;0,00000000
23,64898409;-0,74618596
23,65398409;0,18639271
23,65898409;-0,18639271
23,66398409;0,55979329
23,66898409;-0,37278542
23,67398409;0,74618596
23,67898409;0,00000000
23,68398409;0,18639271
23,68898409;-0,93319386
23,69398409;-0,37278542
23,69898409;0,00000000
23,70398409;0,74618596
23,70898409;0,55979329
23,71398409;0,18639271
23,71898409;0,55979329
23,72398409;0,00000000
23,72898409;-0,74618596
23,73398409;-1,86638772
23,73898409;0,55979329
23,74398409;-0,37278542
23,74898409;-0,37278542
23,75398409;0,37278542
23,75898409;0,00000000
23,76398409;0,00000000
23,76898409;-0,37278542
23,77398409;0,18639271
23,77898409;0,18639271
23,78398409;0,00000000
23,78898409;0,18639271
23,79398409;0,93319386
23,79898409;0,55979329
23,80398409;0,18639271
23,80898409;0,74618596
23,81398409;0,74618596
23,81898409;0,37278542
23,82398409;0,37278542
23,82898409;0,18639271
23,83398409;0,18639271
23,83898409;0,18639271
23,84398409;-0,37278542
23,84898409;-0,37278542
23,85398409;0,00000000
23,85898409;0,18639271
23,86398409;0,74618596
23,86898409;0,00000000
23,87398409;0,37278542
23,87898409;0,18639271
23,88398409;0,55979329
23,88898409;0,00000000
23,89398409;1,11958659
23,89898409;0,74618596
23,90398409;0,18639271
23,90898409;0,37278542
23,91398409;0,00000000
23,91898409;-0,93319386
23,92398409;0,55979329
23,92898409;0,37278542
23,93398409;0,00000000
23,93898409;0,37278542
23,94398409;-0,37278542
23,94898409;-0,18639271
23,95398409;0,55979329
23,95898409;0,37278542
23,96398409;0,18639271
23,96898409;-0,37278542
23,97398409;-0,18639271
23,97898409;0,00000000
23,98398409;1,67999494
23,98898409;0,00000000
23,99398409;0,18639271
23,99898409;0,00000000
24,00398409;-0,37278542
24,00898409;0,00000000
24,01398408;-0,93319386
24,01898408;0,93319386
24,02398408;-0,37278542
24,02898408;0,55979329
24,03398408;-0,18639271
24,03898408;0,00000000
24,04398408;0,18639271
24,04898408;-0,37278542
24,05398408;-0,37278542
24,05898408;0,18639271
24,06398408;-0,37278542
24,06898408;0,00000000
24,07398408;0,18639271
24,07898408;-0,37278542
24,08398408;0,55979329
24,08898408;0,55979329
24,09398408;0,00000000
24,09898408;0,00000000
24,10398408;-0,18639271
24,10898408;0,00000000
24,11398408;-0,37278542
24,11898408;0,00000000
24,12398408;0,18639271
24,12898408;0,55979329
24,13398408;-0,37278542
24,13898408;0,55979329
24,14398408;-0,74618596
24,14898408;0,55979329
24,15398408;-0,37278542
24,15898408;-0,55979329
24,16398408;-0,37278542
24,16898408;0,55979329
24,17398408;-0,37278542
24,17898408;0,00000000
24,18398408;-0,93319386
24,18898408;0,00000000
24,19398408;1,30659437
24,19898408;1,67999494
24,20398408;-0,37278542
24,20898408;0,18639271
24,21398408;1,49298716
24,21898408;0,18639271
24,22398408;0,18639271
24,22898408;0,55979329
24,23398408;0,18639271
24,23898408;0,18639271
24,24398408;0,18639271
24,24898408;0,55979329
24,25398408;0,00000000
24,25898408;0,00000000
24,26398408;-0,18639271
24,26898408;-0,18639271
24,27398408;-0,18639271
24,27898408;-0,55979329
24,28398408;0,00000000
24,28898408;0,37278542
24,29398408;-1,11958659
24,29898408;0,37278542
24,30398408;0,37278542
24,30898408;0,00000000
24,31398408;-0,55979329
24,31898408;1,49298716
24,32398408;0,18639271
24,32898408;0,18639271
24,33398408;-0,37278542
24,33898408;0,55979329
24,34398408;0,18639271
24,34898408;0,00000000
24,35398408;0,18639271
24,35898408;0,55979329
24,36398408;0,00000000
24,36898408;-0,74618596
24,37398408;0,55979329
24,37898408;-0,18639271
24,38398408;2,05339551
24,38898408;0,37278542
24,39398408;-0,37278542
24,39898408;0,55979329
24,40398408;0,18639271
24,40898407;-0,18639271
24,41398407;-0,93319386
24,41898407;1,11958659
24,42398407;0,18639271
24,42898407;-0,37278542
24,43398407;-0,74618596
24,43898407;-0,18639271
24,44398407;-0,74618596
24,44898407;0,00000000
24,45398407;1,11958659
24,45898407;0,37278542
24,46398407;0,55979329
24,46898407;-0,74618596
24,47398407;-0,18639271
24,47898407;0,18639271
24,48398407;0,55979329
24,48898407;0,00000000
24,49398407;0,00000000
24,49898407;0,00000000
24,50398407;0,00000000
24,50898407;0,93319386
24,51398407;-0,37278542
24,51898407;0,18639271
24,52398407;0,37278542
24,52898407;0,00000000
24,53398407;0,55979329
24,53898407;-0,18639271
24,54398407;0,00000000
24,54898407;0,37278542
24,55398407;0,55979329
24,55898407;0,00000000
24,56398407;0,00000000
24,56898407;0,00000000
24,57398407;-0,37278542
24,57898407;0,37278542
24,58398407;0,37278542
24,58898407;-0,37278542
24,59398407;0,55979329
24,59898407;1,30659437
24,60398407;-0,74618596
24,60898407;0,93319386
24,61398407;0,18639271
24,61898407;0,74618596
24,62398407;0,93319386
24,62898407;0,18639271
24,63398407;-0,37278542
24,63898407;0,55979329
24,64398407;-0,74618596
24,64898407;0,37278542
24,65398407;-0,74618596
24,65898407;0,00000000
24,66398407;-0,18639271
24,66898407;-0,37278542
24,67398407;0,55979329
24,67898407;0,00000000
24,68398407;0,00000000
24,68898407;0,00000000
24,69398407;-0,74618596
24,69898407;0,18639271
24,70398407;-0,37278542
24,70898407;0,93319386
24,71398407;0,18639271
24,71898407;0,18639271
24,72398407;0,37278542
24,72898407;0,93319386
24,73398407;0,55979329
24,73898407;0,55979329
24,74398407;0,74618596
24,74898407;0,18639271
24,75398407;0,55979329
24,75898407;0,37278542
24,76398407;-0,18639271
24,76898407;0,00000000
24,77398407;0,00000000
24,77898407;-0,55979329
24,78398407;0,74618596
24,78898407;0,18639271
24,79398407;0,00000000
24,79898407;-0,37278542
24,80398407;-0,18639271
24,80898406;0,93319386
24,81398406;0,00000000
24,81898406;-0,55979329
24,82398406;-0,37278542
24,82898406;0,00000000
24,83398406;0,55979329
24,83898406;0,18639271
24,84398406;1,11958659
24,84898406;0,18639271
24,85398406;0,18639271
24,85898406;0,18639271
24,86398406;1,86638772
24,86898406;0,18639271
24,87398406;0,18639271
24,87898406;-0,18639271
24,88398406;0,37278542
24,88898406;-0,93319386
24,89398406;0,00000000
24,89898406;0,00000000
24,90398406;0,00000000
24,90898406;2,80019665
24,91398406;0,74618596
24,91898406;0,18639271
24,92398406;0,18639271
24,92898406;0,93319386
24,93398406;0,00000000
24,93898406;-0,18639271
24,94398406;-2,42679620
24,94898406;0,18639271
24,95398406;0,18639271
24,95898406;0,00000000
24,96398406;0,37278542
24,96898406;0,37278542
24,97398406;-0,18639271
24,97898406;0,18639271
24,98398406;-1,30659437
24,98898406;1,11958659
24,99398406;0,93319386
24,99898406;-0,37278542
25,00398406;-0,37278542
25,00898406;0,00000000
