Zeit;Kanal A
(ms);(mV)

-25,00970493;0,37278542
-25,00470493;0,00000000
-24,99970493;0,18639271
-24,99470493;0,00000000
-24,98970493;-0,74618596
-24,98470493;0,18639271
-24,97970493;0,00000000
-24,97470493;-0,37278542
-24,96970494;-0,74618596
-24,96470494;-0,37278542
-24,95970494;0,93319386
-24,95470494;-0,55979329
-24,94970494;0,55979329
-24,94470494;0,18639271
-24,93970494;0,18639271
-24,93470494;-0,37278542
-24,92970494;0,74618596
-24,92470494;-0,55979329
-24,91970494;0,18639271
-24,91470494;0,55979329
-24,90970494;-0,18639271
-24,90470494;1,30659437
-24,89970494;-0,18639271
-24,89470494;0,00000000
-24,88970494;-0,37278542
-24,88470494;0,18639271
-24,87970494;-0,37278542
-24,87470494;0,00000000
-24,86970494;0,37278542
-24,86470494;0,00000000
-24,85970494;0,18639271
-24,85470494;0,00000000
-24,84970494;0,55979329
-24,84470494;0,00000000
-24,83970494;0,18639271
-24,83470494;-0,74618596
-24,82970494;0,93319386
-24,82470494;0,00000000
-24,81970494;-0,18639271
-24,81470494;0,18639271
-24,80970494;0,18639271
-24,80470494;0,74618596
-24,79970494;0,00000000
-24,79470494;0,74618596
-24,78970494;-1,30659437
-24,78470494;0,55979329
-24,77970494;0,37278542
-24,77470494;-0,55979329
-24,76970494;0,00000000
-24,76470494;0,00000000
-24,75970494;0,55979329
-24,75470494;0,00000000
-24,74970494;0,55979329
-24,74470494;0,55979329
-24,73970494;0,00000000
-24,73470494;-0,18639271
-24,72970494;-0,74618596
-24,72470494;0,74618596
-24,71970494;0,37278542
-24,71470494;0,00000000
-24,70970494;1,11958659
-24,70470494;0,00000000
-24,69970494;0,37278542
-24,69470494;0,37278542
-24,68970494;-0,55979329
-24,68470494;-0,37278542
-24,67970494;0,00000000
-24,67470494;0,18639271
-24,66970494;-1,67999494
-24,66470494;0,37278542
-24,65970494;0,00000000
-24,65470494;0,00000000
-24,64970494;0,18639271
-24,64470494;-0,37278542
-24,63970494;0,18639271
-24,63470494;0,18639271
-24,62970494;0,93319386
-24,62470494;0,37278542
-24,61970494;-0,18639271
-24,61470494;0,00000000
-24,60970494;0,18639271
-24,60470494;0,55979329
-24,59970494;0,93319386
-24,59470494;0,18639271
-24,58970494;-2,23978829
-24,58470494;0,55979329
-24,57970494;0,93319386
-24,57470495;1,67999494
-24,56970495;0,18639271
-24,56470495;0,55979329
-24,55970495;-0,37278542
-24,55470495;-0,74618596
-24,54970495;0,37278542
-24,54470495;0,18639271
-24,53970495;0,37278542
-24,53470495;0,74618596
-24,52970495;0,55979329
-24,52470495;0,74618596
-24,51970495;-0,18639271
-24,51470495;-0,37278542
-24,50970495;0,37278542
-24,50470495;-0,37278542
-24,49970495;-0,18639271
-24,49470495;-0,18639271
-24,48970495;0,18639271
-24,48470495;-0,18639271
-24,47970495;0,37278542
-24,47470495;-0,55979329
-24,46970495;0,55979329
-24,46470495;0,18639271
-24,45970495;0,18639271
-24,45470495;0,00000000
-24,44970495;0,37278542
-24,44470495;-0,37278542
-24,43970495;0,93319386
-24,43470495;0,18639271
-24,42970495;-0,55979329
-24,42470495;0,55979329
-24,41970495;-0,74618596
-24,41470495;0,00000000
-24,40970495;0,18639271
-24,40470495;-0,18639271
-24,39970495;0,55979329
-24,39470495;0,55979329
-24,38970495;0,93319386
-24,38470495;-0,93319386
-24,37970495;0,93319386
-24,37470495;0,37278542
-24,36970495;0,55979329
-24,36470495;0,93319386
-24,35970495;0,74618596
-24,35470495;0,55979329
-24,34970495;0,18639271
-24,34470495;0,18639271
-24,33970495;-0,37278542
-24,33470495;0,00000000
-24,32970495;0,74618596
-24,32470495;0,18639271
-24,31970495;0,18639271
-24,31470495;0,00000000
-24,30970495;0,00000000
-24,30470495;0,18639271
-24,29970495;0,18639271
-24,29470495;0,00000000
-24,28970495;-0,37278542
-24,28470495;0,93319386
-24,27970495;-0,37278542
-24,27470495;0,18639271
-24,26970495;-0,18639271
-24,26470495;0,18639271
-24,25970495;-0,37278542
-24,25470495;0,18639271
-24,24970495;-0,93319386
-24,24470495;0,37278542
-24,23970495;0,93319386
-24,23470495;0,18639271
-24,22970495;0,18639271
-24,22470495;-0,37278542
-24,21970495;0,00000000
-24,21470495;0,18639271
-24,20970495;0,18639271
-24,20470495;0,00000000
-24,19970495;-0,37278542
-24,19470495;-0,74618596
-24,18970495;-1,11958659
-24,18470495;-0,55979329
-24,17970496;0,37278542
-24,17470496;-0,18639271
-24,16970496;0,18639271
-24,16470496;0,00000000
-24,15970496;0,00000000
-24,15470496;-0,74618596
-24,14970496;0,18639271
-24,14470496;0,18639271
-24,13970496;0,18639271
-24,13470496;-0,37278542
-24,12970496;0,00000000
-24,12470496;0,37278542
-24,11970496;0,00000000
-24,11470496;0,18639271
-24,10970496;0,55979329
-24,10470496;0,37278542
-24,09970496;0,00000000
-24,09470496;0,55979329
-24,08970496;-0,18639271
-24,08470496;0,18639271
-24,07970496;-0,37278542
-24,07470496;0,18639271
-24,06970496;-0,55979329
-24,06470496;-0,55979329
-24,05970496;0,55979329
-24,05470496;0,18639271
-24,04970496;0,00000000
-24,04470496;0,74618596
-24,03970496;0,74618596
-24,03470496;0,18639271
-24,02970496;0,55979329
-24,02470496;-0,18639271
-24,01970496;0,37278542
-24,01470496;-0,37278542
-24,00970496;0,00000000
-24,00470496;-0,18639271
-23,99970496;-0,37278542
-23,99470496;0,37278542
-23,98970496;-0,18639271
-23,98470496;-0,18639271
-23,97970496;-0,37278542
-23,97470496;0,00000000
-23,96970496;0,00000000
-23,96470496;0,18639271
-23,95970496;-0,74618596
-23,95470496;-0,37278542
-23,94970496;0,00000000
-23,94470496;-0,37278542
-23,93970496;0,18639271
-23,93470496;0,55979329
-23,92970496;-0,18639271
-23,92470496;0,37278542
-23,91970496;0,18639271
-23,91470496;-0,37278542
-23,90970496;-0,55979329
-23,90470496;0,00000000
-23,89970496;0,18639271
-23,89470496;0,18639271
-23,88970496;0,00000000
-23,88470496;0,55979329
-23,87970496;0,00000000
-23,87470496;0,18639271
-23,86970496;0,00000000
-23,86470496;0,00000000
-23,85970496;0,00000000
-23,85470496;-0,37278542
-23,84970496;-0,93319386
-23,84470496;0,74618596
-23,83970496;0,37278542
-23,83470496;0,93319386
-23,82970496;-0,74618596
-23,82470496;0,18639271
-23,81970496;0,37278542
-23,81470496;0,00000000
-23,80970496;-0,37278542
-23,80470496;0,00000000
-23,79970496;-0,18639271
-23,79470496;0,55979329
-23,78970496;-0,18639271
-23,78470496;0,00000000
-23,77970497;0,37278542
-23,77470497;0,00000000
-23,76970497;-0,37278542
-23,76470497;-1,11958659
-23,75970497;0,55979329
-23,75470497;-0,74618596
-23,74970497;-0,37278542
-23,74470497;0,55979329
-23,73970497;0,37278542
-23,73470497;-0,18639271
-23,72970497;0,00000000
-23,72470497;0,00000000
-23,71970497;0,18639271
-23,71470497;0,55979329
-23,70970497;-0,18639271
-23,70470497;0,37278542
-23,69970497;-0,18639271
-23,69470497;-0,55979329
-23,68970497;-0,37278542
-23,68470497;0,18639271
-23,67970497;0,37278542
-23,67470497;0,00000000
-23,66970497;0,55979329
-23,66470497;0,18639271
-23,65970497;0,18639271
-23,65470497;-0,37278542
-23,64970497;0,00000000
-23,64470497;-0,74618596
-23,63970497;-0,18639271
-23,63470497;-0,18639271
-23,62970497;0,18639271
-23,62470497;-0,37278542
-23,61970497;0,55979329
-23,61470497;-0,37278542
-23,60970497;-0,18639271
-23,60470497;0,93319386
-23,59970497;-0,18639271
-23,59470497;0,18639271
-23,58970497;-0,37278542
-23,58470497;0,55979329
-23,57970497;1,11958659
-23,57470497;1,86638772
-23,56970497;0,55979329
-23,56470497;0,18639271
-23,55970497;0,93319386
-23,55470497;-0,74618596
-23,54970497;0,18639271
-23,54470497;0,18639271
-23,53970497;-0,37278542
-23,53470497;0,18639271
-23,52970497;0,18639271
-23,52470497;-0,55979329
-23,51970497;-0,74618596
-23,51470497;-0,37278542
-23,50970497;1,11958659
-23,50470497;0,00000000
-23,49970497;-1,30659437
-23,49470497;-0,74618596
-23,48970497;0,55979329
-23,48470497;-0,55979329
-23,47970497;0,18639271
-23,47470497;-0,74618596
-23,46970497;0,55979329
-23,46470497;0,55979329
-23,45970497;0,00000000
-23,45470497;-0,74618596
-23,44970497;0,00000000
-23,44470497;-0,74618596
-23,43970497;0,37278542
-23,43470497;0,55979329
-23,42970497;-0,37278542
-23,42470497;0,37278542
-23,41970497;0,00000000
-23,41470497;0,00000000
-23,40970497;-0,74618596
-23,40470497;-0,18639271
-23,39970497;0,55979329
-23,39470497;0,18639271
-23,38970497;2,23978829
-23,38470498;0,37278542
-23,37970498;0,55979329
-23,37470498;0,93319386
-23,36970498;-0,55979329
-23,36470498;0,55979329
-23,35970498;-0,55979329
-23,35470498;0,55979329
-23,34970498;-0,37278542
-23,34470498;0,18639271
-23,33970498;0,37278542
-23,33470498;-0,37278542
-23,32970498;0,18639271
-23,32470498;2,80019665
-23,31970498;0,00000000
-23,31470498;0,55979329
-23,30970498;0,18639271
-23,30470498;0,93319386
-23,29970498;0,18639271
-23,29470498;0,18639271
-23,28970498;-0,37278542
-23,28470498;0,18639271
-23,27970498;0,00000000
-23,27470498;0,93319386
-23,26970498;0,37278542
-23,26470498;0,00000000
-23,25970498;-0,37278542
-23,25470498;0,00000000
-23,24970498;0,18639271
-23,24470498;0,18639271
-23,23970498;0,93319386
-23,23470498;-0,37278542
-23,22970498;-0,37278542
-23,22470498;0,18639271
-23,21970498;-0,37278542
-23,21470498;0,55979329
-23,20970498;-0,55979329
-23,20470498;0,55979329
-23,19970498;-0,37278542
-23,19470498;0,18639271
-23,18970498;0,55979329
-23,18470498;-0,18639271
-23,17970498;0,00000000
-23,17470498;-1,30659437
-23,16970498;0,18639271
-23,16470498;0,00000000
-23,15970498;0,18639271
-23,15470498;0,00000000
-23,14970498;-0,18639271
-23,14470498;0,55979329
-23,13970498;-0,18639271
-23,13470498;0,00000000
-23,12970498;0,00000000
-23,12470498;0,18639271
-23,11970498;-0,37278542
-23,11470498;-0,93319386
-23,10970498;0,18639271
-23,10470498;0,18639271
-23,09970498;0,18639271
-23,09470498;-0,18639271
-23,08970498;0,00000000
-23,08470498;0,18639271
-23,07970498;-0,37278542
-23,07470498;0,18639271
-23,06970498;0,00000000
-23,06470498;0,00000000
-23,05970498;0,00000000
-23,05470498;-0,37278542
-23,04970498;0,00000000
-23,04470498;0,00000000
-23,03970498;1,11958659
-23,03470498;-0,18639271
-23,02970498;-0,37278542
-23,02470498;0,00000000
-23,01970498;0,18639271
-23,01470498;0,00000000
-23,00970498;-0,18639271
-23,00470498;-0,18639271
-22,99970498;0,00000000
-22,99470498;-0,18639271
-22,98970499;-0,74618596
-22,98470499;-0,18639271
-22,97970499;0,00000000
-22,97470499;-0,74618596
-22,96970499;-0,37278542
-22,96470499;0,74618596
-22,95970499;0,37278542
-22,95470499;0,00000000
-22,94970499;0,00000000
-22,94470499;0,55979329
-22,93970499;0,55979329
-22,93470499;0,18639271
-22,92970499;-0,55979329
-22,92470499;0,93319386
-22,91970499;-0,37278542
-22,91470499;0,18639271
-22,90970499;-0,55979329
-22,90470499;0,00000000
-22,89970499;-0,74618596
-22,89470499;0,55979329
-22,88970499;-0,37278542
-22,88470499;0,00000000
-22,87970499;0,18639271
-22,87470499;-0,55979329
-22,86970499;-0,37278542
-22,86470499;-0,37278542
-22,85970499;0,93319386
-22,85470499;-0,55979329
-22,84970499;-0,55979329
-22,84470499;0,00000000
-22,83970499;-0,18639271
-22,83470499;0,00000000
-22,82970499;0,00000000
-22,82470499;0,37278542
-22,81970499;-0,37278542
-22,81470499;0,37278542
-22,80970499;0,55979329
-22,80470499;0,55979329
-22,79970499;-0,37278542
-22,79470499;0,18639271
-22,78970499;-1,30659437
-22,78470499;-0,37278542
-22,77970499;0,00000000
-22,77470499;0,55979329
-22,76970499;-0,55979329
-22,76470499;0,18639271
-22,75970499;0,00000000
-22,75470499;0,00000000
-22,74970499;-0,18639271
-22,74470499;0,00000000
-22,73970499;-0,55979329
-22,73470499;0,18639271
-22,72970499;0,55979329
-22,72470499;-9,52079201
-22,71970499;0,00000000
-22,71470499;-0,37278542
-22,70970499;-0,18639271
-22,70470499;0,18639271
-22,69970499;0,18639271
-22,69470499;0,00000000
-22,68970499;0,00000000
-22,68470499;0,00000000
-22,67970499;-0,18639271
-22,67470499;-0,74618596
-22,66970499;0,93319386
-22,66470499;0,55979329
-22,65970499;0,18639271
-22,65470499;0,00000000
-22,64970499;0,00000000
-22,64470499;-0,37278542
-22,63970499;-0,18639271
-22,63470499;0,00000000
-22,62970499;0,37278542
-22,62470499;0,37278542
-22,61970499;-0,74618596
-22,61470499;0,93319386
-22,60970499;-0,74618596
-22,60470499;0,00000000
-22,59970499;0,18639271
-22,59470500;0,00000000
-22,58970500;0,18639271
-22,58470500;0,00000000
-22,57970500;-0,55979329
-22,57470500;0,18639271
-22,56970500;-0,55979329
-22,56470500;-0,37278542
-22,55970500;0,37278542
-22,55470500;-0,37278542
-22,54970500;0,18639271
-22,54470500;-0,37278542
-22,53970500;0,18639271
-22,53470500;0,18639271
-22,52970500;0,18639271
-22,52470500;0,00000000
-22,51970500;-0,37278542
-22,51470500;0,00000000
-22,50970500;-0,18639271
-22,50470500;0,00000000
-22,49970500;0,18639271
-22,49470500;0,00000000
-22,48970500;-1,67999494
-22,48470500;0,00000000
-22,47970500;0,00000000
-22,47470500;-0,55979329
-22,46970500;0,37278542
-22,46470500;-0,18639271
-22,45970500;0,37278542
-22,45470500;0,00000000
-22,44970500;-0,37278542
-22,44470500;0,18639271
-22,43970500;0,93319386
-22,43470500;-0,74618596
-22,42970500;0,00000000
-22,42470500;0,18639271
-22,41970500;0,74618596
-22,41470500;-0,55979329
-22,40970500;0,55979329
-22,40470500;-0,37278542
-22,39970500;0,00000000
-22,39470500;-0,37278542
-22,38970500;0,18639271
-22,38470500;0,18639271
-22,37970500;0,18639271
-22,37470500;-0,37278542
-22,36970500;-0,37278542
-22,36470500;0,18639271
-22,35970500;-0,37278542
-22,35470500;0,18639271
-22,34970500;0,55979329
-22,34470500;0,93319386
-22,33970500;0,74618596
-22,33470500;0,18639271
-22,32970500;0,37278542
-22,32470500;0,55979329
-22,31970500;0,18639271
-22,31470500;-0,18639271
-22,30970500;0,37278542
-22,30470500;0,93319386
-22,29970500;-0,74618596
-22,29470500;-0,18639271
-22,28970500;-0,18639271
-22,28470500;-0,18639271
-22,27970500;-1,11958659
-22,27470500;0,00000000
-22,26970500;-0,37278542
-22,26470500;1,86638772
-22,25970500;-0,55979329
-22,25470500;0,18639271
-22,24970500;-1,30659437
-22,24470500;-0,37278542
-22,23970500;0,18639271
-22,23470500;0,00000000
-22,22970500;-0,55979329
-22,22470500;1,30659437
-22,21970500;-0,37278542
-22,21470500;0,00000000
-22,20970500;-0,74618596
-22,20470500;0,55979329
-22,19970501;0,00000000
-22,19470501;-0,18639271
-22,18970501;0,37278542
-22,18470501;0,18639271
-22,17970501;0,55979329
-22,17470501;0,00000000
-22,16970501;0,00000000
-22,16470501;0,37278542
-22,15970501;0,93319386
-22,15470501;-0,18639271
-22,14970501;-0,55979329
-22,14470501;-0,37278542
-22,13970501;1,11958659
-22,13470501;-0,18639271
-22,12970501;0,55979329
-22,12470501;-0,37278542
-22,11970501;-0,18639271
-22,11470501;-0,37278542
-22,10970501;-0,18639271
-22,10470501;0,55979329
-22,09970501;0,55979329
-22,09470501;0,00000000
-22,08970501;-0,93319386
-22,08470501;-0,18639271
-22,07970501;0,00000000
-22,07470501;0,18639271
-22,06970501;0,55979329
-22,06470501;0,00000000
-22,05970501;0,55979329
-22,05470501;0,18639271
-22,04970501;-0,55979329
-22,04470501;-0,93319386
-22,03970501;0,55979329
-22,03470501;0,55979329
-22,02970501;-0,37278542
-22,02470501;-0,37278542
-22,01970501;0,37278542
-22,01470501;-0,18639271
-22,00970501;0,00000000
-22,00470501;0,55979329
-21,99970501;-0,18639271
-21,99470501;0,00000000
-21,98970501;0,00000000
-21,98470501;0,37278542
-21,97970501;0,18639271
-21,97470501;0,00000000
-21,96970501;-0,37278542
-21,96470501;0,18639271
-21,95970501;0,18639271
-21,95470501;0,00000000
-21,94970501;0,00000000
-21,94470501;0,00000000
-21,93970501;0,55979329
-21,93470501;0,00000000
-21,92970501;-0,55979329
-21,92470501;-0,37278542
-21,91970501;1,11958659
-21,91470501;0,74618596
-21,90970501;0,00000000
-21,90470501;0,55979329
-21,89970501;0,18639271
-21,89470501;0,00000000
-21,88970501;0,18639271
-21,88470501;-0,18639271
-21,87970501;-0,37278542
-21,87470501;0,00000000
-21,86970501;0,55979329
-21,86470501;0,55979329
-21,85970501;0,18639271
-21,85470501;0,00000000
-21,84970501;0,18639271
-21,84470501;0,00000000
-21,83970501;0,00000000
-21,83470501;0,93319386
-21,82970501;0,55979329
-21,82470501;0,55979329
-21,81970501;0,55979329
-21,81470501;0,18639271
-21,80970501;0,18639271
-21,80470502;0,18639271
-21,79970502;0,55979329
-21,79470502;0,18639271
-21,78970502;0,00000000
-21,78470502;0,37278542
-21,77970502;-0,18639271
-21,77470502;0,00000000
-21,76970502;0,00000000
-21,76470502;0,18639271
-21,75970502;-0,37278542
-21,75470502;0,00000000
-21,74970502;0,00000000
-21,74470502;0,18639271
-21,73970502;0,00000000
-21,73470502;0,00000000
-21,72970502;0,37278542
-21,72470502;0,00000000
-21,71970502;0,18639271
-21,71470502;0,18639271
-21,70970502;0,37278542
-21,70470502;-0,18639271
-21,69970502;0,55979329
-21,69470502;0,00000000
-21,68970502;0,37278542
-21,68470502;0,55979329
-21,67970502;-0,37278542
-21,67470502;0,18639271
-21,66970502;0,18639271
-21,66470502;0,00000000
-21,65970502;0,18639271
-21,65470502;-0,18639271
-21,64970502;0,93319386
-21,64470502;-0,37278542
-21,63970502;1,11958659
-21,63470502;-0,18639271
-21,62970502;-0,37278542
-21,62470502;0,37278542
-21,61970502;-0,55979329
-21,61470502;0,18639271
-21,60970502;0,18639271
-21,60470502;-0,37278542
-21,59970502;-0,74618596
-21,59470502;0,55979329
-21,58970502;0,55979329
-21,58470502;-0,18639271
-21,57970502;-0,37278542
-21,57470502;0,18639271
-21,56970502;-0,18639271
-21,56470502;0,37278542
-21,55970502;0,37278542
-21,55470502;0,18639271
-21,54970502;0,55979329
-21,54470502;0,18639271
-21,53970502;0,55979329
-21,53470502;0,55979329
-21,52970502;0,37278542
-21,52470502;0,55979329
-21,51970502;0,18639271
-21,51470502;0,18639271
-21,50970502;0,93319386
-21,50470502;0,93319386
-21,49970502;0,37278542
-21,49470502;0,00000000
-21,48970502;0,55979329
-21,48470502;0,37278542
-21,47970502;1,86638772
-21,47470502;-0,37278542
-21,46970502;0,18639271
-21,46470502;2,98658943
-21,45970502;0,18639271
-21,45470502;0,18639271
-21,44970502;-0,18639271
-21,44470502;0,93319386
-21,43970502;-0,55979329
-21,43470502;0,55979329
-21,42970502;-0,18639271
-21,42470502;1,49298716
-21,41970502;0,00000000
-21,41470502;0,74618596
-21,40970502;0,18639271
-21,40470503;0,00000000
-21,39970503;-0,18639271
-21,39470503;-0,18639271
-21,38970503;0,18639271
-21,38470503;-0,18639271
-21,37970503;1,49298716
-21,37470503;-1,30659437
-21,36970503;-0,37278542
-21,36470503;0,55979329
-21,35970503;0,18639271
-21,35470503;0,18639271
-21,34970503;0,55979329
-21,34470503;0,74618596
-21,33970503;0,55979329
-21,33470503;1,11958659
-21,32970503;1,67999494
-21,32470503;0,55979329
-21,31970503;-0,18639271
-21,31470503;0,18639271
-21,30970503;0,00000000
-21,30470503;0,00000000
-21,29970503;0,55979329
-21,29470503;-0,18639271
-21,28970503;0,00000000
-21,28470503;-0,18639271
-21,27970503;-0,55979329
-21,27470503;0,74618596
-21,26970503;-0,37278542
-21,26470503;-0,37278542
-21,25970503;0,37278542
-21,25470503;-0,18639271
-21,24970503;-0,18639271
-21,24470503;0,55979329
-21,23970503;0,37278542
-21,23470503;0,37278542
-21,22970503;0,37278542
-21,22470503;0,18639271
-21,21970503;0,18639271
-21,21470503;0,00000000
-21,20970503;1,11958659
-21,20470503;0,18639271
-21,19970503;-0,74618596
-21,19470503;-0,18639271
-21,18970503;0,00000000
-21,18470503;-0,18639271
-21,17970503;0,00000000
-21,17470503;0,00000000
-21,16970503;1,49298716
-21,16470503;0,18639271
-21,15970503;0,00000000
-21,15470503;0,00000000
-21,14970503;0,00000000
-21,14470503;-0,37278542
-21,13970503;0,00000000
-21,13470503;-0,37278542
-21,12970503;-0,74618596
-21,12470503;-0,37278542
-21,11970503;0,37278542
-21,11470503;0,74618596
-21,10970503;0,00000000
-21,10470503;0,55979329
-21,09970503;0,55979329
-21,09470503;0,37278542
-21,08970503;-1,11958659
-21,08470503;0,00000000
-21,07970503;0,18639271
-21,07470503;0,18639271
-21,06970503;0,55979329
-21,06470503;0,18639271
-21,05970503;2,05339551
-21,05470503;0,93319386
-21,04970503;0,37278542
-21,04470503;-1,30659437
-21,03970503;0,18639271
-21,03470503;0,18639271
-21,02970503;-0,37278542
-21,02470503;-0,37278542
-21,01970503;0,18639271
-21,01470503;-0,37278542
-21,00970504;-0,18639271
-21,00470504;0,18639271
-20,99970504;0,18639271
-20,99470504;0,18639271
-20,98970504;0,18639271
-20,98470504;0,18639271
-20,97970504;0,00000000
-20,97470504;0,00000000
-20,96970504;-0,37278542
-20,96470504;-0,37278542
-20,95970504;0,93319386
-20,95470504;0,00000000
-20,94970504;0,18639271
-20,94470504;0,00000000
-20,93970504;-0,37278542
-20,93470504;-0,37278542
-20,92970504;-0,18639271
-20,92470504;-1,49298716
-20,91970504;0,18639271
-20,91470504;0,55979329
-20,90970504;-0,37278542
-20,90470504;0,18639271
-20,89970504;0,18639271
-20,89470504;0,18639271
-20,88970504;-0,37278542
-20,88470504;0,00000000
-20,87970504;0,18639271
-20,87470504;0,37278542
-20,86970504;0,74618596
-20,86470504;0,55979329
-20,85970504;0,18639271
-20,85470504;0,37278542
-20,84970504;0,93319386
-20,84470504;0,00000000
-20,83970504;0,55979329
-20,83470504;-0,55979329
-20,82970504;0,74618596
-20,82470504;-0,18639271
-20,81970504;-0,37278542
-20,81470504;0,00000000
-20,80970504;0,00000000
-20,80470504;0,55979329
-20,79970504;0,55979329
-20,79470504;0,00000000
-20,78970504;0,18639271
-20,78470504;0,18639271
-20,77970504;-0,37278542
-20,77470504;0,00000000
-20,76970504;0,18639271
-20,76470504;-0,37278542
-20,75970504;0,18639271
-20,75470504;0,37278542
-20,74970504;0,18639271
-20,74470504;0,55979329
-20,73970504;0,00000000
-20,73470504;0,55979329
-20,72970504;-0,37278542
-20,72470504;0,55979329
-20,71970504;0,37278542
-20,71470504;0,55979329
-20,70970504;0,37278542
-20,70470504;0,37278542
-20,69970504;0,55979329
-20,69470504;-2,80019665
-20,68970504;0,18639271
-20,68470504;0,00000000
-20,67970504;0,18639271
-20,67470504;0,55979329
-20,66970504;0,00000000
-20,66470504;1,11958659
-20,65970504;-0,37278542
-20,65470504;-1,30659437
-20,64970504;0,18639271
-20,64470504;0,18639271
-20,63970504;-0,18639271
-20,63470504;0,00000000
-20,62970504;0,37278542
-20,62470504;0,55979329
-20,61970504;-0,55979329
-20,61470505;-0,37278542
-20,60970505;-0,74618596
-20,60470505;0,55979329
-20,59970505;-0,18639271
-20,59470505;0,00000000
-20,58970505;0,18639271
-20,58470505;0,74618596
-20,57970505;0,00000000
-20,57470505;0,18639271
-20,56970505;0,18639271
-20,56470505;0,18639271
-20,55970505;0,00000000
-20,55470505;0,00000000
-20,54970505;0,18639271
-20,54470505;0,18639271
-20,53970505;-0,18639271
-20,53470505;0,00000000
-20,52970505;0,55979329
-20,52470505;0,18639271
-20,51970505;-2,05339551
-20,51470505;-0,37278542
-20,50970505;-0,18639271
-20,50470505;-0,55979329
-20,49970505;0,18639271
-20,49470505;-0,55979329
-20,48970505;-0,37278542
-20,48470505;0,55979329
-20,47970505;-0,37278542
-20,47470505;0,18639271
-20,46970505;0,00000000
-20,46470505;-0,37278542
-20,45970505;0,18639271
-20,45470505;0,55979329
-20,44970505;0,55979329
-20,44470505;-0,37278542
-20,43970505;0,00000000
-20,43470505;0,00000000
-20,42970505;0,93319386
-20,42470505;-0,18639271
-20,41970505;-0,37278542
-20,41470505;-0,18639271
-20,40970505;0,18639271
-20,40470505;0,18639271
-20,39970505;0,00000000
-20,39470505;-0,37278542
-20,38970505;-0,18639271
-20,38470505;-0,74618596
-20,37970505;0,00000000
-20,37470505;0,37278542
-20,36970505;0,00000000
-20,36470505;0,93319386
-20,35970505;-0,18639271
-20,35470505;0,18639271
-20,34970505;-0,93319386
-20,34470505;-0,18639271
-20,33970505;0,18639271
-20,33470505;0,37278542
-20,32970505;-0,18639271
-20,32470505;0,55979329
-20,31970505;0,00000000
-20,31470505;0,37278542
-20,30970505;0,37278542
-20,30470505;0,00000000
-20,29970505;0,74618596
-20,29470505;0,18639271
-20,28970505;0,00000000
-20,28470505;0,93319386
-20,27970505;-0,55979329
-20,27470505;-0,55979329
-20,26970505;0,55979329
-20,26470505;0,18639271
-20,25970505;0,74618596
-20,25470505;-0,37278542
-20,24970505;-0,74618596
-20,24470505;0,37278542
-20,23970505;0,18639271
-20,23470505;0,18639271
-20,22970505;0,00000000
-20,22470505;-0,74618596
-20,21970506;-0,18639271
-20,21470506;0,00000000
-20,20970506;0,55979329
-20,20470506;0,18639271
-20,19970506;0,18639271
-20,19470506;0,00000000
-20,18970506;0,00000000
-20,18470506;0,55979329
-20,17970506;0,37278542
-20,17470506;0,37278542
-20,16970506;0,18639271
-20,16470506;0,37278542
-20,15970506;0,00000000
-20,15470506;0,00000000
-20,14970506;0,18639271
-20,14470506;0,74618596
-20,13970506;-0,18639271
-20,13470506;0,37278542
-20,12970506;-0,18639271
-20,12470506;0,18639271
-20,11970506;0,18639271
-20,11470506;2,05339551
-20,10970506;0,55979329
-20,10470506;0,55979329
-20,09970506;0,00000000
-20,09470506;0,18639271
-20,08970506;0,18639271
-20,08470506;0,00000000
-20,07970506;5,22699261
-20,07470506;-0,18639271
-20,06970506;0,18639271
-20,06470506;0,18639271
-20,05970506;0,00000000
-20,05470506;0,18639271
-20,04970506;1,86638772
-20,04470506;-0,55979329
-20,03970506;0,00000000
-20,03470506;-0,37278542
-20,02970506;-0,37278542
-20,02470506;-0,55979329
-20,01970506;0,37278542
-20,01470506;-0,18639271
-20,00970506;0,18639271
-20,00470506;0,18639271
-19,99970506;0,55979329
-19,99470506;0,55979329
-19,98970506;0,55979329
-19,98470506;0,93319386
-19,97970506;-1,11958659
-19,97470506;0,18639271
-19,96970506;0,00000000
-19,96470506;0,93319386
-19,95970506;0,00000000
-19,95470506;0,18639271
-19,94970506;0,55979329
-19,94470506;-0,18639271
-19,93970506;0,37278542
-19,93470506;-0,37278542
-19,92970506;-0,18639271
-19,92470506;0,55979329
-19,91970506;0,93319386
-19,91470506;0,37278542
-19,90970506;0,55979329
-19,90470506;0,93319386
-19,89970506;0,55979329
-19,89470506;0,55979329
-19,88970506;0,18639271
-19,88470506;0,18639271
-19,87970506;-0,37278542
-19,87470506;0,18639271
-19,86970506;0,55979329
-19,86470506;0,55979329
-19,85970506;-0,74618596
-19,85470506;0,18639271
-19,84970506;-1,30659437
-19,84470506;-1,49298716
-19,83970506;0,00000000
-19,83470506;-0,37278542
-19,82970506;0,93319386
-19,82470507;-0,37278542
-19,81970507;0,74618596
-19,81470507;-0,18639271
-19,80970507;0,74618596
-19,80470507;5,41400099
-19,79970507;0,74618596
-19,79470507;0,00000000
-19,78970507;0,18639271
-19,78470507;0,18639271
-19,77970507;-0,55979329
-19,77470507;-0,18639271
-19,76970507;0,55979329
-19,76470507;-0,55979329
-19,75970507;0,18639271
-19,75470507;0,37278542
-19,74970507;0,18639271
-19,74470507;-0,18639271
-19,73970507;0,00000000
-19,73470507;0,00000000
-19,72970507;0,00000000
-19,72470507;0,55979329
-19,71970507;0,74618596
-19,71470507;0,00000000
-19,70970507;0,00000000
-19,70470507;-0,37278542
-19,69970507;0,55979329
-19,69470507;0,18639271
-19,68970507;0,93319386
-19,68470507;0,00000000
-19,67970507;-0,55979329
-19,67470507;0,55979329
-19,66970507;-0,18639271
-19,66470507;0,37278542
-19,65970507;0,37278542
-19,65470507;0,18639271
-19,64970507;0,00000000
-19,64470507;-0,74618596
-19,63970507;0,00000000
-19,63470507;1,11958659
-19,62970507;0,00000000
-19,62470507;0,37278542
-19,61970507;0,37278542
-19,61470507;-0,18639271
-19,60970507;-0,55979329
-19,60470507;0,55979329
-19,59970507;0,55979329
-19,59470507;0,00000000
-19,58970507;-0,55979329
-19,58470507;0,18639271
-19,57970507;0,37278542
-19,57470507;0,00000000
-19,56970507;0,00000000
-19,56470507;0,18639271
-19,55970507;-0,37278542
-19,55470507;0,55979329
-19,54970507;0,37278542
-19,54470507;0,00000000
-19,53970507;0,55979329
-19,53470507;-0,55979329
-19,52970507;0,93319386
-19,52470507;-0,18639271
-19,51970507;-1,11958659
-19,51470507;0,18639271
-19,50970507;0,00000000
-19,50470507;0,55979329
-19,49970507;0,18639271
-19,49470507;0,55979329
-19,48970507;0,18639271
-19,48470507;-0,74618596
-19,47970507;0,55979329
-19,47470507;0,55979329
-19,46970507;-0,37278542
-19,46470507;0,00000000
-19,45970507;-0,74618596
-19,45470507;0,74618596
-19,44970507;2,05339551
-19,44470507;0,18639271
-19,43970507;0,55979329
-19,43470507;-1,86638772
-19,42970508;1,30659437
-19,42470508;1,11958659
-19,41970508;-0,37278542
-19,41470508;0,18639271
-19,40970508;0,93319386
-19,40470508;0,93319386
-19,39970508;0,74618596
-19,39470508;0,93319386
-19,38970508;0,18639271
-19,38470508;0,00000000
-19,37970508;0,00000000
-19,37470508;0,18639271
-19,36970508;0,18639271
-19,36470508;-0,37278542
-19,35970508;-0,37278542
-19,35470508;0,18639271
-19,34970508;0,18639271
-19,34470508;-0,37278542
-19,33970508;0,18639271
-19,33470508;0,00000000
-19,32970508;0,37278542
-19,32470508;0,18639271
-19,31970508;0,37278542
-19,31470508;-0,18639271
-19,30970508;0,74618596
-19,30470508;-0,37278542
-19,29970508;0,00000000
-19,29470508;0,37278542
-19,28970508;0,00000000
-19,28470508;-0,37278542
-19,27970508;0,00000000
-19,27470508;0,55979329
-19,26970508;0,18639271
-19,26470508;0,55979329
-19,25970508;0,18639271
-19,25470508;0,00000000
-19,24970508;1,11958659
-19,24470508;-0,18639271
-19,23970508;-0,37278542
-19,23470508;0,93319386
-19,22970508;0,74618596
-19,22470508;0,18639271
-19,21970508;-0,74618596
-19,21470508;0,18639271
-19,20970508;-0,18639271
-19,20470508;0,00000000
-19,19970508;-0,18639271
-19,19470508;0,55979329
-19,18970508;0,18639271
-19,18470508;1,11958659
-19,17970508;-0,74618596
-19,17470508;0,37278542
-19,16970508;0,37278542
-19,16470508;0,18639271
-19,15970508;0,18639271
-19,15470508;0,00000000
-19,14970508;-0,55979329
-19,14470508;0,37278542
-19,13970508;0,55979329
-19,13470508;-0,18639271
-19,12970508;0,74618596
-19,12470508;0,00000000
-19,11970508;0,18639271
-19,11470508;0,18639271
-19,10970508;0,00000000
-19,10470508;0,00000000
-19,09970508;-0,55979329
-19,09470508;0,00000000
-19,08970508;0,18639271
-19,08470508;-0,37278542
-19,07970508;-0,18639271
-19,07470508;-0,18639271
-19,06970508;1,11958659
-19,06470508;-1,11958659
-19,05970508;1,11958659
-19,05470508;0,18639271
-19,04970508;0,00000000
-19,04470508;0,55979329
-19,03970508;0,00000000
-19,03470508;-0,93319386
-19,02970509;-0,18639271
-19,02470509;0,74618596
-19,01970509;0,00000000
-19,01470509;1,49298716
-19,00970509;2,98658943
-19,00470509;-0,55979329
-18,99970509;0,18639271
-18,99470509;-0,55979329
-18,98970509;0,37278542
-18,98470509;0,37278542
-18,97970509;0,55979329
-18,97470509;-0,37278542
-18,96970509;0,18639271
-18,96470509;0,37278542
-18,95970509;0,18639271
-18,95470509;-0,55979329
-18,94970509;0,93319386
-18,94470509;-0,18639271
-18,93970509;0,00000000
-18,93470509;-0,93319386
-18,92970509;-1,11958659
-18,92470509;-0,18639271
-18,91970509;0,00000000
-18,91470509;0,18639271
-18,90970509;-0,37278542
-18,90470509;0,18639271
-18,89970509;0,37278542
-18,89470509;0,18639271
-18,88970509;0,55979329
-18,88470509;-0,55979329
-18,87970509;0,00000000
-18,87470509;0,37278542
-18,86970509;0,18639271
-18,86470509;0,00000000
-18,85970509;-0,37278542
-18,85470509;0,55979329
-18,84970509;0,18639271
-18,84470509;-0,74618596
-18,83970509;0,55979329
-18,83470509;0,55979329
-18,82970509;1,11958659
-18,82470509;0,37278542
-18,81970509;0,37278542
-18,81470509;0,93319386
-18,80970509;-0,37278542
-18,80470509;0,55979329
-18,79970509;0,18639271
-18,79470509;0,00000000
-18,78970509;0,00000000
-18,78470509;0,37278542
-18,77970509;0,00000000
-18,77470509;0,18639271
-18,76970509;-0,18639271
-18,76470509;0,00000000
-18,75970509;-0,18639271
-18,75470509;0,18639271
-18,74970509;0,37278542
-18,74470509;-0,37278542
-18,73970509;-0,18639271
-18,73470509;2,42679620
-18,72970509;0,00000000
-18,72470509;0,18639271
-18,71970509;0,18639271
-18,71470509;0,00000000
-18,70970509;0,18639271
-18,70470509;0,93319386
-18,69970509;0,18639271
-18,69470509;-0,37278542
-18,68970509;0,18639271
-18,68470509;0,55979329
-18,67970509;-0,37278542
-18,67470509;1,49298716
-18,66970509;0,00000000
-18,66470509;10,08120060
-18,65970509;0,00000000
-18,65470509;1,11958659
-18,64970509;0,00000000
-18,64470509;-0,55979329
-18,63970509;-0,18639271
-18,63470510;0,18639271
-18,62970510;0,37278542
-18,62470510;-0,74618596
-18,61970510;-0,55979329
-18,61470510;0,00000000
-18,60970510;-0,93319386
-18,60470510;-0,74618596
-18,59970510;0,00000000
-18,59470510;-0,18639271
-18,58970510;0,18639271
-18,58470510;0,37278542
-18,57970510;0,37278542
-18,57470510;0,00000000
-18,56970510;-0,74618596
-18,56470510;0,74618596
-18,55970510;-0,37278542
-18,55470510;0,00000000
-18,54970510;0,55979329
-18,54470510;0,18639271
-18,53970510;0,18639271
-18,53470510;-0,37278542
-18,52970510;-0,37278542
-18,52470510;0,00000000
-18,51970510;-0,74618596
-18,51470510;0,18639271
-18,50970510;0,00000000
-18,50470510;0,00000000
-18,49970510;-0,37278542
-18,49470510;-0,18639271
-18,48970510;0,00000000
-18,48470510;-0,93319386
-18,47970510;0,37278542
-18,47470510;-0,37278542
-18,46970510;0,00000000
-18,46470510;0,00000000
-18,45970510;0,18639271
-18,45470510;0,18639271
-18,44970510;0,00000000
-18,44470510;0,18639271
-18,43970510;0,55979329
-18,43470510;-0,74618596
-18,42970510;0,00000000
-18,42470510;-0,37278542
-18,41970510;0,00000000
-18,41470510;0,00000000
-18,40970510;0,93319386
-18,40470510;-0,37278542
-18,39970510;0,18639271
-18,39470510;0,00000000
-18,38970510;0,00000000
-18,38470510;0,00000000
-18,37970510;0,00000000
-18,37470510;-0,18639271
-18,36970510;0,55979329
-18,36470510;-0,18639271
-18,35970510;-0,55979329
-18,35470510;-0,74618596
-18,34970510;-0,37278542
-18,34470510;-0,37278542
-18,33970510;0,18639271
-18,33470510;0,18639271
-18,32970510;0,55979329
-18,32470510;0,00000000
-18,31970510;-0,55979329
-18,31470510;0,00000000
-18,30970510;0,18639271
-18,30470510;0,00000000
-18,29970510;0,18639271
-18,29470510;0,18639271
-18,28970510;-0,55979329
-18,28470510;0,93319386
-18,27970510;0,55979329
-18,27470510;-0,74618596
-18,26970510;-0,37278542
-18,26470510;0,00000000
-18,25970510;-0,37278542
-18,25470510;-0,18639271
-18,24970510;-0,37278542
-18,24470510;0,55979329
-18,23970511;0,00000000
-18,23470511;1,49298716
-18,22970511;0,37278542
-18,22470511;0,00000000
-18,21970511;-1,11958659
-18,21470511;1,30659437
-18,20970511;0,00000000
-18,20470511;0,00000000
-18,19970511;-0,93319386
-18,19470511;-0,74618596
-18,18970511;0,37278542
-18,18470511;0,55979329
-18,17970511;-0,55979329
-18,17470511;0,00000000
-18,16970511;0,18639271
-18,16470511;0,18639271
-18,15970511;0,18639271
-18,15470511;0,00000000
-18,14970511;0,00000000
-18,14470511;0,18639271
-18,13970511;0,55979329
-18,13470511;-0,18639271
-18,12970511;0,00000000
-18,12470511;0,18639271
-18,11970511;0,00000000
-18,11470511;-0,74618596
-18,10970511;-0,37278542
-18,10470511;0,37278542
-18,09970511;-0,18639271
-18,09470511;-0,37278542
-18,08970511;0,37278542
-18,08470511;-2,98658943
-18,07970511;0,00000000
-18,07470511;0,18639271
-18,06970511;1,49298716
-18,06470511;-0,74618596
-18,05970511;0,18639271
-18,05470511;-0,37278542
-18,04970511;0,55979329
-18,04470511;6,16018677
-18,03970511;0,18639271
-18,03470511;1,11958659
-18,02970511;-0,55979329
-18,02470511;0,00000000
-18,01970511;-1,67999494
-18,01470511;-0,18639271
-18,00970511;0,18639271
-18,00470511;0,18639271
-17,99970511;1,86638772
-17,99470511;0,37278542
-17,98970511;-0,55979329
-17,98470511;0,18639271
-17,97970511;0,18639271
-17,97470511;0,00000000
-17,96970511;-0,18639271
-17,96470511;0,18639271
-17,95970511;0,18639271
-17,95470511;0,93319386
-17,94970511;0,00000000
-17,94470511;0,00000000
-17,93970511;-0,37278542
-17,93470511;-0,18639271
-17,92970511;0,55979329
-17,92470511;0,00000000
-17,91970511;-0,37278542
-17,91470511;0,00000000
-17,90970511;0,00000000
-17,90470511;0,00000000
-17,89970511;-0,74618596
-17,89470511;-0,55979329
-17,88970511;0,18639271
-17,88470511;0,00000000
-17,87970511;0,00000000
-17,87470511;0,00000000
-17,86970511;-1,30659437
-17,86470511;0,37278542
-17,85970511;0,37278542
-17,85470511;0,00000000
-17,84970511;-0,37278542
-17,84470512;0,00000000
-17,83970512;-0,37278542
-17,83470512;-0,18639271
-17,82970512;0,55979329
-17,82470512;0,18639271
-17,81970512;0,18639271
-17,81470512;0,00000000
-17,80970512;0,00000000
-17,80470512;0,00000000
-17,79970512;-2,23978829
-17,79470512;0,00000000
-17,78970512;0,00000000
-17,78470512;0,55979329
-17,77970512;0,00000000
-17,77470512;0,00000000
-17,76970512;0,00000000
-17,76470512;0,55979329
-17,75970512;0,18639271
-17,75470512;0,00000000
-17,74970512;0,00000000
-17,74470512;1,86638772
-17,73970512;-0,37278542
-17,73470512;0,18639271
-17,72970512;0,74618596
-17,72470512;-0,55979329
-17,71970512;0,00000000
-17,71470512;0,18639271
-17,70970512;-0,37278542
-17,70470512;0,18639271
-17,69970512;-0,55979329
-17,69470512;0,37278542
-17,68970512;-0,37278542
-17,68470512;0,00000000
-17,67970512;0,18639271
-17,67470512;0,00000000
-17,66970512;0,00000000
-17,66470512;-5,60039330
-17,65970512;1,11958659
-17,65470512;0,55979329
-17,64970512;0,18639271
-17,64470512;0,93319386
-17,63970512;0,00000000
-17,63470512;0,18639271
-17,62970512;2,05339551
-17,62470512;0,00000000
-17,61970512;0,18639271
-17,61470512;-0,55979329
-17,60970512;0,00000000
-17,60470512;0,18639271
-17,59970512;0,18639271
-17,59470512;0,00000000
-17,58970512;0,74618596
-17,58470512;0,37278542
-17,57970512;0,37278542
-17,57470512;0,00000000
-17,56970512;0,18639271
-17,56470512;0,55979329
-17,55970512;-0,37278542
-17,55470512;0,18639271
-17,54970512;-0,18639271
-17,54470512;0,18639271
-17,53970512;0,55979329
-17,53470512;-0,37278542
-17,52970512;0,18639271
-17,52470512;-0,37278542
-17,51970512;0,18639271
-17,51470512;-0,93319386
-17,50970512;0,37278542
-17,50470512;-0,37278542
-17,49970512;-0,74618596
-17,49470512;0,18639271
-17,48970512;-0,18639271
-17,48470512;0,55979329
-17,47970512;0,37278542
-17,47470512;0,55979329
-17,46970512;-0,37278542
-17,46470512;0,93319386
-17,45970512;-0,18639271
-17,45470512;-0,93319386
-17,44970513;-0,37278542
-17,44470513;0,00000000
-17,43970513;0,37278542
-17,43470513;0,00000000
-17,42970513;-0,55979329
-17,42470513;-0,18639271
-17,41970513;0,00000000
-17,41470513;0,55979329
-17,40970513;0,55979329
-17,40470513;-0,74618596
-17,39970513;-0,55979329
-17,39470513;-0,37278542
-17,38970513;0,18639271
-17,38470513;-0,18639271
-17,37970513;-0,55979329
-17,37470513;-1,11958659
-17,36970513;0,00000000
-17,36470513;-0,55979329
-17,35970513;0,37278542
-17,35470513;-0,93319386
-17,34970513;0,00000000
-17,34470513;0,00000000
-17,33970513;0,37278542
-17,33470513;-0,37278542
-17,32970513;0,18639271
-17,32470513;-1,11958659
-17,31970513;0,37278542
-17,31470513;-1,30659437
-17,30970513;-0,74618596
-17,30470513;-0,37278542
-17,29970513;0,37278542
-17,29470513;0,18639271
-17,28970513;0,18639271
-17,28470513;0,18639271
-17,27970513;0,93319386
-17,27470513;-0,55979329
-17,26970513;0,18639271
-17,26470513;0,55979329
-17,25970513;-0,18639271
-17,25470513;-0,37278542
-17,24970513;0,18639271
-17,24470513;0,00000000
-17,23970513;-1,30659437
-17,23470513;-0,37278542
-17,22970513;0,18639271
-17,22470513;-0,37278542
-17,21970513;1,11958659
-17,21470513;-0,18639271
-17,20970513;0,18639271
-17,20470513;-0,37278542
-17,19970513;-0,93319386
-17,19470513;-0,37278542
-17,18970513;0,00000000
-17,18470513;0,37278542
-17,17970513;0,18639271
-17,17470513;0,18639271
-17,16970513;0,18639271
-17,16470513;0,74618596
-17,15970513;0,37278542
-17,15470513;-1,11958659
-17,14970513;0,37278542
-17,14470513;0,18639271
-17,13970513;0,55979329
-17,13470513;0,00000000
-17,12970513;-0,37278542
-17,12470513;0,00000000
-17,11970513;-0,37278542
-17,11470513;0,55979329
-17,10970513;0,00000000
-17,10470513;-1,11958659
-17,09970513;0,18639271
-17,09470513;0,37278542
-17,08970513;-0,74618596
-17,08470513;-0,74618596
-17,07970513;0,00000000
-17,07470513;0,00000000
-17,06970513;-0,74618596
-17,06470513;0,00000000
-17,05970513;0,00000000
-17,05470514;0,18639271
-17,04970514;0,00000000
-17,04470514;0,55979329
-17,03970514;0,74618596
-17,03470514;1,30659437
-17,02970514;0,18639271
-17,02470514;0,00000000
-17,01970514;-0,55979329
-17,01470514;0,00000000
-17,00970514;0,37278542
-17,00470514;-0,93319386
-16,99970514;0,55979329
-16,99470514;0,18639271
-16,98970514;0,55979329
-16,98470514;0,74618596
-16,97970514;0,00000000
-16,97470514;-0,37278542
-16,96970514;-1,11958659
-16,96470514;-0,37278542
-16,95970514;-0,18639271
-16,95470514;-1,11958659
-16,94970514;0,18639271
-16,94470514;0,18639271
-16,93970514;0,18639271
-16,93470514;-0,37278542
-16,92970514;-0,18639271
-16,92470514;-0,37278542
-16,91970514;-0,37278542
-16,91470514;-0,18639271
-16,90970514;0,93319386
-16,90470514;0,00000000
-16,89970514;-1,67999494
-16,89470514;-0,37278542
-16,88970514;-0,18639271
-16,88470514;0,00000000
-16,87970514;0,18639271
-16,87470514;0,00000000
-16,86970514;0,55979329
-16,86470514;0,18639271
-16,85970514;0,18639271
-16,85470514;0,00000000
-16,84970514;0,00000000
-16,84470514;-0,37278542
-16,83970514;-0,18639271
-16,83470514;-0,93319386
-16,82970514;0,55979329
-16,82470514;0,18639271
-16,81970514;0,93319386
-16,81470514;-0,37278542
-16,80970514;0,18639271
-16,80470514;-1,11958659
-16,79970514;0,00000000
-16,79470514;0,37278542
-16,78970514;-0,18639271
-16,78470514;0,18639271
-16,77970514;0,00000000
-16,77470514;0,18639271
-16,76970514;0,00000000
-16,76470514;0,00000000
-16,75970514;-0,55979329
-16,75470514;0,00000000
-16,74970514;0,18639271
-16,74470514;0,18639271
-16,73970514;0,00000000
-16,73470514;0,55979329
-16,72970514;0,18639271
-16,72470514;-0,18639271
-16,71970514;-0,37278542
-16,71470514;0,93319386
-16,70970514;0,18639271
-16,70470514;0,55979329
-16,69970514;0,37278542
-16,69470514;0,18639271
-16,68970514;-0,37278542
-16,68470514;0,00000000
-16,67970514;0,18639271
-16,67470514;-0,37278542
-16,66970514;0,18639271
-16,66470514;0,37278542
-16,65970514;-0,74618596
-16,65470515;0,55979329
-16,64970515;-0,37278542
-16,64470515;0,18639271
-16,63970515;-1,11958659
-16,63470515;-0,93319386
-16,62970515;0,00000000
-16,62470515;-0,37278542
-16,61970515;-2,61318874
-16,61470515;0,18639271
-16,60970515;0,00000000
-16,60470515;-0,18639271
-16,59970515;0,00000000
-16,59470515;0,55979329
-16,58970515;1,86638772
-16,58470515;0,18639271
-16,57970515;-0,93319386
-16,57470515;0,55979329
-16,56970515;0,18639271
-16,56470515;0,00000000
-16,55970515;-0,37278542
-16,55470515;0,18639271
-16,54970515;-0,18639271
-16,54470515;0,00000000
-16,53970515;0,18639271
-16,53470515;0,18639271
-16,52970515;0,18639271
-16,52470515;0,18639271
-16,51970515;0,00000000
-16,51470515;0,00000000
-16,50970515;-0,18639271
-16,50470515;0,18639271
-16,49970515;0,37278542
-16,49470515;0,18639271
-16,48970515;0,55979329
-16,48470515;0,37278542
-16,47970515;-0,18639271
-16,47470515;-0,93319386
-16,46970515;0,55979329
-16,46470515;-0,37278542
-16,45970515;0,55979329
-16,45470515;-0,37278542
-16,44970515;-0,37278542
-16,44470515;0,18639271
-16,43970515;0,18639271
-16,43470515;0,93319386
-16,42970515;0,93319386
-16,42470515;0,93319386
-16,41970515;-0,93319386
-16,41470515;1,11958659
-16,40970515;0,18639271
-16,40470515;-0,18639271
-16,39970515;0,37278542
-16,39470515;0,00000000
-16,38970515;-0,37278542
-16,38470515;-0,37278542
-16,37970515;-0,55979329
-16,37470515;2,42679620
-16,36970515;-0,18639271
-16,36470515;-0,18639271
-16,35970515;-0,18639271
-16,35470515;0,93319386
-16,34970515;0,00000000
-16,34470515;0,93319386
-16,33970515;0,37278542
-16,33470515;0,00000000
-16,32970515;0,18639271
-16,32470515;0,55979329
-16,31970515;0,18639271
-16,31470515;0,00000000
-16,30970515;0,18639271
-16,30470515;0,55979329
-16,29970515;0,00000000
-16,29470515;0,37278542
-16,28970515;0,18639271
-16,28470515;0,37278542
-16,27970515;-0,37278542
-16,27470515;-1,11958659
-16,26970515;0,00000000
-16,26470515;0,00000000
-16,25970516;-0,37278542
-16,25470516;-0,37278542
-16,24970516;0,00000000
-16,24470516;0,18639271
-16,23970516;-0,37278542
-16,23470516;0,00000000
-16,22970516;-0,18639271
-16,22470516;0,93319386
-16,21970516;0,18639271
-16,21470516;0,55979329
-16,20970516;0,18639271
-16,20470516;-1,30659437
-16,19970516;0,37278542
-16,19470516;0,00000000
-16,18970516;-0,55979329
-16,18470516;0,74618596
-16,17970516;0,74618596
-16,17470516;0,00000000
-16,16970516;-0,37278542
-16,16470516;0,18639271
-16,15970516;1,86638772
-16,15470516;-0,37278542
-16,14970516;0,55979329
-16,14470516;-0,18639271
-16,13970516;-0,55979329
-16,13470516;0,18639271
-16,12970516;-0,37278542
-16,12470516;-0,18639271
-16,11970516;0,00000000
-16,11470516;0,18639271
-16,10970516;0,18639271
-16,10470516;0,74618596
-16,09970516;0,93319386
-16,09470516;-0,37278542
-16,08970516;0,18639271
-16,08470516;-0,37278542
-16,07970516;0,18639271
-16,07470516;-0,37278542
-16,06970516;0,18639271
-16,06470516;0,18639271
-16,05970516;0,37278542
-16,05470516;-0,74618596
-16,04970516;0,93319386
-16,04470516;0,00000000
-16,03970516;0,18639271
-16,03470516;0,00000000
-16,02970516;0,37278542
-16,02470516;-0,37278542
-16,01970516;0,00000000
-16,01470516;0,18639271
-16,00970516;-0,37278542
-16,00470516;0,37278542
-15,99970516;0,18639271
-15,99470516;0,37278542
-15,98970516;-0,55979329
-15,98470516;0,18639271
-15,97970516;-0,18639271
-15,97470516;-0,37278542
-15,96970516;-0,55979329
-15,96470516;0,00000000
-15,95970516;0,00000000
-15,95470516;0,37278542
-15,94970516;0,00000000
-15,94470516;0,37278542
-15,93970516;0,55979329
-15,93470516;0,00000000
-15,92970516;0,00000000
-15,92470516;-0,18639271
-15,91970516;-0,37278542
-15,91470516;0,00000000
-15,90970516;0,37278542
-15,90470516;0,00000000
-15,89970516;-0,93319386
-15,89470516;0,18639271
-15,88970516;0,00000000
-15,88470516;0,00000000
-15,87970516;-0,37278542
-15,87470516;0,00000000
-15,86970516;1,86638772
-15,86470517;0,55979329
-15,85970517;0,74618596
-15,85470517;0,93319386
-15,84970517;0,55979329
-15,84470517;0,00000000
-15,83970517;0,00000000
-15,83470517;0,18639271
-15,82970517;-0,37278542
-15,82470517;0,55979329
-15,81970517;-0,18639271
-15,81470517;0,55979329
-15,80970517;0,55979329
-15,80470517;-0,37278542
-15,79970517;0,18639271
-15,79470517;0,55979329
-15,78970517;0,18639271
-15,78470517;0,74618596
-15,77970517;0,00000000
-15,77470517;0,37278542
-15,76970517;0,18639271
-15,76470517;0,18639271
-15,75970517;0,18639271
-15,75470517;0,00000000
-15,74970517;0,18639271
-15,74470517;0,93319386
-15,73970517;0,18639271
-15,73470517;0,00000000
-15,72970517;1,11958659
-15,72470517;-0,18639271
-15,71970517;0,55979329
-15,71470517;-0,18639271
-15,70970517;0,37278542
-15,70470517;0,55979329
-15,69970517;0,55979329
-15,69470517;0,93319386
-15,68970517;0,18639271
-15,68470517;0,74618596
-15,67970517;0,18639271
-15,67470517;0,00000000
-15,66970517;-0,18639271
-15,66470517;0,55979329
-15,65970517;0,37278542
-15,65470517;0,00000000
-15,64970517;0,00000000
-15,64470517;0,00000000
-15,63970517;0,18639271
-15,63470517;0,18639271
-15,62970517;13,25479698
-15,62470517;0,18639271
-15,61970517;-0,74618596
-15,61470517;1,30659437
-15,60970517;0,00000000
-15,60470517;0,55979329
-15,59970517;1,86638772
-15,59470517;-0,55979329
-15,58970517;0,00000000
-15,58470517;0,00000000
-15,57970517;0,93319386
-15,57470517;0,55979329
-15,56970517;0,55979329
-15,56470517;0,74618596
-15,55970517;0,93319386
-15,55470517;0,18639271
-15,54970517;0,18639271
-15,54470517;0,74618596
-15,53970517;0,55979329
-15,53470517;0,18639271
-15,52970517;-0,18639271
-15,52470517;0,37278542
-15,51970517;-0,74618596
-15,51470517;0,18639271
-15,50970517;0,93319386
-15,50470517;0,00000000
-15,49970517;0,00000000
-15,49470517;-0,18639271
-15,48970517;-0,18639271
-15,48470517;-0,37278542
-15,47970517;0,55979329
-15,47470517;-0,37278542
-15,46970518;0,18639271
-15,46470518;1,49298716
-15,45970518;-1,11958659
-15,45470518;0,00000000
-15,44970518;0,18639271
-15,44470518;0,74618596
-15,43970518;-0,37278542
-15,43470518;0,00000000
-15,42970518;0,18639271
-15,42470518;0,18639271
-15,41970518;1,86638772
-15,41470518;-0,37278542
-15,40970518;0,74618596
-15,40470518;0,37278542
-15,39970518;0,00000000
-15,39470518;-1,11958659
-15,38970518;0,18639271
-15,38470518;1,11958659
-15,37970518;0,55979329
-15,37470518;0,18639271
-15,36970518;-0,18639271
-15,36470518;0,93319386
-15,35970518;0,37278542
-15,35470518;0,55979329
-15,34970518;0,18639271
-15,34470518;0,55979329
-15,33970518;0,00000000
-15,33470518;0,18639271
-15,32970518;1,49298716
-15,32470518;0,55979329
-15,31970518;0,37278542
-15,31470518;-0,37278542
-15,30970518;0,74618596
-15,30470518;0,55979329
-15,29970518;-0,55979329
-15,29470518;0,18639271
-15,28970518;-0,18639271
-15,28470518;-0,18639271
-15,27970518;0,55979329
-15,27470518;-0,93319386
-15,26970518;0,00000000
-15,26470518;0,37278542
-15,25970518;-0,55979329
-15,25470518;0,18639271
-15,24970518;0,18639271
-15,24470518;0,00000000
-15,23970518;-0,37278542
-15,23470518;0,00000000
-15,22970518;0,00000000
-15,22470518;0,55979329
-15,21970518;0,37278542
-15,21470518;0,93319386
-15,20970518;0,93319386
-15,20470518;0,37278542
-15,19970518;-0,18639271
-15,19470518;-0,37278542
-15,18970518;-1,11958659
-15,18470518;0,00000000
-15,17970518;0,55979329
-15,17470518;0,93319386
-15,16970518;0,55979329
-15,16470518;0,55979329
-15,15970518;0,00000000
-15,15470518;0,18639271
-15,14970518;0,74618596
-15,14470518;0,18639271
-15,13970518;0,00000000
-15,13470518;-0,55979329
-15,12970518;0,00000000
-15,12470518;0,18639271
-15,11970518;0,00000000
-15,11470518;-0,18639271
-15,10970518;0,18639271
-15,10470518;-0,18639271
-15,09970518;0,55979329
-15,09470518;0,18639271
-15,08970518;0,00000000
-15,08470518;0,18639271
-15,07970518;0,55979329
-15,07470519;0,37278542
-15,06970519;0,55979329
-15,06470519;0,37278542
-15,05970519;1,11958659
-15,05470519;0,18639271
-15,04970519;0,00000000
-15,04470519;-0,18639271
-15,03970519;0,74618596
-15,03470519;0,18639271
-15,02970519;0,93319386
-15,02470519;0,55979329
-15,01970519;1,49298716
-15,01470519;0,93319386
-15,00970519;-0,37278542
-15,00470519;1,11958659
-14,99970519;0,55979329
-14,99470519;0,18639271
-14,98970519;-0,55979329
-14,98470519;0,93319386
-14,97970519;0,18639271
-14,97470519;0,18639271
-14,96970519;-0,37278542
-14,96470519;0,18639271
-14,95970519;0,37278542
-14,95470519;0,18639271
-14,94970519;1,11958659
-14,94470519;0,00000000
-14,93970519;0,00000000
-14,93470519;0,18639271
-14,92970519;0,37278542
-14,92470519;0,00000000
-14,91970519;0,18639271
-14,91470519;0,18639271
-14,90970519;0,74618596
-14,90470519;0,00000000
-14,89970519;0,18639271
-14,89470519;0,37278542
-14,88970519;0,37278542
-14,88470519;0,00000000
-14,87970519;0,00000000
-14,87470519;0,00000000
-14,86970519;0,00000000
-14,86470519;1,30659437
-14,85970519;0,37278542
-14,85470519;-2,98658943
-14,84970519;0,00000000
-14,84470519;0,55979329
-14,83970519;-0,55979329
-14,83470519;-0,37278542
-14,82970519;0,00000000
-14,82470519;0,37278542
-14,81970519;0,74618596
-14,81470519;0,00000000
-14,80970519;0,55979329
-14,80470519;0,00000000
-14,79970519;-0,18639271
-14,79470519;0,00000000
-14,78970519;-3,17359710
-14,78470519;0,37278542
-14,77970519;-0,37278542
-14,77470519;0,18639271
-14,76970519;-0,55979329
-14,76470519;0,00000000
-14,75970519;0,93319386
-14,75470519;0,55979329
-14,74970519;0,37278542
-14,74470519;0,93319386
-14,73970519;0,18639271
-14,73470519;0,37278542
-14,72970519;0,93319386
-14,72470519;1,11958659
-14,71970519;0,00000000
-14,71470519;-0,37278542
-14,70970519;-0,18639271
-14,70470519;0,00000000
-14,69970519;0,55979329
-14,69470519;0,74618596
-14,68970519;0,00000000
-14,68470519;0,37278542
-14,67970520;-0,18639271
-14,67470520;0,18639271
-14,66970520;0,00000000
-14,66470520;0,00000000
-14,65970520;0,55979329
-14,65470520;0,74618596
-14,64970520;0,18639271
-14,64470520;0,00000000
-14,63970520;-0,18639271
-14,63470520;0,55979329
-14,62970520;0,00000000
-14,62470520;0,55979329
-14,61970520;0,93319386
-14,61470520;0,55979329
-14,60970520;-0,93319386
-14,60470520;-1,30659437
-14,59970520;-0,74618596
-14,59470520;-0,18639271
-14,58970520;-0,74618596
-14,58470520;0,00000000
-14,57970520;0,37278542
-14,57470520;-0,37278542
-14,56970520;1,11958659
-14,56470520;0,18639271
-14,55970520;0,18639271
-14,55470520;0,00000000
-14,54970520;-0,18639271
-14,54470520;0,93319386
-14,53970520;-0,18639271
-14,53470520;0,18639271
-14,52970520;0,00000000
-14,52470520;0,74618596
-14,51970520;-0,74618596
-14,51470520;-0,55979329
-14,50970520;0,37278542
-14,50470520;0,00000000
-14,49970520;-0,18639271
-14,49470520;-0,18639271
-14,48970520;-0,37278542
-14,48470520;-0,37278542
-14,47970520;0,18639271
-14,47470520;0,74618596
-14,46970520;-0,18639271
-14,46470520;0,55979329
-14,45970520;-0,55979329
-14,45470520;0,37278542
-14,44970520;-1,11958659
-14,44470520;0,74618596
-14,43970520;0,18639271
-14,43470520;-0,18639271
-14,42970520;0,55979329
-14,42470520;-0,18639271
-14,41970520;0,18639271
-14,41470520;0,00000000
-14,40970520;0,37278542
-14,40470520;-0,37278542
-14,39970520;0,00000000
-14,39470520;0,55979329
-14,38970520;-0,93319386
-14,38470520;0,18639271
-14,37970520;0,93319386
-14,37470520;0,00000000
-14,36970520;0,37278542
-14,36470520;0,37278542
-14,35970520;0,55979329
-14,35470520;0,55979329
-14,34970520;-0,37278542
-14,34470520;0,74618596
-14,33970520;0,00000000
-14,33470520;-0,37278542
-14,32970520;0,37278542
-14,32470520;0,55979329
-14,31970520;0,00000000
-14,31470520;0,18639271
-14,30970520;-0,18639271
-14,30470520;0,00000000
-14,29970520;0,55979329
-14,29470520;0,00000000
-14,28970520;0,18639271
-14,28470520;-0,55979329
-14,27970521;0,37278542
-14,27470521;0,18639271
-14,26970521;0,37278542
-14,26470521;-0,74618596
-14,25970521;0,00000000
-14,25470521;0,18639271
-14,24970521;0,37278542
-14,24470521;0,74618596
-14,23970521;0,55979329
-14,23470521;0,18639271
-14,22970521;0,00000000
-14,22470521;0,18639271
-14,21970521;0,55979329
-14,21470521;0,74618596
-14,20970521;0,37278542
-14,20470521;0,18639271
-14,19970521;0,18639271
-14,19470521;0,18639271
-14,18970521;7,09399605
-14,18470521;0,93319386
-14,17970521;0,18639271
-14,17470521;-0,74618596
-14,16970521;-0,18639271
-14,16470521;0,00000000
-14,15970521;0,93319386
-14,15470521;0,18639271
-14,14970521;0,55979329
-14,14470521;0,18639271
-14,13970521;-0,37278542
-14,13470521;-0,18639271
-14,12970521;0,93319386
-14,12470521;1,11958659
-14,11970521;0,18639271
-14,11470521;0,55979329
-14,10970521;0,18639271
-14,10470521;0,37278542
-14,09970521;0,18639271
-14,09470521;0,37278542
-14,08970521;2,98658943
-14,08470521;0,00000000
-14,07970521;0,18639271
-14,07470521;-1,11958659
-14,06970521;0,93319386
-14,06470521;-0,74618596
-14,05970521;0,55979329
-14,05470521;0,18639271
-14,04970521;0,00000000
-14,04470521;0,18639271
-14,03970521;0,37278542
-14,03470521;0,18639271
-14,02970521;-0,74618596
-14,02470521;0,93319386
-14,01970521;0,55979329
-14,01470521;0,93319386
-14,00970521;0,18639271
-14,00470521;1,11958659
-13,99970521;0,74618596
-13,99470521;0,18639271
-13,98970521;-0,37278542
-13,98470521;0,00000000
-13,97970521;0,18639271
-13,97470521;-0,18639271
-13,96970521;0,55979329
-13,96470521;0,00000000
-13,95970521;0,00000000
-13,95470521;0,18639271
-13,94970521;1,11958659
-13,94470521;0,37278542
-13,93970521;-0,37278542
-13,93470521;-0,18639271
-13,92970521;0,37278542
-13,92470521;0,55979329
-13,91970521;-1,49298716
-13,91470521;-0,18639271
-13,90970521;0,00000000
-13,90470521;-0,37278542
-13,89970521;0,18639271
-13,89470521;0,18639271
-13,88970521;0,55979329
-13,88470522;0,00000000
-13,87970522;-0,37278542
-13,87470522;0,55979329
-13,86970522;-0,37278542
-13,86470522;0,00000000
-13,85970522;1,11958659
-13,85470522;0,37278542
-13,84970522;0,37278542
-13,84470522;0,37278542
-13,83970522;0,93319386
-13,83470522;0,00000000
-13,82970522;-0,18639271
-13,82470522;0,37278542
-13,81970522;0,37278542
-13,81470522;0,37278542
-13,80970522;0,18639271
-13,80470522;1,67999494
-13,79970522;0,18639271
-13,79470522;-0,37278542
-13,78970522;0,00000000
-13,78470522;0,18639271
-13,77970522;0,37278542
-13,77470522;0,00000000
-13,76970522;0,37278542
-13,76470522;0,18639271
-13,75970522;0,55979329
-13,75470522;0,37278542
-13,74970522;0,74618596
-13,74470522;0,37278542
-13,73970522;0,18639271
-13,73470522;-0,18639271
-13,72970522;0,00000000
-13,72470522;-0,18639271
-13,71970522;0,55979329
-13,71470522;0,18639271
-13,70970522;-0,37278542
-13,70470522;0,55979329
-13,69970522;-0,37278542
-13,69470522;0,37278542
-13,68970522;-0,37278542
-13,68470522;0,18639271
-13,67970522;-0,18639271
-13,67470522;0,18639271
-13,66970522;0,18639271
-13,66470522;0,18639271
-13,65970522;0,55979329
-13,65470522;-1,30659437
-13,64970522;-0,55979329
-13,64470522;0,00000000
-13,63970522;-0,18639271
-13,63470522;0,18639271
-13,62970522;0,37278542
-13,62470522;0,55979329
-13,61970522;0,55979329
-13,61470522;0,55979329
-13,60970522;0,00000000
-13,60470522;-0,37278542
-13,59970522;0,18639271
-13,59470522;0,18639271
-13,58970522;-0,93319386
-13,58470522;0,18639271
-13,57970522;-0,93319386
-13,57470522;0,55979329
-13,56970522;0,74618596
-13,56470522;0,00000000
-13,55970522;0,55979329
-13,55470522;-0,74618596
-13,54970522;0,18639271
-13,54470522;-0,18639271
-13,53970522;0,00000000
-13,53470522;0,18639271
-13,52970522;0,00000000
-13,52470522;0,37278542
-13,51970522;0,00000000
-13,51470522;-0,18639271
-13,50970522;0,00000000
-13,50470522;0,00000000
-13,49970522;-0,37278542
-13,49470522;-0,37278542
-13,48970523;0,18639271
-13,48470523;0,00000000
-13,47970523;0,00000000
-13,47470523;0,37278542
-13,46970523;0,00000000
-13,46470523;0,74618596
-13,45970523;0,00000000
-13,45470523;0,55979329
-13,44970523;0,93319386
-13,44470523;0,55979329
-13,43970523;0,00000000
-13,43470523;0,18639271
-13,42970523;0,18639271
-13,42470523;0,00000000
-13,41970523;0,93319386
-13,41470523;0,37278542
-13,40970523;0,18639271
-13,40470523;0,93319386
-13,39970523;-0,18639271
-13,39470523;0,55979329
-13,38970523;1,30659437
-13,38470523;0,55979329
-13,37970523;0,00000000
-13,37470523;0,18639271
-13,36970523;0,18639271
-13,36470523;0,18639271
-13,35970523;0,00000000
-13,35470523;0,18639271
-13,34970523;0,93319386
-13,34470523;-0,37278542
-13,33970523;0,37278542
-13,33470523;-0,18639271
-13,32970523;-0,55979329
-13,32470523;0,18639271
-13,31970523;0,00000000
-13,31470523;0,18639271
-13,30970523;0,37278542
-13,30470523;0,00000000
-13,29970523;0,55979329
-13,29470523;0,00000000
-13,28970523;0,55979329
-13,28470523;0,00000000
-13,27970523;0,00000000
-13,27470523;-0,37278542
-13,26970523;0,18639271
-13,26470523;0,18639271
-13,25970523;0,00000000
-13,25470523;0,18639271
-13,24970523;-0,18639271
-13,24470523;0,00000000
-13,23970523;-0,18639271
-13,23470523;0,55979329
-13,22970523;0,18639271
-13,22470523;2,80019665
-13,21970523;-0,18639271
-13,21470523;0,00000000
-13,20970523;-0,18639271
-13,20470523;-0,74618596
-13,19970523;0,00000000
-13,19470523;-0,37278542
-13,18970523;0,00000000
-13,18470523;0,18639271
-13,17970523;0,93319386
-13,17470523;0,18639271
-13,16970523;0,18639271
-13,16470523;0,00000000
-13,15970523;0,00000000
-13,15470523;0,00000000
-13,14970523;-0,74618596
-13,14470523;0,93319386
-13,13970523;0,18639271
-13,13470523;0,55979329
-13,12970523;1,11958659
-13,12470523;1,67999494
-13,11970523;0,55979329
-13,11470523;-0,37278542
-13,10970523;0,37278542
-13,10470523;-0,18639271
-13,09970523;-1,11958659
-13,09470524;0,37278542
-13,08970524;-0,37278542
-13,08470524;0,18639271
-13,07970524;0,55979329
-13,07470524;0,00000000
-13,06970524;0,18639271
-13,06470524;0,00000000
-13,05970524;1,11958659
-13,05470524;-0,18639271
-13,04970524;1,11958659
-13,04470524;0,00000000
-13,03970524;0,93319386
-13,03470524;0,18639271
-13,02970524;1,11958659
-13,02470524;-0,37278542
-13,01970524;0,00000000
-13,01470524;0,18639271
-13,00970524;0,00000000
-13,00470524;-0,18639271
-12,99970524;0,00000000
-12,99470524;0,55979329
-12,98970524;-0,93319386
-12,98470524;0,00000000
-12,97970524;0,74618596
-12,97470524;-0,37278542
-12,96970524;-0,37278542
-12,96470524;0,18639271
-12,95970524;0,18639271
-12,95470524;0,00000000
-12,94970524;-0,18639271
-12,94470524;-0,37278542
-12,93970524;0,00000000
-12,93470524;0,00000000
-12,92970524;0,18639271
-12,92470524;-0,74618596
-12,91970524;-0,55979329
-12,91470524;0,00000000
-12,90970524;-0,37278542
-12,90470524;0,00000000
-12,89970524;-0,74618596
-12,89470524;0,18639271
-12,88970524;0,00000000
-12,88470524;0,18639271
-12,87970524;-0,74618596
-12,87470524;0,18639271
-12,86970524;-0,74618596
-12,86470524;0,55979329
-12,85970524;-0,18639271
-12,85470524;0,18639271
-12,84970524;0,00000000
-12,84470524;0,18639271
-12,83970524;0,37278542
-12,83470524;0,55979329
-12,82970524;-0,37278542
-12,82470524;0,00000000
-12,81970524;0,18639271
-12,81470524;-0,74618596
-12,80970524;0,18639271
-12,80470524;-0,74618596
-12,79970524;0,00000000
-12,79470524;0,37278542
-12,78970524;-1,11958659
-12,78470524;0,55979329
-12,77970524;0,00000000
-12,77470524;0,93319386
-12,76970524;0,00000000
-12,76470524;0,18639271
-12,75970524;0,00000000
-12,75470524;0,18639271
-12,74970524;0,93319386
-12,74470524;-0,18639271
-12,73970524;-0,37278542
-12,73470524;0,37278542
-12,72970524;0,37278542
-12,72470524;0,55979329
-12,71970524;0,37278542
-12,71470524;0,37278542
-12,70970524;0,55979329
-12,70470524;0,55979329
-12,69970525;0,18639271
-12,69470525;0,74618596
-12,68970525;-0,74618596
-12,68470525;0,93319386
-12,67970525;-0,37278542
-12,67470525;0,00000000
-12,66970525;0,93319386
-12,66470525;0,00000000
-12,65970525;14,74839973
-12,65470525;-0,55979329
-12,64970525;-0,55979329
-12,64470525;-0,37278542
-12,63970525;0,00000000
-12,63470525;0,18639271
-12,62970525;0,55979329
-12,62470525;0,18639271
-12,61970525;0,00000000
-12,61470525;0,00000000
-12,60970525;-0,55979329
-12,60470525;-0,37278542
-12,59970525;-0,18639271
-12,59470525;0,18639271
-12,58970525;-0,37278542
-12,58470525;1,49298716
-12,57970525;0,37278542
-12,57470525;0,18639271
-12,56970525;-0,18639271
-12,56470525;-0,18639271
-12,55970525;0,74618596
-12,55470525;-0,37278542
-12,54970525;0,37278542
-12,54470525;0,00000000
-12,53970525;0,55979329
-12,53470525;0,37278542
-12,52970525;-0,18639271
-12,52470525;0,55979329
-12,51970525;0,00000000
-12,51470525;0,55979329
-12,50970525;0,37278542
-12,50470525;0,18639271
-12,49970525;-0,37278542
-12,49470525;0,55979329
-12,48970525;0,18639271
-12,48470525;0,00000000
-12,47970525;0,55979329
-12,47470525;1,49298716
-12,46970525;0,55979329
-12,46470525;0,18639271
-12,45970525;0,93319386
-12,45470525;-0,37278542
-12,44970525;-0,55979329
-12,44470525;0,00000000
-12,43970525;-0,55979329
-12,43470525;0,55979329
-12,42970525;-0,37278542
-12,42470525;-0,18639271
-12,41970525;0,55979329
-12,41470525;0,00000000
-12,40970525;0,55979329
-12,40470525;-0,37278542
-12,39970525;0,18639271
-12,39470525;-0,18639271
-12,38970525;-0,74618596
-12,38470525;-1,30659437
-12,37970525;0,00000000
-12,37470525;0,00000000
-12,36970525;0,00000000
-12,36470525;0,00000000
-12,35970525;-0,37278542
-12,35470525;0,37278542
-12,34970525;0,93319386
-12,34470525;-0,18639271
-12,33970525;2,42679620
-12,33470525;-0,74618596
-12,32970525;-0,37278542
-12,32470525;0,00000000
-12,31970525;0,55979329
-12,31470525;0,00000000
-12,30970525;0,55979329
-12,30470525;0,00000000
-12,29970526;-0,74618596
-12,29470526;0,37278542
-12,28970526;3,54699802
-12,28470526;0,55979329
-12,27970526;0,00000000
-12,27470526;0,18639271
-12,26970526;0,00000000
-12,26470526;-0,18639271
-12,25970526;0,00000000
-12,25470526;-0,74618596
-12,24970526;0,00000000
-12,24470526;0,00000000
-12,23970526;-0,55979329
-12,23470526;-0,55979329
-12,22970526;0,18639271
-12,22470526;0,18639271
-12,21970526;-1,11958659
-12,21470526;0,00000000
-12,20970526;0,18639271
-12,20470526;-0,93319386
-12,19970526;-0,37278542
-12,19470526;-0,37278542
-12,18970526;0,55979329
-12,18470526;0,18639271
-12,17970526;-0,74618596
-12,17470526;-0,74618596
-12,16970526;-0,74618596
-12,16470526;0,18639271
-12,15970526;0,37278542
-12,15470526;0,18639271
-12,14970526;-0,18639271
-12,14470526;0,55979329
-12,13970526;-1,67999494
-12,13470526;0,00000000
-12,12970526;0,74618596
-12,12470526;0,55979329
-12,11970526;0,55979329
-12,11470526;0,18639271
-12,10970526;0,18639271
-12,10470526;-0,93319386
-12,09970526;0,37278542
-12,09470526;0,00000000
-12,08970526;0,18639271
-12,08470526;-1,11958659
-12,07970526;-0,18639271
-12,07470526;0,37278542
-12,06970526;-0,74618596
-12,06470526;0,00000000
-12,05970526;-0,37278542
-12,05470526;0,00000000
-12,04970526;-0,18639271
-12,04470526;-0,18639271
-12,03970526;0,55979329
-12,03470526;0,55979329
-12,02970526;0,00000000
-12,02470526;0,00000000
-12,01970526;0,18639271
-12,01470526;-0,37278542
-12,00970526;0,55979329
-12,00470526;0,93319386
-11,99970526;0,93319386
-11,99470526;0,00000000
-11,98970526;-0,93319386
-11,98470526;-0,93319386
-11,97970526;0,18639271
-11,97470526;1,11958659
-11,96970526;0,00000000
-11,96470526;-0,37278542
-11,95970526;0,74618596
-11,95470526;-0,37278542
-11,94970526;0,18639271
-11,94470526;0,18639271
-11,93970526;0,00000000
-11,93470526;-0,18639271
-11,92970526;0,00000000
-11,92470526;0,37278542
-11,91970526;-18,10838890
-11,91470526;0,18639271
-11,90970526;0,00000000
-11,90470527;0,55979329
-11,89970527;0,00000000
-11,89470527;0,00000000
-11,88970527;0,18639271
-11,88470527;-0,18639271
-11,87970527;0,18639271
-11,87470527;0,37278542
-11,86970527;0,37278542
-11,86470527;0,00000000
-11,85970527;0,18639271
-11,85470527;0,00000000
-11,84970527;1,11958659
-11,84470527;-0,37278542
-11,83970527;0,37278542
-11,83470527;-0,37278542
-11,82970527;0,00000000
-11,82470527;0,00000000
-11,81970527;0,00000000
-11,81470527;-1,11958659
-11,80970527;-0,37278542
-11,80470527;-0,18639271
-11,79970527;0,93319386
-11,79470527;0,18639271
-11,78970527;0,00000000
-11,78470527;7,28038836
-11,77970527;0,18639271
-11,77470527;-0,37278542
-11,76970527;0,18639271
-11,76470527;0,00000000
-11,75970527;0,00000000
-11,75470527;0,18639271
-11,74970527;-0,55979329
-11,74470527;0,00000000
-11,73970527;-0,55979329
-11,73470527;0,00000000
-11,72970527;0,55979329
-11,72470527;0,00000000
-11,71970527;-0,37278542
-11,71470527;-0,55979329
-11,70970527;-0,37278542
-11,70470527;0,18639271
-11,69970527;-0,55979329
-11,69470527;0,00000000
-11,68970527;0,00000000
-11,68470527;0,93319386
-11,67970527;0,00000000
-11,67470527;0,00000000
-11,66970527;0,18639271
-11,66470527;0,18639271
-11,65970527;0,18639271
-11,65470527;0,55979329
-11,64970527;-0,37278542
-11,64470527;-0,18639271
-11,63970527;-0,18639271
-11,63470527;-0,18639271
-11,62970527;0,00000000
-11,62470527;-0,37278542
-11,61970527;0,18639271
-11,61470527;-0,18639271
-11,60970527;0,18639271
-11,60470527;-0,37278542
-11,59970527;-0,37278542
-11,59470527;0,37278542
-11,58970527;1,67999494
-11,58470527;0,18639271
-11,57970527;0,55979329
-11,57470527;1,11958659
-11,56970527;-0,37278542
-11,56470527;0,55979329
-11,55970527;0,00000000
-11,55470527;0,00000000
-11,54970527;-0,55979329
-11,54470527;-0,74618596
-11,53970527;-0,37278542
-11,53470527;0,18639271
-11,52970527;0,37278542
-11,52470527;-0,55979329
-11,51970527;0,93319386
-11,51470527;8,40059090
-11,50970528;1,49298716
-11,50470528;0,18639271
-11,49970528;0,18639271
-11,49470528;0,37278542
-11,48970528;-0,37278542
-11,48470528;0,00000000
-11,47970528;0,00000000
-11,47470528;0,18639271
-11,46970528;0,18639271
-11,46470528;0,18639271
-11,45970528;0,00000000
-11,45470528;0,55979329
-11,44970528;0,00000000
-11,44470528;0,18639271
-11,43970528;0,00000000
-11,43470528;0,55979329
-11,42970528;0,18639271
-11,42470528;0,93319386
-11,41970528;0,37278542
-11,41470528;0,00000000
-11,40970528;0,00000000
-11,40470528;1,86638772
-11,39970528;0,74618596
-11,39470528;0,37278542
-11,38970528;-1,11958659
-11,38470528;0,00000000
-11,37970528;-2,42679620
-11,37470528;0,18639271
-11,36970528;-0,18639271
-11,36470528;0,18639271
-11,35970528;0,55979329
-11,35470528;0,18639271
-11,34970528;-0,37278542
-11,34470528;0,37278542
-11,33970528;0,00000000
-11,33470528;0,37278542
-11,32970528;0,18639271
-11,32470528;-1,11958659
-11,31970528;0,18639271
-11,31470528;0,18639271
-11,30970528;0,00000000
-11,30470528;0,18639271
-11,29970528;0,37278542
-11,29470528;0,37278542
-11,28970528;0,37278542
-11,28470528;0,55979329
-11,27970528;-0,37278542
-11,27470528;-0,37278542
-11,26970528;0,74618596
-11,26470528;-0,74618596
-11,25970528;0,18639271
-11,25470528;0,37278542
-11,24970528;-0,18639271
-11,24470528;0,00000000
-11,23970528;-0,74618596
-11,23470528;-0,18639271
-11,22970528;0,18639271
-11,22470528;-0,18639271
-11,21970528;0,37278542
-11,21470528;-0,18639271
-11,20970528;-0,74618596
-11,20470528;0,00000000
-11,19970528;-0,37278542
-11,19470528;0,18639271
-11,18970528;-0,74618596
-11,18470528;0,00000000
-11,17970528;0,18639271
-11,17470528;-1,49298716
-11,16970528;0,18639271
-11,16470528;0,18639271
-11,15970528;0,18639271
-11,15470528;0,18639271
-11,14970528;-0,18639271
-11,14470528;0,18639271
-11,13970528;-0,74618596
-11,13470528;0,00000000
-11,12970528;0,18639271
-11,12470528;1,11958659
-11,11970528;0,00000000
-11,11470529;-0,18639271
-11,10970529;0,00000000
-11,10470529;-0,37278542
-11,09970529;0,00000000
-11,09470529;-0,37278542
-11,08970529;0,37278542
-11,08470529;0,37278542
-11,07970529;0,37278542
-11,07470529;0,00000000
-11,06970529;-1,86638772
-11,06470529;0,00000000
-11,05970529;-0,18639271
-11,05470529;0,93319386
-11,04970529;0,37278542
-11,04470529;3,73339057
-11,03970529;0,00000000
-11,03470529;0,18639271
-11,02970529;0,37278542
-11,02470529;0,55979329
-11,01970529;0,00000000
-11,01470529;-0,37278542
-11,00970529;0,18639271
-11,00470529;-0,18639271
-10,99970529;-0,37278542
-10,99470529;-0,37278542
-10,98970529;-0,74618596
-10,98470529;-1,11958659
-10,97970529;0,00000000
-10,97470529;-0,18639271
-10,96970529;0,00000000
-10,96470529;-0,74618596
-10,95970529;1,11958659
-10,95470529;-0,74618596
-10,94970529;-0,37278542
-10,94470529;0,55979329
-10,93970529;0,55979329
-10,93470529;0,00000000
-10,92970529;-0,37278542
-10,92470529;0,00000000
-10,91970529;-0,37278542
-10,91470529;0,18639271
-10,90970529;-0,37278542
-10,90470529;0,18639271
-10,89970529;0,18639271
-10,89470529;0,37278542
-10,88970529;-0,18639271
-10,88470529;0,00000000
-10,87970529;0,55979329
-10,87470529;0,00000000
-10,86970529;-1,11958659
-10,86470529;0,37278542
-10,85970529;-0,74618596
-10,85470529;-0,37278542
-10,84970529;0,37278542
-10,84470529;0,74618596
-10,83970529;-0,55979329
-10,83470529;-0,55979329
-10,82970529;0,00000000
-10,82470529;-0,18639271
-10,81970529;0,00000000
-10,81470529;0,18639271
-10,80970529;0,00000000
-10,80470529;1,11958659
-10,79970529;0,00000000
-10,79470529;0,00000000
-10,78970529;-0,74618596
-10,78470529;0,18639271
-10,77970529;0,00000000
-10,77470529;-0,37278542
-10,76970529;-2,23978829
-10,76470529;0,18639271
-10,75970529;0,18639271
-10,75470529;0,18639271
-10,74970529;0,00000000
-10,74470529;-0,18639271
-10,73970529;-0,37278542
-10,73470529;0,00000000
-10,72970529;0,00000000
-10,72470529;0,00000000
-10,71970530;0,00000000
-10,71470530;1,11958659
-10,70970530;0,18639271
-10,70470530;0,55979329
-10,69970530;-1,11958659
-10,69470530;0,00000000
-10,68970530;-0,55979329
-10,68470530;0,00000000
-10,67970530;-0,18639271
-10,67470530;0,18639271
-10,66970530;-0,37278542
-10,66470530;0,18639271
-10,65970530;0,00000000
-10,65470530;-0,18639271
-10,64970530;-0,74618596
-10,64470530;0,93319386
-10,63970530;0,37278542
-10,63470530;0,00000000
-10,62970530;0,00000000
-10,62470530;-0,74618596
-10,61970530;-0,18639271
-10,61470530;-0,18639271
-10,60970530;-0,55979329
-10,60470530;0,18639271
-10,59970530;5,78740120
-10,59470530;0,55979329
-10,58970530;1,67999494
-10,58470530;0,18639271
-10,57970530;0,18639271
-10,57470530;-1,30659437
-10,56970530;2,05339551
-10,56470530;-0,18639271
-10,55970530;0,00000000
-10,55470530;0,18639271
-10,54970530;-0,74618596
-10,54470530;0,00000000
-10,53970530;-0,55979329
-10,53470530;-0,55979329
-10,52970530;1,11958659
-10,52470530;-0,55979329
-10,51970530;0,37278542
-10,51470530;0,00000000
-10,50970530;0,18639271
-10,50470530;0,00000000
-10,49970530;0,00000000
-10,49470530;0,18639271
-10,48970530;0,00000000
-10,48470530;1,11958659
-10,47970530;0,74618596
-10,47470530;0,74618596
-10,46970530;-0,74618596
-10,46470530;0,93319386
-10,45970530;0,00000000
-10,45470530;-0,37278542
-10,44970530;-0,37278542
-10,44470530;-0,37278542
-10,43970530;0,18639271
-10,43470530;0,00000000
-10,42970530;-0,55979329
-10,42470530;-0,18639271
-10,41970530;0,00000000
-10,41470530;0,55979329
-10,40970530;0,18639271
-10,40470530;0,18639271
-10,39970530;1,11958659
-10,39470530;-0,93319386
-10,38970530;-1,11958659
-10,38470530;0,00000000
-10,37970530;0,18639271
-10,37470530;-0,37278542
-10,36970530;0,37278542
-10,36470530;0,00000000
-10,35970530;0,18639271
-10,35470530;0,18639271
-10,34970530;0,00000000
-10,34470530;0,55979329
-10,33970530;-0,18639271
-10,33470530;-0,18639271
-10,32970530;0,55979329
-10,32470531;0,18639271
-10,31970531;0,18639271
-10,31470531;-0,74618596
-10,30970531;1,11958659
-10,30470531;0,00000000
-10,29970531;-0,18639271
-10,29470531;0,93319386
-10,28970531;0,18639271
-10,28470531;0,00000000
-10,27970531;-0,37278542
-10,27470531;0,18639271
-10,26970531;0,18639271
-10,26470531;0,18639271
-10,25970531;-0,18639271
-10,25470531;0,00000000
-10,24970531;0,55979329
-10,24470531;0,00000000
-10,23970531;0,18639271
-10,23470531;0,37278542
-10,22970531;0,37278542
-10,22470531;-0,93319386
-10,21970531;-0,18639271
-10,21470531;0,00000000
-10,20970531;0,74618596
-10,20470531;0,00000000
-10,19970531;0,93319386
-10,19470531;-0,37278542
-10,18970531;0,00000000
-10,18470531;0,37278542
-10,17970531;-0,37278542
-10,17470531;-0,74618596
-10,16970531;0,00000000
-10,16470531;0,18639271
-10,15970531;1,11958659
-10,15470531;0,00000000
-10,14970531;0,00000000
-10,14470531;0,18639271
-10,13970531;0,37278542
-10,13470531;0,74618596
-10,12970531;-0,37278542
-10,12470531;-0,37278542
-10,11970531;0,00000000
-10,11470531;0,37278542
-10,10970531;0,74618596
-10,10470531;-0,74618596
-10,09970531;0,00000000
-10,09470531;-0,18639271
-10,08970531;-0,55979329
-10,08470531;0,37278542
-10,07970531;-0,18639271
-10,07470531;-0,74618596
-10,06970531;-0,93319386
-10,06470531;0,00000000
-10,05970531;0,18639271
-10,05470531;0,18639271
-10,04970531;0,00000000
-10,04470531;0,18639271
-10,03970531;-0,37278542
-10,03470531;0,93319386
-10,02970531;0,55979329
-10,02470531;0,18639271
-10,01970531;0,00000000
-10,01470531;0,00000000
-10,00970531;-0,18639271
-10,00470531;0,55979329
-9,99970531;0,18639271
-9,99470531;0,00000000
-9,98970531;1,11958659
-9,98470531;-0,37278542
-9,97970531;-0,37278542
-9,97470531;1,86638772
-9,96970531;-1,30659437
-9,96470531;0,37278542
-9,95970531;0,00000000
-9,95470531;0,00000000
-9,94970531;-0,37278542
-9,94470531;-0,37278542
-9,93970531;0,37278542
-9,93470531;0,55979329
-9,92970531;0,18639271
-9,92470532;0,55979329
-9,91970532;0,18639271
-9,91470532;0,55979329
-9,90970532;0,55979329
-9,90470532;0,55979329
-9,89970532;0,00000000
-9,89470532;0,00000000
-9,88970532;0,37278542
-9,88470532;0,18639271
-9,87970532;0,93319386
-9,87470532;0,00000000
-9,86970532;0,00000000
-9,86470532;0,00000000
-9,85970532;0,00000000
-9,85470532;-0,55979329
-9,84970532;-0,18639271
-9,84470532;0,74618596
-9,83970532;-0,37278542
-9,83470532;0,74618596
-9,82970532;0,18639271
-9,82470532;-0,37278542
-9,81970532;0,18639271
-9,81470532;0,18639271
-9,80970532;0,18639271
-9,80470532;6,16018677
-9,79970532;0,18639271
-9,79470532;0,18639271
-9,78970532;0,37278542
-9,78470532;0,74618596
-9,77970532;0,93319386
-9,77470532;0,55979329
-9,76970532;0,55979329
-9,76470532;0,55979329
-9,75970532;0,55979329
-9,75470532;-1,11958659
-9,74970532;0,55979329
-9,74470532;0,37278542
-9,73970532;0,00000000
-9,73470532;0,18639271
-9,72970532;0,00000000
-9,72470532;0,37278542
-9,71970532;0,18639271
-9,71470532;0,93319386
-9,70970532;0,37278542
-9,70470532;0,55979329
-9,69970532;-0,18639271
-9,69470532;-0,37278542
-9,68970532;0,93319386
-9,68470532;-0,37278542
-9,67970532;-0,18639271
-9,67470532;0,18639271
-9,66970532;0,00000000
-9,66470532;0,18639271
-9,65970532;-0,37278542
-9,65470532;0,18639271
-9,64970532;-0,18639271
-9,64470532;0,00000000
-9,63970532;0,00000000
-9,63470532;0,55979329
-9,62970532;-0,37278542
-9,62470532;0,00000000
-9,61970532;0,18639271
-9,61470532;0,55979329
-9,60970532;0,00000000
-9,60470532;0,37278542
-9,59970532;-0,37278542
-9,59470532;-0,37278542
-9,58970532;-0,74618596
-9,58470532;-0,37278542
-9,57970532;0,18639271
-9,57470532;-0,37278542
-9,56970532;0,93319386
-9,56470532;0,55979329
-9,55970532;0,37278542
-9,55470532;0,74618596
-9,54970532;0,74618596
-9,54470532;0,18639271
-9,53970532;0,55979329
-9,53470532;0,00000000
-9,52970533;-0,37278542
-9,52470533;-0,37278542
-9,51970533;-0,37278542
-9,51470533;-0,18639271
-9,50970533;0,18639271
-9,50470533;0,55979329
-9,49970533;0,00000000
-9,49470533;0,37278542
-9,48970533;0,00000000
-9,48470533;0,55979329
-9,47970533;-0,18639271
-9,47470533;0,18639271
-9,46970533;-0,37278542
-9,46470533;1,30659437
-9,45970533;0,18639271
-9,45470533;0,00000000
-9,44970533;0,18639271
-9,44470533;-0,37278542
-9,43970533;0,00000000
-9,43470533;0,18639271
-9,42970533;0,55979329
-9,42470533;0,37278542
-9,41970533;-0,18639271
-9,41470533;0,18639271
-9,40970533;0,00000000
-9,40470533;0,18639271
-9,39970533;0,18639271
-9,39470533;0,18639271
-9,38970533;0,93319386
-9,38470533;-0,18639271
-9,37970533;0,37278542
-9,37470533;-0,74618596
-9,36970533;0,55979329
-9,36470533;0,00000000
-9,35970533;-0,18639271
-9,35470533;-0,55979329
-9,34970533;1,86638772
-9,34470533;0,00000000
-9,33970533;0,18639271
-9,33470533;0,00000000
-9,32970533;-0,18639271
-9,32470533;0,00000000
-9,31970533;0,37278542
-9,31470533;0,00000000
-9,30970533;-0,74618596
-9,30470533;0,18639271
-9,29970533;0,37278542
-9,29470533;1,30659437
-9,28970533;0,55979329
-9,28470533;0,00000000
-9,27970533;0,18639271
-9,27470533;-0,93319386
-9,26970533;0,55979329
-9,26470533;0,55979329
-9,25970533;-0,37278542
-9,25470533;-0,37278542
-9,24970533;0,00000000
-9,24470533;0,00000000
-9,23970533;0,00000000
-9,23470533;0,00000000
-9,22970533;0,55979329
-9,22470533;0,00000000
-9,21970533;-0,37278542
-9,21470533;0,74618596
-9,20970533;-0,55979329
-9,20470533;-0,55979329
-9,19970533;0,18639271
-9,19470533;0,18639271
-9,18970533;-0,37278542
-9,18470533;-0,74618596
-9,17970533;-0,18639271
-9,17470533;1,11958659
-9,16970533;0,00000000
-9,16470533;0,18639271
-9,15970533;-0,18639271
-9,15470533;0,74618596
-9,14970533;0,18639271
-9,14470533;0,55979329
-9,13970533;0,37278542
-9,13470534;-0,18639271
-9,12970534;-0,74618596
-9,12470534;0,93319386
-9,11970534;0,37278542
-9,11470534;-0,37278542
-9,10970534;0,18639271
-9,10470534;1,11958659
-9,09970534;0,00000000
-9,09470534;0,18639271
-9,08970534;0,74618596
-9,08470534;0,00000000
-9,07970534;0,18639271
-9,07470534;-0,37278542
-9,06970534;0,18639271
-9,06470534;0,55979329
-9,05970534;-0,37278542
-9,05470534;0,00000000
-9,04970534;0,55979329
-9,04470534;1,11958659
-9,03970534;0,93319386
-9,03470534;0,55979329
-9,02970534;1,11958659
-9,02470534;0,00000000
-9,01970534;0,37278542
-9,01470534;0,55979329
-9,00970534;0,37278542
-9,00470534;-0,37278542
-8,99970534;-0,37278542
-8,99470534;0,18639271
-8,98970534;1,30659437
-8,98470534;0,55979329
-8,97970534;0,18639271
-8,97470534;-0,55979329
-8,96970534;1,49298716
-8,96470534;0,00000000
-8,95970534;0,93319386
-8,95470534;0,55979329
-8,94970534;0,00000000
-8,94470534;0,00000000
-8,93970534;-0,18639271
-8,93470534;0,00000000
-8,92970534;0,55979329
-8,92470534;0,18639271
-8,91970534;-0,37278542
-8,91470534;0,18639271
-8,90970534;0,00000000
-8,90470534;0,18639271
-8,89970534;0,37278542
-8,89470534;0,18639271
-8,88970534;0,55979329
-8,88470534;0,37278542
-8,87970534;0,00000000
-8,87470534;0,18639271
-8,86970534;0,00000000
-8,86470534;0,37278542
-8,85970534;0,00000000
-8,85470534;-0,37278542
-8,84970534;0,18639271
-8,84470534;0,55979329
-8,83970534;0,18639271
-8,83470534;0,74618596
-8,82970534;0,37278542
-8,82470534;0,74618596
-8,81970534;0,93319386
-8,81470534;0,18639271
-8,80970534;0,18639271
-8,80470534;0,00000000
-8,79970534;0,18639271
-8,79470534;0,18639271
-8,78970534;-1,30659437
-8,78470534;0,00000000
-8,77970534;-0,37278542
-8,77470534;0,55979329
-8,76970534;0,00000000
-8,76470534;-0,18639271
-8,75970534;-1,30659437
-8,75470534;-0,37278542
-8,74970534;0,55979329
-8,74470534;0,93319386
-8,73970535;-0,37278542
-8,73470535;0,74618596
-8,72970535;-0,18639271
-8,72470535;0,55979329
-8,71970535;0,18639271
-8,71470535;1,11958659
-8,70970535;0,00000000
-8,70470535;0,18639271
-8,69970535;-0,18639271
-8,69470535;-0,37278542
-8,68970535;0,55979329
-8,68470535;0,00000000
-8,67970535;0,00000000
-8,67470535;-0,37278542
-8,66970535;0,18639271
-8,66470535;0,37278542
-8,65970535;-0,55979329
-8,65470535;0,18639271
-8,64970535;-0,37278542
-8,64470535;-0,74618596
-8,63970535;0,00000000
-8,63470535;0,74618596
-8,62970535;0,00000000
-8,62470535;0,18639271
-8,61970535;-0,37278542
-8,61470535;0,55979329
-8,60970535;0,55979329
-8,60470535;-0,74618596
-8,59970535;0,00000000
-8,59470535;0,18639271
-8,58970535;1,11958659
-8,58470535;0,00000000
-8,57970535;0,74618596
-8,57470535;-0,74618596
-8,56970535;-0,93319386
-8,56470535;0,18639271
-8,55970535;-1,11958659
-8,55470535;0,93319386
-8,54970535;0,18639271
-8,54470535;0,55979329
-8,53970535;0,00000000
-8,53470535;0,37278542
-8,52970535;0,18639271
-8,52470535;0,18639271
-8,51970535;0,18639271
-8,51470535;-0,55979329
-8,50970535;-0,74618596
-8,50470535;0,18639271
-8,49970535;0,55979329
-8,49470535;-1,11958659
-8,48970535;0,55979329
-8,48470535;-0,18639271
-8,47970535;0,00000000
-8,47470535;0,00000000
-8,46970535;0,00000000
-8,46470535;0,00000000
-8,45970535;0,37278542
-8,45470535;0,37278542
-8,44970535;0,18639271
-8,44470535;-1,11958659
-8,43970535;0,37278542
-8,43470535;0,18639271
-8,42970535;-0,37278542
-8,42470535;0,00000000
-8,41970535;0,18639271
-8,41470535;0,00000000
-8,40970535;-0,18639271
-8,40470535;0,55979329
-8,39970535;0,18639271
-8,39470535;0,00000000
-8,38970535;0,18639271
-8,38470535;0,55979329
-8,37970535;0,37278542
-8,37470535;0,18639271
-8,36970535;0,93319386
-8,36470535;0,55979329
-8,35970535;0,18639271
-8,35470535;-0,37278542
-8,34970535;0,18639271
-8,34470536;0,74618596
-8,33970536;2,05339551
-8,33470536;1,11958659
-8,32970536;0,00000000
-8,32470536;0,74618596
-8,31970536;0,55979329
-8,31470536;0,55979329
-8,30970536;-0,37278542
-8,30470536;0,55979329
-8,29970536;0,55979329
-8,29470536;0,18639271
-8,28970536;-2,05339551
-8,28470536;0,18639271
-8,27970536;0,37278542
-8,27470536;0,00000000
-8,26970536;-0,37278542
-8,26470536;0,00000000
-8,25970536;-0,18639271
-8,25470536;0,55979329
-8,24970536;0,37278542
-8,24470536;0,00000000
-8,23970536;0,18639271
-8,23470536;0,00000000
-8,22970536;-0,37278542
-8,22470536;0,00000000
-8,21970536;0,00000000
-8,21470536;0,18639271
-8,20970536;0,18639271
-8,20470536;0,55979329
-8,19970536;-0,37278542
-8,19470536;-0,37278542
-8,18970536;0,18639271
-8,18470536;0,00000000
-8,17970536;-0,37278542
-8,17470536;-0,55979329
-8,16970536;-0,74618596
-8,16470536;0,00000000
-8,15970536;-1,11958659
-8,15470536;0,55979329
-8,14970536;0,18639271
-8,14470536;0,00000000
-8,13970536;-0,55979329
-8,13470536;-0,37278542
-8,12970536;0,37278542
-8,12470536;-0,37278542
-8,11970536;0,18639271
-8,11470536;0,74618596
-8,10970536;0,37278542
-8,10470536;0,00000000
-8,09970536;-0,37278542
-8,09470536;-0,55979329
-8,08970536;0,18639271
-8,08470536;0,18639271
-8,07970536;-0,18639271
-8,07470536;0,37278542
-8,06970536;0,18639271
-8,06470536;-0,74618596
-8,05970536;0,00000000
-8,05470536;0,00000000
-8,04970536;0,00000000
-8,04470536;0,00000000
-8,03970536;-0,55979329
-8,03470536;0,55979329
-8,02970536;1,49298716
-8,02470536;0,74618596
-8,01970536;-0,37278542
-8,01470536;-0,18639271
-8,00970536;0,00000000
-8,00470536;0,18639271
-7,99970536;-0,74618596
-7,99470536;0,00000000
-7,98970536;0,00000000
-7,98470536;0,00000000
-7,97970536;-0,74618596
-7,97470536;0,93319386
-7,96970536;0,18639271
-7,96470536;-0,18639271
-7,95970536;0,37278542
-7,95470536;0,18639271
-7,94970537;0,00000000
-7,94470537;-0,18639271
-7,93970537;0,55979329
-7,93470537;0,00000000
-7,92970537;0,37278542
-7,92470537;0,55979329
-7,91970537;0,00000000
-7,91470537;-0,18639271
-7,90970537;0,37278542
-7,90470537;-2,98658943
-7,89970537;0,18639271
-7,89470537;-0,37278542
-7,88970537;-0,74618596
-7,88470537;0,74618596
-7,87970537;0,55979329
-7,87470537;-0,18639271
-7,86970537;-0,18639271
-7,86470537;-0,18639271
-7,85970537;-0,18639271
-7,85470537;0,74618596
-7,84970537;0,18639271
-7,84470537;-1,11958659
-7,83970537;-0,74618596
-7,83470537;-0,37278542
-7,82970537;-0,18639271
-7,82470537;0,00000000
-7,81970537;0,18639271
-7,81470537;0,55979329
-7,80970537;0,37278542
-7,80470537;-0,74618596
-7,79970537;0,18639271
-7,79470537;0,00000000
-7,78970537;0,55979329
-7,78470537;0,55979329
-7,77970537;0,00000000
-7,77470537;1,11958659
-7,76970537;-0,37278542
-7,76470537;0,18639271
-7,75970537;-0,93319386
-7,75470537;0,18639271
-7,74970537;0,37278542
-7,74470537;0,37278542
-7,73970537;0,55979329
-7,73470537;0,18639271
-7,72970537;0,00000000
-7,72470537;0,00000000
-7,71970537;0,18639271
-7,71470537;0,00000000
-7,70970537;0,93319386
-7,70470537;0,55979329
-7,69970537;0,55979329
-7,69470537;1,11958659
-7,68970537;0,37278542
-7,68470537;-0,74618596
-7,67970537;0,18639271
-7,67470537;0,18639271
-7,66970537;0,37278542
-7,66470537;0,00000000
-7,65970537;-2,61318874
-7,65470537;0,18639271
-7,64970537;1,11958659
-7,64470537;0,18639271
-7,63970537;0,00000000
-7,63470537;0,55979329
-7,62970537;-0,93319386
-7,62470537;2,80019665
-7,61970537;-0,37278542
-7,61470537;0,93319386
-7,60970537;0,18639271
-7,60470537;0,18639271
-7,59970537;-0,55979329
-7,59470537;0,00000000
-7,58970537;0,00000000
-7,58470537;0,55979329
-7,57970537;-0,37278542
-7,57470537;1,49298716
-7,56970537;0,00000000
-7,56470537;0,37278542
-7,55970537;-0,74618596
-7,55470537;0,00000000
-7,54970538;0,55979329
-7,54470538;-0,37278542
-7,53970538;0,18639271
-7,53470538;0,18639271
-7,52970538;0,00000000
-7,52470538;-0,74618596
-7,51970538;0,00000000
-7,51470538;0,00000000
-7,50970538;0,00000000
-7,50470538;0,18639271
-7,49970538;0,93319386
-7,49470538;0,18639271
-7,48970538;0,55979329
-7,48470538;-0,18639271
-7,47970538;0,00000000
-7,47470538;-0,18639271
-7,46970538;-0,37278542
-7,46470538;0,37278542
-7,45970538;1,11958659
-7,45470538;0,18639271
-7,44970538;0,55979329
-7,44470538;0,00000000
-7,43970538;-1,11958659
-7,43470538;0,00000000
-7,42970538;0,00000000
-7,42470538;0,55979329
-7,41970538;0,74618596
-7,41470538;-8,21419716
-7,40970538;0,74618596
-7,40470538;0,55979329
-7,39970538;1,86638772
-7,39470538;-0,37278542
-7,38970538;0,18639271
-7,38470538;-0,37278542
-7,37970538;0,55979329
-7,37470538;0,00000000
-7,36970538;0,18639271
-7,36470538;-0,18639271
-7,35970538;-0,37278542
-7,35470538;0,37278542
-7,34970538;-0,37278542
-7,34470538;1,11958659
-7,33970538;-0,18639271
-7,33470538;0,93319386
-7,32970538;0,37278542
-7,32470538;0,18639271
-7,31970538;0,00000000
-7,31470538;0,18639271
-7,30970538;-0,18639271
-7,30470538;0,37278542
-7,29970538;-0,18639271
-7,29470538;0,74618596
-7,28970538;0,74618596
-7,28470538;0,00000000
-7,27970538;0,18639271
-7,27470538;0,74618596
-7,26970538;1,86638772
-7,26470538;0,18639271
-7,25970538;0,18639271
-7,25470538;0,74618596
-7,24970538;0,00000000
-7,24470538;0,18639271
-7,23970538;0,18639271
-7,23470538;-0,37278542
-7,22970538;0,37278542
-7,22470538;0,55979329
-7,21970538;0,18639271
-7,21470538;0,00000000
-7,20970538;0,93319386
-7,20470538;0,18639271
-7,19970538;0,74618596
-7,19470538;0,18639271
-7,18970538;-0,18639271
-7,18470538;0,37278542
-7,17970538;-0,18639271
-7,17470538;-0,18639271
-7,16970538;0,55979329
-7,16470538;0,18639271
-7,15970538;1,67999494
-7,15470539;0,18639271
-7,14970539;0,55979329
-7,14470539;0,00000000
-7,13970539;0,00000000
-7,13470539;0,37278542
-7,12970539;0,74618596
-7,12470539;-0,18639271
-7,11970539;0,55979329
-7,11470539;-0,37278542
-7,10970539;0,55979329
-7,10470539;-0,18639271
-7,09970539;0,00000000
-7,09470539;0,37278542
-7,08970539;0,00000000
-7,08470539;0,55979329
-7,07970539;0,37278542
-7,07470539;0,00000000
-7,06970539;0,00000000
-7,06470539;0,55979329
-7,05970539;0,00000000
-7,05470539;0,55979329
-7,04970539;0,18639271
-7,04470539;-0,37278542
-7,03970539;-0,37278542
-7,03470539;0,18639271
-7,02970539;0,18639271
-7,02470539;-0,37278542
-7,01970539;0,74618596
-7,01470539;-1,30659437
-7,00970539;0,55979329
-7,00470539;0,55979329
-6,99970539;-0,18639271
-6,99470539;0,00000000
-6,98970539;0,93319386
-6,98470539;0,55979329
-6,97970539;1,30659437
-6,97470539;0,00000000
-6,96970539;-0,37278542
-6,96470539;-0,18639271
-6,95970539;1,11958659
-6,95470539;-0,18639271
-6,94970539;0,00000000
-6,94470539;-0,55979329
-6,93970539;0,00000000
-6,93470539;0,18639271
-6,92970539;-0,93319386
-6,92470539;0,37278542
-6,91970539;0,00000000
-6,91470539;0,55979329
-6,90970539;0,00000000
-6,90470539;-0,37278542
-6,89970539;0,55979329
-6,89470539;-0,37278542
-6,88970539;0,18639271
-6,88470539;0,74618596
-6,87970539;1,11958659
-6,87470539;0,00000000
-6,86970539;-0,74618596
-6,86470539;0,00000000
-6,85970539;0,93319386
-6,85470539;0,18639271
-6,84970539;0,00000000
-6,84470539;0,00000000
-6,83970539;-0,74618596
-6,83470539;0,00000000
-6,82970539;-0,18639271
-6,82470539;0,18639271
-6,81970539;0,00000000
-6,81470539;0,18639271
-6,80970539;0,18639271
-6,80470539;0,74618596
-6,79970539;-0,18639271
-6,79470539;-0,18639271
-6,78970539;0,74618596
-6,78470539;-0,18639271
-6,77970539;-0,37278542
-6,77470539;1,86638772
-6,76970539;0,00000000
-6,76470539;0,74618596
-6,75970540;0,18639271
-6,75470540;1,11958659
-6,74970540;0,00000000
-6,74470540;0,55979329
-6,73970540;0,00000000
-6,73470540;0,00000000
-6,72970540;0,55979329
-6,72470540;0,18639271
-6,71970540;0,18639271
-6,71470540;0,00000000
-6,70970540;0,18639271
-6,70470540;0,18639271
-6,69970540;0,18639271
-6,69470540;0,18639271
-6,68970540;-0,74618596
-6,68470540;-0,18639271
-6,67970540;0,55979329
-6,67470540;0,18639271
-6,66970540;-0,37278542
-6,66470540;0,55979329
-6,65970540;0,55979329
-6,65470540;0,18639271
-6,64970540;0,00000000
-6,64470540;0,37278542
-6,63970540;-0,37278542
-6,63470540;-0,18639271
-6,62970540;0,93319386
-6,62470540;-0,18639271
-6,61970540;0,18639271
-6,61470540;0,18639271
-6,60970540;-0,37278542
-6,60470540;-0,37278542
-6,59970540;0,18639271
-6,59470540;0,18639271
-6,58970540;0,18639271
-6,58470540;-0,74618596
-6,57970540;0,55979329
-6,57470540;0,55979329
-6,56970540;0,55979329
-6,56470540;0,00000000
-6,55970540;-0,37278542
-6,55470540;0,55979329
-6,54970540;-0,37278542
-6,54470540;0,18639271
-6,53970540;0,18639271
-6,53470540;0,74618596
-6,52970540;0,18639271
-6,52470540;0,55979329
-6,51970540;-0,18639271
-6,51470540;1,49298716
-6,50970540;0,37278542
-6,50470540;0,00000000
-6,49970540;0,00000000
-6,49470540;0,55979329
-6,48970540;0,74618596
-6,48470540;0,00000000
-6,47970540;0,00000000
-6,47470540;-1,67999494
-6,46970540;-0,37278542
-6,46470540;-0,37278542
-6,45970540;-0,18639271
-6,45470540;-0,55979329
-6,44970540;0,37278542
-6,44470540;0,00000000
-6,43970540;0,18639271
-6,43470540;0,18639271
-6,42970540;-0,18639271
-6,42470540;0,74618596
-6,41970540;0,00000000
-6,41470540;-0,74618596
-6,40970540;-0,18639271
-6,40470540;0,00000000
-6,39970540;0,18639271
-6,39470540;1,30659437
-6,38970540;0,74618596
-6,38470540;-0,93319386
-6,37970540;-1,86638772
-6,37470540;0,18639271
-6,36970540;-0,74618596
-6,36470541;0,00000000
-6,35970541;-1,67999494
-6,35470541;0,00000000
-6,34970541;0,18639271
-6,34470541;-0,74618596
-6,33970541;1,86638772
-6,33470541;0,55979329
-6,32970541;-0,74618596
-6,32470541;-0,37278542
-6,31970541;-0,18639271
-6,31470541;0,00000000
-6,30970541;-0,37278542
-6,30470541;0,00000000
-6,29970541;-0,55979329
-6,29470541;0,18639271
-6,28970541;0,37278542
-6,28470541;-0,55979329
-6,27970541;0,55979329
-6,27470541;-0,18639271
-6,26970541;-0,18639271
-6,26470541;0,37278542
-6,25970541;-1,11958659
-6,25470541;0,18639271
-6,24970541;0,18639271
-6,24470541;-0,37278542
-6,23970541;1,11958659
-6,23470541;0,93319386
-6,22970541;-0,37278542
-6,22470541;0,00000000
-6,21970541;0,18639271
-6,21470541;0,55979329
-6,20970541;0,55979329
-6,20470541;-1,11958659
-6,19970541;-0,37278542
-6,19470541;0,74618596
-6,18970541;0,00000000
-6,18470541;-0,18639271
-6,17970541;0,00000000
-6,17470541;0,00000000
-6,16970541;-0,74618596
-6,16470541;0,18639271
-6,15970541;-0,18639271
-6,15470541;0,55979329
-6,14970541;0,93319386
-6,14470541;1,11958659
-6,13970541;-0,55979329
-6,13470541;0,00000000
-6,12970541;0,00000000
-6,12470541;-0,37278542
-6,11970541;0,00000000
-6,11470541;0,00000000
-6,10970541;0,00000000
-6,10470541;0,55979329
-6,09970541;-0,55979329
-6,09470541;-0,18639271
-6,08970541;0,00000000
-6,08470541;0,18639271
-6,07970541;0,55979329
-6,07470541;0,00000000
-6,06970541;0,00000000
-6,06470541;-0,18639271
-6,05970541;-0,37278542
-6,05470541;0,55979329
-6,04970541;0,55979329
-6,04470541;-0,55979329
-6,03970541;0,00000000
-6,03470541;0,37278542
-6,02970541;0,00000000
-6,02470541;0,00000000
-6,01970541;0,00000000
-6,01470541;0,00000000
-6,00970541;0,00000000
-6,00470541;-0,18639271
-5,99970541;-0,18639271
-5,99470541;0,55979329
-5,98970541;0,18639271
-5,98470541;0,00000000
-5,97970541;0,00000000
-5,97470541;0,18639271
-5,96970542;0,00000000
-5,96470542;0,74618596
-5,95970542;-0,37278542
-5,95470542;-0,74618596
-5,94970542;0,18639271
-5,94470542;-0,37278542
-5,93970542;-0,55979329
-5,93470542;0,00000000
-5,92970542;-0,18639271
-5,92470542;0,37278542
-5,91970542;-0,55979329
-5,91470542;0,18639271
-5,90970542;0,00000000
-5,90470542;0,00000000
-5,89970542;0,55979329
-5,89470542;0,00000000
-5,88970542;-0,74618596
-5,88470542;-0,55979329
-5,87970542;-0,18639271
-5,87470542;0,18639271
-5,86970542;-0,37278542
-5,86470542;0,18639271
-5,85970542;0,55979329
-5,85470542;-0,74618596
-5,84970542;0,18639271
-5,84470542;0,55979329
-5,83970542;-0,18639271
-5,83470542;0,18639271
-5,82970542;0,55979329
-5,82470542;-0,55979329
-5,81970542;0,00000000
-5,81470542;0,37278542
-5,80970542;0,00000000
-5,80470542;0,18639271
-5,79970542;0,00000000
-5,79470542;0,55979329
-5,78970542;0,00000000
-5,78470542;0,00000000
-5,77970542;0,37278542
-5,77470542;0,18639271
-5,76970542;0,18639271
-5,76470542;-3,17359710
-5,75970542;-0,18639271
-5,75470542;-0,37278542
-5,74970542;1,11958659
-5,74470542;0,74618596
-5,73970542;-0,55979329
-5,73470542;-0,37278542
-5,72970542;0,00000000
-5,72470542;0,00000000
-5,71970542;-0,18639271
-5,71470542;-0,18639271
-5,70970542;0,37278542
-5,70470542;-0,37278542
-5,69970542;-0,18639271
-5,69470542;-0,18639271
-5,68970542;0,37278542
-5,68470542;-0,55979329
-5,67970542;-0,55979329
-5,67470542;-0,37278542
-5,66970542;0,18639271
-5,66470542;-0,37278542
-5,65970542;-0,55979329
-5,65470542;0,18639271
-5,64970542;0,00000000
-5,64470542;-1,86638772
-5,63970542;-0,74618596
-5,63470542;-0,37278542
-5,62970542;0,00000000
-5,62470542;0,18639271
-5,61970542;0,74618596
-5,61470542;-0,55979329
-5,60970542;0,00000000
-5,60470542;0,00000000
-5,59970542;0,18639271
-5,59470542;0,00000000
-5,58970542;0,00000000
-5,58470542;0,00000000
-5,57970542;0,00000000
-5,57470543;0,00000000
-5,56970543;-0,37278542
-5,56470543;-0,37278542
-5,55970543;0,00000000
-5,55470543;1,11958659
-5,54970543;-0,18639271
-5,54470543;0,18639271
-5,53970543;0,00000000
-5,53470543;0,18639271
-5,52970543;0,18639271
-5,52470543;-1,11958659
-5,51970543;0,37278542
-5,51470543;-0,37278542
-5,50970543;0,00000000
-5,50470543;0,37278542
-5,49970543;0,00000000
-5,49470543;0,55979329
-5,48970543;0,18639271
-5,48470543;0,18639271
-5,47970543;0,00000000
-5,47470543;-0,18639271
-5,46970543;-0,18639271
-5,46470543;-0,37278542
-5,45970543;-0,18639271
-5,45470543;0,55979329
-5,44970543;-0,74618596
-5,44470543;-0,55979329
-5,43970543;-0,37278542
-5,43470543;0,37278542
-5,42970543;0,00000000
-5,42470543;-0,37278542
-5,41970543;0,55979329
-5,41470543;0,93319386
-5,40970543;0,00000000
-5,40470543;0,37278542
-5,39970543;-0,74618596
-5,39470543;0,00000000
-5,38970543;-0,37278542
-5,38470543;0,00000000
-5,37970543;-0,18639271
-5,37470543;-0,74618596
-5,36970543;-0,37278542
-5,36470543;-0,37278542
-5,35970543;0,00000000
-5,35470543;0,00000000
-5,34970543;0,74618596
-5,34470543;-0,18639271
-5,33970543;0,93319386
-5,33470543;0,18639271
-5,32970543;0,55979329
-5,32470543;0,00000000
-5,31970543;-0,18639271
-5,31470543;0,55979329
-5,30970543;-0,18639271
-5,30470543;0,55979329
-5,29970543;-0,18639271
-5,29470543;-0,37278542
-5,28970543;0,93319386
-5,28470543;0,00000000
-5,27970543;0,18639271
-5,27470543;-0,37278542
-5,26970543;-0,93319386
-5,26470543;0,00000000
-5,25970543;0,18639271
-5,25470543;0,18639271
-5,24970543;-0,74618596
-5,24470543;0,18639271
-5,23970543;-0,74618596
-5,23470543;1,86638772
-5,22970543;-0,37278542
-5,22470543;0,00000000
-5,21970543;-1,30659437
-5,21470543;-0,18639271
-5,20970543;0,00000000
-5,20470543;0,00000000
-5,19970543;0,00000000
-5,19470543;-0,37278542
-5,18970543;0,00000000
-5,18470543;0,00000000
-5,17970543;0,37278542
-5,17470544;0,18639271
-5,16970544;0,18639271
-5,16470544;-0,18639271
-5,15970544;-1,30659437
-5,15470544;-0,18639271
-5,14970544;0,55979329
-5,14470544;0,74618596
-5,13970544;0,37278542
-5,13470544;-0,18639271
-5,12970544;-0,37278542
-5,12470544;-1,11958659
-5,11970544;-0,55979329
-5,11470544;0,00000000
-5,10970544;0,00000000
-5,10470544;1,49298716
-5,09970544;-0,37278542
-5,09470544;-0,55979329
-5,08970544;0,18639271
-5,08470544;-0,37278542
-5,07970544;0,18639271
-5,07470544;-0,18639271
-5,06970544;0,00000000
-5,06470544;0,00000000
-5,05970544;-0,74618596
-5,05470544;0,00000000
-5,04970544;0,93319386
-5,04470544;1,11958659
-5,03970544;-0,37278542
-5,03470544;1,11958659
-5,02970544;-0,74618596
-5,02470544;0,00000000
-5,01970544;0,00000000
-5,01470544;0,00000000
-5,00970544;0,18639271
-5,00470544;-0,74618596
-4,99970544;0,18639271
-4,99470544;0,55979329
-4,98970544;-1,30659437
-4,98470544;-0,18639271
-4,97970544;0,93319386
-4,97470544;-0,18639271
-4,96970544;1,11958659
-4,96470544;0,00000000
-4,95970544;-0,18639271
-4,95470544;0,18639271
-4,94970544;0,00000000
-4,94470544;-0,18639271
-4,93970544;0,00000000
-4,93470544;0,37278542
-4,92970544;0,00000000
-4,92470544;0,55979329
-4,91970544;-1,30659437
-4,91470544;0,00000000
-4,90970544;-0,18639271
-4,90470544;0,18639271
-4,89970544;-0,55979329
-4,89470544;0,00000000
-4,88970544;-0,37278542
-4,88470544;-0,18639271
-4,87970544;0,18639271
-4,87470544;0,18639271
-4,86970544;-0,37278542
-4,86470544;0,18639271
-4,85970544;0,55979329
-4,85470544;-0,74618596
-4,84970544;-0,37278542
-4,84470544;0,18639271
-4,83970544;-0,37278542
-4,83470544;-0,18639271
-4,82970544;0,00000000
-4,82470544;-0,37278542
-4,81970544;-1,49298716
-4,81470544;0,00000000
-4,80970544;0,18639271
-4,80470544;0,18639271
-4,79970544;0,37278542
-4,79470544;0,18639271
-4,78970544;0,18639271
-4,78470544;0,55979329
-4,77970545;0,00000000
-4,77470545;0,00000000
-4,76970545;-0,74618596
-4,76470545;0,37278542
-4,75970545;-0,18639271
-4,75470545;0,18639271
-4,74970545;0,00000000
-4,74470545;-0,37278542
-4,73970545;0,18639271
-4,73470545;-0,74618596
-4,72970545;0,00000000
-4,72470545;0,18639271
-4,71970545;-0,55979329
-4,71470545;0,00000000
-4,70970545;1,11958659
-4,70470545;0,00000000
-4,69970545;0,55979329
-4,69470545;0,18639271
-4,68970545;0,18639271
-4,68470545;1,11958659
-4,67970545;-0,74618596
-4,67470545;0,18639271
-4,66970545;-0,37278542
-4,66470545;-0,18639271
-4,65970545;0,37278542
-4,65470545;-0,37278542
-4,64970545;0,18639271
-4,64470545;0,55979329
-4,63970545;0,18639271
-4,63470545;-0,74618596
-4,62970545;-0,37278542
-4,62470545;-0,55979329
-4,61970545;-0,37278542
-4,61470545;0,55979329
-4,60970545;-0,37278542
-4,60470545;0,00000000
-4,59970545;-0,18639271
-4,59470545;0,18639271
-4,58970545;0,37278542
-4,58470545;-0,18639271
-4,57970545;0,55979329
-4,57470545;0,18639271
-4,56970545;-0,37278542
-4,56470545;-0,55979329
-4,55970545;0,18639271
-4,55470545;0,18639271
-4,54970545;0,00000000
-4,54470545;0,55979329
-4,53970545;-0,18639271
-4,53470545;0,00000000
-4,52970545;-0,37278542
-4,52470545;-0,37278542
-4,51970545;0,74618596
-4,51470545;0,00000000
-4,50970545;1,67999494
-4,50470545;0,37278542
-4,49970545;0,18639271
-4,49470545;0,74618596
-4,48970545;-0,37278542
-4,48470545;0,18639271
-4,47970545;0,00000000
-4,47470545;0,18639271
-4,46970545;0,00000000
-4,46470545;0,00000000
-4,45970545;-0,55979329
-4,45470545;0,18639271
-4,44970545;-0,55979329
-4,44470545;0,18639271
-4,43970545;-0,37278542
-4,43470545;0,55979329
-4,42970545;0,74618596
-4,42470545;-0,74618596
-4,41970545;-0,37278542
-4,41470545;0,55979329
-4,40970545;0,00000000
-4,40470545;0,37278542
-4,39970545;0,18639271
-4,39470545;0,55979329
-4,38970545;0,74618596
-4,38470546;0,18639271
-4,37970546;-0,55979329
-4,37470546;-0,37278542
-4,36970546;0,55979329
-4,36470546;-0,18639271
-4,35970546;0,00000000
-4,35470546;-0,55979329
-4,34970546;0,37278542
-4,34470546;0,18639271
-4,33970546;0,18639271
-4,33470546;-0,55979329
-4,32970546;0,18639271
-4,32470546;-0,18639271
-4,31970546;0,00000000
-4,31470546;0,74618596
-4,30970546;0,18639271
-4,30470546;0,18639271
-4,29970546;-0,37278542
-4,29470546;-0,55979329
-4,28970546;0,00000000
-4,28470546;0,74618596
-4,27970546;-0,55979329
-4,27470546;0,00000000
-4,26970546;0,18639271
-4,26470546;-0,18639271
-4,25970546;0,00000000
-4,25470546;0,37278542
-4,24970546;-0,55979329
-4,24470546;0,00000000
-4,23970546;0,18639271
-4,23470546;-0,74618596
-4,22970546;0,00000000
-4,22470546;-0,37278542
-4,21970546;-0,55979329
-4,21470546;0,37278542
-4,20970546;-0,18639271
-4,20470546;0,18639271
-4,19970546;-0,37278542
-4,19470546;0,00000000
-4,18970546;0,18639271
-4,18470546;1,30659437
-4,17970546;0,00000000
-4,17470546;0,00000000
-4,16970546;0,18639271
-4,16470546;1,11958659
-4,15970546;0,00000000
-4,15470546;0,00000000
-4,14970546;-0,74618596
-4,14470546;0,93319386
-4,13970546;-0,74618596
-4,13470546;0,55979329
-4,12970546;-0,37278542
-4,12470546;0,00000000
-4,11970546;0,18639271
-4,11470546;0,37278542
-4,10970546;-0,55979329
-4,10470546;0,93319386
-4,09970546;0,00000000
-4,09470546;0,18639271
-4,08970546;0,00000000
-4,08470546;0,37278542
-4,07970546;1,86638772
-4,07470546;-0,18639271
-4,06970546;-0,74618596
-4,06470546;0,00000000
-4,05970546;0,37278542
-4,05470546;-0,74618596
-4,04970546;-2,98658943
-4,04470546;-0,55979329
-4,03970546;0,37278542
-4,03470546;0,55979329
-4,02970546;0,18639271
-4,02470546;0,37278542
-4,01970546;0,55979329
-4,01470546;0,00000000
-4,00970546;0,18639271
-4,00470546;0,93319386
-3,99970546;-0,37278542
-3,99470546;0,00000000
-3,98970547;0,55979329
-3,98470547;0,93319386
-3,97970547;0,37278542
-3,97470547;0,37278542
-3,96970547;0,37278542
-3,96470547;0,00000000
-3,95970547;-0,37278542
-3,95470547;0,18639271
-3,94970547;0,37278542
-3,94470547;0,18639271
-3,93970547;0,55979329
-3,93470547;0,55979329
-3,92970547;-0,18639271
-3,92470547;-0,18639271
-3,91970547;0,18639271
-3,91470547;-0,55979329
-3,90970547;0,37278542
-3,90470547;0,00000000
-3,89970547;-0,37278542
-3,89470547;0,00000000
-3,88970547;0,55979329
-3,88470547;0,00000000
-3,87970547;-0,18639271
-3,87470547;0,18639271
-3,86970547;0,55979329
-3,86470547;0,00000000
-3,85970547;-0,18639271
-3,85470547;-0,18639271
-3,84970547;0,00000000
-3,84470547;0,18639271
-3,83970547;-0,55979329
-3,83470547;0,18639271
-3,82970547;0,93319386
-3,82470547;-0,37278542
-3,81970547;-0,37278542
-3,81470547;0,55979329
-3,80970547;0,55979329
-3,80470547;0,00000000
-3,79970547;-0,55979329
-3,79470547;-0,55979329
-3,78970547;0,18639271
-3,78470547;0,18639271
-3,77970547;-0,37278542
-3,77470547;0,55979329
-3,76970547;-0,37278542
-3,76470547;-0,18639271
-3,75970547;0,18639271
-3,75470547;-0,37278542
-3,74970547;0,37278542
-3,74470547;0,93319386
-3,73970547;0,55979329
-3,73470547;0,00000000
-3,72970547;0,18639271
-3,72470547;0,93319386
-3,71970547;0,00000000
-3,71470547;0,18639271
-3,70970547;0,55979329
-3,70470547;-0,18639271
-3,69970547;0,55979329
-3,69470547;0,18639271
-3,68970547;0,18639271
-3,68470547;1,49298716
-3,67970547;-0,37278542
-3,67470547;-0,37278542
-3,66970547;0,00000000
-3,66470547;-0,37278542
-3,65970547;0,18639271
-3,65470547;0,18639271
-3,64970547;0,18639271
-3,64470547;0,18639271
-3,63970547;0,74618596
-3,63470547;-2,05339551
-3,62970547;0,74618596
-3,62470547;0,18639271
-3,61970547;-0,74618596
-3,61470547;-0,37278542
-3,60970547;0,00000000
-3,60470547;0,55979329
-3,59970547;-0,74618596
-3,59470548;0,18639271
-3,58970548;1,11958659
-3,58470548;1,30659437
-3,57970548;0,74618596
-3,57470548;-0,37278542
-3,56970548;0,00000000
-3,56470548;0,00000000
-3,55970548;-0,18639271
-3,55470548;0,74618596
-3,54970548;0,18639271
-3,54470548;0,55979329
-3,53970548;0,18639271
-3,53470548;0,55979329
-3,52970548;0,00000000
-3,52470548;0,18639271
-3,51970548;0,74618596
-3,51470548;0,00000000
-3,50970548;-0,18639271
-3,50470548;0,55979329
-3,49970548;0,55979329
-3,49470548;-0,18639271
-3,48970548;-0,37278542
-3,48470548;0,00000000
-3,47970548;-0,18639271
-3,47470548;0,74618596
-3,46970548;0,18639271
-3,46470548;0,00000000
-3,45970548;-0,18639271
-3,45470548;0,55979329
-3,44970548;-0,74618596
-3,44470548;0,18639271
-3,43970548;0,55979329
-3,43470548;0,18639271
-3,42970548;0,18639271
-3,42470548;0,00000000
-3,41970548;0,55979329
-3,41470548;0,55979329
-3,40970548;0,37278542
-3,40470548;-0,93319386
-3,39970548;-0,37278542
-3,39470548;-0,74618596
-3,38970548;0,74618596
-3,38470548;0,55979329
-3,37970548;0,00000000
-3,37470548;-0,37278542
-3,36970548;0,37278542
-3,36470548;0,00000000
-3,35970548;0,18639271
-3,35470548;0,74618596
-3,34970548;1,11958659
-3,34470548;0,18639271
-3,33970548;0,93319386
-3,33470548;-0,18639271
-3,32970548;0,55979329
-3,32470548;0,18639271
-3,31970548;-0,18639271
-3,31470548;-0,18639271
-3,30970548;-0,37278542
-3,30470548;0,00000000
-3,29970548;0,74618596
-3,29470548;0,74618596
-3,28970548;0,00000000
-3,28470548;0,18639271
-3,27970548;-0,18639271
-3,27470548;-0,55979329
-3,26970548;1,30659437
-3,26470548;0,00000000
-3,25970548;-0,37278542
-3,25470548;0,37278542
-3,24970548;-0,37278542
-3,24470548;0,37278542
-3,23970548;0,00000000
-3,23470548;-0,93319386
-3,22970548;0,00000000
-3,22470548;0,37278542
-3,21970548;-0,55979329
-3,21470548;-0,74618596
-3,20970548;-0,74618596
-3,20470548;0,00000000
-3,19970549;0,00000000
-3,19470549;0,00000000
-3,18970549;-0,37278542
-3,18470549;0,55979329
-3,17970549;0,00000000
-3,17470549;-0,55979329
-3,16970549;0,00000000
-3,16470549;-0,55979329
-3,15970549;0,37278542
-3,15470549;0,18639271
-3,14970549;0,00000000
-3,14470549;0,18639271
-3,13970549;-0,37278542
-3,13470549;-0,18639271
-3,12970549;1,11958659
-3,12470549;-0,37278542
-3,11970549;0,55979329
-3,11470549;-0,74618596
-3,10970549;0,00000000
-3,10470549;0,18639271
-3,09970549;-0,37278542
-3,09470549;0,00000000
-3,08970549;0,00000000
-3,08470549;-0,37278542
-3,07970549;0,00000000
-3,07470549;-0,18639271
-3,06970549;0,37278542
-3,06470549;0,00000000
-3,05970549;0,00000000
-3,05470549;0,37278542
-3,04970549;-0,55979329
-3,04470549;0,18639271
-3,03970549;-0,18639271
-3,03470549;0,00000000
-3,02970549;0,00000000
-3,02470549;0,55979329
-3,01970549;0,00000000
-3,01470549;0,55979329
-3,00970549;0,00000000
-3,00470549;0,55979329
-2,99970549;-0,18639271
-2,99470549;0,18639271
-2,98970549;-0,37278542
-2,98470549;0,18639271
-2,97970549;-0,37278542
-2,97470549;0,18639271
-2,96970549;0,00000000
-2,96470549;-0,74618596
-2,95970549;-0,74618596
-2,95470549;0,00000000
-2,94970549;-0,18639271
-2,94470549;-0,37278542
-2,93970549;-0,74618596
-2,93470549;-0,93319386
-2,92970549;0,00000000
-2,92470549;-0,37278542
-2,91970549;0,18639271
-2,91470549;0,93319386
-2,90970549;0,18639271
-2,90470549;0,00000000
-2,89970549;0,00000000
-2,89470549;0,93319386
-2,88970549;0,37278542
-2,88470549;0,18639271
-2,87970549;-0,55979329
-2,87470549;-0,18639271
-2,86970549;0,74618596
-2,86470549;0,18639271
-2,85970549;0,55979329
-2,85470549;0,93319386
-2,84970549;0,00000000
-2,84470549;0,93319386
-2,83970549;0,00000000
-2,83470549;0,37278542
-2,82970549;0,55979329
-2,82470549;0,37278542
-2,81970549;1,49298716
-2,81470549;-0,74618596
-2,80970549;0,18639271
-2,80470549;-0,55979329
-2,79970550;0,18639271
-2,79470550;0,37278542
-2,78970550;0,18639271
-2,78470550;-0,18639271
-2,77970550;0,37278542
-2,77470550;0,55979329
-2,76970550;-1,30659437
-2,76470550;-0,37278542
-2,75970550;0,55979329
-2,75470550;0,00000000
-2,74970550;-0,18639271
-2,74470550;0,55979329
-2,73970550;-0,74618596
-2,73470550;0,74618596
-2,72970550;0,18639271
-2,72470550;0,74618596
-2,71970550;-0,55979329
-2,71470550;0,18639271
-2,70970550;0,00000000
-2,70470550;0,18639271
-2,69970550;-0,37278542
-2,69470550;0,18639271
-2,68970550;-0,18639271
-2,68470550;0,00000000
-2,67970550;-0,18639271
-2,67470550;-0,18639271
-2,66970550;0,18639271
-2,66470550;-0,18639271
-2,65970550;0,00000000
-2,65470550;-0,37278542
-2,64970550;0,00000000
-2,64470550;-0,37278542
-2,63970550;-0,18639271
-2,63470550;0,93319386
-2,62970550;0,00000000
-2,62470550;0,55979329
-2,61970550;0,55979329
-2,61470550;-0,18639271
-2,60970550;0,37278542
-2,60470550;-0,18639271
-2,59970550;0,00000000
-2,59470550;0,55979329
-2,58970550;-0,37278542
-2,58470550;0,00000000
-2,57970550;-0,55979329
-2,57470550;-0,55979329
-2,56970550;0,18639271
-2,56470550;0,18639271
-2,55970550;0,00000000
-2,55470550;0,00000000
-2,54970550;0,74618596
-2,54470550;-0,37278542
-2,53970550;-0,37278542
-2,53470550;0,00000000
-2,52970550;0,55979329
-2,52470550;0,00000000
-2,51970550;0,18639271
-2,51470550;0,18639271
-2,50970550;-0,18639271
-2,50470550;0,55979329
-2,49970550;0,18639271
-2,49470550;0,55979329
-2,48970550;0,55979329
-2,48470550;0,37278542
-2,47970550;-0,55979329
-2,47470550;0,55979329
-2,46970550;0,00000000
-2,46470550;0,55979329
-2,45970550;0,00000000
-2,45470550;0,18639271
-2,44970550;0,00000000
-2,44470550;0,37278542
-2,43970550;-0,37278542
-2,43470550;0,00000000
-2,42970550;0,37278542
-2,42470550;0,00000000
-2,41970550;0,00000000
-2,41470550;0,18639271
-2,40970550;-0,37278542
-2,40470551;-1,30659437
-2,39970551;0,00000000
-2,39470551;0,18639271
-2,38970551;0,55979329
-2,38470551;0,74618596
-2,37970551;0,00000000
-2,37470551;-0,37278542
-2,36970551;0,37278542
-2,36470551;-0,74618596
-2,35970551;-0,37278542
-2,35470551;-0,55979329
-2,34970551;0,55979329
-2,34470551;0,55979329
-2,33970551;0,37278542
-2,33470551;0,93319386
-2,32970551;0,00000000
-2,32470551;0,00000000
-2,31970551;-0,18639271
-2,31470551;0,00000000
-2,30970551;0,37278542
-2,30470551;-0,18639271
-2,29970551;0,18639271
-2,29470551;-0,18639271
-2,28970551;0,00000000
-2,28470551;0,00000000
-2,27970551;0,93319386
-2,27470551;-0,74618596
-2,26970551;0,00000000
-2,26470551;0,55979329
-2,25970551;0,00000000
-2,25470551;0,93319386
-2,24970551;0,18639271
-2,24470551;0,18639271
-2,23970551;-0,18639271
-2,23470551;2,42679620
-2,22970551;-0,74618596
-2,22470551;0,37278542
-2,21970551;-0,93319386
-2,21470551;-0,18639271
-2,20970551;0,18639271
-2,20470551;0,00000000
-2,19970551;0,37278542
-2,19470551;0,37278542
-2,18970551;0,74618596
-2,18470551;0,18639271
-2,17970551;0,18639271
-2,17470551;0,00000000
-2,16970551;0,00000000
-2,16470551;0,18639271
-2,15970551;0,55979329
-2,15470551;0,18639271
-2,14970551;-0,55979329
-2,14470551;0,00000000
-2,13970551;-0,37278542
-2,13470551;0,37278542
-2,12970551;-0,74618596
-2,12470551;0,55979329
-2,11970551;0,55979329
-2,11470551;0,18639271
-2,10970551;0,55979329
-2,10470551;-0,55979329
-2,09970551;0,18639271
-2,09470551;-0,37278542
-2,08970551;0,74618596
-2,08470551;0,55979329
-2,07970551;0,18639271
-2,07470551;0,18639271
-2,06970551;0,55979329
-2,06470551;0,18639271
-2,05970551;0,18639271
-2,05470551;0,00000000
-2,04970551;1,11958659
-2,04470551;0,93319386
-2,03970551;0,18639271
-2,03470551;-0,37278542
-2,02970551;0,00000000
-2,02470551;-0,37278542
-2,01970551;1,67999494
-2,01470551;0,55979329
-2,00970552;0,18639271
-2,00470552;0,93319386
-1,99970552;-0,37278542
-1,99470552;0,55979329
-1,98970552;0,00000000
-1,98470552;0,55979329
-1,97970552;-0,37278542
-1,97470552;0,00000000
-1,96970552;0,00000000
-1,96470552;0,55979329
-1,95970552;0,00000000
-1,95470552;-0,18639271
-1,94970552;-1,11958659
-1,94470552;0,93319386
-1,93970552;0,00000000
-1,93470552;-0,74618596
-1,92970552;0,18639271
-1,92470552;-0,74618596
-1,91970552;0,55979329
-1,91470552;0,18639271
-1,90970552;0,37278542
-1,90470552;0,37278542
-1,89970552;-0,37278542
-1,89470552;-0,37278542
-1,88970552;0,18639271
-1,88470552;0,37278542
-1,87970552;-0,18639271
-1,87470552;0,18639271
-1,86970552;0,00000000
-1,86470552;0,00000000
-1,85970552;0,74618596
-1,85470552;0,00000000
-1,84970552;0,55979329
-1,84470552;0,00000000
-1,83970552;0,74618596
-1,83470552;-0,18639271
-1,82970552;0,18639271
-1,82470552;0,93319386
-1,81970552;-0,18639271
-1,81470552;-0,37278542
-1,80970552;0,18639271
-1,80470552;0,55979329
-1,79970552;0,18639271
-1,79470552;0,55979329
-1,78970552;0,18639271
-1,78470552;0,18639271
-1,77970552;0,18639271
-1,77470552;0,37278542
-1,76970552;-0,37278542
-1,76470552;0,00000000
-1,75970552;-0,37278542
-1,75470552;0,37278542
-1,74970552;0,37278542
-1,74470552;0,00000000
-1,73970552;0,18639271
-1,73470552;-0,18639271
-1,72970552;-0,18639271
-1,72470552;0,00000000
-1,71970552;0,00000000
-1,71470552;0,74618596
-1,70970552;-0,55979329
-1,70470552;-0,37278542
-1,69970552;0,18639271
-1,69470552;0,55979329
-1,68970552;-0,93319386
-1,68470552;0,00000000
-1,67970552;-0,37278542
-1,67470552;0,00000000
-1,66970552;0,55979329
-1,66470552;0,37278542
-1,65970552;0,18639271
-1,65470552;-0,55979329
-1,64970552;0,55979329
-1,64470552;0,00000000
-1,63970552;0,18639271
-1,63470552;-0,18639271
-1,62970552;-0,55979329
-1,62470552;0,55979329
-1,61970552;0,00000000
-1,61470553;0,00000000
-1,60970553;-0,74618596
-1,60470553;-0,37278542
-1,59970553;0,18639271
-1,59470553;0,18639271
-1,58970553;0,00000000
-1,58470553;-1,67999494
-1,57970553;-0,37278542
-1,57470553;0,37278542
-1,56970553;0,00000000
-1,56470553;-0,18639271
-1,55970553;-0,37278542
-1,55470553;-0,18639271
-1,54970553;0,55979329
-1,54470553;0,18639271
-1,53970553;0,00000000
-1,53470553;-1,11958659
-1,52970553;-0,18639271
-1,52470553;0,00000000
-1,51970553;0,18639271
-1,51470553;0,18639271
-1,50970553;-0,55979329
-1,50470553;0,93319386
-1,49970553;-0,55979329
-1,49470553;0,74618596
-1,48970553;-0,37278542
-1,48470553;0,00000000
-1,47970553;0,37278542
-1,47470553;-0,37278542
-1,46970553;0,18639271
-1,46470553;0,37278542
-1,45970553;-0,18639271
-1,45470553;-0,37278542
-1,44970553;0,37278542
-1,44470553;-0,74618596
-1,43970553;0,00000000
-1,43470553;0,74618596
-1,42970553;-1,67999494
-1,42470553;0,00000000
-1,41970553;0,55979329
-1,41470553;0,00000000
-1,40970553;0,18639271
-1,40470553;0,18639271
-1,39970553;0,93319386
-1,39470553;0,37278542
-1,38970553;-0,18639271
-1,38470553;-0,37278542
-1,37970553;0,37278542
-1,37470553;0,18639271
-1,36970553;0,18639271
-1,36470553;0,55979329
-1,35970553;0,00000000
-1,35470553;-0,18639271
-1,34970553;-0,37278542
-1,34470553;0,00000000
-1,33970553;-0,55979329
-1,33470553;-0,37278542
-1,32970553;0,55979329
-1,32470553;-0,37278542
-1,31970553;0,18639271
-1,31470553;0,00000000
-1,30970553;-0,18639271
-1,30470553;-0,18639271
-1,29970553;0,37278542
-1,29470553;0,00000000
-1,28970553;0,00000000
-1,28470553;0,55979329
-1,27970553;0,74618596
-1,27470553;0,00000000
-1,26970553;-0,37278542
-1,26470553;1,11958659
-1,25970553;0,00000000
-1,25470553;0,55979329
-1,24970553;0,00000000
-1,24470553;-0,37278542
-1,23970553;0,00000000
-1,23470553;0,00000000
-1,22970553;0,18639271
-1,22470553;0,00000000
-1,21970554;0,00000000
-1,21470554;-0,74618596
-1,20970554;0,37278542
-1,20470554;-0,37278542
-1,19970554;0,00000000
-1,19470554;-0,18639271
-1,18970554;-0,74618596
-1,18470554;0,00000000
-1,17970554;-0,18639271
-1,17470554;-0,18639271
-1,16970554;0,00000000
-1,16470554;0,18639271
-1,15970554;0,18639271
-1,15470554;0,37278542
-1,14970554;0,00000000
-1,14470554;-0,37278542
-1,13970554;-0,37278542
-1,13470554;0,37278542
-1,12970554;-0,18639271
-1,12470554;-0,18639271
-1,11970554;0,00000000
-1,11470554;0,00000000
-1,10970554;-0,18639271
-1,10470554;-0,18639271
-1,09970554;0,18639271
-1,09470554;-0,18639271
-1,08970554;0,55979329
-1,08470554;0,18639271
-1,07970554;-0,37278542
-1,07470554;-0,37278542
-1,06970554;-0,74618596
-1,06470554;0,18639271
-1,05970554;0,37278542
-1,05470554;-0,55979329
-1,04970554;0,74618596
-1,04470554;0,00000000
-1,03970554;0,18639271
-1,03470554;0,00000000
-1,02970554;0,93319386
-1,02470554;0,18639271
-1,01970554;0,00000000
-1,01470554;0,00000000
-1,00970554;-0,37278542
-1,00470554;0,93319386
-0,99970554;-0,37278542
-0,99470554;-0,18639271
-0,98970554;-0,18639271
-0,98470554;0,93319386
-0,97970554;0,18639271
-0,97470554;0,55979329
-0,96970554;-0,18639271
-0,96470554;0,55979329
-0,95970554;0,00000000
-0,95470554;-0,55979329
-0,94970554;0,55979329
-0,94470554;-0,37278542
-0,93970554;0,18639271
-0,93470554;-0,18639271
-0,92970554;0,18639271
-0,92470554;0,18639271
-0,91970554;-0,18639271
-0,91470554;0,93319386
-0,90970554;0,00000000
-0,90470554;-0,37278542
-0,89970554;0,18639271
-0,89470554;2,05339551
-0,88970554;0,55979329
-0,88470554;-0,18639271
-0,87970554;-0,55979329
-0,87470554;0,55979329
-0,86970554;-0,37278542
-0,86470554;0,18639271
-0,85970554;-0,18639271
-0,85470554;-0,37278542
-0,84970554;0,55979329
-0,84470554;-0,37278542
-0,83970554;0,00000000
-0,83470554;0,00000000
-0,82970554;0,00000000
-0,82470555;0,55979329
-0,81970555;-1,11958659
-0,81470555;0,37278542
-0,80970555;0,37278542
-0,80470555;1,86638772
-0,79970555;0,37278542
-0,79470555;0,00000000
-0,78970555;-0,37278542
-0,78470555;0,55979329
-0,77970555;0,18639271
-0,77470555;2,23978829
-0,76970555;-0,37278542
-0,76470555;0,00000000
-0,75970555;-0,18639271
-0,75470555;0,18639271
-0,74970555;0,37278542
-0,74470555;0,55979329
-0,73970555;0,37278542
-0,73470555;-0,55979329
-0,72970555;-0,18639271
-0,72470555;0,93319386
-0,71970555;0,00000000
-0,71470555;0,37278542
-0,70970555;0,00000000
-0,70470555;-0,37278542
-0,69970555;-0,18639271
-0,69470555;0,37278542
-0,68970555;0,18639271
-0,68470555;-0,37278542
-0,67970555;0,55979329
-0,67470555;0,18639271
-0,66970555;0,00000000
-0,66470555;0,37278542
-0,65970555;0,18639271
-0,65470555;-0,37278542
-0,64970555;1,11958659
-0,64470555;0,74618596
-0,63970555;-0,74618596
-0,63470555;0,18639271
-0,62970555;0,18639271
-0,62470555;0,93319386
-0,61970555;0,18639271
-0,61470555;1,30659437
-0,60970555;0,55979329
-0,60470555;1,11958659
-0,59970555;-0,55979329
-0,59470555;0,18639271
-0,58970555;0,00000000
-0,58470555;-0,37278542
-0,57970555;0,55979329
-0,57470555;0,37278542
-0,56970555;0,55979329
-0,56470555;0,00000000
-0,55970555;0,00000000
-0,55470555;0,37278542
-0,54970555;0,00000000
-0,54470555;-0,74618596
-0,53970555;-0,18639271
-0,53470555;-0,74618596
-0,52970555;0,55979329
-0,52470555;0,55979329
-0,51970555;-0,18639271
-0,51470555;0,00000000
-0,50970555;-0,18639271
-0,50470555;0,37278542
-0,49970555;0,37278542
-0,49470555;0,00000000
-0,48970555;0,55979329
-0,48470555;0,18639271
-0,47970555;0,00000000
-0,47470555;0,00000000
-0,46970555;0,55979329
-0,46470555;-0,37278542
-0,45970555;0,18639271
-0,45470555;-0,55979329
-0,44970555;0,00000000
-0,44470555;0,00000000
-0,43970555;0,18639271
-0,43470555;-0,74618596
-0,42970555;-1,11958659
-0,42470556;0,18639271
-0,41970556;-0,18639271
-0,41470556;0,00000000
-0,40970556;0,18639271
-0,40470556;0,37278542
-0,39970556;0,00000000
-0,39470556;0,93319386
-0,38970556;-0,37278542
-0,38470556;-0,37278542
-0,37970556;-0,37278542
-0,37470556;0,00000000
-0,36970556;-0,93319386
-0,36470556;0,18639271
-0,35970556;-0,37278542
-0,35470556;0,00000000
-0,34970556;0,74618596
-0,34470556;-1,86638772
-0,33970556;0,37278542
-0,33470556;-0,37278542
-0,32970556;0,00000000
-0,32470556;0,18639271
-0,31970556;0,55979329
-0,31470556;0,00000000
-0,30970556;-0,37278542
-0,30470556;0,55979329
-0,29970556;-1,11958659
-0,29470556;0,93319386
-0,28970556;0,00000000
-0,28470556;0,18639271
-0,27970556;0,00000000
-0,27470556;-0,55979329
-0,26970556;0,00000000
-0,26470556;0,18639271
-0,25970556;1,11958659
-0,25470556;0,37278542
-0,24970556;0,74618596
-0,24470556;0,55979329
-0,23970556;0,18639271
-0,23470556;-0,18639271
-0,22970556;0,18639271
-0,22470556;-0,37278542
-0,21970556;0,00000000
-0,21470556;0,00000000
-0,20970556;0,18639271
-0,20470556;0,93319386
-0,19970556;0,00000000
-0,19470556;0,00000000
-0,18970556;0,18639271
-0,18470556;0,74618596
-0,17970556;0,55979329
-0,17470556;0,93319386
-0,16970556;-0,37278542
-0,16470556;0,55979329
-0,15970556;-0,37278542
-0,15470556;0,37278542
-0,14970556;0,00000000
-0,14470556;-0,93319386
-0,13970556;-0,37278542
-0,13470556;0,00000000
-0,12970556;0,00000000
-0,12470556;0,00000000
-0,11970556;0,55979329
-0,11470556;0,37278542
-0,10970556;0,55979329
-0,10470556;0,18639271
-0,09970556;0,55979329
-0,09470556;0,00000000
-0,08970556;0,37278542
-0,08470556;0,55979329
-0,07970556;-0,18639271
-0,07470556;-0,37278542
-0,06970556;-0,37278542
-0,06470556;0,00000000
-0,05970556;-0,18639271
-0,05470556;0,00000000
-0,04970556;0,18639271
-0,04470556;-0,93319386
-0,03970556;-0,18639271
-0,03470556;0,00000000
-0,02970557;-1,30659437
-0,02470557;0,00000000
-0,01970557;-0,18639271
-0,01470557;-0,74618596
-0,00970557;0,00000000
-0,00470557;-0,37278542
0,00029443;2,80019665
0,00529443;-0,55979329
0,01029443;1,11958659
0,01529443;0,93319386
0,02029443;0,00000000
0,02529443;-0,37278542
0,03029443;0,00000000
0,03529443;0,18639271
0,04029443;0,55979329
0,04529443;0,18639271
0,05029443;0,18639271
0,05529443;-0,55979329
0,06029443;-0,37278542
0,06529443;0,18639271
0,07029443;0,18639271
0,07529443;0,18639271
0,08029443;0,00000000
0,08529443;-0,37278542
0,09029443;0,18639271
0,09529443;0,18639271
0,10029443;-0,37278542
0,10529443;0,18639271
0,11029443;0,18639271
0,11529443;0,00000000
0,12029443;-0,93319386
0,12529443;0,55979329
0,13029443;-0,74618596
0,13529443;0,74618596
0,14029443;0,18639271
0,14529443;0,18639271
0,15029443;0,00000000
0,15529443;-0,37278542
0,16029443;-1,11958659
0,16529443;-2,80019665
0,17029443;-0,37278542
0,17529443;0,18639271
0,18029443;0,00000000
0,18529443;-1,11958659
0,19029443;-0,55979329
0,19529443;1,11958659
0,20029443;0,55979329
0,20529443;-0,18639271
0,21029443;-0,74618596
0,21529443;0,18639271
0,22029443;-0,74618596
0,22529443;0,18639271
0,23029443;-0,37278542
0,23529443;0,18639271
0,24029443;-0,37278542
0,24529443;-0,37278542
0,25029443;0,18639271
0,25529443;0,55979329
0,26029443;0,00000000
0,26529443;0,18639271
0,27029443;-0,55979329
0,27529443;0,18639271
0,28029443;-0,37278542
0,28529443;-0,74618596
0,29029443;0,18639271
0,29529443;0,00000000
0,30029443;0,00000000
0,30529443;-0,55979329
0,31029443;-0,37278542
0,31529443;-0,37278542
0,32029443;-0,55979329
0,32529443;0,00000000
0,33029443;-1,30659437
0,33529443;0,18639271
0,34029443;0,55979329
0,34529443;-0,37278542
0,35029443;0,55979329
0,35529443;0,93319386
0,36029443;0,18639271
0,36529442;0,00000000
0,37029442;0,37278542
0,37529442;0,74618596
0,38029442;-0,37278542
0,38529442;0,18639271
0,39029442;0,00000000
0,39529442;0,55979329
0,40029442;-0,74618596
0,40529442;0,00000000
0,41029442;0,18639271
0,41529442;1,11958659
0,42029442;0,55979329
0,42529442;-0,55979329
0,43029442;0,00000000
0,43529442;0,00000000
0,44029442;-0,74618596
0,44529442;0,00000000
0,45029442;-0,37278542
0,45529442;0,74618596
0,46029442;0,00000000
0,46529442;0,74618596
0,47029442;-0,18639271
0,47529442;-0,37278542
0,48029442;0,00000000
0,48529442;0,18639271
0,49029442;0,37278542
0,49529442;0,18639271
0,50029442;0,00000000
0,50529442;0,00000000
0,51029442;0,00000000
0,51529442;1,11958659
0,52029442;0,18639271
0,52529442;0,18639271
0,53029442;-0,74618596
0,53529442;0,18639271
0,54029442;-0,37278542
0,54529442;-0,18639271
0,55029442;0,55979329
0,55529442;0,18639271
0,56029442;0,00000000
0,56529442;0,00000000
0,57029442;0,93319386
0,57529442;0,00000000
0,58029442;-0,74618596
0,58529442;-0,37278542
0,59029442;0,18639271
0,59529442;1,86638772
0,60029442;-0,74618596
0,60529442;0,18639271
0,61029442;0,00000000
0,61529442;-0,37278542
0,62029442;0,18639271
0,62529442;0,00000000
0,63029442;0,00000000
0,63529442;0,18639271
0,64029442;0,18639271
0,64529442;0,55979329
0,65029442;0,18639271
0,65529442;0,00000000
0,66029442;0,18639271
0,66529442;0,18639271
0,67029442;0,93319386
0,67529442;0,18639271
0,68029442;0,18639271
0,68529442;-0,55979329
0,69029442;0,18639271
0,69529442;-0,37278542
0,70029442;0,55979329
0,70529442;-0,37278542
0,71029442;0,55979329
0,71529442;0,00000000
0,72029442;0,37278542
0,72529442;0,55979329
0,73029442;0,00000000
0,73529442;0,37278542
0,74029442;0,37278542
0,74529442;0,55979329
0,75029442;-0,18639271
0,75529442;0,37278542
0,76029441;0,00000000
0,76529441;0,18639271
0,77029441;0,00000000
0,77529441;0,37278542
0,78029441;-0,74618596
0,78529441;-0,18639271
0,79029441;0,55979329
0,79529441;-0,18639271
0,80029441;1,30659437
0,80529441;0,18639271
0,81029441;-0,93319386
0,81529441;-0,18639271
0,82029441;0,37278542
0,82529441;0,00000000
0,83029441;0,37278542
0,83529441;0,00000000
0,84029441;0,18639271
0,84529441;0,18639271
0,85029441;0,18639271
0,85529441;0,18639271
0,86029441;0,00000000
0,86529441;0,37278542
0,87029441;1,11958659
0,87529441;0,55979329
0,88029441;0,00000000
0,88529441;-0,74618596
0,89029441;0,55979329
0,89529441;-0,37278542
0,90029441;0,37278542
0,90529441;0,93319386
0,91029441;-0,18639271
0,91529441;-0,74618596
0,92029441;0,18639271
0,92529441;0,18639271
0,93029441;-0,55979329
0,93529441;-0,74618596
0,94029441;0,55979329
0,94529441;-0,37278542
0,95029441;0,00000000
0,95529441;0,55979329
0,96029441;0,55979329
0,96529441;0,18639271
0,97029441;0,37278542
0,97529441;-0,18639271
0,98029441;0,74618596
0,98529441;-0,37278542
0,99029441;0,00000000
0,99529441;-0,18639271
1,00029441;0,18639271
1,00529441;-0,74618596
1,01029441;-0,55979329
1,01529441;-0,37278542
1,02029441;0,00000000
1,02529441;0,74618596
1,03029441;0,18639271
1,03529441;0,37278542
1,04029441;0,18639271
1,04529441;-0,93319386
1,05029441;-0,18639271
1,05529441;0,18639271
1,06029441;-0,18639271
1,06529441;0,55979329
1,07029441;0,18639271
1,07529441;1,49298716
1,08029441;-0,74618596
1,08529441;0,00000000
1,09029441;0,18639271
1,09529441;0,18639271
1,10029441;0,00000000
1,10529441;0,00000000
1,11029441;0,55979329
1,11529441;-0,18639271
1,12029441;-0,74618596
1,12529441;0,00000000
1,13029441;-0,37278542
1,13529441;0,00000000
1,14029441;0,18639271
1,14529441;0,00000000
1,15029441;0,00000000
1,15529440;0,37278542
1,16029440;-0,55979329
1,16529440;2,05339551
1,17029440;0,00000000
1,17529440;-0,37278542
1,18029440;0,00000000
1,18529440;-0,37278542
1,19029440;-0,18639271
1,19529440;0,00000000
1,20029440;0,55979329
1,20529440;0,18639271
1,21029440;0,93319386
1,21529440;0,00000000
1,22029440;0,55979329
1,22529440;-0,18639271
1,23029440;0,55979329
1,23529440;0,37278542
1,24029440;-0,37278542
1,24529440;0,18639271
1,25029440;0,37278542
1,25529440;0,55979329
1,26029440;0,00000000
1,26529440;0,55979329
1,27029440;0,00000000
1,27529440;0,00000000
1,28029440;-0,37278542
1,28529440;0,18639271
1,29029440;-0,37278542
1,29529440;-0,37278542
1,30029440;-0,37278542
1,30529440;0,18639271
1,31029440;0,55979329
1,31529440;-0,18639271
1,32029440;0,00000000
1,32529440;-0,74618596
1,33029440;-0,37278542
1,33529440;0,00000000
1,34029440;0,00000000
1,34529440;0,00000000
1,35029440;-0,74618596
1,35529440;1,49298716
1,36029440;0,37278542
1,36529440;0,55979329
1,37029440;0,93319386
1,37529440;0,37278542
1,38029440;-0,74618596
1,38529440;0,55979329
1,39029440;0,00000000
1,39529440;0,93319386
1,40029440;0,55979329
1,40529440;0,18639271
1,41029440;0,74618596
1,41529440;-0,18639271
1,42029440;0,00000000
1,42529440;0,55979329
1,43029440;-2,23978829
1,43529440;0,00000000
1,44029440;-0,37278542
1,44529440;-0,74618596
1,45029440;-0,55979329
1,45529440;0,00000000
1,46029440;0,00000000
1,46529440;0,18639271
1,47029440;0,00000000
1,47529440;0,18639271
1,48029440;-0,74618596
1,48529440;0,37278542
1,49029440;0,55979329
1,49529440;-0,18639271
1,50029440;0,18639271
1,50529440;0,55979329
1,51029440;0,00000000
1,51529440;0,18639271
1,52029440;0,37278542
1,52529440;-0,37278542
1,53029440;0,37278542
1,53529440;0,55979329
1,54029440;-0,37278542
1,54529440;0,37278542
1,55029439;0,00000000
1,55529439;-0,18639271
1,56029439;0,18639271
1,56529439;-0,18639271
1,57029439;0,55979329
1,57529439;0,18639271
1,58029439;0,18639271
1,58529439;1,11958659
1,59029439;-0,55979329
1,59529439;-0,93319386
1,60029439;0,00000000
1,60529439;0,55979329
1,61029439;-0,37278542
1,61529439;0,18639271
1,62029439;-0,37278542
1,62529439;0,18639271
1,63029439;2,05339551
1,63529439;0,00000000
1,64029439;-0,74618596
1,64529439;0,18639271
1,65029439;0,18639271
1,65529439;-0,37278542
1,66029439;0,00000000
1,66529439;0,00000000
1,67029439;0,55979329
1,67529439;0,18639271
1,68029439;0,18639271
1,68529439;0,00000000
1,69029439;0,55979329
1,69529439;0,55979329
1,70029439;-0,37278542
1,70529439;0,00000000
1,71029439;0,18639271
1,71529439;-1,11958659
1,72029439;0,18639271
1,72529439;0,18639271
1,73029439;0,00000000
1,73529439;-0,37278542
1,74029439;0,00000000
1,74529439;0,00000000
1,75029439;0,55979329
1,75529439;3,73339057
1,76029439;-0,37278542
1,76529439;-0,18639271
1,77029439;-0,18639271
1,77529439;0,37278542
1,78029439;-0,37278542
1,78529439;0,18639271
1,79029439;-0,37278542
1,79529439;0,18639271
1,80029439;-0,18639271
1,80529439;-0,18639271
1,81029439;-1,11958659
1,81529439;-0,37278542
1,82029439;0,93319386
1,82529439;1,11958659
1,83029439;0,37278542
1,83529439;0,74618596
1,84029439;0,18639271
1,84529439;0,00000000
1,85029439;-0,37278542
1,85529439;0,18639271
1,86029439;0,55979329
1,86529439;0,00000000
1,87029439;0,55979329
1,87529439;0,00000000
1,88029439;0,00000000
1,88529439;0,37278542
1,89029439;-0,18639271
1,89529439;0,18639271
1,90029439;1,30659437
1,90529439;0,18639271
1,91029439;0,18639271
1,91529439;0,00000000
1,92029439;0,37278542
1,92529439;0,37278542
1,93029439;0,00000000
1,93529439;-0,55979329
1,94029439;0,55979329
1,94529439;0,00000000
1,95029438;0,00000000
1,95529438;0,55979329
1,96029438;-0,74618596
1,96529438;0,74618596
1,97029438;-0,74618596
1,97529438;3,92039847
1,98029438;-0,37278542
1,98529438;-0,55979329
1,99029438;0,55979329
1,99529438;0,00000000
2,00029438;-0,74618596
2,00529438;0,18639271
2,01029438;0,74618596
2,01529438;0,55979329
2,02029438;-1,11958659
2,02529438;1,11958659
2,03029438;0,18639271
2,03529438;-0,18639271
2,04029438;-0,74618596
2,04529438;0,18639271
2,05029438;0,18639271
2,05529438;-0,37278542
2,06029438;-0,37278542
2,06529438;0,18639271
2,07029438;-0,37278542
2,07529438;0,00000000
2,08029438;1,11958659
2,08529438;-0,74618596
2,09029438;0,00000000
2,09529438;0,93319386
2,10029438;-0,18639271
2,10529438;0,18639271
2,11029438;-0,37278542
2,11529438;-0,37278542
2,12029438;0,00000000
2,12529438;0,18639271
2,13029438;-0,55979329
2,13529438;0,00000000
2,14029438;0,55979329
2,14529438;0,00000000
2,15029438;-0,55979329
2,15529438;-0,37278542
2,16029438;-0,37278542
2,16529438;0,18639271
2,17029438;1,49298716
2,17529438;0,37278542
2,18029438;0,00000000
2,18529438;-0,18639271
2,19029438;0,93319386
2,19529438;-0,37278542
2,20029438;0,74618596
2,20529438;0,00000000
2,21029438;-0,55979329
2,21529438;0,00000000
2,22029438;0,00000000
2,22529438;0,74618596
2,23029438;0,55979329
2,23529438;0,37278542
2,24029438;-0,18639271
2,24529438;-0,37278542
2,25029438;0,55979329
2,25529438;0,00000000
2,26029438;0,55979329
2,26529438;0,00000000
2,27029438;0,37278542
2,27529438;0,37278542
2,28029438;-0,37278542
2,28529438;-0,18639271
2,29029438;0,00000000
2,29529438;0,18639271
2,30029438;0,55979329
2,30529438;-0,74618596
2,31029438;0,18639271
2,31529438;-0,18639271
2,32029438;1,11958659
2,32529438;0,18639271
2,33029438;0,55979329
2,33529438;0,93319386
2,34029438;0,00000000
2,34529437;0,18639271
2,35029437;0,55979329
2,35529437;2,23978829
2,36029437;0,55979329
2,36529437;0,18639271
2,37029437;-0,18639271
2,37529437;0,37278542
2,38029437;0,18639271
2,38529437;0,55979329
2,39029437;0,18639271
2,39529437;0,37278542
2,40029437;-0,37278542
2,40529437;0,00000000
2,41029437;0,18639271
2,41529437;-0,37278542
2,42029437;0,18639271
2,42529437;0,00000000
2,43029437;-0,18639271
2,43529437;0,18639271
2,44029437;0,00000000
2,44529437;0,37278542
2,45029437;-0,37278542
2,45529437;0,55979329
2,46029437;0,93319386
2,46529437;-0,18639271
2,47029437;0,00000000
2,47529437;-0,37278542
2,48029437;-0,74618596
2,48529437;0,18639271
2,49029437;-0,37278542
2,49529437;0,00000000
2,50029437;0,55979329
2,50529437;0,18639271
2,51029437;-0,37278542
2,51529437;0,37278542
2,52029437;0,18639271
2,52529437;0,18639271
2,53029437;-0,74618596
2,53529437;0,18639271
2,54029437;0,18639271
2,54529437;1,11958659
2,55029437;-0,18639271
2,55529437;0,18639271
2,56029437;0,37278542
2,56529437;0,00000000
2,57029437;0,37278542
2,57529437;0,18639271
2,58029437;0,00000000
2,58529437;0,37278542
2,59029437;-0,18639271
2,59529437;-1,11958659
2,60029437;0,18639271
2,60529437;-0,37278542
2,61029437;-0,74618596
2,61529437;1,11958659
2,62029437;0,00000000
2,62529437;0,93319386
2,63029437;0,00000000
2,63529437;0,18639271
2,64029437;0,55979329
2,64529437;0,18639271
2,65029437;-0,74618596
2,65529437;0,18639271
2,66029437;0,37278542
2,66529437;-0,55979329
2,67029437;0,00000000
2,67529437;0,55979329
2,68029437;0,00000000
2,68529437;0,74618596
2,69029437;0,18639271
2,69529437;1,11958659
2,70029437;0,18639271
2,70529437;0,18639271
2,71029437;0,18639271
2,71529437;0,00000000
2,72029437;0,18639271
2,72529437;-0,37278542
2,73029437;0,18639271
2,73529437;0,00000000
2,74029436;0,18639271
2,74529436;0,00000000
2,75029436;-0,18639271
2,75529436;0,55979329
2,76029436;0,18639271
2,76529436;0,55979329
2,77029436;0,00000000
2,77529436;0,37278542
2,78029436;0,55979329
2,78529436;0,18639271
2,79029436;-0,55979329
2,79529436;-0,55979329
2,80029436;0,55979329
2,80529436;0,37278542
2,81029436;1,11958659
2,81529436;-0,18639271
2,82029436;0,55979329
2,82529436;-0,37278542
2,83029436;0,00000000
2,83529436;0,74618596
2,84029436;-4,10679102
2,84529436;0,55979329
2,85029436;0,18639271
2,85529436;0,00000000
2,86029436;0,18639271
2,86529436;0,00000000
2,87029436;0,18639271
2,87529436;0,37278542
2,88029436;-0,37278542
2,88529436;0,18639271
2,89029436;-0,37278542
2,89529436;0,00000000
2,90029436;0,18639271
2,90529436;0,74618596
2,91029436;0,00000000
2,91529436;0,37278542
2,92029436;0,55979329
2,92529436;0,74618596
2,93029436;0,00000000
2,93529436;0,18639271
2,94029436;-0,18639271
2,94529436;0,74618596
2,95029436;0,00000000
2,95529436;0,00000000
2,96029436;0,18639271
2,96529436;0,37278542
2,97029436;0,55979329
2,97529436;0,55979329
2,98029436;0,74618596
2,98529436;-0,37278542
2,99029436;0,00000000
2,99529436;-0,37278542
3,00029436;0,37278542
3,00529436;0,37278542
3,01029436;0,93319386
3,01529436;0,18639271
3,02029436;0,37278542
3,02529436;-0,37278542
3,03029436;0,00000000
3,03529436;0,18639271
3,04029436;-0,55979329
3,04529436;-0,55979329
3,05029436;-1,11958659
3,05529436;0,00000000
3,06029436;0,00000000
3,06529436;-0,18639271
3,07029436;0,55979329
3,07529436;0,37278542
3,08029436;0,00000000
3,08529436;0,55979329
3,09029436;0,55979329
3,09529436;0,55979329
3,10029436;0,55979329
3,10529436;0,55979329
3,11029436;0,00000000
3,11529436;0,55979329
3,12029436;0,00000000
3,12529436;0,00000000
3,13029436;0,18639271
3,13529435;-0,37278542
3,14029435;-0,37278542
3,14529435;1,30659437
3,15029435;-0,37278542
3,15529435;0,18639271
3,16029435;0,18639271
3,16529435;0,55979329
3,17029435;0,18639271
3,17529435;0,00000000
3,18029435;0,00000000
3,18529435;0,00000000
3,19029435;0,74618596
3,19529435;0,18639271
3,20029435;-1,11958659
3,20529435;0,18639271
3,21029435;1,49298716
3,21529435;0,37278542
3,22029435;1,86638772
3,22529435;-1,11958659
3,23029435;0,18639271
3,23529435;-0,18639271
3,24029435;0,18639271
3,24529435;0,00000000
3,25029435;-0,18639271
3,25529435;0,00000000
3,26029435;0,00000000
3,26529435;0,55979329
3,27029435;-1,30659437
3,27529435;0,00000000
3,28029435;0,00000000
3,28529435;0,18639271
3,29029435;0,55979329
3,29529435;0,18639271
3,30029435;-0,18639271
3,30529435;-0,37278542
3,31029435;0,18639271
3,31529435;0,18639271
3,32029435;0,18639271
3,32529435;1,30659437
3,33029435;-0,18639271
3,33529435;0,55979329
3,34029435;0,00000000
3,34529435;-0,37278542
3,35029435;0,18639271
3,35529435;0,00000000
3,36029435;0,18639271
3,36529435;0,00000000
3,37029435;-0,37278542
3,37529435;-0,37278542
3,38029435;0,18639271
3,38529435;0,18639271
3,39029435;-1,67999494
3,39529435;1,49298716
3,40029435;-0,74618596
3,40529435;0,93319386
3,41029435;-0,18639271
3,41529435;0,93319386
3,42029435;0,18639271
3,42529435;-0,93319386
3,43029435;-0,74618596
3,43529435;0,37278542
3,44029435;-0,74618596
3,44529435;0,55979329
3,45029435;-0,55979329
3,45529435;-0,37278542
3,46029435;-0,55979329
3,46529435;0,55979329
3,47029435;-0,37278542
3,47529435;-0,37278542
3,48029435;-0,37278542
3,48529435;0,00000000
3,49029435;0,18639271
3,49529435;0,00000000
3,50029435;0,18639271
3,50529435;0,93319386
3,51029435;0,00000000
3,51529435;0,18639271
3,52029435;0,55979329
3,52529435;-0,74618596
3,53029434;0,18639271
3,53529434;0,18639271
3,54029434;0,00000000
3,54529434;0,18639271
3,55029434;0,00000000
3,55529434;0,00000000
3,56029434;-0,18639271
3,56529434;0,93319386
3,57029434;-0,37278542
3,57529434;0,74618596
3,58029434;-0,18639271
3,58529434;0,00000000
3,59029434;0,93319386
3,59529434;0,55979329
3,60029434;-0,18639271
3,60529434;1,11958659
3,61029434;-0,74618596
3,61529434;0,74618596
3,62029434;-0,55979329
3,62529434;-0,55979329
3,63029434;0,00000000
3,63529434;0,55979329
3,64029434;0,00000000
3,64529434;-0,37278542
3,65029434;0,37278542
3,65529434;0,00000000
3,66029434;-0,55979329
3,66529434;-0,37278542
3,67029434;0,18639271
3,67529434;0,37278542
3,68029434;-0,37278542
3,68529434;-0,55979329
3,69029434;0,00000000
3,69529434;0,18639271
3,70029434;-0,37278542
3,70529434;0,55979329
3,71029434;-0,37278542
3,71529434;0,18639271
3,72029434;0,37278542
3,72529434;0,18639271
3,73029434;0,00000000
3,73529434;0,18639271
3,74029434;0,18639271
3,74529434;0,18639271
3,75029434;0,18639271
3,75529434;0,37278542
3,76029434;-0,37278542
3,76529434;-0,74618596
3,77029434;0,00000000
3,77529434;0,18639271
3,78029434;-0,37278542
3,78529434;-0,37278542
3,79029434;-0,37278542
3,79529434;0,18639271
3,80029434;0,55979329
3,80529434;-0,37278542
3,81029434;-0,55979329
3,81529434;-0,37278542
3,82029434;-0,37278542
3,82529434;-0,37278542
3,83029434;-0,37278542
3,83529434;0,93319386
3,84029434;0,18639271
3,84529434;0,37278542
3,85029434;0,18639271
3,85529434;0,18639271
3,86029434;0,93319386
3,86529434;-0,93319386
3,87029434;-0,18639271
3,87529434;0,00000000
3,88029434;-0,55979329
3,88529434;0,00000000
3,89029434;0,00000000
3,89529434;0,00000000
3,90029434;0,18639271
3,90529434;1,86638772
3,91029434;0,18639271
3,91529434;-0,18639271
3,92029434;-0,18639271
3,92529433;0,00000000
3,93029433;0,00000000
3,93529433;0,18639271
3,94029433;-0,37278542
3,94529433;-0,37278542
3,95029433;-0,74618596
3,95529433;0,18639271
3,96029433;0,00000000
3,96529433;0,37278542
3,97029433;-0,37278542
3,97529433;0,00000000
3,98029433;0,55979329
3,98529433;0,18639271
3,99029433;0,37278542
3,99529433;-1,11958659
4,00029433;0,18639271
4,00529433;0,18639271
4,01029433;0,00000000
4,01529433;0,93319386
4,02029433;0,00000000
4,02529433;-0,37278542
4,03029433;1,11958659
4,03529433;0,18639271
4,04029433;-0,37278542
4,04529433;-0,18639271
4,05029433;0,18639271
4,05529433;-0,18639271
4,06029433;0,18639271
4,06529433;-0,37278542
4,07029433;0,18639271
4,07529433;-0,37278542
4,08029433;-0,18639271
4,08529433;0,55979329
4,09029433;0,00000000
4,09529433;0,55979329
4,10029433;1,11958659
4,10529433;0,00000000
4,11029433;-3,17359710
4,11529433;-0,37278542
4,12029433;0,00000000
4,12529433;0,18639271
4,13029433;0,00000000
4,13529433;0,93319386
4,14029433;0,18639271
4,14529433;0,18639271
4,15029433;0,93319386
4,15529433;-0,18639271
4,16029433;0,74618596
4,16529433;0,18639271
4,17029433;-0,93319386
4,17529433;0,93319386
4,18029433;0,37278542
4,18529433;0,93319386
4,19029433;0,37278542
4,19529433;0,55979329
4,20029433;0,00000000
4,20529433;-1,11958659
4,21029433;0,00000000
4,21529433;0,18639271
4,22029433;0,55979329
4,22529433;1,11958659
4,23029433;0,00000000
4,23529433;-1,11958659
4,24029433;0,00000000
4,24529433;2,42679620
4,25029433;0,37278542
4,25529433;-0,55979329
4,26029433;0,18639271
4,26529433;0,00000000
4,27029433;0,00000000
4,27529433;0,55979329
4,28029433;-0,37278542
4,28529433;0,55979329
4,29029433;0,00000000
4,29529433;0,18639271
4,30029433;1,30659437
4,30529433;0,18639271
4,31029433;-0,18639271
4,31529433;0,55979329
4,32029433;0,37278542
4,32529432;0,55979329
4,33029432;0,93319386
4,33529432;0,18639271
4,34029432;-0,37278542
4,34529432;0,18639271
4,35029432;-0,18639271
4,35529432;0,00000000
4,36029432;0,18639271
4,36529432;0,37278542
4,37029432;1,86638772
4,37529432;0,18639271
4,38029432;0,00000000
4,38529432;-0,18639271
4,39029432;0,93319386
4,39529432;0,00000000
4,40029432;-0,18639271
4,40529432;0,55979329
4,41029432;-1,11958659
4,41529432;0,18639271
4,42029432;0,00000000
4,42529432;0,00000000
4,43029432;0,00000000
4,43529432;0,00000000
4,44029432;0,37278542
4,44529432;0,74618596
4,45029432;0,93319386
4,45529432;0,93319386
4,46029432;0,18639271
4,46529432;0,18639271
4,47029432;0,00000000
4,47529432;0,93319386
4,48029432;0,00000000
4,48529432;0,93319386
4,49029432;0,00000000
4,49529432;-0,18639271
4,50029432;0,74618596
4,50529432;-0,74618596
4,51029432;-0,18639271
4,51529432;0,55979329
4,52029432;0,18639271
4,52529432;0,55979329
4,53029432;-0,37278542
4,53529432;1,11958659
4,54029432;0,18639271
4,54529432;-0,37278542
4,55029432;0,18639271
4,55529432;1,49298716
4,56029432;-0,37278542
4,56529432;1,11958659
4,57029432;-0,18639271
4,57529432;0,18639271
4,58029432;0,55979329
4,58529432;0,18639271
4,59029432;-0,37278542
4,59529432;0,18639271
4,60029432;0,00000000
4,60529432;0,37278542
4,61029432;-0,37278542
4,61529432;0,00000000
4,62029432;0,74618596
4,62529432;-0,37278542
4,63029432;-0,74618596
4,63529432;0,18639271
4,64029432;0,18639271
4,64529432;0,18639271
4,65029432;0,00000000
4,65529432;0,37278542
4,66029432;-0,18639271
4,66529432;0,37278542
4,67029432;0,74618596
4,67529432;0,00000000
4,68029432;0,74618596
4,68529432;-0,18639271
4,69029432;0,55979329
4,69529432;0,37278542
4,70029432;0,18639271
4,70529432;0,18639271
4,71029432;-0,74618596
4,71529432;0,18639271
4,72029431;0,18639271
4,72529431;-0,37278542
4,73029431;0,37278542
4,73529431;0,00000000
4,74029431;-0,37278542
4,74529431;-0,18639271
4,75029431;0,55979329
4,75529431;0,00000000
4,76029431;0,18639271
4,76529431;0,00000000
4,77029431;-0,18639271
4,77529431;1,49298716
4,78029431;0,00000000
4,78529431;0,55979329
4,79029431;0,18639271
4,79529431;0,18639271
4,80029431;-0,55979329
4,80529431;0,37278542
4,81029431;1,11958659
4,81529431;-0,93319386
4,82029431;0,18639271
4,82529431;0,55979329
4,83029431;-0,37278542
4,83529431;-0,55979329
4,84029431;-0,37278542
4,84529431;0,18639271
4,85029431;0,00000000
4,85529431;-0,37278542
4,86029431;-0,18639271
4,86529431;-0,18639271
4,87029431;0,18639271
4,87529431;0,18639271
4,88029431;0,00000000
4,88529431;0,55979329
4,89029431;0,00000000
4,89529431;-0,37278542
4,90029431;0,00000000
4,90529431;-0,18639271
4,91029431;0,18639271
4,91529431;0,37278542
4,92029431;-0,93319386
4,92529431;0,55979329
4,93029431;-0,37278542
4,93529431;0,55979329
4,94029431;0,55979329
4,94529431;-0,37278542
4,95029431;0,18639271
4,95529431;0,18639271
4,96029431;-1,67999494
4,96529431;0,55979329
4,97029431;0,00000000
4,97529431;-0,37278542
4,98029431;0,00000000
4,98529431;-0,18639271
4,99029431;0,74618596
4,99529431;0,00000000
5,00029431;0,00000000
5,00529431;0,55979329
5,01029431;0,00000000
5,01529431;0,55979329
5,02029431;-0,37278542
5,02529431;-0,37278542
5,03029431;-0,55979329
5,03529431;0,93319386
5,04029431;-0,74618596
5,04529431;-0,74618596
5,05029431;0,37278542
5,05529431;0,00000000
5,06029431;0,74618596
5,06529431;-0,37278542
5,07029431;0,18639271
5,07529431;0,18639271
5,08029431;0,18639271
5,08529431;0,18639271
5,09029431;0,18639271
5,09529431;0,18639271
5,10029431;-0,55979329
5,10529431;0,00000000
5,11029431;0,37278542
5,11529430;-0,18639271
5,12029430;-0,18639271
5,12529430;0,00000000
5,13029430;0,55979329
5,13529430;-0,18639271
5,14029430;-0,18639271
5,14529430;1,11958659
5,15029430;-0,18639271
5,15529430;0,00000000
5,16029430;0,00000000
5,16529430;0,18639271
5,17029430;-0,37278542
5,17529430;0,37278542
5,18029430;1,11958659
5,18529430;0,18639271
5,19029430;-0,37278542
5,19529430;0,55979329
5,20029430;0,93319386
5,20529430;0,55979329
5,21029430;0,55979329
5,21529430;0,18639271
5,22029430;0,18639271
5,22529430;1,11958659
5,23029430;-13,81459141
5,23529430;0,00000000
5,24029430;-1,11958659
5,24529430;0,18639271
5,25029430;0,00000000
5,25529430;0,00000000
5,26029430;0,93319386
5,26529430;-0,18639271
5,27029430;-0,37278542
5,27529430;0,00000000
5,28029430;0,37278542
5,28529430;0,37278542
5,29029430;-0,55979329
5,29529430;2,80019665
5,30029430;0,18639271
5,30529430;-0,37278542
5,31029430;0,00000000
5,31529430;0,37278542
5,32029430;0,18639271
5,32529430;0,00000000
5,33029430;0,00000000
5,33529430;-1,11958659
5,34029430;-0,37278542
5,34529430;0,00000000
5,35029430;0,18639271
5,35529430;0,18639271
5,36029430;-0,55979329
5,36529430;0,18639271
5,37029430;-0,37278542
5,37529430;0,18639271
5,38029430;0,00000000
5,38529430;0,00000000
5,39029430;-0,18639271
5,39529430;-0,74618596
5,40029430;-0,18639271
5,40529430;0,18639271
5,41029430;-1,11958659
5,41529430;0,37278542
5,42029430;0,37278542
5,42529430;2,80019665
5,43029430;0,18639271
5,43529430;0,55979329
5,44029430;0,55979329
5,44529430;0,55979329
5,45029430;0,55979329
5,45529430;0,18639271
5,46029430;-0,37278542
5,46529430;-0,37278542
5,47029430;-1,11958659
5,47529430;0,37278542
5,48029430;0,18639271
5,48529430;0,18639271
5,49029430;0,37278542
5,49529430;0,37278542
5,50029430;0,00000000
5,50529430;0,00000000
5,51029429;0,55979329
5,51529429;0,00000000
5,52029429;-0,18639271
5,52529429;0,18639271
5,53029429;0,37278542
5,53529429;1,11958659
5,54029429;-0,37278542
5,54529429;-0,37278542
5,55029429;-0,37278542
5,55529429;0,18639271
5,56029429;0,93319386
5,56529429;0,00000000
5,57029429;0,18639271
5,57529429;-0,18639271
5,58029429;0,37278542
5,58529429;-0,37278542
5,59029429;-0,55979329
5,59529429;0,18639271
5,60029429;-0,37278542
5,60529429;-2,05339551
5,61029429;0,00000000
5,61529429;1,49298716
5,62029429;0,37278542
5,62529429;1,86638772
5,63029429;0,74618596
5,63529429;0,55979329
5,64029429;0,00000000
5,64529429;0,18639271
5,65029429;0,00000000
5,65529429;0,37278542
5,66029429;-0,74618596
5,66529429;0,18639271
5,67029429;0,00000000
5,67529429;-0,37278542
5,68029429;0,18639271
5,68529429;-0,18639271
5,69029429;1,11958659
5,69529429;0,18639271
5,70029429;2,05339551
5,70529429;0,00000000
5,71029429;-0,18639271
5,71529429;-0,37278542
5,72029429;0,18639271
5,72529429;0,37278542
5,73029429;0,55979329
5,73529429;0,37278542
5,74029429;-2,05339551
5,74529429;-0,37278542
5,75029429;0,00000000
5,75529429;0,55979329
5,76029429;0,18639271
5,76529429;0,18639271
5,77029429;0,93319386
5,77529429;0,37278542
5,78029429;0,55979329
5,78529429;-0,55979329
5,79029429;0,18639271
5,79529429;-0,37278542
5,80029429;0,74618596
5,80529429;0,55979329
5,81029429;0,18639271
5,81529429;0,93319386
5,82029429;0,37278542
5,82529429;-1,86638772
5,83029429;3,54699802
5,83529429;0,00000000
5,84029429;-0,37278542
5,84529429;0,00000000
5,85029429;0,55979329
5,85529429;0,18639271
5,86029429;0,37278542
5,86529429;0,55979329
5,87029429;0,55979329
5,87529429;0,37278542
5,88029429;0,18639271
5,88529429;-0,37278542
5,89029429;0,18639271
5,89529429;0,37278542
5,90029429;0,55979329
5,90529428;1,67999494
5,91029428;0,00000000
5,91529428;0,93319386
5,92029428;0,37278542
5,92529428;-0,74618596
5,93029428;-0,18639271
5,93529428;2,23978829
5,94029428;0,37278542
5,94529428;-0,37278542
5,95029428;0,00000000
5,95529428;-0,18639271
5,96029428;0,55979329
5,96529428;0,18639271
5,97029428;0,55979329
5,97529428;0,00000000
5,98029428;0,93319386
5,98529428;0,37278542
5,99029428;0,18639271
5,99529428;-0,18639271
6,00029428;-0,18639271
6,00529428;0,55979329
6,01029428;-1,11958659
6,01529428;1,11958659
6,02029428;0,00000000
6,02529428;1,86638772
6,03029428;0,93319386
6,03529428;0,18639271
6,04029428;0,00000000
6,04529428;0,37278542
6,05029428;0,00000000
6,05529428;0,93319386
6,06029428;-0,74618596
6,06529428;0,18639271
6,07029428;-3,35998988
6,07529428;0,93319386
6,08029428;0,00000000
6,08529428;-0,37278542
6,09029428;0,00000000
6,09529428;0,00000000
6,10029428;-0,37278542
6,10529428;-0,18639271
6,11029428;-0,55979329
6,11529428;0,00000000
6,12029428;0,18639271
6,12529428;0,37278542
6,13029428;0,37278542
6,13529428;0,00000000
6,14029428;-0,18639271
6,14529428;0,37278542
6,15029428;0,00000000
6,15529428;0,00000000
6,16029428;-0,18639271
6,16529428;0,00000000
6,17029428;-0,18639271
6,17529428;-0,74618596
6,18029428;0,55979329
6,18529428;0,18639271
6,19029428;0,18639271
6,19529428;0,37278542
6,20029428;-0,55979329
6,20529428;0,00000000
6,21029428;-0,37278542
6,21529428;0,18639271
6,22029428;-0,37278542
6,22529428;0,00000000
6,23029428;-0,74618596
6,23529428;0,00000000
6,24029428;0,74618596
6,24529428;0,55979329
6,25029428;-0,37278542
6,25529428;0,00000000
6,26029428;-0,74618596
6,26529428;-0,37278542
6,27029428;0,00000000
6,27529428;-0,37278542
6,28029428;0,37278542
6,28529428;0,18639271
6,29029428;-0,37278542
6,29529428;0,00000000
6,30029427;-0,37278542
6,30529427;0,00000000
6,31029427;-0,37278542
6,31529427;-0,74618596
6,32029427;-0,55979329
6,32529427;0,55979329
6,33029427;0,00000000
6,33529427;0,18639271
6,34029427;-0,18639271
6,34529427;-0,74618596
6,35029427;0,00000000
6,35529427;-0,37278542
6,36029427;-0,18639271
6,36529427;0,37278542
6,37029427;0,00000000
6,37529427;-0,55979329
6,38029427;0,18639271
6,38529427;-0,55979329
6,39029427;0,00000000
6,39529427;-0,37278542
6,40029427;0,00000000
6,40529427;-0,93319386
6,41029427;0,18639271
6,41529427;0,18639271
6,42029427;-0,37278542
6,42529427;0,18639271
6,43029427;0,37278542
6,43529427;0,55979329
6,44029427;0,55979329
6,44529427;-0,37278542
6,45029427;-0,37278542
6,45529427;-0,37278542
6,46029427;-0,37278542
6,46529427;0,18639271
6,47029427;0,93319386
6,47529427;-0,37278542
6,48029427;0,18639271
6,48529427;-0,18639271
6,49029427;0,00000000
6,49529427;0,00000000
6,50029427;0,37278542
6,50529427;-0,74618596
6,51029427;0,18639271
6,51529427;0,00000000
6,52029427;0,18639271
6,52529427;0,18639271
6,53029427;-0,37278542
6,53529427;0,00000000
6,54029427;-0,55979329
6,54529427;-0,37278542
6,55029427;0,00000000
6,55529427;0,18639271
6,56029427;-0,55979329
6,56529427;0,00000000
6,57029427;-0,37278542
6,57529427;-0,18639271
6,58029427;-0,37278542
6,58529427;-0,55979329
6,59029427;-0,74618596
6,59529427;0,00000000
6,60029427;0,00000000
6,60529427;0,00000000
6,61029427;-0,37278542
6,61529427;0,00000000
6,62029427;0,00000000
6,62529427;0,74618596
6,63029427;0,00000000
6,63529427;0,00000000
6,64029427;0,00000000
6,64529427;0,37278542
6,65029427;-0,37278542
6,65529427;-0,74618596
6,66029427;-0,37278542
6,66529427;0,93319386
6,67029427;-0,74618596
6,67529427;-0,18639271
6,68029427;0,00000000
6,68529427;0,55979329
6,69029427;0,18639271
6,69529427;-0,55979329
6,70029426;-0,55979329
6,70529426;-0,37278542
6,71029426;-0,74618596
6,71529426;0,37278542
6,72029426;0,18639271
6,72529426;-0,74618596
6,73029426;-0,18639271
6,73529426;-0,37278542
6,74029426;0,00000000
6,74529426;0,55979329
6,75029426;-0,37278542
6,75529426;-0,74618596
6,76029426;-0,18639271
6,76529426;-0,37278542
6,77029426;0,18639271
6,77529426;0,18639271
6,78029426;0,00000000
6,78529426;-0,37278542
6,79029426;-0,37278542
6,79529426;-0,55979329
6,80029426;0,00000000
6,80529426;-0,18639271
6,81029426;-0,37278542
6,81529426;0,55979329
6,82029426;0,74618596
6,82529426;1,30659437
6,83029426;-0,37278542
6,83529426;-0,93319386
6,84029426;-1,67999494
6,84529426;0,18639271
6,85029426;-0,37278542
6,85529426;-0,37278542
6,86029426;0,00000000
6,86529426;-0,37278542
6,87029426;0,37278542
6,87529426;0,18639271
6,88029426;0,18639271
6,88529426;0,00000000
6,89029426;0,00000000
6,89529426;0,00000000
6,90029426;-0,18639271
6,90529426;-4,66719961
6,91029426;-0,37278542
6,91529426;-0,37278542
6,92029426;-0,37278542
6,92529426;0,18639271
6,93029426;0,18639271
6,93529426;0,18639271
6,94029426;0,18639271
6,94529426;-0,18639271
6,95029426;0,00000000
6,95529426;0,18639271
6,96029426;-0,37278542
6,96529426;0,00000000
6,97029426;0,55979329
6,97529426;0,74618596
6,98029426;0,00000000
6,98529426;0,37278542
6,99029426;-0,74618596
6,99529426;-0,18639271
7,00029426;0,00000000
7,00529426;-0,37278542
7,01029426;0,00000000
7,01529426;0,00000000
7,02029426;0,18639271
7,02529426;0,18639271
7,03029426;0,18639271
7,03529426;0,37278542
7,04029426;1,30659437
7,04529426;-0,37278542
7,05029426;0,37278542
7,05529426;-0,37278542
7,06029426;-0,18639271
7,06529426;-0,18639271
7,07029426;0,00000000
7,07529426;-0,93319386
7,08029426;-0,37278542
7,08529426;0,55979329
7,09029426;-0,37278542
7,09529425;0,55979329
7,10029425;-0,55979329
7,10529425;-0,37278542
7,11029425;0,00000000
7,11529425;0,18639271
7,12029425;0,18639271
7,12529425;0,55979329
7,13029425;0,00000000
7,13529425;0,00000000
7,14029425;0,00000000
7,14529425;0,18639271
7,15029425;0,74618596
7,15529425;0,55979329
7,16029425;0,93319386
7,16529425;0,55979329
7,17029425;0,18639271
7,17529425;0,00000000
7,18029425;0,37278542
7,18529425;0,93319386
7,19029425;0,18639271
7,19529425;0,93319386
7,20029425;0,93319386
7,20529425;0,18639271
7,21029425;0,55979329
7,21529425;0,18639271
7,22029425;0,55979329
7,22529425;-0,18639271
7,23029425;0,18639271
7,23529425;0,18639271
7,24029425;0,74618596
7,24529425;-2,05339551
7,25029425;0,18639271
7,25529425;0,00000000
7,26029425;-0,55979329
7,26529425;-0,37278542
7,27029425;0,00000000
7,27529425;0,00000000
7,28029425;0,00000000
7,28529425;-0,74618596
7,29029425;0,37278542
7,29529425;0,18639271
7,30029425;0,00000000
7,30529425;0,18639271
7,31029425;0,37278542
7,31529425;-0,37278542
7,32029425;-0,37278542
7,32529425;0,00000000
7,33029425;-0,37278542
7,33529425;0,00000000
7,34029425;0,55979329
7,34529425;0,00000000
7,35029425;0,55979329
7,35529425;0,00000000
7,36029425;-0,18639271
7,36529425;0,18639271
7,37029425;0,18639271
7,37529425;1,49298716
7,38029425;-0,37278542
7,38529425;-0,18639271
7,39029425;0,74618596
7,39529425;0,00000000
7,40029425;0,18639271
7,40529425;0,00000000
7,41029425;0,00000000
7,41529425;0,00000000
7,42029425;0,55979329
7,42529425;-0,74618596
7,43029425;0,00000000
7,43529425;0,93319386
7,44029425;1,30659437
7,44529425;0,00000000
7,45029425;0,18639271
7,45529425;0,55979329
7,46029425;0,55979329
7,46529425;0,55979329
7,47029425;0,00000000
7,47529425;0,00000000
7,48029425;-0,37278542
7,48529425;0,18639271
7,49029424;0,18639271
7,49529424;-0,18639271
7,50029424;0,18639271
7,50529424;0,18639271
7,51029424;1,30659437
7,51529424;0,00000000
7,52029424;-0,55979329
7,52529424;0,55979329
7,53029424;0,55979329
7,53529424;1,11958659
7,54029424;0,18639271
7,54529424;0,55979329
7,55029424;0,37278542
7,55529424;0,00000000
7,56029424;0,00000000
7,56529424;0,55979329
7,57029424;0,18639271
7,57529424;0,18639271
7,58029424;0,55979329
7,58529424;0,93319386
7,59029424;-0,37278542
7,59529424;0,00000000
7,60029424;-0,18639271
7,60529424;0,18639271
7,61029424;-0,18639271
7,61529424;0,55979329
7,62029424;0,18639271
7,62529424;-0,37278542
7,63029424;0,74618596
7,63529424;0,18639271
7,64029424;-0,37278542
7,64529424;0,55979329
7,65029424;0,18639271
7,65529424;0,55979329
7,66029424;0,37278542
7,66529424;0,37278542
7,67029424;0,37278542
7,67529424;-0,37278542
7,68029424;-0,55979329
7,68529424;0,18639271
7,69029424;0,18639271
7,69529424;-0,37278542
7,70029424;0,00000000
7,70529424;0,00000000
7,71029424;-0,74618596
7,71529424;0,18639271
7,72029424;0,55979329
7,72529424;-0,37278542
7,73029424;0,00000000
7,73529424;-0,18639271
7,74029424;0,37278542
7,74529424;0,18639271
7,75029424;0,55979329
7,75529424;-0,74618596
7,76029424;0,00000000
7,76529424;0,18639271
7,77029424;0,37278542
7,77529424;0,00000000
7,78029424;0,37278542
7,78529424;0,55979329
7,79029424;-0,18639271
7,79529424;-0,18639271
7,80029424;0,18639271
7,80529424;-0,74618596
7,81029424;0,18639271
7,81529424;0,55979329
7,82029424;0,18639271
7,82529424;0,18639271
7,83029424;0,00000000
7,83529424;0,18639271
7,84029424;0,18639271
7,84529424;-1,67999494
7,85029424;0,18639271
7,85529424;0,18639271
7,86029424;-0,37278542
7,86529424;0,00000000
7,87029424;0,18639271
7,87529424;0,55979329
7,88029424;-0,37278542
7,88529423;-0,37278542
7,89029423;0,93319386
7,89529423;-0,37278542
7,90029423;0,18639271
7,90529423;0,00000000
7,91029423;0,18639271
7,91529423;-0,93319386
7,92029423;-0,55979329
7,92529423;-0,37278542
7,93029423;0,18639271
7,93529423;0,18639271
7,94029423;-0,74618596
7,94529423;0,00000000
7,95029423;0,18639271
7,95529423;0,18639271
7,96029423;0,00000000
7,96529423;0,37278542
7,97029423;0,55979329
7,97529423;-1,67999494
7,98029423;0,00000000
7,98529423;-0,18639271
7,99029423;-0,18639271
7,99529423;0,18639271
8,00029423;0,00000000
8,00529423;0,18639271
8,01029423;0,37278542
8,01529423;0,18639271
8,02029423;0,74618596
8,02529423;-0,18639271
8,03029423;-0,37278542
8,03529423;0,00000000
8,04029423;-1,30659437
8,04529423;0,18639271
8,05029423;0,00000000
8,05529423;0,74618596
8,06029423;0,00000000
8,06529423;0,00000000
8,07029423;0,00000000
8,07529423;0,55979329
8,08029423;0,00000000
8,08529423;0,37278542
8,09029423;0,18639271
8,09529423;0,37278542
8,10029423;0,18639271
8,10529423;-0,18639271
8,11029423;-0,55979329
8,11529423;0,18639271
8,12029423;-0,55979329
8,12529423;0,00000000
8,13029423;-0,37278542
8,13529423;0,00000000
8,14029423;0,00000000
8,14529423;0,18639271
8,15029423;0,00000000
8,15529423;0,18639271
8,16029423;0,00000000
8,16529423;-0,37278542
8,17029423;2,23978829
8,17529423;0,37278542
8,18029423;-0,37278542
8,18529423;-0,37278542
8,19029423;-1,67999494
8,19529423;0,00000000
8,20029423;0,37278542
8,20529423;0,00000000
8,21029423;-0,18639271
8,21529423;-0,37278542
8,22029423;0,00000000
8,22529423;-0,74618596
8,23029423;1,67999494
8,23529423;0,18639271
8,24029423;1,11958659
8,24529423;-0,93319386
8,25029423;-0,37278542
8,25529423;0,55979329
8,26029423;-0,37278542
8,26529423;0,55979329
8,27029423;0,93319386
8,27529423;0,18639271
8,28029422;-0,37278542
8,28529422;0,18639271
8,29029422;-0,37278542
8,29529422;-0,37278542
8,30029422;-0,74618596
8,30529422;0,00000000
8,31029422;0,00000000
8,31529422;0,55979329
8,32029422;-0,37278542
8,32529422;0,00000000
8,33029422;-0,18639271
8,33529422;0,37278542
8,34029422;-0,18639271
8,34529422;-0,55979329
8,35029422;0,55979329
8,35529422;0,74618596
8,36029422;0,55979329
8,36529422;0,18639271
8,37029422;0,37278542
8,37529422;0,18639271
8,38029422;-0,55979329
8,38529422;0,00000000
8,39029422;-0,37278542
8,39529422;0,93319386
8,40029422;0,00000000
8,40529422;0,18639271
8,41029422;0,55979329
8,41529422;-0,37278542
8,42029422;0,37278542
8,42529422;0,18639271
8,43029422;0,55979329
8,43529422;0,37278542
8,44029422;0,00000000
8,44529422;-0,37278542
8,45029422;0,00000000
8,45529422;0,93319386
8,46029422;0,18639271
8,46529422;0,00000000
8,47029422;0,18639271
8,47529422;0,37278542
8,48029422;-1,67999494
8,48529422;-0,37278542
8,49029422;-0,37278542
8,49529422;-0,37278542
8,50029422;-0,37278542
8,50529422;0,93319386
8,51029422;0,00000000
8,51529422;-0,37278542
8,52029422;-0,37278542
8,52529422;0,00000000
8,53029422;-0,18639271
8,53529422;-0,37278542
8,54029422;0,18639271
8,54529422;0,18639271
8,55029422;-0,93319386
8,55529422;-0,37278542
8,56029422;0,00000000
8,56529422;0,55979329
8,57029422;0,00000000
8,57529422;-0,18639271
8,58029422;-0,18639271
8,58529422;0,18639271
8,59029422;-0,74618596
8,59529422;0,00000000
8,60029422;-0,37278542
8,60529422;-0,37278542
8,61029422;0,18639271
8,61529422;1,11958659
8,62029422;0,55979329
8,62529422;0,00000000
8,63029422;0,18639271
8,63529422;0,93319386
8,64029422;1,11958659
8,64529422;0,00000000
8,65029422;1,30659437
8,65529422;-0,74618596
8,66029422;0,37278542
8,66529422;0,18639271
8,67029422;-0,18639271
8,67529422;0,37278542
8,68029421;0,18639271
8,68529421;0,18639271
8,69029421;0,18639271
8,69529421;0,00000000
8,70029421;0,55979329
8,70529421;0,18639271
8,71029421;0,00000000
8,71529421;0,37278542
8,72029421;0,37278542
8,72529421;-0,37278542
8,73029421;0,00000000
8,73529421;0,18639271
8,74029421;0,55979329
8,74529421;0,18639271
8,75029421;-0,74618596
8,75529421;0,37278542
8,76029421;0,18639271
8,76529421;-0,55979329
8,77029421;0,18639271
8,77529421;-0,18639271
8,78029421;-0,18639271
8,78529421;0,55979329
8,79029421;0,55979329
8,79529421;1,11958659
8,80029421;0,00000000
8,80529421;-0,37278542
8,81029421;-0,55979329
8,81529421;0,74618596
8,82029421;-0,18639271
8,82529421;0,18639271
8,83029421;-0,37278542
8,83529421;1,11958659
8,84029421;-1,67999494
8,84529421;0,74618596
8,85029421;-0,37278542
8,85529421;0,18639271
8,86029421;-0,55979329
8,86529421;-0,18639271
8,87029421;-0,55979329
8,87529421;0,37278542
8,88029421;0,18639271
8,88529421;2,05339551
8,89029421;0,00000000
8,89529421;0,00000000
8,90029421;0,55979329
8,90529421;-0,55979329
8,91029421;0,00000000
8,91529421;0,00000000
8,92029421;-0,55979329
8,92529421;-0,18639271
8,93029421;-0,18639271
8,93529421;0,55979329
8,94029421;0,55979329
8,94529421;0,93319386
8,95029421;-0,55979329
8,95529421;0,00000000
8,96029421;0,00000000
8,96529421;0,18639271
8,97029421;1,30659437
8,97529421;0,00000000
8,98029421;0,00000000
8,98529421;0,18639271
8,99029421;0,18639271
8,99529421;0,55979329
9,00029421;0,55979329
9,00529421;0,00000000
9,01029421;0,55979329
9,01529421;-0,18639271
9,02029421;0,00000000
9,02529421;0,55979329
9,03029421;-1,11958659
9,03529421;0,74618596
9,04029421;0,00000000
9,04529421;0,18639271
9,05029421;0,00000000
9,05529421;-0,93319386
9,06029421;-0,74618596
9,06529421;0,55979329
9,07029421;0,18639271
9,07529420;0,37278542
9,08029420;-0,74618596
9,08529420;0,00000000
9,09029420;0,00000000
9,09529420;2,05339551
9,10029420;0,74618596
9,10529420;0,00000000
9,11029420;0,18639271
9,11529420;0,00000000
9,12029420;-0,74618596
9,12529420;0,37278542
9,13029420;0,55979329
9,13529420;-0,55979329
9,14029420;0,00000000
9,14529420;0,00000000
9,15029420;0,18639271
9,15529420;0,00000000
9,16029420;0,55979329
9,16529420;-0,93319386
9,17029420;0,18639271
9,17529420;-0,37278542
9,18029420;0,00000000
9,18529420;-0,37278542
9,19029420;0,37278542
9,19529420;0,18639271
9,20029420;1,30659437
9,20529420;0,37278542
9,21029420;-0,37278542
9,21529420;0,00000000
9,22029420;0,55979329
9,22529420;0,18639271
9,23029420;0,55979329
9,23529420;-0,37278542
9,24029420;0,00000000
9,24529420;-0,37278542
9,25029420;0,55979329
9,25529420;0,18639271
9,26029420;1,11958659
9,26529420;-0,18639271
9,27029420;0,00000000
9,27529420;0,18639271
9,28029420;-1,11958659
9,28529420;0,55979329
9,29029420;0,18639271
9,29529420;0,00000000
9,30029420;-1,30659437
9,30529420;0,00000000
9,31029420;-0,37278542
9,31529420;0,00000000
9,32029420;0,18639271
9,32529420;-0,37278542
9,33029420;0,18639271
9,33529420;0,18639271
9,34029420;0,00000000
9,34529420;0,18639271
9,35029420;-0,37278542
9,35529420;0,55979329
9,36029420;0,55979329
9,36529420;0,18639271
9,37029420;0,00000000
9,37529420;0,18639271
9,38029420;-0,37278542
9,38529420;0,37278542
9,39029420;0,00000000
9,39529420;0,18639271
9,40029420;0,74618596
9,40529420;0,55979329
9,41029420;0,00000000
9,41529420;0,00000000
9,42029420;0,93319386
9,42529420;0,18639271
9,43029420;0,55979329
9,43529420;0,18639271
9,44029420;1,49298716
9,44529420;-0,37278542
9,45029420;0,37278542
9,45529420;0,37278542
9,46029420;0,55979329
9,46529420;0,55979329
9,47029419;0,74618596
9,47529419;0,18639271
9,48029419;-0,55979329
9,48529419;0,00000000
9,49029419;0,00000000
9,49529419;0,37278542
9,50029419;0,18639271
9,50529419;-0,55979329
9,51029419;0,00000000
9,51529419;0,18639271
9,52029419;0,74618596
9,52529419;0,55979329
9,53029419;-1,30659437
9,53529419;0,18639271
9,54029419;0,00000000
9,54529419;-0,74618596
9,55029419;-0,37278542
9,55529419;0,55979329
9,56029419;0,18639271
9,56529419;0,00000000
9,57029419;-0,37278542
9,57529419;0,37278542
9,58029419;-0,18639271
9,58529419;0,18639271
9,59029419;-0,37278542
9,59529419;0,55979329
9,60029419;0,18639271
9,60529419;0,18639271
9,61029419;0,55979329
9,61529419;0,00000000
9,62029419;-1,11958659
9,62529419;0,00000000
9,63029419;0,18639271
9,63529419;0,18639271
9,64029419;-1,86638772
9,64529419;0,18639271
9,65029419;-0,37278542
9,65529419;-0,55979329
9,66029419;0,93319386
9,66529419;0,37278542
9,67029419;0,37278542
9,67529419;0,00000000
9,68029419;-0,18639271
9,68529419;-0,93319386
9,69029419;0,18639271
9,69529419;-0,37278542
9,70029419;0,00000000
9,70529419;0,55979329
9,71029419;-0,37278542
9,71529419;0,00000000
9,72029419;0,18639271
9,72529419;-0,93319386
9,73029419;0,00000000
9,73529419;0,00000000
9,74029419;0,00000000
9,74529419;0,00000000
9,75029419;0,37278542
9,75529419;-0,55979329
9,76029419;0,37278542
9,76529419;0,00000000
9,77029419;-0,37278542
9,77529419;0,18639271
9,78029419;-0,74618596
9,78529419;-0,37278542
9,79029419;0,18639271
9,79529419;0,00000000
9,80029419;0,55979329
9,80529419;0,00000000
9,81029419;-0,18639271
9,81529419;-0,37278542
9,82029419;0,55979329
9,82529419;0,00000000
9,83029419;0,18639271
9,83529419;0,00000000
9,84029419;0,18639271
9,84529419;0,55979329
9,85029419;1,49298716
9,85529419;-0,37278542
9,86029419;0,18639271
9,86529418;0,00000000
9,87029418;0,37278542
9,87529418;0,37278542
9,88029418;0,55979329
9,88529418;0,55979329
9,89029418;0,18639271
9,89529418;0,00000000
9,90029418;0,18639271
9,90529418;0,37278542
9,91029418;0,74618596
9,91529418;0,00000000
9,92029418;0,00000000
9,92529418;-1,49298716
9,93029418;0,18639271
9,93529418;0,00000000
9,94029418;0,37278542
9,94529418;0,00000000
9,95029418;0,55979329
9,95529418;-0,37278542
9,96029418;1,86638772
9,96529418;0,00000000
9,97029418;0,37278542
9,97529418;-0,37278542
9,98029418;0,18639271
9,98529418;0,00000000
9,99029418;-0,55979329
9,99529418;0,18639271
10,00029418;0,00000000
10,00529418;0,37278542
10,01029418;-0,18639271
10,01529418;-0,74618596
10,02029418;-0,55979329
10,02529418;-1,49298716
10,03029418;0,55979329
10,03529418;0,18639271
10,04029418;-1,67999494
10,04529418;0,93319386
10,05029418;0,00000000
10,05529418;0,93319386
10,06029418;0,37278542
10,06529418;0,74618596
10,07029418;0,37278542
10,07529418;0,18639271
10,08029418;-0,37278542
10,08529418;-0,18639271
10,09029418;-1,86638772
10,09529418;0,00000000
10,10029418;0,93319386
10,10529418;0,00000000
10,11029418;0,00000000
10,11529418;-0,37278542
10,12029418;0,18639271
10,12529418;0,37278542
10,13029418;0,00000000
10,13529418;0,00000000
10,14029418;0,18639271
10,14529418;-0,93319386
10,15029418;0,55979329
10,15529418;0,18639271
10,16029418;1,11958659
10,16529418;-0,18639271
10,17029418;0,93319386
10,17529418;0,55979329
10,18029418;-0,37278542
10,18529418;0,00000000
10,19029418;0,37278542
10,19529418;0,18639271
10,20029418;0,37278542
10,20529418;0,00000000
10,21029418;0,18639271
10,21529418;-0,18639271
10,22029418;0,55979329
10,22529418;0,00000000
10,23029418;0,00000000
10,23529418;0,00000000
10,24029418;-0,18639271
10,24529418;0,00000000
10,25029418;0,55979329
10,25529418;-1,49298716
10,26029417;0,37278542
10,26529417;-0,37278542
10,27029417;-0,37278542
10,27529417;0,37278542
10,28029417;-0,37278542
10,28529417;-0,18639271
10,29029417;0,18639271
10,29529417;0,00000000
10,30029417;-0,18639271
10,30529417;-0,37278542
10,31029417;0,18639271
10,31529417;0,55979329
10,32029417;0,55979329
10,32529417;0,74618596
10,33029417;-3,73339057
10,33529417;0,37278542
10,34029417;0,18639271
10,34529417;0,00000000
10,35029417;-0,18639271
10,35529417;0,55979329
10,36029417;0,18639271
10,36529417;0,37278542
10,37029417;-0,74618596
10,37529417;0,18639271
10,38029417;0,93319386
10,38529417;0,00000000
10,39029417;0,00000000
10,39529417;-0,18639271
10,40029417;0,00000000
10,40529417;-0,18639271
10,41029417;-0,37278542
10,41529417;0,37278542
10,42029417;0,00000000
10,42529417;0,93319386
10,43029417;-0,55979329
10,43529417;0,74618596
10,44029417;0,18639271
10,44529417;0,55979329
10,45029417;0,18639271
10,45529417;0,00000000
10,46029417;0,18639271
10,46529417;-0,37278542
10,47029417;0,74618596
10,47529417;0,55979329
10,48029417;0,00000000
10,48529417;0,55979329
10,49029417;0,00000000
10,49529417;0,18639271
10,50029417;0,55979329
10,50529417;0,00000000
10,51029417;0,55979329
10,51529417;0,18639271
10,52029417;0,18639271
10,52529417;0,00000000
10,53029417;0,00000000
10,53529417;-0,37278542
10,54029417;0,37278542
10,54529417;0,74618596
10,55029417;0,74618596
10,55529417;0,18639271
10,56029417;0,55979329
10,56529417;0,18639271
10,57029417;-0,37278542
10,57529417;0,37278542
10,58029417;0,18639271
10,58529417;0,55979329
10,59029417;-0,37278542
10,59529417;0,55979329
10,60029417;0,00000000
10,60529417;0,55979329
10,61029417;0,18639271
10,61529417;0,55979329
10,62029417;-0,18639271
10,62529417;0,18639271
10,63029417;0,18639271
10,63529417;-0,93319386
10,64029417;0,18639271
10,64529417;0,55979329
10,65029417;0,37278542
10,65529416;0,74618596
10,66029416;0,00000000
10,66529416;0,18639271
10,67029416;0,18639271
10,67529416;0,00000000
10,68029416;0,93319386
10,68529416;0,55979329
10,69029416;0,18639271
10,69529416;-0,18639271
10,70029416;0,18639271
10,70529416;0,18639271
10,71029416;-0,55979329
10,71529416;0,74618596
10,72029416;1,30659437
10,72529416;0,55979329
10,73029416;0,55979329
10,73529416;0,55979329
10,74029416;-0,37278542
10,74529416;0,93319386
10,75029416;0,37278542
10,75529416;0,00000000
10,76029416;0,00000000
10,76529416;0,00000000
10,77029416;0,18639271
10,77529416;0,55979329
10,78029416;0,18639271
10,78529416;-0,18639271
10,79029416;0,18639271
10,79529416;0,55979329
10,80029416;0,00000000
10,80529416;1,86638772
10,81029416;0,18639271
10,81529416;1,49298716
10,82029416;0,55979329
10,82529416;0,18639271
10,83029416;0,18639271
10,83529416;0,18639271
10,84029416;-0,55979329
10,84529416;0,00000000
10,85029416;0,37278542
10,85529416;0,00000000
10,86029416;0,37278542
10,86529416;0,37278542
10,87029416;0,18639271
10,87529416;0,18639271
10,88029416;0,93319386
10,88529416;0,55979329
10,89029416;0,37278542
10,89529416;0,37278542
10,90029416;0,18639271
10,90529416;0,00000000
10,91029416;0,00000000
10,91529416;0,18639271
10,92029416;-0,55979329
10,92529416;0,18639271
10,93029416;0,18639271
10,93529416;0,18639271
10,94029416;0,37278542
10,94529416;0,55979329
10,95029416;0,93319386
10,95529416;-0,37278542
10,96029416;0,18639271
10,96529416;0,55979329
10,97029416;0,55979329
10,97529416;-0,18639271
10,98029416;-0,37278542
10,98529416;0,00000000
10,99029416;-0,74618596
10,99529416;-1,11958659
11,00029416;-0,37278542
11,00529416;0,37278542
11,01029416;-2,23978829
11,01529416;0,00000000
11,02029416;0,37278542
11,02529416;0,93319386
11,03029416;0,55979329
11,03529416;0,00000000
11,04029416;0,37278542
11,04529416;0,00000000
11,05029416;0,37278542
11,05529415;0,55979329
11,06029415;0,74618596
11,06529415;-0,93319386
11,07029415;0,37278542
11,07529415;0,00000000
11,08029415;-0,18639271
11,08529415;0,74618596
11,09029415;0,00000000
11,09529415;0,74618596
11,10029415;-0,74618596
11,10529415;0,18639271
11,11029415;0,18639271
11,11529415;-0,37278542
11,12029415;0,55979329
11,12529415;0,00000000
11,13029415;0,18639271
11,13529415;0,18639271
11,14029415;0,18639271
11,14529415;0,00000000
11,15029415;0,37278542
11,15529415;0,55979329
11,16029415;0,18639271
11,16529415;0,00000000
11,17029415;-0,74618596
11,17529415;-0,74618596
11,18029415;-1,11958659
11,18529415;0,18639271
11,19029415;0,18639271
11,19529415;0,55979329
11,20029415;0,00000000
11,20529415;-0,93319386
11,21029415;0,00000000
11,21529415;1,49298716
11,22029415;0,55979329
11,22529415;-0,37278542
11,23029415;-0,18639271
11,23529415;0,00000000
11,24029415;0,37278542
11,24529415;-0,18639271
11,25029415;-0,37278542
11,25529415;0,74618596
11,26029415;0,37278542
11,26529415;0,37278542
11,27029415;0,18639271
11,27529415;0,18639271
11,28029415;0,55979329
11,28529415;0,00000000
11,29029415;-0,74618596
11,29529415;0,18639271
11,30029415;-0,37278542
11,30529415;0,00000000
11,31029415;0,37278542
11,31529415;0,18639271
11,32029415;-0,37278542
11,32529415;0,18639271
11,33029415;0,18639271
11,33529415;0,18639271
11,34029415;0,18639271
11,34529415;0,55979329
11,35029415;-0,37278542
11,35529415;0,00000000
11,36029415;0,00000000
11,36529415;0,18639271
11,37029415;-0,55979329
11,37529415;-0,74618596
11,38029415;1,49298716
11,38529415;0,18639271
11,39029415;-0,55979329
11,39529415;0,37278542
11,40029415;0,00000000
11,40529415;-0,37278542
11,41029415;0,55979329
11,41529415;0,18639271
11,42029415;-1,67999494
11,42529415;0,18639271
11,43029415;-0,37278542
11,43529415;0,74618596
11,44029415;0,00000000
11,44529415;-0,37278542
11,45029414;-0,37278542
11,45529414;0,74618596
11,46029414;1,67999494
11,46529414;0,18639271
11,47029414;0,55979329
11,47529414;0,18639271
11,48029414;-0,37278542
11,48529414;-0,74618596
11,49029414;2,80019665
11,49529414;0,00000000
11,50029414;1,11958659
11,50529414;0,55979329
11,51029414;-0,37278542
11,51529414;-0,37278542
11,52029414;-0,37278542
11,52529414;-0,18639271
11,53029414;0,18639271
11,53529414;-0,37278542
11,54029414;0,37278542
11,54529414;-0,18639271
11,55029414;0,00000000
11,55529414;0,93319386
11,56029414;0,00000000
11,56529414;-0,37278542
11,57029414;0,18639271
11,57529414;0,00000000
11,58029414;0,37278542
11,58529414;0,55979329
11,59029414;0,55979329
11,59529414;0,55979329
11,60029414;-0,55979329
11,60529414;0,00000000
11,61029414;-0,93319386
11,61529414;0,37278542
11,62029414;-1,11958659
11,62529414;1,67999494
11,63029414;0,18639271
11,63529414;0,55979329
11,64029414;-0,74618596
11,64529414;-0,93319386
11,65029414;-0,37278542
11,65529414;-0,18639271
11,66029414;-0,37278542
11,66529414;0,55979329
11,67029414;-0,37278542
11,67529414;-0,18639271
11,68029414;0,18639271
11,68529414;0,37278542
11,69029414;0,18639271
11,69529414;0,00000000
11,70029414;-0,55979329
11,70529414;0,18639271
11,71029414;0,00000000
11,71529414;-0,18639271
11,72029414;0,74618596
11,72529414;-0,37278542
11,73029414;0,18639271
11,73529414;0,18639271
11,74029414;0,37278542
11,74529414;-0,37278542
11,75029414;0,00000000
11,75529414;0,18639271
11,76029414;-0,74618596
11,76529414;-0,74618596
11,77029414;0,00000000
11,77529414;-0,18639271
11,78029414;0,00000000
11,78529414;-0,93319386
11,79029414;0,18639271
11,79529414;-1,30659437
11,80029414;0,93319386
11,80529414;0,74618596
11,81029414;-0,37278542
11,81529414;-0,37278542
11,82029414;0,00000000
11,82529414;-0,55979329
11,83029414;0,00000000
11,83529414;-1,11958659
11,84029414;0,00000000
11,84529413;0,18639271
11,85029413;0,55979329
11,85529413;0,00000000
11,86029413;0,18639271
11,86529413;-0,37278542
11,87029413;-0,18639271
11,87529413;0,93319386
11,88029413;-0,74618596
11,88529413;-0,18639271
11,89029413;0,18639271
11,89529413;0,00000000
11,90029413;0,37278542
11,90529413;0,74618596
11,91029413;-0,74618596
11,91529413;-0,93319386
11,92029413;0,00000000
11,92529413;0,00000000
11,93029413;0,00000000
11,93529413;0,00000000
11,94029413;0,18639271
11,94529413;-0,37278542
11,95029413;0,55979329
11,95529413;0,55979329
11,96029413;-0,18639271
11,96529413;-0,37278542
11,97029413;0,55979329
11,97529413;0,18639271
11,98029413;0,55979329
11,98529413;0,18639271
11,99029413;0,00000000
11,99529413;-0,93319386
12,00029413;-0,18639271
12,00529413;-0,55979329
12,01029413;-0,37278542
12,01529413;0,55979329
12,02029413;0,18639271
12,02529413;0,37278542
12,03029413;0,00000000
12,03529413;0,00000000
12,04029413;-0,37278542
12,04529413;-0,18639271
12,05029413;-1,30659437
12,05529413;-0,18639271
12,06029413;0,55979329
12,06529413;0,74618596
12,07029413;0,55979329
12,07529413;0,00000000
12,08029413;0,93319386
12,08529413;0,18639271
12,09029413;-0,55979329
12,09529413;0,18639271
12,10029413;0,55979329
12,10529413;-0,18639271
12,11029413;-0,93319386
12,11529413;0,37278542
12,12029413;0,00000000
12,12529413;-0,37278542
12,13029413;0,18639271
12,13529413;-0,37278542
12,14029413;0,37278542
12,14529413;-0,93319386
12,15029413;0,55979329
12,15529413;0,55979329
12,16029413;1,11958659
12,16529413;-0,18639271
12,17029413;0,55979329
12,17529413;0,55979329
12,18029413;0,00000000
12,18529413;-0,37278542
12,19029413;-0,18639271
12,19529413;0,37278542
12,20029413;0,18639271
12,20529413;0,55979329
12,21029413;0,55979329
12,21529413;0,00000000
12,22029413;1,11958659
12,22529413;-2,05339551
12,23029413;-0,18639271
12,23529413;0,00000000
12,24029412;-0,37278542
12,24529412;0,18639271
12,25029412;0,00000000
12,25529412;-0,37278542
12,26029412;0,37278542
12,26529412;0,55979329
12,27029412;-0,74618596
12,27529412;0,37278542
12,28029412;0,00000000
12,28529412;0,18639271
12,29029412;-0,37278542
12,29529412;-0,37278542
12,30029412;0,18639271
12,30529412;0,00000000
12,31029412;0,74618596
12,31529412;0,18639271
12,32029412;0,55979329
12,32529412;-1,11958659
12,33029412;0,18639271
12,33529412;0,18639271
12,34029412;1,11958659
12,34529412;-0,18639271
12,35029412;-1,30659437
12,35529412;0,55979329
12,36029412;-0,37278542
12,36529412;-0,37278542
12,37029412;-0,37278542
12,37529412;0,18639271
12,38029412;0,55979329
12,38529412;-2,05339551
12,39029412;0,00000000
12,39529412;1,49298716
12,40029412;0,37278542
12,40529412;0,00000000
12,41029412;0,00000000
12,41529412;0,00000000
12,42029412;0,18639271
12,42529412;0,93319386
12,43029412;-0,55979329
12,43529412;-0,55979329
12,44029412;-0,18639271
12,44529412;-0,55979329
12,45029412;0,00000000
12,45529412;-1,11958659
12,46029412;-0,18639271
12,46529412;0,55979329
12,47029412;0,37278542
12,47529412;-0,37278542
12,48029412;0,18639271
12,48529412;-0,37278542
12,49029412;0,18639271
12,49529412;0,93319386
12,50029412;0,18639271
12,50529412;0,00000000
12,51029412;0,18639271
12,51529412;0,00000000
12,52029412;0,18639271
12,52529412;0,00000000
12,53029412;0,00000000
12,53529412;0,37278542
12,54029412;0,18639271
12,54529412;-0,18639271
12,55029412;0,00000000
12,55529412;0,18639271
12,56029412;0,00000000
12,56529412;0,93319386
12,57029412;-0,37278542
12,57529412;0,55979329
12,58029412;2,05339551
12,58529412;0,18639271
12,59029412;0,18639271
12,59529412;-2,05339551
12,60029412;0,18639271
12,60529412;0,37278542
12,61029412;-0,74618596
12,61529412;0,00000000
12,62029412;-0,37278542
12,62529412;0,55979329
12,63029412;0,18639271
12,63529411;0,00000000
12,64029411;-0,37278542
12,64529411;0,00000000
12,65029411;0,18639271
12,65529411;0,18639271
12,66029411;0,37278542
12,66529411;0,18639271
12,67029411;0,18639271
12,67529411;-0,55979329
12,68029411;-0,37278542
12,68529411;0,18639271
12,69029411;0,55979329
12,69529411;0,93319386
12,70029411;0,37278542
12,70529411;0,55979329
12,71029411;0,18639271
12,71529411;-0,37278542
12,72029411;0,00000000
12,72529411;0,18639271
12,73029411;0,00000000
12,73529411;0,18639271
12,74029411;0,55979329
12,74529411;-1,11958659
12,75029411;0,18639271
12,75529411;0,00000000
12,76029411;0,18639271
12,76529411;-0,37278542
12,77029411;-0,18639271
12,77529411;-0,18639271
12,78029411;-0,37278542
12,78529411;0,74618596
12,79029411;0,18639271
12,79529411;0,93319386
12,80029411;0,18639271
12,80529411;-1,67999494
12,81029411;-0,74618596
12,81529411;0,55979329
12,82029411;-1,11958659
12,82529411;0,18639271
12,83029411;0,00000000
12,83529411;0,55979329
12,84029411;2,23978829
12,84529411;0,00000000
12,85029411;0,18639271
12,85529411;0,37278542
12,86029411;-0,55979329
12,86529411;0,18639271
12,87029411;-0,18639271
12,87529411;0,00000000
12,88029411;0,37278542
12,88529411;0,00000000
12,89029411;0,18639271
12,89529411;-0,37278542
12,90029411;0,18639271
12,90529411;0,37278542
12,91029411;-0,18639271
12,91529411;1,11958659
12,92029411;0,00000000
12,92529411;0,18639271
12,93029411;-0,74618596
12,93529411;0,55979329
12,94029411;-0,37278542
12,94529411;0,00000000
12,95029411;0,55979329
12,95529411;0,18639271
12,96029411;-0,18639271
12,96529411;0,55979329
12,97029411;0,37278542
12,97529411;-0,18639271
12,98029411;0,93319386
12,98529411;-0,37278542
12,99029411;0,00000000
12,99529411;-0,37278542
13,00029411;0,93319386
13,00529411;0,18639271
13,01029411;0,74618596
13,01529411;0,00000000
13,02029411;0,00000000
13,02529411;-0,18639271
13,03029410;0,00000000
13,03529410;0,00000000
13,04029410;0,18639271
13,04529410;0,18639271
13,05029410;0,55979329
13,05529410;0,37278542
13,06029410;0,93319386
13,06529410;0,55979329
13,07029410;0,18639271
13,07529410;0,00000000
13,08029410;0,18639271
13,08529410;-0,74618596
13,09029410;0,18639271
13,09529410;0,55979329
13,10029410;0,00000000
13,10529410;0,37278542
13,11029410;-0,55979329
13,11529410;-0,18639271
13,12029410;0,18639271
13,12529410;0,55979329
13,13029410;0,00000000
13,13529410;-0,55979329
13,14029410;0,55979329
13,14529410;0,55979329
13,15029410;-2,05339551
13,15529410;0,00000000
13,16029410;0,00000000
13,16529410;0,18639271
13,17029410;0,18639271
13,17529410;0,00000000
13,18029410;0,00000000
13,18529410;0,93319386
13,19029410;0,74618596
13,19529410;1,86638772
13,20029410;-0,55979329
13,20529410;0,18639271
13,21029410;-0,18639271
13,21529410;0,18639271
13,22029410;-0,37278542
13,22529410;0,93319386
13,23029410;-0,37278542
13,23529410;0,00000000
13,24029410;0,00000000
13,24529410;-0,18639271
13,25029410;-0,55979329
13,25529410;0,55979329
13,26029410;0,18639271
13,26529410;-0,55979329
13,27029410;0,18639271
13,27529410;0,00000000
13,28029410;0,55979329
13,28529410;-0,18639271
13,29029410;-0,37278542
13,29529410;0,00000000
13,30029410;0,55979329
13,30529410;0,18639271
13,31029410;0,00000000
13,31529410;0,00000000
13,32029410;-0,18639271
13,32529410;-0,55979329
13,33029410;0,37278542
13,33529410;0,55979329
13,34029410;0,18639271
13,34529410;0,18639271
13,35029410;0,55979329
13,35529410;0,55979329
13,36029410;0,00000000
13,36529410;0,18639271
13,37029410;0,00000000
13,37529410;0,93319386
13,38029410;0,37278542
13,38529410;1,11958659
13,39029410;0,55979329
13,39529410;0,18639271
13,40029410;0,55979329
13,40529410;-0,37278542
13,41029410;0,00000000
13,41529410;0,55979329
13,42029410;-0,74618596
13,42529410;0,18639271
13,43029409;0,55979329
13,43529409;-0,18639271
13,44029409;-0,37278542
13,44529409;0,18639271
13,45029409;-0,55979329
13,45529409;0,18639271
13,46029409;0,55979329
13,46529409;0,37278542
13,47029409;0,18639271
13,47529409;0,18639271
13,48029409;-0,37278542
13,48529409;0,18639271
13,49029409;0,00000000
13,49529409;-0,37278542
13,50029409;-0,37278542
13,50529409;0,55979329
13,51029409;0,00000000
13,51529409;0,00000000
13,52029409;0,18639271
13,52529409;0,18639271
13,53029409;0,55979329
13,53529409;0,37278542
13,54029409;0,55979329
13,54529409;-0,37278542
13,55029409;0,37278542
13,55529409;-1,30659437
13,56029409;0,55979329
13,56529409;0,00000000
13,57029409;-0,18639271
13,57529409;0,74618596
13,58029409;0,37278542
13,58529409;0,93319386
13,59029409;-0,37278542
13,59529409;-1,11958659
13,60029409;0,37278542
13,60529409;0,37278542
13,61029409;-0,18639271
13,61529409;0,18639271
13,62029409;0,00000000
13,62529409;0,00000000
13,63029409;-0,74618596
13,63529409;0,18639271
13,64029409;0,55979329
13,64529409;0,18639271
13,65029409;-0,18639271
13,65529409;0,18639271
13,66029409;-0,37278542
13,66529409;-0,74618596
13,67029409;0,37278542
13,67529409;0,00000000
13,68029409;0,00000000
13,68529409;-0,18639271
13,69029409;0,18639271
13,69529409;0,00000000
13,70029409;0,18639271
13,70529409;0,55979329
13,71029409;-0,18639271
13,71529409;0,55979329
13,72029409;0,00000000
13,72529409;0,00000000
13,73029409;-0,37278542
13,73529409;-0,18639271
13,74029409;0,00000000
13,74529409;0,55979329
13,75029409;0,37278542
13,75529409;-0,37278542
13,76029409;0,55979329
13,76529409;0,00000000
13,77029409;0,00000000
13,77529409;-0,37278542
13,78029409;0,00000000
13,78529409;0,00000000
13,79029409;0,18639271
13,79529409;0,93319386
13,80029409;-0,37278542
13,80529409;0,18639271
13,81029409;-1,11958659
13,81529409;0,37278542
13,82029409;-0,37278542
13,82529408;0,00000000
13,83029408;0,18639271
13,83529408;0,37278542
13,84029408;0,18639271
13,84529408;-0,18639271
13,85029408;0,55979329
13,85529408;0,37278542
13,86029408;-0,18639271
13,86529408;-0,18639271
13,87029408;0,00000000
13,87529408;0,37278542
13,88029408;0,00000000
13,88529408;0,18639271
13,89029408;-0,18639271
13,89529408;0,18639271
13,90029408;-1,11958659
13,90529408;-0,18639271
13,91029408;0,18639271
13,91529408;0,55979329
13,92029408;-0,18639271
13,92529408;0,18639271
13,93029408;-1,11958659
13,93529408;0,00000000
13,94029408;0,00000000
13,94529408;-0,37278542
13,95029408;-0,18639271
13,95529408;0,37278542
13,96029408;0,00000000
13,96529408;0,93319386
13,97029408;-0,37278542
13,97529408;0,18639271
13,98029408;0,00000000
13,98529408;0,00000000
13,99029408;0,55979329
13,99529408;1,11958659
14,00029408;0,00000000
14,00529408;0,18639271
14,01029408;1,86638772
14,01529408;0,18639271
14,02029408;0,00000000
14,02529408;0,37278542
14,03029408;0,00000000
14,03529408;0,93319386
14,04029408;-0,18639271
14,04529408;-0,18639271
14,05029408;0,00000000
14,05529408;-0,37278542
14,06029408;0,00000000
14,06529408;0,55979329
14,07029408;0,93319386
14,07529408;0,00000000
14,08029408;-0,18639271
14,08529408;1,11958659
14,09029408;0,37278542
14,09529408;0,00000000
14,10029408;0,18639271
14,10529408;0,37278542
14,11029408;-0,37278542
14,11529408;1,11958659
14,12029408;-0,37278542
14,12529408;0,00000000
14,13029408;0,37278542
14,13529408;-0,74618596
14,14029408;0,93319386
14,14529408;0,18639271
14,15029408;1,49298716
14,15529408;0,55979329
14,16029408;-0,18639271
14,16529408;-0,37278542
14,17029408;-0,37278542
14,17529408;0,55979329
14,18029408;0,18639271
14,18529408;0,74618596
14,19029408;0,18639271
14,19529408;-0,18639271
14,20029408;-0,18639271
14,20529408;0,55979329
14,21029408;1,11958659
14,21529408;0,37278542
14,22029407;0,74618596
14,22529407;-0,18639271
14,23029407;0,18639271
14,23529407;0,00000000
14,24029407;-0,18639271
14,24529407;0,18639271
14,25029407;1,11958659
14,25529407;0,18639271
14,26029407;0,00000000
14,26529407;-0,74618596
14,27029407;0,00000000
14,27529407;0,74618596
14,28029407;0,18639271
14,28529407;0,55979329
14,29029407;-0,37278542
14,29529407;0,00000000
14,30029407;-0,18639271
14,30529407;-0,18639271
14,31029407;0,18639271
14,31529407;0,18639271
14,32029407;0,18639271
14,32529407;0,00000000
14,33029407;-0,37278542
14,33529407;0,93319386
14,34029407;0,93319386
14,34529407;-0,37278542
14,35029407;-0,37278542
14,35529407;0,93319386
14,36029407;0,37278542
14,36529407;0,93319386
14,37029407;0,00000000
14,37529407;-0,18639271
14,38029407;0,18639271
14,38529407;-1,67999494
14,39029407;-1,11958659
14,39529407;1,49298716
14,40029407;0,93319386
14,40529407;-0,37278542
14,41029407;0,37278542
14,41529407;0,00000000
14,42029407;0,18639271
14,42529407;0,55979329
14,43029407;0,93319386
14,43529407;0,00000000
14,44029407;1,11958659
14,44529407;0,18639271
14,45029407;0,00000000
14,45529407;0,18639271
14,46029407;0,18639271
14,46529407;0,18639271
14,47029407;0,00000000
14,47529407;0,00000000
14,48029407;0,93319386
14,48529407;0,18639271
14,49029407;0,37278542
14,49529407;0,55979329
14,50029407;-0,74618596
14,50529407;0,00000000
14,51029407;0,37278542
14,51529407;-0,18639271
14,52029407;-0,55979329
14,52529407;-0,37278542
14,53029407;0,18639271
14,53529407;0,55979329
14,54029407;-0,37278542
14,54529407;0,18639271
14,55029407;0,37278542
14,55529407;-0,18639271
14,56029407;-0,55979329
14,56529407;0,00000000
14,57029407;0,55979329
14,57529407;0,18639271
14,58029407;0,00000000
14,58529407;0,37278542
14,59029407;0,00000000
14,59529407;-0,18639271
14,60029407;1,49298716
14,60529407;0,00000000
14,61029407;1,11958659
14,61529406;-0,18639271
14,62029406;0,18639271
14,62529406;-0,37278542
14,63029406;0,18639271
14,63529406;0,93319386
14,64029406;0,00000000
14,64529406;0,55979329
14,65029406;-0,37278542
14,65529406;0,55979329
14,66029406;-0,74618596
14,66529406;-0,18639271
14,67029406;0,00000000
14,67529406;0,00000000
14,68029406;0,18639271
14,68529406;0,00000000
14,69029406;0,18639271
14,69529406;0,18639271
14,70029406;0,18639271
14,70529406;0,00000000
14,71029406;0,93319386
14,71529406;0,93319386
14,72029406;-0,18639271
14,72529406;0,55979329
14,73029406;0,18639271
14,73529406;0,18639271
14,74029406;0,18639271
14,74529406;0,37278542
14,75029406;0,37278542
14,75529406;-0,37278542
14,76029406;0,37278542
14,76529406;0,55979329
14,77029406;0,18639271
14,77529406;0,37278542
14,78029406;0,18639271
14,78529406;0,37278542
14,79029406;1,11958659
14,79529406;0,18639271
14,80029406;0,37278542
14,80529406;0,00000000
14,81029406;0,93319386
14,81529406;0,37278542
14,82029406;-0,37278542
14,82529406;0,74618596
14,83029406;0,18639271
14,83529406;0,93319386
14,84029406;0,55979329
14,84529406;0,37278542
14,85029406;-0,18639271
14,85529406;0,18639271
14,86029406;0,00000000
14,86529406;1,86638772
14,87029406;0,00000000
14,87529406;0,37278542
14,88029406;-0,74618596
14,88529406;-0,18639271
14,89029406;-0,37278542
14,89529406;0,18639271
14,90029406;-0,37278542
14,90529406;0,18639271
14,91029406;1,11958659
14,91529406;0,55979329
14,92029406;0,00000000
14,92529406;-0,18639271
14,93029406;0,18639271
14,93529406;-0,18639271
14,94029406;-0,37278542
14,94529406;0,18639271
14,95029406;-0,37278542
14,95529406;0,37278542
14,96029406;0,00000000
14,96529406;-0,37278542
14,97029406;-2,61318874
14,97529406;0,18639271
14,98029406;-0,55979329
14,98529406;-0,37278542
14,99029406;-0,37278542
14,99529406;1,86638772
15,00029406;0,00000000
15,00529406;0,18639271
15,01029405;1,11958659
15,01529405;0,00000000
15,02029405;0,18639271
15,02529405;-1,30659437
15,03029405;0,18639271
15,03529405;-0,55979329
15,04029405;0,00000000
15,04529405;0,00000000
15,05029405;0,18639271
15,05529405;0,00000000
15,06029405;0,55979329
15,06529405;0,55979329
15,07029405;0,00000000
15,07529405;-0,55979329
15,08029405;-0,18639271
15,08529405;0,18639271
15,09029405;0,93319386
15,09529405;0,74618596
15,10029405;0,37278542
15,10529405;0,00000000
15,11029405;0,37278542
15,11529405;0,18639271
15,12029405;-0,74618596
15,12529405;0,55979329
15,13029405;0,18639271
15,13529405;-0,74618596
15,14029405;0,55979329
15,14529405;-0,37278542
15,15029405;-0,37278542
15,15529405;-0,18639271
15,16029405;0,18639271
15,16529405;0,00000000
15,17029405;0,55979329
15,17529405;-0,37278542
15,18029405;0,18639271
15,18529405;0,93319386
15,19029405;-0,18639271
15,19529405;-0,74618596
15,20029405;0,37278542
15,20529405;0,00000000
15,21029405;0,74618596
15,21529405;-0,37278542
15,22029405;0,37278542
15,22529405;-1,11958659
15,23029405;0,00000000
15,23529405;0,00000000
15,24029405;0,00000000
15,24529405;0,00000000
15,25029405;0,37278542
15,25529405;0,74618596
15,26029405;-0,18639271
15,26529405;0,37278542
15,27029405;0,55979329
15,27529405;0,18639271
15,28029405;0,00000000
15,28529405;0,00000000
15,29029405;0,00000000
15,29529405;0,37278542
15,30029405;0,00000000
15,30529405;-0,93319386
15,31029405;0,18639271
15,31529405;-0,18639271
15,32029405;0,18639271
15,32529405;0,18639271
15,33029405;0,18639271
15,33529405;0,18639271
15,34029405;0,00000000
15,34529405;0,00000000
15,35029405;0,18639271
15,35529405;0,55979329
15,36029405;0,18639271
15,36529405;-0,37278542
15,37029405;-0,37278542
15,37529405;0,00000000
15,38029405;-0,18639271
15,38529405;-0,74618596
15,39029405;-0,74618596
15,39529405;-1,11958659
15,40029405;0,55979329
15,40529404;0,00000000
15,41029404;-2,05339551
15,41529404;0,18639271
15,42029404;-0,18639271
15,42529404;0,00000000
15,43029404;0,00000000
15,43529404;0,55979329
15,44029404;0,37278542
15,44529404;0,18639271
15,45029404;-0,37278542
15,45529404;0,37278542
15,46029404;-0,55979329
15,46529404;0,18639271
15,47029404;0,37278542
15,47529404;0,00000000
15,48029404;0,93319386
15,48529404;1,86638772
15,49029404;0,37278542
15,49529404;0,18639271
15,50029404;0,55979329
15,50529404;0,18639271
15,51029404;0,55979329
15,51529404;-0,18639271
15,52029404;0,18639271
15,52529404;0,00000000
15,53029404;0,18639271
15,53529404;0,93319386
15,54029404;0,74618596
15,54529404;0,18639271
15,55029404;-0,55979329
15,55529404;-0,37278542
15,56029404;0,74618596
15,56529404;0,18639271
15,57029404;0,55979329
15,57529404;0,18639271
15,58029404;0,18639271
15,58529404;0,00000000
15,59029404;-0,18639271
15,59529404;0,00000000
15,60029404;-0,37278542
15,60529404;0,37278542
15,61029404;0,00000000
15,61529404;-1,30659437
15,62029404;0,37278542
15,62529404;1,11958659
15,63029404;0,55979329
15,63529404;-0,18639271
15,64029404;-0,74618596
15,64529404;-0,18639271
15,65029404;0,37278542
15,65529404;0,18639271
15,66029404;0,37278542
15,66529404;0,00000000
15,67029404;0,00000000
15,67529404;0,00000000
15,68029404;-0,55979329
15,68529404;-0,37278542
15,69029404;0,18639271
15,69529404;0,93319386
15,70029404;-0,37278542
15,70529404;1,11958659
15,71029404;0,00000000
15,71529404;0,00000000
15,72029404;0,00000000
15,72529404;-0,37278542
15,73029404;0,00000000
15,73529404;0,00000000
15,74029404;-0,37278542
15,74529404;-0,37278542
15,75029404;0,00000000
15,75529404;0,93319386
15,76029404;0,55979329
15,76529404;-0,18639271
15,77029404;-0,18639271
15,77529404;0,37278542
15,78029404;0,00000000
15,78529404;-0,37278542
15,79029404;0,00000000
15,79529404;0,55979329
15,80029404;-0,74618596
15,80529403;-0,37278542
15,81029403;-1,30659437
15,81529403;-0,55979329
15,82029403;-0,55979329
15,82529403;0,00000000
15,83029403;-0,18639271
15,83529403;0,55979329
15,84029403;-0,55979329
15,84529403;-0,37278542
15,85029403;-3,17359710
15,85529403;0,00000000
15,86029403;0,00000000
15,86529403;0,18639271
15,87029403;0,18639271
15,87529403;0,18639271
15,88029403;-0,18639271
15,88529403;0,55979329
15,89029403;-0,18639271
15,89529403;-0,37278542
15,90029403;0,00000000
15,90529403;0,37278542
15,91029403;-0,18639271
15,91529403;-0,37278542
15,92029403;-0,18639271
15,92529403;0,18639271
15,93029403;-0,37278542
15,93529403;0,18639271
15,94029403;-0,37278542
15,94529403;0,93319386
15,95029403;0,55979329
15,95529403;-1,30659437
15,96029403;0,55979329
15,96529403;0,18639271
15,97029403;-0,55979329
15,97529403;0,55979329
15,98029403;-0,18639271
15,98529403;1,30659437
15,99029403;-0,18639271
15,99529403;-0,74618596
16,00029403;0,74618596
16,00529403;-0,37278542
16,01029403;-0,55979329
16,01529403;-0,55979329
16,02029403;0,55979329
16,02529403;-0,18639271
16,03029403;0,55979329
16,03529403;0,00000000
16,04029403;-0,74618596
16,04529403;-0,18639271
16,05029403;0,00000000
16,05529403;-0,37278542
16,06029403;0,00000000
16,06529403;-0,37278542
16,07029403;-0,18639271
16,07529403;0,18639271
16,08029403;0,37278542
16,08529403;-0,37278542
16,09029403;0,18639271
16,09529403;0,55979329
16,10029403;0,37278542
16,10529403;0,37278542
16,11029403;-0,74618596
16,11529403;0,00000000
16,12029403;-0,37278542
16,12529403;0,00000000
16,13029403;0,93319386
16,13529403;-0,37278542
16,14029403;0,18639271
16,14529403;0,18639271
16,15029403;0,18639271
16,15529403;-0,37278542
16,16029403;0,37278542
16,16529403;-0,37278542
16,17029403;0,18639271
16,17529403;0,18639271
16,18029403;0,55979329
16,18529403;0,00000000
16,19029403;0,00000000
16,19529403;-0,37278542
16,20029402;1,11958659
16,20529402;0,00000000
16,21029402;-0,74618596
16,21529402;0,00000000
16,22029402;0,37278542
16,22529402;-0,18639271
16,23029402;0,37278542
16,23529402;0,55979329
16,24029402;-0,18639271
16,24529402;-0,74618596
16,25029402;1,11958659
16,25529402;0,37278542
16,26029402;0,55979329
16,26529402;0,55979329
16,27029402;0,00000000
16,27529402;0,18639271
16,28029402;0,00000000
16,28529402;0,37278542
16,29029402;-0,93319386
16,29529402;0,00000000
16,30029402;0,55979329
16,30529402;1,11958659
16,31029402;0,55979329
16,31529402;0,00000000
16,32029402;0,37278542
16,32529402;0,00000000
16,33029402;0,18639271
16,33529402;0,18639271
16,34029402;-0,37278542
16,34529402;-0,37278542
16,35029402;0,18639271
16,35529402;0,18639271
16,36029402;0,18639271
16,36529402;0,00000000
16,37029402;0,18639271
16,37529402;-0,55979329
16,38029402;0,00000000
16,38529402;0,00000000
16,39029402;-0,18639271
16,39529402;-0,37278542
16,40029402;0,18639271
16,40529402;0,00000000
16,41029402;0,55979329
16,41529402;0,93319386
16,42029402;0,00000000
16,42529402;0,93319386
16,43029402;0,00000000
16,43529402;0,18639271
16,44029402;0,00000000
16,44529402;0,00000000
16,45029402;-0,37278542
16,45529402;0,18639271
16,46029402;-0,74618596
16,46529402;0,18639271
16,47029402;0,18639271
16,47529402;-0,18639271
16,48029402;0,74618596
16,48529402;0,18639271
16,49029402;0,00000000
16,49529402;0,37278542
16,50029402;0,55979329
16,50529402;1,11958659
16,51029402;0,74618596
16,51529402;0,18639271
16,52029402;-0,18639271
16,52529402;0,18639271
16,53029402;-0,18639271
16,53529402;0,18639271
16,54029402;0,18639271
16,54529402;0,93319386
16,55029402;0,18639271
16,55529402;0,18639271
16,56029402;-0,37278542
16,56529402;0,18639271
16,57029402;0,18639271
16,57529402;0,18639271
16,58029402;0,18639271
16,58529402;-0,93319386
16,59029402;0,18639271
16,59529401;-0,37278542
16,60029401;0,18639271
16,60529401;0,00000000
16,61029401;2,42679620
16,61529401;1,49298716
16,62029401;0,55979329
16,62529401;-1,11958659
16,63029401;-0,55979329
16,63529401;-0,18639271
16,64029401;0,74618596
16,64529401;0,37278542
16,65029401;-0,37278542
16,65529401;0,00000000
16,66029401;0,00000000
16,66529401;-0,37278542
16,67029401;0,00000000
16,67529401;-1,67999494
16,68029401;0,37278542
16,68529401;0,18639271
16,69029401;0,55979329
16,69529401;0,55979329
16,70029401;0,18639271
16,70529401;0,55979329
16,71029401;0,37278542
16,71529401;0,18639271
16,72029401;-0,55979329
16,72529401;0,37278542
16,73029401;-0,37278542
16,73529401;0,18639271
16,74029401;0,00000000
16,74529401;0,18639271
16,75029401;0,00000000
16,75529401;0,00000000
16,76029401;0,37278542
16,76529401;0,00000000
16,77029401;1,11958659
16,77529401;-0,37278542
16,78029401;0,55979329
16,78529401;0,55979329
16,79029401;0,18639271
16,79529401;0,18639271
16,80029401;0,55979329
16,80529401;0,55979329
16,81029401;0,00000000
16,81529401;0,18639271
16,82029401;-0,37278542
16,82529401;0,37278542
16,83029401;0,00000000
16,83529401;0,00000000
16,84029401;0,00000000
16,84529401;-0,18639271
16,85029401;0,18639271
16,85529401;0,00000000
16,86029401;-0,37278542
16,86529401;0,00000000
16,87029401;-0,37278542
16,87529401;0,00000000
16,88029401;0,55979329
16,88529401;-0,74618596
16,89029401;0,18639271
16,89529401;0,55979329
16,90029401;-0,55979329
16,90529401;0,00000000
16,91029401;-2,61318874
16,91529401;0,55979329
16,92029401;-0,55979329
16,92529401;0,00000000
16,93029401;0,00000000
16,93529401;0,00000000
16,94029401;0,00000000
16,94529401;0,55979329
16,95029401;0,55979329
16,95529401;0,18639271
16,96029401;0,18639271
16,96529401;0,93319386
16,97029401;0,18639271
16,97529401;0,55979329
16,98029401;0,18639271
16,98529401;0,37278542
16,99029400;0,55979329
16,99529400;-0,37278542
17,00029400;0,93319386
17,00529400;0,00000000
17,01029400;0,18639271
17,01529400;0,55979329
17,02029400;-0,18639271
17,02529400;1,49298716
17,03029400;0,18639271
17,03529400;-0,74618596
17,04029400;-0,74618596
17,04529400;1,30659437
17,05029400;-0,93319386
17,05529400;-0,37278542
17,06029400;0,18639271
17,06529400;0,55979329
17,07029400;0,55979329
17,07529400;0,18639271
17,08029400;0,37278542
17,08529400;0,55979329
17,09029400;0,00000000
17,09529400;0,18639271
17,10029400;0,00000000
17,10529400;0,18639271
17,11029400;-0,18639271
17,11529400;0,00000000
17,12029400;0,18639271
17,12529400;1,11958659
17,13029400;0,37278542
17,13529400;0,00000000
17,14029400;0,55979329
17,14529400;0,00000000
17,15029400;0,37278542
17,15529400;-0,18639271
17,16029400;-0,18639271
17,16529400;0,74618596
17,17029400;0,00000000
17,17529400;0,00000000
17,18029400;0,00000000
17,18529400;0,00000000
17,19029400;-0,18639271
17,19529400;0,55979329
17,20029400;-0,37278542
17,20529400;0,00000000
17,21029400;-0,74618596
17,21529400;0,18639271
17,22029400;-0,55979329
17,22529400;0,37278542
17,23029400;0,18639271
17,23529400;0,00000000
17,24029400;0,18639271
17,24529400;0,93319386
17,25029400;0,00000000
17,25529400;0,00000000
17,26029400;0,93319386
17,26529400;0,18639271
17,27029400;0,55979329
17,27529400;0,18639271
17,28029400;-0,18639271
17,28529400;0,18639271
17,29029400;-0,37278542
17,29529400;0,00000000
17,30029400;0,55979329
17,30529400;0,18639271
17,31029400;0,18639271
17,31529400;0,00000000
17,32029400;0,37278542
17,32529400;-0,37278542
17,33029400;-0,55979329
17,33529400;-0,55979329
17,34029400;0,18639271
17,34529400;0,55979329
17,35029400;0,55979329
17,35529400;1,11958659
17,36029400;0,55979329
17,36529400;0,55979329
17,37029400;0,74618596
17,37529400;0,00000000
17,38029400;-0,37278542
17,38529399;0,00000000
17,39029399;0,37278542
17,39529399;0,18639271
17,40029399;0,55979329
17,40529399;0,18639271
17,41029399;-0,18639271
17,41529399;0,00000000
17,42029399;0,37278542
17,42529399;-0,55979329
17,43029399;0,00000000
17,43529399;-0,18639271
17,44029399;0,18639271
17,44529399;0,00000000
17,45029399;-0,18639271
17,45529399;-1,30659437
17,46029399;0,18639271
17,46529399;-0,18639271
17,47029399;0,55979329
17,47529399;0,00000000
17,48029399;0,00000000
17,48529399;0,00000000
17,49029399;0,00000000
17,49529399;-0,55979329
17,50029399;0,18639271
17,50529399;0,55979329
17,51029399;0,00000000
17,51529399;0,18639271
17,52029399;-0,74618596
17,52529399;-0,18639271
17,53029399;0,55979329
17,53529399;0,00000000
17,54029399;-0,18639271
17,54529399;-0,37278542
17,55029399;-1,11958659
17,55529399;0,55979329
17,56029399;0,00000000
17,56529399;0,74618596
17,57029399;-0,55979329
17,57529399;-0,18639271
17,58029399;0,18639271
17,58529399;-0,18639271
17,59029399;-0,37278542
17,59529399;0,00000000
17,60029399;0,37278542
17,60529399;0,00000000
17,61029399;-0,37278542
17,61529399;0,18639271
17,62029399;0,18639271
17,62529399;0,55979329
17,63029399;-0,18639271
17,63529399;-0,18639271
17,64029399;-0,74618596
17,64529399;-0,18639271
17,65029399;0,18639271
17,65529399;-0,37278542
17,66029399;-0,37278542
17,66529399;0,00000000
17,67029399;0,18639271
17,67529399;0,55979329
17,68029399;0,18639271
17,68529399;0,74618596
17,69029399;0,18639271
17,69529399;0,55979329
17,70029399;0,18639271
17,70529399;0,00000000
17,71029399;-0,93319386
17,71529399;-0,37278542
17,72029399;0,00000000
17,72529399;0,00000000
17,73029399;0,18639271
17,73529399;-0,18639271
17,74029399;0,18639271
17,74529399;0,18639271
17,75029399;0,00000000
17,75529399;0,00000000
17,76029399;0,18639271
17,76529399;0,00000000
17,77029399;0,55979329
17,77529399;-0,37278542
17,78029398;-0,55979329
17,78529398;0,00000000
17,79029398;0,18639271
17,79529398;0,18639271
17,80029398;0,00000000
17,80529398;1,49298716
17,81029398;-0,18639271
17,81529398;0,74618596
17,82029398;-1,67999494
17,82529398;0,55979329
17,83029398;0,37278542
17,83529398;-0,18639271
17,84029398;-0,74618596
17,84529398;0,37278542
17,85029398;-0,37278542
17,85529398;-1,11958659
17,86029398;-0,37278542
17,86529398;0,00000000
17,87029398;-0,55979329
17,87529398;0,18639271
17,88029398;0,00000000
17,88529398;0,00000000
17,89029398;0,00000000
17,89529398;0,00000000
17,90029398;0,18639271
17,90529398;0,00000000
17,91029398;0,74618596
17,91529398;0,18639271
17,92029398;0,00000000
17,92529398;-0,18639271
17,93029398;-0,18639271
17,93529398;-0,18639271
17,94029398;0,37278542
17,94529398;0,18639271
17,95029398;0,18639271
17,95529398;0,55979329
17,96029398;0,55979329
17,96529398;0,18639271
17,97029398;0,00000000
17,97529398;-0,55979329
17,98029398;0,55979329
17,98529398;-0,37278542
17,99029398;1,11958659
17,99529398;-0,37278542
18,00029398;0,37278542
18,00529398;0,00000000
18,01029398;0,18639271
18,01529398;0,55979329
18,02029398;0,00000000
18,02529398;-0,93319386
18,03029398;0,55979329
18,03529398;-0,74618596
18,04029398;-0,74618596
18,04529398;0,00000000
18,05029398;0,00000000
18,05529398;-0,37278542
18,06029398;-0,74618596
18,06529398;0,18639271
18,07029398;2,80019665
18,07529398;0,00000000
18,08029398;0,55979329
18,08529398;0,18639271
18,09029398;-1,86638772
18,09529398;0,18639271
18,10029398;0,00000000
18,10529398;0,00000000
18,11029398;0,00000000
18,11529398;-0,18639271
18,12029398;0,00000000
18,12529398;0,37278542
18,13029398;-0,55979329
18,13529398;0,18639271
18,14029398;0,18639271
18,14529398;-0,74618596
18,15029398;0,18639271
18,15529398;0,18639271
18,16029398;-0,18639271
18,16529398;0,00000000
18,17029398;-0,55979329
18,17529398;0,00000000
18,18029397;-0,37278542
18,18529397;0,00000000
18,19029397;-0,93319386
18,19529397;0,37278542
18,20029397;-0,55979329
18,20529397;0,00000000
18,21029397;-0,37278542
18,21529397;0,00000000
18,22029397;-0,18639271
18,22529397;1,67999494
18,23029397;-0,37278542
18,23529397;-0,18639271
18,24029397;0,00000000
18,24529397;0,55979329
18,25029397;0,18639271
18,25529397;0,18639271
18,26029397;0,37278542
18,26529397;-0,55979329
18,27029397;-0,37278542
18,27529397;0,00000000
18,28029397;0,18639271
18,28529397;0,18639271
18,29029397;-0,55979329
18,29529397;-0,37278542
18,30029397;0,18639271
18,30529397;-0,18639271
18,31029397;-0,18639271
18,31529397;0,00000000
18,32029397;-0,74618596
18,32529397;0,37278542
18,33029397;0,00000000
18,33529397;0,37278542
18,34029397;-0,37278542
18,34529397;0,18639271
18,35029397;-0,18639271
18,35529397;-0,37278542
18,36029397;0,37278542
18,36529397;0,00000000
18,37029397;0,55979329
18,37529397;0,37278542
18,38029397;0,18639271
18,38529397;-0,74618596
18,39029397;0,74618596
18,39529397;-0,18639271
18,40029397;0,18639271
18,40529397;0,18639271
18,41029397;0,93319386
18,41529397;-0,37278542
18,42029397;0,55979329
18,42529397;0,93319386
18,43029397;0,93319386
18,43529397;-0,37278542
18,44029397;-0,74618596
18,44529397;0,00000000
18,45029397;0,00000000
18,45529397;0,18639271
18,46029397;-0,37278542
18,46529397;0,00000000
18,47029397;0,18639271
18,47529397;0,00000000
18,48029397;0,18639271
18,48529397;0,18639271
18,49029397;-0,18639271
18,49529397;0,18639271
18,50029397;0,00000000
18,50529397;0,55979329
18,51029397;-0,18639271
18,51529397;-0,37278542
18,52029397;-1,49298716
18,52529397;0,18639271
18,53029397;-0,18639271
18,53529397;1,11958659
18,54029397;0,00000000
18,54529397;-0,37278542
18,55029397;0,00000000
18,55529397;0,00000000
18,56029397;-0,18639271
18,56529397;0,55979329
18,57029397;-1,49298716
18,57529396;0,55979329
18,58029396;0,00000000
18,58529396;-0,18639271
18,59029396;0,93319386
18,59529396;0,00000000
18,60029396;-0,37278542
18,60529396;0,00000000
18,61029396;-0,37278542
18,61529396;-0,37278542
18,62029396;0,00000000
18,62529396;0,93319386
18,63029396;-0,55979329
18,63529396;0,55979329
18,64029396;-0,37278542
18,64529396;-0,37278542
18,65029396;0,37278542
18,65529396;-0,37278542
18,66029396;0,55979329
18,66529396;0,55979329
18,67029396;0,55979329
18,67529396;-0,18639271
18,68029396;-0,37278542
18,68529396;0,00000000
18,69029396;0,00000000
18,69529396;0,00000000
18,70029396;0,55979329
18,70529396;-0,37278542
18,71029396;0,00000000
18,71529396;0,00000000
18,72029396;1,11958659
18,72529396;0,18639271
18,73029396;0,00000000
18,73529396;0,55979329
18,74029396;0,00000000
18,74529396;0,00000000
18,75029396;0,00000000
18,75529396;0,18639271
18,76029396;0,37278542
18,76529396;0,55979329
18,77029396;-0,18639271
18,77529396;0,18639271
18,78029396;0,00000000
18,78529396;-0,18639271
18,79029396;0,55979329
18,79529396;0,18639271
18,80029396;0,00000000
18,80529396;0,00000000
18,81029396;0,18639271
18,81529396;0,00000000
18,82029396;-0,18639271
18,82529396;-0,93319386
18,83029396;0,18639271
18,83529396;0,00000000
18,84029396;0,18639271
18,84529396;0,55979329
18,85029396;-0,37278542
18,85529396;0,18639271
18,86029396;-0,37278542
18,86529396;0,37278542
18,87029396;-0,18639271
18,87529396;0,18639271
18,88029396;0,00000000
18,88529396;0,18639271
18,89029396;0,55979329
18,89529396;-0,93319386
18,90029396;0,00000000
18,90529396;1,11958659
18,91029396;0,18639271
18,91529396;-0,37278542
18,92029396;0,55979329
18,92529396;0,00000000
18,93029396;0,00000000
18,93529396;0,37278542
18,94029396;0,55979329
18,94529396;0,00000000
18,95029396;0,55979329
18,95529396;-0,74618596
18,96029396;-0,37278542
18,96529396;0,18639271
18,97029395;0,18639271
18,97529395;-1,67999494
18,98029395;0,00000000
18,98529395;0,37278542
18,99029395;1,11958659
18,99529395;0,55979329
19,00029395;0,00000000
19,00529395;0,55979329
19,01029395;-0,18639271
19,01529395;0,18639271
19,02029395;0,37278542
19,02529395;0,00000000
19,03029395;-0,18639271
19,03529395;0,55979329
19,04029395;-0,93319386
19,04529395;0,18639271
19,05029395;0,55979329
19,05529395;0,00000000
19,06029395;0,00000000
19,06529395;0,00000000
19,07029395;0,37278542
19,07529395;-0,18639271
19,08029395;-0,74618596
19,08529395;0,00000000
19,09029395;-0,37278542
19,09529395;-0,18639271
19,10029395;0,18639271
19,10529395;0,18639271
19,11029395;0,18639271
19,11529395;-1,86638772
19,12029395;-0,18639271
19,12529395;0,18639271
19,13029395;0,00000000
19,13529395;-0,37278542
19,14029395;0,37278542
19,14529395;0,18639271
19,15029395;0,18639271
19,15529395;0,55979329
19,16029395;-0,93319386
19,16529395;0,00000000
19,17029395;0,18639271
19,17529395;-0,18639271
19,18029395;0,55979329
19,18529395;0,55979329
19,19029395;-0,37278542
19,19529395;0,18639271
19,20029395;-0,37278542
19,20529395;0,00000000
19,21029395;-0,55979329
19,21529395;0,18639271
19,22029395;0,55979329
19,22529395;-1,49298716
19,23029395;0,18639271
19,23529395;0,00000000
19,24029395;-1,11958659
19,24529395;0,74618596
19,25029395;-0,37278542
19,25529395;0,74618596
19,26029395;0,00000000
19,26529395;0,00000000
19,27029395;0,18639271
19,27529395;0,37278542
19,28029395;0,00000000
19,28529395;0,00000000
19,29029395;-0,18639271
19,29529395;1,11958659
19,30029395;0,18639271
19,30529395;0,00000000
19,31029395;0,00000000
19,31529395;-0,74618596
19,32029395;0,00000000
19,32529395;0,18639271
19,33029395;-0,37278542
19,33529395;0,00000000
19,34029395;-0,37278542
19,34529395;0,00000000
19,35029395;-0,37278542
19,35529395;0,18639271
19,36029395;-0,18639271
19,36529394;-0,37278542
19,37029394;0,55979329
19,37529394;-0,37278542
19,38029394;0,93319386
19,38529394;0,55979329
19,39029394;0,18639271
19,39529394;-0,18639271
19,40029394;-0,55979329
19,40529394;1,11958659
19,41029394;0,55979329
19,41529394;-2,23978829
19,42029394;0,37278542
19,42529394;0,00000000
19,43029394;0,37278542
19,43529394;-0,74618596
19,44029394;0,37278542
19,44529394;0,00000000
19,45029394;0,00000000
19,45529394;0,55979329
19,46029394;0,18639271
19,46529394;0,18639271
19,47029394;0,00000000
19,47529394;0,00000000
19,48029394;0,37278542
19,48529394;0,55979329
19,49029394;-0,18639271
19,49529394;0,00000000
19,50029394;0,55979329
19,50529394;-0,18639271
19,51029394;-0,55979329
19,51529394;-0,37278542
19,52029394;0,55979329
19,52529394;0,55979329
19,53029394;0,00000000
19,53529394;0,00000000
19,54029394;0,55979329
19,54529394;0,00000000
19,55029394;0,74618596
19,55529394;0,18639271
19,56029394;0,18639271
19,56529394;-0,18639271
19,57029394;0,00000000
19,57529394;0,18639271
19,58029394;0,37278542
19,58529394;0,18639271
19,59029394;0,18639271
19,59529394;-0,37278542
19,60029394;0,18639271
19,60529394;-0,18639271
19,61029394;-0,37278542
19,61529394;0,18639271
19,62029394;0,00000000
19,62529394;0,55979329
19,63029394;-0,74618596
19,63529394;0,18639271
19,64029394;-0,37278542
19,64529394;-0,55979329
19,65029394;-0,37278542
19,65529394;0,00000000
19,66029394;-0,18639271
19,66529394;0,18639271
19,67029394;-0,37278542
19,67529394;0,00000000
19,68029394;-0,18639271
19,68529394;-0,18639271
19,69029394;-0,37278542
19,69529394;0,00000000
19,70029394;-0,74618596
19,70529394;0,00000000
19,71029394;0,18639271
19,71529394;0,00000000
19,72029394;-0,55979329
19,72529394;0,55979329
19,73029394;0,93319386
19,73529394;0,18639271
19,74029394;0,00000000
19,74529394;0,00000000
19,75029394;0,18639271
19,75529394;0,18639271
19,76029393;-0,18639271
19,76529393;0,00000000
19,77029393;0,18639271
19,77529393;0,00000000
19,78029393;0,00000000
19,78529393;-0,37278542
19,79029393;0,93319386
19,79529393;-0,37278542
19,80029393;0,18639271
19,80529393;0,18639271
19,81029393;0,18639271
19,81529393;-0,37278542
19,82029393;0,93319386
19,82529393;0,55979329
19,83029393;0,93319386
19,83529393;0,00000000
19,84029393;0,37278542
19,84529393;0,18639271
19,85029393;0,18639271
19,85529393;-0,37278542
19,86029393;0,00000000
19,86529393;0,18639271
19,87029393;0,00000000
19,87529393;0,55979329
19,88029393;-0,18639271
19,88529393;0,37278542
19,89029393;0,37278542
19,89529393;0,37278542
19,90029393;-0,93319386
19,90529393;2,80019665
19,91029393;0,18639271
19,91529393;0,37278542
19,92029393;0,18639271
19,92529393;0,55979329
19,93029393;0,00000000
19,93529393;0,18639271
19,94029393;-0,55979329
19,94529393;-0,37278542
19,95029393;0,18639271
19,95529393;0,55979329
19,96029393;-0,18639271
19,96529393;0,18639271
19,97029393;0,37278542
19,97529393;0,18639271
19,98029393;-0,37278542
19,98529393;0,18639271
19,99029393;0,00000000
19,99529393;-1,11958659
20,00029393;0,37278542
20,00529393;0,00000000
20,01029393;-0,55979329
20,01529393;-0,93319386
20,02029393;0,55979329
20,02529393;1,67999494
20,03029393;0,00000000
20,03529393;-0,37278542
20,04029393;0,00000000
20,04529393;0,37278542
20,05029393;0,00000000
20,05529393;0,93319386
20,06029393;0,00000000
20,06529393;0,00000000
20,07029393;0,00000000
20,07529393;0,00000000
20,08029393;-0,18639271
20,08529393;0,00000000
20,09029393;-0,18639271
20,09529393;0,37278542
20,10029393;0,18639271
20,10529393;0,00000000
20,11029393;0,18639271
20,11529393;-0,37278542
20,12029393;0,00000000
20,12529393;0,55979329
20,13029393;0,18639271
20,13529393;0,37278542
20,14029393;0,74618596
20,14529393;0,18639271
20,15029393;0,37278542
20,15529392;0,18639271
20,16029392;-0,37278542
20,16529392;0,00000000
20,17029392;0,74618596
20,17529392;0,93319386
20,18029392;0,55979329
20,18529392;0,18639271
20,19029392;0,00000000
20,19529392;-0,18639271
20,20029392;-0,18639271
20,20529392;0,00000000
20,21029392;0,00000000
20,21529392;0,18639271
20,22029392;0,18639271
20,22529392;0,74618596
20,23029392;-1,11958659
20,23529392;0,00000000
20,24029392;0,00000000
20,24529392;0,00000000
20,25029392;-0,37278542
20,25529392;0,00000000
20,26029392;0,18639271
20,26529392;0,37278542
20,27029392;-0,18639271
20,27529392;0,93319386
20,28029392;0,00000000
20,28529392;0,55979329
20,29029392;0,37278542
20,29529392;0,55979329
20,30029392;0,00000000
20,30529392;0,55979329
20,31029392;0,18639271
20,31529392;-0,18639271
20,32029392;-0,18639271
20,32529392;0,18639271
20,33029392;-0,74618596
20,33529392;0,37278542
20,34029392;0,00000000
20,34529392;-0,18639271
20,35029392;0,18639271
20,35529392;0,00000000
20,36029392;0,00000000
20,36529392;0,18639271
20,37029392;0,00000000
20,37529392;0,00000000
20,38029392;0,00000000
20,38529392;0,37278542
20,39029392;-0,37278542
20,39529392;-0,18639271
20,40029392;0,37278542
20,40529392;0,55979329
20,41029392;0,18639271
20,41529392;0,18639271
20,42029392;0,00000000
20,42529392;-0,18639271
20,43029392;0,74618596
20,43529392;0,37278542
20,44029392;1,86638772
20,44529392;-18,10838890
20,45029392;-0,18639271
20,45529392;1,30659437
20,46029392;0,00000000
20,46529392;0,37278542
20,47029392;0,00000000
20,47529392;0,74618596
20,48029392;0,55979329
20,48529392;-0,18639271
20,49029392;-0,37278542
20,49529392;-0,37278542
20,50029392;0,37278542
20,50529392;0,00000000
20,51029392;0,37278542
20,51529392;-1,67999494
20,52029392;0,00000000
20,52529392;0,55979329
20,53029392;0,18639271
20,53529392;0,55979329
20,54029392;0,00000000
20,54529392;0,00000000
20,55029392;0,74618596
20,55529391;0,18639271
20,56029391;0,18639271
20,56529391;0,18639271
20,57029391;0,74618596
20,57529391;0,00000000
20,58029391;15,49520016
20,58529391;0,00000000
20,59029391;0,55979329
20,59529391;0,37278542
20,60029391;0,18639271
20,60529391;-0,37278542
20,61029391;0,18639271
20,61529391;0,18639271
20,62029391;1,11958659
20,62529391;2,42679620
20,63029391;-0,37278542
20,63529391;1,30659437
20,64029391;-0,55979329
20,64529391;0,55979329
20,65029391;-0,37278542
20,65529391;0,55979329
20,66029391;0,00000000
20,66529391;0,18639271
20,67029391;0,74618596
20,67529391;-0,37278542
20,68029391;0,74618596
20,68529391;-0,37278542
20,69029391;0,00000000
20,69529391;-2,23978829
20,70029391;0,18639271
20,70529391;-0,18639271
20,71029391;0,00000000
20,71529391;0,00000000
20,72029391;0,18639271
20,72529391;0,18639271
20,73029391;0,00000000
20,73529391;0,55979329
20,74029391;0,00000000
20,74529391;0,00000000
20,75029391;-0,18639271
20,75529391;0,18639271
20,76029391;0,55979329
20,76529391;1,11958659
20,77029391;0,18639271
20,77529391;0,18639271
20,78029391;0,37278542
20,78529391;-0,37278542
20,79029391;-0,37278542
20,79529391;0,55979329
20,80029391;0,18639271
20,80529391;-0,37278542
20,81029391;2,42679620
20,81529391;0,93319386
20,82029391;0,18639271
20,82529391;-0,18639271
20,83029391;-0,55979329
20,83529391;0,00000000
20,84029391;-0,37278542
20,84529391;1,30659437
20,85029391;0,18639271
20,85529391;-0,37278542
20,86029391;0,18639271
20,86529391;-0,18639271
20,87029391;0,37278542
20,87529391;0,55979329
20,88029391;-0,18639271
20,88529391;0,18639271
20,89029391;0,00000000
20,89529391;0,00000000
20,90029391;0,93319386
20,90529391;0,93319386
20,91029391;0,18639271
20,91529391;-0,18639271
20,92029391;0,18639271
20,92529391;2,05339551
20,93029391;-0,37278542
20,93529391;-0,18639271
20,94029391;0,55979329
20,94529391;0,74618596
20,95029390;0,55979329
20,95529390;0,18639271
20,96029390;0,18639271
20,96529390;-0,18639271
20,97029390;0,93319386
20,97529390;0,00000000
20,98029390;-0,18639271
20,98529390;0,37278542
20,99029390;0,00000000
20,99529390;0,18639271
21,00029390;0,55979329
21,00529390;0,37278542
21,01029390;-0,37278542
21,01529390;0,18639271
21,02029390;-1,30659437
21,02529390;0,37278542
21,03029390;0,37278542
21,03529390;0,00000000
21,04029390;-0,37278542
21,04529390;0,00000000
21,05029390;0,18639271
21,05529390;-0,74618596
21,06029390;0,18639271
21,06529390;-0,55979329
21,07029390;0,55979329
21,07529390;0,55979329
21,08029390;0,00000000
21,08529390;-0,18639271
21,09029390;0,55979329
21,09529390;-0,37278542
21,10029390;0,55979329
21,10529390;0,00000000
21,11029390;0,74618596
21,11529390;0,18639271
21,12029390;-0,18639271
21,12529390;0,00000000
21,13029390;0,18639271
21,13529390;0,37278542
21,14029390;0,74618596
21,14529390;0,00000000
21,15029390;-0,37278542
21,15529390;-0,18639271
21,16029390;0,00000000
21,16529390;0,18639271
21,17029390;-0,55979329
21,17529390;0,55979329
21,18029390;0,18639271
21,18529390;0,00000000
21,19029390;0,18639271
21,19529390;0,93319386
21,20029390;0,00000000
21,20529390;0,18639271
21,21029390;0,18639271
21,21529390;-0,18639271
21,22029390;0,00000000
21,22529390;-0,74618596
21,23029390;0,00000000
21,23529390;-1,67999494
21,24029390;-0,37278542
21,24529390;0,00000000
21,25029390;-0,55979329
21,25529390;0,00000000
21,26029390;-0,55979329
21,26529390;-0,18639271
21,27029390;-2,05339551
21,27529390;0,74618596
21,28029390;0,18639271
21,28529390;0,00000000
21,29029390;0,00000000
21,29529390;0,00000000
21,30029390;0,18639271
21,30529390;0,37278542
21,31029390;0,18639271
21,31529390;1,11958659
21,32029390;0,00000000
21,32529390;0,00000000
21,33029390;-0,18639271
21,33529390;0,55979329
21,34029390;-0,37278542
21,34529389;0,18639271
21,35029389;0,37278542
21,35529389;0,18639271
21,36029389;0,37278542
21,36529389;-0,18639271
21,37029389;0,00000000
21,37529389;0,00000000
21,38029389;0,00000000
21,38529389;0,00000000
21,39029389;-0,55979329
21,39529389;0,00000000
21,40029389;0,55979329
21,40529389;0,55979329
21,41029389;0,00000000
21,41529389;0,18639271
21,42029389;-0,18639271
21,42529389;-0,37278542
21,43029389;-0,74618596
21,43529389;0,55979329
21,44029389;0,18639271
21,44529389;0,00000000
21,45029389;-0,18639271
21,45529389;-0,37278542
21,46029389;0,55979329
21,46529389;-0,37278542
21,47029389;0,00000000
21,47529389;0,18639271
21,48029389;0,37278542
21,48529389;0,00000000
21,49029389;-0,55979329
21,49529389;0,37278542
21,50029389;0,18639271
21,50529389;0,93319386
21,51029389;0,55979329
21,51529389;0,18639271
21,52029389;0,18639271
21,52529389;0,18639271
21,53029389;-0,18639271
21,53529389;-0,18639271
21,54029389;0,00000000
21,54529389;0,00000000
21,55029389;-0,37278542
21,55529389;0,18639271
21,56029389;0,18639271
21,56529389;-0,18639271
21,57029389;-0,37278542
21,57529389;0,55979329
21,58029389;0,93319386
21,58529389;0,37278542
21,59029389;0,55979329
21,59529389;0,00000000
21,60029389;0,18639271
21,60529389;0,18639271
21,61029389;0,00000000
21,61529389;-0,37278542
21,62029389;-0,18639271
21,62529389;0,37278542
21,63029389;0,55979329
21,63529389;-0,37278542
21,64029389;-0,37278542
21,64529389;0,00000000
21,65029389;0,55979329
21,65529389;-0,37278542
21,66029389;-0,37278542
21,66529389;0,37278542
21,67029389;0,37278542
21,67529389;0,00000000
21,68029389;0,37278542
21,68529389;0,55979329
21,69029389;-0,74618596
21,69529389;0,00000000
21,70029389;0,18639271
21,70529389;0,00000000
21,71029389;0,74618596
21,71529389;-0,37278542
21,72029389;0,18639271
21,72529389;0,37278542
21,73029389;-0,55979329
21,73529389;0,00000000
21,74029388;0,00000000
21,74529388;0,37278542
21,75029388;0,18639271
21,75529388;0,00000000
21,76029388;-0,37278542
21,76529388;0,18639271
21,77029388;-1,30659437
21,77529388;0,18639271
21,78029388;0,18639271
21,78529388;0,55979329
21,79029388;0,37278542
21,79529388;-0,74618596
21,80029388;-0,18639271
21,80529388;0,37278542
21,81029388;-0,37278542
21,81529388;0,18639271
21,82029388;0,18639271
21,82529388;0,37278542
21,83029388;-0,74618596
21,83529388;0,18639271
21,84029388;1,30659437
21,84529388;0,00000000
21,85029388;0,18639271
21,85529388;1,30659437
21,86029388;-0,18639271
21,86529388;0,18639271
21,87029388;-0,37278542
21,87529388;0,18639271
21,88029388;0,18639271
21,88529388;0,00000000
21,89029388;0,37278542
21,89529388;0,55979329
21,90029388;0,18639271
21,90529388;0,18639271
21,91029388;-0,37278542
21,91529388;0,18639271
21,92029388;0,37278542
21,92529388;0,93319386
21,93029388;-0,37278542
21,93529388;0,74618596
21,94029388;0,37278542
21,94529388;0,93319386
21,95029388;-0,55979329
21,95529388;0,00000000
21,96029388;-0,18639271
21,96529388;0,55979329
21,97029388;0,55979329
21,97529388;0,55979329
21,98029388;0,55979329
21,98529388;-0,18639271
21,99029388;0,37278542
21,99529388;-0,37278542
22,00029388;0,37278542
22,00529388;0,00000000
22,01029388;5,04060030
22,01529388;-0,18639271
22,02029388;0,74618596
22,02529388;0,55979329
22,03029388;0,37278542
22,03529388;0,00000000
22,04029388;1,49298716
22,04529388;0,00000000
22,05029388;0,37278542
22,05529388;-0,55979329
22,06029388;0,18639271
22,06529388;1,11958659
22,07029388;0,00000000
22,07529388;0,00000000
22,08029388;0,18639271
22,08529388;-0,37278542
22,09029388;0,74618596
22,09529388;0,00000000
22,10029388;0,74618596
22,10529388;0,18639271
22,11029388;0,18639271
22,11529388;0,18639271
22,12029388;0,00000000
22,12529388;0,00000000
22,13029388;-0,37278542
22,13529387;0,18639271
22,14029387;0,00000000
22,14529387;0,55979329
22,15029387;0,55979329
22,15529387;0,18639271
22,16029387;-0,37278542
22,16529387;-0,55979329
22,17029387;0,18639271
22,17529387;0,18639271
22,18029387;0,00000000
22,18529387;0,55979329
22,19029387;0,37278542
22,19529387;0,74618596
22,20029387;1,11958659
22,20529387;0,55979329
22,21029387;0,18639271
22,21529387;-0,55979329
22,22029387;0,00000000
22,22529387;0,00000000
22,23029387;-0,18639271
22,23529387;0,00000000
22,24029387;0,00000000
22,24529387;0,18639271
22,25029387;0,37278542
22,25529387;0,55979329
22,26029387;0,18639271
22,26529387;0,00000000
22,27029387;-0,18639271
22,27529387;0,93319386
22,28029387;0,37278542
22,28529387;0,18639271
22,29029387;0,55979329
22,29529387;0,00000000
22,30029387;-0,18639271
22,30529387;0,18639271
22,31029387;0,18639271
22,31529387;-0,18639271
22,32029387;0,18639271
22,32529387;0,37278542
22,33029387;0,55979329
22,33529387;0,93319386
22,34029387;0,00000000
22,34529387;0,18639271
22,35029387;-0,37278542
22,35529387;0,00000000
22,36029387;-0,37278542
22,36529387;0,55979329
22,37029387;-0,93319386
22,37529387;0,55979329
22,38029387;0,00000000
22,38529387;0,93319386
22,39029387;0,55979329
22,39529387;-0,55979329
22,40029387;0,18639271
22,40529387;0,00000000
22,41029387;-0,18639271
22,41529387;-0,55979329
22,42029387;0,55979329
22,42529387;0,00000000
22,43029387;0,00000000
22,43529387;0,93319386
22,44029387;0,37278542
22,44529387;-1,49298716
22,45029387;0,18639271
22,45529387;0,74618596
22,46029387;0,18639271
22,46529387;0,00000000
22,47029387;-0,93319386
22,47529387;0,37278542
22,48029387;0,18639271
22,48529387;0,74618596
22,49029387;-0,74618596
22,49529387;0,55979329
22,50029387;0,00000000
22,50529387;0,18639271
22,51029387;0,18639271
22,51529387;0,18639271
22,52029387;-0,18639271
22,52529387;0,18639271
22,53029386;0,18639271
22,53529386;-0,37278542
22,54029386;0,00000000
22,54529386;0,18639271
22,55029386;0,00000000
22,55529386;-0,37278542
22,56029386;0,55979329
22,56529386;-0,55979329
22,57029386;0,00000000
22,57529386;-0,37278542
22,58029386;0,37278542
22,58529386;0,18639271
22,59029386;0,00000000
22,59529386;0,74618596
22,60029386;0,00000000
22,60529386;-0,74618596
22,61029386;0,00000000
22,61529386;0,00000000
22,62029386;0,00000000
22,62529386;0,18639271
22,63029386;0,93319386
22,63529386;0,37278542
22,64029386;0,18639271
22,64529386;0,55979329
22,65029386;0,93319386
22,65529386;-0,74618596
22,66029386;0,00000000
22,66529386;0,37278542
22,67029386;0,55979329
22,67529386;0,37278542
22,68029386;0,55979329
22,68529386;0,93319386
22,69029386;-0,37278542
22,69529386;0,37278542
22,70029386;0,37278542
22,70529386;-0,37278542
22,71029386;0,37278542
22,71529386;-0,37278542
22,72029386;0,55979329
22,72529386;-0,18639271
22,73029386;-0,18639271
22,73529386;0,18639271
22,74029386;0,74618596
22,74529386;0,93319386
22,75029386;0,18639271
22,75529386;0,37278542
22,76029386;0,37278542
22,76529386;-0,18639271
22,77029386;-0,18639271
22,77529386;-0,18639271
22,78029386;0,00000000
22,78529386;0,00000000
22,79029386;0,00000000
22,79529386;0,00000000
22,80029386;0,00000000
22,80529386;0,00000000
22,81029386;-0,18639271
22,81529386;-0,18639271
22,82029386;0,00000000
22,82529386;0,18639271
22,83029386;0,00000000
22,83529386;0,18639271
22,84029386;0,00000000
22,84529386;0,55979329
22,85029386;0,55979329
22,85529386;0,55979329
22,86029386;0,00000000
22,86529386;0,18639271
22,87029386;0,55979329
22,87529386;0,00000000
22,88029386;0,37278542
22,88529386;0,55979329
22,89029386;-0,55979329
22,89529386;0,55979329
22,90029386;0,00000000
22,90529386;0,74618596
22,91029386;-1,86638772
22,91529386;0,55979329
22,92029386;0,37278542
22,92529386;0,00000000
22,93029385;0,37278542
22,93529385;0,18639271
22,94029385;0,18639271
22,94529385;0,00000000
22,95029385;0,37278542
22,95529385;0,18639271
22,96029385;1,30659437
22,96529385;0,37278542
22,97029385;0,55979329
22,97529385;1,49298716
22,98029385;-0,74618596
22,98529385;-1,11958659
22,99029385;0,37278542
22,99529385;0,37278542
23,00029385;0,00000000
23,00529385;0,18639271
23,01029385;-0,74618596
23,01529385;-0,18639271
23,02029385;-0,74618596
23,02529385;0,18639271
23,03029385;0,55979329
23,03529385;0,55979329
23,04029385;0,74618596
23,04529385;0,93319386
23,05029385;0,18639271
23,05529385;-0,37278542
23,06029385;0,55979329
23,06529385;0,18639271
23,07029385;0,18639271
23,07529385;0,18639271
23,08029385;0,18639271
23,08529385;0,74618596
23,09029385;0,37278542
23,09529385;0,00000000
23,10029385;-0,37278542
23,10529385;-0,37278542
23,11029385;0,37278542
23,11529385;0,55979329
23,12029385;0,18639271
23,12529385;-0,55979329
23,13029385;0,37278542
23,13529385;0,00000000
23,14029385;0,18639271
23,14529385;-0,74618596
23,15029385;-0,37278542
23,15529385;0,37278542
23,16029385;0,18639271
23,16529385;0,74618596
23,17029385;0,00000000
23,17529385;0,00000000
23,18029385;0,00000000
23,18529385;0,18639271
23,19029385;0,55979329
23,19529385;0,55979329
23,20029385;1,11958659
23,20529385;-0,37278542
23,21029385;0,00000000
23,21529385;0,18639271
23,22029385;-0,37278542
23,22529385;0,18639271
23,23029385;0,18639271
23,23529385;0,55979329
23,24029385;-0,18639271
23,24529385;0,74618596
23,25029385;0,55979329
23,25529385;1,11958659
23,26029385;0,18639271
23,26529385;0,00000000
23,27029385;-0,74618596
23,27529385;0,55979329
23,28029385;0,00000000
23,28529385;-1,11958659
23,29029385;-0,37278542
23,29529385;0,37278542
23,30029385;0,18639271
23,30529385;0,37278542
23,31029385;-0,37278542
23,31529385;-0,55979329
23,32029385;0,37278542
23,32529384;0,55979329
23,33029384;0,00000000
23,33529384;0,93319386
23,34029384;0,00000000
23,34529384;0,18639271
23,35029384;0,18639271
23,35529384;0,18639271
23,36029384;0,37278542
23,36529384;0,18639271
23,37029384;0,18639271
23,37529384;0,00000000
23,38029384;0,74618596
23,38529384;0,18639271
23,39029384;1,49298716
23,39529384;0,55979329
23,40029384;0,00000000
23,40529384;-0,37278542
23,41029384;0,18639271
23,41529384;-0,37278542
23,42029384;0,18639271
23,42529384;0,18639271
23,43029384;0,00000000
23,43529384;0,18639271
23,44029384;-0,74618596
23,44529384;0,18639271
23,45029384;-0,55979329
23,45529384;0,18639271
23,46029384;0,00000000
23,46529384;-0,37278542
23,47029384;-0,37278542
23,47529384;0,18639271
23,48029384;0,18639271
23,48529384;0,18639271
23,49029384;-1,11958659
23,49529384;-0,18639271
23,50029384;0,55979329
23,50529384;0,74618596
23,51029384;0,18639271
23,51529384;0,00000000
23,52029384;0,00000000
23,52529384;0,00000000
23,53029384;0,18639271
23,53529384;0,00000000
23,54029384;0,93319386
23,54529384;0,00000000
23,55029384;0,18639271
23,55529384;0,00000000
23,56029384;-0,37278542
23,56529384;0,37278542
23,57029384;-1,11958659
23,57529384;0,37278542
23,58029384;-0,18639271
23,58529384;0,55979329
23,59029384;0,37278542
23,59529384;0,00000000
23,60029384;0,37278542
23,60529384;-0,74618596
23,61029384;0,93319386
23,61529384;0,00000000
23,62029384;-0,18639271
23,62529384;-0,37278542
23,63029384;0,18639271
23,63529384;-0,37278542
23,64029384;0,55979329
23,64529384;0,00000000
23,65029384;0,00000000
23,65529384;-0,74618596
23,66029384;0,00000000
23,66529384;-0,37278542
23,67029384;0,37278542
23,67529384;0,18639271
23,68029384;0,18639271
23,68529384;0,93319386
23,69029384;0,00000000
23,69529384;0,00000000
23,70029384;0,00000000
23,70529384;0,37278542
23,71029384;0,55979329
23,71529384;2,61318874
23,72029383;0,74618596
23,72529383;0,00000000
23,73029383;0,74618596
23,73529383;0,55979329
23,74029383;0,00000000
23,74529383;0,37278542
23,75029383;0,00000000
23,75529383;0,55979329
23,76029383;0,00000000
23,76529383;0,18639271
23,77029383;-0,18639271
23,77529383;0,18639271
23,78029383;-0,37278542
23,78529383;0,00000000
23,79029383;-0,18639271
23,79529383;0,00000000
23,80029383;0,00000000
23,80529383;0,37278542
23,81029383;0,00000000
23,81529383;0,18639271
23,82029383;0,18639271
23,82529383;-0,18639271
23,83029383;0,00000000
23,83529383;-0,74618596
23,84029383;0,00000000
23,84529383;0,18639271
23,85029383;-0,55979329
23,85529383;-0,18639271
23,86029383;-0,37278542
23,86529383;0,18639271
23,87029383;-1,11958659
23,87529383;0,55979329
23,88029383;0,00000000
23,88529383;0,18639271
23,89029383;-1,49298716
23,89529383;0,00000000
23,90029383;-0,37278542
23,90529383;0,55979329
23,91029383;0,74618596
23,91529383;0,18639271
23,92029383;0,00000000
23,92529383;0,00000000
23,93029383;0,00000000
23,93529383;0,18639271
23,94029383;-0,37278542
23,94529383;-0,37278542
23,95029383;1,11958659
23,95529383;0,55979329
23,96029383;0,18639271
23,96529383;0,55979329
23,97029383;-0,37278542
23,97529383;0,93319386
23,98029383;-0,37278542
23,98529383;0,00000000
23,99029383;0,00000000
23,99529383;-0,37278542
24,00029383;0,00000000
24,00529383;0,37278542
24,01029383;-0,18639271
24,01529383;0,37278542
24,02029383;-0,18639271
24,02529383;-0,18639271
24,03029383;0,18639271
24,03529383;-0,18639271
24,04029383;-0,55979329
24,04529383;0,00000000
24,05029383;0,18639271
24,05529383;-0,37278542
24,06029383;0,00000000
24,06529383;0,37278542
24,07029383;0,18639271
24,07529383;-0,37278542
24,08029383;0,00000000
24,08529383;-0,18639271
24,09029383;-0,37278542
24,09529383;0,18639271
24,10029383;0,00000000
24,10529383;-0,18639271
24,11029383;0,55979329
24,11529382;0,37278542
24,12029382;-0,55979329
24,12529382;-0,55979329
24,13029382;-0,74618596
24,13529382;-0,37278542
24,14029382;0,00000000
24,14529382;0,55979329
24,15029382;-0,37278542
24,15529382;0,37278542
24,16029382;0,18639271
24,16529382;-0,55979329
24,17029382;0,00000000
24,17529382;0,55979329
24,18029382;0,00000000
24,18529382;0,74618596
24,19029382;-0,18639271
24,19529382;0,18639271
24,20029382;-0,18639271
24,20529382;0,18639271
24,21029382;-0,37278542
24,21529382;0,37278542
24,22029382;0,00000000
24,22529382;-0,74618596
24,23029382;0,00000000
24,23529382;0,00000000
24,24029382;0,18639271
24,24529382;1,49298716
24,25029382;0,18639271
24,25529382;0,74618596
24,26029382;0,00000000
24,26529382;0,18639271
24,27029382;-1,11958659
24,27529382;0,00000000
24,28029382;0,00000000
24,28529382;0,00000000
24,29029382;0,74618596
24,29529382;0,37278542
24,30029382;0,00000000
24,30529382;0,00000000
24,31029382;0,37278542
24,31529382;0,00000000
24,32029382;-0,55979329
24,32529382;0,00000000
24,33029382;0,55979329
24,33529382;-0,18639271
24,34029382;0,18639271
24,34529382;0,55979329
24,35029382;-0,18639271
24,35529382;0,00000000
24,36029382;0,55979329
24,36529382;0,00000000
24,37029382;-0,55979329
24,37529382;0,93319386
24,38029382;-1,11958659
24,38529382;0,18639271
24,39029382;0,00000000
24,39529382;-0,18639271
24,40029382;0,18639271
24,40529382;0,55979329
24,41029382;0,74618596
24,41529382;0,00000000
24,42029382;0,37278542
24,42529382;0,55979329
24,43029382;0,18639271
24,43529382;-0,74618596
24,44029382;-0,55979329
24,44529382;-0,18639271
24,45029382;0,00000000
24,45529382;1,11958659
24,46029382;-0,74618596
24,46529382;0,37278542
24,47029382;0,18639271
24,47529382;-0,18639271
24,48029382;-0,37278542
24,48529382;-0,37278542
24,49029382;0,37278542
24,49529382;0,55979329
24,50029382;0,18639271
24,50529382;0,18639271
24,51029381;-0,37278542
24,51529381;-0,37278542
24,52029381;0,18639271
24,52529381;-0,37278542
24,53029381;-0,37278542
24,53529381;0,18639271
24,54029381;-0,18639271
24,54529381;0,00000000
24,55029381;0,37278542
24,55529381;-0,37278542
24,56029381;0,18639271
24,56529381;0,18639271
24,57029381;0,00000000
24,57529381;-0,37278542
24,58029381;0,37278542
24,58529381;0,55979329
24,59029381;0,00000000
24,59529381;0,55979329
24,60029381;0,93319386
24,60529381;0,00000000
24,61029381;0,00000000
24,61529381;0,37278542
24,62029381;0,74618596
24,62529381;-0,37278542
24,63029381;0,00000000
24,63529381;-0,18639271
24,64029381;-0,18639271
24,64529381;-0,37278542
24,65029381;0,00000000
24,65529381;2,23978829
24,66029381;-0,37278542
24,66529381;0,18639271
24,67029381;-1,30659437
24,67529381;0,18639271
24,68029381;0,18639271
24,68529381;0,18639271
24,69029381;0,00000000
24,69529381;0,55979329
24,70029381;0,18639271
24,70529381;-0,37278542
24,71029381;-0,55979329
24,71529381;0,37278542
24,72029381;-0,55979329
24,72529381;0,00000000
24,73029381;-0,55979329
24,73529381;0,55979329
24,74029381;0,37278542
24,74529381;0,00000000
24,75029381;0,00000000
24,75529381;-0,74618596
24,76029381;-0,37278542
24,76529381;0,00000000
24,77029381;-0,37278542
24,77529381;0,74618596
24,78029381;0,55979329
24,78529381;0,00000000
24,79029381;0,37278542
24,79529381;-0,37278542
24,80029381;0,00000000
24,80529381;0,37278542
24,81029381;0,55979329
24,81529381;0,18639271
24,82029381;0,55979329
24,82529381;0,00000000
24,83029381;-0,37278542
24,83529381;0,55979329
24,84029381;0,00000000
24,84529381;0,55979329
24,85029381;0,18639271
24,85529381;-0,93319386
24,86029381;0,55979329
24,86529381;-0,55979329
24,87029381;0,55979329
24,87529381;2,98658943
24,88029381;0,18639271
24,88529381;0,55979329
24,89029381;0,37278542
24,89529381;0,00000000
24,90029381;0,55979329
24,90529380;0,18639271
24,91029380;0,18639271
24,91529380;6,53358746
24,92029380;0,18639271
24,92529380;-0,18639271
24,93029380;-0,18639271
24,93529380;0,18639271
24,94029380;-0,74618596
24,94529380;0,55979329
24,95029380;-0,37278542
24,95529380;-6,53358746
24,96029380;0,18639271
24,96529380;0,00000000
24,97029380;-0,37278542
24,97529380;0,18639271
24,98029380;0,00000000
24,98529380;0,00000000
24,99029380;0,00000000
24,99529380;3,73339057
25,00029380;0,00000000
25,00529380;0,18639271
