Zeit;Kanal A
(ms);(mV)

-25,00857048;0,46598175
-25,00357048;-0,93196350
-24,99857048;0,00000000
-24,99357048;-0,46598175
-24,98857048;-0,46598175
-24,98357048;0,00000000
-24,97857048;0,00000000
-24,97357048;0,46598175
-24,96857048;0,00000000
-24,96357048;0,46598175
-24,95857048;0,00000000
-24,95357048;0,46598175
-24,94857048;0,00000000
-24,94357048;0,00000000
-24,93857048;-0,46598175
-24,93357048;0,00000000
-24,92857048;-1,86546493
-24,92357048;0,46598175
-24,91857048;0,46598175
-24,91357048;-0,93196350
-24,90857048;0,46598175
-24,90357048;0,00000000
-24,89857048;0,46598175
-24,89357048;0,00000000
-24,88857048;0,46598175
-24,88357048;0,46598175
-24,87857048;-0,93196350
-24,87357048;0,46598175
-24,86857048;0,46598175
-24,86357048;0,00000000
-24,85857048;0,00000000
-24,85357048;0,93196350
-24,84857048;0,46598175
-24,84357048;-0,46598175
-24,83857048;0,46598175
-24,83357048;0,46598175
-24,82857048;-0,46598175
-24,82357048;0,00000000
-24,81857049;0,00000000
-24,81357049;0,46598175
-24,80857049;0,00000000
-24,80357049;0,46598175
-24,79857049;-0,46598175
-24,79357049;0,00000000
-24,78857049;0,46598175
-24,78357049;0,93196350
-24,77857049;0,00000000
-24,77357049;0,00000000
-24,76857049;0,93196350
-24,76357049;0,46598175
-24,75857049;0,00000000
-24,75357049;0,46598175
-24,74857049;-0,46598175
-24,74357049;0,46598175
-24,73857049;-0,93196350
-24,73357049;0,46598175
-24,72857049;0,00000000
-24,72357049;0,93196350
-24,71857049;1,39948320
-24,71357049;0,46598175
-24,70857049;0,46598175
-24,70357049;0,93196350
-24,69857049;0,46598175
-24,69357049;0,00000000
-24,68857049;0,46598175
-24,68357049;0,46598175
-24,67857049;0,00000000
-24,67357049;0,46598175
-24,66857049;-0,46598175
-24,66357049;0,46598175
-24,65857049;-0,46598175
-24,65357049;0,00000000
-24,64857049;0,93196350
-24,64357049;0,93196350
-24,63857049;0,46598175
-24,63357049;0,46598175
-24,62857049;-1,39948320
-24,62357049;0,00000000
-24,61857049;0,00000000
-24,61357049;0,00000000
-24,60857049;0,00000000
-24,60357049;2,33298445
-24,59857049;0,46598175
-24,59357049;0,00000000
-24,58857049;0,93196350
-24,58357049;0,00000000
-24,57857049;0,46598175
-24,57357049;0,00000000
-24,56857049;0,00000000
-24,56357049;0,00000000
-24,55857049;0,00000000
-24,55357049;0,00000000
-24,54857049;0,00000000
-24,54357049;0,46598175
-24,53857049;2,33298445
-24,53357049;-0,46598175
-24,52857049;0,00000000
-24,52357049;-0,93196350
-24,51857049;-0,46598175
-24,51357049;0,46598175
-24,50857049;-0,93196350
-24,50357049;0,00000000
-24,49857049;0,46598175
-24,49357049;-0,46598175
-24,48857049;1,39948320
-24,48357049;0,46598175
-24,47857049;0,93196350
-24,47357049;-0,46598175
-24,46857049;-0,93196350
-24,46357049;0,00000000
-24,45857049;0,00000000
-24,45357049;0,00000000
-24,44857049;0,46598175
-24,44357049;0,46598175
-24,43857049;0,00000000
-24,43357049;0,46598175
-24,42857049;-1,39948320
-24,42357050;0,46598175
-24,41857050;0,00000000
-24,41357050;-0,46598175
-24,40857050;0,00000000
-24,40357050;0,93196350
-24,39857050;0,00000000
-24,39357050;0,46598175
-24,38857050;0,00000000
-24,38357050;0,46598175
-24,37857050;0,46598175
-24,37357050;0,46598175
-24,36857050;0,00000000
-24,36357050;0,93196350
-24,35857050;0,00000000
-24,35357050;0,46598175
-24,34857050;0,46598175
-24,34357050;0,46598175
-24,33857050;0,00000000
-24,33357050;1,39948320
-24,32857050;0,46598175
-24,32357050;0,00000000
-24,31857050;0,00000000
-24,31357050;0,93196350
-24,30857050;0,46598175
-24,30357050;0,46598175
-24,29857050;-0,46598175
-24,29357050;0,00000000
-24,28857050;-0,46598175
-24,28357050;-0,46598175
-24,27857050;0,46598175
-24,27357050;-0,46598175
-24,26857050;0,00000000
-24,26357050;0,00000000
-24,25857050;0,46598175
-24,25357050;-0,46598175
-24,24857050;0,00000000
-24,24357050;0,46598175
-24,23857050;-0,46598175
-24,23357050;-0,93196350
-24,22857050;0,00000000
-24,22357050;-0,93196350
-24,21857050;0,46598175
-24,21357050;0,46598175
-24,20857050;0,46598175
-24,20357050;-0,46598175
-24,19857050;-0,46598175
-24,19357050;0,00000000
-24,18857050;0,46598175
-24,18357050;0,46598175
-24,17857050;-0,93196350
-24,17357050;0,00000000
-24,16857050;0,46598175
-24,16357050;0,46598175
-24,15857050;0,00000000
-24,15357050;0,46598175
-24,14857050;0,46598175
-24,14357050;0,46598175
-24,13857050;0,46598175
-24,13357050;0,00000000
-24,12857050;1,86546493
-24,12357050;0,46598175
-24,11857050;0,00000000
-24,11357050;0,00000000
-24,10857050;-0,46598175
-24,10357050;0,46598175
-24,09857050;0,93196350
-24,09357050;-0,46598175
-24,08857050;1,39948320
-24,08357050;0,00000000
-24,07857050;0,00000000
-24,07357050;-0,46598175
-24,06857050;0,00000000
-24,06357050;-0,93196350
-24,05857050;-0,46598175
-24,05357050;0,46598175
-24,04857050;0,46598175
-24,04357050;0,00000000
-24,03857050;0,00000000
-24,03357050;0,00000000
-24,02857051;0,46598175
-24,02357051;0,46598175
-24,01857051;0,46598175
-24,01357051;0,00000000
-24,00857051;0,00000000
-24,00357051;0,00000000
-23,99857051;0,00000000
-23,99357051;0,00000000
-23,98857051;0,00000000
-23,98357051;-0,46598175
-23,97857051;0,46598175
-23,97357051;0,46598175
-23,96857051;0,46598175
-23,96357051;0,00000000
-23,95857051;0,46598175
-23,95357051;0,00000000
-23,94857051;0,00000000
-23,94357051;0,00000000
-23,93857051;1,39948320
-23,93357051;0,00000000
-23,92857051;1,86546493
-23,92357051;-1,39948320
-23,91857051;0,00000000
-23,91357051;-0,93196350
-23,90857051;1,39948320
-23,90357051;0,46598175
-23,89857051;-0,46598175
-23,89357051;0,00000000
-23,88857051;0,46598175
-23,88357051;0,00000000
-23,87857051;0,00000000
-23,87357051;0,93196350
-23,86857051;0,00000000
-23,86357051;0,46598175
-23,85857051;0,93196350
-23,85357051;0,46598175
-23,84857051;0,00000000
-23,84357051;0,00000000
-23,83857051;0,46598175
-23,83357051;0,00000000
-23,82857051;0,00000000
-23,82357051;0,00000000
-23,81857051;0,00000000
-23,81357051;0,46598175
-23,80857051;-0,46598175
-23,80357051;-0,46598175
-23,79857051;0,00000000
-23,79357051;0,93196350
-23,78857051;-0,46598175
-23,78357051;0,46598175
-23,77857051;0,00000000
-23,77357051;0,00000000
-23,76857051;-0,46598175
-23,76357051;-2,79896641
-23,75857051;0,46598175
-23,75357051;0,46598175
-23,74857051;0,93196350
-23,74357051;-0,46598175
-23,73857051;0,00000000
-23,73357051;-0,46598175
-23,72857051;0,00000000
-23,72357051;0,93196350
-23,71857051;0,46598175
-23,71357051;0,93196350
-23,70857051;-0,46598175
-23,70357051;-0,46598175
-23,69857051;1,39948320
-23,69357051;0,00000000
-23,68857051;0,46598175
-23,68357051;0,00000000
-23,67857051;0,00000000
-23,67357051;0,00000000
-23,66857051;-0,93196350
-23,66357051;1,86546493
-23,65857051;-0,46598175
-23,65357051;0,00000000
-23,64857051;0,46598175
-23,64357051;0,00000000
-23,63857051;0,46598175
-23,63357051;-0,46598175
-23,62857052;0,00000000
-23,62357052;0,00000000
-23,61857052;0,00000000
-23,61357052;-0,46598175
-23,60857052;0,00000000
-23,60357052;0,00000000
-23,59857052;-0,46598175
-23,59357052;-0,46598175
-23,58857052;0,46598175
-23,58357052;0,00000000
-23,57857052;0,00000000
-23,57357052;0,00000000
-23,56857052;0,46598175
-23,56357052;0,00000000
-23,55857052;0,00000000
-23,55357052;0,00000000
-23,54857052;0,00000000
-23,54357052;0,46598175
-23,53857052;-0,93196350
-23,53357052;0,00000000
-23,52857052;0,46598175
-23,52357052;0,00000000
-23,51857052;0,93196350
-23,51357052;-0,46598175
-23,50857052;0,00000000
-23,50357052;0,00000000
-23,49857052;1,39948320
-23,49357052;-0,93196350
-23,48857052;0,46598175
-23,48357052;-0,93196350
-23,47857052;0,93196350
-23,47357052;0,93196350
-23,46857052;0,46598175
-23,46357052;0,00000000
-23,45857052;-0,46598175
-23,45357052;0,46598175
-23,44857052;0,46598175
-23,44357052;0,46598175
-23,43857052;-0,46598175
-23,43357052;-1,86546493
-23,42857052;0,00000000
-23,42357052;0,46598175
-23,41857052;0,00000000
-23,41357052;0,46598175
-23,40857052;0,93196350
-23,40357052;0,93196350
-23,39857052;-0,93196350
-23,39357052;0,93196350
-23,38857052;0,46598175
-23,38357052;-0,46598175
-23,37857052;0,00000000
-23,37357052;0,00000000
-23,36857052;0,46598175
-23,36357052;0,00000000
-23,35857052;0,46598175
-23,35357052;-0,46598175
-23,34857052;0,00000000
-23,34357052;0,00000000
-23,33857052;0,00000000
-23,33357052;0,00000000
-23,32857052;0,00000000
-23,32357052;0,00000000
-23,31857052;-0,93196350
-23,31357052;0,93196350
-23,30857052;0,46598175
-23,30357052;0,93196350
-23,29857052;0,00000000
-23,29357052;0,00000000
-23,28857052;0,00000000
-23,28357052;0,46598175
-23,27857052;-0,46598175
-23,27357052;0,46598175
-23,26857052;-0,46598175
-23,26357052;0,46598175
-23,25857052;0,93196350
-23,25357052;-0,46598175
-23,24857052;0,00000000
-23,24357052;0,46598175
-23,23857052;0,46598175
-23,23357053;0,46598175
-23,22857053;0,46598175
-23,22357053;0,46598175
-23,21857053;-0,46598175
-23,21357053;-0,46598175
-23,20857053;0,00000000
-23,20357053;0,00000000
-23,19857053;0,46598175
-23,19357053;-0,46598175
-23,18857053;0,00000000
-23,18357053;0,93196350
-23,17857053;0,00000000
-23,17357053;0,00000000
-23,16857053;0,46598175
-23,16357053;0,00000000
-23,15857053;-0,46598175
-23,15357053;0,00000000
-23,14857053;0,46598175
-23,14357053;0,00000000
-23,13857053;0,46598175
-23,13357053;-0,46598175
-23,12857053;0,00000000
-23,12357053;-0,46598175
-23,11857053;0,00000000
-23,11357053;0,00000000
-23,10857053;-0,46598175
-23,10357053;0,00000000
-23,09857053;-0,46598175
-23,09357053;0,00000000
-23,08857053;0,00000000
-23,08357053;0,00000000
-23,07857053;0,46598175
-23,07357053;0,00000000
-23,06857053;0,00000000
-23,06357053;-0,93196350
-23,05857053;-0,46598175
-23,05357053;0,00000000
-23,04857053;-0,93196350
-23,04357053;0,93196350
-23,03857053;0,46598175
-23,03357053;0,46598175
-23,02857053;0,00000000
-23,02357053;0,00000000
-23,01857053;0,00000000
-23,01357053;-0,46598175
-23,00857053;0,46598175
-23,00357053;0,00000000
-22,99857053;0,00000000
-22,99357053;1,39948320
-22,98857053;0,00000000
-22,98357053;0,00000000
-22,97857053;0,00000000
-22,97357053;0,00000000
-22,96857053;0,46598175
-22,96357053;-0,46598175
-22,95857053;-0,46598175
-22,95357053;0,00000000
-22,94857053;0,00000000
-22,94357053;0,46598175
-22,93857053;0,00000000
-22,93357053;0,46598175
-22,92857053;0,46598175
-22,92357053;0,93196350
-22,91857053;0,46598175
-22,91357053;-0,46598175
-22,90857053;1,39948320
-22,90357053;0,46598175
-22,89857053;0,46598175
-22,89357053;0,00000000
-22,88857053;0,00000000
-22,88357053;0,00000000
-22,87857053;-0,46598175
-22,87357053;-0,46598175
-22,86857053;0,46598175
-22,86357053;0,46598175
-22,85857053;0,00000000
-22,85357053;0,00000000
-22,84857053;0,46598175
-22,84357053;-0,46598175
-22,83857054;-0,46598175
-22,83357054;0,46598175
-22,82857054;0,46598175
-22,82357054;0,46598175
-22,81857054;0,00000000
-22,81357054;0,46598175
-22,80857054;0,46598175
-22,80357054;0,46598175
-22,79857054;0,93196350
-22,79357054;0,00000000
-22,78857054;0,00000000
-22,78357054;-0,46598175
-22,77857054;0,00000000
-22,77357054;0,00000000
-22,76857054;0,93196350
-22,76357054;0,00000000
-22,75857054;0,46598175
-22,75357054;0,00000000
-22,74857054;-0,93196350
-22,74357054;0,00000000
-22,73857054;0,46598175
-22,73357054;0,46598175
-22,72857054;-0,93196350
-22,72357054;0,00000000
-22,71857054;0,46598175
-22,71357054;-0,46598175
-22,70857054;0,00000000
-22,70357054;-2,33298445
-22,69857054;0,46598175
-22,69357054;0,00000000
-22,68857054;0,46598175
-22,68357054;0,00000000
-22,67857054;0,46598175
-22,67357054;-0,46598175
-22,66857054;0,00000000
-22,66357054;1,39948320
-22,65857054;0,93196350
-22,65357054;0,46598175
-22,64857054;0,00000000
-22,64357054;0,46598175
-22,63857054;-0,46598175
-22,63357054;0,00000000
-22,62857054;0,00000000
-22,62357054;0,00000000
-22,61857054;-0,46598175
-22,61357054;0,46598175
-22,60857054;0,00000000
-22,60357054;0,46598175
-22,59857054;0,00000000
-22,59357054;0,46598175
-22,58857054;0,46598175
-22,58357054;0,46598175
-22,57857054;0,00000000
-22,57357054;-1,39948320
-22,56857054;-0,46598175
-22,56357054;0,46598175
-22,55857054;0,46598175
-22,55357054;0,46598175
-22,54857054;-1,39948320
-22,54357054;-0,46598175
-22,53857054;0,00000000
-22,53357054;-0,93196350
-22,52857054;0,00000000
-22,52357054;0,93196350
-22,51857054;0,00000000
-22,51357054;0,46598175
-22,50857054;0,00000000
-22,50357054;-0,46598175
-22,49857054;0,00000000
-22,49357054;0,00000000
-22,48857054;-0,46598175
-22,48357054;-0,93196350
-22,47857054;0,00000000
-22,47357054;-0,46598175
-22,46857054;0,46598175
-22,46357054;0,93196350
-22,45857054;0,00000000
-22,45357054;0,00000000
-22,44857054;0,46598175
-22,44357055;0,46598175
-22,43857055;0,46598175
-22,43357055;0,93196350
-22,42857055;-0,46598175
-22,42357055;1,39948320
-22,41857055;0,46598175
-22,41357055;0,46598175
-22,40857055;0,00000000
-22,40357055;-1,39948320
-22,39857055;0,46598175
-22,39357055;0,46598175
-22,38857055;0,93196350
-22,38357055;0,00000000
-22,37857055;0,46598175
-22,37357055;-1,86546493
-22,36857055;0,00000000
-22,36357055;0,00000000
-22,35857055;0,46598175
-22,35357055;-0,46598175
-22,34857055;0,93196350
-22,34357055;-0,46598175
-22,33857055;0,93196350
-22,33357055;0,93196350
-22,32857055;0,46598175
-22,32357055;0,46598175
-22,31857055;-1,86546493
-22,31357055;0,46598175
-22,30857055;0,46598175
-22,30357055;0,93196350
-22,29857055;0,46598175
-22,29357055;0,46598175
-22,28857055;-0,46598175
-22,28357055;0,00000000
-22,27857055;0,00000000
-22,27357055;-15,40046692
-22,26857055;-0,46598175
-22,26357055;0,46598175
-22,25857055;0,00000000
-22,25357055;0,46598175
-22,24857055;0,93196350
-22,24357055;0,93196350
-22,23857055;0,46598175
-22,23357055;-0,93196350
-22,22857055;0,46598175
-22,22357055;0,46598175
-22,21857055;0,46598175
-22,21357055;-0,46598175
-22,20857055;0,93196350
-22,20357055;0,00000000
-22,19857055;0,46598175
-22,19357055;0,00000000
-22,18857055;-0,46598175
-22,18357055;1,39948320
-22,17857055;0,93196350
-22,17357055;0,93196350
-22,16857055;0,46598175
-22,16357055;0,46598175
-22,15857055;0,00000000
-22,15357055;0,46598175
-22,14857055;-0,46598175
-22,14357055;0,00000000
-22,13857055;0,00000000
-22,13357055;0,46598175
-22,12857055;0,46598175
-22,12357055;0,00000000
-22,11857055;0,00000000
-22,11357055;0,93196350
-22,10857055;0,46598175
-22,10357055;0,00000000
-22,09857055;0,00000000
-22,09357055;0,00000000
-22,08857055;0,00000000
-22,08357055;0,46598175
-22,07857055;0,00000000
-22,07357055;-0,46598175
-22,06857055;0,00000000
-22,06357055;0,00000000
-22,05857055;0,46598175
-22,05357055;0,00000000
-22,04857056;-0,46598175
-22,04357056;0,00000000
-22,03857056;0,00000000
-22,03357056;0,00000000
-22,02857056;0,93196350
-22,02357056;0,00000000
-22,01857056;0,46598175
-22,01357056;0,00000000
-22,00857056;0,46598175
-22,00357056;0,46598175
-21,99857056;0,46598175
-21,99357056;0,46598175
-21,98857056;0,00000000
-21,98357056;0,93196350
-21,97857056;1,39948320
-21,97357056;-0,46598175
-21,96857056;0,93196350
-21,96357056;0,46598175
-21,95857056;0,46598175
-21,95357056;-0,46598175
-21,94857056;0,46598175
-21,94357056;-0,46598175
-21,93857056;0,00000000
-21,93357056;0,46598175
-21,92857056;-0,46598175
-21,92357056;0,93196350
-21,91857056;0,46598175
-21,91357056;0,93196350
-21,90857056;0,00000000
-21,90357056;0,00000000
-21,89857056;-2,33298445
-21,89357056;-0,46598175
-21,88857056;0,93196350
-21,88357056;0,00000000
-21,87857056;-0,93196350
-21,87357056;0,00000000
-21,86857056;0,46598175
-21,86357056;1,39948320
-21,85857056;0,00000000
-21,85357056;0,46598175
-21,84857056;0,00000000
-21,84357056;-0,46598175
-21,83857056;0,46598175
-21,83357056;-0,93196350
-21,82857056;0,46598175
-21,82357056;0,46598175
-21,81857056;0,46598175
-21,81357056;1,39948320
-21,80857056;0,00000000
-21,80357056;-0,46598175
-21,79857056;0,46598175
-21,79357056;0,00000000
-21,78857056;0,00000000
-21,78357056;0,46598175
-21,77857056;-0,46598175
-21,77357056;0,93196350
-21,76857056;0,00000000
-21,76357056;-0,46598175
-21,75857056;-0,93196350
-21,75357056;0,93196350
-21,74857056;-0,46598175
-21,74357056;0,00000000
-21,73857056;0,46598175
-21,73357056;0,46598175
-21,72857056;0,46598175
-21,72357056;0,46598175
-21,71857056;0,46598175
-21,71357056;0,00000000
-21,70857056;0,00000000
-21,70357056;0,00000000
-21,69857056;0,46598175
-21,69357056;0,93196350
-21,68857056;0,00000000
-21,68357056;0,00000000
-21,67857056;0,00000000
-21,67357056;0,93196350
-21,66857056;-0,46598175
-21,66357056;0,46598175
-21,65857056;0,00000000
-21,65357057;0,93196350
-21,64857057;0,00000000
-21,64357057;0,93196350
-21,63857057;0,00000000
-21,63357057;0,00000000
-21,62857057;0,00000000
-21,62357057;0,00000000
-21,61857057;-0,93196350
-21,61357057;0,00000000
-21,60857057;0,00000000
-21,60357057;0,00000000
-21,59857057;-0,46598175
-21,59357057;0,46598175
-21,58857057;0,93196350
-21,58357057;0,46598175
-21,57857057;0,00000000
-21,57357057;0,46598175
-21,56857057;-0,46598175
-21,56357057;0,00000000
-21,55857057;0,93196350
-21,55357057;-0,46598175
-21,54857057;0,00000000
-21,54357057;0,46598175
-21,53857057;0,93196350
-21,53357057;0,00000000
-21,52857057;0,46598175
-21,52357057;0,93196350
-21,51857057;0,93196350
-21,51357057;0,93196350
-21,50857057;0,00000000
-21,50357057;0,46598175
-21,49857057;0,46598175
-21,49357057;-0,93196350
-21,48857057;0,00000000
-21,48357057;0,46598175
-21,47857057;0,46598175
-21,47357057;0,00000000
-21,46857057;0,46598175
-21,46357057;0,00000000
-21,45857057;-0,46598175
-21,45357057;4,66596889
-21,44857057;0,00000000
-21,44357057;0,00000000
-21,43857057;0,00000000
-21,43357057;0,00000000
-21,42857057;0,46598175
-21,42357057;0,00000000
-21,41857057;0,00000000
-21,41357057;0,00000000
-21,40857057;0,46598175
-21,40357057;-0,93196350
-21,39857057;0,00000000
-21,39357057;0,00000000
-21,38857057;-1,39948320
-21,38357057;0,46598175
-21,37857057;0,00000000
-21,37357057;-0,46598175
-21,36857057;-0,46598175
-21,36357057;0,00000000
-21,35857057;0,00000000
-21,35357057;0,46598175
-21,34857057;0,46598175
-21,34357057;0,46598175
-21,33857057;0,46598175
-21,33357057;0,46598175
-21,32857057;0,46598175
-21,32357057;-0,46598175
-21,31857057;0,46598175
-21,31357057;-0,46598175
-21,30857057;0,46598175
-21,30357057;0,00000000
-21,29857057;0,00000000
-21,29357057;0,00000000
-21,28857057;0,46598175
-21,28357057;-0,93196350
-21,27857057;0,00000000
-21,27357057;-0,93196350
-21,26857057;0,00000000
-21,26357057;0,00000000
-21,25857057;0,46598175
-21,25357058;0,00000000
-21,24857058;0,46598175
-21,24357058;1,39948320
-21,23857058;0,00000000
-21,23357058;-0,46598175
-21,22857058;0,46598175
-21,22357058;-0,93196350
-21,21857058;0,46598175
-21,21357058;0,00000000
-21,20857058;0,00000000
-21,20357058;0,46598175
-21,19857058;0,00000000
-21,19357058;0,00000000
-21,18857058;0,46598175
-21,18357058;0,00000000
-21,17857058;0,00000000
-21,17357058;0,93196350
-21,16857058;0,46598175
-21,16357058;0,00000000
-21,15857058;0,93196350
-21,15357058;0,46598175
-21,14857058;0,00000000
-21,14357058;-0,93196350
-21,13857058;0,46598175
-21,13357058;0,93196350
-21,12857058;0,46598175
-21,12357058;0,00000000
-21,11857058;0,00000000
-21,11357058;0,00000000
-21,10857058;5,59947062
-21,10357058;0,46598175
-21,09857058;0,00000000
-21,09357058;0,46598175
-21,08857058;0,00000000
-21,08357058;0,00000000
-21,07857058;0,46598175
-21,07357058;-0,46598175
-21,06857058;-0,46598175
-21,06357058;0,00000000
-21,05857058;0,46598175
-21,05357058;0,00000000
-21,04857058;0,46598175
-21,04357058;0,46598175
-21,03857058;-0,93196350
-21,03357058;0,00000000
-21,02857058;0,00000000
-21,02357058;0,93196350
-21,01857058;0,46598175
-21,01357058;0,00000000
-21,00857058;0,46598175
-21,00357058;0,00000000
-20,99857058;0,93196350
-20,99357058;0,00000000
-20,98857058;0,93196350
-20,98357058;-1,39948320
-20,97857058;0,46598175
-20,97357058;-1,39948320
-20,96857058;-0,46598175
-20,96357058;0,46598175
-20,95857058;0,93196350
-20,95357058;0,00000000
-20,94857058;0,46598175
-20,94357058;-2,33298445
-20,93857058;0,00000000
-20,93357058;-0,46598175
-20,92857058;0,93196350
-20,92357058;0,46598175
-20,91857058;1,39948320
-20,91357058;0,46598175
-20,90857058;0,00000000
-20,90357058;2,33298445
-20,89857058;0,00000000
-20,89357058;-0,46598175
-20,88857058;0,46598175
-20,88357058;-0,93196350
-20,87857058;0,00000000
-20,87357058;-0,46598175
-20,86857058;0,00000000
-20,86357058;0,00000000
-20,85857059;0,93196350
-20,85357059;-0,46598175
-20,84857059;0,46598175
-20,84357059;-0,93196350
-20,83857059;0,46598175
-20,83357059;0,00000000
-20,82857059;0,93196350
-20,82357059;0,46598175
-20,81857059;0,46598175
-20,81357059;0,93196350
-20,80857059;0,93196350
-20,80357059;0,46598175
-20,79857059;0,46598175
-20,79357059;0,93196350
-20,78857059;0,46598175
-20,78357059;0,00000000
-20,77857059;0,46598175
-20,77357059;-0,46598175
-20,76857059;0,46598175
-20,76357059;1,86546493
-20,75857059;-1,86546493
-20,75357059;0,46598175
-20,74857059;-0,46598175
-20,74357059;-0,93196350
-20,73857059;0,00000000
-20,73357059;0,00000000
-20,72857059;0,93196350
-20,72357059;0,46598175
-20,71857059;0,46598175
-20,71357059;-0,93196350
-20,70857059;0,00000000
-20,70357059;0,46598175
-20,69857059;0,93196350
-20,69357059;0,46598175
-20,68857059;0,00000000
-20,68357059;0,00000000
-20,67857059;0,93196350
-20,67357059;0,46598175
-20,66857059;0,00000000
-20,66357059;0,00000000
-20,65857059;0,00000000
-20,65357059;0,00000000
-20,64857059;0,46598175
-20,64357059;0,46598175
-20,63857059;0,46598175
-20,63357059;0,46598175
-20,62857059;1,39948320
-20,62357059;0,46598175
-20,61857059;0,46598175
-20,61357059;0,00000000
-20,60857059;0,46598175
-20,60357059;0,46598175
-20,59857059;0,93196350
-20,59357059;-2,33298445
-20,58857059;0,00000000
-20,58357059;-0,46598175
-20,57857059;0,00000000
-20,57357059;0,46598175
-20,56857059;0,00000000
-20,56357059;-0,46598175
-20,55857059;0,46598175
-20,55357059;-0,46598175
-20,54857059;0,00000000
-20,54357059;-0,46598175
-20,53857059;-0,93196350
-20,53357059;0,46598175
-20,52857059;0,00000000
-20,52357059;0,93196350
-20,51857059;-0,46598175
-20,51357059;0,00000000
-20,50857059;0,00000000
-20,50357059;0,46598175
-20,49857059;0,46598175
-20,49357059;-0,93196350
-20,48857059;0,00000000
-20,48357059;0,00000000
-20,47857059;0,00000000
-20,47357059;0,00000000
-20,46857059;0,46598175
-20,46357060;0,00000000
-20,45857060;0,46598175
-20,45357060;0,00000000
-20,44857060;0,93196350
-20,44357060;0,46598175
-20,43857060;-0,46598175
-20,43357060;-0,46598175
-20,42857060;-0,46598175
-20,42357060;-0,93196350
-20,41857060;0,93196350
-20,41357060;0,00000000
-20,40857060;0,00000000
-20,40357060;-0,93196350
-20,39857060;0,00000000
-20,39357060;0,46598175
-20,38857060;0,93196350
-20,38357060;-0,93196350
-20,37857060;0,46598175
-20,37357060;-1,86546493
-20,36857060;0,93196350
-20,36357060;0,46598175
-20,35857060;0,46598175
-20,35357060;0,46598175
-20,34857060;0,00000000
-20,34357060;0,46598175
-20,33857060;-0,93196350
-20,33357060;-0,46598175
-20,32857060;0,00000000
-20,32357060;0,46598175
-20,31857060;0,00000000
-20,31357060;-0,46598175
-20,30857060;0,00000000
-20,30357060;0,46598175
-20,29857060;0,93196350
-20,29357060;0,00000000
-20,28857060;-0,93196350
-20,28357060;0,46598175
-20,27857060;0,00000000
-20,27357060;0,46598175
-20,26857060;0,00000000
-20,26357060;-0,46598175
-20,25857060;0,00000000
-20,25357060;0,46598175
-20,24857060;0,46598175
-20,24357060;0,00000000
-20,23857060;0,00000000
-20,23357060;0,00000000
-20,22857060;0,46598175
-20,22357060;0,93196350
-20,21857060;-0,46598175
-20,21357060;-0,46598175
-20,20857060;0,00000000
-20,20357060;0,46598175
-20,19857060;0,00000000
-20,19357060;0,46598175
-20,18857060;-0,46598175
-20,18357060;-0,46598175
-20,17857060;-0,46598175
-20,17357060;0,93196350
-20,16857060;0,00000000
-20,16357060;0,00000000
-20,15857060;-1,86546493
-20,15357060;-0,46598175
-20,14857060;0,46598175
-20,14357060;0,93196350
-20,13857060;0,00000000
-20,13357060;0,46598175
-20,12857060;-0,46598175
-20,12357060;0,00000000
-20,11857060;0,00000000
-20,11357060;0,00000000
-20,10857060;0,00000000
-20,10357060;0,00000000
-20,09857060;0,46598175
-20,09357060;0,46598175
-20,08857060;-1,39948320
-20,08357060;0,46598175
-20,07857060;0,93196350
-20,07357060;0,46598175
-20,06857061;0,00000000
-20,06357061;0,46598175
-20,05857061;0,46598175
-20,05357061;0,46598175
-20,04857061;0,46598175
-20,04357061;0,00000000
-20,03857061;0,46598175
-20,03357061;0,46598175
-20,02857061;0,00000000
-20,02357061;-0,46598175
-20,01857061;0,46598175
-20,01357061;0,46598175
-20,00857061;-0,46598175
-20,00357061;0,46598175
-19,99857061;0,00000000
-19,99357061;0,93196350
-19,98857061;0,46598175
-19,98357061;0,46598175
-19,97857061;0,46598175
-19,97357061;-0,93196350
-19,96857061;0,93196350
-19,96357061;0,46598175
-19,95857061;-0,46598175
-19,95357061;0,93196350
-19,94857061;0,46598175
-19,94357061;0,46598175
-19,93857061;0,00000000
-19,93357061;0,46598175
-19,92857061;-0,46598175
-19,92357061;0,00000000
-19,91857061;0,46598175
-19,91357061;0,46598175
-19,90857061;0,00000000
-19,90357061;0,00000000
-19,89857061;0,46598175
-19,89357061;0,46598175
-19,88857061;0,00000000
-19,88357061;0,00000000
-19,87857061;0,46598175
-19,87357061;0,46598175
-19,86857061;-0,93196350
-19,86357061;0,00000000
-19,85857061;0,46598175
-19,85357061;-0,46598175
-19,84857061;0,93196350
-19,84357061;-0,46598175
-19,83857061;0,46598175
-19,83357061;0,46598175
-19,82857061;0,93196350
-19,82357061;0,00000000
-19,81857061;0,93196350
-19,81357061;0,00000000
-19,80857061;0,46598175
-19,80357061;0,46598175
-19,79857061;0,00000000
-19,79357061;0,46598175
-19,78857061;0,46598175
-19,78357061;0,00000000
-19,77857061;0,00000000
-19,77357061;0,00000000
-19,76857061;0,00000000
-19,76357061;-0,46598175
-19,75857061;-0,46598175
-19,75357061;0,00000000
-19,74857061;0,46598175
-19,74357061;0,93196350
-19,73857061;0,46598175
-19,73357061;-0,46598175
-19,72857061;-0,46598175
-19,72357061;0,46598175
-19,71857061;0,93196350
-19,71357061;-0,46598175
-19,70857061;-0,46598175
-19,70357061;0,00000000
-19,69857061;0,00000000
-19,69357061;0,46598175
-19,68857061;0,00000000
-19,68357061;-0,46598175
-19,67857061;0,46598175
-19,67357062;0,46598175
-19,66857062;0,46598175
-19,66357062;-0,46598175
-19,65857062;0,46598175
-19,65357062;0,46598175
-19,64857062;0,46598175
-19,64357062;0,46598175
-19,63857062;-0,46598175
-19,63357062;0,46598175
-19,62857062;-0,46598175
-19,62357062;-0,46598175
-19,61857062;0,46598175
-19,61357062;0,00000000
-19,60857062;0,00000000
-19,60357062;-0,46598175
-19,59857062;0,46598175
-19,59357062;0,46598175
-19,58857062;0,93196350
-19,58357062;0,00000000
-19,57857062;-0,93196350
-19,57357062;1,39948320
-19,56857062;0,00000000
-19,56357062;-0,46598175
-19,55857062;-0,93196350
-19,55357062;-0,46598175
-19,54857062;0,00000000
-19,54357062;0,46598175
-19,53857062;-0,46598175
-19,53357062;-0,46598175
-19,52857062;-0,46598175
-19,52357062;0,46598175
-19,51857062;0,93196350
-19,51357062;0,46598175
-19,50857062;0,00000000
-19,50357062;0,00000000
-19,49857062;-0,93196350
-19,49357062;0,46598175
-19,48857062;-0,46598175
-19,48357062;0,46598175
-19,47857062;0,00000000
-19,47357062;0,00000000
-19,46857062;0,00000000
-19,46357062;0,00000000
-19,45857062;-0,46598175
-19,45357062;0,46598175
-19,44857062;0,93196350
-19,44357062;0,46598175
-19,43857062;-0,46598175
-19,43357062;0,00000000
-19,42857062;0,46598175
-19,42357062;-0,46598175
-19,41857062;0,00000000
-19,41357062;-0,46598175
-19,40857062;0,00000000
-19,40357062;-0,46598175
-19,39857062;-0,46598175
-19,39357062;0,93196350
-19,38857062;0,46598175
-19,38357062;0,00000000
-19,37857062;0,46598175
-19,37357062;0,00000000
-19,36857062;0,93196350
-19,36357062;-0,93196350
-19,35857062;0,46598175
-19,35357062;-0,46598175
-19,34857062;0,00000000
-19,34357062;0,00000000
-19,33857062;0,93196350
-19,33357062;0,46598175
-19,32857062;-0,46598175
-19,32357062;0,00000000
-19,31857062;0,46598175
-19,31357062;0,46598175
-19,30857062;0,00000000
-19,30357062;-0,46598175
-19,29857062;-0,46598175
-19,29357062;0,46598175
-19,28857062;0,00000000
-19,28357062;-0,46598175
-19,27857063;0,00000000
-19,27357063;0,46598175
-19,26857063;0,46598175
-19,26357063;0,00000000
-19,25857063;0,00000000
-19,25357063;0,00000000
-19,24857063;0,46598175
-19,24357063;0,00000000
-19,23857063;0,00000000
-19,23357063;0,00000000
-19,22857063;0,46598175
-19,22357063;0,46598175
-19,21857063;-0,46598175
-19,21357063;0,46598175
-19,20857063;0,46598175
-19,20357063;0,46598175
-19,19857063;-0,46598175
-19,19357063;0,00000000
-19,18857063;0,00000000
-19,18357063;0,00000000
-19,17857063;0,00000000
-19,17357063;-0,93196350
-19,16857063;0,00000000
-19,16357063;0,00000000
-19,15857063;1,86546493
-19,15357063;0,00000000
-19,14857063;-0,46598175
-19,14357063;0,00000000
-19,13857063;-0,46598175
-19,13357063;0,46598175
-19,12857063;0,00000000
-19,12357063;-1,39948320
-19,11857063;0,46598175
-19,11357063;0,00000000
-19,10857063;-0,93196350
-19,10357063;0,46598175
-19,09857063;0,93196350
-19,09357063;0,00000000
-19,08857063;0,46598175
-19,08357063;0,46598175
-19,07857063;0,00000000
-19,07357063;0,46598175
-19,06857063;-0,93196350
-19,06357063;0,46598175
-19,05857063;0,00000000
-19,05357063;-0,46598175
-19,04857063;-0,46598175
-19,04357063;1,39948320
-19,03857063;0,46598175
-19,03357063;0,46598175
-19,02857063;-0,46598175
-19,02357063;-0,46598175
-19,01857063;0,46598175
-19,01357063;0,00000000
-19,00857063;0,46598175
-19,00357063;1,39948320
-18,99857063;0,00000000
-18,99357063;0,46598175
-18,98857063;0,46598175
-18,98357063;0,00000000
-18,97857063;0,46598175
-18,97357063;0,46598175
-18,96857063;-0,93196350
-18,96357063;0,00000000
-18,95857063;-1,39948320
-18,95357063;-0,46598175
-18,94857063;0,93196350
-18,94357063;0,46598175
-18,93857063;-0,46598175
-18,93357063;0,00000000
-18,92857063;0,00000000
-18,92357063;0,46598175
-18,91857063;0,00000000
-18,91357063;0,46598175
-18,90857063;0,46598175
-18,90357063;0,46598175
-18,89857063;-0,46598175
-18,89357063;0,46598175
-18,88857063;0,00000000
-18,88357063;-0,46598175
-18,87857064;0,93196350
-18,87357064;0,00000000
-18,86857064;-0,46598175
-18,86357064;0,00000000
-18,85857064;0,46598175
-18,85357064;0,93196350
-18,84857064;0,00000000
-18,84357064;0,00000000
-18,83857064;-0,93196350
-18,83357064;0,46598175
-18,82857064;-0,46598175
-18,82357064;0,00000000
-18,81857064;0,00000000
-18,81357064;0,93196350
-18,80857064;-0,93196350
-18,80357064;-0,46598175
-18,79857064;0,46598175
-18,79357064;-0,93196350
-18,78857064;0,46598175
-18,78357064;-0,46598175
-18,77857064;0,46598175
-18,77357064;-0,46598175
-18,76857064;0,46598175
-18,76357064;-0,46598175
-18,75857064;1,39948320
-18,75357064;0,46598175
-18,74857064;0,46598175
-18,74357064;0,00000000
-18,73857064;0,46598175
-18,73357064;0,00000000
-18,72857064;1,39948320
-18,72357064;0,00000000
-18,71857064;-1,39948320
-18,71357064;0,46598175
-18,70857064;0,00000000
-18,70357064;-0,46598175
-18,69857064;-0,46598175
-18,69357064;0,00000000
-18,68857064;0,00000000
-18,68357064;0,00000000
-18,67857064;0,93196350
-18,67357064;0,00000000
-18,66857064;0,46598175
-18,66357064;0,93196350
-18,65857064;0,00000000
-18,65357064;0,46598175
-18,64857064;0,46598175
-18,64357064;-0,46598175
-18,63857064;0,46598175
-18,63357064;0,46598175
-18,62857064;0,00000000
-18,62357064;0,00000000
-18,61857064;0,46598175
-18,61357064;0,00000000
-18,60857064;0,00000000
-18,60357064;0,46598175
-18,59857064;0,46598175
-18,59357064;0,46598175
-18,58857064;1,39948320
-18,58357064;0,00000000
-18,57857064;-0,93196350
-18,57357064;1,86546493
-18,56857064;0,00000000
-18,56357064;0,00000000
-18,55857064;-0,93196350
-18,55357064;-0,46598175
-18,54857064;-0,46598175
-18,54357064;0,46598175
-18,53857064;0,00000000
-18,53357064;0,46598175
-18,52857064;0,46598175
-18,52357064;0,00000000
-18,51857064;0,46598175
-18,51357064;0,00000000
-18,50857064;0,00000000
-18,50357064;0,46598175
-18,49857064;0,00000000
-18,49357064;0,00000000
-18,48857064;0,00000000
-18,48357065;0,46598175
-18,47857065;0,46598175
-18,47357065;0,00000000
-18,46857065;0,46598175
-18,46357065;0,46598175
-18,45857065;0,46598175
-18,45357065;1,39948320
-18,44857065;0,93196350
-18,44357065;-0,46598175
-18,43857065;-0,46598175
-18,43357065;0,46598175
-18,42857065;0,93196350
-18,42357065;0,46598175
-18,41857065;0,93196350
-18,41357065;0,00000000
-18,40857065;0,00000000
-18,40357065;-0,93196350
-18,39857065;0,46598175
-18,39357065;0,00000000
-18,38857065;0,46598175
-18,38357065;0,00000000
-18,37857065;0,00000000
-18,37357065;0,46598175
-18,36857065;0,46598175
-18,36357065;0,00000000
-18,35857065;1,86546493
-18,35357065;0,00000000
-18,34857065;-0,46598175
-18,34357065;-0,93196350
-18,33857065;-0,46598175
-18,33357065;-0,46598175
-18,32857065;-0,93196350
-18,32357065;0,46598175
-18,31857065;0,00000000
-18,31357065;0,46598175
-18,30857065;0,00000000
-18,30357065;0,00000000
-18,29857065;0,93196350
-18,29357065;0,00000000
-18,28857065;0,00000000
-18,28357065;0,46598175
-18,27857065;0,46598175
-18,27357065;0,46598175
-18,26857065;0,46598175
-18,26357065;0,46598175
-18,25857065;0,00000000
-18,25357065;0,93196350
-18,24857065;0,46598175
-18,24357065;-0,46598175
-18,23857065;-1,39948320
-18,23357065;0,00000000
-18,22857065;0,00000000
-18,22357065;-0,93196350
-18,21857065;0,00000000
-18,21357065;2,33298445
-18,20857065;0,00000000
-18,20357065;0,46598175
-18,19857065;0,00000000
-18,19357065;-0,46598175
-18,18857065;0,46598175
-18,18357065;0,00000000
-18,17857065;0,46598175
-18,17357065;0,93196350
-18,16857065;0,93196350
-18,16357065;-0,46598175
-18,15857065;0,00000000
-18,15357065;0,93196350
-18,14857065;-0,46598175
-18,14357065;0,00000000
-18,13857065;-0,93196350
-18,13357065;0,46598175
-18,12857065;1,39948320
-18,12357065;0,46598175
-18,11857065;0,93196350
-18,11357065;-0,93196350
-18,10857065;0,00000000
-18,10357065;0,00000000
-18,09857065;0,00000000
-18,09357065;0,00000000
-18,08857066;0,00000000
-18,08357066;0,00000000
-18,07857066;0,00000000
-18,07357066;0,00000000
-18,06857066;0,46598175
-18,06357066;0,46598175
-18,05857066;0,00000000
-18,05357066;0,00000000
-18,04857066;0,00000000
-18,04357066;-0,46598175
-18,03857066;0,46598175
-18,03357066;-0,46598175
-18,02857066;0,00000000
-18,02357066;0,00000000
-18,01857066;0,00000000
-18,01357066;0,46598175
-18,00857066;0,46598175
-18,00357066;0,00000000
-17,99857066;-0,46598175
-17,99357066;0,00000000
-17,98857066;0,46598175
-17,98357066;-0,46598175
-17,97857066;0,00000000
-17,97357066;-0,46598175
-17,96857066;0,46598175
-17,96357066;0,46598175
-17,95857066;-0,46598175
-17,95357066;-0,93196350
-17,94857066;-0,46598175
-17,94357066;0,00000000
-17,93857066;1,39948320
-17,93357066;0,00000000
-17,92857066;-0,93196350
-17,92357066;-0,93196350
-17,91857066;0,46598175
-17,91357066;0,00000000
-17,90857066;0,00000000
-17,90357066;0,46598175
-17,89857066;0,00000000
-17,89357066;0,46598175
-17,88857066;-0,46598175
-17,88357066;0,00000000
-17,87857066;0,00000000
-17,87357066;0,00000000
-17,86857066;-0,93196350
-17,86357066;-0,46598175
-17,85857066;-0,46598175
-17,85357066;0,00000000
-17,84857066;0,93196350
-17,84357066;0,46598175
-17,83857066;0,00000000
-17,83357066;0,46598175
-17,82857066;0,00000000
-17,82357066;0,00000000
-17,81857066;-0,46598175
-17,81357066;0,00000000
-17,80857066;0,46598175
-17,80357066;0,00000000
-17,79857066;0,93196350
-17,79357066;0,46598175
-17,78857066;0,00000000
-17,78357066;0,00000000
-17,77857066;1,39948320
-17,77357066;-0,93196350
-17,76857066;0,00000000
-17,76357066;-0,46598175
-17,75857066;-0,46598175
-17,75357066;0,46598175
-17,74857066;0,46598175
-17,74357066;0,46598175
-17,73857066;0,00000000
-17,73357066;0,00000000
-17,72857066;0,46598175
-17,72357066;0,93196350
-17,71857066;0,00000000
-17,71357066;-0,93196350
-17,70857066;0,00000000
-17,70357066;-0,93196350
-17,69857066;0,00000000
-17,69357067;4,19998741
-17,68857067;0,00000000
-17,68357067;0,46598175
-17,67857067;0,00000000
-17,67357067;0,46598175
-17,66857067;0,00000000
-17,66357067;0,00000000
-17,65857067;0,46598175
-17,65357067;0,46598175
-17,64857067;0,46598175
-17,64357067;0,93196350
-17,63857067;0,46598175
-17,63357067;0,46598175
-17,62857067;0,00000000
-17,62357067;0,46598175
-17,61857067;-0,46598175
-17,61357067;1,39948320
-17,60857067;0,00000000
-17,60357067;0,46598175
-17,59857067;0,46598175
-17,59357067;-0,46598175
-17,58857067;0,46598175
-17,58357067;-0,46598175
-17,57857067;0,46598175
-17,57357067;0,46598175
-17,56857067;-0,46598175
-17,56357067;0,46598175
-17,55857067;2,79896641
-17,55357067;0,46598175
-17,54857067;-0,46598175
-17,54357067;0,46598175
-17,53857067;0,46598175
-17,53357067;0,46598175
-17,52857067;0,00000000
-17,52357067;0,46598175
-17,51857067;0,00000000
-17,51357067;0,93196350
-17,50857067;0,46598175
-17,50357067;0,00000000
-17,49857067;0,00000000
-17,49357067;0,46598175
-17,48857067;0,46598175
-17,48357067;0,46598175
-17,47857067;0,00000000
-17,47357067;0,46598175
-17,46857067;0,46598175
-17,46357067;0,00000000
-17,45857067;0,46598175
-17,45357067;-1,86546493
-17,44857067;0,46598175
-17,44357067;0,00000000
-17,43857067;0,46598175
-17,43357067;0,00000000
-17,42857067;0,00000000
-17,42357067;0,93196350
-17,41857067;0,93196350
-17,41357067;-0,46598175
-17,40857067;0,00000000
-17,40357067;0,00000000
-17,39857067;0,00000000
-17,39357067;-0,46598175
-17,38857067;0,46598175
-17,38357067;0,00000000
-17,37857067;0,46598175
-17,37357067;0,00000000
-17,36857067;0,00000000
-17,36357067;0,00000000
-17,35857067;0,93196350
-17,35357067;0,00000000
-17,34857067;-0,46598175
-17,34357067;-0,46598175
-17,33857067;0,00000000
-17,33357067;0,00000000
-17,32857067;0,00000000
-17,32357067;0,00000000
-17,31857067;-0,93196350
-17,31357067;0,46598175
-17,30857067;0,00000000
-17,30357067;0,00000000
-17,29857068;0,46598175
-17,29357068;0,46598175
-17,28857068;0,00000000
-17,28357068;-0,46598175
-17,27857068;0,46598175
-17,27357068;0,46598175
-17,26857068;0,00000000
-17,26357068;0,46598175
-17,25857068;-0,46598175
-17,25357068;0,00000000
-17,24857068;0,93196350
-17,24357068;0,46598175
-17,23857068;-0,93196350
-17,23357068;0,00000000
-17,22857068;0,46598175
-17,22357068;0,00000000
-17,21857068;-0,46598175
-17,21357068;-0,93196350
-17,20857068;0,46598175
-17,20357068;-0,93196350
-17,19857068;0,00000000
-17,19357068;-0,46598175
-17,18857068;0,00000000
-17,18357068;0,00000000
-17,17857068;0,00000000
-17,17357068;0,00000000
-17,16857068;-1,86546493
-17,16357068;0,00000000
-17,15857068;0,00000000
-17,15357068;-0,46598175
-17,14857068;0,00000000
-17,14357068;-0,46598175
-17,13857068;0,46598175
-17,13357068;0,46598175
-17,12857068;-0,46598175
-17,12357068;1,39948320
-17,11857068;-0,93196350
-17,11357068;0,46598175
-17,10857068;0,00000000
-17,10357068;-0,46598175
-17,09857068;0,00000000
-17,09357068;0,00000000
-17,08857068;0,00000000
-17,08357068;2,33298445
-17,07857068;-0,93196350
-17,07357068;0,46598175
-17,06857068;0,46598175
-17,06357068;0,00000000
-17,05857068;-1,86546493
-17,05357068;0,00000000
-17,04857068;0,46598175
-17,04357068;0,93196350
-17,03857068;0,93196350
-17,03357068;-0,46598175
-17,02857068;0,00000000
-17,02357068;-0,46598175
-17,01857068;0,46598175
-17,01357068;0,00000000
-17,00857068;0,93196350
-17,00357068;0,46598175
-16,99857068;-0,46598175
-16,99357068;0,46598175
-16,98857068;0,46598175
-16,98357068;0,46598175
-16,97857068;0,00000000
-16,97357068;0,46598175
-16,96857068;-0,93196350
-16,96357068;0,46598175
-16,95857068;-1,39948320
-16,95357068;0,00000000
-16,94857068;0,46598175
-16,94357068;0,46598175
-16,93857068;0,00000000
-16,93357068;0,46598175
-16,92857068;0,46598175
-16,92357068;-1,39948320
-16,91857068;0,00000000
-16,91357068;0,00000000
-16,90857068;0,00000000
-16,90357069;0,46598175
-16,89857069;0,00000000
-16,89357069;-0,46598175
-16,88857069;0,46598175
-16,88357069;0,00000000
-16,87857069;-0,46598175
-16,87357069;0,46598175
-16,86857069;0,00000000
-16,86357069;0,46598175
-16,85857069;0,00000000
-16,85357069;-0,46598175
-16,84857069;0,46598175
-16,84357069;-0,93196350
-16,83857069;0,00000000
-16,83357069;-0,46598175
-16,82857069;0,00000000
-16,82357069;0,00000000
-16,81857069;0,46598175
-16,81357069;0,46598175
-16,80857069;0,46598175
-16,80357069;0,93196350
-16,79857069;0,46598175
-16,79357069;0,46598175
-16,78857069;-0,93196350
-16,78357069;-0,93196350
-16,77857069;0,00000000
-16,77357069;0,46598175
-16,76857069;-0,46598175
-16,76357069;-0,93196350
-16,75857069;-0,93196350
-16,75357069;0,00000000
-16,74857069;0,00000000
-16,74357069;0,46598175
-16,73857069;2,33298445
-16,73357069;0,00000000
-16,72857069;0,00000000
-16,72357069;0,46598175
-16,71857069;-0,46598175
-16,71357069;0,46598175
-16,70857069;0,46598175
-16,70357069;0,00000000
-16,69857069;0,46598175
-16,69357069;-0,46598175
-16,68857069;-0,46598175
-16,68357069;0,46598175
-16,67857069;-0,46598175
-16,67357069;0,46598175
-16,66857069;0,00000000
-16,66357069;0,46598175
-16,65857069;0,46598175
-16,65357069;-1,39948320
-16,64857069;-0,93196350
-16,64357069;0,00000000
-16,63857069;0,93196350
-16,63357069;0,46598175
-16,62857069;0,46598175
-16,62357069;0,00000000
-16,61857069;0,46598175
-16,61357069;-0,46598175
-16,60857069;0,00000000
-16,60357069;-0,93196350
-16,59857069;0,00000000
-16,59357069;0,00000000
-16,58857069;0,00000000
-16,58357069;0,93196350
-16,57857069;0,93196350
-16,57357069;0,00000000
-16,56857069;0,46598175
-16,56357069;0,00000000
-16,55857069;0,00000000
-16,55357069;0,00000000
-16,54857069;-0,46598175
-16,54357069;0,93196350
-16,53857069;0,00000000
-16,53357069;-0,46598175
-16,52857069;0,00000000
-16,52357069;0,93196350
-16,51857069;0,00000000
-16,51357069;0,93196350
-16,50857069;0,00000000
-16,50357070;-0,46598175
-16,49857070;0,46598175
-16,49357070;0,46598175
-16,48857070;0,46598175
-16,48357070;0,00000000
-16,47857070;0,00000000
-16,47357070;0,00000000
-16,46857070;0,00000000
-16,46357070;0,46598175
-16,45857070;0,46598175
-16,45357070;0,46598175
-16,44857070;0,00000000
-16,44357070;-0,46598175
-16,43857070;2,33298445
-16,43357070;0,00000000
-16,42857070;0,00000000
-16,42357070;0,93196350
-16,41857070;0,46598175
-16,41357070;0,46598175
-16,40857070;0,00000000
-16,40357070;0,00000000
-16,39857070;0,00000000
-16,39357070;0,00000000
-16,38857070;0,46598175
-16,38357070;0,93196350
-16,37857070;0,00000000
-16,37357070;-0,93196350
-16,36857070;0,46598175
-16,36357070;0,93196350
-16,35857070;1,39948320
-16,35357070;0,93196350
-16,34857070;0,00000000
-16,34357070;-0,93196350
-16,33857070;0,93196350
-16,33357070;0,46598175
-16,32857070;-0,46598175
-16,32357070;0,00000000
-16,31857070;0,00000000
-16,31357070;0,46598175
-16,30857070;0,00000000
-16,30357070;0,00000000
-16,29857070;0,46598175
-16,29357070;0,00000000
-16,28857070;0,00000000
-16,28357070;0,46598175
-16,27857070;0,00000000
-16,27357070;0,00000000
-16,26857070;0,00000000
-16,26357070;0,00000000
-16,25857070;0,00000000
-16,25357070;0,00000000
-16,24857070;-0,46598175
-16,24357070;0,46598175
-16,23857070;0,46598175
-16,23357070;-0,93196350
-16,22857070;0,00000000
-16,22357070;0,46598175
-16,21857070;0,93196350
-16,21357070;-0,46598175
-16,20857070;-1,39948320
-16,20357070;0,00000000
-16,19857070;0,46598175
-16,19357070;-0,46598175
-16,18857070;-0,93196350
-16,18357070;0,00000000
-16,17857070;-0,46598175
-16,17357070;0,00000000
-16,16857070;0,00000000
-16,16357070;0,93196350
-16,15857070;0,00000000
-16,15357070;0,00000000
-16,14857070;0,46598175
-16,14357070;0,93196350
-16,13857070;-0,46598175
-16,13357070;0,00000000
-16,12857070;0,00000000
-16,12357070;0,00000000
-16,11857070;-0,93196350
-16,11357070;0,46598175
-16,10857071;0,00000000
-16,10357071;0,46598175
-16,09857071;-0,46598175
-16,09357071;0,00000000
-16,08857071;0,00000000
-16,08357071;0,46598175
-16,07857071;0,00000000
-16,07357071;-0,46598175
-16,06857071;0,46598175
-16,06357071;-0,46598175
-16,05857071;0,00000000
-16,05357071;-0,46598175
-16,04857071;-0,46598175
-16,04357071;0,93196350
-16,03857071;0,46598175
-16,03357071;0,46598175
-16,02857071;-0,46598175
-16,02357071;0,00000000
-16,01857071;-0,46598175
-16,01357071;0,46598175
-16,00857071;0,46598175
-16,00357071;-0,93196350
-15,99857071;0,46598175
-15,99357071;0,46598175
-15,98857071;0,46598175
-15,98357071;0,00000000
-15,97857071;0,46598175
-15,97357071;-0,46598175
-15,96857071;0,46598175
-15,96357071;-0,46598175
-15,95857071;0,46598175
-15,95357071;0,46598175
-15,94857071;0,00000000
-15,94357071;-0,46598175
-15,93857071;0,00000000
-15,93357071;0,46598175
-15,92857071;-0,46598175
-15,92357071;0,46598175
-15,91857071;0,00000000
-15,91357071;0,46598175
-15,90857071;-14,00098324
-15,90357071;0,00000000
-15,89857071;-1,39948320
-15,89357071;-0,46598175
-15,88857071;0,93196350
-15,88357071;0,93196350
-15,87857071;0,00000000
-15,87357071;0,00000000
-15,86857071;0,93196350
-15,86357071;0,46598175
-15,85857071;0,00000000
-15,85357071;0,46598175
-15,84857071;0,00000000
-15,84357071;0,46598175
-15,83857071;0,00000000
-15,83357071;-0,46598175
-15,82857071;0,46598175
-15,82357071;0,46598175
-15,81857071;0,46598175
-15,81357071;0,93196350
-15,80857071;-4,66596889
-15,80357071;0,00000000
-15,79857071;0,46598175
-15,79357071;0,46598175
-15,78857071;0,46598175
-15,78357071;0,93196350
-15,77857071;0,46598175
-15,77357071;0,46598175
-15,76857071;0,00000000
-15,76357071;0,00000000
-15,75857071;0,00000000
-15,75357071;0,46598175
-15,74857071;0,00000000
-15,74357071;1,86546493
-15,73857071;0,00000000
-15,73357071;0,00000000
-15,72857071;0,93196350
-15,72357071;0,46598175
-15,71857071;0,93196350
-15,71357072;-0,46598175
-15,70857072;0,46598175
-15,70357072;0,46598175
-15,69857072;0,46598175
-15,69357072;0,00000000
-15,68857072;0,00000000
-15,68357072;0,00000000
-15,67857072;0,00000000
-15,67357072;2,33298445
-15,66857072;0,46598175
-15,66357072;0,46598175
-15,65857072;0,46598175
-15,65357072;-0,93196350
-15,64857072;-0,93196350
-15,64357072;0,46598175
-15,63857072;0,00000000
-15,63357072;0,00000000
-15,62857072;0,93196350
-15,62357072;-0,46598175
-15,61857072;0,00000000
-15,61357072;0,46598175
-15,60857072;0,00000000
-15,60357072;0,46598175
-15,59857072;0,00000000
-15,59357072;0,46598175
-15,58857072;0,46598175
-15,58357072;0,93196350
-15,57857072;0,00000000
-15,57357072;0,00000000
-15,56857072;0,00000000
-15,56357072;0,00000000
-15,55857072;0,46598175
-15,55357072;-1,86546493
-15,54857072;-0,46598175
-15,54357072;1,39948320
-15,53857072;-0,93196350
-15,53357072;0,00000000
-15,52857072;-1,39948320
-15,52357072;0,00000000
-15,51857072;0,00000000
-15,51357072;-0,93196350
-15,50857072;-0,46598175
-15,50357072;0,46598175
-15,49857072;0,93196350
-15,49357072;0,46598175
-15,48857072;0,46598175
-15,48357072;0,00000000
-15,47857072;0,46598175
-15,47357072;1,86546493
-15,46857072;0,46598175
-15,46357072;0,46598175
-15,45857072;-0,46598175
-15,45357072;0,93196350
-15,44857072;0,00000000
-15,44357072;0,00000000
-15,43857072;0,93196350
-15,43357072;0,00000000
-15,42857072;0,46598175
-15,42357072;0,00000000
-15,41857072;1,39948320
-15,41357072;0,46598175
-15,40857072;0,00000000
-15,40357072;0,46598175
-15,39857072;0,46598175
-15,39357072;0,46598175
-15,38857072;-0,46598175
-15,38357072;0,46598175
-15,37857072;1,39948320
-15,37357072;-0,46598175
-15,36857072;0,46598175
-15,36357072;0,46598175
-15,35857072;-0,93196350
-15,35357072;0,46598175
-15,34857072;0,00000000
-15,34357072;1,39948320
-15,33857072;0,46598175
-15,33357072;0,93196350
-15,32857072;0,00000000
-15,32357072;0,00000000
-15,31857073;0,46598175
-15,31357073;-0,93196350
-15,30857073;0,00000000
-15,30357073;0,46598175
-15,29857073;0,00000000
-15,29357073;0,93196350
-15,28857073;0,93196350
-15,28357073;0,46598175
-15,27857073;0,46598175
-15,27357073;-0,93196350
-15,26857073;0,46598175
-15,26357073;1,39948320
-15,25857073;0,93196350
-15,25357073;0,46598175
-15,24857073;0,00000000
-15,24357073;-0,46598175
-15,23857073;0,00000000
-15,23357073;-0,46598175
-15,22857073;0,00000000
-15,22357073;0,00000000
-15,21857073;0,00000000
-15,21357073;-0,46598175
-15,20857073;0,00000000
-15,20357073;0,00000000
-15,19857073;0,00000000
-15,19357073;0,00000000
-15,18857073;0,00000000
-15,18357073;0,00000000
-15,17857073;-0,46598175
-15,17357073;-0,46598175
-15,16857073;0,46598175
-15,16357073;-0,46598175
-15,15857073;-1,39948320
-15,15357073;0,46598175
-15,14857073;1,39948320
-15,14357073;-1,39948320
-15,13857073;0,46598175
-15,13357073;0,00000000
-15,12857073;-0,93196350
-15,12357073;0,46598175
-15,11857073;0,46598175
-15,11357073;0,93196350
-15,10857073;0,46598175
-15,10357073;0,00000000
-15,09857073;-0,46598175
-15,09357073;-0,93196350
-15,08857073;0,46598175
-15,08357073;0,46598175
-15,07857073;0,00000000
-15,07357073;0,00000000
-15,06857073;0,00000000
-15,06357073;0,46598175
-15,05857073;0,46598175
-15,05357073;-0,46598175
-15,04857073;0,00000000
-15,04357073;0,00000000
-15,03857073;0,00000000
-15,03357073;0,46598175
-15,02857073;0,00000000
-15,02357073;0,93196350
-15,01857073;-0,46598175
-15,01357073;0,93196350
-15,00857073;-0,93196350
-15,00357073;0,00000000
-14,99857073;0,00000000
-14,99357073;0,46598175
-14,98857073;0,46598175
-14,98357073;0,46598175
-14,97857073;0,46598175
-14,97357073;0,93196350
-14,96857073;0,46598175
-14,96357073;-0,46598175
-14,95857073;0,00000000
-14,95357073;0,46598175
-14,94857073;0,00000000
-14,94357073;1,39948320
-14,93857073;0,00000000
-14,93357073;0,46598175
-14,92857073;1,39948320
-14,92357074;0,46598175
-14,91857074;0,93196350
-14,91357074;0,46598175
-14,90857074;0,93196350
-14,90357074;0,46598175
-14,89857074;0,46598175
-14,89357074;0,46598175
-14,88857074;0,46598175
-14,88357074;0,46598175
-14,87857074;0,46598175
-14,87357074;0,00000000
-14,86857074;0,93196350
-14,86357074;0,93196350
-14,85857074;0,46598175
-14,85357074;0,46598175
-14,84857074;0,00000000
-14,84357074;0,00000000
-14,83857074;0,00000000
-14,83357074;0,00000000
-14,82857074;0,00000000
-14,82357074;0,00000000
-14,81857074;0,00000000
-14,81357074;0,46598175
-14,80857074;0,00000000
-14,80357074;0,00000000
-14,79857074;-0,46598175
-14,79357074;0,00000000
-14,78857074;0,46598175
-14,78357074;0,46598175
-14,77857074;1,39948320
-14,77357074;0,93196350
-14,76857074;0,93196350
-14,76357074;0,00000000
-14,75857074;0,46598175
-14,75357074;0,00000000
-14,74857074;0,46598175
-14,74357074;-0,46598175
-14,73857074;0,93196350
-14,73357074;0,46598175
-14,72857074;0,46598175
-14,72357074;-0,46598175
-14,71857074;-0,46598175
-14,71357074;0,00000000
-14,70857074;0,00000000
-14,70357074;0,46598175
-14,69857074;0,46598175
-14,69357074;-0,93196350
-14,68857074;0,93196350
-14,68357074;0,00000000
-14,67857074;0,00000000
-14,67357074;0,00000000
-14,66857074;0,46598175
-14,66357074;0,00000000
-14,65857074;0,00000000
-14,65357074;0,00000000
-14,64857074;-0,93196350
-14,64357074;0,00000000
-14,63857074;0,46598175
-14,63357074;-0,46598175
-14,62857074;-0,93196350
-14,62357074;-0,46598175
-14,61857074;0,46598175
-14,61357074;0,46598175
-14,60857074;0,00000000
-14,60357074;0,46598175
-14,59857074;0,00000000
-14,59357074;0,00000000
-14,58857074;0,46598175
-14,58357074;0,00000000
-14,57857074;0,46598175
-14,57357074;0,93196350
-14,56857074;-0,46598175
-14,56357074;0,00000000
-14,55857074;0,00000000
-14,55357074;0,46598175
-14,54857074;1,86546493
-14,54357074;-0,93196350
-14,53857074;-0,46598175
-14,53357074;0,00000000
-14,52857075;-1,39948320
-14,52357075;0,46598175
-14,51857075;-0,46598175
-14,51357075;-0,93196350
-14,50857075;0,46598175
-14,50357075;0,00000000
-14,49857075;0,46598175
-14,49357075;0,00000000
-14,48857075;0,46598175
-14,48357075;0,00000000
-14,47857075;0,00000000
-14,47357075;0,93196350
-14,46857075;0,46598175
-14,46357075;0,00000000
-14,45857075;0,93196350
-14,45357075;0,00000000
-14,44857075;0,46598175
-14,44357075;0,00000000
-14,43857075;0,00000000
-14,43357075;0,00000000
-14,42857075;0,00000000
-14,42357075;-0,93196350
-14,41857075;0,46598175
-14,41357075;0,93196350
-14,40857075;0,46598175
-14,40357075;0,93196350
-14,39857075;-0,46598175
-14,39357075;0,46598175
-14,38857075;-0,46598175
-14,38357075;0,00000000
-14,37857075;1,39948320
-14,37357075;0,00000000
-14,36857075;-0,46598175
-14,36357075;0,46598175
-14,35857075;-0,46598175
-14,35357075;-0,93196350
-14,34857075;2,79896641
-14,34357075;-0,93196350
-14,33857075;0,46598175
-14,33357075;0,46598175
-14,32857075;0,46598175
-14,32357075;0,00000000
-14,31857075;0,46598175
-14,31357075;0,00000000
-14,30857075;-0,46598175
-14,30357075;0,46598175
-14,29857075;-0,46598175
-14,29357075;0,46598175
-14,28857075;0,00000000
-14,28357075;0,00000000
-14,27857075;-0,46598175
-14,27357075;0,00000000
-14,26857075;0,46598175
-14,26357075;0,46598175
-14,25857075;0,93196350
-14,25357075;-0,46598175
-14,24857075;1,39948320
-14,24357075;0,00000000
-14,23857075;0,93196350
-14,23357075;-0,46598175
-14,22857075;-0,46598175
-14,22357075;0,00000000
-14,21857075;0,00000000
-14,21357075;-0,46598175
-14,20857075;0,93196350
-14,20357075;-0,46598175
-14,19857075;0,46598175
-14,19357075;0,00000000
-14,18857075;0,46598175
-14,18357075;-2,33298445
-14,17857075;0,93196350
-14,17357075;0,00000000
-14,16857075;0,00000000
-14,16357075;0,00000000
-14,15857075;0,46598175
-14,15357075;0,00000000
-14,14857075;0,00000000
-14,14357075;0,46598175
-14,13857075;0,46598175
-14,13357075;0,00000000
-14,12857076;0,93196350
-14,12357076;0,00000000
-14,11857076;0,00000000
-14,11357076;0,46598175
-14,10857076;0,00000000
-14,10357076;0,00000000
-14,09857076;0,00000000
-14,09357076;0,46598175
-14,08857076;0,46598175
-14,08357076;0,93196350
-14,07857076;0,46598175
-14,07357076;0,93196350
-14,06857076;0,46598175
-14,06357076;0,46598175
-14,05857076;0,46598175
-14,05357076;0,00000000
-14,04857076;0,46598175
-14,04357076;0,46598175
-14,03857076;-0,46598175
-14,03357076;-0,93196350
-14,02857076;0,00000000
-14,02357076;0,00000000
-14,01857076;0,00000000
-14,01357076;0,46598175
-14,00857076;-0,46598175
-14,00357076;0,46598175
-13,99857076;0,93196350
-13,99357076;0,00000000
-13,98857076;0,46598175
-13,98357076;0,00000000
-13,97857076;0,00000000
-13,97357076;0,46598175
-13,96857076;0,00000000
-13,96357076;0,00000000
-13,95857076;0,00000000
-13,95357076;0,00000000
-13,94857076;0,00000000
-13,94357076;-0,46598175
-13,93857076;-0,46598175
-13,93357076;0,00000000
-13,92857076;-0,93196350
-13,92357076;0,46598175
-13,91857076;-0,46598175
-13,91357076;0,46598175
-13,90857076;0,00000000
-13,90357076;0,46598175
-13,89857076;0,00000000
-13,89357076;0,00000000
-13,88857076;0,46598175
-13,88357076;0,46598175
-13,87857076;0,46598175
-13,87357076;0,00000000
-13,86857076;0,00000000
-13,86357076;0,46598175
-13,85857076;-0,46598175
-13,85357076;0,46598175
-13,84857076;0,00000000
-13,84357076;-0,46598175
-13,83857076;0,46598175
-13,83357076;-0,46598175
-13,82857076;0,00000000
-13,82357076;-0,46598175
-13,81857076;0,46598175
-13,81357076;-0,46598175
-13,80857076;0,46598175
-13,80357076;0,00000000
-13,79857076;0,46598175
-13,79357076;-0,46598175
-13,78857076;0,46598175
-13,78357076;-0,46598175
-13,77857076;-1,39948320
-13,77357076;0,46598175
-13,76857076;0,00000000
-13,76357076;0,00000000
-13,75857076;0,00000000
-13,75357076;0,46598175
-13,74857076;0,00000000
-13,74357076;0,00000000
-13,73857076;0,93196350
-13,73357077;0,00000000
-13,72857077;1,39948320
-13,72357077;-0,93196350
-13,71857077;0,00000000
-13,71357077;-14,00098324
-13,70857077;0,46598175
-13,70357077;0,00000000
-13,69857077;0,46598175
-13,69357077;0,00000000
-13,68857077;-0,46598175
-13,68357077;0,46598175
-13,67857077;0,46598175
-13,67357077;0,00000000
-13,66857077;0,00000000
-13,66357077;-0,46598175
-13,65857077;0,00000000
-13,65357077;0,00000000
-13,64857077;-0,46598175
-13,64357077;-0,93196350
-13,63857077;0,46598175
-13,63357077;-0,46598175
-13,62857077;0,00000000
-13,62357077;0,00000000
-13,61857077;0,46598175
-13,61357077;0,46598175
-13,60857077;0,46598175
-13,60357077;-0,46598175
-13,59857077;0,46598175
-13,59357077;0,00000000
-13,58857077;-0,46598175
-13,58357077;-0,46598175
-13,57857077;0,00000000
-13,57357077;0,93196350
-13,56857077;0,00000000
-13,56357077;0,00000000
-13,55857077;0,46598175
-13,55357077;0,00000000
-13,54857077;0,00000000
-13,54357077;0,46598175
-13,53857077;-0,46598175
-13,53357077;0,00000000
-13,52857077;-1,39948320
-13,52357077;0,93196350
-13,51857077;-0,46598175
-13,51357077;0,46598175
-13,50857077;0,00000000
-13,50357077;0,46598175
-13,49857077;0,00000000
-13,49357077;0,46598175
-13,48857077;0,46598175
-13,48357077;0,00000000
-13,47857077;-3,26648593
-13,47357077;0,93196350
-13,46857077;0,46598175
-13,46357077;0,46598175
-13,45857077;0,00000000
-13,45357077;0,46598175
-13,44857077;0,93196350
-13,44357077;0,00000000
-13,43857077;0,00000000
-13,43357077;0,00000000
-13,42857077;0,46598175
-13,42357077;-0,93196350
-13,41857077;0,46598175
-13,41357077;0,00000000
-13,40857077;0,00000000
-13,40357077;0,00000000
-13,39857077;1,86546493
-13,39357077;0,46598175
-13,38857077;0,46598175
-13,38357077;0,00000000
-13,37857077;0,46598175
-13,37357077;0,00000000
-13,36857077;0,00000000
-13,36357077;-0,93196350
-13,35857077;0,93196350
-13,35357077;0,00000000
-13,34857077;0,46598175
-13,34357077;0,46598175
-13,33857078;-0,46598175
-13,33357078;0,46598175
-13,32857078;0,93196350
-13,32357078;0,00000000
-13,31857078;0,46598175
-13,31357078;0,00000000
-13,30857078;0,46598175
-13,30357078;-0,46598175
-13,29857078;0,00000000
-13,29357078;0,46598175
-13,28857078;0,46598175
-13,28357078;0,46598175
-13,27857078;0,93196350
-13,27357078;-0,46598175
-13,26857078;0,00000000
-13,26357078;0,46598175
-13,25857078;0,00000000
-13,25357078;0,00000000
-13,24857078;-0,93196350
-13,24357078;-0,46598175
-13,23857078;0,46598175
-13,23357078;0,93196350
-13,22857078;0,00000000
-13,22357078;0,46598175
-13,21857078;0,00000000
-13,21357078;0,46598175
-13,20857078;0,00000000
-13,20357078;-0,46598175
-13,19857078;-0,46598175
-13,19357078;-0,46598175
-13,18857078;0,00000000
-13,18357078;0,00000000
-13,17857078;-1,86546493
-13,17357078;0,46598175
-13,16857078;-0,46598175
-13,16357078;0,93196350
-13,15857078;0,00000000
-13,15357078;-0,46598175
-13,14857078;0,00000000
-13,14357078;0,46598175
-13,13857078;0,46598175
-13,13357078;0,46598175
-13,12857078;1,39948320
-13,12357078;0,00000000
-13,11857078;0,46598175
-13,11357078;0,46598175
-13,10857078;0,00000000
-13,10357078;0,46598175
-13,09857078;0,00000000
-13,09357078;0,00000000
-13,08857078;0,00000000
-13,08357078;-0,46598175
-13,07857078;-0,46598175
-13,07357078;0,46598175
-13,06857078;-0,46598175
-13,06357078;0,46598175
-13,05857078;0,00000000
-13,05357078;0,93196350
-13,04857078;0,00000000
-13,04357078;0,46598175
-13,03857078;0,00000000
-13,03357078;0,46598175
-13,02857078;0,46598175
-13,02357078;0,46598175
-13,01857078;-0,46598175
-13,01357078;0,00000000
-13,00857078;0,00000000
-13,00357078;0,93196350
-12,99857078;0,46598175
-12,99357078;0,00000000
-12,98857078;0,00000000
-12,98357078;0,00000000
-12,97857078;-0,46598175
-12,97357078;0,46598175
-12,96857078;0,00000000
-12,96357078;0,93196350
-12,95857078;0,00000000
-12,95357078;0,00000000
-12,94857078;1,39948320
-12,94357079;-0,93196350
-12,93857079;0,00000000
-12,93357079;0,00000000
-12,92857079;0,46598175
-12,92357079;0,00000000
-12,91857079;-0,93196350
-12,91357079;0,00000000
-12,90857079;0,00000000
-12,90357079;0,46598175
-12,89857079;-0,93196350
-12,89357079;0,46598175
-12,88857079;1,39948320
-12,88357079;0,46598175
-12,87857079;0,46598175
-12,87357079;-0,93196350
-12,86857079;0,93196350
-12,86357079;0,46598175
-12,85857079;0,00000000
-12,85357079;-0,46598175
-12,84857079;0,00000000
-12,84357079;0,00000000
-12,83857079;0,46598175
-12,83357079;0,00000000
-12,82857079;0,00000000
-12,82357079;0,46598175
-12,81857079;0,46598175
-12,81357079;0,00000000
-12,80857079;0,00000000
-12,80357079;0,00000000
-12,79857079;0,46598175
-12,79357079;0,93196350
-12,78857079;0,46598175
-12,78357079;0,46598175
-12,77857079;0,46598175
-12,77357079;0,46598175
-12,76857079;0,00000000
-12,76357079;0,00000000
-12,75857079;-0,93196350
-12,75357079;0,00000000
-12,74857079;0,00000000
-12,74357079;0,46598175
-12,73857079;0,46598175
-12,73357079;0,00000000
-12,72857079;-1,86546493
-12,72357079;-0,46598175
-12,71857079;0,00000000
-12,71357079;-1,39948320
-12,70857079;-0,46598175
-12,70357079;0,46598175
-12,69857079;0,46598175
-12,69357079;0,00000000
-12,68857079;0,00000000
-12,68357079;0,46598175
-12,67857079;0,46598175
-12,67357079;0,00000000
-12,66857079;0,00000000
-12,66357079;0,46598175
-12,65857079;0,00000000
-12,65357079;0,00000000
-12,64857079;-0,46598175
-12,64357079;0,00000000
-12,63857079;0,00000000
-12,63357079;0,00000000
-12,62857079;0,46598175
-12,62357079;0,46598175
-12,61857079;0,46598175
-12,61357079;0,00000000
-12,60857079;-0,46598175
-12,60357079;-0,93196350
-12,59857079;-0,93196350
-12,59357079;0,00000000
-12,58857079;0,00000000
-12,58357079;0,46598175
-12,57857079;0,00000000
-12,57357079;0,46598175
-12,56857079;0,00000000
-12,56357079;0,00000000
-12,55857079;0,00000000
-12,55357079;0,00000000
-12,54857080;0,00000000
-12,54357080;-1,86546493
-12,53857080;0,00000000
-12,53357080;0,00000000
-12,52857080;-0,93196350
-12,52357080;0,46598175
-12,51857080;-0,46598175
-12,51357080;0,00000000
-12,50857080;0,46598175
-12,50357080;0,93196350
-12,49857080;0,46598175
-12,49357080;0,46598175
-12,48857080;0,46598175
-12,48357080;0,00000000
-12,47857080;0,46598175
-12,47357080;-0,46598175
-12,46857080;0,46598175
-12,46357080;0,93196350
-12,45857080;0,46598175
-12,45357080;0,93196350
-12,44857080;0,00000000
-12,44357080;0,00000000
-12,43857080;0,00000000
-12,43357080;0,93196350
-12,42857080;0,93196350
-12,42357080;-0,46598175
-12,41857080;0,93196350
-12,41357080;-0,46598175
-12,40857080;0,93196350
-12,40357080;0,00000000
-12,39857080;-0,93196350
-12,39357080;0,46598175
-12,38857080;0,00000000
-12,38357080;0,46598175
-12,37857080;0,00000000
-12,37357080;0,00000000
-12,36857080;0,46598175
-12,36357080;0,46598175
-12,35857080;0,00000000
-12,35357080;0,00000000
-12,34857080;0,00000000
-12,34357080;0,00000000
-12,33857080;-0,46598175
-12,33357080;0,46598175
-12,32857080;-1,39948320
-12,32357080;0,00000000
-12,31857080;0,93196350
-12,31357080;0,00000000
-12,30857080;-0,46598175
-12,30357080;-0,46598175
-12,29857080;0,46598175
-12,29357080;0,00000000
-12,28857080;0,00000000
-12,28357080;0,00000000
-12,27857080;0,00000000
-12,27357080;0,46598175
-12,26857080;-0,46598175
-12,26357080;0,46598175
-12,25857080;0,00000000
-12,25357080;0,93196350
-12,24857080;0,00000000
-12,24357080;0,00000000
-12,23857080;0,46598175
-12,23357080;0,46598175
-12,22857080;0,46598175
-12,22357080;0,00000000
-12,21857080;-0,46598175
-12,21357080;0,00000000
-12,20857080;0,00000000
-12,20357080;0,00000000
-12,19857080;0,00000000
-12,19357080;0,00000000
-12,18857080;-0,46598175
-12,18357080;0,00000000
-12,17857080;-0,93196350
-12,17357080;-0,46598175
-12,16857080;0,00000000
-12,16357080;0,00000000
-12,15857080;0,46598175
-12,15357081;0,00000000
-12,14857081;-0,46598175
-12,14357081;0,46598175
-12,13857081;0,46598175
-12,13357081;0,46598175
-12,12857081;0,93196350
-12,12357081;0,93196350
-12,11857081;0,46598175
-12,11357081;-0,46598175
-12,10857081;0,46598175
-12,10357081;0,46598175
-12,09857081;0,46598175
-12,09357081;0,00000000
-12,08857081;0,46598175
-12,08357081;0,00000000
-12,07857081;-0,46598175
-12,07357081;0,00000000
-12,06857081;0,00000000
-12,06357081;0,00000000
-12,05857081;0,46598175
-12,05357081;0,00000000
-12,04857081;0,93196350
-12,04357081;0,93196350
-12,03857081;0,46598175
-12,03357081;0,00000000
-12,02857081;0,46598175
-12,02357081;0,00000000
-12,01857081;0,46598175
-12,01357081;0,00000000
-12,00857081;0,00000000
-12,00357081;-0,46598175
-11,99857081;-0,46598175
-11,99357081;0,00000000
-11,98857081;0,00000000
-11,98357081;0,46598175
-11,97857081;0,93196350
-11,97357081;0,00000000
-11,96857081;0,46598175
-11,96357081;0,46598175
-11,95857081;0,00000000
-11,95357081;0,46598175
-11,94857081;0,46598175
-11,94357081;0,00000000
-11,93857081;-0,46598175
-11,93357081;0,00000000
-11,92857081;-0,93196350
-11,92357081;0,46598175
-11,91857081;0,46598175
-11,91357081;0,00000000
-11,90857081;0,46598175
-11,90357081;0,00000000
-11,89857081;0,46598175
-11,89357081;0,00000000
-11,88857081;0,00000000
-11,88357081;0,00000000
-11,87857081;-0,93196350
-11,87357081;0,46598175
-11,86857081;0,93196350
-11,86357081;0,93196350
-11,85857081;0,46598175
-11,85357081;0,00000000
-11,84857081;0,00000000
-11,84357081;0,46598175
-11,83857081;0,93196350
-11,83357081;-0,46598175
-11,82857081;0,46598175
-11,82357081;0,46598175
-11,81857081;0,46598175
-11,81357081;0,46598175
-11,80857081;0,46598175
-11,80357081;0,00000000
-11,79857081;0,93196350
-11,79357081;-0,46598175
-11,78857081;0,46598175
-11,78357081;0,46598175
-11,77857081;0,00000000
-11,77357081;0,46598175
-11,76857081;0,00000000
-11,76357081;0,46598175
-11,75857081;0,93196350
-11,75357082;0,46598175
-11,74857082;0,00000000
-11,74357082;0,46598175
-11,73857082;0,93196350
-11,73357082;0,93196350
-11,72857082;-0,46598175
-11,72357082;0,00000000
-11,71857082;0,00000000
-11,71357082;0,93196350
-11,70857082;0,46598175
-11,70357082;0,46598175
-11,69857082;0,46598175
-11,69357082;0,00000000
-11,68857082;-0,93196350
-11,68357082;-0,46598175
-11,67857082;0,93196350
-11,67357082;0,46598175
-11,66857082;0,46598175
-11,66357082;0,00000000
-11,65857082;-1,39948320
-11,65357082;0,46598175
-11,64857082;0,46598175
-11,64357082;0,00000000
-11,63857082;0,00000000
-11,63357082;0,46598175
-11,62857082;0,46598175
-11,62357082;0,00000000
-11,61857082;-0,46598175
-11,61357082;-0,46598175
-11,60857082;0,00000000
-11,60357082;0,46598175
-11,59857082;0,46598175
-11,59357082;0,00000000
-11,58857082;0,93196350
-11,58357082;1,86546493
-11,57857082;-0,93196350
-11,57357082;0,46598175
-11,56857082;0,00000000
-11,56357082;0,00000000
-11,55857082;-0,46598175
-11,55357082;0,00000000
-11,54857082;0,00000000
-11,54357082;-0,46598175
-11,53857082;0,00000000
-11,53357082;-0,93196350
-11,52857082;1,39948320
-11,52357082;0,00000000
-11,51857082;0,46598175
-11,51357082;0,93196350
-11,50857082;0,00000000
-11,50357082;0,46598175
-11,49857082;0,00000000
-11,49357082;-0,46598175
-11,48857082;-0,93196350
-11,48357082;0,00000000
-11,47857082;0,46598175
-11,47357082;0,46598175
-11,46857082;0,46598175
-11,46357082;-0,46598175
-11,45857082;0,46598175
-11,45357082;0,93196350
-11,44857082;0,46598175
-11,44357082;0,93196350
-11,43857082;0,00000000
-11,43357082;0,46598175
-11,42857082;0,00000000
-11,42357082;0,46598175
-11,41857082;0,93196350
-11,41357082;0,46598175
-11,40857082;0,46598175
-11,40357082;0,93196350
-11,39857082;0,00000000
-11,39357082;0,46598175
-11,38857082;0,00000000
-11,38357082;0,00000000
-11,37857082;-0,46598175
-11,37357082;0,00000000
-11,36857082;-0,46598175
-11,36357082;0,46598175
-11,35857083;0,00000000
-11,35357083;0,93196350
-11,34857083;0,46598175
-11,34357083;0,46598175
-11,33857083;-0,46598175
-11,33357083;0,00000000
-11,32857083;0,00000000
-11,32357083;-0,46598175
-11,31857083;0,93196350
-11,31357083;0,00000000
-11,30857083;0,93196350
-11,30357083;0,46598175
-11,29857083;0,00000000
-11,29357083;-0,46598175
-11,28857083;0,93196350
-11,28357083;0,46598175
-11,27857083;-0,46598175
-11,27357083;0,46598175
-11,26857083;0,00000000
-11,26357083;-0,46598175
-11,25857083;0,00000000
-11,25357083;0,46598175
-11,24857083;0,00000000
-11,24357083;0,00000000
-11,23857083;-0,46598175
-11,23357083;0,00000000
-11,22857083;0,46598175
-11,22357083;-0,46598175
-11,21857083;0,46598175
-11,21357083;0,93196350
-11,20857083;-0,46598175
-11,20357083;-0,46598175
-11,19857083;0,46598175
-11,19357083;0,00000000
-11,18857083;-0,46598175
-11,18357083;0,46598175
-11,17857083;0,46598175
-11,17357083;0,93196350
-11,16857083;0,00000000
-11,16357083;0,46598175
-11,15857083;0,46598175
-11,15357083;0,46598175
-11,14857083;0,46598175
-11,14357083;0,00000000
-11,13857083;0,46598175
-11,13357083;0,46598175
-11,12857083;-0,46598175
-11,12357083;0,93196350
-11,11857083;0,46598175
-11,11357083;-0,46598175
-11,10857083;0,00000000
-11,10357083;0,00000000
-11,09857083;0,46598175
-11,09357083;0,00000000
-11,08857083;0,46598175
-11,08357083;-0,93196350
-11,07857083;-0,46598175
-11,07357083;0,00000000
-11,06857083;-0,46598175
-11,06357083;0,00000000
-11,05857083;0,00000000
-11,05357083;0,00000000
-11,04857083;0,46598175
-11,04357083;0,46598175
-11,03857083;0,00000000
-11,03357083;0,00000000
-11,02857083;0,00000000
-11,02357083;0,00000000
-11,01857083;0,46598175
-11,01357083;0,00000000
-11,00857083;0,00000000
-11,00357083;0,46598175
-10,99857083;-0,93196350
-10,99357083;-0,46598175
-10,98857083;-0,46598175
-10,98357083;0,46598175
-10,97857083;0,46598175
-10,97357083;-0,93196350
-10,96857083;0,93196350
-10,96357084;0,46598175
-10,95857084;0,46598175
-10,95357084;0,46598175
-10,94857084;0,93196350
-10,94357084;0,00000000
-10,93857084;0,46598175
-10,93357084;0,00000000
-10,92857084;0,00000000
-10,92357084;0,46598175
-10,91857084;0,00000000
-10,91357084;-0,46598175
-10,90857084;-0,46598175
-10,90357084;-0,46598175
-10,89857084;0,00000000
-10,89357084;-5,13348866
-10,88857084;0,46598175
-10,88357084;-0,46598175
-10,87857084;0,46598175
-10,87357084;0,00000000
-10,86857084;0,00000000
-10,86357084;0,00000000
-10,85857084;0,00000000
-10,85357084;-0,46598175
-10,84857084;-0,46598175
-10,84357084;0,00000000
-10,83857084;-0,46598175
-10,83357084;0,46598175
-10,82857084;-0,46598175
-10,82357084;0,46598175
-10,81857084;0,46598175
-10,81357084;0,46598175
-10,80857084;0,00000000
-10,80357084;0,46598175
-10,79857084;0,46598175
-10,79357084;0,46598175
-10,78857084;-0,93196350
-10,78357084;-0,46598175
-10,77857084;0,00000000
-10,77357084;0,00000000
-10,76857084;0,93196350
-10,76357084;0,00000000
-10,75857084;0,46598175
-10,75357084;0,46598175
-10,74857084;0,00000000
-10,74357084;0,46598175
-10,73857084;-0,93196350
-10,73357084;0,00000000
-10,72857084;-0,46598175
-10,72357084;1,39948320
-10,71857084;-0,46598175
-10,71357084;0,00000000
-10,70857084;0,93196350
-10,70357084;-0,46598175
-10,69857084;-0,93196350
-10,69357084;-0,46598175
-10,68857084;0,46598175
-10,68357084;0,46598175
-10,67857084;0,00000000
-10,67357084;0,00000000
-10,66857084;0,46598175
-10,66357084;0,46598175
-10,65857084;0,93196350
-10,65357084;-0,46598175
-10,64857084;0,00000000
-10,64357084;0,00000000
-10,63857084;0,46598175
-10,63357084;-1,86546493
-10,62857084;0,00000000
-10,62357084;0,46598175
-10,61857084;0,00000000
-10,61357084;0,00000000
-10,60857084;0,46598175
-10,60357084;0,46598175
-10,59857084;0,46598175
-10,59357084;0,00000000
-10,58857084;0,46598175
-10,58357084;-0,46598175
-10,57857084;0,46598175
-10,57357084;0,00000000
-10,56857085;0,00000000
-10,56357085;0,46598175
-10,55857085;-0,46598175
-10,55357085;0,00000000
-10,54857085;0,00000000
-10,54357085;0,46598175
-10,53857085;0,00000000
-10,53357085;0,46598175
-10,52857085;0,93196350
-10,52357085;0,00000000
-10,51857085;0,46598175
-10,51357085;0,00000000
-10,50857085;-0,46598175
-10,50357085;0,00000000
-10,49857085;0,00000000
-10,49357085;0,00000000
-10,48857085;0,00000000
-10,48357085;0,00000000
-10,47857085;-0,93196350
-10,47357085;0,46598175
-10,46857085;0,93196350
-10,46357085;0,00000000
-10,45857085;0,46598175
-10,45357085;0,00000000
-10,44857085;0,00000000
-10,44357085;0,00000000
-10,43857085;0,00000000
-10,43357085;0,00000000
-10,42857085;0,93196350
-10,42357085;0,00000000
-10,41857085;0,00000000
-10,41357085;-0,46598175
-10,40857085;0,46598175
-10,40357085;0,46598175
-10,39857085;0,46598175
-10,39357085;0,46598175
-10,38857085;0,46598175
-10,38357085;0,00000000
-10,37857085;0,00000000
-10,37357085;0,46598175
-10,36857085;-0,46598175
-10,36357085;0,46598175
-10,35857085;0,46598175
-10,35357085;0,46598175
-10,34857085;-0,46598175
-10,34357085;-0,46598175
-10,33857085;0,00000000
-10,33357085;0,46598175
-10,32857085;0,46598175
-10,32357085;0,93196350
-10,31857085;0,00000000
-10,31357085;1,39948320
-10,30857085;0,46598175
-10,30357085;0,46598175
-10,29857085;0,00000000
-10,29357085;0,00000000
-10,28857085;0,46598175
-10,28357085;0,00000000
-10,27857085;0,46598175
-10,27357085;0,00000000
-10,26857085;-0,46598175
-10,26357085;0,46598175
-10,25857085;0,00000000
-10,25357085;0,00000000
-10,24857085;0,46598175
-10,24357085;0,00000000
-10,23857085;0,00000000
-10,23357085;0,93196350
-10,22857085;0,00000000
-10,22357085;0,46598175
-10,21857085;-0,46598175
-10,21357085;0,00000000
-10,20857085;0,00000000
-10,20357085;-1,39948320
-10,19857085;0,00000000
-10,19357085;0,46598175
-10,18857085;-0,46598175
-10,18357085;0,00000000
-10,17857085;-0,46598175
-10,17357086;0,46598175
-10,16857086;0,00000000
-10,16357086;0,00000000
-10,15857086;0,46598175
-10,15357086;0,00000000
-10,14857086;0,46598175
-10,14357086;0,00000000
-10,13857086;0,46598175
-10,13357086;0,00000000
-10,12857086;1,39948320
-10,12357086;-0,46598175
-10,11857086;-0,93196350
-10,11357086;0,46598175
-10,10857086;0,93196350
-10,10357086;0,93196350
-10,09857086;0,46598175
-10,09357086;0,46598175
-10,08857086;-0,46598175
-10,08357086;-1,39948320
-10,07857086;0,00000000
-10,07357086;0,46598175
-10,06857086;-0,93196350
-10,06357086;0,46598175
-10,05857086;-0,46598175
-10,05357086;0,46598175
-10,04857086;0,93196350
-10,04357086;0,93196350
-10,03857086;-0,46598175
-10,03357086;0,46598175
-10,02857086;0,00000000
-10,02357086;0,46598175
-10,01857086;0,46598175
-10,01357086;0,00000000
-10,00857086;0,00000000
-10,00357086;0,46598175
-9,99857086;0,00000000
-9,99357086;0,00000000
-9,98857086;0,46598175
-9,98357086;-0,46598175
-9,97857086;-0,46598175
-9,97357086;0,00000000
-9,96857086;0,46598175
-9,96357086;0,46598175
-9,95857086;-0,46598175
-9,95357086;0,00000000
-9,94857086;0,00000000
-9,94357086;-0,46598175
-9,93857086;0,00000000
-9,93357086;0,00000000
-9,92857086;1,39948320
-9,92357086;-0,46598175
-9,91857086;0,00000000
-9,91357086;0,93196350
-9,90857086;0,00000000
-9,90357086;0,00000000
-9,89857086;0,46598175
-9,89357086;0,46598175
-9,88857086;0,00000000
-9,88357086;0,46598175
-9,87857086;0,46598175
-9,87357086;0,00000000
-9,86857086;0,00000000
-9,86357086;0,46598175
-9,85857086;-0,93196350
-9,85357086;0,00000000
-9,84857086;0,00000000
-9,84357086;0,46598175
-9,83857086;0,00000000
-9,83357086;0,00000000
-9,82857086;0,00000000
-9,82357086;0,00000000
-9,81857086;0,46598175
-9,81357086;0,00000000
-9,80857086;0,46598175
-9,80357086;0,46598175
-9,79857086;0,00000000
-9,79357086;0,46598175
-9,78857086;0,00000000
-9,78357086;0,00000000
-9,77857087;0,00000000
-9,77357087;-0,46598175
-9,76857087;1,39948320
-9,76357087;-0,46598175
-9,75857087;0,00000000
-9,75357087;0,46598175
-9,74857087;0,00000000
-9,74357087;0,00000000
-9,73857087;0,46598175
-9,73357087;-0,46598175
-9,72857087;0,00000000
-9,72357087;0,46598175
-9,71857087;0,00000000
-9,71357087;0,00000000
-9,70857087;0,00000000
-9,70357087;0,46598175
-9,69857087;0,46598175
-9,69357087;0,46598175
-9,68857087;0,00000000
-9,68357087;0,00000000
-9,67857087;0,00000000
-9,67357087;0,00000000
-9,66857087;-0,93196350
-9,66357087;0,00000000
-9,65857087;0,00000000
-9,65357087;0,93196350
-9,64857087;0,46598175
-9,64357087;0,00000000
-9,63857087;0,93196350
-9,63357087;0,00000000
-9,62857087;0,00000000
-9,62357087;0,00000000
-9,61857087;0,93196350
-9,61357087;0,93196350
-9,60857087;-0,46598175
-9,60357087;0,00000000
-9,59857087;0,46598175
-9,59357087;0,00000000
-9,58857087;0,93196350
-9,58357087;0,00000000
-9,57857087;-0,46598175
-9,57357087;-0,46598175
-9,56857087;0,46598175
-9,56357087;0,00000000
-9,55857087;0,46598175
-9,55357087;0,00000000
-9,54857087;0,00000000
-9,54357087;0,46598175
-9,53857087;0,46598175
-9,53357087;-0,46598175
-9,52857087;0,00000000
-9,52357087;-0,46598175
-9,51857087;0,46598175
-9,51357087;1,39948320
-9,50857087;0,46598175
-9,50357087;0,46598175
-9,49857087;0,46598175
-9,49357087;0,93196350
-9,48857087;0,00000000
-9,48357087;0,46598175
-9,47857087;-0,93196350
-9,47357087;0,46598175
-9,46857087;-0,46598175
-9,46357087;0,46598175
-9,45857087;0,46598175
-9,45357087;-0,93196350
-9,44857087;0,00000000
-9,44357087;0,00000000
-9,43857087;0,00000000
-9,43357087;0,00000000
-9,42857087;0,46598175
-9,42357087;0,00000000
-9,41857087;0,00000000
-9,41357087;-0,46598175
-9,40857087;0,46598175
-9,40357087;0,46598175
-9,39857087;-1,39948320
-9,39357087;0,93196350
-9,38857087;0,46598175
-9,38357087;0,00000000
-9,37857088;0,00000000
-9,37357088;0,46598175
-9,36857088;0,00000000
-9,36357088;0,46598175
-9,35857088;0,46598175
-9,35357088;0,46598175
-9,34857088;-0,46598175
-9,34357088;0,00000000
-9,33857088;0,00000000
-9,33357088;0,00000000
-9,32857088;0,00000000
-9,32357088;-0,46598175
-9,31857088;0,46598175
-9,31357088;1,39948320
-9,30857088;0,00000000
-9,30357088;0,00000000
-9,29857088;-1,39948320
-9,29357088;0,00000000
-9,28857088;0,46598175
-9,28357088;0,93196350
-9,27857088;-0,46598175
-9,27357088;-0,46598175
-9,26857088;-0,46598175
-9,26357088;0,46598175
-9,25857088;0,00000000
-9,25357088;0,46598175
-9,24857088;0,46598175
-9,24357088;-0,46598175
-9,23857088;0,00000000
-9,23357088;0,46598175
-9,22857088;0,00000000
-9,22357088;-0,46598175
-9,21857088;0,00000000
-9,21357088;-0,46598175
-9,20857088;0,46598175
-9,20357088;-0,46598175
-9,19857088;0,93196350
-9,19357088;0,46598175
-9,18857088;0,46598175
-9,18357088;0,00000000
-9,17857088;0,93196350
-9,17357088;0,00000000
-9,16857088;0,93196350
-9,16357088;-0,46598175
-9,15857088;0,46598175
-9,15357088;0,46598175
-9,14857088;1,39948320
-9,14357088;-0,46598175
-9,13857088;0,00000000
-9,13357088;-0,46598175
-9,12857088;1,39948320
-9,12357088;0,46598175
-9,11857088;-0,46598175
-9,11357088;1,86546493
-9,10857088;0,46598175
-9,10357088;0,00000000
-9,09857088;-0,46598175
-9,09357088;0,00000000
-9,08857088;0,46598175
-9,08357088;-0,46598175
-9,07857088;0,46598175
-9,07357088;0,46598175
-9,06857088;-0,46598175
-9,06357088;0,00000000
-9,05857088;0,46598175
-9,05357088;0,00000000
-9,04857088;0,46598175
-9,04357088;0,46598175
-9,03857088;0,46598175
-9,03357088;0,00000000
-9,02857088;0,46598175
-9,02357088;-0,46598175
-9,01857088;0,00000000
-9,01357088;-0,46598175
-9,00857088;0,00000000
-9,00357088;0,00000000
-8,99857088;0,93196350
-8,99357088;-0,46598175
-8,98857088;0,00000000
-8,98357089;0,46598175
-8,97857089;0,46598175
-8,97357089;0,46598175
-8,96857089;0,46598175
-8,96357089;0,46598175
-8,95857089;0,00000000
-8,95357089;0,46598175
-8,94857089;-0,46598175
-8,94357089;0,46598175
-8,93857089;-1,39948320
-8,93357089;0,46598175
-8,92857089;0,00000000
-8,92357089;-0,46598175
-8,91857089;0,00000000
-8,91357089;-1,39948320
-8,90857089;0,00000000
-8,90357089;-0,93196350
-8,89857089;0,46598175
-8,89357089;0,93196350
-8,88857089;0,00000000
-8,88357089;0,00000000
-8,87857089;0,93196350
-8,87357089;0,46598175
-8,86857089;0,46598175
-8,86357089;0,00000000
-8,85857089;1,86546493
-8,85357089;0,46598175
-8,84857089;0,93196350
-8,84357089;0,46598175
-8,83857089;0,46598175
-8,83357089;0,00000000
-8,82857089;0,00000000
-8,82357089;0,46598175
-8,81857089;0,46598175
-8,81357089;0,46598175
-8,80857089;1,86546493
-8,80357089;0,00000000
-8,79857089;0,93196350
-8,79357089;0,46598175
-8,78857089;0,00000000
-8,78357089;0,00000000
-8,77857089;0,00000000
-8,77357089;1,39948320
-8,76857089;0,00000000
-8,76357089;0,00000000
-8,75857089;-0,46598175
-8,75357089;0,00000000
-8,74857089;0,46598175
-8,74357089;0,46598175
-8,73857089;-0,93196350
-8,73357089;0,00000000
-8,72857089;0,46598175
-8,72357089;-1,39948320
-8,71857089;0,00000000
-8,71357089;-0,46598175
-8,70857089;0,00000000
-8,70357089;0,00000000
-8,69857089;0,46598175
-8,69357089;0,00000000
-8,68857089;0,46598175
-8,68357089;0,00000000
-8,67857089;0,00000000
-8,67357089;-0,46598175
-8,66857089;0,46598175
-8,66357089;0,00000000
-8,65857089;0,46598175
-8,65357089;0,46598175
-8,64857089;0,46598175
-8,64357089;0,93196350
-8,63857089;0,46598175
-8,63357089;0,00000000
-8,62857089;0,00000000
-8,62357089;0,00000000
-8,61857089;0,00000000
-8,61357089;-0,46598175
-8,60857089;0,46598175
-8,60357089;0,00000000
-8,59857089;0,46598175
-8,59357089;0,00000000
-8,58857090;0,93196350
-8,58357090;0,00000000
-8,57857090;-0,46598175
-8,57357090;-1,86546493
-8,56857090;-0,93196350
-8,56357090;0,00000000
-8,55857090;-0,46598175
-8,55357090;-0,93196350
-8,54857090;0,46598175
-8,54357090;0,00000000
-8,53857090;0,46598175
-8,53357090;0,00000000
-8,52857090;0,46598175
-8,52357090;-0,46598175
-8,51857090;0,46598175
-8,51357090;-0,46598175
-8,50857090;0,00000000
-8,50357090;0,46598175
-8,49857090;0,46598175
-8,49357090;0,93196350
-8,48857090;-0,46598175
-8,48357090;0,46598175
-8,47857090;-0,46598175
-8,47357090;0,46598175
-8,46857090;0,00000000
-8,46357090;0,46598175
-8,45857090;0,00000000
-8,45357090;-0,46598175
-8,44857090;0,00000000
-8,44357090;0,46598175
-8,43857090;0,46598175
-8,43357090;0,46598175
-8,42857090;0,00000000
-8,42357090;0,00000000
-8,41857090;0,46598175
-8,41357090;0,00000000
-8,40857090;0,00000000
-8,40357090;0,46598175
-8,39857090;0,46598175
-8,39357090;0,46598175
-8,38857090;0,00000000
-8,38357090;0,46598175
-8,37857090;0,46598175
-8,37357090;0,46598175
-8,36857090;0,00000000
-8,36357090;0,46598175
-8,35857090;0,00000000
-8,35357090;-0,46598175
-8,34857090;0,46598175
-8,34357090;-0,46598175
-8,33857090;0,00000000
-8,33357090;0,00000000
-8,32857090;1,39948320
-8,32357090;-0,46598175
-8,31857090;0,46598175
-8,31357090;0,46598175
-8,30857090;0,93196350
-8,30357090;-0,93196350
-8,29857090;-0,46598175
-8,29357090;-2,79896641
-8,28857090;0,46598175
-8,28357090;0,46598175
-8,27857090;0,93196350
-8,27357090;0,00000000
-8,26857090;0,00000000
-8,26357090;0,46598175
-8,25857090;2,33298445
-8,25357090;0,00000000
-8,24857090;0,46598175
-8,24357090;0,00000000
-8,23857090;0,46598175
-8,23357090;0,46598175
-8,22857090;0,00000000
-8,22357090;1,39948320
-8,21857090;0,00000000
-8,21357090;-0,46598175
-8,20857090;0,93196350
-8,20357090;-0,93196350
-8,19857090;1,39948320
-8,19357091;-0,46598175
-8,18857091;4,66596889
-8,18357091;0,00000000
-8,17857091;-0,46598175
-8,17357091;-0,93196350
-8,16857091;0,93196350
-8,16357091;0,93196350
-8,15857091;0,00000000
-8,15357091;5,13348866
-8,14857091;0,00000000
-8,14357091;-0,46598175
-8,13857091;-0,46598175
-8,13357091;0,93196350
-8,12857091;0,46598175
-8,12357091;-0,93196350
-8,11857091;1,86546493
-8,11357091;0,00000000
-8,10857091;0,46598175
-8,10357091;0,00000000
-8,09857091;1,39948320
-8,09357091;0,00000000
-8,08857091;0,00000000
-8,08357091;0,93196350
-8,07857091;-0,46598175
-8,07357091;0,00000000
-8,06857091;0,93196350
-8,06357091;0,46598175
-8,05857091;0,00000000
-8,05357091;-0,46598175
-8,04857091;0,00000000
-8,04357091;0,00000000
-8,03857091;-0,46598175
-8,03357091;0,00000000
-8,02857091;0,00000000
-8,02357091;0,00000000
-8,01857091;0,93196350
-8,01357091;0,93196350
-8,00857091;0,00000000
-8,00357091;0,00000000
-7,99857091;0,46598175
-7,99357091;0,00000000
-7,98857091;0,00000000
-7,98357091;0,00000000
-7,97857091;0,00000000
-7,97357091;0,46598175
-7,96857091;0,00000000
-7,96357091;-0,46598175
-7,95857091;0,00000000
-7,95357091;0,46598175
-7,94857091;0,00000000
-7,94357091;-0,93196350
-7,93857091;-0,46598175
-7,93357091;0,00000000
-7,92857091;-0,93196350
-7,92357091;0,46598175
-7,91857091;0,46598175
-7,91357091;0,00000000
-7,90857091;0,46598175
-7,90357091;0,46598175
-7,89857091;0,46598175
-7,89357091;0,46598175
-7,88857091;0,00000000
-7,88357091;0,46598175
-7,87857091;0,93196350
-7,87357091;0,00000000
-7,86857091;1,39948320
-7,86357091;0,00000000
-7,85857091;-0,93196350
-7,85357091;0,46598175
-7,84857091;0,00000000
-7,84357091;0,00000000
-7,83857091;0,00000000
-7,83357091;0,00000000
-7,82857091;0,46598175
-7,82357091;0,00000000
-7,81857091;0,93196350
-7,81357091;-0,46598175
-7,80857091;0,00000000
-7,80357091;0,00000000
-7,79857092;0,46598175
-7,79357092;0,46598175
-7,78857092;0,46598175
-7,78357092;0,93196350
-7,77857092;-0,46598175
-7,77357092;0,46598175
-7,76857092;0,00000000
-7,76357092;-0,46598175
-7,75857092;-1,39948320
-7,75357092;0,00000000
-7,74857092;0,00000000
-7,74357092;0,46598175
-7,73857092;-0,93196350
-7,73357092;0,00000000
-7,72857092;-0,46598175
-7,72357092;0,46598175
-7,71857092;0,00000000
-7,71357092;-1,39948320
-7,70857092;0,46598175
-7,70357092;0,00000000
-7,69857092;0,93196350
-7,69357092;-0,46598175
-7,68857092;0,00000000
-7,68357092;-0,46598175
-7,67857092;0,46598175
-7,67357092;0,00000000
-7,66857092;0,00000000
-7,66357092;0,46598175
-7,65857092;1,39948320
-7,65357092;0,00000000
-7,64857092;-0,93196350
-7,64357092;0,46598175
-7,63857092;-1,39948320
-7,63357092;1,39948320
-7,62857092;0,00000000
-7,62357092;0,00000000
-7,61857092;0,46598175
-7,61357092;0,46598175
-7,60857092;-0,93196350
-7,60357092;0,00000000
-7,59857092;0,46598175
-7,59357092;0,00000000
-7,58857092;-0,46598175
-7,58357092;0,93196350
-7,57857092;-0,46598175
-7,57357092;0,00000000
-7,56857092;0,46598175
-7,56357092;0,46598175
-7,55857092;0,00000000
-7,55357092;0,46598175
-7,54857092;-0,93196350
-7,54357092;0,46598175
-7,53857092;0,46598175
-7,53357092;0,46598175
-7,52857092;0,00000000
-7,52357092;0,46598175
-7,51857092;0,00000000
-7,51357092;0,46598175
-7,50857092;0,93196350
-7,50357092;0,00000000
-7,49857092;1,86546493
-7,49357092;0,00000000
-7,48857092;0,46598175
-7,48357092;-0,93196350
-7,47857092;-0,46598175
-7,47357092;0,00000000
-7,46857092;0,00000000
-7,46357092;0,00000000
-7,45857092;0,46598175
-7,45357092;0,00000000
-7,44857092;1,39948320
-7,44357092;0,00000000
-7,43857092;0,00000000
-7,43357092;0,46598175
-7,42857092;-2,33298445
-7,42357092;0,00000000
-7,41857092;-0,46598175
-7,41357092;0,00000000
-7,40857092;0,00000000
-7,40357093;0,46598175
-7,39857093;0,00000000
-7,39357093;0,46598175
-7,38857093;0,00000000
-7,38357093;0,46598175
-7,37857093;0,46598175
-7,37357093;0,46598175
-7,36857093;0,00000000
-7,36357093;0,00000000
-7,35857093;0,46598175
-7,35357093;-0,93196350
-7,34857093;0,46598175
-7,34357093;-0,46598175
-7,33857093;0,00000000
-7,33357093;0,00000000
-7,32857093;0,46598175
-7,32357093;0,46598175
-7,31857093;0,46598175
-7,31357093;-1,86546493
-7,30857093;0,46598175
-7,30357093;0,46598175
-7,29857093;0,93196350
-7,29357093;-16,80148888
-7,28857093;0,00000000
-7,28357093;-0,46598175
-7,27857093;0,93196350
-7,27357093;0,00000000
-7,26857093;-0,93196350
-7,26357093;-0,93196350
-7,25857093;0,00000000
-7,25357093;0,46598175
-7,24857093;0,00000000
-7,24357093;-0,93196350
-7,23857093;-0,46598175
-7,23357093;0,00000000
-7,22857093;0,46598175
-7,22357093;0,46598175
-7,21857093;-0,93196350
-7,21357093;-0,46598175
-7,20857093;0,46598175
-7,20357093;0,46598175
-7,19857093;0,93196350
-7,19357093;-0,93196350
-7,18857093;0,93196350
-7,18357093;0,00000000
-7,17857093;0,00000000
-7,17357093;0,46598175
-7,16857093;0,93196350
-7,16357093;0,00000000
-7,15857093;0,46598175
-7,15357093;0,00000000
-7,14857093;0,00000000
-7,14357093;0,46598175
-7,13857093;0,46598175
-7,13357093;0,00000000
-7,12857093;-0,46598175
-7,12357093;-1,86546493
-7,11857093;0,46598175
-7,11357093;0,46598175
-7,10857093;-0,46598175
-7,10357093;0,46598175
-7,09857093;0,00000000
-7,09357093;0,00000000
-7,08857093;0,00000000
-7,08357093;1,39948320
-7,07857093;0,00000000
-7,07357093;0,00000000
-7,06857093;0,93196350
-7,06357093;0,93196350
-7,05857093;0,00000000
-7,05357093;0,46598175
-7,04857093;-0,93196350
-7,04357093;0,46598175
-7,03857093;0,46598175
-7,03357093;0,46598175
-7,02857093;0,00000000
-7,02357093;0,00000000
-7,01857093;0,00000000
-7,01357093;0,46598175
-7,00857093;0,00000000
-7,00357094;0,00000000
-6,99857094;0,00000000
-6,99357094;0,46598175
-6,98857094;0,00000000
-6,98357094;0,46598175
-6,97857094;-0,46598175
-6,97357094;0,00000000
-6,96857094;0,46598175
-6,96357094;0,46598175
-6,95857094;0,00000000
-6,95357094;0,00000000
-6,94857094;0,00000000
-6,94357094;-0,46598175
-6,93857094;0,00000000
-6,93357094;0,00000000
-6,92857094;0,00000000
-6,92357094;0,00000000
-6,91857094;-1,86546493
-6,91357094;0,46598175
-6,90857094;-0,46598175
-6,90357094;0,00000000
-6,89857094;1,39948320
-6,89357094;-0,46598175
-6,88857094;0,00000000
-6,88357094;0,93196350
-6,87857094;0,46598175
-6,87357094;0,46598175
-6,86857094;-0,46598175
-6,86357094;0,46598175
-6,85857094;0,46598175
-6,85357094;0,46598175
-6,84857094;0,93196350
-6,84357094;0,46598175
-6,83857094;-0,46598175
-6,83357094;-0,46598175
-6,82857094;0,00000000
-6,82357094;0,46598175
-6,81857094;-0,46598175
-6,81357094;-0,93196350
-6,80857094;0,00000000
-6,80357094;-0,46598175
-6,79857094;0,00000000
-6,79357094;0,00000000
-6,78857094;0,93196350
-6,78357094;0,46598175
-6,77857094;-0,46598175
-6,77357094;0,00000000
-6,76857094;0,00000000
-6,76357094;-0,46598175
-6,75857094;0,00000000
-6,75357094;-0,46598175
-6,74857094;0,00000000
-6,74357094;0,00000000
-6,73857094;0,00000000
-6,73357094;0,46598175
-6,72857094;0,93196350
-6,72357094;-0,46598175
-6,71857094;0,00000000
-6,71357094;-1,39948320
-6,70857094;0,00000000
-6,70357094;0,00000000
-6,69857094;0,00000000
-6,69357094;-0,46598175
-6,68857094;-0,93196350
-6,68357094;-0,93196350
-6,67857094;0,00000000
-6,67357094;0,00000000
-6,66857094;0,00000000
-6,66357094;0,00000000
-6,65857094;0,46598175
-6,65357094;0,00000000
-6,64857094;0,00000000
-6,64357094;0,46598175
-6,63857094;0,00000000
-6,63357094;0,93196350
-6,62857094;0,46598175
-6,62357094;0,46598175
-6,61857094;0,93196350
-6,61357094;0,46598175
-6,60857095;0,00000000
-6,60357095;0,46598175
-6,59857095;0,46598175
-6,59357095;0,93196350
-6,58857095;0,00000000
-6,58357095;0,00000000
-6,57857095;0,00000000
-6,57357095;-0,46598175
-6,56857095;0,93196350
-6,56357095;-0,93196350
-6,55857095;0,00000000
-6,55357095;0,00000000
-6,54857095;0,00000000
-6,54357095;0,00000000
-6,53857095;0,46598175
-6,53357095;0,00000000
-6,52857095;0,46598175
-6,52357095;-0,46598175
-6,51857095;0,00000000
-6,51357095;0,00000000
-6,50857095;-0,46598175
-6,50357095;-0,93196350
-6,49857095;0,00000000
-6,49357095;0,00000000
-6,48857095;0,00000000
-6,48357095;0,00000000
-6,47857095;0,00000000
-6,47357095;-0,46598175
-6,46857095;0,00000000
-6,46357095;0,00000000
-6,45857095;-0,46598175
-6,45357095;0,00000000
-6,44857095;0,00000000
-6,44357095;0,46598175
-6,43857095;0,46598175
-6,43357095;0,00000000
-6,42857095;0,46598175
-6,42357095;0,00000000
-6,41857095;0,46598175
-6,41357095;0,93196350
-6,40857095;0,00000000
-6,40357095;-0,93196350
-6,39857095;-0,46598175
-6,39357095;0,46598175
-6,38857095;0,00000000
-6,38357095;0,93196350
-6,37857095;0,46598175
-6,37357095;0,46598175
-6,36857095;0,00000000
-6,36357095;0,46598175
-6,35857095;0,93196350
-6,35357095;-0,46598175
-6,34857095;0,46598175
-6,34357095;0,93196350
-6,33857095;0,00000000
-6,33357095;0,00000000
-6,32857095;0,46598175
-6,32357095;0,00000000
-6,31857095;0,46598175
-6,31357095;0,00000000
-6,30857095;0,00000000
-6,30357095;-0,46598175
-6,29857095;0,46598175
-6,29357095;0,46598175
-6,28857095;0,46598175
-6,28357095;0,00000000
-6,27857095;0,00000000
-6,27357095;0,00000000
-6,26857095;0,00000000
-6,26357095;0,46598175
-6,25857095;0,46598175
-6,25357095;0,00000000
-6,24857095;0,46598175
-6,24357095;0,00000000
-6,23857095;0,93196350
-6,23357095;0,00000000
-6,22857095;0,00000000
-6,22357095;-0,46598175
-6,21857095;0,93196350
-6,21357096;0,00000000
-6,20857096;0,46598175
-6,20357096;0,00000000
-6,19857096;0,46598175
-6,19357096;-0,93196350
-6,18857096;0,46598175
-6,18357096;-0,46598175
-6,17857096;0,00000000
-6,17357096;0,46598175
-6,16857096;0,00000000
-6,16357096;0,00000000
-6,15857096;0,00000000
-6,15357096;0,93196350
-6,14857096;0,00000000
-6,14357096;0,00000000
-6,13857096;0,46598175
-6,13357096;0,00000000
-6,12857096;-0,46598175
-6,12357096;-0,46598175
-6,11857096;-0,46598175
-6,11357096;-0,46598175
-6,10857096;0,46598175
-6,10357096;0,00000000
-6,09857096;0,00000000
-6,09357096;-0,46598175
-6,08857096;0,00000000
-6,08357096;0,00000000
-6,07857096;0,00000000
-6,07357096;0,00000000
-6,06857096;0,46598175
-6,06357096;0,46598175
-6,05857096;-0,46598175
-6,05357096;0,46598175
-6,04857096;0,46598175
-6,04357096;0,46598175
-6,03857096;0,46598175
-6,03357096;0,46598175
-6,02857096;0,46598175
-6,02357096;0,00000000
-6,01857096;0,46598175
-6,01357096;0,46598175
-6,00857096;14,46850300
-6,00357096;0,00000000
-5,99857096;0,46598175
-5,99357096;0,00000000
-5,98857096;0,00000000
-5,98357096;1,39948320
-5,97857096;0,00000000
-5,97357096;0,00000000
-5,96857096;0,46598175
-5,96357096;0,46598175
-5,95857096;0,93196350
-5,95357096;0,00000000
-5,94857096;0,00000000
-5,94357096;0,00000000
-5,93857096;0,46598175
-5,93357096;0,93196350
-5,92857096;0,00000000
-5,92357096;0,00000000
-5,91857096;0,00000000
-5,91357096;0,00000000
-5,90857096;0,93196350
-5,90357096;-0,46598175
-5,89857096;0,46598175
-5,89357096;-0,93196350
-5,88857096;0,00000000
-5,88357096;0,00000000
-5,87857096;0,46598175
-5,87357096;0,46598175
-5,86857096;0,00000000
-5,86357096;0,00000000
-5,85857096;0,00000000
-5,85357096;-0,46598175
-5,84857096;1,39948320
-5,84357096;0,00000000
-5,83857096;0,93196350
-5,83357096;0,46598175
-5,82857096;0,93196350
-5,82357096;0,46598175
-5,81857097;-0,46598175
-5,81357097;-0,46598175
-5,80857097;0,00000000
-5,80357097;0,00000000
-5,79857097;0,93196350
-5,79357097;0,46598175
-5,78857097;0,46598175
-5,78357097;0,46598175
-5,77857097;0,00000000
-5,77357097;0,46598175
-5,76857097;0,00000000
-5,76357097;0,93196350
-5,75857097;-0,93196350
-5,75357097;0,00000000
-5,74857097;0,46598175
-5,74357097;0,00000000
-5,73857097;0,00000000
-5,73357097;0,00000000
-5,72857097;0,00000000
-5,72357097;-0,46598175
-5,71857097;0,46598175
-5,71357097;0,46598175
-5,70857097;0,00000000
-5,70357097;0,00000000
-5,69857097;0,46598175
-5,69357097;0,00000000
-5,68857097;0,46598175
-5,68357097;0,46598175
-5,67857097;0,46598175
-5,67357097;0,93196350
-5,66857097;0,93196350
-5,66357097;0,00000000
-5,65857097;0,93196350
-5,65357097;0,00000000
-5,64857097;-0,46598175
-5,64357097;0,00000000
-5,63857097;0,00000000
-5,63357097;0,00000000
-5,62857097;0,46598175
-5,62357097;0,00000000
-5,61857097;0,46598175
-5,61357097;0,00000000
-5,60857097;-0,46598175
-5,60357097;0,00000000
-5,59857097;0,46598175
-5,59357097;0,46598175
-5,58857097;0,46598175
-5,58357097;0,46598175
-5,57857097;0,00000000
-5,57357097;0,00000000
-5,56857097;0,00000000
-5,56357097;0,00000000
-5,55857097;1,39948320
-5,55357097;0,46598175
-5,54857097;-0,93196350
-5,54357097;-0,46598175
-5,53857097;0,46598175
-5,53357097;0,46598175
-5,52857097;1,39948320
-5,52357097;0,46598175
-5,51857097;0,46598175
-5,51357097;0,00000000
-5,50857097;0,00000000
-5,50357097;-0,93196350
-5,49857097;0,00000000
-5,49357097;0,46598175
-5,48857097;-0,93196350
-5,48357097;0,00000000
-5,47857097;0,00000000
-5,47357097;0,00000000
-5,46857097;0,46598175
-5,46357097;0,46598175
-5,45857097;0,46598175
-5,45357097;0,00000000
-5,44857097;0,46598175
-5,44357097;0,00000000
-5,43857097;0,00000000
-5,43357097;0,00000000
-5,42857097;0,00000000
-5,42357098;0,46598175
-5,41857098;0,00000000
-5,41357098;0,46598175
-5,40857098;1,39948320
-5,40357098;0,00000000
-5,39857098;-0,46598175
-5,39357098;0,00000000
-5,38857098;0,46598175
-5,38357098;0,46598175
-5,37857098;0,00000000
-5,37357098;-0,46598175
-5,36857098;0,00000000
-5,36357098;-0,46598175
-5,35857098;-0,93196350
-5,35357098;0,00000000
-5,34857098;0,46598175
-5,34357098;0,00000000
-5,33857098;-0,46598175
-5,33357098;0,00000000
-5,32857098;0,46598175
-5,32357098;0,00000000
-5,31857098;0,46598175
-5,31357098;-0,93196350
-5,30857098;0,93196350
-5,30357098;0,46598175
-5,29857098;0,00000000
-5,29357098;0,93196350
-5,28857098;-0,46598175
-5,28357098;0,00000000
-5,27857098;0,46598175
-5,27357098;-0,93196350
-5,26857098;-0,46598175
-5,26357098;0,46598175
-5,25857098;0,00000000
-5,25357098;-0,46598175
-5,24857098;0,46598175
-5,24357098;-0,46598175
-5,23857098;-3,26648593
-5,23357098;0,46598175
-5,22857098;-1,39948320
-5,22357098;0,00000000
-5,21857098;0,46598175
-5,21357098;0,46598175
-5,20857098;0,46598175
-5,20357098;-0,46598175
-5,19857098;0,00000000
-5,19357098;0,00000000
-5,18857098;0,46598175
-5,18357098;0,46598175
-5,17857098;0,00000000
-5,17357098;-0,93196350
-5,16857098;0,46598175
-5,16357098;0,00000000
-5,15857098;0,00000000
-5,15357098;0,00000000
-5,14857098;0,93196350
-5,14357098;0,46598175
-5,13857098;0,00000000
-5,13357098;0,00000000
-5,12857098;0,93196350
-5,12357098;0,46598175
-5,11857098;0,46598175
-5,11357098;0,00000000
-5,10857098;0,00000000
-5,10357098;0,46598175
-5,09857098;0,00000000
-5,09357098;0,46598175
-5,08857098;0,46598175
-5,08357098;0,00000000
-5,07857098;0,00000000
-5,07357098;0,00000000
-5,06857098;0,46598175
-5,06357098;0,00000000
-5,05857098;0,00000000
-5,05357098;0,00000000
-5,04857098;0,00000000
-5,04357098;0,00000000
-5,03857098;-0,46598175
-5,03357098;0,00000000
-5,02857098;0,46598175
-5,02357099;0,00000000
-5,01857099;0,00000000
-5,01357099;-0,93196350
-5,00857099;0,46598175
-5,00357099;0,46598175
-4,99857099;-0,93196350
-4,99357099;0,00000000
-4,98857099;0,46598175
-4,98357099;-0,46598175
-4,97857099;0,00000000
-4,97357099;0,00000000
-4,96857099;0,00000000
-4,96357099;0,00000000
-4,95857099;1,39948320
-4,95357099;0,46598175
-4,94857099;0,00000000
-4,94357099;-0,93196350
-4,93857099;-0,46598175
-4,93357099;0,46598175
-4,92857099;-0,46598175
-4,92357099;0,46598175
-4,91857099;0,46598175
-4,91357099;-0,46598175
-4,90857099;0,46598175
-4,90357099;0,00000000
-4,89857099;0,46598175
-4,89357099;-0,46598175
-4,88857099;0,00000000
-4,88357099;-0,93196350
-4,87857099;0,46598175
-4,87357099;0,93196350
-4,86857099;0,00000000
-4,86357099;0,46598175
-4,85857099;0,93196350
-4,85357099;0,00000000
-4,84857099;0,46598175
-4,84357099;-0,46598175
-4,83857099;0,00000000
-4,83357099;0,46598175
-4,82857099;0,46598175
-4,82357099;0,93196350
-4,81857099;0,00000000
-4,81357099;-0,46598175
-4,80857099;0,00000000
-4,80357099;-0,93196350
-4,79857099;0,46598175
-4,79357099;0,46598175
-4,78857099;-0,46598175
-4,78357099;0,46598175
-4,77857099;0,00000000
-4,77357099;-1,39948320
-4,76857099;0,00000000
-4,76357099;0,46598175
-4,75857099;0,46598175
-4,75357099;0,00000000
-4,74857099;0,00000000
-4,74357099;-0,46598175
-4,73857099;0,00000000
-4,73357099;-0,46598175
-4,72857099;0,00000000
-4,72357099;-0,46598175
-4,71857099;0,46598175
-4,71357099;0,46598175
-4,70857099;-0,46598175
-4,70357099;2,79896641
-4,69857099;0,93196350
-4,69357099;-0,46598175
-4,68857099;0,00000000
-4,68357099;0,00000000
-4,67857099;0,00000000
-4,67357099;0,46598175
-4,66857099;0,46598175
-4,66357099;0,00000000
-4,65857099;0,46598175
-4,65357099;0,46598175
-4,64857099;-1,86546493
-4,64357099;0,46598175
-4,63857099;0,46598175
-4,63357099;0,46598175
-4,62857100;-0,93196350
-4,62357100;0,00000000
-4,61857100;0,00000000
-4,61357100;0,00000000
-4,60857100;0,00000000
-4,60357100;1,39948320
-4,59857100;0,93196350
-4,59357100;0,46598175
-4,58857100;0,46598175
-4,58357100;0,00000000
-4,57857100;1,39948320
-4,57357100;-0,46598175
-4,56857100;0,46598175
-4,56357100;-0,46598175
-4,55857100;0,46598175
-4,55357100;0,46598175
-4,54857100;-0,46598175
-4,54357100;0,46598175
-4,53857100;0,93196350
-4,53357100;0,00000000
-4,52857100;0,00000000
-4,52357100;0,93196350
-4,51857100;-0,46598175
-4,51357100;0,00000000
-4,50857100;0,93196350
-4,50357100;0,93196350
-4,49857100;-0,93196350
-4,49357100;0,00000000
-4,48857100;0,00000000
-4,48357100;0,00000000
-4,47857100;-0,93196350
-4,47357100;0,46598175
-4,46857100;0,00000000
-4,46357100;-0,46598175
-4,45857100;0,00000000
-4,45357100;-0,46598175
-4,44857100;0,00000000
-4,44357100;0,46598175
-4,43857100;0,00000000
-4,43357100;-0,46598175
-4,42857100;0,46598175
-4,42357100;0,00000000
-4,41857100;0,46598175
-4,41357100;-0,46598175
-4,40857100;0,00000000
-4,40357100;0,46598175
-4,39857100;-0,46598175
-4,39357100;-0,46598175
-4,38857100;0,46598175
-4,38357100;0,00000000
-4,37857100;0,00000000
-4,37357100;1,39948320
-4,36857100;0,00000000
-4,36357100;0,46598175
-4,35857100;0,00000000
-4,35357100;-0,46598175
-4,34857100;0,00000000
-4,34357100;-0,93196350
-4,33857100;0,93196350
-4,33357100;-0,46598175
-4,32857100;0,93196350
-4,32357100;-0,93196350
-4,31857100;0,00000000
-4,31357100;0,46598175
-4,30857100;0,93196350
-4,30357100;1,39948320
-4,29857100;0,46598175
-4,29357100;0,46598175
-4,28857100;-0,46598175
-4,28357100;0,00000000
-4,27857100;0,00000000
-4,27357100;0,46598175
-4,26857100;0,00000000
-4,26357100;0,46598175
-4,25857100;0,46598175
-4,25357100;0,00000000
-4,24857100;0,00000000
-4,24357100;-0,46598175
-4,23857100;-1,86546493
-4,23357101;0,00000000
-4,22857101;0,46598175
-4,22357101;0,00000000
-4,21857101;0,46598175
-4,21357101;0,93196350
-4,20857101;1,39948320
-4,20357101;0,00000000
-4,19857101;0,46598175
-4,19357101;0,00000000
-4,18857101;0,00000000
-4,18357101;-0,46598175
-4,17857101;0,00000000
-4,17357101;-0,46598175
-4,16857101;0,46598175
-4,16357101;0,00000000
-4,15857101;0,46598175
-4,15357101;0,00000000
-4,14857101;0,46598175
-4,14357101;0,46598175
-4,13857101;0,00000000
-4,13357101;0,00000000
-4,12857101;0,46598175
-4,12357101;-0,93196350
-4,11857101;0,00000000
-4,11357101;0,46598175
-4,10857101;-0,93196350
-4,10357101;0,46598175
-4,09857101;0,46598175
-4,09357101;0,93196350
-4,08857101;0,93196350
-4,08357101;-0,93196350
-4,07857101;0,00000000
-4,07357101;0,93196350
-4,06857101;1,39948320
-4,06357101;0,00000000
-4,05857101;-0,46598175
-4,05357101;0,46598175
-4,04857101;0,46598175
-4,04357101;0,46598175
-4,03857101;0,46598175
-4,03357101;0,00000000
-4,02857101;0,46598175
-4,02357101;0,00000000
-4,01857101;0,46598175
-4,01357101;0,46598175
-4,00857101;-0,46598175
-4,00357101;0,00000000
-3,99857101;0,00000000
-3,99357101;-0,46598175
-3,98857101;0,46598175
-3,98357101;0,93196350
-3,97857101;-0,46598175
-3,97357101;0,46598175
-3,96857101;0,00000000
-3,96357101;0,93196350
-3,95857101;0,46598175
-3,95357101;0,93196350
-3,94857101;-0,93196350
-3,94357101;-1,39948320
-3,93857101;-0,93196350
-3,93357101;0,00000000
-3,92857101;-0,93196350
-3,92357101;0,46598175
-3,91857101;0,46598175
-3,91357101;0,00000000
-3,90857101;0,00000000
-3,90357101;-1,39948320
-3,89857101;0,00000000
-3,89357101;0,93196350
-3,88857101;-0,46598175
-3,88357101;0,00000000
-3,87857101;0,46598175
-3,87357101;0,00000000
-3,86857101;0,00000000
-3,86357101;-0,46598175
-3,85857101;0,46598175
-3,85357101;0,00000000
-3,84857101;0,46598175
-3,84357101;-0,46598175
-3,83857102;0,46598175
-3,83357102;-0,46598175
-3,82857102;0,93196350
-3,82357102;0,46598175
-3,81857102;0,46598175
-3,81357102;0,00000000
-3,80857102;0,46598175
-3,80357102;0,00000000
-3,79857102;0,46598175
-3,79357102;0,00000000
-3,78857102;0,46598175
-3,78357102;0,93196350
-3,77857102;0,46598175
-3,77357102;0,46598175
-3,76857102;0,46598175
-3,76357102;0,00000000
-3,75857102;1,86546493
-3,75357102;1,39948320
-3,74857102;0,00000000
-3,74357102;0,46598175
-3,73857102;0,46598175
-3,73357102;-0,46598175
-3,72857102;-0,46598175
-3,72357102;0,00000000
-3,71857102;0,00000000
-3,71357102;-0,46598175
-3,70857102;0,00000000
-3,70357102;0,00000000
-3,69857102;0,00000000
-3,69357102;0,00000000
-3,68857102;0,00000000
-3,68357102;0,00000000
-3,67857102;0,00000000
-3,67357102;0,00000000
-3,66857102;0,00000000
-3,66357102;-0,46598175
-3,65857102;0,93196350
-3,65357102;0,93196350
-3,64857102;0,00000000
-3,64357102;0,46598175
-3,63857102;1,39948320
-3,63357102;0,46598175
-3,62857102;0,00000000
-3,62357102;0,00000000
-3,61857102;0,46598175
-3,61357102;0,00000000
-3,60857102;0,46598175
-3,60357102;0,46598175
-3,59857102;0,46598175
-3,59357102;0,00000000
-3,58857102;0,00000000
-3,58357102;0,00000000
-3,57857102;0,46598175
-3,57357102;0,00000000
-3,56857102;1,86546493
-3,56357102;0,00000000
-3,55857102;1,39948320
-3,55357102;-0,46598175
-3,54857102;-0,46598175
-3,54357102;0,93196350
-3,53857102;0,46598175
-3,53357102;0,00000000
-3,52857102;-0,46598175
-3,52357102;0,46598175
-3,51857102;-0,93196350
-3,51357102;0,46598175
-3,50857102;0,93196350
-3,50357102;-0,46598175
-3,49857102;-0,46598175
-3,49357102;0,00000000
-3,48857102;0,46598175
-3,48357102;0,00000000
-3,47857102;-0,93196350
-3,47357102;-0,46598175
-3,46857102;0,46598175
-3,46357102;0,00000000
-3,45857102;-0,46598175
-3,45357102;0,00000000
-3,44857102;-0,46598175
-3,44357103;0,00000000
-3,43857103;-1,86546493
-3,43357103;0,00000000
-3,42857103;0,00000000
-3,42357103;0,46598175
-3,41857103;0,46598175
-3,41357103;-0,46598175
-3,40857103;-0,46598175
-3,40357103;-0,93196350
-3,39857103;0,46598175
-3,39357103;-0,46598175
-3,38857103;0,46598175
-3,38357103;0,00000000
-3,37857103;0,00000000
-3,37357103;0,93196350
-3,36857103;0,00000000
-3,36357103;0,46598175
-3,35857103;-0,46598175
-3,35357103;-0,93196350
-3,34857103;0,46598175
-3,34357103;0,46598175
-3,33857103;0,93196350
-3,33357103;0,00000000
-3,32857103;0,46598175
-3,32357103;0,46598175
-3,31857103;-0,46598175
-3,31357103;0,00000000
-3,30857103;0,46598175
-3,30357103;0,93196350
-3,29857103;0,46598175
-3,29357103;0,00000000
-3,28857103;-0,46598175
-3,28357103;0,46598175
-3,27857103;0,46598175
-3,27357103;-0,46598175
-3,26857103;-0,46598175
-3,26357103;0,46598175
-3,25857103;0,00000000
-3,25357103;0,46598175
-3,24857103;0,93196350
-3,24357103;0,93196350
-3,23857103;0,93196350
-3,23357103;-0,46598175
-3,22857103;0,00000000
-3,22357103;1,39948320
-3,21857103;0,00000000
-3,21357103;0,00000000
-3,20857103;0,46598175
-3,20357103;-0,46598175
-3,19857103;0,00000000
-3,19357103;0,46598175
-3,18857103;0,46598175
-3,18357103;0,46598175
-3,17857103;0,46598175
-3,17357103;0,00000000
-3,16857103;1,39948320
-3,16357103;0,00000000
-3,15857103;0,46598175
-3,15357103;0,00000000
-3,14857103;0,93196350
-3,14357103;0,00000000
-3,13857103;0,00000000
-3,13357103;0,00000000
-3,12857103;-0,93196350
-3,12357103;0,00000000
-3,11857103;0,00000000
-3,11357103;-0,46598175
-3,10857103;0,46598175
-3,10357103;-0,46598175
-3,09857103;0,93196350
-3,09357103;0,00000000
-3,08857103;0,46598175
-3,08357103;-0,93196350
-3,07857103;0,46598175
-3,07357103;0,00000000
-3,06857103;0,00000000
-3,06357103;-0,46598175
-3,05857103;0,46598175
-3,05357103;0,46598175
-3,04857104;0,00000000
-3,04357104;0,46598175
-3,03857104;0,00000000
-3,03357104;0,46598175
-3,02857104;-0,46598175
-3,02357104;0,46598175
-3,01857104;0,00000000
-3,01357104;0,93196350
-3,00857104;-0,46598175
-3,00357104;-7,00049162
-2,99857104;0,93196350
-2,99357104;0,00000000
-2,98857104;0,00000000
-2,98357104;-0,46598175
-2,97857104;0,00000000
-2,97357104;-0,93196350
-2,96857104;0,00000000
-2,96357104;0,93196350
-2,95857104;-1,86546493
-2,95357104;0,00000000
-2,94857104;0,00000000
-2,94357104;-1,39948320
-2,93857104;0,00000000
-2,93357104;-1,86546493
-2,92857104;0,46598175
-2,92357104;0,46598175
-2,91857104;-0,46598175
-2,91357104;0,00000000
-2,90857104;0,00000000
-2,90357104;0,46598175
-2,89857104;0,00000000
-2,89357104;0,00000000
-2,88857104;0,93196350
-2,88357104;-0,46598175
-2,87857104;0,46598175
-2,87357104;0,00000000
-2,86857104;0,46598175
-2,86357104;-0,46598175
-2,85857104;0,00000000
-2,85357104;0,93196350
-2,84857104;0,46598175
-2,84357104;-0,46598175
-2,83857104;-1,86546493
-2,83357104;0,00000000
-2,82857104;0,46598175
-2,82357104;-0,93196350
-2,81857104;0,46598175
-2,81357104;0,00000000
-2,80857104;0,46598175
-2,80357104;-0,46598175
-2,79857104;-0,93196350
-2,79357104;0,46598175
-2,78857104;0,00000000
-2,78357104;0,00000000
-2,77857104;-0,46598175
-2,77357104;0,00000000
-2,76857104;0,46598175
-2,76357104;0,46598175
-2,75857104;-0,93196350
-2,75357104;0,46598175
-2,74857104;0,00000000
-2,74357104;0,00000000
-2,73857104;0,00000000
-2,73357104;0,00000000
-2,72857104;0,00000000
-2,72357104;0,46598175
-2,71857104;-0,93196350
-2,71357104;0,00000000
-2,70857104;0,46598175
-2,70357104;0,00000000
-2,69857104;0,00000000
-2,69357104;0,46598175
-2,68857104;0,46598175
-2,68357104;0,46598175
-2,67857104;0,46598175
-2,67357104;0,00000000
-2,66857104;0,00000000
-2,66357104;0,00000000
-2,65857104;0,00000000
-2,65357104;0,46598175
-2,64857105;0,46598175
-2,64357105;0,00000000
-2,63857105;0,46598175
-2,63357105;-0,93196350
-2,62857105;0,00000000
-2,62357105;0,00000000
-2,61857105;-0,46598175
-2,61357105;0,00000000
-2,60857105;0,46598175
-2,60357105;-0,46598175
-2,59857105;1,86546493
-2,59357105;0,46598175
-2,58857105;0,46598175
-2,58357105;0,46598175
-2,57857105;0,46598175
-2,57357105;0,00000000
-2,56857105;1,86546493
-2,56357105;-0,46598175
-2,55857105;0,00000000
-2,55357105;0,46598175
-2,54857105;-0,46598175
-2,54357105;0,93196350
-2,53857105;0,93196350
-2,53357105;0,46598175
-2,52857105;0,00000000
-2,52357105;0,93196350
-2,51857105;0,46598175
-2,51357105;0,00000000
-2,50857105;0,46598175
-2,50357105;0,00000000
-2,49857105;0,93196350
-2,49357105;0,00000000
-2,48857105;0,46598175
-2,48357105;0,46598175
-2,47857105;0,00000000
-2,47357105;0,46598175
-2,46857105;0,46598175
-2,46357105;0,93196350
-2,45857105;0,46598175
-2,45357105;-0,93196350
-2,44857105;0,00000000
-2,44357105;-0,46598175
-2,43857105;0,00000000
-2,43357105;-1,86546493
-2,42857105;0,00000000
-2,42357105;-0,46598175
-2,41857105;0,46598175
-2,41357105;-0,46598175
-2,40857105;0,00000000
-2,40357105;-0,46598175
-2,39857105;-4,66596889
-2,39357105;0,46598175
-2,38857105;0,00000000
-2,38357105;0,00000000
-2,37857105;0,46598175
-2,37357105;0,00000000
-2,36857105;-0,46598175
-2,36357105;0,46598175
-2,35857105;-1,39948320
-2,35357105;0,46598175
-2,34857105;0,00000000
-2,34357105;1,39948320
-2,33857105;-0,46598175
-2,33357105;0,00000000
-2,32857105;1,39948320
-2,32357105;0,46598175
-2,31857105;0,00000000
-2,31357105;-0,46598175
-2,30857105;0,46598175
-2,30357105;0,00000000
-2,29857105;0,46598175
-2,29357105;-0,46598175
-2,28857105;0,46598175
-2,28357105;0,00000000
-2,27857105;-0,46598175
-2,27357105;0,46598175
-2,26857105;0,00000000
-2,26357105;0,00000000
-2,25857105;0,00000000
-2,25357106;0,46598175
-2,24857106;0,00000000
-2,24357106;-0,46598175
-2,23857106;0,46598175
-2,23357106;0,00000000
-2,22857106;0,00000000
-2,22357106;0,00000000
-2,21857106;0,00000000
-2,21357106;0,00000000
-2,20857106;0,93196350
-2,20357106;0,00000000
-2,19857106;0,46598175
-2,19357106;-0,46598175
-2,18857106;0,46598175
-2,18357106;-0,93196350
-2,17857106;0,46598175
-2,17357106;0,46598175
-2,16857106;0,00000000
-2,16357106;-0,93196350
-2,15857106;-0,46598175
-2,15357106;-0,46598175
-2,14857106;0,46598175
-2,14357106;0,00000000
-2,13857106;-0,46598175
-2,13357106;0,00000000
-2,12857106;0,00000000
-2,12357106;0,46598175
-2,11857106;0,46598175
-2,11357106;-0,46598175
-2,10857106;0,46598175
-2,10357106;0,46598175
-2,09857106;0,93196350
-2,09357106;1,39948320
-2,08857106;0,46598175
-2,08357106;0,00000000
-2,07857106;-0,46598175
-2,07357106;0,00000000
-2,06857106;0,93196350
-2,06357106;0,00000000
-2,05857106;0,46598175
-2,05357106;0,46598175
-2,04857106;0,46598175
-2,04357106;-0,93196350
-2,03857106;0,46598175
-2,03357106;0,46598175
-2,02857106;0,93196350
-2,02357106;1,39948320
-2,01857106;0,46598175
-2,01357106;0,46598175
-2,00857106;0,46598175
-2,00357106;0,93196350
-1,99857106;0,46598175
-1,99357106;0,00000000
-1,98857106;0,93196350
-1,98357106;0,00000000
-1,97857106;0,46598175
-1,97357106;0,93196350
-1,96857106;0,46598175
-1,96357106;-0,46598175
-1,95857106;0,00000000
-1,95357106;0,00000000
-1,94857106;0,46598175
-1,94357106;-0,46598175
-1,93857106;0,00000000
-1,93357106;0,46598175
-1,92857106;0,46598175
-1,92357106;0,00000000
-1,91857106;0,93196350
-1,91357106;0,00000000
-1,90857106;0,93196350
-1,90357106;-0,46598175
-1,89857106;-0,46598175
-1,89357106;0,00000000
-1,88857106;0,00000000
-1,88357106;0,00000000
-1,87857106;0,46598175
-1,87357106;0,93196350
-1,86857106;0,46598175
-1,86357106;0,46598175
-1,85857107;0,46598175
-1,85357107;0,46598175
-1,84857107;0,00000000
-1,84357107;0,46598175
-1,83857107;0,46598175
-1,83357107;0,93196350
-1,82857107;-0,46598175
-1,82357107;-0,46598175
-1,81857107;0,00000000
-1,81357107;0,00000000
-1,80857107;0,93196350
-1,80357107;0,46598175
-1,79857107;0,00000000
-1,79357107;0,00000000
-1,78857107;-1,39948320
-1,78357107;0,00000000
-1,77857107;0,00000000
-1,77357107;0,00000000
-1,76857107;0,00000000
-1,76357107;0,00000000
-1,75857107;0,46598175
-1,75357107;0,46598175
-1,74857107;0,00000000
-1,74357107;1,39948320
-1,73857107;-0,46598175
-1,73357107;0,00000000
-1,72857107;0,00000000
-1,72357107;0,46598175
-1,71857107;0,46598175
-1,71357107;-0,46598175
-1,70857107;0,00000000
-1,70357107;-0,46598175
-1,69857107;0,46598175
-1,69357107;0,46598175
-1,68857107;0,00000000
-1,68357107;-0,93196350
-1,67857107;-0,46598175
-1,67357107;-0,46598175
-1,66857107;0,00000000
-1,66357107;0,00000000
-1,65857107;0,46598175
-1,65357107;0,00000000
-1,64857107;0,00000000
-1,64357107;0,46598175
-1,63857107;0,93196350
-1,63357107;0,00000000
-1,62857107;0,00000000
-1,62357107;0,46598175
-1,61857107;0,00000000
-1,61357107;-0,46598175
-1,60857107;0,00000000
-1,60357107;0,00000000
-1,59857107;0,46598175
-1,59357107;0,00000000
-1,58857107;0,00000000
-1,58357107;-0,46598175
-1,57857107;0,93196350
-1,57357107;-0,93196350
-1,56857107;0,46598175
-1,56357107;0,00000000
-1,55857107;0,00000000
-1,55357107;0,00000000
-1,54857107;-0,46598175
-1,54357107;0,93196350
-1,53857107;0,46598175
-1,53357107;0,46598175
-1,52857107;0,46598175
-1,52357107;0,46598175
-1,51857107;0,46598175
-1,51357107;0,46598175
-1,50857107;0,00000000
-1,50357107;0,46598175
-1,49857107;0,00000000
-1,49357107;0,00000000
-1,48857107;0,46598175
-1,48357107;0,00000000
-1,47857107;0,46598175
-1,47357107;0,00000000
-1,46857107;-0,93196350
-1,46357108;0,46598175
-1,45857108;0,46598175
-1,45357108;0,00000000
-1,44857108;0,46598175
-1,44357108;0,46598175
-1,43857108;0,00000000
-1,43357108;0,46598175
-1,42857108;0,00000000
-1,42357108;0,00000000
-1,41857108;0,46598175
-1,41357108;0,46598175
-1,40857108;-0,46598175
-1,40357108;0,46598175
-1,39857108;0,46598175
-1,39357108;0,00000000
-1,38857108;-0,93196350
-1,38357108;0,46598175
-1,37857108;0,46598175
-1,37357108;0,46598175
-1,36857108;0,00000000
-1,36357108;0,93196350
-1,35857108;-1,39948320
-1,35357108;1,39948320
-1,34857108;0,46598175
-1,34357108;-0,93196350
-1,33857108;0,46598175
-1,33357108;-0,93196350
-1,32857108;0,93196350
-1,32357108;0,00000000
-1,31857108;0,00000000
-1,31357108;-0,46598175
-1,30857108;0,46598175
-1,30357108;0,46598175
-1,29857108;0,00000000
-1,29357108;0,00000000
-1,28857108;0,00000000
-1,28357108;0,46598175
-1,27857108;0,00000000
-1,27357108;-0,46598175
-1,26857108;-0,46598175
-1,26357108;0,00000000
-1,25857108;0,00000000
-1,25357108;-0,46598175
-1,24857108;0,93196350
-1,24357108;-0,46598175
-1,23857108;0,00000000
-1,23357108;0,00000000
-1,22857108;0,00000000
-1,22357108;0,00000000
-1,21857108;0,46598175
-1,21357108;0,00000000
-1,20857108;0,00000000
-1,20357108;0,00000000
-1,19857108;0,46598175
-1,19357108;0,00000000
-1,18857108;0,46598175
-1,18357108;-0,46598175
-1,17857108;0,46598175
-1,17357108;0,93196350
-1,16857108;0,93196350
-1,16357108;0,00000000
-1,15857108;0,00000000
-1,15357108;-0,46598175
-1,14857108;0,46598175
-1,14357108;0,46598175
-1,13857108;-0,46598175
-1,13357108;0,93196350
-1,12857108;0,46598175
-1,12357108;0,46598175
-1,11857108;0,46598175
-1,11357108;0,93196350
-1,10857108;0,00000000
-1,10357108;-0,46598175
-1,09857108;0,00000000
-1,09357108;0,00000000
-1,08857108;0,00000000
-1,08357108;0,00000000
-1,07857108;0,00000000
-1,07357108;0,46598175
-1,06857109;0,46598175
-1,06357109;0,46598175
-1,05857109;0,00000000
-1,05357109;0,93196350
-1,04857109;0,00000000
-1,04357109;0,00000000
-1,03857109;0,46598175
-1,03357109;0,46598175
-1,02857109;-1,86546493
-1,02357109;0,93196350
-1,01857109;0,46598175
-1,01357109;0,00000000
-1,00857109;-0,46598175
-1,00357109;0,46598175
-0,99857109;-0,46598175
-0,99357109;0,00000000
-0,98857109;0,46598175
-0,98357109;0,00000000
-0,97857109;0,46598175
-0,97357109;0,46598175
-0,96857109;0,00000000
-0,96357109;0,00000000
-0,95857109;-0,46598175
-0,95357109;-0,46598175
-0,94857109;0,00000000
-0,94357109;0,93196350
-0,93857109;0,93196350
-0,93357109;-0,46598175
-0,92857109;0,46598175
-0,92357109;0,93196350
-0,91857109;0,00000000
-0,91357109;0,00000000
-0,90857109;0,00000000
-0,90357109;0,46598175
-0,89857109;0,00000000
-0,89357109;0,00000000
-0,88857109;0,00000000
-0,88357109;0,00000000
-0,87857109;0,00000000
-0,87357109;-0,46598175
-0,86857109;0,46598175
-0,86357109;0,00000000
-0,85857109;0,46598175
-0,85357109;0,46598175
-0,84857109;0,46598175
-0,84357109;0,00000000
-0,83857109;0,46598175
-0,83357109;0,46598175
-0,82857109;0,00000000
-0,82357109;0,46598175
-0,81857109;0,46598175
-0,81357109;0,00000000
-0,80857109;0,00000000
-0,80357109;0,00000000
-0,79857109;-0,46598175
-0,79357109;0,00000000
-0,78857109;0,00000000
-0,78357109;0,46598175
-0,77857109;0,46598175
-0,77357109;0,46598175
-0,76857109;0,46598175
-0,76357109;-0,93196350
-0,75857109;-0,93196350
-0,75357109;0,46598175
-0,74857109;-0,46598175
-0,74357109;0,00000000
-0,73857109;0,00000000
-0,73357109;0,46598175
-0,72857109;0,93196350
-0,72357109;0,00000000
-0,71857109;-0,46598175
-0,71357109;0,46598175
-0,70857109;0,00000000
-0,70357109;0,46598175
-0,69857109;0,46598175
-0,69357109;0,00000000
-0,68857109;0,00000000
-0,68357109;0,93196350
-0,67857109;0,93196350
-0,67357110;0,00000000
-0,66857110;0,00000000
-0,66357110;-0,93196350
-0,65857110;0,93196350
-0,65357110;0,46598175
-0,64857110;0,00000000
-0,64357110;0,46598175
-0,63857110;0,46598175
-0,63357110;-0,46598175
-0,62857110;0,00000000
-0,62357110;0,00000000
-0,61857110;0,46598175
-0,61357110;0,46598175
-0,60857110;0,46598175
-0,60357110;0,00000000
-0,59857110;-0,93196350
-0,59357110;0,93196350
-0,58857110;-0,46598175
-0,58357110;-0,93196350
-0,57857110;-0,46598175
-0,57357110;0,46598175
-0,56857110;-0,46598175
-0,56357110;-0,46598175
-0,55857110;0,00000000
-0,55357110;0,00000000
-0,54857110;0,93196350
-0,54357110;0,00000000
-0,53857110;-0,46598175
-0,53357110;0,46598175
-0,52857110;-0,46598175
-0,52357110;0,93196350
-0,51857110;0,00000000
-0,51357110;0,46598175
-0,50857110;0,46598175
-0,50357110;0,00000000
-0,49857110;-0,46598175
-0,49357110;-0,46598175
-0,48857110;0,46598175
-0,48357110;0,46598175
-0,47857110;0,00000000
-0,47357110;0,46598175
-0,46857110;0,00000000
-0,46357110;0,00000000
-0,45857110;0,46598175
-0,45357110;0,00000000
-0,44857110;0,00000000
-0,44357110;0,00000000
-0,43857110;-0,93196350
-0,43357110;0,00000000
-0,42857110;0,46598175
-0,42357110;0,93196350
-0,41857110;0,46598175
-0,41357110;0,00000000
-0,40857110;0,46598175
-0,40357110;0,46598175
-0,39857110;0,00000000
-0,39357110;0,00000000
-0,38857110;0,93196350
-0,38357110;0,93196350
-0,37857110;-2,33298445
-0,37357110;0,00000000
-0,36857110;-0,93196350
-0,36357110;0,00000000
-0,35857110;0,46598175
-0,35357110;0,00000000
-0,34857110;0,93196350
-0,34357110;0,46598175
-0,33857110;0,46598175
-0,33357110;0,46598175
-0,32857110;0,93196350
-0,32357110;0,00000000
-0,31857110;0,00000000
-0,31357110;-0,46598175
-0,30857110;-0,46598175
-0,30357110;-0,46598175
-0,29857110;0,46598175
-0,29357110;0,00000000
-0,28857110;-0,46598175
-0,28357110;0,46598175
-0,27857110;0,93196350
-0,27357111;0,00000000
-0,26857111;0,46598175
-0,26357111;0,46598175
-0,25857111;0,00000000
-0,25357111;0,93196350
-0,24857111;0,00000000
-0,24357111;0,93196350
-0,23857111;0,00000000
-0,23357111;0,46598175
-0,22857111;-0,46598175
-0,22357111;-0,46598175
-0,21857111;0,00000000
-0,21357111;-0,46598175
-0,20857111;0,00000000
-0,20357111;0,93196350
-0,19857111;-0,46598175
-0,19357111;0,00000000
-0,18857111;0,46598175
-0,18357111;-0,93196350
-0,17857111;0,00000000
-0,17357111;-0,46598175
-0,16857111;0,46598175
-0,16357111;0,46598175
-0,15857111;0,46598175
-0,15357111;0,00000000
-0,14857111;0,00000000
-0,14357111;0,93196350
-0,13857111;0,93196350
-0,13357111;-0,46598175
-0,12857111;1,86546493
-0,12357111;-0,46598175
-0,11857111;0,46598175
-0,11357111;0,93196350
-0,10857111;-0,46598175
-0,10357111;-0,46598175
-0,09857111;0,93196350
-0,09357111;0,46598175
-0,08857111;0,46598175
-0,08357111;0,46598175
-0,07857111;0,00000000
-0,07357111;0,00000000
-0,06857111;0,00000000
-0,06357111;0,93196350
-0,05857111;0,46598175
-0,05357111;0,46598175
-0,04857111;0,00000000
-0,04357111;-0,46598175
-0,03857111;-0,93196350
-0,03357111;0,93196350
-0,02857111;0,93196350
-0,02357111;0,00000000
-0,01857111;0,46598175
-0,01357111;0,00000000
-0,00857111;0,00000000
-0,00357111;0,00000000
0,00142889;3,26648593
0,00642889;0,00000000
0,01142889;0,00000000
0,01642889;0,00000000
0,02142889;-0,93196350
0,02642889;0,00000000
0,03142889;0,46598175
0,03642889;0,46598175
0,04142889;0,00000000
0,04642889;0,00000000
0,05142889;0,00000000
0,05642889;0,93196350
0,06142889;0,00000000
0,06642889;0,46598175
0,07142889;-0,46598175
0,07642889;0,46598175
0,08142889;0,46598175
0,08642889;-0,93196350
0,09142889;0,00000000
0,09642889;0,46598175
0,10142889;-3,73246789
0,10642889;0,46598175
0,11142889;-0,46598175
0,11642889;0,00000000
0,12142888;0,00000000
0,12642888;0,46598175
0,13142888;0,00000000
0,13642888;0,46598175
0,14142888;-0,46598175
0,14642888;0,46598175
0,15142888;0,93196350
0,15642888;0,00000000
0,16142888;0,00000000
0,16642888;0,00000000
0,17142888;0,46598175
0,17642888;0,00000000
0,18142888;0,46598175
0,18642888;-0,93196350
0,19142888;0,00000000
0,19642888;0,46598175
0,20142888;-0,46598175
0,20642888;0,00000000
0,21142888;0,00000000
0,21642888;0,46598175
0,22142888;0,93196350
0,22642888;0,46598175
0,23142888;0,00000000
0,23642888;0,46598175
0,24142888;0,00000000
0,24642888;0,00000000
0,25142888;-0,46598175
0,25642888;0,46598175
0,26142888;0,46598175
0,26642888;0,46598175
0,27142888;0,00000000
0,27642888;0,93196350
0,28142888;0,00000000
0,28642888;0,93196350
0,29142888;-0,46598175
0,29642888;0,00000000
0,30142888;0,46598175
0,30642888;0,93196350
0,31142888;0,46598175
0,31642888;-0,46598175
0,32142888;-0,93196350
0,32642888;0,46598175
0,33142888;0,46598175
0,33642888;0,00000000
0,34142888;0,93196350
0,34642888;-0,46598175
0,35142888;0,00000000
0,35642888;0,46598175
0,36142888;0,46598175
0,36642888;-0,93196350
0,37142888;0,46598175
0,37642888;0,00000000
0,38142888;0,00000000
0,38642888;0,00000000
0,39142888;0,46598175
0,39642888;0,46598175
0,40142888;0,46598175
0,40642888;-0,93196350
0,41142888;0,00000000
0,41642888;0,00000000
0,42142888;0,00000000
0,42642888;0,00000000
0,43142888;0,00000000
0,43642888;0,00000000
0,44142888;-0,93196350
0,44642888;0,46598175
0,45142888;0,46598175
0,45642888;1,86546493
0,46142888;0,00000000
0,46642888;0,00000000
0,47142888;1,39948320
0,47642888;0,00000000
0,48142888;0,00000000
0,48642888;0,93196350
0,49142888;0,00000000
0,49642888;0,46598175
0,50142888;-0,93196350
0,50642888;0,46598175
0,51142888;0,00000000
0,51642887;0,93196350
0,52142887;0,00000000
0,52642887;0,00000000
0,53142887;0,46598175
0,53642887;0,00000000
0,54142887;0,00000000
0,54642887;0,46598175
0,55142887;0,00000000
0,55642887;0,00000000
0,56142887;0,93196350
0,56642887;0,46598175
0,57142887;0,00000000
0,57642887;0,46598175
0,58142887;0,46598175
0,58642887;9,80099583
0,59142887;0,46598175
0,59642887;0,93196350
0,60142887;-0,46598175
0,60642887;0,00000000
0,61142887;-0,46598175
0,61642887;-0,46598175
0,62142887;0,00000000
0,62642887;0,46598175
0,63142887;0,93196350
0,63642887;0,46598175
0,64142887;0,46598175
0,64642887;0,46598175
0,65142887;0,46598175
0,65642887;-0,46598175
0,66142887;0,46598175
0,66642887;0,00000000
0,67142887;0,93196350
0,67642887;0,00000000
0,68142887;-0,46598175
0,68642887;0,46598175
0,69142887;0,00000000
0,69642887;0,00000000
0,70142887;0,00000000
0,70642887;-0,93196350
0,71142887;-2,33298445
0,71642887;0,00000000
0,72142887;0,00000000
0,72642887;0,46598175
0,73142887;0,00000000
0,73642887;0,93196350
0,74142887;0,93196350
0,74642887;0,46598175
0,75142887;0,46598175
0,75642887;0,00000000
0,76142887;0,46598175
0,76642887;0,46598175
0,77142887;0,46598175
0,77642887;0,46598175
0,78142887;0,46598175
0,78642887;0,00000000
0,79142887;0,00000000
0,79642887;0,46598175
0,80142887;0,00000000
0,80642887;-0,46598175
0,81142887;0,00000000
0,81642887;-0,46598175
0,82142887;1,39948320
0,82642887;0,00000000
0,83142887;-0,46598175
0,83642887;0,93196350
0,84142887;0,00000000
0,84642887;-0,46598175
0,85142887;0,93196350
0,85642887;0,00000000
0,86142887;0,00000000
0,86642887;0,46598175
0,87142887;-0,46598175
0,87642887;0,46598175
0,88142887;0,00000000
0,88642887;0,46598175
0,89142887;0,46598175
0,89642887;0,00000000
0,90142887;0,46598175
0,90642887;0,46598175
0,91142886;0,46598175
0,91642886;0,46598175
0,92142886;0,00000000
0,92642886;0,00000000
0,93142886;0,46598175
0,93642886;0,00000000
0,94142886;0,00000000
0,94642886;0,00000000
0,95142886;0,46598175
0,95642886;0,00000000
0,96142886;0,46598175
0,96642886;0,46598175
0,97142886;0,46598175
0,97642886;0,00000000
0,98142886;0,46598175
0,98642886;-0,93196350
0,99142886;0,93196350
0,99642886;-1,39948320
1,00142886;0,46598175
1,00642886;0,00000000
1,01142886;0,00000000
1,01642886;0,00000000
1,02142886;0,46598175
1,02642886;0,93196350
1,03142886;0,46598175
1,03642886;-0,93196350
1,04142886;0,00000000
1,04642886;-0,93196350
1,05142886;0,46598175
1,05642886;0,00000000
1,06142886;-0,46598175
1,06642886;0,46598175
1,07142886;-0,93196350
1,07642886;0,00000000
1,08142886;0,46598175
1,08642886;0,46598175
1,09142886;0,46598175
1,09642886;0,00000000
1,10142886;0,46598175
1,10642886;0,46598175
1,11142886;0,46598175
1,11642886;0,00000000
1,12142886;0,46598175
1,12642886;0,46598175
1,13142886;0,00000000
1,13642886;0,46598175
1,14142886;0,00000000
1,14642886;-0,46598175
1,15142886;0,00000000
1,15642886;0,00000000
1,16142886;0,00000000
1,16642886;0,00000000
1,17142886;0,46598175
1,17642886;0,00000000
1,18142886;0,00000000
1,18642886;0,00000000
1,19142886;0,00000000
1,19642886;0,00000000
1,20142886;0,46598175
1,20642886;0,46598175
1,21142886;0,46598175
1,21642886;0,00000000
1,22142886;0,00000000
1,22642886;0,46598175
1,23142886;0,00000000
1,23642886;-0,93196350
1,24142886;0,46598175
1,24642886;-0,46598175
1,25142886;-0,46598175
1,25642886;0,46598175
1,26142886;0,00000000
1,26642886;-0,46598175
1,27142886;0,46598175
1,27642886;0,46598175
1,28142886;2,33298445
1,28642886;-0,93196350
1,29142886;0,46598175
1,29642886;-1,39948320
1,30142886;0,00000000
1,30642885;0,00000000
1,31142885;0,00000000
1,31642885;0,00000000
1,32142885;0,00000000
1,32642885;0,46598175
1,33142885;0,00000000
1,33642885;-0,46598175
1,34142885;0,46598175
1,34642885;-0,93196350
1,35142885;0,46598175
1,35642885;0,00000000
1,36142885;0,93196350
1,36642885;0,00000000
1,37142885;0,00000000
1,37642885;0,00000000
1,38142885;0,46598175
1,38642885;0,00000000
1,39142885;0,00000000
1,39642885;0,46598175
1,40142885;0,00000000
1,40642885;-0,46598175
1,41142885;0,00000000
1,41642885;0,46598175
1,42142885;0,00000000
1,42642885;0,00000000
1,43142885;-0,46598175
1,43642885;-0,46598175
1,44142885;0,00000000
1,44642885;0,00000000
1,45142885;0,46598175
1,45642885;0,00000000
1,46142885;0,46598175
1,46642885;0,00000000
1,47142885;1,39948320
1,47642885;-0,46598175
1,48142885;0,46598175
1,48642885;0,00000000
1,49142885;-0,46598175
1,49642885;-0,46598175
1,50142885;0,00000000
1,50642885;0,00000000
1,51142885;0,46598175
1,51642885;0,00000000
1,52142885;0,00000000
1,52642885;-0,46598175
1,53142885;0,46598175
1,53642885;0,00000000
1,54142885;0,46598175
1,54642885;0,00000000
1,55142885;0,00000000
1,55642885;0,00000000
1,56142885;0,00000000
1,56642885;-0,93196350
1,57142885;0,93196350
1,57642885;0,00000000
1,58142885;0,46598175
1,58642885;0,00000000
1,59142885;-0,93196350
1,59642885;0,00000000
1,60142885;-0,46598175
1,60642885;0,00000000
1,61142885;0,46598175
1,61642885;-0,46598175
1,62142885;0,46598175
1,62642885;0,93196350
1,63142885;0,46598175
1,63642885;0,00000000
1,64142885;-0,46598175
1,64642885;0,46598175
1,65142885;0,00000000
1,65642885;0,00000000
1,66142885;0,00000000
1,66642885;0,00000000
1,67142885;1,86546493
1,67642885;0,46598175
1,68142885;0,46598175
1,68642885;0,93196350
1,69142885;0,00000000
1,69642885;0,46598175
1,70142884;-0,93196350
1,70642884;0,00000000
1,71142884;0,93196350
1,71642884;0,00000000
1,72142884;0,93196350
1,72642884;0,00000000
1,73142884;-0,46598175
1,73642884;0,93196350
1,74142884;0,46598175
1,74642884;0,00000000
1,75142884;0,00000000
1,75642884;0,00000000
1,76142884;0,00000000
1,76642884;0,46598175
1,77142884;0,00000000
1,77642884;0,00000000
1,78142884;0,46598175
1,78642884;0,46598175
1,79142884;0,46598175
1,79642884;0,00000000
1,80142884;-0,46598175
1,80642884;-0,46598175
1,81142884;-0,93196350
1,81642884;0,00000000
1,82142884;0,46598175
1,82642884;0,46598175
1,83142884;0,93196350
1,83642884;0,00000000
1,84142884;0,00000000
1,84642884;0,00000000
1,85142884;0,00000000
1,85642884;0,00000000
1,86142884;0,46598175
1,86642884;0,00000000
1,87142884;0,46598175
1,87642884;-0,46598175
1,88142884;0,00000000
1,88642884;-1,39948320
1,89142884;0,93196350
1,89642884;0,46598175
1,90142884;0,00000000
1,90642884;0,46598175
1,91142884;-0,46598175
1,91642884;-0,46598175
1,92142884;0,00000000
1,92642884;0,46598175
1,93142884;-0,46598175
1,93642884;-0,46598175
1,94142884;0,93196350
1,94642884;0,46598175
1,95142884;0,46598175
1,95642884;0,00000000
1,96142884;0,00000000
1,96642884;0,46598175
1,97142884;0,00000000
1,97642884;-0,46598175
1,98142884;0,00000000
1,98642884;0,00000000
1,99142884;-0,46598175
1,99642884;0,00000000
2,00142884;-0,93196350
2,00642884;0,00000000
2,01142884;0,00000000
2,01642884;0,00000000
2,02142884;0,46598175
2,02642884;0,00000000
2,03142884;0,00000000
2,03642884;0,00000000
2,04142884;0,00000000
2,04642884;0,46598175
2,05142884;0,00000000
2,05642884;0,46598175
2,06142884;0,46598175
2,06642884;-0,46598175
2,07142884;0,46598175
2,07642884;0,46598175
2,08142884;-0,93196350
2,08642884;0,00000000
2,09142884;0,00000000
2,09642884;0,00000000
2,10142883;-0,46598175
2,10642883;0,00000000
2,11142883;0,00000000
2,11642883;0,46598175
2,12142883;0,46598175
2,12642883;0,00000000
2,13142883;0,00000000
2,13642883;0,00000000
2,14142883;-0,46598175
2,14642883;0,00000000
2,15142883;-0,46598175
2,15642883;0,00000000
2,16142883;0,00000000
2,16642883;-0,46598175
2,17142883;0,46598175
2,17642883;-3,73246789
2,18142883;-0,46598175
2,18642883;0,46598175
2,19142883;-0,46598175
2,19642883;-0,46598175
2,20142883;0,00000000
2,20642883;0,00000000
2,21142883;0,93196350
2,21642883;2,33298445
2,22142883;0,00000000
2,22642883;0,00000000
2,23142883;0,00000000
2,23642883;0,00000000
2,24142883;0,00000000
2,24642883;0,46598175
2,25142883;-0,46598175
2,25642883;0,00000000
2,26142883;0,46598175
2,26642883;0,00000000
2,27142883;0,00000000
2,27642883;0,93196350
2,28142883;0,46598175
2,28642883;0,00000000
2,29142883;0,00000000
2,29642883;0,00000000
2,30142883;-0,46598175
2,30642883;0,00000000
2,31142883;0,00000000
2,31642883;0,00000000
2,32142883;0,00000000
2,32642883;0,46598175
2,33142883;0,46598175
2,33642883;0,00000000
2,34142883;0,46598175
2,34642883;0,00000000
2,35142883;1,86546493
2,35642883;0,46598175
2,36142883;0,46598175
2,36642883;0,00000000
2,37142883;0,00000000
2,37642883;-0,46598175
2,38142883;0,46598175
2,38642883;0,46598175
2,39142883;-0,46598175
2,39642883;-0,46598175
2,40142883;-0,93196350
2,40642883;0,93196350
2,41142883;0,46598175
2,41642883;-0,46598175
2,42142883;0,46598175
2,42642883;0,00000000
2,43142883;0,00000000
2,43642883;0,00000000
2,44142883;0,46598175
2,44642883;0,46598175
2,45142883;0,93196350
2,45642883;0,00000000
2,46142883;-0,46598175
2,46642883;0,93196350
2,47142883;0,46598175
2,47642883;0,00000000
2,48142883;0,46598175
2,48642883;-0,46598175
2,49142883;0,00000000
2,49642882;0,00000000
2,50142882;0,46598175
2,50642882;0,00000000
2,51142882;0,00000000
2,51642882;0,46598175
2,52142882;0,00000000
2,52642882;0,93196350
2,53142882;-0,46598175
2,53642882;0,00000000
2,54142882;0,46598175
2,54642882;-0,93196350
2,55142882;0,46598175
2,55642882;-0,93196350
2,56142882;0,46598175
2,56642882;0,00000000
2,57142882;0,46598175
2,57642882;0,00000000
2,58142882;0,46598175
2,58642882;0,00000000
2,59142882;-0,93196350
2,59642882;0,00000000
2,60142882;-1,39948320
2,60642882;-0,93196350
2,61142882;0,46598175
2,61642882;0,00000000
2,62142882;-0,46598175
2,62642882;-0,46598175
2,63142882;0,46598175
2,63642882;0,46598175
2,64142882;-0,46598175
2,64642882;0,00000000
2,65142882;0,46598175
2,65642882;0,00000000
2,66142882;0,46598175
2,66642882;0,00000000
2,67142882;-0,46598175
2,67642882;0,93196350
2,68142882;0,46598175
2,68642882;-0,46598175
2,69142882;0,00000000
2,69642882;0,46598175
2,70142882;0,46598175
2,70642882;0,00000000
2,71142882;0,00000000
2,71642882;-0,46598175
2,72142882;0,46598175
2,72642882;0,00000000
2,73142882;0,00000000
2,73642882;0,00000000
2,74142882;0,46598175
2,74642882;0,00000000
2,75142882;-0,46598175
2,75642882;0,46598175
2,76142882;0,46598175
2,76642882;0,46598175
2,77142882;0,00000000
2,77642882;-0,93196350
2,78142882;0,46598175
2,78642882;0,46598175
2,79142882;0,46598175
2,79642882;0,00000000
2,80142882;0,46598175
2,80642882;-0,93196350
2,81142882;0,00000000
2,81642882;0,93196350
2,82142882;0,46598175
2,82642882;1,86546493
2,83142882;0,00000000
2,83642882;0,46598175
2,84142882;0,46598175
2,84642882;-0,46598175
2,85142882;0,00000000
2,85642882;0,46598175
2,86142882;0,46598175
2,86642882;0,00000000
2,87142882;-2,79896641
2,87642882;0,00000000
2,88142882;0,46598175
2,88642882;0,00000000
2,89142881;0,00000000
2,89642881;0,00000000
2,90142881;0,93196350
2,90642881;0,46598175
2,91142881;0,93196350
2,91642881;0,46598175
2,92142881;-0,46598175
2,92642881;2,33298445
2,93142881;0,46598175
2,93642881;-0,46598175
2,94142881;0,00000000
2,94642881;0,00000000
2,95142881;0,00000000
2,95642881;0,00000000
2,96142881;0,46598175
2,96642881;0,00000000
2,97142881;1,39948320
2,97642881;-0,46598175
2,98142881;0,00000000
2,98642881;0,00000000
2,99142881;0,00000000
2,99642881;0,00000000
3,00142881;-0,46598175
3,00642881;0,00000000
3,01142881;0,46598175
3,01642881;0,00000000
3,02142881;0,00000000
3,02642881;0,46598175
3,03142881;0,00000000
3,03642881;0,00000000
3,04142881;-0,93196350
3,04642881;0,93196350
3,05142881;0,46598175
3,05642881;0,00000000
3,06142881;0,00000000
3,06642881;0,00000000
3,07142881;-0,93196350
3,07642881;0,46598175
3,08142881;0,00000000
3,08642881;0,46598175
3,09142881;0,46598175
3,09642881;0,46598175
3,10142881;0,46598175
3,10642881;0,93196350
3,11142881;0,93196350
3,11642881;0,46598175
3,12142881;1,39948320
3,12642881;-0,93196350
3,13142881;-0,46598175
3,13642881;0,00000000
3,14142881;0,46598175
3,14642881;0,93196350
3,15142881;0,46598175
3,15642881;0,46598175
3,16142881;0,00000000
3,16642881;-0,93196350
3,17142881;0,46598175
3,17642881;0,00000000
3,18142881;-0,93196350
3,18642881;0,00000000
3,19142881;0,46598175
3,19642881;0,00000000
3,20142881;0,00000000
3,20642881;0,46598175
3,21142881;0,46598175
3,21642881;0,00000000
3,22142881;0,46598175
3,22642881;0,46598175
3,23142881;0,00000000
3,23642881;0,00000000
3,24142881;0,93196350
3,24642881;0,00000000
3,25142881;0,00000000
3,25642881;0,00000000
3,26142881;-0,93196350
3,26642881;-0,46598175
3,27142881;0,00000000
3,27642881;-0,46598175
3,28142881;0,00000000
3,28642880;1,86546493
3,29142880;-0,46598175
3,29642880;-0,46598175
3,30142880;0,00000000
3,30642880;0,93196350
3,31142880;0,00000000
3,31642880;-1,86546493
3,32142880;-0,46598175
3,32642880;0,00000000
3,33142880;-0,46598175
3,33642880;7,46647358
3,34142880;0,46598175
3,34642880;0,00000000
3,35142880;0,46598175
3,35642880;0,46598175
3,36142880;0,00000000
3,36642880;0,93196350
3,37142880;-0,46598175
3,37642880;0,00000000
3,38142880;0,46598175
3,38642880;0,46598175
3,39142880;0,46598175
3,39642880;-0,46598175
3,40142880;0,00000000
3,40642880;0,00000000
3,41142880;0,00000000
3,41642880;-0,46598175
3,42142880;0,46598175
3,42642880;0,46598175
3,43142880;0,00000000
3,43642880;0,46598175
3,44142880;0,00000000
3,44642880;-0,93196350
3,45142880;-1,39948320
3,45642880;-0,46598175
3,46142880;-0,46598175
3,46642880;0,93196350
3,47142880;0,46598175
3,47642880;0,46598175
3,48142880;0,00000000
3,48642880;-0,46598175
3,49142880;-0,46598175
3,49642880;0,46598175
3,50142880;0,00000000
3,50642880;3,26648593
3,51142880;0,93196350
3,51642880;0,00000000
3,52142880;0,46598175
3,52642880;-1,39948320
3,53142880;0,00000000
3,53642880;0,93196350
3,54142880;0,00000000
3,54642880;0,00000000
3,55142880;0,00000000
3,55642880;0,46598175
3,56142880;0,46598175
3,56642880;0,00000000
3,57142880;0,00000000
3,57642880;0,00000000
3,58142880;0,00000000
3,58642880;-0,93196350
3,59142880;0,46598175
3,59642880;-0,46598175
3,60142880;0,46598175
3,60642880;-0,46598175
3,61142880;0,00000000
3,61642880;0,00000000
3,62142880;0,46598175
3,62642880;-0,93196350
3,63142880;0,00000000
3,63642880;-0,46598175
3,64142880;0,46598175
3,64642880;0,46598175
3,65142880;0,46598175
3,65642880;0,46598175
3,66142880;0,46598175
3,66642880;0,00000000
3,67142880;0,46598175
3,67642880;0,93196350
3,68142879;0,00000000
3,68642879;0,93196350
3,69142879;0,46598175
3,69642879;-0,46598175
3,70142879;-1,39948320
3,70642879;0,00000000
3,71142879;0,93196350
3,71642879;0,00000000
3,72142879;0,46598175
3,72642879;0,46598175
3,73142879;0,00000000
3,73642879;0,93196350
3,74142879;0,93196350
3,74642879;-0,46598175
3,75142879;0,46598175
3,75642879;0,93196350
3,76142879;0,46598175
3,76642879;0,00000000
3,77142879;-1,86546493
3,77642879;0,00000000
3,78142879;0,00000000
3,78642879;-0,46598175
3,79142879;0,00000000
3,79642879;0,00000000
3,80142879;0,46598175
3,80642879;-0,93196350
3,81142879;1,39948320
3,81642879;0,00000000
3,82142879;0,00000000
3,82642879;0,00000000
3,83142879;0,46598175
3,83642879;0,46598175
3,84142879;0,46598175
3,84642879;1,39948320
3,85142879;0,00000000
3,85642879;-0,93196350
3,86142879;0,00000000
3,86642879;0,93196350
3,87142879;-0,93196350
3,87642879;0,46598175
3,88142879;0,00000000
3,88642879;1,39948320
3,89142879;0,93196350
3,89642879;0,46598175
3,90142879;0,46598175
3,90642879;0,93196350
3,91142879;0,00000000
3,91642879;0,00000000
3,92142879;0,00000000
3,92642879;0,46598175
3,93142879;0,00000000
3,93642879;0,00000000
3,94142879;0,46598175
3,94642879;-7,00049162
3,95142879;-1,86546493
3,95642879;-0,46598175
3,96142879;-0,46598175
3,96642879;0,46598175
3,97142879;1,39948320
3,97642879;-0,93196350
3,98142879;0,46598175
3,98642879;0,00000000
3,99142879;0,93196350
3,99642879;0,00000000
4,00142879;0,46598175
4,00642879;0,46598175
4,01142879;0,00000000
4,01642879;0,93196350
4,02142879;-0,93196350
4,02642879;-0,46598175
4,03142879;0,00000000
4,03642879;-0,93196350
4,04142879;0,93196350
4,04642879;0,46598175
4,05142879;0,46598175
4,05642879;0,46598175
4,06142879;0,00000000
4,06642879;0,00000000
4,07142879;0,00000000
4,07642878;-0,46598175
4,08142878;0,93196350
4,08642878;0,93196350
4,09142878;0,00000000
4,09642878;0,46598175
4,10142878;-1,39948320
4,10642878;0,93196350
4,11142878;0,00000000
4,11642878;0,00000000
4,12142878;-0,46598175
4,12642878;0,46598175
4,13142878;0,46598175
4,13642878;0,00000000
4,14142878;-0,93196350
4,14642878;0,46598175
4,15142878;0,00000000
4,15642878;0,46598175
4,16142878;0,46598175
4,16642878;0,46598175
4,17142878;-0,46598175
4,17642878;0,00000000
4,18142878;0,46598175
4,18642878;0,93196350
4,19142878;0,00000000
4,19642878;0,00000000
4,20142878;0,46598175
4,20642878;0,00000000
4,21142878;-0,93196350
4,21642878;-0,93196350
4,22142878;0,46598175
4,22642878;0,46598175
4,23142878;1,39948320
4,23642878;0,00000000
4,24142878;-0,46598175
4,24642878;0,00000000
4,25142878;0,00000000
4,25642878;0,46598175
4,26142878;0,46598175
4,26642878;0,46598175
4,27142878;-0,46598175
4,27642878;0,46598175
4,28142878;-0,93196350
4,28642878;-0,46598175
4,29142878;0,93196350
4,29642878;-0,46598175
4,30142878;-0,46598175
4,30642878;0,00000000
4,31142878;0,46598175
4,31642878;0,00000000
4,32142878;0,00000000
4,32642878;0,46598175
4,33142878;0,00000000
4,33642878;0,46598175
4,34142878;0,46598175
4,34642878;0,00000000
4,35142878;0,00000000
4,35642878;-0,46598175
4,36142878;0,00000000
4,36642878;0,00000000
4,37142878;0,46598175
4,37642878;0,46598175
4,38142878;0,00000000
4,38642878;0,00000000
4,39142878;0,00000000
4,39642878;0,00000000
4,40142878;0,00000000
4,40642878;0,46598175
4,41142878;0,00000000
4,41642878;-0,93196350
4,42142878;0,93196350
4,42642878;0,00000000
4,43142878;0,00000000
4,43642878;-0,93196350
4,44142878;0,93196350
4,44642878;0,00000000
4,45142878;0,00000000
4,45642878;0,93196350
4,46142878;0,00000000
4,46642878;-0,93196350
4,47142878;0,00000000
4,47642877;0,93196350
4,48142877;0,00000000
4,48642877;1,39948320
4,49142877;0,00000000
4,49642877;0,00000000
4,50142877;0,93196350
4,50642877;-0,93196350
4,51142877;-0,46598175
4,51642877;0,00000000
4,52142877;0,46598175
4,52642877;0,00000000
4,53142877;0,00000000
4,53642877;0,93196350
4,54142877;0,00000000
4,54642877;0,00000000
4,55142877;-0,46598175
4,55642877;0,00000000
4,56142877;0,46598175
4,56642877;0,00000000
4,57142877;0,46598175
4,57642877;0,46598175
4,58142877;0,00000000
4,58642877;0,00000000
4,59142877;0,00000000
4,59642877;0,46598175
4,60142877;0,00000000
4,60642877;0,46598175
4,61142877;0,00000000
4,61642877;0,00000000
4,62142877;0,46598175
4,62642877;0,93196350
4,63142877;0,93196350
4,63642877;0,00000000
4,64142877;0,46598175
4,64642877;0,00000000
4,65142877;0,00000000
4,65642877;-0,93196350
4,66142877;0,00000000
4,66642877;0,46598175
4,67142877;0,46598175
4,67642877;0,00000000
4,68142877;0,46598175
4,68642877;0,93196350
4,69142877;0,46598175
4,69642877;0,00000000
4,70142877;1,39948320
4,70642877;0,00000000
4,71142877;0,93196350
4,71642877;0,46598175
4,72142877;0,00000000
4,72642877;-0,46598175
4,73142877;0,00000000
4,73642877;-0,93196350
4,74142877;0,93196350
4,74642877;0,46598175
4,75142877;0,93196350
4,75642877;0,93196350
4,76142877;0,00000000
4,76642877;-0,46598175
4,77142877;0,00000000
4,77642877;-0,46598175
4,78142877;0,00000000
4,78642877;1,86546493
4,79142877;0,46598175
4,79642877;0,00000000
4,80142877;0,93196350
4,80642877;0,93196350
4,81142877;-0,46598175
4,81642877;0,46598175
4,82142877;-1,39948320
4,82642877;0,00000000
4,83142877;0,46598175
4,83642877;0,00000000
4,84142877;0,00000000
4,84642877;0,00000000
4,85142877;0,93196350
4,85642877;0,00000000
4,86142877;-0,46598175
4,86642877;0,00000000
4,87142876;-0,46598175
4,87642876;-0,93196350
4,88142876;0,93196350
4,88642876;0,00000000
4,89142876;0,46598175
4,89642876;0,46598175
4,90142876;-0,46598175
4,90642876;0,93196350
4,91142876;0,00000000
4,91642876;-0,93196350
4,92142876;-0,46598175
4,92642876;0,46598175
4,93142876;0,93196350
4,93642876;0,46598175
4,94142876;-0,46598175
4,94642876;-0,46598175
4,95142876;-0,46598175
4,95642876;0,46598175
4,96142876;0,46598175
4,96642876;0,93196350
4,97142876;0,00000000
4,97642876;0,00000000
4,98142876;0,00000000
4,98642876;0,46598175
4,99142876;0,00000000
4,99642876;0,00000000
5,00142876;0,46598175
5,00642876;0,00000000
5,01142876;0,46598175
5,01642876;0,00000000
5,02142876;0,00000000
5,02642876;0,93196350
5,03142876;-0,93196350
5,03642876;0,46598175
5,04142876;0,46598175
5,04642876;0,46598175
5,05142876;1,39948320
5,05642876;0,46598175
5,06142876;0,00000000
5,06642876;0,46598175
5,07142876;-0,46598175
5,07642876;0,00000000
5,08142876;0,93196350
5,08642876;1,39948320
5,09142876;-0,46598175
5,09642876;0,00000000
5,10142876;0,00000000
5,10642876;0,00000000
5,11142876;0,00000000
5,11642876;-0,46598175
5,12142876;0,46598175
5,12642876;0,00000000
5,13142876;0,46598175
5,13642876;0,00000000
5,14142876;0,00000000
5,14642876;0,93196350
5,15142876;0,93196350
5,15642876;0,46598175
5,16142876;0,93196350
5,16642876;0,46598175
5,17142876;0,46598175
5,17642876;-0,46598175
5,18142876;0,46598175
5,18642876;0,46598175
5,19142876;-0,93196350
5,19642876;0,00000000
5,20142876;0,93196350
5,20642876;0,00000000
5,21142876;0,00000000
5,21642876;0,00000000
5,22142876;-0,46598175
5,22642876;0,46598175
5,23142876;0,46598175
5,23642876;0,00000000
5,24142876;-0,46598175
5,24642876;-0,46598175
5,25142876;0,00000000
5,25642876;0,93196350
5,26142876;0,46598175
5,26642875;-0,46598175
5,27142875;0,46598175
5,27642875;0,46598175
5,28142875;0,93196350
5,28642875;-0,46598175
5,29142875;0,00000000
5,29642875;0,00000000
5,30142875;-1,39948320
5,30642875;-0,46598175
5,31142875;0,46598175
5,31642875;0,46598175
5,32142875;0,93196350
5,32642875;-0,46598175
5,33142875;0,46598175
5,33642875;0,00000000
5,34142875;0,46598175
5,34642875;0,46598175
5,35142875;0,00000000
5,35642875;7,46647358
5,36142875;0,00000000
5,36642875;0,00000000
5,37142875;0,46598175
5,37642875;0,00000000
5,38142875;0,46598175
5,38642875;-0,46598175
5,39142875;-0,46598175
5,39642875;0,93196350
5,40142875;0,00000000
5,40642875;0,00000000
5,41142875;0,93196350
5,41642875;0,93196350
5,42142875;0,00000000
5,42642875;-0,93196350
5,43142875;0,46598175
5,43642875;0,46598175
5,44142875;0,00000000
5,44642875;0,46598175
5,45142875;0,00000000
5,45642875;0,00000000
5,46142875;0,46598175
5,46642875;0,00000000
5,47142875;0,00000000
5,47642875;0,00000000
5,48142875;0,00000000
5,48642875;0,46598175
5,49142875;0,46598175
5,49642875;0,00000000
5,50142875;0,46598175
5,50642875;0,00000000
5,51142875;0,00000000
5,51642875;0,00000000
5,52142875;-0,46598175
5,52642875;0,00000000
5,53142875;0,00000000
5,53642875;0,93196350
5,54142875;1,39948320
5,54642875;0,46598175
5,55142875;0,00000000
5,55642875;0,00000000
5,56142875;0,00000000
5,56642875;0,00000000
5,57142875;0,46598175
5,57642875;0,00000000
5,58142875;0,46598175
5,58642875;0,46598175
5,59142875;-0,46598175
5,59642875;0,46598175
5,60142875;0,46598175
5,60642875;0,46598175
5,61142875;0,46598175
5,61642875;0,00000000
5,62142875;-0,46598175
5,62642875;0,46598175
5,63142875;0,46598175
5,63642875;0,46598175
5,64142875;-1,39948320
5,64642875;0,46598175
5,65142875;0,46598175
5,65642875;0,46598175
5,66142874;0,93196350
5,66642874;0,00000000
5,67142874;-2,33298445
5,67642874;0,00000000
5,68142874;0,00000000
5,68642874;-1,86546493
5,69142874;0,93196350
5,69642874;-0,46598175
5,70142874;1,86546493
5,70642874;0,46598175
5,71142874;0,93196350
5,71642874;0,00000000
5,72142874;0,46598175
5,72642874;-3,73246789
5,73142874;-0,93196350
5,73642874;0,00000000
5,74142874;0,00000000
5,74642874;0,00000000
5,75142874;0,00000000
5,75642874;0,00000000
5,76142874;0,00000000
5,76642874;-0,46598175
5,77142874;0,00000000
5,77642874;0,00000000
5,78142874;0,46598175
5,78642874;0,93196350
5,79142874;0,00000000
5,79642874;0,46598175
5,80142874;-0,93196350
5,80642874;-0,46598175
5,81142874;0,46598175
5,81642874;-0,93196350
5,82142874;0,00000000
5,82642874;-0,46598175
5,83142874;-0,46598175
5,83642874;-1,86546493
5,84142874;0,00000000
5,84642874;-0,46598175
5,85142874;0,46598175
5,85642874;0,00000000
5,86142874;0,00000000
5,86642874;0,00000000
5,87142874;0,00000000
5,87642874;-0,46598175
5,88142874;0,00000000
5,88642874;0,46598175
5,89142874;-0,46598175
5,89642874;0,00000000
5,90142874;1,39948320
5,90642874;0,00000000
5,91142874;0,00000000
5,91642874;0,46598175
5,92142874;0,00000000
5,92642874;0,46598175
5,93142874;0,46598175
5,93642874;-0,46598175
5,94142874;0,00000000
5,94642874;0,00000000
5,95142874;0,46598175
5,95642874;0,00000000
5,96142874;-1,39948320
5,96642874;0,00000000
5,97142874;0,46598175
5,97642874;0,00000000
5,98142874;-0,46598175
5,98642874;0,00000000
5,99142874;0,46598175
5,99642874;0,00000000
6,00142874;0,93196350
6,00642874;-0,46598175
6,01142874;0,00000000
6,01642874;0,00000000
6,02142874;0,00000000
6,02642874;0,00000000
6,03142874;0,00000000
6,03642874;0,00000000
6,04142874;0,46598175
6,04642874;-0,46598175
6,05142874;0,00000000
6,05642873;0,93196350
6,06142873;0,00000000
6,06642873;0,46598175
6,07142873;0,46598175
6,07642873;0,93196350
6,08142873;0,00000000
6,08642873;0,00000000
6,09142873;-0,46598175
6,09642873;0,46598175
6,10142873;-0,93196350
6,10642873;0,00000000
6,11142873;0,00000000
6,11642873;0,46598175
6,12142873;0,93196350
6,12642873;-0,46598175
6,13142873;0,00000000
6,13642873;0,46598175
6,14142873;-0,46598175
6,14642873;0,00000000
6,15142873;0,46598175
6,15642873;0,46598175
6,16142873;0,00000000
6,16642873;0,00000000
6,17142873;0,46598175
6,17642873;0,46598175
6,18142873;0,46598175
6,18642873;0,00000000
6,19142873;0,00000000
6,19642873;0,00000000
6,20142873;0,93196350
6,20642873;0,93196350
6,21142873;0,00000000
6,21642873;-0,46598175
6,22142873;0,46598175
6,22642873;0,93196350
6,23142873;0,00000000
6,23642873;-0,46598175
6,24142873;0,46598175
6,24642873;-0,93196350
6,25142873;0,00000000
6,25642873;-0,46598175
6,26142873;0,00000000
6,26642873;-1,39948320
6,27142873;0,46598175
6,27642873;0,46598175
6,28142873;-0,46598175
6,28642873;0,00000000
6,29142873;0,46598175
6,29642873;-0,93196350
6,30142873;0,93196350
6,30642873;0,46598175
6,31142873;0,46598175
6,31642873;-0,46598175
6,32142873;0,93196350
6,32642873;-2,33298445
6,33142873;0,46598175
6,33642873;0,93196350
6,34142873;0,00000000
6,34642873;0,46598175
6,35142873;0,46598175
6,35642873;0,46598175
6,36142873;0,00000000
6,36642873;0,46598175
6,37142873;0,93196350
6,37642873;-0,93196350
6,38142873;0,46598175
6,38642873;-0,46598175
6,39142873;-0,93196350
6,39642873;0,46598175
6,40142873;-0,93196350
6,40642873;0,00000000
6,41142873;0,46598175
6,41642873;0,46598175
6,42142873;0,46598175
6,42642873;-0,46598175
6,43142873;-0,93196350
6,43642873;0,00000000
6,44142873;0,46598175
6,44642873;0,00000000
6,45142872;0,00000000
6,45642872;0,00000000
6,46142872;-0,93196350
6,46642872;0,46598175
6,47142872;0,46598175
6,47642872;0,00000000
6,48142872;0,00000000
6,48642872;0,00000000
6,49142872;-0,46598175
6,49642872;2,33298445
6,50142872;0,93196350
6,50642872;0,00000000
6,51142872;0,46598175
6,51642872;0,46598175
6,52142872;0,00000000
6,52642872;0,00000000
6,53142872;0,93196350
6,53642872;-0,46598175
6,54142872;-0,46598175
6,54642872;0,00000000
6,55142872;0,00000000
6,55642872;0,00000000
6,56142872;0,46598175
6,56642872;0,00000000
6,57142872;-0,46598175
6,57642872;-0,46598175
6,58142872;0,46598175
6,58642872;0,00000000
6,59142872;-0,46598175
6,59642872;-2,33298445
6,60142872;0,00000000
6,60642872;-0,46598175
6,61142872;0,00000000
6,61642872;-0,46598175
6,62142872;-0,46598175
6,62642872;0,00000000
6,63142872;-0,46598175
6,63642872;0,46598175
6,64142872;-0,46598175
6,64642872;-0,46598175
6,65142872;0,46598175
6,65642872;0,00000000
6,66142872;0,46598175
6,66642872;0,00000000
6,67142872;0,46598175
6,67642872;0,00000000
6,68142872;-0,46598175
6,68642872;-0,46598175
6,69142872;-0,46598175
6,69642872;0,00000000
6,70142872;0,93196350
6,70642872;0,00000000
6,71142872;0,93196350
6,71642872;0,46598175
6,72142872;0,00000000
6,72642872;0,46598175
6,73142872;0,00000000
6,73642872;0,00000000
6,74142872;0,46598175
6,74642872;0,93196350
6,75142872;0,93196350
6,75642872;0,00000000
6,76142872;0,46598175
6,76642872;0,46598175
6,77142872;0,93196350
6,77642872;-0,46598175
6,78142872;0,00000000
6,78642872;-0,46598175
6,79142872;0,46598175
6,79642872;0,00000000
6,80142872;-0,46598175
6,80642872;0,46598175
6,81142872;-0,46598175
6,81642872;0,46598175
6,82142872;0,93196350
6,82642872;0,00000000
6,83142872;-0,93196350
6,83642872;0,46598175
6,84142872;0,93196350
6,84642872;0,46598175
6,85142871;0,46598175
6,85642871;0,46598175
6,86142871;0,46598175
6,86642871;-0,46598175
6,87142871;0,93196350
6,87642871;0,46598175
6,88142871;-0,46598175
6,88642871;0,46598175
6,89142871;0,46598175
6,89642871;0,00000000
6,90142871;1,39948320
6,90642871;0,00000000
6,91142871;0,00000000
6,91642871;-0,93196350
6,92142871;1,39948320
6,92642871;0,46598175
6,93142871;0,00000000
6,93642871;-0,46598175
6,94142871;0,00000000
6,94642871;-0,46598175
6,95142871;0,46598175
6,95642871;0,00000000
6,96142871;0,00000000
6,96642871;0,00000000
6,97142871;0,46598175
6,97642871;-0,46598175
6,98142871;0,00000000
6,98642871;0,00000000
6,99142871;-0,46598175
6,99642871;0,46598175
7,00142871;0,46598175
7,00642871;0,46598175
7,01142871;0,46598175
7,01642871;0,00000000
7,02142871;0,00000000
7,02642871;1,39948320
7,03142871;0,46598175
7,03642871;2,79896641
7,04142871;0,46598175
7,04642871;-0,93196350
7,05142871;0,46598175
7,05642871;0,00000000
7,06142871;0,00000000
7,06642871;0,00000000
7,07142871;0,93196350
7,07642871;-1,39948320
7,08142871;0,46598175
7,08642871;0,93196350
7,09142871;1,39948320
7,09642871;0,00000000
7,10142871;1,39948320
7,10642871;0,00000000
7,11142871;0,46598175
7,11642871;-0,46598175
7,12142871;0,00000000
7,12642871;0,46598175
7,13142871;0,46598175
7,13642871;0,00000000
7,14142871;0,00000000
7,14642871;-0,93196350
7,15142871;0,00000000
7,15642871;1,39948320
7,16142871;-0,46598175
7,16642871;-0,46598175
7,17142871;0,00000000
7,17642871;0,46598175
7,18142871;0,00000000
7,18642871;0,00000000
7,19142871;-0,46598175
7,19642871;0,00000000
7,20142871;0,46598175
7,20642871;0,46598175
7,21142871;-0,46598175
7,21642871;0,00000000
7,22142871;0,93196350
7,22642871;-0,46598175
7,23142871;0,46598175
7,23642871;-0,46598175
7,24142871;0,46598175
7,24642870;0,46598175
7,25142870;0,00000000
7,25642870;0,00000000
7,26142870;0,00000000
7,26642870;0,46598175
7,27142870;0,00000000
7,27642870;-0,93196350
7,28142870;-0,46598175
7,28642870;0,00000000
7,29142870;0,93196350
7,29642870;0,00000000
7,30142870;0,00000000
7,30642870;-0,46598175
7,31142870;0,00000000
7,31642870;0,00000000
7,32142870;-0,93196350
7,32642870;0,00000000
7,33142870;0,46598175
7,33642870;0,00000000
7,34142870;0,46598175
7,34642870;0,93196350
7,35142870;0,46598175
7,35642870;0,46598175
7,36142870;0,00000000
7,36642870;0,00000000
7,37142870;-0,46598175
7,37642870;14,46850300
7,38142870;0,00000000
7,38642870;0,00000000
7,39142870;0,46598175
7,39642870;0,00000000
7,40142870;0,00000000
7,40642870;0,00000000
7,41142870;0,00000000
7,41642870;0,46598175
7,42142870;0,93196350
7,42642870;0,46598175
7,43142870;0,46598175
7,43642870;0,00000000
7,44142870;0,46598175
7,44642870;0,00000000
7,45142870;0,00000000
7,45642870;0,00000000
7,46142870;0,46598175
7,46642870;0,00000000
7,47142870;0,00000000
7,47642870;9,80099583
7,48142870;-0,46598175
7,48642870;0,93196350
7,49142870;0,00000000
7,49642870;-0,46598175
7,50142870;0,00000000
7,50642870;0,00000000
7,51142870;0,00000000
7,51642870;0,00000000
7,52142870;0,46598175
7,52642870;-0,93196350
7,53142870;0,46598175
7,53642870;0,00000000
7,54142870;0,46598175
7,54642870;-1,39948320
7,55142870;0,00000000
7,55642870;0,00000000
7,56142870;-0,93196350
7,56642870;0,00000000
7,57142870;0,00000000
7,57642870;0,00000000
7,58142870;0,46598175
7,58642870;0,00000000
7,59142870;0,00000000
7,59642870;0,46598175
7,60142870;0,46598175
7,60642870;-0,46598175
7,61142870;0,46598175
7,61642870;-0,93196350
7,62142870;-0,46598175
7,62642870;-0,46598175
7,63142870;-0,46598175
7,63642870;0,46598175
7,64142869;0,00000000
7,64642869;-0,46598175
7,65142869;0,00000000
7,65642869;0,46598175
7,66142869;0,00000000
7,66642869;-0,46598175
7,67142869;0,00000000
7,67642869;-0,93196350
7,68142869;0,00000000
7,68642869;0,00000000
7,69142869;0,46598175
7,69642869;-0,93196350
7,70142869;0,00000000
7,70642869;0,46598175
7,71142869;1,39948320
7,71642869;1,39948320
7,72142869;0,00000000
7,72642869;0,00000000
7,73142869;0,46598175
7,73642869;0,00000000
7,74142869;0,46598175
7,74642869;0,00000000
7,75142869;-0,46598175
7,75642869;0,46598175
7,76142869;0,93196350
7,76642869;0,46598175
7,77142869;0,93196350
7,77642869;0,93196350
7,78142869;0,46598175
7,78642869;0,93196350
7,79142869;0,00000000
7,79642869;0,00000000
7,80142869;-0,46598175
7,80642869;0,93196350
7,81142869;0,46598175
7,81642869;-0,46598175
7,82142869;0,46598175
7,82642869;0,46598175
7,83142869;0,46598175
7,83642869;0,46598175
7,84142869;0,00000000
7,84642869;0,46598175
7,85142869;0,00000000
7,85642869;0,46598175
7,86142869;0,00000000
7,86642869;0,00000000
7,87142869;0,00000000
7,87642869;0,46598175
7,88142869;0,00000000
7,88642869;0,00000000
7,89142869;0,46598175
7,89642869;-0,93196350
7,90142869;1,86546493
7,90642869;0,46598175
7,91142869;0,93196350
7,91642869;0,93196350
7,92142869;1,39948320
7,92642869;0,00000000
7,93142869;0,00000000
7,93642869;-0,46598175
7,94142869;0,00000000
7,94642869;-0,46598175
7,95142869;0,00000000
7,95642869;-0,46598175
7,96142869;0,93196350
7,96642869;-1,86546493
7,97142869;0,00000000
7,97642869;0,00000000
7,98142869;-0,46598175
7,98642869;0,46598175
7,99142869;0,93196350
7,99642869;0,00000000
8,00142869;0,93196350
8,00642869;-0,46598175
8,01142869;0,46598175
8,01642869;0,00000000
8,02142869;0,46598175
8,02642869;0,46598175
8,03142869;0,00000000
8,03642868;0,00000000
8,04142868;0,00000000
8,04642868;0,46598175
8,05142868;0,00000000
8,05642868;0,46598175
8,06142868;0,93196350
8,06642868;0,00000000
8,07142868;0,46598175
8,07642868;0,00000000
8,08142868;0,46598175
8,08642868;0,46598175
8,09142868;0,46598175
8,09642868;0,46598175
8,10142868;0,00000000
8,10642868;0,00000000
8,11142868;0,46598175
8,11642868;0,00000000
8,12142868;0,00000000
8,12642868;0,46598175
8,13142868;0,46598175
8,13642868;-0,93196350
8,14142868;0,00000000
8,14642868;0,00000000
8,15142868;0,00000000
8,15642868;0,46598175
8,16142868;0,46598175
8,16642868;-0,46598175
8,17142868;-0,46598175
8,17642868;0,00000000
8,18142868;-0,93196350
8,18642868;-0,46598175
8,19142868;0,46598175
8,19642868;0,00000000
8,20142868;0,46598175
8,20642868;0,00000000
8,21142868;0,46598175
8,21642868;0,46598175
8,22142868;0,00000000
8,22642868;0,46598175
8,23142868;0,00000000
8,23642868;0,93196350
8,24142868;0,46598175
8,24642868;0,46598175
8,25142868;0,00000000
8,25642868;0,46598175
8,26142868;0,46598175
8,26642868;0,00000000
8,27142868;0,00000000
8,27642868;0,00000000
8,28142868;0,00000000
8,28642868;0,00000000
8,29142868;0,00000000
8,29642868;0,46598175
8,30142868;-0,46598175
8,30642868;-0,46598175
8,31142868;0,93196350
8,31642868;-1,39948320
8,32142868;0,93196350
8,32642868;0,46598175
8,33142868;0,93196350
8,33642868;0,00000000
8,34142868;0,46598175
8,34642868;0,46598175
8,35142868;0,46598175
8,35642868;0,00000000
8,36142868;0,46598175
8,36642868;0,46598175
8,37142868;0,93196350
8,37642868;0,00000000
8,38142868;0,00000000
8,38642868;0,46598175
8,39142868;-1,39948320
8,39642868;0,00000000
8,40142868;0,00000000
8,40642868;0,93196350
8,41142868;-0,46598175
8,41642868;-0,93196350
8,42142868;0,00000000
8,42642868;0,00000000
8,43142867;0,46598175
8,43642867;0,93196350
8,44142867;0,00000000
8,44642867;0,46598175
8,45142867;-0,46598175
8,45642867;0,46598175
8,46142867;0,93196350
8,46642867;-0,46598175
8,47142867;-0,46598175
8,47642867;0,93196350
8,48142867;0,00000000
8,48642867;0,00000000
8,49142867;0,00000000
8,49642867;0,46598175
8,50142867;-1,39948320
8,50642867;0,46598175
8,51142867;0,93196350
8,51642867;1,86546493
8,52142867;0,00000000
8,52642867;0,46598175
8,53142867;0,93196350
8,53642867;0,00000000
8,54142867;2,79896641
8,54642867;-0,46598175
8,55142867;0,46598175
8,55642867;-0,46598175
8,56142867;-0,93196350
8,56642867;0,00000000
8,57142867;-0,93196350
8,57642867;0,00000000
8,58142867;0,00000000
8,58642867;0,93196350
8,59142867;0,00000000
8,59642867;0,00000000
8,60142867;0,00000000
8,60642867;0,00000000
8,61142867;0,46598175
8,61642867;0,00000000
8,62142867;0,00000000
8,62642867;0,00000000
8,63142867;-0,46598175
8,63642867;-0,93196350
8,64142867;0,93196350
8,64642867;-0,46598175
8,65142867;0,46598175
8,65642867;0,00000000
8,66142867;0,46598175
8,66642867;0,00000000
8,67142867;0,00000000
8,67642867;0,46598175
8,68142867;0,93196350
8,68642867;0,00000000
8,69142867;0,46598175
8,69642867;-0,46598175
8,70142867;-0,46598175
8,70642867;0,00000000
8,71142867;0,00000000
8,71642867;-1,39948320
8,72142867;0,00000000
8,72642867;-0,46598175
8,73142867;1,39948320
8,73642867;0,00000000
8,74142867;0,46598175
8,74642867;-0,46598175
8,75142867;-0,46598175
8,75642867;0,46598175
8,76142867;-1,39948320
8,76642867;0,46598175
8,77142867;0,00000000
8,77642867;0,46598175
8,78142867;0,46598175
8,78642867;0,46598175
8,79142867;0,00000000
8,79642867;-0,46598175
8,80142867;0,00000000
8,80642867;0,46598175
8,81142867;0,00000000
8,81642867;-1,39948320
8,82142867;0,46598175
8,82642866;0,00000000
8,83142866;0,00000000
8,83642866;0,00000000
8,84142866;0,00000000
8,84642866;0,00000000
8,85142866;-0,46598175
8,85642866;0,93196350
8,86142866;0,00000000
8,86642866;0,46598175
8,87142866;0,00000000
8,87642866;0,00000000
8,88142866;0,93196350
8,88642866;0,00000000
8,89142866;0,46598175
8,89642866;-0,46598175
8,90142866;0,00000000
8,90642866;0,46598175
8,91142866;0,93196350
8,91642866;-0,93196350
8,92142866;0,46598175
8,92642866;0,00000000
8,93142866;-0,93196350
8,93642866;-0,93196350
8,94142866;-0,46598175
8,94642866;-0,93196350
8,95142866;0,00000000
8,95642866;-0,46598175
8,96142866;0,93196350
8,96642866;0,46598175
8,97142866;0,00000000
8,97642866;0,00000000
8,98142866;0,46598175
8,98642866;0,46598175
8,99142866;0,46598175
8,99642866;-0,46598175
9,00142866;0,93196350
9,00642866;0,46598175
9,01142866;0,93196350
9,01642866;-0,46598175
9,02142866;-0,46598175
9,02642866;-0,46598175
9,03142866;0,00000000
9,03642866;-0,93196350
9,04142866;0,93196350
9,04642866;1,39948320
9,05142866;-0,46598175
9,05642866;-0,46598175
9,06142866;-0,46598175
9,06642866;-0,93196350
9,07142866;0,46598175
9,07642866;-1,39948320
9,08142866;1,39948320
9,08642866;0,00000000
9,09142866;0,46598175
9,09642866;0,46598175
9,10142866;-0,46598175
9,10642866;-0,46598175
9,11142866;0,00000000
9,11642866;-2,33298445
9,12142866;1,86546493
9,12642866;0,46598175
9,13142866;0,46598175
9,13642866;-0,93196350
9,14142866;-0,46598175
9,14642866;0,46598175
9,15142866;0,00000000
9,15642866;0,46598175
9,16142866;0,00000000
9,16642866;0,00000000
9,17142866;-0,93196350
9,17642866;-0,46598175
9,18142866;0,00000000
9,18642866;0,46598175
9,19142866;0,00000000
9,19642866;0,00000000
9,20142866;0,93196350
9,20642866;0,46598175
9,21142866;0,00000000
9,21642866;0,00000000
9,22142866;0,46598175
9,22642865;0,46598175
9,23142865;-0,46598175
9,23642865;-0,46598175
9,24142865;0,00000000
9,24642865;0,00000000
9,25142865;0,00000000
9,25642865;0,46598175
9,26142865;0,46598175
9,26642865;-0,46598175
9,27142865;0,00000000
9,27642865;-0,46598175
9,28142865;0,46598175
9,28642865;0,46598175
9,29142865;0,46598175
9,29642865;0,00000000
9,30142865;0,46598175
9,30642865;0,46598175
9,31142865;0,00000000
9,31642865;0,00000000
9,32142865;0,46598175
9,32642865;0,93196350
9,33142865;0,00000000
9,33642865;-1,39948320
9,34142865;0,46598175
9,34642865;0,93196350
9,35142865;0,00000000
9,35642865;-0,46598175
9,36142865;-0,93196350
9,36642865;0,00000000
9,37142865;0,46598175
9,37642865;0,00000000
9,38142865;0,46598175
9,38642865;0,00000000
9,39142865;0,00000000
9,39642865;0,00000000
9,40142865;0,00000000
9,40642865;0,46598175
9,41142865;0,00000000
9,41642865;0,00000000
9,42142865;0,00000000
9,42642865;0,00000000
9,43142865;0,46598175
9,43642865;0,00000000
9,44142865;0,46598175
9,44642865;-0,46598175
9,45142865;-0,46598175
9,45642865;-0,46598175
9,46142865;0,00000000
9,46642865;0,46598175
9,47142865;-1,39948320
9,47642865;0,93196350
9,48142865;0,46598175
9,48642865;0,46598175
9,49142865;0,46598175
9,49642865;0,46598175
9,50142865;-0,46598175
9,50642865;0,93196350
9,51142865;0,00000000
9,51642865;1,86546493
9,52142865;0,00000000
9,52642865;0,93196350
9,53142865;0,46598175
9,53642865;0,00000000
9,54142865;0,46598175
9,54642865;-0,46598175
9,55142865;0,46598175
9,55642865;0,00000000
9,56142865;0,00000000
9,56642865;2,33298445
9,57142865;0,46598175
9,57642865;0,46598175
9,58142865;0,46598175
9,58642865;-0,93196350
9,59142865;0,46598175
9,59642865;0,46598175
9,60142865;0,00000000
9,60642865;1,86546493
9,61142865;-0,46598175
9,61642865;0,00000000
9,62142864;0,00000000
9,62642864;0,46598175
9,63142864;0,00000000
9,63642864;-0,93196350
9,64142864;-0,46598175
9,64642864;0,00000000
9,65142864;0,46598175
9,65642864;0,46598175
9,66142864;1,39948320
9,66642864;0,93196350
9,67142864;0,00000000
9,67642864;-0,46598175
9,68142864;0,46598175
9,68642864;0,46598175
9,69142864;-0,93196350
9,69642864;0,00000000
9,70142864;0,46598175
9,70642864;0,93196350
9,71142864;-0,46598175
9,71642864;0,93196350
9,72142864;0,00000000
9,72642864;0,46598175
9,73142864;0,00000000
9,73642864;0,46598175
9,74142864;-0,93196350
9,74642864;0,46598175
9,75142864;0,46598175
9,75642864;0,00000000
9,76142864;-0,46598175
9,76642864;0,00000000
9,77142864;0,00000000
9,77642864;0,00000000
9,78142864;0,00000000
9,78642864;0,46598175
9,79142864;0,00000000
9,79642864;0,46598175
9,80142864;0,00000000
9,80642864;0,46598175
9,81142864;0,00000000
9,81642864;0,46598175
9,82142864;0,00000000
9,82642864;0,00000000
9,83142864;-0,46598175
9,83642864;0,46598175
9,84142864;0,46598175
9,84642864;0,46598175
9,85142864;0,93196350
9,85642864;-0,46598175
9,86142864;0,00000000
9,86642864;-0,46598175
9,87142864;-0,46598175
9,87642864;-1,86546493
9,88142864;0,46598175
9,88642864;-0,46598175
9,89142864;0,46598175
9,89642864;-0,46598175
9,90142864;0,46598175
9,90642864;0,00000000
9,91142864;0,46598175
9,91642864;0,46598175
9,92142864;-0,46598175
9,92642864;0,00000000
9,93142864;0,93196350
9,93642864;0,00000000
9,94142864;-11,66799831
9,94642864;0,46598175
9,95142864;0,00000000
9,95642864;0,00000000
9,96142864;0,00000000
9,96642864;0,00000000
9,97142864;0,00000000
9,97642864;0,00000000
9,98142864;0,46598175
9,98642864;-0,46598175
9,99142864;0,46598175
9,99642864;0,46598175
10,00142864;0,46598175
10,00642864;0,00000000
10,01142864;-0,93196350
10,01642863;0,00000000
10,02142863;-0,46598175
10,02642863;0,00000000
10,03142863;-0,46598175
10,03642863;0,46598175
10,04142863;0,46598175
10,04642863;0,46598175
10,05142863;0,00000000
10,05642863;0,00000000
10,06142863;0,00000000
10,06642863;0,00000000
10,07142863;0,00000000
10,07642863;0,00000000
10,08142863;0,46598175
10,08642863;0,46598175
10,09142863;0,46598175
10,09642863;0,46598175
10,10142863;-1,86546493
10,10642863;0,46598175
10,11142863;0,46598175
10,11642863;-0,93196350
10,12142863;0,46598175
10,12642863;0,93196350
10,13142863;0,00000000
10,13642863;0,00000000
10,14142863;0,46598175
10,14642863;-0,46598175
10,15142863;-0,46598175
10,15642863;0,46598175
10,16142863;0,00000000
10,16642863;0,00000000
10,17142863;-0,46598175
10,17642863;0,00000000
10,18142863;0,46598175
10,18642863;0,46598175
10,19142863;-0,46598175
10,19642863;0,46598175
10,20142863;0,46598175
10,20642863;0,00000000
10,21142863;0,46598175
10,21642863;-0,46598175
10,22142863;0,46598175
10,22642863;0,00000000
10,23142863;0,00000000
10,23642863;0,46598175
10,24142863;-0,46598175
10,24642863;0,93196350
10,25142863;0,46598175
10,25642863;0,00000000
10,26142863;0,46598175
10,26642863;0,93196350
10,27142863;0,00000000
10,27642863;0,93196350
10,28142863;0,46598175
10,28642863;0,93196350
10,29142863;-0,93196350
10,29642863;0,46598175
10,30142863;0,00000000
10,30642863;1,39948320
10,31142863;0,93196350
10,31642863;0,46598175
10,32142863;0,46598175
10,32642863;0,00000000
10,33142863;0,00000000
10,33642863;0,00000000
10,34142863;0,46598175
10,34642863;-0,93196350
10,35142863;0,00000000
10,35642863;0,00000000
10,36142863;-0,46598175
10,36642863;0,00000000
10,37142863;0,46598175
10,37642863;0,00000000
10,38142863;0,00000000
10,38642863;0,00000000
10,39142863;0,93196350
10,39642863;0,46598175
10,40142863;0,00000000
10,40642863;0,46598175
10,41142862;0,93196350
10,41642862;-0,93196350
10,42142862;0,46598175
10,42642862;0,00000000
10,43142862;0,93196350
10,43642862;0,93196350
10,44142862;-0,46598175
10,44642862;0,93196350
10,45142862;0,00000000
10,45642862;0,00000000
10,46142862;0,46598175
10,46642862;1,39948320
10,47142862;0,46598175
10,47642862;0,93196350
10,48142862;0,00000000
10,48642862;0,46598175
10,49142862;0,00000000
10,49642862;0,00000000
10,50142862;0,00000000
10,50642862;-0,46598175
10,51142862;0,00000000
10,51642862;0,00000000
10,52142862;-7,93399334
10,52642862;0,46598175
10,53142862;0,46598175
10,53642862;-0,93196350
10,54142862;0,00000000
10,54642862;0,46598175
10,55142862;0,93196350
10,55642862;0,93196350
10,56142862;0,00000000
10,56642862;-0,46598175
10,57142862;0,93196350
10,57642862;0,00000000
10,58142862;0,00000000
10,58642862;-0,46598175
10,59142862;1,86546493
10,59642862;-0,46598175
10,60142862;-0,46598175
10,60642862;0,00000000
10,61142862;0,46598175
10,61642862;-0,93196350
10,62142862;0,00000000
10,62642862;0,00000000
10,63142862;0,00000000
10,63642862;-0,46598175
10,64142862;-0,46598175
10,64642862;0,00000000
10,65142862;0,46598175
10,65642862;1,39948320
10,66142862;-0,46598175
10,66642862;-0,46598175
10,67142862;0,46598175
10,67642862;0,46598175
10,68142862;0,00000000
10,68642862;0,00000000
10,69142862;0,00000000
10,69642862;0,00000000
10,70142862;0,00000000
10,70642862;0,46598175
10,71142862;0,00000000
10,71642862;0,93196350
10,72142862;0,46598175
10,72642862;0,46598175
10,73142862;-0,46598175
10,73642862;-0,46598175
10,74142862;0,00000000
10,74642862;0,46598175
10,75142862;0,00000000
10,75642862;0,93196350
10,76142862;0,00000000
10,76642862;0,46598175
10,77142862;0,00000000
10,77642862;0,00000000
10,78142862;-0,46598175
10,78642862;0,93196350
10,79142862;0,46598175
10,79642862;-0,46598175
10,80142862;0,46598175
10,80642861;1,39948320
10,81142861;0,00000000
10,81642861;0,00000000
10,82142861;0,00000000
10,82642861;0,00000000
10,83142861;0,93196350
10,83642861;0,00000000
10,84142861;0,00000000
10,84642861;-0,93196350
10,85142861;0,46598175
10,85642861;-1,39948320
10,86142861;0,00000000
10,86642861;0,00000000
10,87142861;0,00000000
10,87642861;0,93196350
10,88142861;0,00000000
10,88642861;0,46598175
10,89142861;0,46598175
10,89642861;-0,46598175
10,90142861;0,93196350
10,90642861;-0,93196350
10,91142861;0,46598175
10,91642861;0,00000000
10,92142861;0,00000000
10,92642861;-0,46598175
10,93142861;0,00000000
10,93642861;0,00000000
10,94142861;0,00000000
10,94642861;0,46598175
10,95142861;0,00000000
10,95642861;0,00000000
10,96142861;0,93196350
10,96642861;-0,46598175
10,97142861;0,00000000
10,97642861;-0,93196350
10,98142861;0,46598175
10,98642861;0,93196350
10,99142861;0,00000000
10,99642861;-0,46598175
11,00142861;0,46598175
11,00642861;-0,46598175
11,01142861;0,00000000
11,01642861;0,46598175
11,02142861;0,93196350
11,02642861;0,00000000
11,03142861;0,00000000
11,03642861;0,00000000
11,04142861;-0,46598175
11,04642861;0,46598175
11,05142861;-0,46598175
11,05642861;0,46598175
11,06142861;0,93196350
11,06642861;0,00000000
11,07142861;0,46598175
11,07642861;0,46598175
11,08142861;-0,46598175
11,08642861;0,46598175
11,09142861;0,46598175
11,09642861;0,46598175
11,10142861;0,46598175
11,10642861;-0,46598175
11,11142861;-0,46598175
11,11642861;-0,46598175
11,12142861;0,00000000
11,12642861;0,00000000
11,13142861;0,00000000
11,13642861;0,46598175
11,14142861;0,46598175
11,14642861;-0,46598175
11,15142861;1,39948320
11,15642861;0,46598175
11,16142861;-0,46598175
11,16642861;0,46598175
11,17142861;-0,93196350
11,17642861;0,00000000
11,18142861;-0,46598175
11,18642861;-0,46598175
11,19142861;0,46598175
11,19642861;-0,46598175
11,20142860;0,00000000
11,20642860;0,00000000
11,21142860;0,46598175
11,21642860;0,46598175
11,22142860;0,00000000
11,22642860;-0,93196350
11,23142860;-0,46598175
11,23642860;0,00000000
11,24142860;0,46598175
11,24642860;0,93196350
11,25142860;0,93196350
11,25642860;-0,93196350
11,26142860;0,46598175
11,26642860;0,46598175
11,27142860;0,46598175
11,27642860;0,46598175
11,28142860;9,33347607
11,28642860;-0,46598175
11,29142860;0,00000000
11,29642860;0,00000000
11,30142860;0,46598175
11,30642860;-0,93196350
11,31142860;0,46598175
11,31642860;0,46598175
11,32142860;0,93196350
11,32642860;0,00000000
11,33142860;0,00000000
11,33642860;0,93196350
11,34142860;0,46598175
11,34642860;-0,46598175
11,35142860;0,00000000
11,35642860;-0,46598175
11,36142860;-0,93196350
11,36642860;0,46598175
11,37142860;0,00000000
11,37642860;0,93196350
11,38142860;0,46598175
11,38642860;-0,46598175
11,39142860;0,46598175
11,39642860;0,00000000
11,40142860;0,00000000
11,40642860;0,46598175
11,41142860;0,93196350
11,41642860;0,00000000
11,42142860;0,46598175
11,42642860;0,00000000
11,43142860;0,00000000
11,43642860;0,00000000
11,44142860;-0,93196350
11,44642860;0,46598175
11,45142860;0,00000000
11,45642860;-0,93196350
11,46142860;0,00000000
11,46642860;0,46598175
11,47142860;0,00000000
11,47642860;0,00000000
11,48142860;0,46598175
11,48642860;0,00000000
11,49142860;0,00000000
11,49642860;-0,93196350
11,50142860;0,00000000
11,50642860;0,46598175
11,51142860;0,00000000
11,51642860;0,00000000
11,52142860;0,46598175
11,52642860;0,46598175
11,53142860;0,00000000
11,53642860;0,00000000
11,54142860;0,00000000
11,54642860;0,46598175
11,55142860;0,93196350
11,55642860;0,93196350
11,56142860;-0,93196350
11,56642860;0,46598175
11,57142860;-0,46598175
11,57642860;0,00000000
11,58142860;0,00000000
11,58642860;0,46598175
11,59142860;0,46598175
11,59642860;0,46598175
11,60142859;0,93196350
11,60642859;0,00000000
11,61142859;0,00000000
11,61642859;-0,93196350
11,62142859;0,00000000
11,62642859;1,39948320
11,63142859;0,00000000
11,63642859;0,93196350
11,64142859;-0,93196350
11,64642859;0,00000000
11,65142859;0,46598175
11,65642859;0,46598175
11,66142859;0,00000000
11,66642859;0,00000000
11,67142859;-0,46598175
11,67642859;-0,46598175
11,68142859;0,00000000
11,68642859;-0,46598175
11,69142859;0,00000000
11,69642859;0,00000000
11,70142859;0,00000000
11,70642859;0,00000000
11,71142859;0,00000000
11,71642859;0,00000000
11,72142859;-0,46598175
11,72642859;0,00000000
11,73142859;0,00000000
11,73642859;0,46598175
11,74142859;-0,46598175
11,74642859;0,00000000
11,75142859;0,00000000
11,75642859;0,00000000
11,76142859;-0,46598175
11,76642859;0,46598175
11,77142859;0,93196350
11,77642859;0,00000000
11,78142859;-0,46598175
11,78642859;0,46598175
11,79142859;0,93196350
11,79642859;-0,93196350
11,80142859;-1,86546493
11,80642859;-0,93196350
11,81142859;0,46598175
11,81642859;0,46598175
11,82142859;0,00000000
11,82642859;0,46598175
11,83142859;0,46598175
11,83642859;1,39948320
11,84142859;0,00000000
11,84642859;0,00000000
11,85142859;0,00000000
11,85642859;-1,39948320
11,86142859;0,00000000
11,86642859;0,00000000
11,87142859;1,39948320
11,87642859;0,93196350
11,88142859;0,00000000
11,88642859;-0,93196350
11,89142859;0,00000000
11,89642859;0,00000000
11,90142859;0,93196350
11,90642859;0,00000000
11,91142859;-0,46598175
11,91642859;0,93196350
11,92142859;1,39948320
11,92642859;0,00000000
11,93142859;0,46598175
11,93642859;0,46598175
11,94142859;0,46598175
11,94642859;0,46598175
11,95142859;0,00000000
11,95642859;0,93196350
11,96142859;0,00000000
11,96642859;0,00000000
11,97142859;0,46598175
11,97642859;-0,93196350
11,98142859;0,93196350
11,98642859;0,46598175
11,99142859;0,00000000
11,99642858;0,46598175
12,00142858;0,46598175
12,00642858;0,00000000
12,01142858;0,00000000
12,01642858;0,46598175
12,02142858;0,46598175
12,02642858;0,00000000
12,03142858;0,00000000
12,03642858;0,46598175
12,04142858;-0,46598175
12,04642858;-0,46598175
12,05142858;0,00000000
12,05642858;2,33298445
12,06142858;0,46598175
12,06642858;0,46598175
12,07142858;0,00000000
12,07642858;-0,46598175
12,08142858;0,00000000
12,08642858;-0,46598175
12,09142858;0,00000000
12,09642858;-0,46598175
12,10142858;0,46598175
12,10642858;-0,46598175
12,11142858;0,46598175
12,11642858;0,00000000
12,12142858;0,46598175
12,12642858;-0,46598175
12,13142858;0,00000000
12,13642858;0,46598175
12,14142858;0,00000000
12,14642858;0,46598175
12,15142858;0,00000000
12,15642858;0,46598175
12,16142858;0,00000000
12,16642858;-0,46598175
12,17142858;-0,46598175
12,17642858;0,93196350
12,18142858;0,46598175
12,18642858;0,46598175
12,19142858;0,46598175
12,19642858;0,46598175
12,20142858;0,00000000
12,20642858;0,00000000
12,21142858;0,00000000
12,21642858;0,46598175
12,22142858;0,46598175
12,22642858;-0,46598175
12,23142858;0,46598175
12,23642858;-0,46598175
12,24142858;0,46598175
12,24642858;-0,93196350
12,25142858;-0,46598175
12,25642858;0,00000000
12,26142858;-0,93196350
12,26642858;0,93196350
12,27142858;-0,46598175
12,27642858;0,00000000
12,28142858;0,00000000
12,28642858;0,46598175
12,29142858;0,46598175
12,29642858;0,00000000
12,30142858;0,00000000
12,30642858;0,46598175
12,31142858;0,00000000
12,31642858;0,46598175
12,32142858;0,00000000
12,32642858;0,93196350
12,33142858;-0,46598175
12,33642858;0,00000000
12,34142858;0,00000000
12,34642858;0,00000000
12,35142858;-0,46598175
12,35642858;0,00000000
12,36142858;0,46598175
12,36642858;0,46598175
12,37142858;0,93196350
12,37642858;0,93196350
12,38142858;-0,46598175
12,38642858;0,46598175
12,39142857;0,00000000
12,39642857;0,46598175
12,40142857;-0,46598175
12,40642857;0,00000000
12,41142857;-0,46598175
12,41642857;-0,93196350
12,42142857;0,00000000
12,42642857;0,00000000
12,43142857;0,46598175
12,43642857;0,46598175
12,44142857;0,46598175
12,44642857;0,46598175
12,45142857;0,00000000
12,45642857;0,46598175
12,46142857;-0,93196350
12,46642857;0,00000000
12,47142857;1,86546493
12,47642857;-0,46598175
12,48142857;-0,46598175
12,48642857;-0,46598175
12,49142857;0,00000000
12,49642857;0,00000000
12,50142857;0,93196350
12,50642857;0,00000000
12,51142857;0,00000000
12,51642857;-0,46598175
12,52142857;0,46598175
12,52642857;0,00000000
12,53142857;0,00000000
12,53642857;0,00000000
12,54142857;0,00000000
12,54642857;0,46598175
12,55142857;0,46598175
12,55642857;0,46598175
12,56142857;0,46598175
12,56642857;0,00000000
12,57142857;-0,46598175
12,57642857;0,46598175
12,58142857;0,46598175
12,58642857;0,46598175
12,59142857;0,46598175
12,59642857;-0,93196350
12,60142857;0,46598175
12,60642857;0,46598175
12,61142857;0,46598175
12,61642857;-0,46598175
12,62142857;0,00000000
12,62642857;-0,93196350
12,63142857;0,00000000
12,63642857;0,93196350
12,64142857;0,46598175
12,64642857;0,46598175
12,65142857;0,00000000
12,65642857;0,46598175
12,66142857;-0,93196350
12,66642857;0,00000000
12,67142857;0,00000000
12,67642857;0,00000000
12,68142857;0,00000000
12,68642857;0,46598175
12,69142857;-0,46598175
12,69642857;0,46598175
12,70142857;0,00000000
12,70642857;0,00000000
12,71142857;0,93196350
12,71642857;0,00000000
12,72142857;-0,46598175
12,72642857;0,46598175
12,73142857;0,00000000
12,73642857;-0,93196350
12,74142857;0,00000000
12,74642857;0,00000000
12,75142857;0,46598175
12,75642857;0,46598175
12,76142857;0,46598175
12,76642857;0,46598175
12,77142857;-0,46598175
12,77642857;0,00000000
12,78142857;0,00000000
12,78642856;0,00000000
12,79142856;0,46598175
12,79642856;-0,46598175
12,80142856;0,46598175
12,80642856;0,00000000
12,81142856;0,00000000
12,81642856;-0,46598175
12,82142856;0,46598175
12,82642856;0,46598175
12,83142856;0,46598175
12,83642856;0,00000000
12,84142856;-0,46598175
12,84642856;0,00000000
12,85142856;0,00000000
12,85642856;-0,46598175
12,86142856;0,93196350
12,86642856;0,46598175
12,87142856;0,46598175
12,87642856;0,00000000
12,88142856;0,00000000
12,88642856;0,46598175
12,89142856;-0,46598175
12,89642856;-0,46598175
12,90142856;-0,93196350
12,90642856;-0,46598175
12,91142856;-0,46598175
12,91642856;0,00000000
12,92142856;0,93196350
12,92642856;-0,93196350
12,93142856;-0,46598175
12,93642856;0,00000000
12,94142856;0,46598175
12,94642856;0,00000000
12,95142856;0,46598175
12,95642856;0,00000000
12,96142856;0,00000000
12,96642856;0,46598175
12,97142856;0,46598175
12,97642856;0,46598175
12,98142856;0,00000000
12,98642856;0,00000000
12,99142856;0,00000000
12,99642856;0,00000000
13,00142856;0,00000000
13,00642856;0,00000000
13,01142856;-0,46598175
13,01642856;0,00000000
13,02142856;-1,39948320
13,02642856;0,46598175
13,03142856;0,46598175
13,03642856;0,46598175
13,04142856;0,46598175
13,04642856;0,00000000
13,05142856;0,00000000
13,05642856;-0,93196350
13,06142856;0,46598175
13,06642856;0,46598175
13,07142856;0,93196350
13,07642856;0,00000000
13,08142856;0,46598175
13,08642856;0,93196350
13,09142856;0,00000000
13,09642856;1,39948320
13,10142856;0,46598175
13,10642856;-0,46598175
13,11142856;0,46598175
13,11642856;-0,93196350
13,12142856;0,00000000
13,12642856;0,93196350
13,13142856;0,00000000
13,13642856;0,00000000
13,14142856;0,00000000
13,14642856;0,00000000
13,15142856;0,00000000
13,15642856;0,46598175
13,16142856;0,00000000
13,16642856;0,00000000
13,17142856;0,00000000
13,17642856;0,00000000
13,18142855;0,46598175
13,18642855;0,00000000
13,19142855;-0,46598175
13,19642855;0,46598175
13,20142855;0,00000000
13,20642855;0,00000000
13,21142855;-11,20047951
13,21642855;-0,46598175
13,22142855;0,93196350
13,22642855;0,46598175
13,23142855;0,46598175
13,23642855;0,93196350
13,24142855;0,00000000
13,24642855;0,00000000
13,25142855;0,46598175
13,25642855;-0,46598175
13,26142855;0,93196350
13,26642855;0,46598175
13,27142855;-0,46598175
13,27642855;-0,46598175
13,28142855;0,00000000
13,28642855;-0,93196350
13,29142855;-0,93196350
13,29642855;0,46598175
13,30142855;0,00000000
13,30642855;0,93196350
13,31142855;0,46598175
13,31642855;-0,93196350
13,32142855;-0,46598175
13,32642855;-0,93196350
13,33142855;0,00000000
13,33642855;0,00000000
13,34142855;0,00000000
13,34642855;-0,46598175
13,35142855;0,46598175
13,35642855;0,00000000
13,36142855;0,00000000
13,36642855;-0,93196350
13,37142855;-0,46598175
13,37642855;-0,46598175
13,38142855;0,00000000
13,38642855;-0,93196350
13,39142855;0,00000000
13,39642855;0,00000000
13,40142855;-0,46598175
13,40642855;0,46598175
13,41142855;-0,46598175
13,41642855;-0,46598175
13,42142855;0,00000000
13,42642855;0,00000000
13,43142855;0,00000000
13,43642855;0,00000000
13,44142855;0,00000000
13,44642855;-0,93196350
13,45142855;0,46598175
13,45642855;0,93196350
13,46142855;0,46598175
13,46642855;-0,46598175
13,47142855;0,00000000
13,47642855;0,46598175
13,48142855;-1,86546493
13,48642855;0,46598175
13,49142855;0,00000000
13,49642855;0,00000000
13,50142855;0,00000000
13,50642855;0,46598175
13,51142855;0,46598175
13,51642855;0,00000000
13,52142855;0,46598175
13,52642855;-0,46598175
13,53142855;0,93196350
13,53642855;-0,93196350
13,54142855;0,46598175
13,54642855;-0,93196350
13,55142855;0,00000000
13,55642855;0,46598175
13,56142855;0,00000000
13,56642855;0,46598175
13,57142855;0,46598175
13,57642854;0,00000000
13,58142854;0,93196350
13,58642854;0,93196350
13,59142854;0,46598175
13,59642854;0,46598175
13,60142854;0,00000000
13,60642854;-0,46598175
13,61142854;0,46598175
13,61642854;-0,46598175
13,62142854;-0,93196350
13,62642854;0,93196350
13,63142854;0,46598175
13,63642854;0,00000000
13,64142854;0,00000000
13,64642854;-0,46598175
13,65142854;-0,46598175
13,65642854;-0,46598175
13,66142854;-0,46598175
13,66642854;0,46598175
13,67142854;-0,46598175
13,67642854;-0,46598175
13,68142854;0,00000000
13,68642854;1,39948320
13,69142854;-0,46598175
13,69642854;0,93196350
13,70142854;0,46598175
13,70642854;0,46598175
13,71142854;-0,93196350
13,71642854;0,46598175
13,72142854;-1,39948320
13,72642854;-0,46598175
13,73142854;0,93196350
13,73642854;-0,46598175
13,74142854;0,00000000
13,74642854;0,00000000
13,75142854;0,00000000
13,75642854;0,46598175
13,76142854;0,00000000
13,76642854;0,93196350
13,77142854;0,46598175
13,77642854;0,46598175
13,78142854;0,93196350
13,78642854;0,00000000
13,79142854;0,46598175
13,79642854;-0,46598175
13,80142854;-0,46598175
13,80642854;0,46598175
13,81142854;0,46598175
13,81642854;-0,46598175
13,82142854;0,46598175
13,82642854;0,00000000
13,83142854;-0,46598175
13,83642854;0,46598175
13,84142854;0,00000000
13,84642854;0,00000000
13,85142854;0,00000000
13,85642854;-0,93196350
13,86142854;0,46598175
13,86642854;0,46598175
13,87142854;0,00000000
13,87642854;-0,46598175
13,88142854;0,00000000
13,88642854;0,93196350
13,89142854;0,00000000
13,89642854;0,46598175
13,90142854;0,00000000
13,90642854;-0,46598175
13,91142854;0,46598175
13,91642854;0,00000000
13,92142854;0,46598175
13,92642854;0,46598175
13,93142854;0,00000000
13,93642854;0,00000000
13,94142854;-0,46598175
13,94642854;0,00000000
13,95142854;0,46598175
13,95642854;0,46598175
13,96142854;-0,93196350
13,96642854;0,00000000
13,97142854;0,00000000
13,97642853;0,00000000
13,98142853;0,00000000
13,98642853;0,46598175
13,99142853;0,46598175
13,99642853;0,00000000
14,00142853;-1,86546493
14,00642853;-0,46598175
14,01142853;0,00000000
14,01642853;0,93196350
14,02142853;-0,46598175
14,02642853;0,00000000
14,03142853;-0,46598175
14,03642853;0,00000000
14,04142853;0,00000000
14,04642853;0,00000000
14,05142853;0,00000000
14,05642853;0,93196350
14,06142853;-0,46598175
14,06642853;0,00000000
14,07142853;0,93196350
14,07642853;0,00000000
14,08142853;0,00000000
14,08642853;-0,93196350
14,09142853;0,46598175
14,09642853;-0,46598175
14,10142853;0,46598175
14,10642853;0,46598175
14,11142853;0,00000000
14,11642853;0,46598175
14,12142853;0,00000000
14,12642853;0,46598175
14,13142853;0,00000000
14,13642853;0,00000000
14,14142853;0,00000000
14,14642853;-0,46598175
14,15142853;0,00000000
14,15642853;0,93196350
14,16142853;0,93196350
14,16642853;-0,46598175
14,17142853;0,93196350
14,17642853;0,00000000
14,18142853;0,93196350
14,18642853;0,46598175
14,19142853;0,46598175
14,19642853;-0,93196350
14,20142853;0,00000000
14,20642853;0,46598175
14,21142853;0,00000000
14,21642853;0,93196350
14,22142853;0,46598175
14,22642853;0,46598175
14,23142853;0,46598175
14,23642853;1,39948320
14,24142853;0,46598175
14,24642853;0,46598175
14,25142853;0,46598175
14,25642853;-0,46598175
14,26142853;-0,93196350
14,26642853;0,00000000
14,27142853;0,93196350
14,27642853;-0,46598175
14,28142853;0,00000000
14,28642853;0,93196350
14,29142853;0,46598175
14,29642853;0,46598175
14,30142853;0,00000000
14,30642853;0,46598175
14,31142853;0,46598175
14,31642853;-0,46598175
14,32142853;0,00000000
14,32642853;0,00000000
14,33142853;0,46598175
14,33642853;0,46598175
14,34142853;0,93196350
14,34642853;0,00000000
14,35142853;0,00000000
14,35642853;0,46598175
14,36142853;0,00000000
14,36642853;0,00000000
14,37142852;0,93196350
14,37642852;0,00000000
14,38142852;0,46598175
14,38642852;0,46598175
14,39142852;0,00000000
14,39642852;0,00000000
14,40142852;0,00000000
14,40642852;0,00000000
14,41142852;0,46598175
14,41642852;-0,93196350
14,42142852;0,00000000
14,42642852;-1,39948320
14,43142852;0,00000000
14,43642852;0,46598175
14,44142852;0,93196350
14,44642852;-1,39948320
14,45142852;0,00000000
14,45642852;-0,93196350
14,46142852;0,46598175
14,46642852;0,46598175
14,47142852;-0,46598175
14,47642852;0,46598175
14,48142852;0,00000000
14,48642852;-0,93196350
14,49142852;0,46598175
14,49642852;0,00000000
14,50142852;0,46598175
14,50642852;1,39948320
14,51142852;0,00000000
14,51642852;0,46598175
14,52142852;0,00000000
14,52642852;0,00000000
14,53142852;0,46598175
14,53642852;0,00000000
14,54142852;0,46598175
14,54642852;0,93196350
14,55142852;0,00000000
14,55642852;0,46598175
14,56142852;0,93196350
14,56642852;-0,46598175
14,57142852;0,46598175
14,57642852;0,00000000
14,58142852;0,46598175
14,58642852;-0,46598175
14,59142852;-0,46598175
14,59642852;0,46598175
14,60142852;-0,93196350
14,60642852;0,00000000
14,61142852;0,00000000
14,61642852;0,00000000
14,62142852;0,00000000
14,62642852;0,00000000
14,63142852;0,46598175
14,63642852;-0,93196350
14,64142852;0,46598175
14,64642852;0,46598175
14,65142852;-0,93196350
14,65642852;0,00000000
14,66142852;0,00000000
14,66642852;0,00000000
14,67142852;-0,46598175
14,67642852;0,46598175
14,68142852;-0,46598175
14,68642852;0,46598175
14,69142852;-0,46598175
14,69642852;0,00000000
14,70142852;0,00000000
14,70642852;0,00000000
14,71142852;0,00000000
14,71642852;0,00000000
14,72142852;0,00000000
14,72642852;0,46598175
14,73142852;0,46598175
14,73642852;0,00000000
14,74142852;-0,46598175
14,74642852;0,93196350
14,75142852;0,00000000
14,75642852;0,93196350
14,76142852;0,46598175
14,76642851;0,46598175
14,77142851;-0,46598175
14,77642851;0,93196350
14,78142851;0,00000000
14,78642851;0,93196350
14,79142851;0,00000000
14,79642851;-0,46598175
14,80142851;-4,19998741
14,80642851;0,00000000
14,81142851;0,46598175
14,81642851;0,46598175
14,82142851;0,46598175
14,82642851;0,00000000
14,83142851;0,93196350
14,83642851;0,00000000
14,84142851;0,46598175
14,84642851;0,46598175
14,85142851;0,46598175
14,85642851;0,00000000
14,86142851;0,93196350
14,86642851;0,46598175
14,87142851;-1,39948320
14,87642851;-0,46598175
14,88142851;0,46598175
14,88642851;0,00000000
14,89142851;-0,93196350
14,89642851;0,46598175
14,90142851;0,46598175
14,90642851;0,46598175
14,91142851;-1,39948320
14,91642851;0,93196350
14,92142851;0,93196350
14,92642851;0,46598175
14,93142851;-0,93196350
14,93642851;1,39948320
14,94142851;0,46598175
14,94642851;0,46598175
14,95142851;0,46598175
14,95642851;0,00000000
14,96142851;0,00000000
14,96642851;0,00000000
14,97142851;0,46598175
14,97642851;-0,46598175
14,98142851;0,00000000
14,98642851;0,00000000
14,99142851;0,93196350
14,99642851;0,46598175
15,00142851;0,93196350
15,00642851;0,46598175
15,01142851;0,00000000
15,01642851;0,00000000
15,02142851;0,00000000
15,02642851;0,00000000
15,03142851;-0,46598175
15,03642851;0,00000000
15,04142851;0,00000000
15,04642851;1,39948320
15,05142851;0,00000000
15,05642851;0,00000000
15,06142851;0,46598175
15,06642851;0,00000000
15,07142851;0,00000000
15,07642851;0,00000000
15,08142851;0,46598175
15,08642851;1,39948320
15,09142851;0,00000000
15,09642851;0,00000000
15,10142851;-1,39948320
15,10642851;-0,46598175
15,11142851;0,93196350
15,11642851;0,00000000
15,12142851;0,46598175
15,12642851;0,00000000
15,13142851;0,00000000
15,13642851;0,00000000
15,14142851;0,00000000
15,14642851;0,00000000
15,15142851;0,00000000
15,15642851;0,46598175
15,16142850;0,46598175
15,16642850;0,00000000
15,17142850;0,00000000
15,17642850;0,00000000
15,18142850;0,00000000
15,18642850;0,46598175
15,19142850;0,00000000
15,19642850;-0,46598175
15,20142850;0,46598175
15,20642850;0,00000000
15,21142850;-0,46598175
15,21642850;-0,46598175
15,22142850;1,39948320
15,22642850;0,00000000
15,23142850;0,93196350
15,23642850;1,86546493
15,24142850;0,46598175
15,24642850;0,46598175
15,25142850;0,46598175
15,25642850;0,46598175
15,26142850;0,46598175
15,26642850;0,46598175
15,27142850;-1,39948320
15,27642850;0,46598175
15,28142850;0,46598175
15,28642850;-0,46598175
15,29142850;0,46598175
15,29642850;0,46598175
15,30142850;-0,93196350
15,30642850;0,00000000
15,31142850;0,46598175
15,31642850;-0,93196350
15,32142850;0,46598175
15,32642850;0,46598175
15,33142850;0,46598175
15,33642850;0,46598175
15,34142850;0,46598175
15,34642850;0,00000000
15,35142850;0,00000000
15,35642850;-0,46598175
15,36142850;0,00000000
15,36642850;-0,93196350
15,37142850;-0,46598175
15,37642850;0,00000000
15,38142850;-0,46598175
15,38642850;0,46598175
15,39142850;0,00000000
15,39642850;0,00000000
15,40142850;0,46598175
15,40642850;0,00000000
15,41142850;0,93196350
15,41642850;0,46598175
15,42142850;0,00000000
15,42642850;-0,46598175
15,43142850;-0,46598175
15,43642850;-0,46598175
15,44142850;0,46598175
15,44642850;0,00000000
15,45142850;0,46598175
15,45642850;0,00000000
15,46142850;0,46598175
15,46642850;-0,46598175
15,47142850;0,00000000
15,47642850;0,00000000
15,48142850;0,46598175
15,48642850;0,00000000
15,49142850;0,00000000
15,49642850;0,93196350
15,50142850;0,46598175
15,50642850;0,93196350
15,51142850;0,46598175
15,51642850;0,00000000
15,52142850;0,93196350
15,52642850;-0,46598175
15,53142850;0,00000000
15,53642850;0,00000000
15,54142850;0,00000000
15,54642850;0,46598175
15,55142850;0,00000000
15,55642849;0,00000000
15,56142849;-0,46598175
15,56642849;0,00000000
15,57142849;0,46598175
15,57642849;-0,93196350
15,58142849;0,93196350
15,58642849;-0,46598175
15,59142849;0,00000000
15,59642849;0,00000000
15,60142849;0,00000000
15,60642849;0,00000000
15,61142849;0,46598175
15,61642849;-0,46598175
15,62142849;0,46598175
15,62642849;0,00000000
15,63142849;0,00000000
15,63642849;0,93196350
15,64142849;0,93196350
15,64642849;0,00000000
15,65142849;0,00000000
15,65642849;0,00000000
15,66142849;0,00000000
15,66642849;0,00000000
15,67142849;-0,93196350
15,67642849;0,46598175
15,68142849;1,86546493
15,68642849;0,46598175
15,69142849;0,00000000
15,69642849;0,00000000
15,70142849;0,46598175
15,70642849;0,00000000
15,71142849;-0,46598175
15,71642849;0,93196350
15,72142849;0,00000000
15,72642849;0,46598175
15,73142849;-0,93196350
15,73642849;0,00000000
15,74142849;-0,46598175
15,74642849;0,46598175
15,75142849;0,00000000
15,75642849;0,46598175
15,76142849;0,00000000
15,76642849;0,46598175
15,77142849;0,46598175
15,77642849;0,00000000
15,78142849;0,00000000
15,78642849;0,00000000
15,79142849;0,46598175
15,79642849;0,00000000
15,80142849;-0,46598175
15,80642849;-0,46598175
15,81142849;-0,93196350
15,81642849;-0,46598175
15,82142849;0,46598175
15,82642849;0,00000000
15,83142849;0,46598175
15,83642849;-0,46598175
15,84142849;0,46598175
15,84642849;0,46598175
15,85142849;0,46598175
15,85642849;0,00000000
15,86142849;0,00000000
15,86642849;2,79896641
15,87142849;0,46598175
15,87642849;-0,93196350
15,88142849;-0,46598175
15,88642849;1,86546493
15,89142849;0,46598175
15,89642849;0,46598175
15,90142849;0,46598175
15,90642849;0,46598175
15,91142849;-0,93196350
15,91642849;0,00000000
15,92142849;-0,93196350
15,92642849;0,00000000
15,93142849;-0,46598175
15,93642849;0,00000000
15,94142849;0,46598175
15,94642849;0,46598175
15,95142849;0,46598175
15,95642848;0,00000000
15,96142848;0,46598175
15,96642848;-0,46598175
15,97142848;0,00000000
15,97642848;0,93196350
15,98142848;-0,46598175
15,98642848;0,46598175
15,99142848;0,46598175
15,99642848;0,00000000
16,00142848;-1,39948320
16,00642848;0,46598175
16,01142848;0,00000000
16,01642848;-0,93196350
16,02142848;0,00000000
16,02642848;-0,46598175
16,03142848;0,00000000
16,03642848;0,00000000
16,04142848;0,93196350
16,04642848;0,46598175
16,05142848;-0,93196350
16,05642848;0,00000000
16,06142848;0,00000000
16,06642848;0,00000000
16,07142848;0,46598175
16,07642848;-0,46598175
16,08142848;0,00000000
16,08642848;-0,93196350
16,09142848;-0,46598175
16,09642848;-0,46598175
16,10142848;0,93196350
16,10642848;0,00000000
16,11142848;0,00000000
16,11642848;0,46598175
16,12142848;0,00000000
16,12642848;0,46598175
16,13142848;0,93196350
16,13642848;0,00000000
16,14142848;0,46598175
16,14642848;0,00000000
16,15142848;0,46598175
16,15642848;0,00000000
16,16142848;0,93196350
16,16642848;0,46598175
16,17142848;0,46598175
16,17642848;0,46598175
16,18142848;0,46598175
16,18642848;0,46598175
16,19142848;0,00000000
16,19642848;0,00000000
16,20142848;0,46598175
16,20642848;0,46598175
16,21142848;0,46598175
16,21642848;0,00000000
16,22142848;0,46598175
16,22642848;-0,46598175
16,23142848;0,46598175
16,23642848;-0,46598175
16,24142848;0,46598175
16,24642848;0,46598175
16,25142848;0,93196350
16,25642848;0,00000000
16,26142848;0,46598175
16,26642848;-0,46598175
16,27142848;1,86546493
16,27642848;0,00000000
16,28142848;0,93196350
16,28642848;-0,93196350
16,29142848;0,93196350
16,29642848;0,46598175
16,30142848;0,00000000
16,30642848;0,00000000
16,31142848;0,46598175
16,31642848;0,46598175
16,32142848;0,93196350
16,32642848;0,46598175
16,33142848;0,93196350
16,33642848;-0,46598175
16,34142848;0,00000000
16,34642848;0,00000000
16,35142847;0,46598175
16,35642847;0,00000000
16,36142847;0,00000000
16,36642847;0,00000000
16,37142847;-2,33298445
16,37642847;0,00000000
16,38142847;0,00000000
16,38642847;0,00000000
16,39142847;0,93196350
16,39642847;0,00000000
16,40142847;0,46598175
16,40642847;0,46598175
16,41142847;0,46598175
16,41642847;0,93196350
16,42142847;0,46598175
16,42642847;0,46598175
16,43142847;-0,93196350
16,43642847;0,00000000
16,44142847;0,46598175
16,44642847;0,00000000
16,45142847;0,46598175
16,45642847;0,46598175
16,46142847;0,46598175
16,46642847;0,00000000
16,47142847;0,93196350
16,47642847;0,93196350
16,48142847;0,46598175
16,48642847;-0,46598175
16,49142847;0,00000000
16,49642847;-0,46598175
16,50142847;1,39948320
16,50642847;-0,46598175
16,51142847;0,46598175
16,51642847;0,46598175
16,52142847;0,00000000
16,52642847;0,46598175
16,53142847;-0,46598175
16,53642847;0,93196350
16,54142847;-0,46598175
16,54642847;-0,46598175
16,55142847;-0,93196350
16,55642847;-0,46598175
16,56142847;0,46598175
16,56642847;0,00000000
16,57142847;0,00000000
16,57642847;0,93196350
16,58142847;0,00000000
16,58642847;0,46598175
16,59142847;0,46598175
16,59642847;0,46598175
16,60142847;-0,46598175
16,60642847;0,46598175
16,61142847;0,00000000
16,61642847;0,00000000
16,62142847;-0,46598175
16,62642847;0,00000000
16,63142847;-0,93196350
16,63642847;0,46598175
16,64142847;0,46598175
16,64642847;0,93196350
16,65142847;0,00000000
16,65642847;0,46598175
16,66142847;1,39948320
16,66642847;1,39948320
16,67142847;-0,46598175
16,67642847;0,46598175
16,68142847;0,00000000
16,68642847;-0,46598175
16,69142847;0,00000000
16,69642847;0,93196350
16,70142847;-0,46598175
16,70642847;-1,39948320
16,71142847;-0,46598175
16,71642847;0,46598175
16,72142847;-0,46598175
16,72642847;-0,46598175
16,73142847;0,46598175
16,73642847;-0,93196350
16,74142847;0,00000000
16,74642846;0,00000000
16,75142846;-0,46598175
16,75642846;0,00000000
16,76142846;0,00000000
16,76642846;0,00000000
16,77142846;0,46598175
16,77642846;-0,46598175
16,78142846;0,46598175
16,78642846;0,00000000
16,79142846;0,46598175
16,79642846;0,46598175
16,80142846;0,46598175
16,80642846;0,00000000
16,81142846;0,46598175
16,81642846;0,00000000
16,82142846;0,00000000
16,82642846;0,00000000
16,83142846;0,00000000
16,83642846;0,00000000
16,84142846;0,46598175
16,84642846;0,00000000
16,85142846;0,46598175
16,85642846;0,00000000
16,86142846;0,00000000
16,86642846;4,66596889
16,87142846;-0,46598175
16,87642846;0,93196350
16,88142846;-0,46598175
16,88642846;-0,46598175
16,89142846;0,46598175
16,89642846;0,00000000
16,90142846;0,93196350
16,90642846;0,00000000
16,91142846;0,00000000
16,91642846;0,00000000
16,92142846;0,00000000
16,92642846;0,46598175
16,93142846;-0,46598175
16,93642846;0,46598175
16,94142846;-0,46598175
16,94642846;0,46598175
16,95142846;0,00000000
16,95642846;0,00000000
16,96142846;0,00000000
16,96642846;-2,33298445
16,97142846;0,93196350
16,97642846;0,00000000
16,98142846;0,46598175
16,98642846;0,93196350
16,99142846;0,46598175
16,99642846;0,00000000
17,00142846;0,46598175
17,00642846;0,93196350
17,01142846;0,46598175
17,01642846;0,93196350
17,02142846;0,46598175
17,02642846;0,46598175
17,03142846;0,00000000
17,03642846;0,46598175
17,04142846;-0,93196350
17,04642846;0,46598175
17,05142846;0,46598175
17,05642846;0,46598175
17,06142846;0,46598175
17,06642846;0,46598175
17,07142846;0,46598175
17,07642846;0,46598175
17,08142846;0,93196350
17,08642846;-0,93196350
17,09142846;0,93196350
17,09642846;0,00000000
17,10142846;-0,93196350
17,10642846;0,46598175
17,11142846;0,00000000
17,11642846;0,00000000
17,12142846;0,00000000
17,12642846;0,46598175
17,13142846;0,00000000
17,13642846;-0,46598175
17,14142845;0,46598175
17,14642845;0,00000000
17,15142845;0,00000000
17,15642845;0,00000000
17,16142845;0,46598175
17,16642845;0,00000000
17,17142845;0,46598175
17,17642845;0,00000000
17,18142845;0,00000000
17,18642845;0,00000000
17,19142845;0,93196350
17,19642845;0,00000000
17,20142845;-0,46598175
17,20642845;0,46598175
17,21142845;0,93196350
17,21642845;0,00000000
17,22142845;0,46598175
17,22642845;0,00000000
17,23142845;0,00000000
17,23642845;0,46598175
17,24142845;0,46598175
17,24642845;-0,46598175
17,25142845;0,46598175
17,25642845;0,00000000
17,26142845;0,00000000
17,26642845;0,00000000
17,27142845;0,46598175
17,27642845;-0,93196350
17,28142845;-0,46598175
17,28642845;0,93196350
17,29142845;0,00000000
17,29642845;0,00000000
17,30142845;-1,39948320
17,30642845;0,00000000
17,31142845;0,46598175
17,31642845;0,00000000
17,32142845;-0,46598175
17,32642845;-0,46598175
17,33142845;-0,46598175
17,33642845;0,00000000
17,34142845;0,00000000
17,34642845;0,00000000
17,35142845;0,46598175
17,35642845;0,00000000
17,36142845;-0,46598175
17,36642845;0,00000000
17,37142845;0,00000000
17,37642845;-0,46598175
17,38142845;-1,39948320
17,38642845;0,46598175
17,39142845;0,46598175
17,39642845;0,00000000
17,40142845;1,39948320
17,40642845;-0,46598175
17,41142845;0,46598175
17,41642845;0,00000000
17,42142845;-0,46598175
17,42642845;0,46598175
17,43142845;0,93196350
17,43642845;-0,46598175
17,44142845;0,46598175
17,44642845;0,00000000
17,45142845;-0,46598175
17,45642845;0,00000000
17,46142845;0,00000000
17,46642845;1,39948320
17,47142845;0,46598175
17,47642845;0,46598175
17,48142845;0,46598175
17,48642845;0,93196350
17,49142845;-0,93196350
17,49642845;-0,46598175
17,50142845;0,93196350
17,50642845;-0,46598175
17,51142845;0,46598175
17,51642845;0,93196350
17,52142845;0,46598175
17,52642845;0,46598175
17,53142845;-0,46598175
17,53642844;-0,46598175
17,54142844;0,00000000
17,54642844;0,46598175
17,55142844;-0,46598175
17,55642844;0,46598175
17,56142844;0,00000000
17,56642844;0,46598175
17,57142844;0,00000000
17,57642844;0,00000000
17,58142844;-0,46598175
17,58642844;0,00000000
17,59142844;0,46598175
17,59642844;0,00000000
17,60142844;0,46598175
17,60642844;0,46598175
17,61142844;-0,46598175
17,61642844;0,46598175
17,62142844;0,00000000
17,62642844;0,00000000
17,63142844;-1,39948320
17,63642844;0,00000000
17,64142844;0,00000000
17,64642844;0,46598175
17,65142844;0,00000000
17,65642844;-0,93196350
17,66142844;0,46598175
17,66642844;-0,46598175
17,67142844;0,46598175
17,67642844;0,46598175
17,68142844;-0,93196350
17,68642844;1,86546493
17,69142844;0,46598175
17,69642844;0,46598175
17,70142844;0,46598175
17,70642844;1,39948320
17,71142844;0,00000000
17,71642844;-0,46598175
17,72142844;0,00000000
17,72642844;0,46598175
17,73142844;0,46598175
17,73642844;0,46598175
17,74142844;0,00000000
17,74642844;1,39948320
17,75142844;0,00000000
17,75642844;0,93196350
17,76142844;0,00000000
17,76642844;-1,39948320
17,77142844;0,00000000
17,77642844;0,00000000
17,78142844;0,00000000
17,78642844;0,46598175
17,79142844;0,00000000
17,79642844;0,00000000
17,80142844;0,93196350
17,80642844;0,93196350
17,81142844;0,46598175
17,81642844;0,00000000
17,82142844;0,46598175
17,82642844;0,00000000
17,83142844;0,46598175
17,83642844;0,46598175
17,84142844;-0,46598175
17,84642844;0,46598175
17,85142844;0,00000000
17,85642844;0,46598175
17,86142844;0,00000000
17,86642844;0,46598175
17,87142844;0,46598175
17,87642844;0,00000000
17,88142844;-0,93196350
17,88642844;0,93196350
17,89142844;-0,93196350
17,89642844;0,46598175
17,90142844;0,00000000
17,90642844;-0,93196350
17,91142844;0,46598175
17,91642844;0,46598175
17,92142844;0,00000000
17,92642844;0,46598175
17,93142843;0,46598175
17,93642843;0,00000000
17,94142843;0,00000000
17,94642843;0,00000000
17,95142843;0,00000000
17,95642843;-0,46598175
17,96142843;-0,46598175
17,96642843;0,46598175
17,97142843;0,46598175
17,97642843;-0,46598175
17,98142843;0,46598175
17,98642843;0,00000000
17,99142843;0,00000000
17,99642843;0,46598175
18,00142843;0,00000000
18,00642843;0,00000000
18,01142843;0,93196350
18,01642843;0,46598175
18,02142843;0,00000000
18,02642843;0,00000000
18,03142843;0,00000000
18,03642843;0,00000000
18,04142843;-0,46598175
18,04642843;0,00000000
18,05142843;0,00000000
18,05642843;1,39948320
18,06142843;0,46598175
18,06642843;0,46598175
18,07142843;-0,46598175
18,07642843;-0,46598175
18,08142843;0,46598175
18,08642843;-0,46598175
18,09142843;0,00000000
18,09642843;0,46598175
18,10142843;2,33298445
18,10642843;-0,46598175
18,11142843;-0,46598175
18,11642843;-0,46598175
18,12142843;0,00000000
18,12642843;0,00000000
18,13142843;0,00000000
18,13642843;0,00000000
18,14142843;-0,93196350
18,14642843;0,00000000
18,15142843;-0,46598175
18,15642843;0,93196350
18,16142843;0,93196350
18,16642843;0,00000000
18,17142843;-0,46598175
18,17642843;0,46598175
18,18142843;0,46598175
18,18642843;-0,46598175
18,19142843;0,00000000
18,19642843;0,93196350
18,20142843;-0,46598175
18,20642843;-0,46598175
18,21142843;0,93196350
18,21642843;0,00000000
18,22142843;-0,46598175
18,22642843;-0,93196350
18,23142843;0,46598175
18,23642843;0,46598175
18,24142843;0,00000000
18,24642843;0,46598175
18,25142843;-0,46598175
18,25642843;0,46598175
18,26142843;0,00000000
18,26642843;0,46598175
18,27142843;0,00000000
18,27642843;0,00000000
18,28142843;0,00000000
18,28642843;0,46598175
18,29142843;0,00000000
18,29642843;0,93196350
18,30142843;-1,39948320
18,30642843;0,00000000
18,31142843;-0,93196350
18,31642843;0,46598175
18,32142843;0,46598175
18,32642843;0,46598175
18,33142842;0,00000000
18,33642842;-0,93196350
18,34142842;0,46598175
18,34642842;0,00000000
18,35142842;0,93196350
18,35642842;0,00000000
18,36142842;0,46598175
18,36642842;-0,46598175
18,37142842;0,00000000
18,37642842;0,00000000
18,38142842;0,00000000
18,38642842;0,46598175
18,39142842;0,00000000
18,39642842;-0,93196350
18,40142842;0,46598175
18,40642842;0,46598175
18,41142842;0,00000000
18,41642842;0,46598175
18,42142842;0,00000000
18,42642842;0,00000000
18,43142842;0,00000000
18,43642842;1,39948320
18,44142842;0,46598175
18,44642842;0,46598175
18,45142842;0,46598175
18,45642842;-0,46598175
18,46142842;0,46598175
18,46642842;0,46598175
18,47142842;0,46598175
18,47642842;-0,46598175
18,48142842;1,39948320
18,48642842;-0,93196350
18,49142842;0,00000000
18,49642842;0,00000000
18,50142842;-0,46598175
18,50642842;0,00000000
18,51142842;0,46598175
18,51642842;-1,39948320
18,52142842;0,46598175
18,52642842;0,46598175
18,53142842;0,46598175
18,53642842;-0,46598175
18,54142842;0,00000000
18,54642842;0,46598175
18,55142842;0,93196350
18,55642842;0,93196350
18,56142842;0,00000000
18,56642842;-2,33298445
18,57142842;1,86546493
18,57642842;0,00000000
18,58142842;0,46598175
18,58642842;-0,46598175
18,59142842;0,00000000
18,59642842;0,00000000
18,60142842;0,00000000
18,60642842;0,46598175
18,61142842;0,46598175
18,61642842;0,00000000
18,62142842;0,46598175
18,62642842;0,46598175
18,63142842;0,93196350
18,63642842;-0,93196350
18,64142842;0,46598175
18,64642842;0,00000000
18,65142842;0,00000000
18,65642842;-0,46598175
18,66142842;0,46598175
18,66642842;-0,46598175
18,67142842;0,93196350
18,67642842;-0,46598175
18,68142842;0,46598175
18,68642842;-1,86546493
18,69142842;0,00000000
18,69642842;0,46598175
18,70142842;0,46598175
18,70642842;-0,46598175
18,71142842;-0,46598175
18,71642842;0,46598175
18,72142842;0,00000000
18,72642841;0,93196350
18,73142841;0,00000000
18,73642841;0,00000000
18,74142841;0,00000000
18,74642841;0,46598175
18,75142841;0,93196350
18,75642841;0,46598175
18,76142841;0,46598175
18,76642841;0,46598175
18,77142841;-0,46598175
18,77642841;0,46598175
18,78142841;0,00000000
18,78642841;0,00000000
18,79142841;0,00000000
18,79642841;0,00000000
18,80142841;0,00000000
18,80642841;-0,46598175
18,81142841;-0,93196350
18,81642841;0,00000000
18,82142841;0,46598175
18,82642841;0,00000000
18,83142841;0,00000000
18,83642841;0,46598175
18,84142841;-0,46598175
18,84642841;0,00000000
18,85142841;0,00000000
18,85642841;0,00000000
18,86142841;-0,46598175
18,86642841;0,46598175
18,87142841;0,00000000
18,87642841;0,00000000
18,88142841;0,00000000
18,88642841;0,00000000
18,89142841;-0,93196350
18,89642841;0,46598175
18,90142841;-1,39948320
18,90642841;0,46598175
18,91142841;0,00000000
18,91642841;0,00000000
18,92142841;0,46598175
18,92642841;0,46598175
18,93142841;0,46598175
18,93642841;-0,46598175
18,94142841;0,00000000
18,94642841;0,00000000
18,95142841;-0,93196350
18,95642841;0,00000000
18,96142841;-0,93196350
18,96642841;0,46598175
18,97142841;0,46598175
18,97642841;0,46598175
18,98142841;0,46598175
18,98642841;0,00000000
18,99142841;0,93196350
18,99642841;0,00000000
19,00142841;0,00000000
19,00642841;0,00000000
19,01142841;-0,46598175
19,01642841;0,46598175
19,02142841;0,46598175
19,02642841;-0,46598175
19,03142841;0,00000000
19,03642841;0,00000000
19,04142841;0,46598175
19,04642841;0,46598175
19,05142841;-0,46598175
19,05642841;0,93196350
19,06142841;0,46598175
19,06642841;0,46598175
19,07142841;0,93196350
19,07642841;-0,46598175
19,08142841;0,00000000
19,08642841;0,93196350
19,09142841;0,00000000
19,09642841;-0,46598175
19,10142841;0,00000000
19,10642841;0,46598175
19,11142841;0,00000000
19,11642841;0,00000000
19,12142840;0,00000000
19,12642840;0,00000000
19,13142840;0,00000000
19,13642840;0,93196350
19,14142840;-0,46598175
19,14642840;0,46598175
19,15142840;0,00000000
19,15642840;0,00000000
19,16142840;-0,46598175
19,16642840;-0,46598175
19,17142840;0,00000000
19,17642840;-0,46598175
19,18142840;0,00000000
19,18642840;0,00000000
19,19142840;-0,46598175
19,19642840;0,93196350
19,20142840;0,00000000
19,20642840;0,00000000
19,21142840;0,93196350
19,21642840;0,46598175
19,22142840;0,46598175
19,22642840;0,00000000
19,23142840;0,46598175
19,23642840;0,00000000
19,24142840;0,00000000
19,24642840;-0,93196350
19,25142840;-0,46598175
19,25642840;-0,46598175
19,26142840;0,46598175
19,26642840;-0,46598175
19,27142840;-0,46598175
19,27642840;0,00000000
19,28142840;-0,46598175
19,28642840;-0,93196350
19,29142840;0,00000000
19,29642840;0,00000000
19,30142840;1,39948320
19,30642840;0,46598175
19,31142840;-0,46598175
19,31642840;1,39948320
19,32142840;0,46598175
19,32642840;-1,39948320
19,33142840;0,00000000
19,33642840;0,00000000
19,34142840;-0,46598175
19,34642840;0,00000000
19,35142840;0,00000000
19,35642840;0,93196350
19,36142840;0,46598175
19,36642840;0,00000000
19,37142840;0,46598175
19,37642840;0,46598175
19,38142840;5,59947062
19,38642840;0,46598175
19,39142840;0,46598175
19,39642840;0,46598175
19,40142840;0,46598175
19,40642840;-0,46598175
19,41142840;-0,46598175
19,41642840;0,46598175
19,42142840;0,00000000
19,42642840;0,46598175
19,43142840;0,46598175
19,43642840;0,46598175
19,44142840;0,00000000
19,44642840;0,00000000
19,45142840;0,93196350
19,45642840;0,00000000
19,46142840;-0,46598175
19,46642840;0,00000000
19,47142840;0,93196350
19,47642840;-0,46598175
19,48142840;0,00000000
19,48642840;-0,93196350
19,49142840;0,46598175
19,49642840;0,00000000
19,50142840;0,00000000
19,50642840;0,46598175
19,51142840;-0,46598175
19,51642839;0,00000000
19,52142839;-0,46598175
19,52642839;-0,46598175
19,53142839;0,46598175
19,53642839;0,00000000
19,54142839;0,93196350
19,54642839;0,46598175
19,55142839;0,93196350
19,55642839;0,00000000
19,56142839;0,46598175
19,56642839;0,00000000
19,57142839;0,46598175
19,57642839;0,46598175
19,58142839;0,00000000
19,58642839;-0,93196350
19,59142839;0,93196350
19,59642839;0,46598175
19,60142839;0,00000000
19,60642839;0,46598175
19,61142839;0,46598175
19,61642839;0,93196350
19,62142839;-0,46598175
19,62642839;0,00000000
19,63142839;0,93196350
19,63642839;0,00000000
19,64142839;0,00000000
19,64642839;0,00000000
19,65142839;-0,93196350
19,65642839;0,00000000
19,66142839;1,39948320
19,66642839;0,00000000
19,67142839;0,93196350
19,67642839;-0,93196350
19,68142839;0,46598175
19,68642839;0,00000000
19,69142839;0,93196350
19,69642839;0,46598175
19,70142839;1,39948320
19,70642839;0,00000000
19,71142839;0,00000000
19,71642839;0,46598175
19,72142839;-0,46598175
19,72642839;0,46598175
19,73142839;-0,93196350
19,73642839;0,46598175
19,74142839;0,00000000
19,74642839;-0,93196350
19,75142839;0,00000000
19,75642839;0,46598175
19,76142839;-0,46598175
19,76642839;0,00000000
19,77142839;-0,93196350
19,77642839;0,00000000
19,78142839;0,46598175
19,78642839;0,93196350
19,79142839;0,46598175
19,79642839;0,00000000
19,80142839;0,46598175
19,80642839;0,00000000
19,81142839;2,33298445
19,81642839;0,00000000
19,82142839;0,00000000
19,82642839;-0,46598175
19,83142839;0,93196350
19,83642839;0,46598175
19,84142839;-0,46598175
19,84642839;0,00000000
19,85142839;0,46598175
19,85642839;-0,93196350
19,86142839;-0,46598175
19,86642839;-0,46598175
19,87142839;0,46598175
19,87642839;-0,46598175
19,88142839;0,00000000
19,88642839;0,00000000
19,89142839;-0,46598175
19,89642839;0,46598175
19,90142839;-0,93196350
19,90642839;0,46598175
19,91142838;0,00000000
19,91642838;1,86546493
19,92142838;0,00000000
19,92642838;0,93196350
19,93142838;0,93196350
19,93642838;0,93196350
19,94142838;-0,46598175
19,94642838;0,00000000
19,95142838;0,46598175
19,95642838;0,46598175
19,96142838;0,46598175
19,96642838;-0,46598175
19,97142838;0,46598175
19,97642838;0,00000000
19,98142838;0,00000000
19,98642838;0,46598175
19,99142838;-12,60150051
19,99642838;0,00000000
20,00142838;0,00000000
20,00642838;0,46598175
20,01142838;-0,46598175
20,01642838;0,00000000
20,02142838;0,46598175
20,02642838;-0,93196350
20,03142838;0,93196350
20,03642838;0,00000000
20,04142838;0,00000000
20,04642838;0,46598175
20,05142838;-0,46598175
20,05642838;-0,93196350
20,06142838;0,46598175
20,06642838;-0,46598175
20,07142838;0,46598175
20,07642838;0,00000000
20,08142838;0,00000000
20,08642838;0,00000000
20,09142838;0,00000000
20,09642838;0,00000000
20,10142838;0,00000000
20,10642838;0,46598175
20,11142838;0,00000000
20,11642838;0,46598175
20,12142838;0,00000000
20,12642838;-0,46598175
20,13142838;0,00000000
20,13642838;0,46598175
20,14142838;0,46598175
20,14642838;0,93196350
20,15142838;0,00000000
20,15642838;0,00000000
20,16142838;0,00000000
20,16642838;0,00000000
20,17142838;0,46598175
20,17642838;0,00000000
20,18142838;1,39948320
20,18642838;0,00000000
20,19142838;1,39948320
20,19642838;1,86546493
20,20142838;0,00000000
20,20642838;0,46598175
20,21142838;0,00000000
20,21642838;0,46598175
20,22142838;0,00000000
20,22642838;0,00000000
20,23142838;0,46598175
20,23642838;-0,46598175
20,24142838;0,00000000
20,24642838;-0,46598175
20,25142838;0,46598175
20,25642838;0,00000000
20,26142838;0,00000000
20,26642838;-0,46598175
20,27142838;0,46598175
20,27642838;-0,46598175
20,28142838;0,00000000
20,28642838;0,46598175
20,29142838;0,00000000
20,29642838;0,00000000
20,30142838;-0,93196350
20,30642837;0,93196350
20,31142837;0,46598175
20,31642837;-0,93196350
20,32142837;0,46598175
20,32642837;0,00000000
20,33142837;0,00000000
20,33642837;0,93196350
20,34142837;0,46598175
20,34642837;0,46598175
20,35142837;-0,93196350
20,35642837;0,00000000
20,36142837;0,00000000
20,36642837;0,00000000
20,37142837;-0,46598175
20,37642837;0,00000000
20,38142837;0,46598175
20,38642837;0,00000000
20,39142837;0,00000000
20,39642837;0,46598175
20,40142837;0,00000000
20,40642837;0,00000000
20,41142837;-0,46598175
20,41642837;0,46598175
20,42142837;0,46598175
20,42642837;0,46598175
20,43142837;0,46598175
20,43642837;-1,39948320
20,44142837;-0,46598175
20,44642837;-0,46598175
20,45142837;-1,39948320
20,45642837;0,00000000
20,46142837;0,00000000
20,46642837;-0,46598175
20,47142837;0,93196350
20,47642837;-0,46598175
20,48142837;0,46598175
20,48642837;0,00000000
20,49142837;0,46598175
20,49642837;0,46598175
20,50142837;-0,46598175
20,50642837;-1,39948320
20,51142837;0,00000000
20,51642837;1,39948320
20,52142837;0,00000000
20,52642837;0,46598175
20,53142837;0,93196350
20,53642837;-0,46598175
20,54142837;0,46598175
20,54642837;-0,93196350
20,55142837;-0,46598175
20,55642837;-0,46598175
20,56142837;0,00000000
20,56642837;-0,93196350
20,57142837;0,46598175
20,57642837;0,46598175
20,58142837;0,00000000
20,58642837;0,46598175
20,59142837;0,93196350
20,59642837;0,00000000
20,60142837;0,46598175
20,60642837;0,46598175
20,61142837;0,46598175
20,61642837;-0,93196350
20,62142837;-0,46598175
20,62642837;0,46598175
20,63142837;0,46598175
20,63642837;0,00000000
20,64142837;-0,93196350
20,64642837;-0,93196350
20,65142837;0,00000000
20,65642837;0,46598175
20,66142837;0,46598175
20,66642837;0,46598175
20,67142837;0,46598175
20,67642837;-2,33298445
20,68142837;0,00000000
20,68642837;-0,93196350
20,69142837;0,46598175
20,69642837;0,00000000
20,70142837;-0,93196350
20,70642836;0,46598175
20,71142836;-0,46598175
20,71642836;-0,46598175
20,72142836;-0,46598175
20,72642836;-0,46598175
20,73142836;0,00000000
20,73642836;0,00000000
20,74142836;0,00000000
20,74642836;0,00000000
20,75142836;-0,93196350
20,75642836;0,46598175
20,76142836;-0,93196350
20,76642836;-0,46598175
20,77142836;0,00000000
20,77642836;0,00000000
20,78142836;0,46598175
20,78642836;0,46598175
20,79142836;0,46598175
20,79642836;0,00000000
20,80142836;-0,46598175
20,80642836;-0,46598175
20,81142836;0,00000000
20,81642836;0,46598175
20,82142836;0,46598175
20,82642836;-0,93196350
20,83142836;0,00000000
20,83642836;0,00000000
20,84142836;0,00000000
20,84642836;0,00000000
20,85142836;0,93196350
20,85642836;0,00000000
20,86142836;0,00000000
20,86642836;-0,46598175
20,87142836;0,46598175
20,87642836;0,46598175
20,88142836;0,00000000
20,88642836;0,46598175
20,89142836;0,46598175
20,89642836;0,00000000
20,90142836;0,00000000
20,90642836;-0,46598175
20,91142836;0,46598175
20,91642836;0,46598175
20,92142836;0,46598175
20,92642836;0,00000000
20,93142836;0,46598175
20,93642836;0,00000000
20,94142836;0,93196350
20,94642836;-1,39948320
20,95142836;0,46598175
20,95642836;0,46598175
20,96142836;0,46598175
20,96642836;-0,46598175
20,97142836;0,46598175
20,97642836;0,46598175
20,98142836;0,00000000
20,98642836;0,93196350
20,99142836;0,00000000
20,99642836;0,00000000
21,00142836;-0,46598175
21,00642836;0,00000000
21,01142836;0,46598175
21,01642836;-0,93196350
21,02142836;0,46598175
21,02642836;0,00000000
21,03142836;0,00000000
21,03642836;0,93196350
21,04142836;0,46598175
21,04642836;-1,39948320
21,05142836;0,46598175
21,05642836;0,46598175
21,06142836;0,46598175
21,06642836;0,00000000
21,07142836;0,46598175
21,07642836;0,93196350
21,08142836;0,00000000
21,08642836;-1,86546493
21,09142836;0,46598175
21,09642836;-0,93196350
21,10142835;-0,46598175
21,10642835;0,46598175
21,11142835;0,00000000
21,11642835;0,93196350
21,12142835;0,00000000
21,12642835;0,46598175
21,13142835;0,46598175
21,13642835;-0,93196350
21,14142835;0,46598175
21,14642835;0,93196350
21,15142835;0,00000000
21,15642835;-0,93196350
21,16142835;0,00000000
21,16642835;-0,46598175
21,17142835;-0,46598175
21,17642835;0,46598175
21,18142835;1,39948320
21,18642835;-0,46598175
21,19142835;-0,93196350
21,19642835;0,46598175
21,20142835;0,00000000
21,20642835;0,46598175
21,21142835;0,00000000
21,21642835;0,93196350
21,22142835;0,46598175
21,22642835;0,46598175
21,23142835;0,00000000
21,23642835;0,00000000
21,24142835;0,46598175
21,24642835;0,00000000
21,25142835;0,46598175
21,25642835;0,46598175
21,26142835;0,00000000
21,26642835;0,93196350
21,27142835;-0,93196350
21,27642835;-0,46598175
21,28142835;-0,93196350
21,28642835;0,00000000
21,29142835;0,93196350
21,29642835;-0,46598175
21,30142835;0,93196350
21,30642835;0,46598175
21,31142835;0,46598175
21,31642835;0,00000000
21,32142835;0,00000000
21,32642835;-1,86546493
21,33142835;0,00000000
21,33642835;0,00000000
21,34142835;1,39948320
21,34642835;-0,93196350
21,35142835;-0,46598175
21,35642835;0,00000000
21,36142835;0,00000000
21,36642835;0,46598175
21,37142835;0,93196350
21,37642835;0,00000000
21,38142835;-0,46598175
21,38642835;0,00000000
21,39142835;0,00000000
21,39642835;0,46598175
21,40142835;0,46598175
21,40642835;0,00000000
21,41142835;0,46598175
21,41642835;0,93196350
21,42142835;0,00000000
21,42642835;0,00000000
21,43142835;-0,46598175
21,43642835;0,00000000
21,44142835;0,46598175
21,44642835;0,46598175
21,45142835;0,93196350
21,45642835;-0,46598175
21,46142835;0,46598175
21,46642835;-0,46598175
21,47142835;0,00000000
21,47642835;0,00000000
21,48142835;-0,46598175
21,48642835;0,00000000
21,49142835;0,46598175
21,49642834;0,00000000
21,50142834;0,93196350
21,50642834;0,00000000
21,51142834;0,00000000
21,51642834;0,00000000
21,52142834;0,46598175
21,52642834;0,46598175
21,53142834;0,46598175
21,53642834;0,00000000
21,54142834;0,00000000
21,54642834;-0,46598175
21,55142834;0,46598175
21,55642834;0,46598175
21,56142834;0,00000000
21,56642834;0,00000000
21,57142834;0,00000000
21,57642834;0,46598175
21,58142834;0,00000000
21,58642834;-0,46598175
21,59142834;-0,46598175
21,59642834;0,93196350
21,60142834;0,46598175
21,60642834;0,46598175
21,61142834;0,00000000
21,61642834;0,00000000
21,62142834;0,00000000
21,62642834;0,46598175
21,63142834;0,46598175
21,63642834;0,93196350
21,64142834;0,00000000
21,64642834;0,00000000
21,65142834;0,46598175
21,65642834;0,00000000
21,66142834;0,93196350
21,66642834;0,00000000
21,67142834;0,46598175
21,67642834;0,46598175
21,68142834;0,00000000
21,68642834;0,46598175
21,69142834;0,46598175
21,69642834;0,46598175
21,70142834;0,00000000
21,70642834;0,00000000
21,71142834;0,93196350
21,71642834;-0,46598175
21,72142834;-1,39948320
21,72642834;1,39948320
21,73142834;0,46598175
21,73642834;0,46598175
21,74142834;-1,86546493
21,74642834;-0,46598175
21,75142834;0,46598175
21,75642834;0,46598175
21,76142834;0,46598175
21,76642834;0,00000000
21,77142834;0,46598175
21,77642834;1,39948320
21,78142834;-0,46598175
21,78642834;0,00000000
21,79142834;-0,46598175
21,79642834;0,46598175
21,80142834;0,00000000
21,80642834;0,93196350
21,81142834;0,93196350
21,81642834;-0,46598175
21,82142834;0,00000000
21,82642834;-0,46598175
21,83142834;0,00000000
21,83642834;1,86546493
21,84142834;-0,46598175
21,84642834;0,93196350
21,85142834;0,00000000
21,85642834;-0,93196350
21,86142834;-0,46598175
21,86642834;0,00000000
21,87142834;0,46598175
21,87642834;-0,46598175
21,88142834;0,46598175
21,88642834;1,39948320
21,89142833;0,00000000
21,89642833;-0,93196350
21,90142833;-1,86546493
21,90642833;0,46598175
21,91142833;0,46598175
21,91642833;-0,46598175
21,92142833;-0,93196350
21,92642833;0,00000000
21,93142833;0,00000000
21,93642833;0,46598175
21,94142833;-0,46598175
21,94642833;0,46598175
21,95142833;0,00000000
21,95642833;0,00000000
21,96142833;-0,46598175
21,96642833;-0,46598175
21,97142833;0,00000000
21,97642833;-0,46598175
21,98142833;0,93196350
21,98642833;0,00000000
21,99142833;-1,39948320
21,99642833;0,46598175
22,00142833;0,93196350
22,00642833;0,00000000
22,01142833;-0,46598175
22,01642833;0,00000000
22,02142833;0,46598175
22,02642833;0,46598175
22,03142833;0,00000000
22,03642833;-0,46598175
22,04142833;0,00000000
22,04642833;0,46598175
22,05142833;0,00000000
22,05642833;-1,86546493
22,06142833;-0,93196350
22,06642833;-0,93196350
22,07142833;-0,46598175
22,07642833;0,00000000
22,08142833;0,00000000
22,08642833;-0,46598175
22,09142833;-0,46598175
22,09642833;0,93196350
22,10142833;0,00000000
22,10642833;0,46598175
22,11142833;0,46598175
22,11642833;-1,39948320
22,12142833;0,46598175
22,12642833;0,46598175
22,13142833;0,00000000
22,13642833;0,00000000
22,14142833;0,00000000
22,14642833;0,00000000
22,15142833;0,93196350
22,15642833;-0,46598175
22,16142833;0,00000000
22,16642833;0,00000000
22,17142833;-0,46598175
22,17642833;0,00000000
22,18142833;0,46598175
22,18642833;0,46598175
22,19142833;0,46598175
22,19642833;1,39948320
22,20142833;0,00000000
22,20642833;0,00000000
22,21142833;0,93196350
22,21642833;0,93196350
22,22142833;0,00000000
22,22642833;0,46598175
22,23142833;0,00000000
22,23642833;0,46598175
22,24142833;-0,46598175
22,24642833;0,00000000
22,25142833;0,00000000
22,25642833;0,93196350
22,26142833;0,00000000
22,26642833;0,46598175
22,27142833;0,46598175
22,27642833;0,00000000
22,28142833;0,93196350
22,28642832;0,00000000
22,29142832;0,46598175
22,29642832;0,46598175
22,30142832;0,46598175
22,30642832;0,93196350
22,31142832;0,00000000
22,31642832;-0,46598175
22,32142832;0,46598175
22,32642832;0,00000000
22,33142832;0,00000000
22,33642832;-0,46598175
22,34142832;-0,46598175
22,34642832;0,46598175
22,35142832;0,00000000
22,35642832;0,00000000
22,36142832;0,00000000
22,36642832;0,00000000
22,37142832;0,46598175
22,37642832;0,46598175
22,38142832;0,46598175
22,38642832;0,00000000
22,39142832;0,00000000
22,39642832;0,00000000
22,40142832;0,00000000
22,40642832;0,46598175
22,41142832;0,00000000
22,41642832;0,46598175
22,42142832;0,00000000
22,42642832;0,00000000
22,43142832;0,00000000
22,43642832;0,93196350
22,44142832;0,00000000
22,44642832;0,46598175
22,45142832;0,93196350
22,45642832;0,00000000
22,46142832;-0,46598175
22,46642832;0,46598175
22,47142832;0,00000000
22,47642832;0,46598175
22,48142832;0,46598175
22,48642832;0,00000000
22,49142832;0,46598175
22,49642832;0,00000000
22,50142832;0,93196350
22,50642832;0,93196350
22,51142832;-0,46598175
22,51642832;-2,33298445
22,52142832;0,00000000
22,52642832;0,00000000
22,53142832;0,00000000
22,53642832;-0,46598175
22,54142832;0,00000000
22,54642832;0,46598175
22,55142832;1,39948320
22,55642832;0,46598175
22,56142832;-0,46598175
22,56642832;0,00000000
22,57142832;-0,46598175
22,57642832;0,00000000
22,58142832;0,93196350
22,58642832;0,46598175
22,59142832;-0,46598175
22,59642832;0,46598175
22,60142832;0,93196350
22,60642832;0,46598175
22,61142832;0,46598175
22,61642832;0,00000000
22,62142832;0,46598175
22,62642832;0,46598175
22,63142832;0,46598175
22,63642832;0,00000000
22,64142832;0,46598175
22,64642832;-0,93196350
22,65142832;0,46598175
22,65642832;-0,46598175
22,66142832;0,46598175
22,66642832;-0,46598175
22,67142832;-0,46598175
22,67642832;-1,86546493
22,68142831;0,00000000
22,68642831;-0,46598175
22,69142831;0,46598175
22,69642831;0,00000000
22,70142831;0,00000000
22,70642831;0,00000000
22,71142831;0,46598175
22,71642831;-1,39948320
22,72142831;0,00000000
22,72642831;0,46598175
22,73142831;1,39948320
22,73642831;0,00000000
22,74142831;0,00000000
22,74642831;0,00000000
22,75142831;0,00000000
22,75642831;-0,46598175
22,76142831;0,00000000
22,76642831;0,46598175
22,77142831;0,00000000
22,77642831;0,46598175
22,78142831;0,00000000
22,78642831;0,93196350
22,79142831;0,00000000
22,79642831;0,00000000
22,80142831;0,46598175
22,80642831;-1,39948320
22,81142831;0,46598175
22,81642831;0,00000000
22,82142831;-1,39948320
22,82642831;-0,46598175
22,83142831;0,46598175
22,83642831;-0,46598175
22,84142831;0,46598175
22,84642831;0,46598175
22,85142831;0,00000000
22,85642831;0,46598175
22,86142831;0,00000000
22,86642831;-0,93196350
22,87142831;0,00000000
22,87642831;-0,46598175
22,88142831;-1,86546493
22,88642831;0,46598175
22,89142831;0,00000000
22,89642831;0,00000000
22,90142831;0,93196350
22,90642831;0,00000000
22,91142831;0,93196350
22,91642831;-2,33298445
22,92142831;0,00000000
22,92642831;-0,93196350
22,93142831;-0,46598175
22,93642831;0,00000000
22,94142831;0,46598175
22,94642831;0,46598175
22,95142831;0,00000000
22,95642831;0,46598175
22,96142831;-0,46598175
22,96642831;-0,46598175
22,97142831;-0,93196350
22,97642831;0,00000000
22,98142831;-0,46598175
22,98642831;0,93196350
22,99142831;-1,39948320
22,99642831;0,46598175
23,00142831;0,00000000
23,00642831;-0,46598175
23,01142831;0,46598175
23,01642831;0,46598175
23,02142831;0,00000000
23,02642831;0,00000000
23,03142831;0,46598175
23,03642831;0,93196350
23,04142831;-0,93196350
23,04642831;-0,46598175
23,05142831;0,00000000
23,05642831;0,46598175
23,06142831;0,46598175
23,06642831;0,46598175
23,07142831;0,00000000
23,07642831;-0,46598175
23,08142830;0,46598175
23,08642830;0,46598175
23,09142830;0,00000000
23,09642830;0,46598175
23,10142830;0,00000000
23,10642830;0,93196350
23,11142830;0,00000000
23,11642830;0,93196350
23,12142830;-0,93196350
23,12642830;0,46598175
23,13142830;1,86546493
23,13642830;0,00000000
23,14142830;-0,46598175
23,14642830;-1,86546493
23,15142830;0,00000000
23,15642830;0,46598175
23,16142830;-0,46598175
23,16642830;-0,46598175
23,17142830;0,46598175
23,17642830;-0,93196350
23,18142830;-0,46598175
23,18642830;-0,46598175
23,19142830;0,46598175
23,19642830;0,46598175
23,20142830;0,00000000
23,20642830;-0,46598175
23,21142830;0,00000000
23,21642830;0,00000000
23,22142830;0,00000000
23,22642830;0,46598175
23,23142830;0,46598175
23,23642830;0,46598175
23,24142830;0,46598175
23,24642830;0,00000000
23,25142830;0,00000000
23,25642830;0,00000000
23,26142830;0,93196350
23,26642830;0,00000000
23,27142830;0,00000000
23,27642830;0,93196350
23,28142830;0,00000000
23,28642830;0,46598175
23,29142830;0,00000000
23,29642830;0,00000000
23,30142830;0,46598175
23,30642830;0,00000000
23,31142830;0,00000000
23,31642830;-0,46598175
23,32142830;0,93196350
23,32642830;0,46598175
23,33142830;-0,93196350
23,33642830;2,79896641
23,34142830;0,46598175
23,34642830;0,00000000
23,35142830;-0,46598175
23,35642830;0,46598175
23,36142830;-0,93196350
23,36642830;0,46598175
23,37142830;-0,93196350
23,37642830;-0,46598175
23,38142830;0,00000000
23,38642830;0,46598175
23,39142830;0,46598175
23,39642830;0,00000000
23,40142830;-0,46598175
23,40642830;0,93196350
23,41142830;0,00000000
23,41642830;-0,93196350
23,42142830;0,46598175
23,42642830;0,00000000
23,43142830;0,00000000
23,43642830;0,00000000
23,44142830;0,46598175
23,44642830;0,46598175
23,45142830;-0,93196350
23,45642830;0,00000000
23,46142830;-0,46598175
23,46642830;0,46598175
23,47142830;0,00000000
23,47642829;0,46598175
23,48142829;0,00000000
23,48642829;-0,46598175
23,49142829;-0,46598175
23,49642829;0,93196350
23,50142829;-0,46598175
23,50642829;-0,93196350
23,51142829;0,46598175
23,51642829;0,00000000
23,52142829;0,46598175
23,52642829;0,00000000
23,53142829;0,93196350
23,53642829;-0,46598175
23,54142829;0,00000000
23,54642829;0,46598175
23,55142829;0,93196350
23,55642829;0,93196350
23,56142829;0,00000000
23,56642829;-0,93196350
23,57142829;0,00000000
23,57642829;0,00000000
23,58142829;0,00000000
23,58642829;0,93196350
23,59142829;0,46598175
23,59642829;0,46598175
23,60142829;0,00000000
23,60642829;0,46598175
23,61142829;0,00000000
23,61642829;0,00000000
23,62142829;0,46598175
23,62642829;0,00000000
23,63142829;0,00000000
23,63642829;0,00000000
23,64142829;-0,46598175
23,64642829;0,46598175
23,65142829;-0,46598175
23,65642829;0,46598175
23,66142829;-0,46598175
23,66642829;-0,46598175
23,67142829;2,33298445
23,67642829;0,00000000
23,68142829;0,46598175
23,68642829;0,00000000
23,69142829;0,00000000
23,69642829;0,00000000
23,70142829;0,46598175
23,70642829;0,00000000
23,71142829;0,00000000
23,71642829;0,00000000
23,72142829;0,46598175
23,72642829;0,46598175
23,73142829;0,93196350
23,73642829;0,00000000
23,74142829;0,00000000
23,74642829;0,46598175
23,75142829;-0,46598175
23,75642829;0,00000000
23,76142829;0,00000000
23,76642829;0,46598175
23,77142829;0,00000000
23,77642829;0,46598175
23,78142829;-0,46598175
23,78642829;1,39948320
23,79142829;0,00000000
23,79642829;-0,93196350
23,80142829;0,46598175
23,80642829;-0,46598175
23,81142829;0,46598175
23,81642829;0,00000000
23,82142829;0,46598175
23,82642829;-0,93196350
23,83142829;0,46598175
23,83642829;-0,46598175
23,84142829;-0,46598175
23,84642829;0,46598175
23,85142829;0,00000000
23,85642829;0,00000000
23,86142829;-0,93196350
23,86642829;0,00000000
23,87142828;-0,46598175
23,87642828;0,46598175
23,88142828;0,46598175
23,88642828;0,00000000
23,89142828;0,00000000
23,89642828;0,46598175
23,90142828;0,46598175
23,90642828;-0,46598175
23,91142828;0,46598175
23,91642828;1,39948320
23,92142828;0,00000000
23,92642828;-0,46598175
23,93142828;-1,39948320
23,93642828;0,00000000
23,94142828;0,46598175
23,94642828;-0,93196350
23,95142828;0,00000000
23,95642828;-0,46598175
23,96142828;0,93196350
23,96642828;0,00000000
23,97142828;0,00000000
23,97642828;0,46598175
23,98142828;0,46598175
23,98642828;-0,46598175
23,99142828;0,46598175
23,99642828;0,46598175
24,00142828;0,46598175
24,00642828;0,46598175
24,01142828;0,00000000
24,01642828;0,00000000
24,02142828;0,00000000
24,02642828;-0,93196350
24,03142828;0,00000000
24,03642828;0,46598175
24,04142828;0,00000000
24,04642828;0,93196350
24,05142828;0,00000000
24,05642828;0,00000000
24,06142828;0,46598175
24,06642828;0,00000000
24,07142828;0,00000000
24,07642828;0,00000000
24,08142828;0,46598175
24,08642828;-0,93196350
24,09142828;0,46598175
24,09642828;0,46598175
24,10142828;0,00000000
24,10642828;0,00000000
24,11142828;-0,46598175
24,11642828;0,46598175
24,12142828;1,39948320
24,12642828;0,46598175
24,13142828;-1,39948320
24,13642828;-0,93196350
24,14142828;0,00000000
24,14642828;0,46598175
24,15142828;0,46598175
24,15642828;-0,46598175
24,16142828;0,46598175
24,16642828;-0,46598175
24,17142828;0,93196350
24,17642828;0,00000000
24,18142828;-1,39948320
24,18642828;0,00000000
24,19142828;0,93196350
24,19642828;0,00000000
24,20142828;0,00000000
24,20642828;0,00000000
24,21142828;0,00000000
24,21642828;0,00000000
24,22142828;0,93196350
24,22642828;0,46598175
24,23142828;0,46598175
24,23642828;0,00000000
24,24142828;-0,46598175
24,24642828;0,46598175
24,25142828;-0,46598175
24,25642828;-0,46598175
24,26142828;1,86546493
24,26642827;-0,46598175
24,27142827;0,00000000
24,27642827;0,46598175
24,28142827;0,93196350
24,28642827;0,00000000
24,29142827;0,00000000
24,29642827;-0,46598175
24,30142827;0,00000000
24,30642827;0,00000000
24,31142827;0,46598175
24,31642827;1,39948320
24,32142827;0,93196350
24,32642827;0,00000000
24,33142827;0,46598175
24,33642827;0,93196350
24,34142827;0,46598175
24,34642827;-0,46598175
24,35142827;0,00000000
24,35642827;0,00000000
24,36142827;0,93196350
24,36642827;0,00000000
24,37142827;0,46598175
24,37642827;0,00000000
24,38142827;0,00000000
24,38642827;-0,46598175
24,39142827;1,39948320
24,39642827;0,00000000
24,40142827;0,00000000
24,40642827;0,46598175
24,41142827;0,93196350
24,41642827;0,93196350
24,42142827;0,00000000
24,42642827;-0,46598175
24,43142827;0,46598175
24,43642827;0,46598175
24,44142827;0,00000000
24,44642827;0,93196350
24,45142827;0,93196350
24,45642827;0,46598175
24,46142827;-0,46598175
24,46642827;0,46598175
24,47142827;0,00000000
24,47642827;0,00000000
24,48142827;0,00000000
24,48642827;0,00000000
24,49142827;0,00000000
24,49642827;0,00000000
24,50142827;-0,46598175
24,50642827;-0,93196350
24,51142827;-0,46598175
24,51642827;0,46598175
24,52142827;0,93196350
24,52642827;0,00000000
24,53142827;-0,46598175
24,53642827;0,00000000
24,54142827;0,46598175
24,54642827;0,93196350
24,55142827;-0,93196350
24,55642827;0,46598175
24,56142827;-0,46598175
24,56642827;0,00000000
24,57142827;0,46598175
24,57642827;0,00000000
24,58142827;0,46598175
24,58642827;0,46598175
24,59142827;0,00000000
24,59642827;-0,46598175
24,60142827;0,46598175
24,60642827;0,46598175
24,61142827;-0,93196350
24,61642827;0,46598175
24,62142827;0,00000000
24,62642827;0,46598175
24,63142827;0,00000000
24,63642827;-0,46598175
24,64142827;0,93196350
24,64642827;0,46598175
24,65142827;0,46598175
24,65642827;0,00000000
24,66142826;-0,46598175
24,66642826;0,46598175
24,67142826;0,46598175
24,67642826;0,46598175
24,68142826;0,93196350
24,68642826;0,46598175
24,69142826;0,00000000
24,69642826;0,46598175
24,70142826;0,00000000
24,70642826;0,00000000
24,71142826;0,46598175
24,71642826;0,93196350
24,72142826;-0,93196350
24,72642826;0,00000000
24,73142826;1,86546493
24,73642826;0,46598175
24,74142826;0,46598175
24,74642826;-1,39948320
24,75142826;0,00000000
24,75642826;0,00000000
24,76142826;0,00000000
24,76642826;0,00000000
24,77142826;1,86546493
24,77642826;-0,93196350
24,78142826;0,00000000
24,78642826;0,00000000
24,79142826;-0,46598175
24,79642826;0,00000000
24,80142826;-3,26648593
24,80642826;-0,93196350
24,81142826;0,46598175
24,81642826;-0,46598175
24,82142826;0,46598175
24,82642826;0,00000000
24,83142826;0,93196350
24,83642826;0,00000000
24,84142826;0,93196350
24,84642826;0,00000000
24,85142826;0,00000000
24,85642826;0,46598175
24,86142826;0,93196350
24,86642826;0,93196350
24,87142826;0,46598175
24,87642826;0,00000000
24,88142826;0,00000000
24,88642826;0,93196350
24,89142826;0,00000000
24,89642826;0,00000000
24,90142826;0,00000000
24,90642826;-0,46598175
24,91142826;0,00000000
24,91642826;-1,39948320
24,92142826;0,46598175
24,92642826;0,00000000
24,93142826;0,46598175
24,93642826;0,00000000
24,94142826;0,00000000
24,94642826;0,46598175
24,95142826;0,00000000
24,95642826;0,46598175
24,96142826;0,46598175
24,96642826;0,00000000
24,97142826;0,00000000
24,97642826;-0,46598175
24,98142826;0,00000000
24,98642826;-0,93196350
24,99142826;0,46598175
24,99642826;0,46598175
25,00142826;-0,93196350
25,00642826;0,46598175
