Zeit;Kanal A
(ms);(mV)

-25,00868326;9,80099583
-25,00368326;9,33347607
-24,99868326;10,73449707
-24,99368326;8,86749458
-24,98868326;9,80099583
-24,98368326;10,26697731
-24,97868326;9,80099583
-24,97368326;9,80099583
-24,96868326;10,26697731
-24,96368326;10,26697731
-24,95868326;10,73449707
-24,95368326;10,73449707
-24,94868326;10,73449707
-24,94368326;14,00098324
-24,93868326;11,20047951
-24,93368326;11,20047951
-24,92868326;11,66799831
-24,92368326;13,06748199
-24,91868326;12,60150051
-24,91368326;12,13398075
-24,90868326;12,13398075
-24,90368326;12,60150051
-24,89868326;12,13398075
-24,89368327;12,60150051
-24,88868327;12,60150051
-24,88368327;11,66799831
-24,87868327;12,13398075
-24,87368327;12,13398075
-24,86868327;11,66799831
-24,86368327;11,66799831
-24,85868327;11,66799831
-24,85368327;11,66799831
-24,84868327;11,66799831
-24,84368327;12,13398075
-24,83868327;12,13398075
-24,83368327;12,13398075
-24,82868327;11,20047951
-24,82368327;11,66799831
-24,81868327;12,13398075
-24,81368327;12,13398075
-24,80868327;13,06748199
-24,80368327;11,66799831
-24,79868327;11,66799831
-24,79368327;-0,46598175
-24,78868327;12,13398075
-24,78368327;11,20047951
-24,77868327;11,66799831
-24,77368327;12,60150051
-24,76868327;12,13398075
-24,76368327;12,60150051
-24,75868327;12,60150051
-24,75368327;13,06748199
-24,74868327;13,06748199
-24,74368327;12,60150051
-24,73868327;12,60150051
-24,73368327;13,06748199
-24,72868327;13,06748199
-24,72368327;13,53500175
-24,71868327;13,53500175
-24,71368327;13,53500175
-24,70868327;13,53500175
-24,70368327;14,00098324
-24,69868327;14,00098324
-24,69368327;14,46850300
-24,68868327;14,46850300
-24,68368327;14,46850300
-24,67868327;14,00098324
-24,67368327;14,93448448
-24,66868327;15,40046692
-24,66368327;14,93448448
-24,65868327;15,86798668
-24,65368327;15,86798668
-24,64868327;16,80148888
-24,64368327;16,80148888
-24,63868327;15,40046692
-24,63368327;16,80148888
-24,62868327;16,80148888
-24,62368327;16,33396912
-24,61868327;16,80148888
-24,61368327;16,80148888
-24,60868327;15,86798668
-24,60368327;16,33396912
-24,59868327;15,86798668
-24,59368327;16,80148888
-24,58868327;16,80148888
-24,58368327;17,73498917
-24,57868327;17,73498917
-24,57368327;17,73498917
-24,56868327;18,20096970
-24,56368327;16,80148888
-24,55868327;17,73498917
-24,55368327;18,20096970
-24,54868327;16,80148888
-24,54368327;18,20096970
-24,53868327;19,13447189
-24,53368327;19,60199165
-24,52868327;19,13447189
-24,52368327;19,13447189
-24,51868327;19,60199165
-24,51368327;19,13447189
-24,50868327;19,13447189
-24,50368327;19,13447189
-24,49868328;20,06797409
-24,49368328;20,06797409
-24,48868328;19,60199165
-24,48368328;20,53549385
-24,47868328;20,06797409
-24,47368328;20,06797409
-24,46868328;19,13447189
-24,46368328;19,60199165
-24,45868328;18,66848946
-24,45368328;19,60199165
-24,44868328;19,13447189
-24,44368328;19,60199165
-24,43868328;18,66848946
-24,43368328;19,13447189
-24,42868328;19,13447189
-24,42368328;18,66848946
-24,41868328;18,66848946
-24,41368328;19,60199165
-24,40868328;19,13447189
-24,40368328;19,13447189
-24,39868328;18,66848946
-24,39368328;19,13447189
-24,38868328;18,20096970
-24,38368328;18,66848946
-24,37868328;18,20096970
-24,37368328;18,20096970
-24,36868328;20,53549385
-24,36368328;18,66848946
-24,35868328;18,66848946
-24,35368328;19,13447189
-24,34868328;19,13447189
-24,34368328;15,86798668
-24,33868328;17,73498917
-24,33368328;18,66848946
-24,32868328;18,66848946
-24,32368328;18,66848946
-24,31868328;18,20096970
-24,31368328;19,13447189
-24,30868328;18,20096970
-24,30368328;19,13447189
-24,29868328;18,20096970
-24,29368328;18,66848946
-24,28868328;18,66848946
-24,28368328;19,13447189
-24,27868328;19,13447189
-24,27368328;18,66848946
-24,26868328;18,66848946
-24,26368328;19,60199165
-24,25868328;19,60199165
-24,25368328;19,13447189
-24,24868328;19,60199165
-24,24368328;20,06797409
-24,23868328;20,06797409
-24,23368328;20,06797409
-24,22868328;19,60199165
-24,22368328;20,53549385
-24,21868328;20,53549385
-24,21368328;21,00147629
-24,20868328;21,00147629
-24,20368328;21,46899414
-24,19868328;20,53549385
-24,19368328;21,46899414
-24,18868328;21,93497658
-24,18368328;21,46899414
-24,17868328;21,46899414
-24,17368328;13,53500175
-24,16868328;21,93497658
-24,16368328;21,46899414
-24,15868328;21,00147629
-24,15368328;21,00147629
-24,14868328;21,46899414
-24,14368328;21,00147629
-24,13868328;20,53549385
-24,13368328;21,00147629
-24,12868328;20,53549385
-24,12368328;21,00147629
-24,11868328;21,00147629
-24,11368328;21,00147629
-24,10868328;21,00147629
-24,10368329;26,13650131
-24,09868329;18,66848946
-24,09368329;21,46899414
-24,08868329;19,60199165
-24,08368329;21,46899414
-24,07868329;21,00147629
-24,07368329;20,53549385
-24,06868329;20,53549385
-24,06368329;21,46899414
-24,05868329;21,00147629
-24,05368329;20,53549385
-24,04868329;21,00147629
-24,04368329;19,60199165
-24,03868329;19,60199165
-24,03368329;19,60199165
-24,02868329;19,60199165
-24,02368329;20,06797409
-24,01868329;19,60199165
-24,01368329;19,13447189
-24,00868329;19,13447189
-24,00368329;17,26746941
-23,99868329;18,66848946
-23,99368329;18,20096970
-23,98868329;18,20096970
-23,98368329;18,66848946
-23,97868329;18,20096970
-23,97368329;18,20096970
-23,96868329;18,20096970
-23,96368329;11,20047951
-23,95868329;17,73498917
-23,95368329;18,20096970
-23,94868329;18,20096970
-23,94368329;18,66848946
-23,93868329;18,20096970
-23,93368329;18,20096970
-23,92868329;18,66848946
-23,92368329;18,20096970
-23,91868329;19,13447189
-23,91368329;18,20096970
-23,90868329;18,66848946
-23,90368329;18,20096970
-23,89868329;17,73498917
-23,89368329;18,20096970
-23,88868329;17,26746941
-23,88368329;17,26746941
-23,87868329;17,26746941
-23,87368329;17,26746941
-23,86868329;17,73498917
-23,86368329;17,73498917
-23,85868329;17,26746941
-23,85368329;16,80148888
-23,84868329;17,26746941
-23,84368329;16,80148888
-23,83868329;17,26746941
-23,83368329;16,80148888
-23,82868329;16,33396912
-23,82368329;16,80148888
-23,81868329;15,40046692
-23,81368329;15,86798668
-23,80868329;16,33396912
-23,80368329;16,80148888
-23,79868329;15,86798668
-23,79368329;15,86798668
-23,78868329;15,86798668
-23,78368329;15,86798668
-23,77868329;15,86798668
-23,77368329;15,40046692
-23,76868329;15,40046692
-23,76368329;14,93448448
-23,75868329;13,53500175
-23,75368329;14,46850300
-23,74868329;12,13398075
-23,74368329;13,53500175
-23,73868329;13,53500175
-23,73368329;12,60150051
-23,72868329;13,06748199
-23,72368329;11,66799831
-23,71868329;12,60150051
-23,71368329;13,53500175
-23,70868330;12,13398075
-23,70368330;12,60150051
-23,69868330;13,53500175
-23,69368330;12,13398075
-23,68868330;12,60150051
-23,68368330;11,66799831
-23,67868330;12,60150051
-23,67368330;12,13398075
-23,66868330;11,20047951
-23,66368330;11,20047951
-23,65868330;9,80099583
-23,65368330;11,20047951
-23,64868330;11,20047951
-23,64368330;10,73449707
-23,63868330;10,26697731
-23,63368330;9,80099583
-23,62868330;9,33347607
-23,62368330;10,26697731
-23,61868330;8,39997482
-23,61368330;9,33347607
-23,60868330;9,33347607
-23,60368330;7,93399334
-23,59868330;7,00049162
-23,59368330;8,39997482
-23,58868330;8,86749458
-23,58368330;7,00049162
-23,57868330;7,00049162
-23,57368330;8,39997482
-23,56868330;7,93399334
-23,56368330;6,53297186
-23,55868330;6,53297186
-23,55368330;7,00049162
-23,54868330;6,53297186
-23,54368330;6,53297186
-23,53868330;6,06699038
-23,53368330;4,66596889
-23,52868330;5,59947062
-23,52368330;5,13348866
-23,51868330;4,66596889
-23,51368330;3,73246789
-23,50868330;3,73246789
-23,50368330;3,73246789
-23,49868330;3,73246789
-23,49368330;3,26648593
-23,48868330;3,26648593
-23,48368330;3,73246789
-23,47868330;3,26648593
-23,47368330;3,73246789
-23,46868330;1,86546493
-23,46368330;1,39948320
-23,45868330;1,39948320
-23,45368330;1,86546493
-23,44868330;0,46598175
-23,44368330;0,46598175
-23,43868330;0,00000000
-23,43368330;0,46598175
-23,42868330;0,46598175
-23,42368330;0,46598175
-23,41868330;-0,46598175
-23,41368330;-1,39948320
-23,40868330;-0,46598175
-23,40368330;-1,86546493
-23,39868330;1,39948320
-23,39368330;-1,39948320
-23,38868330;-1,39948320
-23,38368330;-0,93196350
-23,37868330;-1,86546493
-23,37368330;-0,93196350
-23,36868330;-0,46598175
-23,36368330;-1,86546493
-23,35868330;-2,33298445
-23,35368330;-0,93196350
-23,34868330;-1,39948320
-23,34368330;-1,86546493
-23,33868330;-1,86546493
-23,33368330;-0,93196350
-23,32868330;-0,93196350
-23,32368330;-1,39948320
-23,31868330;-0,93196350
-23,31368331;-0,46598175
-23,30868331;-0,93196350
-23,30368331;-0,46598175
-23,29868331;-0,93196350
-23,29368331;-0,46598175
-23,28868331;-1,39948320
-23,28368331;-1,39948320
-23,27868331;-0,93196350
-23,27368331;-0,93196350
-23,26868331;-0,93196350
-23,26368331;-1,86546493
-23,25868331;-1,86546493
-23,25368331;-2,33298445
-23,24868331;-2,33298445
-23,24368331;-1,86546493
-23,23868331;-2,79896641
-23,23368331;-3,26648593
-23,22868331;-3,26648593
-23,22368331;-3,26648593
-23,21868331;-3,26648593
-23,21368331;-3,26648593
-23,20868331;-3,73246789
-23,20368331;-4,19998741
-23,19868331;-3,26648593
-23,19368331;-3,73246789
-23,18868331;-3,73246789
-23,18368331;-3,26648593
-23,17868331;-3,26648593
-23,17368331;-4,19998741
-23,16868331;-4,19998741
-23,16368331;-4,19998741
-23,15868331;-4,19998741
-23,15368331;-4,66596889
-23,14868331;-4,66596889
-23,14368331;-5,13348866
-23,13868331;-5,13348866
-23,13368331;-6,06699038
-23,12868331;-5,59947062
-23,12368331;-6,06699038
-23,11868331;-6,06699038
-23,11368331;-6,53297186
-23,10868331;-6,06699038
-23,10368331;-7,00049162
-23,09868331;-6,53297186
-23,09368331;-7,00049162
-23,08868331;-7,00049162
-23,08368331;-7,00049162
-23,07868331;-7,00049162
-23,07368331;-7,46647358
-23,06868331;-7,00049162
-23,06368331;-7,46647358
-23,05868331;-7,46647358
-23,05368331;-7,00049162
-23,04868331;-7,00049162
-23,04368331;-7,00049162
-23,03868331;-7,00049162
-23,03368331;-6,53297186
-23,02868331;-6,53297186
-23,02368331;-6,53297186
-23,01868331;-6,53297186
-23,01368331;-6,53297186
-23,00868331;-6,06699038
-23,00368331;-6,53297186
-22,99868331;-6,53297186
-22,99368331;-7,00049162
-22,98868331;-12,13398075
-22,98368331;-8,39997482
-22,97868331;-7,46647358
-22,97368331;-7,93399334
-22,96868331;-8,86749458
-22,96368331;-9,33347607
-22,95868331;-8,86749458
-22,95368331;-9,33347607
-22,94868331;-10,26697731
-22,94368331;-10,26697731
-22,93868331;-10,26697731
-22,93368331;-10,73449707
-22,92868331;-10,26697731
-22,92368331;-11,20047951
-22,91868332;-11,20047951
-22,91368332;-11,66799831
-22,90868332;-11,66799831
-22,90368332;-12,13398075
-22,89868332;-12,13398075
-22,89368332;-13,06748199
-22,88868332;-13,06748199
-22,88368332;-13,06748199
-22,87868332;-13,06748199
-22,87368332;-13,53500175
-22,86868332;-14,00098324
-22,86368332;-15,86798668
-22,85868332;-14,46850300
-22,85368332;-14,00098324
-22,84868332;-14,46850300
-22,84368332;-14,46850300
-22,83868332;-14,46850300
-22,83368332;-14,46850300
-22,82868332;-14,93448448
-22,82368332;-14,93448448
-22,81868332;-15,40046692
-22,81368332;-15,86798668
-22,80868332;-15,40046692
-22,80368332;-15,86798668
-22,79868332;-15,86798668
-22,79368332;-15,86798668
-22,78868332;-15,86798668
-22,78368332;-15,86798668
-22,77868332;-16,33396912
-22,77368332;-15,86798668
-22,76868332;-16,80148888
-22,76368332;-15,40046692
-22,75868332;-15,86798668
-22,75368332;-15,40046692
-22,74868332;-15,86798668
-22,74368332;-15,86798668
-22,73868332;-15,40046692
-22,73368332;-15,86798668
-22,72868332;-15,40046692
-22,72368332;-15,40046692
-22,71868332;-15,40046692
-22,71368332;-15,86798668
-22,70868332;-15,40046692
-22,70368332;-15,86798668
-22,69868332;-15,40046692
-22,69368332;-15,86798668
-22,68868332;-15,86798668
-22,68368332;-16,33396912
-22,67868332;-16,33396912
-22,67368332;-15,86798668
-22,66868332;-15,86798668
-22,66368332;-16,33396912
-22,65868332;-15,86798668
-22,65368332;-15,86798668
-22,64868332;-15,40046692
-22,64368332;-16,33396912
-22,63868332;-15,40046692
-22,63368332;-15,40046692
-22,62868332;-15,40046692
-22,62368332;-14,93448448
-22,61868332;-15,40046692
-22,61368332;-15,40046692
-22,60868332;-15,40046692
-22,60368332;-15,40046692
-22,59868332;-15,40046692
-22,59368332;-16,33396912
-22,58868332;-15,40046692
-22,58368332;-14,46850300
-22,57868332;-15,86798668
-22,57368332;-15,40046692
-22,56868332;-15,40046692
-22,56368332;-15,40046692
-22,55868332;-15,86798668
-22,55368332;-15,40046692
-22,54868332;-15,40046692
-22,54368332;-15,86798668
-22,53868332;-15,40046692
-22,53368332;-14,93448448
-22,52868332;-15,86798668
-22,52368332;-15,40046692
-22,51868333;-15,86798668
-22,51368333;-15,86798668
-22,50868333;-15,86798668
-22,50368333;-15,86798668
-22,49868333;-15,86798668
-22,49368333;-16,33396912
-22,48868333;-16,33396912
-22,48368333;-15,86798668
-22,47868333;-16,80148888
-22,47368333;-17,26746941
-22,46868333;-17,73498917
-22,46368333;-17,73498917
-22,45868333;-18,20096970
-22,45368333;-18,20096970
-22,44868333;-17,73498917
-22,44368333;-17,73498917
-22,43868333;-17,73498917
-22,43368333;-17,73498917
-22,42868333;-17,73498917
-22,42368333;-17,73498917
-22,41868333;-18,20096970
-22,41368333;-17,73498917
-22,40868333;-17,73498917
-22,40368333;-17,73498917
-22,39868333;-16,80148888
-22,39368333;-17,73498917
-22,38868333;-17,73498917
-22,38368333;-18,66848946
-22,37868333;-17,73498917
-22,37368333;-18,20096970
-22,36868333;-18,20096970
-22,36368333;-19,13447189
-22,35868333;-18,66848946
-22,35368333;-18,66848946
-22,34868333;-18,66848946
-22,34368333;-19,13447189
-22,33868333;-19,13447189
-22,33368333;-19,13447189
-22,32868333;-19,13447189
-22,32368333;-19,13447189
-22,31868333;-18,66848946
-22,31368333;-18,20096970
-22,30868333;-18,66848946
-22,30368333;-18,66848946
-22,29868333;-18,20096970
-22,29368333;-18,20096970
-22,28868333;-17,73498917
-22,28368333;-17,73498917
-22,27868333;-17,73498917
-22,27368333;-17,73498917
-22,26868333;-18,20096970
-22,26368333;-17,73498917
-22,25868333;-18,20096970
-22,25368333;-18,20096970
-22,24868333;-18,20096970
-22,24368333;-18,66848946
-22,23868333;-19,13447189
-22,23368333;-19,13447189
-22,22868333;-19,13447189
-22,22368333;-19,13447189
-22,21868333;-19,60199165
-22,21368333;-20,06797409
-22,20868333;-19,60199165
-22,20368333;-20,53549385
-22,19868333;-21,46899414
-22,19368333;-20,53549385
-22,18868333;-20,53549385
-22,18368333;-21,46899414
-22,17868333;-20,06797409
-22,17368333;-20,53549385
-22,16868333;-19,60199165
-22,16368333;-20,53549385
-22,15868333;-20,53549385
-22,15368333;-20,53549385
-22,14868333;-20,53549385
-22,14368333;-20,53549385
-22,13868333;-20,06797409
-22,13368333;-20,53549385
-22,12868333;-20,53549385
-22,12368334;-20,53549385
-22,11868334;-20,06797409
-22,11368334;-20,53549385
-22,10868334;-20,53549385
-22,10368334;-20,06797409
-22,09868334;-20,06797409
-22,09368334;-16,80148888
-22,08868334;-20,53549385
-22,08368334;-20,53549385
-22,07868334;-20,53549385
-22,07368334;-20,53549385
-22,06868334;-20,53549385
-22,06368334;-21,00147629
-22,05868334;-21,00147629
-22,05368334;-20,53549385
-22,04868334;-21,46899414
-22,04368334;-21,46899414
-22,03868334;-21,93497658
-22,03368334;-21,93497658
-22,02868334;-21,46899414
-22,02368334;-21,93497658
-22,01868334;-21,93497658
-22,01368334;-21,93497658
-22,00868334;-21,93497658
-22,00368334;-21,46899414
-21,99868334;-22,40249634
-21,99368334;-21,93497658
-21,98868334;-21,93497658
-21,98368334;-21,46899414
-21,97868334;-21,46899414
-21,97368334;-22,40249634
-21,96868334;-21,00147629
-21,96368334;-21,93497658
-21,95868334;-21,93497658
-21,95368334;-21,46899414
-21,94868334;-21,46899414
-21,94368334;-21,00147629
-21,93868334;-20,53549385
-21,93368334;-21,00147629
-21,92868334;-21,00147629
-21,92368334;-21,46899414
-21,91868334;-21,00147629
-21,91368334;-21,00147629
-21,90868334;-20,06797409
-21,90368334;-21,46899414
-21,89868334;-21,46899414
-21,89368334;-21,00147629
-21,88868334;-19,60199165
-21,88368334;-21,00147629
-21,87868334;-20,06797409
-21,87368334;-20,53549385
-21,86868334;-20,53549385
-21,86368334;-20,06797409
-21,85868334;-20,06797409
-21,85368334;-20,06797409
-21,84868334;-19,60199165
-21,84368334;-18,66848946
-21,83868334;-19,13447189
-21,83368334;-19,13447189
-21,82868334;-19,60199165
-21,82368334;-19,13447189
-21,81868334;-19,13447189
-21,81368334;-19,60199165
-21,80868334;-19,60199165
-21,80368334;-19,60199165
-21,79868334;-19,60199165
-21,79368334;-20,06797409
-21,78868334;-20,06797409
-21,78368334;-21,00147629
-21,77868334;-20,06797409
-21,77368334;-19,60199165
-21,76868334;-20,53549385
-21,76368334;-21,00147629
-21,75868334;-20,53549385
-21,75368334;-21,46899414
-21,74868334;-20,53549385
-21,74368334;-20,53549385
-21,73868334;-20,06797409
-21,73368334;-20,06797409
-21,72868335;-19,60199165
-21,72368335;-20,06797409
-21,71868335;-20,53549385
-21,71368335;-20,53549385
-21,70868335;-19,60199165
-21,70368335;-19,60199165
-21,69868335;-18,66848946
-21,69368335;-19,13447189
-21,68868335;-19,13447189
-21,68368335;-18,66848946
-21,67868335;-18,20096970
-21,67368335;-17,73498917
-21,66868335;-17,73498917
-21,66368335;-17,73498917
-21,65868335;-16,80148888
-21,65368335;-17,73498917
-21,64868335;-17,73498917
-21,64368335;-17,73498917
-21,63868335;-16,33396912
-21,63368335;-17,26746941
-21,62868335;-17,73498917
-21,62368335;-17,73498917
-21,61868335;-17,26746941
-21,61368335;-16,80148888
-21,60868335;-17,26746941
-21,60368335;-16,33396912
-21,59868335;-16,80148888
-21,59368335;-17,73498917
-21,58868335;-16,33396912
-21,58368335;-17,73498917
-21,57868335;-17,26746941
-21,57368335;-16,80148888
-21,56868335;-16,80148888
-21,56368335;-16,33396912
-21,55868335;-15,86798668
-21,55368335;-16,80148888
-21,54868335;-16,33396912
-21,54368335;-16,33396912
-21,53868335;-16,33396912
-21,53368335;-16,33396912
-21,52868335;-16,33396912
-21,52368335;-15,86798668
-21,51868335;-17,26746941
-21,51368335;-17,26746941
-21,50868335;-16,33396912
-21,50368335;-16,33396912
-21,49868335;-16,33396912
-21,49368335;-18,20096970
-21,48868335;-16,33396912
-21,48368335;-15,86798668
-21,47868335;-15,86798668
-21,47368335;-16,80148888
-21,46868335;-17,26746941
-21,46368335;-17,73498917
-21,45868335;-16,33396912
-21,45368335;-16,33396912
-21,44868335;-16,80148888
-21,44368335;-16,33396912
-21,43868335;-16,33396912
-21,43368335;-15,86798668
-21,42868335;-15,40046692
-21,42368335;-16,33396912
-21,41868335;-14,93448448
-21,41368335;-14,46850300
-21,40868335;-14,00098324
-21,40368335;-14,00098324
-21,39868335;-13,53500175
-21,39368335;-14,00098324
-21,38868335;-14,00098324
-21,38368335;-13,53500175
-21,37868335;-12,60150051
-21,37368335;-12,60150051
-21,36868335;-13,06748199
-21,36368335;-13,53500175
-21,35868335;-11,66799831
-21,35368335;-12,60150051
-21,34868335;-12,60150051
-21,34368335;-13,06748199
-21,33868335;-12,13398075
-21,33368336;-12,60150051
-21,32868336;-13,06748199
-21,32368336;-14,00098324
-21,31868336;-13,53500175
-21,31368336;-12,60150051
-21,30868336;-13,53500175
-21,30368336;-13,06748199
-21,29868336;-12,60150051
-21,29368336;-12,60150051
-21,28868336;-12,13398075
-21,28368336;-12,13398075
-21,27868336;-11,66799831
-21,27368336;-10,73449707
-21,26868336;-10,26697731
-21,26368336;-9,80099583
-21,25868336;-10,73449707
-21,25368336;-9,80099583
-21,24868336;-9,80099583
-21,24368336;-9,33347607
-21,23868336;-8,86749458
-21,23368336;-8,39997482
-21,22868336;-9,80099583
-21,22368336;-7,93399334
-21,21868336;-7,93399334
-21,21368336;-7,93399334
-21,20868336;-7,46647358
-21,20368336;-7,00049162
-21,19868336;-7,00049162
-21,19368336;-7,00049162
-21,18868336;-6,53297186
-21,18368336;-6,06699038
-21,17868336;-6,53297186
-21,17368336;-5,59947062
-21,16868336;-5,59947062
-21,16368336;-5,59947062
-21,15868336;-5,13348866
-21,15368336;-5,13348866
-21,14868336;-4,66596889
-21,14368336;-3,73246789
-21,13868336;-3,26648593
-21,13368336;-4,19998741
-21,12868336;-3,73246789
-21,12368336;-3,26648593
-21,11868336;-3,26648593
-21,11368336;-2,79896641
-21,10868336;-2,33298445
-21,10368336;-2,33298445
-21,09868336;-2,33298445
-21,09368336;-2,33298445
-21,08868336;-2,79896641
-21,08368336;-2,33298445
-21,07868336;-0,46598175
-21,07368336;-1,39948320
-21,06868336;-1,39948320
-21,06368336;-0,93196350
-21,05868336;-1,86546493
-21,05368336;-1,86546493
-21,04868336;-1,86546493
-21,04368336;-1,39948320
-21,03868336;-1,39948320
-21,03368336;-0,46598175
-21,02868336;-1,86546493
-21,02368336;-2,33298445
-21,01868336;-2,33298445
-21,01368336;-1,39948320
-21,00868336;-1,86546493
-21,00368336;-1,86546493
-20,99868336;0,00000000
-20,99368336;-1,39948320
-20,98868336;-1,39948320
-20,98368336;-1,86546493
-20,97868336;-2,79896641
-20,97368336;-1,86546493
-20,96868336;-1,86546493
-20,96368336;-1,39948320
-20,95868336;-1,86546493
-20,95368336;-3,73246789
-20,94868336;-1,39948320
-20,94368336;-2,33298445
-20,93868337;-1,86546493
-20,93368337;-1,39948320
-20,92868337;-1,39948320
-20,92368337;-0,93196350
-20,91868337;-0,93196350
-20,91368337;-0,93196350
-20,90868337;0,46598175
-20,90368337;-0,93196350
-20,89868337;-0,93196350
-20,89368337;0,00000000
-20,88868337;0,46598175
-20,88368337;0,46598175
-20,87868337;0,93196350
-20,87368337;0,00000000
-20,86868337;0,00000000
-20,86368337;0,00000000
-20,85868337;0,00000000
-20,85368337;0,00000000
-20,84868337;0,00000000
-20,84368337;0,93196350
-20,83868337;0,00000000
-20,83368337;0,93196350
-20,82868337;-0,46598175
-20,82368337;0,93196350
-20,81868337;0,93196350
-20,81368337;0,46598175
-20,80868337;0,93196350
-20,80368337;0,93196350
-20,79868337;1,39948320
-20,79368337;0,93196350
-20,78868337;0,93196350
-20,78368337;1,86546493
-20,77868337;1,86546493
-20,77368337;1,86546493
-20,76868337;2,79896641
-20,76368337;1,39948320
-20,75868337;1,86546493
-20,75368337;2,33298445
-20,74868337;2,79896641
-20,74368337;2,33298445
-20,73868337;2,33298445
-20,73368337;1,86546493
-20,72868337;2,79896641
-20,72368337;3,26648593
-20,71868337;3,26648593
-20,71368337;4,19998741
-20,70868337;3,26648593
-20,70368337;3,26648593
-20,69868337;4,19998741
-20,69368337;3,73246789
-20,68868337;4,66596889
-20,68368337;4,19998741
-20,67868337;4,19998741
-20,67368337;5,13348866
-20,66868337;5,59947062
-20,66368337;5,59947062
-20,65868337;5,59947062
-20,65368337;6,06699038
-20,64868337;6,53297186
-20,64368337;6,53297186
-20,63868337;6,06699038
-20,63368337;6,53297186
-20,62868337;6,53297186
-20,62368337;7,00049162
-20,61868337;6,06699038
-20,61368337;7,46647358
-20,60868337;7,93399334
-20,60368337;7,00049162
-20,59868337;7,00049162
-20,59368337;7,46647358
-20,58868337;7,93399334
-20,58368337;5,13348866
-20,57868337;7,93399334
-20,57368337;7,46647358
-20,56868337;7,93399334
-20,56368337;7,93399334
-20,55868337;7,93399334
-20,55368337;8,39997482
-20,54868337;7,93399334
-20,54368338;8,39997482
-20,53868338;8,86749458
-20,53368338;8,86749458
-20,52868338;8,86749458
-20,52368338;9,33347607
-20,51868338;9,80099583
-20,51368338;9,80099583
-20,50868338;10,73449707
-20,50368338;9,33347607
-20,49868338;10,73449707
-20,49368338;10,73449707
-20,48868338;10,73449707
-20,48368338;10,73449707
-20,47868338;10,73449707
-20,47368338;10,73449707
-20,46868338;11,20047951
-20,46368338;11,66799831
-20,45868338;11,66799831
-20,45368338;10,73449707
-20,44868338;10,73449707
-20,44368338;11,20047951
-20,43868338;11,66799831
-20,43368338;10,73449707
-20,42868338;10,26697731
-20,42368338;10,73449707
-20,41868338;11,66799831
-20,41368338;10,73449707
-20,40868338;10,73449707
-20,40368338;10,73449707
-20,39868338;10,73449707
-20,39368338;12,60150051
-20,38868338;11,66799831
-20,38368338;10,26697731
-20,37868338;11,20047951
-20,37368338;11,20047951
-20,36868338;12,13398075
-20,36368338;11,20047951
-20,35868338;11,20047951
-20,35368338;11,66799831
-20,34868338;10,73449707
-20,34368338;13,06748199
-20,33868338;11,66799831
-20,33368338;11,20047951
-20,32868338;11,20047951
-20,32368338;11,66799831
-20,31868338;11,66799831
-20,31368338;11,66799831
-20,30868338;10,73449707
-20,30368338;11,66799831
-20,29868338;10,73449707
-20,29368338;11,20047951
-20,28868338;11,20047951
-20,28368338;10,73449707
-20,27868338;11,20047951
-20,27368338;11,66799831
-20,26868338;11,66799831
-20,26368338;11,66799831
-20,25868338;10,73449707
-20,25368338;12,13398075
-20,24868338;12,60150051
-20,24368338;13,53500175
-20,23868338;12,60150051
-20,23368338;12,60150051
-20,22868338;12,60150051
-20,22368338;12,60150051
-20,21868338;13,06748199
-20,21368338;13,53500175
-20,20868338;13,06748199
-20,20368338;13,53500175
-20,19868338;13,53500175
-20,19368338;14,93448448
-20,18868338;14,46850300
-20,18368338;14,93448448
-20,17868338;15,40046692
-20,17368338;15,86798668
-20,16868338;17,26746941
-20,16368338;16,33396912
-20,15868338;16,33396912
-20,15368338;16,80148888
-20,14868338;16,80148888
-20,14368339;16,33396912
-20,13868339;15,86798668
-20,13368339;16,33396912
-20,12868339;16,33396912
-20,12368339;14,46850300
-20,11868339;15,86798668
-20,11368339;16,33396912
-20,10868339;16,33396912
-20,10368339;16,33396912
-20,09868339;15,40046692
-20,09368339;14,93448448
-20,08868339;15,86798668
-20,08368339;15,40046692
-20,07868339;15,40046692
-20,07368339;14,93448448
-20,06868339;14,46850300
-20,06368339;15,40046692
-20,05868339;14,46850300
-20,05368339;14,46850300
-20,04868339;14,46850300
-20,04368339;14,00098324
-20,03868339;14,00098324
-20,03368339;14,00098324
-20,02868339;14,00098324
-20,02368339;14,00098324
-20,01868339;13,53500175
-20,01368339;13,53500175
-20,00868339;13,53500175
-20,00368339;13,53500175
-19,99868339;14,00098324
-19,99368339;14,00098324
-19,98868339;14,00098324
-19,98368339;13,06748199
-19,97868339;13,06748199
-19,97368339;13,53500175
-19,96868339;12,13398075
-19,96368339;12,13398075
-19,95868339;12,60150051
-19,95368339;12,13398075
-19,94868339;12,13398075
-19,94368339;12,13398075
-19,93868339;12,13398075
-19,93368339;12,13398075
-19,92868339;11,20047951
-19,92368339;12,13398075
-19,91868339;12,13398075
-19,91368339;11,66799831
-19,90868339;11,66799831
-19,90368339;11,66799831
-19,89868339;11,20047951
-19,89368339;11,66799831
-19,88868339;11,66799831
-19,88368339;12,13398075
-19,87868339;12,13398075
-19,87368339;12,60150051
-19,86868339;12,60150051
-19,86368339;11,66799831
-19,85868339;12,60150051
-19,85368339;11,66799831
-19,84868339;12,13398075
-19,84368339;12,13398075
-19,83868339;11,20047951
-19,83368339;12,60150051
-19,82868339;11,66799831
-19,82368339;11,20047951
-19,81868339;11,66799831
-19,81368339;11,66799831
-19,80868339;11,20047951
-19,80368339;11,66799831
-19,79868339;11,20047951
-19,79368339;12,13398075
-19,78868339;10,73449707
-19,78368339;12,60150051
-19,77868339;13,53500175
-19,77368339;13,06748199
-19,76868339;13,53500175
-19,76368339;13,06748199
-19,75868339;13,53500175
-19,75368339;13,53500175
-19,74868340;14,00098324
-19,74368340;13,53500175
-19,73868340;13,53500175
-19,73368340;14,46850300
-19,72868340;14,46850300
-19,72368340;14,00098324
-19,71868340;13,53500175
-19,71368340;13,53500175
-19,70868340;14,00098324
-19,70368340;13,06748199
-19,69868340;13,06748199
-19,69368340;13,06748199
-19,68868340;13,06748199
-19,68368340;13,06748199
-19,67868340;11,66799831
-19,67368340;12,60150051
-19,66868340;11,66799831
-19,66368340;12,13398075
-19,65868340;11,20047951
-19,65368340;11,20047951
-19,64868340;9,80099583
-19,64368340;9,80099583
-19,63868340;9,33347607
-19,63368340;9,33347607
-19,62868340;8,86749458
-19,62368340;8,39997482
-19,61868340;7,46647358
-19,61368340;7,46647358
-19,60868340;7,00049162
-19,60368340;6,53297186
-19,59868340;6,53297186
-19,59368340;6,06699038
-19,58868340;5,59947062
-19,58368340;4,66596889
-19,57868340;5,13348866
-19,57368340;4,19998741
-19,56868340;4,66596889
-19,56368340;3,26648593
-19,55868340;3,26648593
-19,55368340;4,19998741
-19,54868340;3,26648593
-19,54368340;3,73246789
-19,53868340;2,79896641
-19,53368340;2,79896641
-19,52868340;2,79896641
-19,52368340;3,26648593
-19,51868340;3,73246789
-19,51368340;3,26648593
-19,50868340;3,73246789
-19,50368340;4,19998741
-19,49868340;4,19998741
-19,49368340;4,66596889
-19,48868340;4,19998741
-19,48368340;2,33298445
-19,47868340;3,73246789
-19,47368340;4,66596889
-19,46868340;3,73246789
-19,46368340;4,66596889
-19,45868340;4,19998741
-19,45368340;4,66596889
-19,44868340;3,73246789
-19,44368340;4,19998741
-19,43868340;3,26648593
-19,43368340;3,73246789
-19,42868340;3,73246789
-19,42368340;2,33298445
-19,41868340;3,26648593
-19,41368340;2,33298445
-19,40868340;2,33298445
-19,40368340;2,79896641
-19,39868340;3,26648593
-19,39368340;3,26648593
-19,38868340;2,79896641
-19,38368340;2,79896641
-19,37868340;4,66596889
-19,37368340;3,26648593
-19,36868340;6,53297186
-19,36368340;4,19998741
-19,35868340;3,73246789
-19,35368341;4,19998741
-19,34868341;4,19998741
-19,34368341;4,66596889
-19,33868341;5,13348866
-19,33368341;4,66596889
-19,32868341;4,19998741
-19,32368341;4,19998741
-19,31868341;5,13348866
-19,31368341;4,66596889
-19,30868341;5,13348866
-19,30368341;4,66596889
-19,29868341;5,13348866
-19,29368341;4,66596889
-19,28868341;5,13348866
-19,28368341;5,13348866
-19,27868341;6,53297186
-19,27368341;4,66596889
-19,26868341;5,59947062
-19,26368341;6,53297186
-19,25868341;6,53297186
-19,25368341;6,53297186
-19,24868341;7,00049162
-19,24368341;7,00049162
-19,23868341;7,46647358
-19,23368341;7,46647358
-19,22868341;7,00049162
-19,22368341;7,00049162
-19,21868341;6,53297186
-19,21368341;7,46647358
-19,20868341;7,46647358
-19,20368341;7,46647358
-19,19868341;7,00049162
-19,19368341;7,46647358
-19,18868341;6,53297186
-19,18368341;8,39997482
-19,17868341;6,53297186
-19,17368341;6,53297186
-19,16868341;6,06699038
-19,16368341;7,00049162
-19,15868341;5,59947062
-19,15368341;5,13348866
-19,14868341;5,13348866
-19,14368341;4,66596889
-19,13868341;5,13348866
-19,13368341;5,13348866
-19,12868341;4,19998741
-19,12368341;3,73246789
-19,11868341;3,26648593
-19,11368341;4,19998741
-19,10868341;3,73246789
-19,10368341;4,19998741
-19,09868341;4,19998741
-19,09368341;3,26648593
-19,08868341;3,26648593
-19,08368341;3,26648593
-19,07868341;3,26648593
-19,07368341;3,26648593
-19,06868341;3,26648593
-19,06368341;2,33298445
-19,05868341;2,79896641
-19,05368341;3,26648593
-19,04868341;3,26648593
-19,04368341;3,26648593
-19,03868341;3,26648593
-19,03368341;3,73246789
-19,02868341;3,26648593
-19,02368341;3,26648593
-19,01868341;2,33298445
-19,01368341;3,73246789
-19,00868341;4,19998741
-19,00368341;3,73246789
-18,99868341;4,19998741
-18,99368341;4,66596889
-18,98868341;4,66596889
-18,98368341;4,19998741
-18,97868341;4,19998741
-18,97368341;3,73246789
-18,96868341;3,73246789
-18,96368341;3,73246789
-18,95868342;4,19998741
-18,95368342;4,19998741
-18,94868342;3,26648593
-18,94368342;3,73246789
-18,93868342;3,26648593
-18,93368342;3,73246789
-18,92868342;4,19998741
-18,92368342;3,73246789
-18,91868342;3,26648593
-18,91368342;3,26648593
-18,90868342;3,26648593
-18,90368342;3,26648593
-18,89868342;2,79896641
-18,89368342;3,26648593
-18,88868342;3,73246789
-18,88368342;2,33298445
-18,87868342;3,73246789
-18,87368342;4,19998741
-18,86868342;4,19998741
-18,86368342;4,19998741
-18,85868342;4,19998741
-18,85368342;4,66596889
-18,84868342;5,13348866
-18,84368342;5,13348866
-18,83868342;5,13348866
-18,83368342;5,59947062
-18,82868342;6,06699038
-18,82368342;5,59947062
-18,81868342;5,13348866
-18,81368342;6,06699038
-18,80868342;6,06699038
-18,80368342;5,59947062
-18,79868342;5,59947062
-18,79368342;5,59947062
-18,78868342;5,59947062
-18,78368342;6,06699038
-18,77868342;6,06699038
-18,77368342;5,13348866
-18,76868342;5,13348866
-18,76368342;5,59947062
-18,75868342;5,59947062
-18,75368342;5,13348866
-18,74868342;5,59947062
-18,74368342;5,13348866
-18,73868342;6,53297186
-18,73368342;5,59947062
-18,72868342;5,13348866
-18,72368342;5,59947062
-18,71868342;6,06699038
-18,71368342;5,13348866
-18,70868342;5,13348866
-18,70368342;6,06699038
-18,69868342;5,59947062
-18,69368342;4,66596889
-18,68868342;5,13348866
-18,68368342;5,13348866
-18,67868342;5,13348866
-18,67368342;4,19998741
-18,66868342;3,73246789
-18,66368342;3,26648593
-18,65868342;4,19998741
-18,65368342;3,73246789
-18,64868342;3,73246789
-18,64368342;4,66596889
-18,63868342;2,79896641
-18,63368342;3,26648593
-18,62868342;3,73246789
-18,62368342;3,26648593
-18,61868342;4,66596889
-18,61368342;4,19998741
-18,60868342;3,73246789
-18,60368342;3,73246789
-18,59868342;4,19998741
-18,59368342;4,19998741
-18,58868342;5,13348866
-18,58368342;4,66596889
-18,57868342;4,19998741
-18,57368342;4,19998741
-18,56868342;5,13348866
-18,56368343;4,19998741
-18,55868343;4,66596889
-18,55368343;4,66596889
-18,54868343;5,13348866
-18,54368343;4,19998741
-18,53868343;5,13348866
-18,53368343;5,13348866
-18,52868343;5,13348866
-18,52368343;5,59947062
-18,51868343;5,59947062
-18,51368343;5,59947062
-18,50868343;7,00049162
-18,50368343;6,06699038
-18,49868343;5,59947062
-18,49368343;6,06699038
-18,48868343;6,06699038
-18,48368343;5,59947062
-18,47868343;5,59947062
-18,47368343;5,59947062
-18,46868343;5,13348866
-18,46368343;5,59947062
-18,45868343;5,59947062
-18,45368343;6,06699038
-18,44868343;6,06699038
-18,44368343;7,46647358
-18,43868343;7,46647358
-18,43368343;7,00049162
-18,42868343;7,93399334
-18,42368343;7,00049162
-18,41868343;7,93399334
-18,41368343;7,00049162
-18,40868343;8,39997482
-18,40368343;7,46647358
-18,39868343;7,46647358
-18,39368343;7,93399334
-18,38868343;7,46647358
-18,38368343;7,46647358
-18,37868343;6,06699038
-18,37368343;6,53297186
-18,36868343;6,06699038
-18,36368343;7,00049162
-18,35868343;7,00049162
-18,35368343;7,46647358
-18,34868343;4,66596889
-18,34368343;5,59947062
-18,33868343;6,06699038
-18,33368343;6,06699038
-18,32868343;6,06699038
-18,32368343;5,59947062
-18,31868343;6,06699038
-18,31368343;5,59947062
-18,30868343;6,06699038
-18,30368343;6,53297186
-18,29868343;5,59947062
-18,29368343;5,59947062
-18,28868343;6,06699038
-18,28368343;6,06699038
-18,27868343;6,53297186
-18,27368343;6,06699038
-18,26868343;6,53297186
-18,26368343;6,53297186
-18,25868343;6,53297186
-18,25368343;6,53297186
-18,24868343;6,53297186
-18,24368343;6,06699038
-18,23868343;6,06699038
-18,23368343;6,53297186
-18,22868343;5,59947062
-18,22368343;5,59947062
-18,21868343;6,06699038
-18,21368343;5,13348866
-18,20868343;5,13348866
-18,20368343;5,59947062
-18,19868343;5,59947062
-18,19368343;5,59947062
-18,18868343;6,06699038
-18,18368343;7,00049162
-18,17868343;5,59947062
-18,17368343;5,13348866
-18,16868344;3,73246789
-18,16368344;4,66596889
-18,15868344;5,59947062
-18,15368344;5,13348866
-18,14868344;5,13348866
-18,14368344;5,13348866
-18,13868344;6,06699038
-18,13368344;6,06699038
-18,12868344;5,59947062
-18,12368344;6,53297186
-18,11868344;6,06699038
-18,11368344;7,00049162
-18,10868344;6,53297186
-18,10368344;6,53297186
-18,09868344;7,00049162
-18,09368344;7,46647358
-18,08868344;7,46647358
-18,08368344;8,39997482
-18,07868344;7,93399334
-18,07368344;7,00049162
-18,06868344;8,39997482
-18,06368344;8,39997482
-18,05868344;7,93399334
-18,05368344;8,39997482
-18,04868344;8,39997482
-18,04368344;8,86749458
-18,03868344;7,93399334
-18,03368344;8,39997482
-18,02868344;7,93399334
-18,02368344;8,86749458
-18,01868344;8,86749458
-18,01368344;9,33347607
-18,00868344;9,33347607
-18,00368344;9,80099583
-17,99868344;9,80099583
-17,99368344;10,73449707
-17,98868344;10,73449707
-17,98368344;10,73449707
-17,97868344;11,20047951
-17,97368344;10,73449707
-17,96868344;9,80099583
-17,96368344;11,20047951
-17,95868344;12,13398075
-17,95368344;12,13398075
-17,94868344;11,20047951
-17,94368344;12,13398075
-17,93868344;12,60150051
-17,93368344;10,73449707
-17,92868344;12,13398075
-17,92368344;11,66799831
-17,91868344;11,66799831
-17,91368344;11,66799831
-17,90868344;12,60150051
-17,90368344;11,66799831
-17,89868344;11,66799831
-17,89368344;12,60150051
-17,88868344;12,60150051
-17,88368344;11,66799831
-17,87868344;12,60150051
-17,87368344;12,60150051
-17,86868344;12,13398075
-17,86368344;12,13398075
-17,85868344;11,20047951
-17,85368344;11,66799831
-17,84868344;10,73449707
-17,84368344;11,20047951
-17,83868344;9,80099583
-17,83368344;10,26697731
-17,82868344;11,20047951
-17,82368344;9,80099583
-17,81868344;9,33347607
-17,81368344;10,26697731
-17,80868344;8,86749458
-17,80368344;9,33347607
-17,79868344;9,33347607
-17,79368344;9,33347607
-17,78868344;9,80099583
-17,78368344;9,33347607
-17,77868344;8,39997482
-17,77368344;8,39997482
-17,76868345;8,86749458
-17,76368345;8,86749458
-17,75868345;8,39997482
-17,75368345;8,39997482
-17,74868345;8,39997482
-17,74368345;7,93399334
-17,73868345;7,00049162
-17,73368345;6,53297186
-17,72868345;6,53297186
-17,72368345;7,00049162
-17,71868345;6,53297186
-17,71368345;7,00049162
-17,70868345;3,73246789
-17,70368345;5,59947062
-17,69868345;6,06699038
-17,69368345;6,53297186
-17,68868345;7,00049162
-17,68368345;6,06699038
-17,67868345;6,53297186
-17,67368345;6,06699038
-17,66868345;6,53297186
-17,66368345;7,00049162
-17,65868345;6,53297186
-17,65368345;5,13348866
-17,64868345;5,59947062
-17,64368345;5,59947062
-17,63868345;5,59947062
-17,63368345;5,13348866
-17,62868345;5,59947062
-17,62368345;5,13348866
-17,61868345;4,19998741
-17,61368345;4,19998741
-17,60868345;10,26697731
-17,60368345;4,66596889
-17,59868345;4,66596889
-17,59368345;4,19998741
-17,58868345;4,19998741
-17,58368345;5,13348866
-17,57868345;5,13348866
-17,57368345;5,13348866
-17,56868345;5,13348866
-17,56368345;6,53297186
-17,55868345;6,06699038
-17,55368345;7,00049162
-17,54868345;7,00049162
-17,54368345;7,00049162
-17,53868345;7,46647358
-17,53368345;7,46647358
-17,52868345;7,00049162
-17,52368345;7,46647358
-17,51868345;7,46647358
-17,51368345;7,46647358
-17,50868345;-6,53297186
-17,50368345;6,53297186
-17,49868345;6,06699038
-17,49368345;5,59947062
-17,48868345;6,53297186
-17,48368345;5,59947062
-17,47868345;6,53297186
-17,47368345;6,06699038
-17,46868345;5,59947062
-17,46368345;6,06699038
-17,45868345;7,00049162
-17,45368345;6,06699038
-17,44868345;6,53297186
-17,44368345;6,53297186
-17,43868345;7,00049162
-17,43368345;6,53297186
-17,42868345;6,53297186
-17,42368345;6,53297186
-17,41868345;6,06699038
-17,41368345;6,53297186
-17,40868345;-3,73246789
-17,40368345;6,06699038
-17,39868345;6,06699038
-17,39368345;7,46647358
-17,38868345;7,00049162
-17,38368345;5,59947062
-17,37868345;7,00049162
-17,37368346;7,46647358
-17,36868346;7,46647358
-17,36368346;6,53297186
-17,35868346;7,46647358
-17,35368346;7,46647358
-17,34868346;7,46647358
-17,34368346;7,46647358
-17,33868346;7,93399334
-17,33368346;7,46647358
-17,32868346;7,93399334
-17,32368346;8,39997482
-17,31868346;8,39997482
-17,31368346;7,93399334
-17,30868346;10,73449707
-17,30368346;8,39997482
-17,29868346;8,86749458
-17,29368346;8,39997482
-17,28868346;8,39997482
-17,28368346;8,86749458
-17,27868346;8,39997482
-17,27368346;8,39997482
-17,26868346;7,93399334
-17,26368346;8,39997482
-17,25868346;8,39997482
-17,25368346;8,39997482
-17,24868346;9,33347607
-17,24368346;8,39997482
-17,23868346;8,39997482
-17,23368346;8,39997482
-17,22868346;8,39997482
-17,22368346;7,93399334
-17,21868346;7,00049162
-17,21368346;7,00049162
-17,20868346;7,46647358
-17,20368346;7,00049162
-17,19868346;6,06699038
-17,19368346;5,59947062
-17,18868346;6,06699038
-17,18368346;6,06699038
-17,17868346;6,53297186
-17,17368346;4,66596889
-17,16868346;5,13348866
-17,16368346;5,13348866
-17,15868346;5,13348866
-17,15368346;5,13348866
-17,14868346;5,13348866
-17,14368346;5,13348866
-17,13868346;5,13348866
-17,13368346;5,13348866
-17,12868346;5,13348866
-17,12368346;5,13348866
-17,11868346;4,66596889
-17,11368346;3,26648593
-17,10868346;3,73246789
-17,10368346;3,73246789
-17,09868346;4,19998741
-17,09368346;3,26648593
-17,08868346;2,79896641
-17,08368346;3,26648593
-17,07868346;2,79896641
-17,07368346;3,26648593
-17,06868346;3,26648593
-17,06368346;2,79896641
-17,05868346;2,33298445
-17,05368346;2,33298445
-17,04868346;2,79896641
-17,04368346;3,26648593
-17,03868346;2,33298445
-17,03368346;1,86546493
-17,02868346;2,79896641
-17,02368346;2,79896641
-17,01868346;3,26648593
-17,01368346;2,79896641
-17,00868346;2,33298445
-17,00368346;2,79896641
-16,99868346;3,26648593
-16,99368346;2,33298445
-16,98868346;2,33298445
-16,98368346;3,26648593
-16,97868347;2,79896641
-16,97368347;3,73246789
-16,96868347;2,79896641
-16,96368347;3,26648593
-16,95868347;4,19998741
-16,95368347;2,79896641
-16,94868347;4,66596889
-16,94368347;4,19998741
-16,93868347;4,19998741
-16,93368347;3,73246789
-16,92868347;4,66596889
-16,92368347;4,19998741
-16,91868347;4,66596889
-16,91368347;4,66596889
-16,90868347;4,66596889
-16,90368347;4,66596889
-16,89868347;4,66596889
-16,89368347;4,19998741
-16,88868347;4,19998741
-16,88368347;4,19998741
-16,87868347;4,19998741
-16,87368347;3,73246789
-16,86868347;3,73246789
-16,86368347;4,19998741
-16,85868347;3,73246789
-16,85368347;4,66596889
-16,84868347;5,13348866
-16,84368347;3,26648593
-16,83868347;4,66596889
-16,83368347;4,66596889
-16,82868347;4,66596889
-16,82368347;4,19998741
-16,81868347;4,66596889
-16,81368347;4,66596889
-16,80868347;4,19998741
-16,80368347;4,19998741
-16,79868347;4,66596889
-16,79368347;4,66596889
-16,78868347;5,13348866
-16,78368347;4,66596889
-16,77868347;4,66596889
-16,77368347;5,13348866
-16,76868347;4,19998741
-16,76368347;5,13348866
-16,75868347;4,19998741
-16,75368347;4,19998741
-16,74868347;4,66596889
-16,74368347;3,73246789
-16,73868347;4,19998741
-16,73368347;2,79896641
-16,72868347;3,73246789
-16,72368347;2,79896641
-16,71868347;3,26648593
-16,71368347;2,79896641
-16,70868347;1,86546493
-16,70368347;2,79896641
-16,69868347;1,39948320
-16,69368347;1,86546493
-16,68868347;1,39948320
-16,68368347;2,33298445
-16,67868347;1,86546493
-16,67368347;1,39948320
-16,66868347;1,86546493
-16,66368347;1,86546493
-16,65868347;1,39948320
-16,65368347;0,46598175
-16,64868347;0,93196350
-16,64368347;-0,46598175
-16,63868347;0,93196350
-16,63368347;0,46598175
-16,62868347;0,00000000
-16,62368347;0,00000000
-16,61868347;0,00000000
-16,61368347;-1,39948320
-16,60868347;-1,39948320
-16,60368347;-0,93196350
-16,59868347;-0,93196350
-16,59368347;-1,39948320
-16,58868347;-1,39948320
-16,58368348;-2,33298445
-16,57868348;-1,39948320
-16,57368348;-1,86546493
-16,56868348;-0,93196350
-16,56368348;-1,86546493
-16,55868348;-2,33298445
-16,55368348;-2,79896641
-16,54868348;-2,79896641
-16,54368348;-2,79896641
-16,53868348;-2,79896641
-16,53368348;-3,26648593
-16,52868348;-3,73246789
-16,52368348;-3,73246789
-16,51868348;-3,26648593
-16,51368348;-4,19998741
-16,50868348;-3,73246789
-16,50368348;-3,73246789
-16,49868348;-3,73246789
-16,49368348;-3,73246789
-16,48868348;-3,26648593
-16,48368348;-3,73246789
-16,47868348;-3,26648593
-16,47368348;-3,73246789
-16,46868348;-3,73246789
-16,46368348;-4,19998741
-16,45868348;-3,26648593
-16,45368348;-3,73246789
-16,44868348;-4,66596889
-16,44368348;-4,66596889
-16,43868348;-6,53297186
-16,43368348;-5,59947062
-16,42868348;-7,00049162
-16,42368348;-6,06699038
-16,41868348;-6,06699038
-16,41368348;-6,53297186
-16,40868348;-6,53297186
-16,40368348;-7,93399334
-16,39868348;-7,46647358
-16,39368348;-7,93399334
-16,38868348;-7,93399334
-16,38368348;-7,93399334
-16,37868348;-7,93399334
-16,37368348;-8,39997482
-16,36868348;-8,39997482
-16,36368348;-9,33347607
-16,35868348;-9,33347607
-16,35368348;-8,86749458
-16,34868348;-8,86749458
-16,34368348;-9,33347607
-16,33868348;-9,33347607
-16,33368348;-9,80099583
-16,32868348;-10,26697731
-16,32368348;-10,26697731
-16,31868348;-10,73449707
-16,31368348;-10,26697731
-16,30868348;-11,66799831
-16,30368348;-11,66799831
-16,29868348;-12,13398075
-16,29368348;-12,13398075
-16,28868348;-12,13398075
-16,28368348;-12,60150051
-16,27868348;-11,66799831
-16,27368348;-12,13398075
-16,26868348;-12,13398075
-16,26368348;-12,60150051
-16,25868348;-12,60150051
-16,25368348;-13,06748199
-16,24868348;-12,13398075
-16,24368348;-11,20047951
-16,23868348;-12,13398075
-16,23368348;-13,06748199
-16,22868348;-12,60150051
-16,22368348;-13,53500175
-16,21868348;-14,46850300
-16,21368348;-14,46850300
-16,20868348;-14,46850300
-16,20368348;-15,40046692
-16,19868348;-15,86798668
-16,19368348;-16,33396912
-16,18868349;-16,33396912
-16,18368349;-16,33396912
-16,17868349;-16,80148888
-16,17368349;-21,93497658
-16,16868349;-17,26746941
-16,16368349;-16,80148888
-16,15868349;-16,80148888
-16,15368349;-17,73498917
-16,14868349;-17,26746941
-16,14368349;-18,66848946
-16,13868349;-18,20096970
-16,13368349;-17,73498917
-16,12868349;-19,60199165
-16,12368349;-19,13447189
-16,11868349;-19,60199165
-16,11368349;-19,60199165
-16,10868349;-19,60199165
-16,10368349;-20,53549385
-16,09868349;-20,06797409
-16,09368349;-21,00147629
-16,08868349;-20,06797409
-16,08368349;-21,00147629
-16,07868349;-22,40249634
-16,07368349;-21,93497658
-16,06868349;-21,93497658
-16,06368349;-23,33599663
-16,05868349;-22,86847687
-16,05368349;-22,40249634
-16,04868349;-22,40249634
-16,04368349;-22,40249634
-16,03868349;-22,40249634
-16,03368349;-23,33599663
-16,02868349;-22,40249634
-16,02368349;-23,33599663
-16,01868349;-23,80197906
-16,01368349;-24,26949883
-16,00868349;-22,86847687
-16,00368349;-24,26949883
-15,99868349;-23,80197906
-15,99368349;-23,80197906
-15,98868349;-24,26949883
-15,98368349;-23,80197906
-15,97868349;-24,73548126
-15,97368349;-24,73548126
-15,96868349;-25,20300102
-15,96368349;-25,20300102
-15,95868349;-24,26949883
-15,95368349;-25,66898346
-15,94868349;-25,66898346
-15,94368349;-27,07000351
-15,93868349;-26,60248184
-15,93368349;-27,07000351
-15,92868349;-27,53598404
-15,92368349;-28,00350380
-15,91868349;-28,00350380
-15,91368349;-28,00350380
-15,90868349;-28,00350380
-15,90368349;-28,46948624
-15,89868349;-28,93700600
-15,89368349;-28,93700600
-15,88868349;-28,00350380
-15,88368349;-27,53598404
-15,87868349;-27,53598404
-15,87368349;-27,53598404
-15,86868349;-27,53598404
-15,86368349;-28,00350380
-15,85868349;-28,46948624
-15,85368349;-27,53598404
-15,84868349;-27,53598404
-15,84368349;-28,46948624
-15,83868349;-28,46948624
-15,83368349;-28,93700600
-15,82868349;-28,93700600
-15,82368349;-30,33649063
-15,81868349;-30,33649063
-15,81368349;-30,33649063
-15,80868349;-33,60297775
-15,80368349;-32,20349503
-15,79868349;-31,26999092
-15,79368350;-31,73597336
-15,78868350;-32,66947556
-15,78368350;-32,20349503
-15,77868350;-32,20349503
-15,77368350;-33,13699341
-15,76868350;-33,13699341
-15,76368350;-33,13699341
-15,75868350;-33,13699341
-15,75368350;-32,66947556
-15,74868350;-32,20349503
-15,74368350;-34,53647614
-15,73868350;-32,20349503
-15,73368350;-33,13699341
-15,72868350;-33,60297775
-15,72368350;-34,07049179
-15,71868350;-33,60297775
-15,71368350;-34,53647614
-15,70868350;-34,07049179
-15,70368350;-33,13699341
-15,69868350;-33,13699341
-15,69368350;-34,07049179
-15,68868350;-33,13699341
-15,68368350;-32,66947556
-15,67868350;-32,66947556
-15,67368350;-31,73597336
-15,66868350;-32,20349503
-15,66368350;-31,26999092
-15,65868350;-30,80247116
-15,65368350;-29,40298843
-15,64868350;-30,33649063
-15,64368350;-30,80247116
-15,63868350;-29,40298843
-15,63368350;-28,93700600
-15,62868350;-27,53598404
-15,62368350;-27,53598404
-15,61868350;-28,93700600
-15,61368350;-28,46948624
-15,60868350;-26,60248184
-15,60368350;-28,00350380
-15,59868350;-28,46948624
-15,59368350;-28,00350380
-15,58868350;-28,46948624
-15,58368350;-28,00350380
-15,57868350;-28,46948624
-15,57368350;-28,93700600
-15,56868350;-28,93700600
-15,56368350;-29,87050819
-15,55868350;-27,53598404
-15,55368350;-28,00350380
-15,54868350;-28,00350380
-15,54368350;-28,00350380
-15,53868350;-28,46948624
-15,53368350;-27,53598404
-15,52868350;-26,60248184
-15,52368350;-28,00350380
-15,51868350;-26,60248184
-15,51368350;-27,07000351
-15,50868350;-27,07000351
-15,50368350;-26,13650131
-15,49868350;-26,13650131
-15,49368350;-26,13650131
-15,48868350;-26,60248184
-15,48368350;-26,13650131
-15,47868350;-24,73548126
-15,47368350;-25,66898346
-15,46868350;-25,20300102
-15,46368350;-24,73548126
-15,45868350;-24,26949883
-15,45368350;-24,73548126
-15,44868350;-23,80197906
-15,44368350;-23,33599663
-15,43868350;-22,40249634
-15,43368350;-23,33599663
-15,42868350;-22,86847687
-15,42368350;-23,33599663
-15,41868350;-22,40249634
-15,41368350;-22,86847687
-15,40868350;-23,80197906
-15,40368350;-22,86847687
-15,39868350;-21,93497658
-15,39368351;-14,93448448
-15,38868351;-21,00147629
-15,38368351;-21,00147629
-15,37868351;-20,53549385
-15,37368351;-19,13447189
-15,36868351;-19,13447189
-15,36368351;-17,73498917
-15,35868351;-17,73498917
-15,35368351;-18,20096970
-15,34868351;-16,33396912
-15,34368351;-17,73498917
-15,33868351;-16,33396912
-15,33368351;-16,33396912
-15,32868351;-16,33396912
-15,32368351;-17,26746941
-15,31868351;-15,40046692
-15,31368351;-16,80148888
-15,30868351;-17,26746941
-15,30368351;-16,80148888
-15,29868351;-16,80148888
-15,29368351;-16,80148888
-15,28868351;-16,33396912
-15,28368351;-16,80148888
-15,27868351;-15,86798668
-15,27368351;-15,86798668
-15,26868351;-15,40046692
-15,26368351;-15,40046692
-15,25868351;-15,86798668
-15,25368351;-14,00098324
-15,24868351;-13,53500175
-15,24368351;-14,46850300
-15,23868351;-12,60150051
-15,23368351;-13,53500175
-15,22868351;-14,93448448
-15,22368351;-13,06748199
-15,21868351;-12,60150051
-15,21368351;-13,53500175
-15,20868351;-12,60150051
-15,20368351;-13,06748199
-15,19868351;-11,66799831
-15,19368351;-13,06748199
-15,18868351;-12,13398075
-15,18368351;-11,20047951
-15,17868351;-11,66799831
-15,17368351;-10,73449707
-15,16868351;-10,73449707
-15,16368351;-10,26697731
-15,15868351;-9,33347607
-15,15368351;-9,33347607
-15,14868351;-9,33347607
-15,14368351;-8,86749458
-15,13868351;-9,80099583
-15,13368351;-8,86749458
-15,12868351;-9,33347607
-15,12368351;-9,33347607
-15,11868351;-9,33347607
-15,11368351;-9,33347607
-15,10868351;-8,86749458
-15,10368351;-9,80099583
-15,09868351;-9,80099583
-15,09368351;-8,39997482
-15,08868351;-8,39997482
-15,08368351;-8,39997482
-15,07868351;-8,86749458
-15,07368351;-7,93399334
-15,06868351;-8,39997482
-15,06368351;-7,93399334
-15,05868351;-7,46647358
-15,05368351;-7,00049162
-15,04868351;-7,46647358
-15,04368351;-7,00049162
-15,03868351;-6,53297186
-15,03368351;-5,59947062
-15,02868351;-7,46647358
-15,02368351;-5,59947062
-15,01868351;-5,13348866
-15,01368351;-2,79896641
-15,00868351;-4,66596889
-15,00368351;-4,19998741
-14,99868352;-2,79896641
-14,99368352;-3,26648593
-14,98868352;-3,26648593
-14,98368352;-1,86546493
-14,97868352;-2,33298445
-14,97368352;-1,86546493
-14,96868352;-1,39948320
-14,96368352;-0,46598175
-14,95868352;-0,46598175
-14,95368352;0,00000000
-14,94868352;0,93196350
-14,94368352;3,26648593
-14,93868352;0,93196350
-14,93368352;1,86546493
-14,92868352;1,39948320
-14,92368352;2,79896641
-14,91868352;2,79896641
-14,91368352;2,79896641
-14,90868352;2,79896641
-14,90368352;3,26648593
-14,89868352;3,26648593
-14,89368352;4,19998741
-14,88868352;4,66596889
-14,88368352;5,13348866
-14,87868352;6,06699038
-14,87368352;6,06699038
-14,86868352;6,53297186
-14,86368352;6,53297186
-14,85868352;8,39997482
-14,85368352;8,39997482
-14,84868352;8,86749458
-14,84368352;9,80099583
-14,83868352;9,80099583
-14,83368352;10,26697731
-14,82868352;10,26697731
-14,82368352;9,80099583
-14,81868352;11,20047951
-14,81368352;10,26697731
-14,80868352;11,66799831
-14,80368352;11,66799831
-14,79868352;11,66799831
-14,79368352;12,13398075
-14,78868352;12,13398075
-14,78368352;12,13398075
-14,77868352;13,53500175
-14,77368352;13,06748199
-14,76868352;13,53500175
-14,76368352;13,06748199
-14,75868352;14,00098324
-14,75368352;14,00098324
-14,74868352;15,40046692
-14,74368352;15,40046692
-14,73868352;15,86798668
-14,73368352;16,33396912
-14,72868352;16,80148888
-14,72368352;16,80148888
-14,71868352;18,20096970
-14,71368352;17,73498917
-14,70868352;19,13447189
-14,70368352;19,13447189
-14,69868352;20,06797409
-14,69368352;18,66848946
-14,68868352;20,06797409
-14,68368352;20,53549385
-14,67868352;19,60199165
-14,67368352;22,40249634
-14,66868352;20,06797409
-14,66368352;20,53549385
-14,65868352;21,00147629
-14,65368352;20,53549385
-14,64868352;20,53549385
-14,64368352;20,06797409
-14,63868352;21,00147629
-14,63368352;19,13447189
-14,62868352;21,46899414
-14,62368352;20,53549385
-14,61868352;21,00147629
-14,61368352;20,06797409
-14,60868352;21,46899414
-14,60368353;21,00147629
-14,59868353;21,46899414
-14,59368353;21,93497658
-14,58868353;21,00147629
-14,58368353;21,00147629
-14,57868353;21,46899414
-14,57368353;21,46899414
-14,56868353;20,53549385
-14,56368353;20,06797409
-14,55868353;20,06797409
-14,55368353;20,53549385
-14,54868353;20,06797409
-14,54368353;19,60199165
-14,53868353;19,13447189
-14,53368353;19,13447189
-14,52868353;20,06797409
-14,52368353;19,60199165
-14,51868353;20,53549385
-14,51368353;20,53549385
-14,50868353;19,60199165
-14,50368353;20,53549385
-14,49868353;20,53549385
-14,49368353;20,53549385
-14,48868353;20,53549385
-14,48368353;20,53549385
-14,47868353;21,93497658
-14,47368353;20,53549385
-14,46868353;20,53549385
-14,46368353;21,46899414
-14,45868353;21,00147629
-14,45368353;21,46899414
-14,44868353;20,53549385
-14,44368353;21,46899414
-14,43868353;21,93497658
-14,43368353;22,40249634
-14,42868353;21,93497658
-14,42368353;21,93497658
-14,41868353;22,40249634
-14,41368353;22,40249634
-14,40868353;21,93497658
-14,40368353;21,93497658
-14,39868353;23,80197906
-14,39368353;21,46899414
-14,38868353;21,93497658
-14,38368353;21,93497658
-14,37868353;22,86847687
-14,37368353;21,93497658
-14,36868353;21,46899414
-14,36368353;21,00147629
-14,35868353;21,93497658
-14,35368353;21,93497658
-14,34868353;22,40249634
-14,34368353;21,46899414
-14,33868353;21,00147629
-14,33368353;21,00147629
-14,32868353;21,00147629
-14,32368353;20,53549385
-14,31868353;20,06797409
-14,31368353;21,00147629
-14,30868353;21,00147629
-14,30368353;20,53549385
-14,29868353;20,53549385
-14,29368353;20,53549385
-14,28868353;20,53549385
-14,28368353;21,46899414
-14,27868353;20,53549385
-14,27368353;21,00147629
-14,26868353;21,00147629
-14,26368353;20,06797409
-14,25868353;20,06797409
-14,25368353;20,53549385
-14,24868353;20,53549385
-14,24368353;21,00147629
-14,23868353;20,53549385
-14,23368353;19,60199165
-14,22868353;21,00147629
-14,22368353;19,60199165
-14,21868353;19,60199165
-14,21368353;20,53549385
-14,20868354;19,60199165
-14,20368354;19,60199165
-14,19868354;19,60199165
-14,19368354;19,13447189
-14,18868354;20,06797409
-14,18368354;19,13447189
-14,17868354;18,66848946
-14,17368354;19,13447189
-14,16868354;18,20096970
-14,16368354;17,26746941
-14,15868354;17,26746941
-14,15368354;18,20096970
-14,14868354;18,20096970
-14,14368354;17,73498917
-14,13868354;17,73498917
-14,13368354;17,26746941
-14,12868354;17,26746941
-14,12368354;16,33396912
-14,11868354;16,33396912
-14,11368354;16,80148888
-14,10868354;15,86798668
-14,10368354;15,86798668
-14,09868354;14,46850300
-14,09368354;15,86798668
-14,08868354;14,46850300
-14,08368354;14,93448448
-14,07868354;14,00098324
-14,07368354;14,46850300
-14,06868354;14,46850300
-14,06368354;14,00098324
-14,05868354;13,06748199
-14,05368354;13,06748199
-14,04868354;13,53500175
-14,04368354;14,00098324
-14,03868354;13,53500175
-14,03368354;11,66799831
-14,02868354;13,53500175
-14,02368354;13,06748199
-14,01868354;13,06748199
-14,01368354;12,60150051
-14,00868354;12,60150051
-14,00368354;12,60150051
-13,99868354;12,13398075
-13,99368354;11,66799831
-13,98868354;12,13398075
-13,98368354;11,66799831
-13,97868354;12,13398075
-13,97368354;11,20047951
-13,96868354;12,60150051
-13,96368354;11,20047951
-13,95868354;10,73449707
-13,95368354;11,20047951
-13,94868354;11,20047951
-13,94368354;12,60150051
-13,93868354;11,20047951
-13,93368354;11,20047951
-13,92868354;11,20047951
-13,92368354;11,66799831
-13,91868354;11,20047951
-13,91368354;11,66799831
-13,90868354;11,20047951
-13,90368354;10,73449707
-13,89868354;10,73449707
-13,89368354;11,20047951
-13,88868354;10,26697731
-13,88368354;10,73449707
-13,87868354;10,26697731
-13,87368354;10,26697731
-13,86868354;10,26697731
-13,86368354;10,26697731
-13,85868354;9,80099583
-13,85368354;8,86749458
-13,84868354;-3,73246789
-13,84368354;8,86749458
-13,83868354;9,33347607
-13,83368354;11,20047951
-13,82868354;10,26697731
-13,82368354;8,86749458
-13,81868354;9,33347607
-13,81368355;7,00049162
-13,80868355;8,86749458
-13,80368355;8,39997482
-13,79868355;7,46647358
-13,79368355;8,39997482
-13,78868355;7,00049162
-13,78368355;7,93399334
-13,77868355;9,33347607
-13,77368355;7,93399334
-13,76868355;7,93399334
-13,76368355;7,46647358
-13,75868355;7,93399334
-13,75368355;8,86749458
-13,74868355;7,93399334
-13,74368355;8,39997482
-13,73868355;8,86749458
-13,73368355;10,26697731
-13,72868355;10,26697731
-13,72368355;9,33347607
-13,71868355;9,80099583
-13,71368355;10,26697731
-13,70868355;10,26697731
-13,70368355;10,73449707
-13,69868355;9,33347607
-13,69368355;9,80099583
-13,68868355;9,33347607
-13,68368355;8,86749458
-13,67868355;8,86749458
-13,67368355;8,86749458
-13,66868355;8,39997482
-13,66368355;7,93399334
-13,65868355;7,46647358
-13,65368355;7,93399334
-13,64868355;7,93399334
-13,64368355;8,39997482
-13,63868355;8,39997482
-13,63368355;8,39997482
-13,62868355;8,86749458
-13,62368355;9,33347607
-13,61868355;9,33347607
-13,61368355;8,86749458
-13,60868355;8,39997482
-13,60368355;8,86749458
-13,59868355;9,33347607
-13,59368355;9,33347607
-13,58868355;8,86749458
-13,58368355;8,86749458
-13,57868355;8,86749458
-13,57368355;8,39997482
-13,56868355;8,39997482
-13,56368355;8,86749458
-13,55868355;9,80099583
-13,55368355;9,33347607
-13,54868355;9,33347607
-13,54368355;9,80099583
-13,53868355;9,33347607
-13,53368355;10,26697731
-13,52868355;10,73449707
-13,52368355;10,26697731
-13,51868355;10,26697731
-13,51368355;9,80099583
-13,50868355;10,73449707
-13,50368355;10,26697731
-13,49868355;10,73449707
-13,49368355;10,73449707
-13,48868355;10,73449707
-13,48368355;11,66799831
-13,47868355;12,13398075
-13,47368355;11,66799831
-13,46868355;12,13398075
-13,46368355;11,66799831
-13,45868355;13,06748199
-13,45368355;13,53500175
-13,44868355;13,53500175
-13,44368355;13,06748199
-13,43868355;14,46850300
-13,43368355;14,46850300
-13,42868355;14,00098324
-13,42368355;14,00098324
-13,41868356;14,93448448
-13,41368356;14,00098324
-13,40868356;14,93448448
-13,40368356;14,00098324
-13,39868356;14,93448448
-13,39368356;14,46850300
-13,38868356;14,46850300
-13,38368356;14,46850300
-13,37868356;14,46850300
-13,37368356;14,46850300
-13,36868356;13,06748199
-13,36368356;14,46850300
-13,35868356;14,00098324
-13,35368356;13,53500175
-13,34868356;15,40046692
-13,34368356;14,93448448
-13,33868356;15,40046692
-13,33368356;15,40046692
-13,32868356;14,93448448
-13,32368356;14,93448448
-13,31868356;14,46850300
-13,31368356;14,93448448
-13,30868356;14,93448448
-13,30368356;15,40046692
-13,29868356;14,46850300
-13,29368356;14,46850300
-13,28868356;14,46850300
-13,28368356;14,00098324
-13,27868356;13,53500175
-13,27368356;13,53500175
-13,26868356;14,93448448
-13,26368356;14,00098324
-13,25868356;14,46850300
-13,25368356;14,93448448
-13,24868356;15,40046692
-13,24368356;15,40046692
-13,23868356;15,40046692
-13,23368356;15,40046692
-13,22868356;15,86798668
-13,22368356;15,86798668
-13,21868356;16,80148888
-13,21368356;15,40046692
-13,20868356;15,86798668
-13,20368356;16,33396912
-13,19868356;16,80148888
-13,19368356;14,93448448
-13,18868356;15,86798668
-13,18368356;15,86798668
-13,17868356;15,86798668
-13,17368356;14,93448448
-13,16868356;15,86798668
-13,16368356;15,86798668
-13,15868356;16,80148888
-13,15368356;14,93448448
-13,14868356;15,86798668
-13,14368356;15,86798668
-13,13868356;15,40046692
-13,13368356;15,86798668
-13,12868356;15,40046692
-13,12368356;15,40046692
-13,11868356;15,40046692
-13,11368356;15,86798668
-13,10868356;14,93448448
-13,10368356;14,93448448
-13,09868356;14,46850300
-13,09368356;15,40046692
-13,08868356;15,40046692
-13,08368356;15,40046692
-13,07868356;15,40046692
-13,07368356;15,86798668
-13,06868356;15,86798668
-13,06368356;17,26746941
-13,05868356;15,86798668
-13,05368356;17,73498917
-13,04868356;18,66848946
-13,04368356;19,13447189
-13,03868356;19,13447189
-13,03368356;18,66848946
-13,02868356;20,06797409
-13,02368356;21,00147629
-13,01868357;18,66848946
-13,01368357;20,06797409
-13,00868357;21,46899414
-13,00368357;21,46899414
-12,99868357;21,00147629
-12,99368357;21,00147629
-12,98868357;21,00147629
-12,98368357;21,93497658
-12,97868357;20,53549385
-12,97368357;21,00147629
-12,96868357;21,46899414
-12,96368357;21,46899414
-12,95868357;21,46899414
-12,95368357;21,93497658
-12,94868357;22,40249634
-12,94368357;21,93497658
-12,93868357;22,86847687
-12,93368357;22,40249634
-12,92868357;21,93497658
-12,92368357;21,93497658
-12,91868357;22,40249634
-12,91368357;22,86847687
-12,90868357;21,93497658
-12,90368357;21,93497658
-12,89868357;21,46899414
-12,89368357;22,40249634
-12,88868357;21,93497658
-12,88368357;21,93497658
-12,87868357;22,86847687
-12,87368357;21,93497658
-12,86868357;21,93497658
-12,86368357;19,60199165
-12,85868357;22,40249634
-12,85368357;22,86847687
-12,84868357;22,86847687
-12,84368357;23,80197906
-12,83868357;22,86847687
-12,83368357;23,80197906
-12,82868357;23,33599663
-12,82368357;24,73548126
-12,81868357;24,26949883
-12,81368357;26,13650131
-12,80868357;24,73548126
-12,80368357;25,66898346
-12,79868357;25,66898346
-12,79368357;24,73548126
-12,78868357;25,66898346
-12,78368357;24,73548126
-12,77868357;26,13650131
-12,77368357;25,66898346
-12,76868357;27,53598404
-12,76368357;25,66898346
-12,75868357;26,13650131
-12,75368357;26,60248184
-12,74868357;26,60248184
-12,74368357;26,60248184
-12,73868357;27,07000351
-12,73368357;26,13650131
-12,72868357;26,60248184
-12,72368357;26,60248184
-12,71868357;27,53598404
-12,71368357;26,60248184
-12,70868357;26,13650131
-12,70368357;26,60248184
-12,69868357;26,13650131
-12,69368357;26,13650131
-12,68868357;26,13650131
-12,68368357;25,66898346
-12,67868357;24,73548126
-12,67368357;25,20300102
-12,66868357;25,66898346
-12,66368357;25,20300102
-12,65868357;24,73548126
-12,65368357;25,20300102
-12,64868357;25,66898346
-12,64368357;25,20300102
-12,63868357;25,66898346
-12,63368357;24,73548126
-12,62868357;26,60248184
-12,62368358;24,26949883
-12,61868358;25,20300102
-12,61368358;23,80197906
-12,60868358;25,20300102
-12,60368358;25,20300102
-12,59868358;27,07000351
-12,59368358;24,73548126
-12,58868358;24,73548126
-12,58368358;23,80197906
-12,57868358;23,80197906
-12,57368358;23,80197906
-12,56868358;23,33599663
-12,56368358;22,86847687
-12,55868358;22,86847687
-12,55368358;23,80197906
-12,54868358;23,80197906
-12,54368358;23,33599663
-12,53868358;23,80197906
-12,53368358;23,80197906
-12,52868358;24,26949883
-12,52368358;22,86847687
-12,51868358;23,80197906
-12,51368358;22,86847687
-12,50868358;22,86847687
-12,50368358;22,86847687
-12,49868358;22,40249634
-12,49368358;22,40249634
-12,48868358;21,93497658
-12,48368358;21,46899414
-12,47868358;21,46899414
-12,47368358;21,46899414
-12,46868358;21,46899414
-12,46368358;22,40249634
-12,45868358;21,46899414
-12,45368358;20,06797409
-12,44868358;21,00147629
-12,44368358;21,00147629
-12,43868358;20,06797409
-12,43368358;21,00147629
-12,42868358;21,00147629
-12,42368358;20,53549385
-12,41868358;20,06797409
-12,41368358;21,46899414
-12,40868358;19,60199165
-12,40368358;20,06797409
-12,39868358;20,53549385
-12,39368358;18,66848946
-12,38868358;18,66848946
-12,38368358;18,66848946
-12,37868358;18,20096970
-12,37368358;16,80148888
-12,36868358;17,73498917
-12,36368358;17,73498917
-12,35868358;17,73498917
-12,35368358;16,80148888
-12,34868358;17,26746941
-12,34368358;16,80148888
-12,33868358;16,80148888
-12,33368358;16,33396912
-12,32868358;16,33396912
-12,32368358;15,86798668
-12,31868358;15,86798668
-12,31368358;16,33396912
-12,30868358;16,33396912
-12,30368358;16,33396912
-12,29868358;15,86798668
-12,29368358;14,46850300
-12,28868358;15,40046692
-12,28368358;14,46850300
-12,27868358;14,93448448
-12,27368358;13,53500175
-12,26868358;14,93448448
-12,26368358;13,53500175
-12,25868358;14,46850300
-12,25368358;14,00098324
-12,24868358;13,53500175
-12,24368358;13,53500175
-12,23868358;13,53500175
-12,23368358;14,46850300
-12,22868359;13,53500175
-12,22368359;13,53500175
-12,21868359;14,00098324
-12,21368359;13,06748199
-12,20868359;12,60150051
-12,20368359;12,60150051
-12,19868359;11,66799831
-12,19368359;10,73449707
-12,18868359;11,20047951
-12,18368359;10,26697731
-12,17868359;10,26697731
-12,17368359;8,39997482
-12,16868359;9,80099583
-12,16368359;9,33347607
-12,15868359;8,86749458
-12,15368359;8,39997482
-12,14868359;8,39997482
-12,14368359;7,93399334
-12,13868359;7,93399334
-12,13368359;7,46647358
-12,12868359;7,00049162
-12,12368359;6,53297186
-12,11868359;6,53297186
-12,11368359;5,59947062
-12,10868359;6,53297186
-12,10368359;6,06699038
-12,09868359;5,13348866
-12,09368359;4,66596889
-12,08868359;4,66596889
-12,08368359;4,66596889
-12,07868359;3,73246789
-12,07368359;2,79896641
-12,06868359;2,33298445
-12,06368359;2,33298445
-12,05868359;1,39948320
-12,05368359;0,93196350
-12,04868359;0,93196350
-12,04368359;0,46598175
-12,03868359;-0,46598175
-12,03368359;-0,46598175
-12,02868359;-1,39948320
-12,02368359;-2,33298445
-12,01868359;-2,33298445
-12,01368359;-3,73246789
-12,00868359;-3,73246789
-12,00368359;-3,73246789
-11,99868359;-4,66596889
-11,99368359;-5,59947062
-11,98868359;-6,06699038
-11,98368359;-7,00049162
-11,97868359;-7,46647358
-11,97368359;-7,93399334
-11,96868359;-8,39997482
-11,96368359;-8,39997482
-11,95868359;-9,80099583
-11,95368359;-9,80099583
-11,94868359;-10,73449707
-11,94368359;-11,20047951
-11,93868359;-12,60150051
-11,93368359;-12,13398075
-11,92868359;-13,06748199
-11,92368359;-13,06748199
-11,91868359;-14,00098324
-11,91368359;-14,46850300
-11,90868359;-15,86798668
-11,90368359;-15,86798668
-11,89868359;-16,33396912
-11,89368359;-17,26746941
-11,88868359;-17,26746941
-11,88368359;-18,66848946
-11,87868359;-18,20096970
-11,87368359;-19,60199165
-11,86868359;-19,13447189
-11,86368359;-20,53549385
-11,85868359;-20,53549385
-11,85368359;-20,53549385
-11,84868359;-20,06797409
-11,84368359;-20,06797409
-11,83868359;-19,60199165
-11,83368360;-18,66848946
-11,82868360;-20,06797409
-11,82368360;-19,13447189
-11,81868360;-18,66848946
-11,81368360;-18,20096970
-11,80868360;-18,66848946
-11,80368360;-18,20096970
-11,79868360;-18,66848946
-11,79368360;-18,20096970
-11,78868360;-18,20096970
-11,78368360;-18,66848946
-11,77868360;-19,13447189
-11,77368360;-21,00147629
-11,76868360;-19,60199165
-11,76368360;-21,46899414
-11,75868360;-21,46899414
-11,75368360;-23,33599663
-11,74868360;-22,40249634
-11,74368360;-23,33599663
-11,73868360;-23,33599663
-11,73368360;-24,26949883
-11,72868360;-24,26949883
-11,72368360;-23,33599663
-11,71868360;-24,73548126
-11,71368360;-23,80197906
-11,70868360;-24,73548126
-11,70368360;-24,73548126
-11,69868360;-24,73548126
-11,69368360;-24,73548126
-11,68868360;-25,20300102
-11,68368360;-25,66898346
-11,67868360;-25,20300102
-11,67368360;-26,13650131
-11,66868360;-26,13650131
-11,66368360;-26,13650131
-11,65868360;-26,13650131
-11,65368360;-26,60248184
-11,64868360;-26,60248184
-11,64368360;-27,53598404
-11,63868360;-27,07000351
-11,63368360;-25,66898346
-11,62868360;-27,07000351
-11,62368360;-27,53598404
-11,61868360;-27,53598404
-11,61368360;-29,87050819
-11,60868360;-27,53598404
-11,60368360;-28,46948624
-11,59868360;-28,00350380
-11,59368360;-28,93700600
-11,58868360;-28,00350380
-11,58368360;-28,93700600
-11,57868360;-28,46948624
-11,57368360;-28,46948624
-11,56868360;-29,87050819
-11,56368360;-29,40298843
-11,55868360;-29,40298843
-11,55368360;-30,33649063
-11,54868360;-29,87050819
-11,54368360;-29,40298843
-11,53868360;-29,40298843
-11,53368360;-29,87050819
-11,52868360;-29,40298843
-11,52368360;-29,40298843
-11,51868360;-29,40298843
-11,51368360;-30,33649063
-11,50868360;-30,33649063
-11,50368360;-29,40298843
-11,49868360;-29,87050819
-11,49368360;-30,33649063
-11,48868360;-31,26999092
-11,48368360;-31,26999092
-11,47868360;-32,20349503
-11,47368360;-31,73597336
-11,46868360;-32,20349503
-11,46368360;-32,66947556
-11,45868360;-33,60297775
-11,45368360;-34,53647614
-11,44868360;-34,53647614
-11,44368360;-35,46997833
-11,43868361;-35,46997833
-11,43368361;-35,93749619
-11,42868361;-36,40348053
-11,42368361;-35,93749619
-11,41868361;-36,40348053
-11,41368361;-38,27048111
-11,40868361;-35,46997833
-11,40368361;-36,40348053
-11,39868361;-35,93749619
-11,39368361;-37,33697891
-11,38868361;-37,80450058
-11,38368361;-36,40348053
-11,37868361;-38,27048111
-11,37368361;-37,80450058
-11,36868361;-37,33697891
-11,36368361;-37,33697891
-11,35868361;-37,33697891
-11,35368361;-38,27048111
-11,34868361;-37,80450058
-11,34368361;-38,73800278
-11,33868361;-38,27048111
-11,33368361;-38,73800278
-11,32868361;-38,27048111
-11,32368361;-38,27048111
-11,31868361;-37,33697891
-11,31368361;-37,80450058
-11,30868361;-37,80450058
-11,30368361;-37,80450058
-11,29868361;-37,80450058
-11,29368361;-38,27048111
-11,28868361;-38,27048111
-11,28368361;-39,20398331
-11,27868361;-39,20398331
-11,27368361;-38,73800278
-11,26868361;-38,73800278
-11,26368361;-39,67150497
-11,25868361;-39,20398331
-11,25368361;-39,20398331
-11,24868361;-39,67150497
-11,24368361;-39,67150497
-11,23868361;-39,67150497
-11,23368361;-39,20398331
-11,22868361;-40,60500717
-11,22368361;-39,20398331
-11,21868361;-39,20398331
-11,21368361;-38,73800278
-11,20868361;-37,80450058
-11,20368361;-38,73800278
-11,19868361;-39,67150497
-11,19368361;-38,27048111
-11,18868361;-38,27048111
-11,18368361;-38,27048111
-11,17868361;-37,80450058
-11,17368361;-37,80450058
-11,16868361;-37,80450058
-11,16368361;-37,80450058
-11,15868361;-36,87099838
-11,15368361;-37,80450058
-11,14868361;-36,87099838
-11,14368361;-36,87099838
-11,13868361;-36,87099838
-11,13368361;-35,93749619
-11,12868361;-35,93749619
-11,12368361;-35,00399399
-11,11868361;-35,46997833
-11,11368361;-34,53647614
-11,10868361;-34,53647614
-11,10368361;-34,53647614
-11,09868361;-33,60297775
-11,09368361;-34,53647614
-11,08868361;-34,53647614
-11,08368361;-34,53647614
-11,07868361;-34,53647614
-11,07368361;-34,53647614
-11,06868361;-34,53647614
-11,06368361;-34,07049179
-11,05868361;-34,07049179
-11,05368361;-33,60297775
-11,04868361;-34,53647614
-11,04368362;-34,53647614
-11,03868362;-34,53647614
-11,03368362;-34,07049179
-11,02868362;-33,60297775
-11,02368362;-33,60297775
-11,01868362;-33,13699341
-11,01368362;-34,07049179
-11,00868362;-33,13699341
-11,00368362;-32,66947556
-10,99868362;-32,20349503
-10,99368362;-31,73597336
-10,98868362;-31,73597336
-10,98368362;-31,26999092
-10,97868362;-31,73597336
-10,97368362;-31,26999092
-10,96868362;-30,33649063
-10,96368362;-30,33649063
-10,95868362;-29,40298843
-10,95368362;-30,33649063
-10,94868362;-30,33649063
-10,94368362;-29,40298843
-10,93868362;-30,33649063
-10,93368362;-29,40298843
-10,92868362;-28,46948624
-10,92368362;-28,46948624
-10,91868362;-28,46948624
-10,91368362;-27,53598404
-10,90868362;-28,46948624
-10,90368362;-27,53598404
-10,89868362;-26,60248184
-10,89368362;-27,07000351
-10,88868362;-26,13650131
-10,88368362;-26,60248184
-10,87868362;-25,66898346
-10,87368362;-25,66898346
-10,86868362;-24,26949883
-10,86368362;-25,20300102
-10,85868362;-23,80197906
-10,85368362;-24,73548126
-10,84868362;-23,80197906
-10,84368362;-6,53297186
-10,83868362;-22,86847687
-10,83368362;-22,40249634
-10,82868362;-22,86847687
-10,82368362;-22,40249634
-10,81868362;-21,93497658
-10,81368362;-21,93497658
-10,80868362;-21,93497658
-10,80368362;-21,46899414
-10,79868362;-21,46899414
-10,79368362;-21,46899414
-10,78868362;-20,53549385
-10,78368362;-19,60199165
-10,77868362;-21,00147629
-10,77368362;-21,00147629
-10,76868362;-20,53549385
-10,76368362;-20,53549385
-10,75868362;-20,53549385
-10,75368362;-19,13447189
-10,74868362;-19,60199165
-10,74368362;-18,66848946
-10,73868362;-19,13447189
-10,73368362;-19,13447189
-10,72868362;-18,66848946
-10,72368362;-18,66848946
-10,71868362;-19,13447189
-10,71368362;-18,66848946
-10,70868362;-18,20096970
-10,70368362;-16,80148888
-10,69868362;-18,20096970
-10,69368362;-17,73498917
-10,68868362;-18,20096970
-10,68368362;-18,20096970
-10,67868362;-18,20096970
-10,67368362;-17,73498917
-10,66868362;-17,26746941
-10,66368362;-18,66848946
-10,65868362;-17,26746941
-10,65368362;-16,33396912
-10,64868362;-17,26746941
-10,64368363;-17,26746941
-10,63868363;-17,26746941
-10,63368363;-17,26746941
-10,62868363;-17,26746941
-10,62368363;-17,26746941
-10,61868363;-17,26746941
-10,61368363;-17,26746941
-10,60868363;-17,73498917
-10,60368363;-17,26746941
-10,59868363;-18,20096970
-10,59368363;-17,26746941
-10,58868363;-17,26746941
-10,58368363;-19,13447189
-10,57868363;-19,13447189
-10,57368363;-19,13447189
-10,56868363;-18,66848946
-10,56368363;-19,13447189
-10,55868363;-18,66848946
-10,55368363;-20,53549385
-10,54868363;-18,20096970
-10,54368363;-19,13447189
-10,53868363;-18,66848946
-10,53368363;-20,06797409
-10,52868363;-19,60199165
-10,52368363;-19,60199165
-10,51868363;-19,60199165
-10,51368363;-19,13447189
-10,50868363;-19,60199165
-10,50368363;-19,13447189
-10,49868363;-19,60199165
-10,49368363;-20,06797409
-10,48868363;-18,66848946
-10,48368363;-19,13447189
-10,47868363;-18,20096970
-10,47368363;-18,20096970
-10,46868363;-18,66848946
-10,46368363;-18,66848946
-10,45868363;-17,26746941
-10,45368363;-17,73498917
-10,44868363;-17,26746941
-10,44368363;-17,73498917
-10,43868363;-16,80148888
-10,43368363;-16,80148888
-10,42868363;-16,80148888
-10,42368363;-17,26746941
-10,41868363;-16,80148888
-10,41368363;-17,73498917
-10,40868363;-17,26746941
-10,40368363;-17,26746941
-10,39868363;-16,33396912
-10,39368363;-16,33396912
-10,38868363;-16,33396912
-10,38368363;-16,33396912
-10,37868363;-16,33396912
-10,37368363;-16,80148888
-10,36868363;-16,80148888
-10,36368363;-14,93448448
-10,35868363;-16,33396912
-10,35368363;-15,86798668
-10,34868363;-15,40046692
-10,34368363;-15,86798668
-10,33868363;-14,93448448
-10,33368363;-15,40046692
-10,32868363;-14,93448448
-10,32368363;-16,33396912
-10,31868363;-16,33396912
-10,31368363;-15,86798668
-10,30868363;-15,86798668
-10,30368363;-17,26746941
-10,29868363;-15,86798668
-10,29368363;-16,80148888
-10,28868363;-15,86798668
-10,28368363;-16,33396912
-10,27868363;-16,80148888
-10,27368363;-17,73498917
-10,26868363;-17,73498917
-10,26368363;-16,33396912
-10,25868363;-17,26746941
-10,25368363;-16,80148888
-10,24868364;-16,33396912
-10,24368364;-16,33396912
-10,23868364;-16,80148888
-10,23368364;-17,73498917
-10,22868364;-16,80148888
-10,22368364;-16,80148888
-10,21868364;-16,33396912
-10,21368364;-16,33396912
-10,20868364;-17,73498917
-10,20368364;-16,33396912
-10,19868364;-18,66848946
-10,19368364;-17,73498917
-10,18868364;-18,20096970
-10,18368364;-16,33396912
-10,17868364;-18,20096970
-10,17368364;-18,66848946
-10,16868364;-17,73498917
-10,16368364;-18,20096970
-10,15868364;-18,20096970
-10,15368364;-17,26746941
-10,14868364;-19,60199165
-10,14368364;-17,73498917
-10,13868364;-17,73498917
-10,13368364;-18,20096970
-10,12868364;-30,33649063
-10,12368364;-18,66848946
-10,11868364;-18,66848946
-10,11368364;-18,20096970
-10,10868364;-19,13447189
-10,10368364;-18,66848946
-10,09868364;-18,20096970
-10,09368364;-19,13447189
-10,08868364;-18,66848946
-10,08368364;-18,66848946
-10,07868364;-18,66848946
-10,07368364;-18,66848946
-10,06868364;-19,60199165
-10,06368364;-19,60199165
-10,05868364;-18,66848946
-10,05368364;-19,13447189
-10,04868364;-18,66848946
-10,04368364;-18,20096970
-10,03868364;-19,13447189
-10,03368364;-19,13447189
-10,02868364;-18,20096970
-10,02368364;-19,13447189
-10,01868364;-19,13447189
-10,01368364;-19,60199165
-10,00868364;-19,13447189
-10,00368364;-20,06797409
-9,99868364;-19,13447189
-9,99368364;-20,53549385
-9,98868364;-20,06797409
-9,98368364;-20,06797409
-9,97868364;-20,53549385
-9,97368364;-20,53549385
-9,96868364;-21,00147629
-9,96368364;-21,46899414
-9,95868364;-19,60199165
-9,95368364;-20,06797409
-9,94868364;-19,60199165
-9,94368364;-19,60199165
-9,93868364;-20,06797409
-9,93368364;-18,66848946
-9,92868364;-19,13447189
-9,92368364;-19,13447189
-9,91868364;-17,26746941
-9,91368364;-16,80148888
-9,90868364;-15,86798668
-9,90368364;-16,33396912
-9,89868364;-14,00098324
-9,89368364;-14,93448448
-9,88868364;-14,00098324
-9,88368364;-14,00098324
-9,87868364;-13,06748199
-9,87368364;-13,06748199
-9,86868364;-13,06748199
-9,86368364;-12,13398075
-9,85868364;-13,53500175
-9,85368365;-12,13398075
-9,84868365;-13,06748199
-9,84368365;-13,06748199
-9,83868365;-12,60150051
-9,83368365;-13,06748199
-9,82868365;-12,60150051
-9,82368365;-14,93448448
-9,81868365;-13,06748199
-9,81368365;-13,06748199
-9,80868365;-12,60150051
-9,80368365;-14,46850300
-9,79868365;-14,46850300
-9,79368365;-14,00098324
-9,78868365;-14,00098324
-9,78368365;-14,93448448
-9,77868365;-13,53500175
-9,77368365;-14,00098324
-9,76868365;-13,53500175
-9,76368365;-14,46850300
-9,75868365;-14,46850300
-9,75368365;-14,00098324
-9,74868365;-14,46850300
-9,74368365;-14,00098324
-9,73868365;-14,00098324
-9,73368365;-14,46850300
-9,72868365;-14,46850300
-9,72368365;-14,93448448
-9,71868365;-14,00098324
-9,71368365;-14,00098324
-9,70868365;-14,00098324
-9,70368365;-14,00098324
-9,69868365;-13,53500175
-9,69368365;-14,00098324
-9,68868365;-13,53500175
-9,68368365;-14,46850300
-9,67868365;-13,53500175
-9,67368365;-14,46850300
-9,66868365;-13,53500175
-9,66368365;-14,00098324
-9,65868365;-14,00098324
-9,65368365;-14,00098324
-9,64868365;-14,00098324
-9,64368365;-14,46850300
-9,63868365;-14,46850300
-9,63368365;-14,00098324
-9,62868365;-14,46850300
-9,62368365;-14,00098324
-9,61868365;-14,46850300
-9,61368365;-14,00098324
-9,60868365;-13,53500175
-9,60368365;-14,00098324
-9,59868365;-14,46850300
-9,59368365;-14,46850300
-9,58868365;-13,53500175
-9,58368365;-12,60150051
-9,57868365;-13,53500175
-9,57368365;-14,00098324
-9,56868365;-13,06748199
-9,56368365;-14,00098324
-9,55868365;-14,00098324
-9,55368365;-14,00098324
-9,54868365;-13,06748199
-9,54368365;-14,00098324
-9,53868365;-13,53500175
-9,53368365;-13,53500175
-9,52868365;-14,00098324
-9,52368365;-14,00098324
-9,51868365;-13,53500175
-9,51368365;-14,00098324
-9,50868365;-13,06748199
-9,50368365;-13,53500175
-9,49868365;-14,00098324
-9,49368365;-14,00098324
-9,48868365;-14,46850300
-9,48368365;-14,00098324
-9,47868365;-13,53500175
-9,47368365;-14,93448448
-9,46868365;-14,46850300
-9,46368365;-14,93448448
-9,45868366;-14,93448448
-9,45368366;-15,40046692
-9,44868366;-15,40046692
-9,44368366;-14,93448448
-9,43868366;-14,93448448
-9,43368366;-14,46850300
-9,42868366;-14,46850300
-9,42368366;-14,00098324
-9,41868366;-14,00098324
-9,41368366;-13,06748199
-9,40868366;-12,13398075
-9,40368366;-13,06748199
-9,39868366;-13,06748199
-9,39368366;-13,53500175
-9,38868366;-13,06748199
-9,38368366;-13,06748199
-9,37868366;-12,60150051
-9,37368366;-13,06748199
-9,36868366;-13,06748199
-9,36368366;-13,06748199
-9,35868366;-13,06748199
-9,35368366;2,79896641
-9,34868366;-13,53500175
-9,34368366;-14,00098324
-9,33868366;-14,46850300
-9,33368366;-14,46850300
-9,32868366;-14,46850300
-9,32368366;-14,46850300
-9,31868366;-13,53500175
-9,31368366;-13,06748199
-9,30868366;-14,00098324
-9,30368366;-14,93448448
-9,29868366;-14,46850300
-9,29368366;-14,46850300
-9,28868366;-12,13398075
-9,28368366;-14,00098324
-9,27868366;-13,06748199
-9,27368366;-13,53500175
-9,26868366;-13,06748199
-9,26368366;-12,60150051
-9,25868366;-13,53500175
-9,25368366;-12,60150051
-9,24868366;-12,13398075
-9,24368366;-12,13398075
-9,23868366;-11,66799831
-9,23368366;-10,73449707
-9,22868366;-10,73449707
-9,22368366;-11,20047951
-9,21868366;-10,73449707
-9,21368366;-9,33347607
-9,20868366;-9,33347607
-9,20368366;-8,86749458
-9,19868366;-8,39997482
-9,19368366;-8,86749458
-9,18868366;-8,86749458
-9,18368366;-7,46647358
-9,17868366;-8,86749458
-9,17368366;-7,93399334
-9,16868366;-7,93399334
-9,16368366;-7,93399334
-9,15868366;-7,46647358
-9,15368366;-8,39997482
-9,14868366;-7,93399334
-9,14368366;-7,93399334
-9,13868366;-7,46647358
-9,13368366;-8,39997482
-9,12868366;-7,00049162
-9,12368366;-6,53297186
-9,11868366;-6,53297186
-9,11368366;-6,53297186
-9,10868366;-6,06699038
-9,10368366;-6,53297186
-9,09868366;-6,53297186
-9,09368366;-6,06699038
-9,08868366;-6,06699038
-9,08368366;-6,53297186
-9,07868366;-6,06699038
-9,07368366;-6,53297186
-9,06868366;-6,53297186
-9,06368367;-6,06699038
-9,05868367;-6,06699038
-9,05368367;-5,59947062
-9,04868367;-5,59947062
-9,04368367;-4,66596889
-9,03868367;-5,13348866
-9,03368367;-3,26648593
-9,02868367;-3,26648593
-9,02368367;-2,79896641
-9,01868367;-2,33298445
-9,01368367;-1,39948320
-9,00868367;-0,93196350
-9,00368367;-0,46598175
-8,99868367;-0,46598175
-8,99368367;-0,93196350
-8,98868367;0,46598175
-8,98368367;0,93196350
-8,97868367;0,93196350
-8,97368367;0,93196350
-8,96868367;1,39948320
-8,96368367;0,93196350
-8,95868367;0,46598175
-8,95368367;0,00000000
-8,94868367;0,93196350
-8,94368367;-0,46598175
-8,93868367;-0,46598175
-8,93368367;0,00000000
-8,92868367;-0,46598175
-8,92368367;-0,46598175
-8,91868367;0,00000000
-8,91368367;0,46598175
-8,90868367;-0,46598175
-8,90368367;0,00000000
-8,89868367;0,00000000
-8,89368367;0,00000000
-8,88868367;-0,93196350
-8,88368367;-0,93196350
-8,87868367;0,46598175
-8,87368367;0,46598175
-8,86868367;0,46598175
-8,86368367;-0,46598175
-8,85868367;-0,46598175
-8,85368367;-0,46598175
-8,84868367;-0,46598175
-8,84368367;-0,93196350
-8,83868367;-0,93196350
-8,83368367;-0,93196350
-8,82868367;0,00000000
-8,82368367;-0,93196350
-8,81868367;0,46598175
-8,81368367;-0,46598175
-8,80868367;-0,46598175
-8,80368367;-0,93196350
-8,79868367;-1,39948320
-8,79368367;-2,33298445
-8,78868367;-0,46598175
-8,78368367;-0,46598175
-8,77868367;0,93196350
-8,77368367;0,00000000
-8,76868367;-0,46598175
-8,76368367;0,00000000
-8,75868367;0,00000000
-8,75368367;-0,46598175
-8,74868367;-0,46598175
-8,74368367;0,00000000
-8,73868367;0,00000000
-8,73368367;0,46598175
-8,72868367;0,93196350
-8,72368367;0,46598175
-8,71868367;0,93196350
-8,71368367;1,39948320
-8,70868367;0,93196350
-8,70368367;0,93196350
-8,69868367;1,39948320
-8,69368367;1,39948320
-8,68868367;1,86546493
-8,68368367;1,39948320
-8,67868367;1,86546493
-8,67368367;0,93196350
-8,66868368;1,39948320
-8,66368368;1,86546493
-8,65868368;1,86546493
-8,65368368;1,86546493
-8,64868368;0,93196350
-8,64368368;1,86546493
-8,63868368;1,39948320
-8,63368368;1,39948320
-8,62868368;1,39948320
-8,62368368;2,33298445
-8,61868368;2,33298445
-8,61368368;2,33298445
-8,60868368;2,79896641
-8,60368368;1,86546493
-8,59868368;3,73246789
-8,59368368;3,26648593
-8,58868368;2,33298445
-8,58368368;4,19998741
-8,57868368;4,66596889
-8,57368368;5,13348866
-8,56868368;5,13348866
-8,56368368;5,59947062
-8,55868368;6,53297186
-8,55368368;5,59947062
-8,54868368;6,53297186
-8,54368368;5,59947062
-8,53868368;7,00049162
-8,53368368;6,53297186
-8,52868368;6,06699038
-8,52368368;6,53297186
-8,51868368;6,06699038
-8,51368368;6,06699038
-8,50868368;7,00049162
-8,50368368;7,00049162
-8,49868368;6,53297186
-8,49368368;7,00049162
-8,48868368;6,06699038
-8,48368368;6,06699038
-8,47868368;7,00049162
-8,47368368;6,53297186
-8,46868368;6,53297186
-8,46368368;5,59947062
-8,45868368;5,59947062
-8,45368368;6,06699038
-8,44868368;5,59947062
-8,44368368;5,59947062
-8,43868368;6,06699038
-8,43368368;5,59947062
-8,42868368;5,59947062
-8,42368368;6,53297186
-8,41868368;5,59947062
-8,41368368;6,53297186
-8,40868368;6,06699038
-8,40368368;6,53297186
-8,39868368;7,46647358
-8,39368368;5,59947062
-8,38868368;7,00049162
-8,38368368;6,06699038
-8,37868368;7,00049162
-8,37368368;6,53297186
-8,36868368;7,93399334
-8,36368368;7,93399334
-8,35868368;7,46647358
-8,35368368;7,46647358
-8,34868368;7,00049162
-8,34368368;6,53297186
-8,33868368;7,93399334
-8,33368368;7,00049162
-8,32868368;7,46647358
-8,32368368;7,00049162
-8,31868368;7,93399334
-8,31368368;7,46647358
-8,30868368;7,46647358
-8,30368368;7,93399334
-8,29868368;8,39997482
-8,29368368;8,39997482
-8,28868368;8,86749458
-8,28368368;8,86749458
-8,27868368;9,80099583
-8,27368368;9,80099583
-8,26868369;10,26697731
-8,26368369;10,26697731
-8,25868369;9,80099583
-8,25368369;10,73449707
-8,24868369;10,26697731
-8,24368369;9,33347607
-8,23868369;10,26697731
-8,23368369;11,20047951
-8,22868369;9,80099583
-8,22368369;9,33347607
-8,21868369;9,33347607
-8,21368369;9,80099583
-8,20868369;10,26697731
-8,20368369;10,26697731
-8,19868369;9,80099583
-8,19368369;10,26697731
-8,18868369;9,33347607
-8,18368369;10,73449707
-8,17868369;10,73449707
-8,17368369;11,20047951
-8,16868369;11,20047951
-8,16368369;9,80099583
-8,15868369;11,20047951
-8,15368369;14,00098324
-8,14868369;10,26697731
-8,14368369;10,26697731
-8,13868369;9,80099583
-8,13368369;11,20047951
-8,12868369;9,33347607
-8,12368369;9,33347607
-8,11868369;10,73449707
-8,11368369;9,33347607
-8,10868369;9,33347607
-8,10368369;9,80099583
-8,09868369;9,33347607
-8,09368369;8,86749458
-8,08868369;9,33347607
-8,08368369;9,80099583
-8,07868369;8,86749458
-8,07368369;8,86749458
-8,06868369;8,86749458
-8,06368369;7,93399334
-8,05868369;8,39997482
-8,05368369;8,39997482
-8,04868369;7,46647358
-8,04368369;8,39997482
-8,03868369;7,46647358
-8,03368369;8,39997482
-8,02868369;8,86749458
-8,02368369;7,93399334
-8,01868369;8,39997482
-8,01368369;8,86749458
-8,00868369;8,86749458
-8,00368369;10,26697731
-7,99868369;11,20047951
-7,99368369;10,26697731
-7,98868369;11,66799831
-7,98368369;13,53500175
-7,97868369;13,06748199
-7,97368369;14,00098324
-7,96868369;14,93448448
-7,96368369;15,40046692
-7,95868369;15,40046692
-7,95368369;15,86798668
-7,94868369;15,86798668
-7,94368369;16,33396912
-7,93868369;14,93448448
-7,93368369;14,93448448
-7,92868369;14,93448448
-7,92368369;14,46850300
-7,91868369;15,40046692
-7,91368369;14,46850300
-7,90868369;15,40046692
-7,90368369;15,40046692
-7,89868369;15,40046692
-7,89368369;15,86798668
-7,88868369;14,46850300
-7,88368369;16,80148888
-7,87868369;16,80148888
-7,87368370;17,26746941
-7,86868370;17,73498917
-7,86368370;17,73498917
-7,85868370;18,66848946
-7,85368370;19,13447189
-7,84868370;19,60199165
-7,84368370;20,06797409
-7,83868370;20,06797409
-7,83368370;21,00147629
-7,82868370;21,93497658
-7,82368370;21,93497658
-7,81868370;22,40249634
-7,81368370;23,33599663
-7,80868370;23,80197906
-7,80368370;24,73548126
-7,79868370;24,26949883
-7,79368370;24,73548126
-7,78868370;25,66898346
-7,78368370;25,66898346
-7,77868370;26,13650131
-7,77368370;25,20300102
-7,76868370;27,07000351
-7,76368370;26,60248184
-7,75868370;29,87050819
-7,75368370;27,53598404
-7,74868370;27,53598404
-7,74368370;27,07000351
-7,73868370;27,53598404
-7,73368370;28,46948624
-7,72868370;28,93700600
-7,72368370;29,40298843
-7,71868370;29,87050819
-7,71368370;30,80247116
-7,70868370;30,80247116
-7,70368370;31,26999092
-7,69868370;31,73597336
-7,69368370;32,20349503
-7,68868370;32,20349503
-7,68368370;32,20349503
-7,67868370;33,13699341
-7,67368370;33,13699341
-7,66868370;33,60297775
-7,66368370;33,13699341
-7,65868370;33,13699341
-7,65368370;33,60297775
-7,64868370;33,60297775
-7,64368370;33,13699341
-7,63868370;34,07049179
-7,63368370;34,07049179
-7,62868370;34,07049179
-7,62368370;34,53647614
-7,61868370;34,53647614
-7,61368370;35,46997833
-7,60868370;35,46997833
-7,60368370;35,93749619
-7,59868370;36,40348053
-7,59368370;35,93749619
-7,58868370;35,46997833
-7,58368370;35,46997833
-7,57868370;36,40348053
-7,57368370;36,40348053
-7,56868370;35,93749619
-7,56368370;36,40348053
-7,55868370;36,40348053
-7,55368370;36,87099838
-7,54868370;36,40348053
-7,54368370;36,87099838
-7,53868370;37,33697891
-7,53368370;37,80450058
-7,52868370;37,80450058
-7,52368370;38,73800278
-7,51868370;38,73800278
-7,51368370;38,73800278
-7,50868370;39,20398331
-7,50368370;40,13748550
-7,49868370;39,67150497
-7,49368370;40,13748550
-7,48868370;39,67150497
-7,48368370;40,13748550
-7,47868371;40,13748550
-7,47368371;39,20398331
-7,46868371;39,20398331
-7,46368371;39,20398331
-7,45868371;39,20398331
-7,45368371;38,73800278
-7,44868371;38,73800278
-7,44368371;38,27048111
-7,43868371;38,73800278
-7,43368371;38,27048111
-7,42868371;38,27048111
-7,42368371;38,73800278
-7,41868371;39,20398331
-7,41368371;38,73800278
-7,40868371;39,20398331
-7,40368371;38,73800278
-7,39868371;39,20398331
-7,39368371;39,67150497
-7,38868371;39,67150497
-7,38368371;40,13748550
-7,37868371;40,13748550
-7,37368371;40,13748550
-7,36868371;41,53850937
-7,36368371;40,60500717
-7,35868371;39,20398331
-7,35368371;40,60500717
-7,34868371;40,60500717
-7,34368371;41,53850937
-7,33868371;41,07098770
-7,33368371;41,07098770
-7,32868371;41,53850937
-7,32368371;42,00448990
-7,31868371;43,40550613
-7,31368371;42,93798828
-7,30868371;43,40550613
-7,30368371;43,40550613
-7,29868371;43,40550613
-7,29368371;44,80499268
-7,28868371;44,33900833
-7,28368371;44,33900833
-7,27868371;44,80499268
-7,27368371;45,73849487
-7,26868371;45,27097321
-7,26368371;45,27097321
-7,25868371;45,27097321
-7,25368371;45,27097321
-7,24868371;44,80499268
-7,24368371;45,27097321
-7,23868371;45,73849487
-7,23368371;46,20447540
-7,22868371;45,27097321
-7,22368371;46,67199326
-7,21868371;46,67199326
-7,21368371;46,67199326
-7,20868371;46,67199326
-7,20368371;46,67199326
-7,19868371;46,67199326
-7,19368371;47,13797760
-7,18868371;46,67199326
-7,18368371;45,73849487
-7,17868371;47,13797760
-7,17368371;47,13797760
-7,16868371;47,60549545
-7,16368371;46,67199326
-7,15868371;47,13797760
-7,15368371;47,60549545
-7,14868371;46,67199326
-7,14368371;45,27097321
-7,13868371;45,27097321
-7,13368371;45,27097321
-7,12868371;46,20447540
-7,12368371;44,80499268
-7,11868371;44,80499268
-7,11368371;45,73849487
-7,10868371;45,27097321
-7,10368371;45,27097321
-7,09868371;45,73849487
-7,09368371;44,33900833
-7,08868371;45,73849487
-7,08368372;45,73849487
-7,07868372;46,67199326
-7,07368372;46,20447540
-7,06868372;46,20447540
-7,06368372;46,20447540
-7,05868372;45,27097321
-7,05368372;45,73849487
-7,04868372;44,80499268
-7,04368372;45,73849487
-7,03868372;44,33900833
-7,03368372;44,33900833
-7,02868372;43,87149048
-7,02368372;42,93798828
-7,01868372;43,40550613
-7,01368372;42,47200775
-7,00868372;42,00448990
-7,00368372;43,40550613
-6,99868372;42,47200775
-6,99368372;42,47200775
-6,98868372;42,47200775
-6,98368372;41,07098770
-6,97868372;42,00448990
-6,97368372;41,53850937
-6,96868372;42,47200775
-6,96368372;41,07098770
-6,95868372;40,60500717
-6,95368372;40,60500717
-6,94868372;40,13748550
-6,94368372;40,13748550
-6,93868372;40,13748550
-6,93368372;38,27048111
-6,92868372;38,73800278
-6,92368372;37,80450058
-6,91868372;38,27048111
-6,91368372;38,27048111
-6,90868372;38,27048111
-6,90368372;37,80450058
-6,89868372;38,27048111
-6,89368372;37,33697891
-6,88868372;36,87099838
-6,88368372;37,33697891
-6,87868372;37,33697891
-6,87368372;35,93749619
-6,86868372;37,33697891
-6,86368372;37,33697891
-6,85868372;36,87099838
-6,85368372;35,46997833
-6,84868372;35,93749619
-6,84368372;35,46997833
-6,83868372;35,46997833
-6,83368372;35,00399399
-6,82868372;34,53647614
-6,82368372;34,53647614
-6,81868372;34,53647614
-6,81368372;34,53647614
-6,80868372;34,07049179
-6,80368372;34,53647614
-6,79868372;34,53647614
-6,79368372;35,46997833
-6,78868372;34,07049179
-6,78368372;34,07049179
-6,77868372;33,60297775
-6,77368372;34,53647614
-6,76868372;32,66947556
-6,76368372;33,60297775
-6,75868372;34,07049179
-6,75368372;32,66947556
-6,74868372;31,73597336
-6,74368372;31,73597336
-6,73868372;30,80247116
-6,73368372;30,80247116
-6,72868372;30,33649063
-6,72368372;29,87050819
-6,71868372;29,40298843
-6,71368372;28,46948624
-6,70868372;28,00350380
-6,70368372;28,00350380
-6,69868372;27,53598404
-6,69368372;27,07000351
-6,68868373;26,13650131
-6,68368373;26,13650131
-6,67868373;25,20300102
-6,67368373;24,73548126
-6,66868373;23,80197906
-6,66368373;23,33599663
-6,65868373;22,86847687
-6,65368373;22,86847687
-6,64868373;22,40249634
-6,64368373;21,93497658
-6,63868373;21,93497658
-6,63368373;22,40249634
-6,62868373;22,40249634
-6,62368373;20,53549385
-6,61868373;21,00147629
-6,61368373;21,00147629
-6,60868373;20,53549385
-6,60368373;21,00147629
-6,59868373;20,06797409
-6,59368373;20,53549385
-6,58868373;19,60199165
-6,58368373;19,13447189
-6,57868373;19,13447189
-6,57368373;19,13447189
-6,56868373;18,20096970
-6,56368373;18,20096970
-6,55868373;16,80148888
-6,55368373;16,80148888
-6,54868373;16,80148888
-6,54368373;16,80148888
-6,53868373;16,33396912
-6,53368373;15,86798668
-6,52868373;16,80148888
-6,52368373;15,86798668
-6,51868373;15,86798668
-6,51368373;15,86798668
-6,50868373;15,86798668
-6,50368373;15,86798668
-6,49868373;15,86798668
-6,49368373;14,93448448
-6,48868373;14,46850300
-6,48368373;14,46850300
-6,47868373;14,00098324
-6,47368373;14,46850300
-6,46868373;14,93448448
-6,46368373;13,06748199
-6,45868373;13,06748199
-6,45368373;13,06748199
-6,44868373;12,60150051
-6,44368373;12,13398075
-6,43868373;12,60150051
-6,43368373;11,20047951
-6,42868373;11,20047951
-6,42368373;10,73449707
-6,41868373;10,73449707
-6,41368373;10,73449707
-6,40868373;10,26697731
-6,40368373;9,80099583
-6,39868373;9,33347607
-6,39368373;10,73449707
-6,38868373;10,73449707
-6,38368373;9,33347607
-6,37868373;9,80099583
-6,37368373;9,80099583
-6,36868373;10,73449707
-6,36368373;9,80099583
-6,35868373;9,33347607
-6,35368373;8,86749458
-6,34868373;9,33347607
-6,34368373;8,86749458
-6,33868373;9,80099583
-6,33368373;9,33347607
-6,32868373;8,86749458
-6,32368373;9,33347607
-6,31868373;9,33347607
-6,31368373;9,33347607
-6,30868373;9,33347607
-6,30368373;8,39997482
-6,29868373;9,33347607
-6,29368373;8,86749458
-6,28868374;9,33347607
-6,28368374;8,86749458
-6,27868374;8,39997482
-6,27368374;8,39997482
-6,26868374;7,46647358
-6,26368374;7,46647358
-6,25868374;6,53297186
-6,25368374;5,59947062
-6,24868374;5,13348866
-6,24368374;4,19998741
-6,23868374;4,66596889
-6,23368374;3,73246789
-6,22868374;3,73246789
-6,22368374;2,33298445
-6,21868374;1,39948320
-6,21368374;0,46598175
-6,20868374;0,00000000
-6,20368374;0,00000000
-6,19868374;-0,93196350
-6,19368374;-1,39948320
-6,18868374;-1,39948320
-6,18368374;-1,39948320
-6,17868374;-3,26648593
-6,17368374;-3,26648593
-6,16868374;-1,86546493
-6,16368374;-3,26648593
-6,15868374;-3,73246789
-6,15368374;-6,06699038
-6,14868374;-5,13348866
-6,14368374;-5,59947062
-6,13868374;-4,66596889
-6,13368374;-6,06699038
-6,12868374;-7,00049162
-6,12368374;-7,00049162
-6,11868374;-7,00049162
-6,11368374;-6,53297186
-6,10868374;-6,53297186
-6,10368374;-5,13348866
-6,09868374;-5,59947062
-6,09368374;-5,59947062
-6,08868374;-4,66596889
-6,08368374;-4,19998741
-6,07868374;-3,73246789
-6,07368374;-3,73246789
-6,06868374;-3,26648593
-6,06368374;-2,79896641
-6,05868374;-2,79896641
-6,05368374;-2,33298445
-6,04868374;-3,73246789
-6,04368374;-4,19998741
-6,03868374;-4,19998741
-6,03368374;-5,13348866
-6,02868374;-6,06699038
-6,02368374;-7,00049162
-6,01868374;-7,46647358
-6,01368374;-7,93399334
-6,00868374;-7,93399334
-6,00368374;-8,86749458
-5,99868374;-9,33347607
-5,99368374;-8,39997482
-5,98868374;-8,39997482
-5,98368374;-8,86749458
-5,97868374;-9,80099583
-5,97368374;-8,39997482
-5,96868374;-9,33347607
-5,96368374;-7,93399334
-5,95868374;-8,39997482
-5,95368374;-7,93399334
-5,94868374;-7,93399334
-5,94368374;-7,46647358
-5,93868374;-7,00049162
-5,93368374;-7,46647358
-5,92868374;-7,00049162
-5,92368374;-7,46647358
-5,91868374;-7,00049162
-5,91368374;-7,46647358
-5,90868374;-7,00049162
-5,90368374;-7,46647358
-5,89868374;-7,00049162
-5,89368375;-22,40249634
-5,88868375;-6,53297186
-5,88368375;-6,53297186
-5,87868375;-5,59947062
-5,87368375;-6,53297186
-5,86868375;-5,13348866
-5,86368375;-7,00049162
-5,85868375;-4,66596889
-5,85368375;-5,13348866
-5,84868375;-5,13348866
-5,84368375;-6,06699038
-5,83868375;-7,00049162
-5,83368375;-5,13348866
-5,82868375;-5,59947062
-5,82368375;-5,13348866
-5,81868375;-5,59947062
-5,81368375;-6,06699038
-5,80868375;-6,06699038
-5,80368375;-6,06699038
-5,79868375;-5,13348866
-5,79368375;-5,13348866
-5,78868375;-6,06699038
-5,78368375;-4,66596889
-5,77868375;-6,53297186
-5,77368375;-5,13348866
-5,76868375;-7,93399334
-5,76368375;-5,59947062
-5,75868375;-5,13348866
-5,75368375;-6,53297186
-5,74868375;-6,06699038
-5,74368375;-6,06699038
-5,73868375;-5,59947062
-5,73368375;-7,46647358
-5,72868375;-7,46647358
-5,72368375;-7,00049162
-5,71868375;-8,39997482
-5,71368375;-7,93399334
-5,70868375;-8,86749458
-5,70368375;-9,80099583
-5,69868375;-9,80099583
-5,69368375;-10,26697731
-5,68868375;-10,26697731
-5,68368375;-11,20047951
-5,67868375;-12,13398075
-5,67368375;-12,13398075
-5,66868375;-12,60150051
-5,66368375;-13,06748199
-5,65868375;-14,93448448
-5,65368375;-14,00098324
-5,64868375;-14,00098324
-5,64368375;-13,06748199
-5,63868375;-14,00098324
-5,63368375;-15,86798668
-5,62868375;-14,00098324
-5,62368375;-14,46850300
-5,61868375;-13,53500175
-5,61368375;-13,53500175
-5,60868375;-13,53500175
-5,60368375;-14,00098324
-5,59868375;-13,53500175
-5,59368375;-13,06748199
-5,58868375;-13,53500175
-5,58368375;-12,60150051
-5,57868375;-14,46850300
-5,57368375;-12,60150051
-5,56868375;-14,93448448
-5,56368375;-14,00098324
-5,55868375;-14,00098324
-5,55368375;-13,53500175
-5,54868375;-14,46850300
-5,54368375;-15,40046692
-5,53868375;-15,40046692
-5,53368375;-15,86798668
-5,52868375;-17,26746941
-5,52368375;-16,80148888
-5,51868375;-18,20096970
-5,51368375;-16,80148888
-5,50868375;-17,26746941
-5,50368375;-16,80148888
-5,49868376;-18,66848946
-5,49368376;-17,26746941
-5,48868376;-16,80148888
-5,48368376;-17,73498917
-5,47868376;-16,33396912
-5,47368376;-15,86798668
-5,46868376;-15,86798668
-5,46368376;-15,86798668
-5,45868376;-15,86798668
-5,45368376;-11,66799831
-5,44868376;-16,33396912
-5,44368376;-16,80148888
-5,43868376;-16,33396912
-5,43368376;-16,80148888
-5,42868376;-17,26746941
-5,42368376;-18,20096970
-5,41868376;-17,73498917
-5,41368376;-17,73498917
-5,40868376;-17,73498917
-5,40368376;-17,73498917
-5,39868376;-17,73498917
-5,39368376;-17,73498917
-5,38868376;-16,80148888
-5,38368376;-17,73498917
-5,37868376;-16,33396912
-5,37368376;-16,80148888
-5,36868376;-16,33396912
-5,36368376;-15,86798668
-5,35868376;-14,93448448
-5,35368376;-15,86798668
-5,34868376;-14,46850300
-5,34368376;-14,46850300
-5,33868376;-13,53500175
-5,33368376;-12,13398075
-5,32868376;-13,53500175
-5,32368376;-13,53500175
-5,31868376;-13,53500175
-5,31368376;-13,06748199
-5,30868376;-13,06748199
-5,30368376;-13,06748199
-5,29868376;-14,00098324
-5,29368376;-14,00098324
-5,28868376;-14,46850300
-5,28368376;-10,26697731
-5,27868376;-14,93448448
-5,27368376;-14,46850300
-5,26868376;-15,40046692
-5,26368376;-14,93448448
-5,25868376;-15,40046692
-5,25368376;-16,33396912
-5,24868376;-15,40046692
-5,24368376;-15,86798668
-5,23868376;-15,86798668
-5,23368376;-19,13447189
-5,22868376;-16,33396912
-5,22368376;-17,26746941
-5,21868376;-17,26746941
-5,21368376;-17,73498917
-5,20868376;-17,26746941
-5,20368376;-17,26746941
-5,19868376;-17,26746941
-5,19368376;-16,80148888
-5,18868376;-16,80148888
-5,18368376;-16,80148888
-5,17868376;-15,40046692
-5,17368376;-15,40046692
-5,16868376;-15,86798668
-5,16368376;-15,40046692
-5,15868376;-15,40046692
-5,15368376;-14,93448448
-5,14868376;-14,93448448
-5,14368376;-14,46850300
-5,13868376;-14,93448448
-5,13368376;-14,46850300
-5,12868376;-13,53500175
-5,12368376;-14,46850300
-5,11868376;-14,00098324
-5,11368376;-13,06748199
-5,10868376;-13,53500175
-5,10368377;-13,06748199
-5,09868377;-13,53500175
-5,09368377;-12,60150051
-5,08868377;-12,60150051
-5,08368377;-12,60150051
-5,07868377;-12,13398075
-5,07368377;-12,13398075
-5,06868377;-11,66799831
-5,06368377;-12,60150051
-5,05868377;-11,66799831
-5,05368377;-11,66799831
-5,04868377;-11,66799831
-5,04368377;-11,20047951
-5,03868377;-11,66799831
-5,03368377;-10,73449707
-5,02868377;-10,73449707
-5,02368377;-10,73449707
-5,01868377;-10,73449707
-5,01368377;-10,73449707
-5,00868377;-10,26697731
-5,00368377;-9,80099583
-4,99868377;-10,26697731
-4,99368377;-11,66799831
-4,98868377;-9,80099583
-4,98368377;-9,33347607
-4,97868377;-9,33347607
-4,97368377;-8,86749458
-4,96868377;-10,73449707
-4,96368377;-9,80099583
-4,95868377;-9,80099583
-4,95368377;-11,66799831
-4,94868377;-11,20047951
-4,94368377;-10,73449707
-4,93868377;-11,20047951
-4,93368377;-12,60150051
-4,92868377;-12,13398075
-4,92368377;-12,60150051
-4,91868377;-11,66799831
-4,91368377;-12,60150051
-4,90868377;-11,66799831
-4,90368377;-11,66799831
-4,89868377;-11,66799831
-4,89368377;-11,66799831
-4,88868377;-11,20047951
-4,88368377;-11,66799831
-4,87868377;-10,26697731
-4,87368377;-9,80099583
-4,86868377;-10,26697731
-4,86368377;-10,26697731
-4,85868377;-9,80099583
-4,85368377;-10,26697731
-4,84868377;-10,73449707
-4,84368377;-10,73449707
-4,83868377;-11,20047951
-4,83368377;-11,66799831
-4,82868377;-11,66799831
-4,82368377;-12,13398075
-4,81868377;-13,06748199
-4,81368377;-12,60150051
-4,80868377;-13,53500175
-4,80368377;-14,00098324
-4,79868377;-13,06748199
-4,79368377;-14,00098324
-4,78868377;-13,06748199
-4,78368377;-14,46850300
-4,77868377;-13,06748199
-4,77368377;-13,53500175
-4,76868377;-12,13398075
-4,76368377;-12,60150051
-4,75868377;-12,60150051
-4,75368377;-12,13398075
-4,74868377;-12,13398075
-4,74368377;-12,13398075
-4,73868377;-11,66799831
-4,73368377;-12,13398075
-4,72868377;-12,60150051
-4,72368377;-12,60150051
-4,71868377;-12,13398075
-4,71368377;-12,13398075
-4,70868378;-13,06748199
-4,70368378;-14,00098324
-4,69868378;-13,06748199
-4,69368378;-12,60150051
-4,68868378;-13,06748199
-4,68368378;-13,06748199
-4,67868378;-13,53500175
-4,67368378;-12,60150051
-4,66868378;-11,20047951
-4,66368378;-12,13398075
-4,65868378;-11,66799831
-4,65368378;-10,73449707
-4,64868378;-9,80099583
-4,64368378;-10,26697731
-4,63868378;-9,80099583
-4,63368378;-9,80099583
-4,62868378;-9,33347607
-4,62368378;-9,33347607
-4,61868378;-8,39997482
-4,61368378;-8,86749458
-4,60868378;-7,93399334
-4,60368378;-8,86749458
-4,59868378;-9,33347607
-4,59368378;-8,39997482
-4,58868378;-8,86749458
-4,58368378;-8,39997482
-4,57868378;-8,86749458
-4,57368378;-7,93399334
-4,56868378;-7,46647358
-4,56368378;-8,39997482
-4,55868378;-7,46647358
-4,55368378;-7,00049162
-4,54868378;-7,46647358
-4,54368378;-8,39997482
-4,53868378;-7,93399334
-4,53368378;-8,86749458
-4,52868378;-8,86749458
-4,52368378;-7,93399334
-4,51868378;-8,39997482
-4,51368378;-8,39997482
-4,50868378;-8,39997482
-4,50368378;-8,39997482
-4,49868378;-7,46647358
-4,49368378;-8,39997482
-4,48868378;-8,86749458
-4,48368378;-8,86749458
-4,47868378;-8,39997482
-4,47368378;-8,86749458
-4,46868378;-8,39997482
-4,46368378;-8,86749458
-4,45868378;-7,93399334
-4,45368378;-7,93399334
-4,44868378;-7,93399334
-4,44368378;-8,86749458
-4,43868378;-8,39997482
-4,43368378;-8,86749458
-4,42868378;-8,39997482
-4,42368378;-8,39997482
-4,41868378;-9,33347607
-4,41368378;-8,39997482
-4,40868378;-9,80099583
-4,40368378;-10,73449707
-4,39868378;-8,86749458
-4,39368378;-9,33347607
-4,38868378;-10,26697731
-4,38368378;-11,66799831
-4,37868378;-10,26697731
-4,37368378;-11,20047951
-4,36868378;-10,26697731
-4,36368378;-11,66799831
-4,35868378;-11,66799831
-4,35368378;-11,66799831
-4,34868378;-11,66799831
-4,34368378;-11,66799831
-4,33868378;-12,13398075
-4,33368378;-12,13398075
-4,32868378;-12,13398075
-4,32368378;-12,13398075
-4,31868378;-12,13398075
-4,31368379;-12,13398075
-4,30868379;-12,60150051
-4,30368379;-12,60150051
-4,29868379;-12,13398075
-4,29368379;-13,06748199
-4,28868379;-12,13398075
-4,28368379;-13,06748199
-4,27868379;-13,53500175
-4,27368379;-13,06748199
-4,26868379;-12,60150051
-4,26368379;-13,53500175
-4,25868379;-13,53500175
-4,25368379;-14,00098324
-4,24868379;-13,06748199
-4,24368379;-14,00098324
-4,23868379;-13,53500175
-4,23368379;-14,00098324
-4,22868379;-13,53500175
-4,22368379;-13,06748199
-4,21868379;-14,00098324
-4,21368379;-13,06748199
-4,20868379;-13,53500175
-4,20368379;-12,60150051
-4,19868379;-13,06748199
-4,19368379;-11,66799831
-4,18868379;-9,80099583
-4,18368379;-10,26697731
-4,17868379;-8,39997482
-4,17368379;-7,46647358
-4,16868379;-5,59947062
-4,16368379;-7,00049162
-4,15868379;-4,66596889
-4,15368379;-4,66596889
-4,14868379;-3,73246789
-4,14368379;-3,73246789
-4,13868379;-4,19998741
-4,13368379;-3,73246789
-4,12868379;-4,66596889
-4,12368379;-4,66596889
-4,11868379;-5,59947062
-4,11368379;-6,06699038
-4,10868379;-6,06699038
-4,10368379;-6,53297186
-4,09868379;-7,46647358
-4,09368379;-7,00049162
-4,08868379;-7,00049162
-4,08368379;-6,53297186
-4,07868379;-7,00049162
-4,07368379;-5,59947062
-4,06868379;-7,46647358
-4,06368379;-5,59947062
-4,05868379;-5,13348866
-4,05368379;-5,13348866
-4,04868379;-5,13348866
-4,04368379;-4,66596889
-4,03868379;-3,73246789
-4,03368379;-4,66596889
-4,02868379;-3,26648593
-4,02368379;-4,19998741
-4,01868379;-4,66596889
-4,01368379;-3,73246789
-4,00868379;-3,26648593
-4,00368379;-3,73246789
-3,99868379;-3,73246789
-3,99368379;-3,26648593
-3,98868379;-2,33298445
-3,98368379;-2,33298445
-3,97868379;-2,33298445
-3,97368379;-1,39948320
-3,96868379;-1,86546493
-3,96368379;-2,33298445
-3,95868379;-1,39948320
-3,95368379;0,46598175
-3,94868379;-0,93196350
-3,94368379;-0,93196350
-3,93868379;-0,46598175
-3,93368379;-0,46598175
-3,92868379;-0,46598175
-3,92368379;-1,39948320
-3,91868379;0,46598175
-3,91368380;0,46598175
-3,90868380;0,46598175
-3,90368380;0,46598175
-3,89868380;0,93196350
-3,89368380;1,39948320
-3,88868380;1,86546493
-3,88368380;1,86546493
-3,87868380;3,73246789
-3,87368380;3,73246789
-3,86868380;4,19998741
-3,86368380;4,19998741
-3,85868380;5,13348866
-3,85368380;5,13348866
-3,84868380;5,13348866
-3,84368380;6,06699038
-3,83868380;6,06699038
-3,83368380;4,66596889
-3,82868380;6,53297186
-3,82368380;6,53297186
-3,81868380;7,00049162
-3,81368380;6,06699038
-3,80868380;7,00049162
-3,80368380;6,06699038
-3,79868380;7,00049162
-3,79368380;7,46647358
-3,78868380;6,53297186
-3,78368380;6,53297186
-3,77868380;6,53297186
-3,77368380;6,53297186
-3,76868380;7,00049162
-3,76368380;7,00049162
-3,75868380;7,00049162
-3,75368380;6,53297186
-3,74868380;5,59947062
-3,74368380;6,53297186
-3,73868380;7,00049162
-3,73368380;5,13348866
-3,72868380;6,53297186
-3,72368380;6,53297186
-3,71868380;6,06699038
-3,71368380;6,53297186
-3,70868380;6,53297186
-3,70368380;7,46647358
-3,69868380;7,93399334
-3,69368380;6,53297186
-3,68868380;7,93399334
-3,68368380;7,46647358
-3,67868380;7,46647358
-3,67368380;7,46647358
-3,66868380;7,00049162
-3,66368380;6,06699038
-3,65868380;6,06699038
-3,65368380;6,53297186
-3,64868380;6,06699038
-3,64368380;5,13348866
-3,63868380;5,59947062
-3,63368380;4,66596889
-3,62868380;3,73246789
-3,62368380;3,26648593
-3,61868380;3,26648593
-3,61368380;4,19998741
-3,60868380;3,73246789
-3,60368380;3,26648593
-3,59868380;3,26648593
-3,59368380;2,33298445
-3,58868380;3,26648593
-3,58368380;2,79896641
-3,57868380;4,19998741
-3,57368380;2,79896641
-3,56868380;1,86546493
-3,56368380;2,33298445
-3,55868380;1,39948320
-3,55368380;1,39948320
-3,54868380;1,86546493
-3,54368380;0,93196350
-3,53868380;0,46598175
-3,53368380;0,93196350
-3,52868380;0,46598175
-3,52368380;0,93196350
-3,51868381;0,46598175
-3,51368381;0,93196350
-3,50868381;0,46598175
-3,50368381;-0,46598175
-3,49868381;0,46598175
-3,49368381;0,93196350
-3,48868381;0,93196350
-3,48368381;0,93196350
-3,47868381;2,33298445
-3,47368381;1,86546493
-3,46868381;2,33298445
-3,46368381;2,79896641
-3,45868381;3,73246789
-3,45368381;4,19998741
-3,44868381;4,66596889
-3,44368381;4,19998741
-3,43868381;6,53297186
-3,43368381;6,06699038
-3,42868381;6,53297186
-3,42368381;7,00049162
-3,41868381;7,00049162
-3,41368381;7,00049162
-3,40868381;7,00049162
-3,40368381;7,46647358
-3,39868381;7,93399334
-3,39368381;7,00049162
-3,38868381;7,93399334
-3,38368381;7,00049162
-3,37868381;7,46647358
-3,37368381;5,59947062
-3,36868381;3,73246789
-3,36368381;6,06699038
-3,35868381;4,66596889
-3,35368381;4,66596889
-3,34868381;3,73246789
-3,34368381;2,79896641
-3,33868381;3,73246789
-3,33368381;2,79896641
-3,32868381;2,79896641
-3,32368381;1,86546493
-3,31868381;1,86546493
-3,31368381;1,39948320
-3,30868381;2,79896641
-3,30368381;2,33298445
-3,29868381;1,39948320
-3,29368381;1,86546493
-3,28868381;2,33298445
-3,28368381;2,79896641
-3,27868381;3,73246789
-3,27368381;3,26648593
-3,26868381;4,66596889
-3,26368381;5,59947062
-3,25868381;5,59947062
-3,25368381;6,06699038
-3,24868381;5,59947062
-3,24368381;6,53297186
-3,23868381;6,53297186
-3,23368381;6,06699038
-3,22868381;6,53297186
-3,22368381;5,59947062
-3,21868381;6,06699038
-3,21368381;5,59947062
-3,20868381;6,53297186
-3,20368381;5,13348866
-3,19868381;5,13348866
-3,19368381;5,13348866
-3,18868381;4,19998741
-3,18368381;4,66596889
-3,17868381;5,13348866
-3,17368381;4,66596889
-3,16868381;6,06699038
-3,16368381;6,06699038
-3,15868381;5,59947062
-3,15368381;5,59947062
-3,14868381;5,59947062
-3,14368381;5,59947062
-3,13868381;6,06699038
-3,13368381;6,06699038
-3,12868381;5,59947062
-3,12368382;5,13348866
-3,11868382;5,59947062
-3,11368382;5,13348866
-3,10868382;4,66596889
-3,10368382;4,19998741
-3,09868382;4,66596889
-3,09368382;3,73246789
-3,08868382;3,73246789
-3,08368382;3,26648593
-3,07868382;3,26648593
-3,07368382;1,86546493
-3,06868382;2,33298445
-3,06368382;1,86546493
-3,05868382;2,79896641
-3,05368382;0,93196350
-3,04868382;0,93196350
-3,04368382;0,46598175
-3,03868382;0,46598175
-3,03368382;-0,46598175
-3,02868382;-0,46598175
-3,02368382;-0,93196350
-3,01868382;-1,86546493
-3,01368382;-1,39948320
-3,00868382;-1,39948320
-3,00368382;-1,86546493
-2,99868382;-1,86546493
-2,99368382;-0,93196350
-2,98868382;-2,33298445
-2,98368382;-0,93196350
-2,97868382;-0,46598175
-2,97368382;-1,39948320
-2,96868382;-0,46598175
-2,96368382;0,00000000
-2,95868382;0,00000000
-2,95368382;-0,46598175
-2,94868382;0,00000000
-2,94368382;-0,46598175
-2,93868382;-0,46598175
-2,93368382;0,00000000
-2,92868382;-0,93196350
-2,92368382;-1,39948320
-2,91868382;-0,93196350
-2,91368382;-1,39948320
-2,90868382;-1,86546493
-2,90368382;-2,33298445
-2,89868382;-1,86546493
-2,89368382;-3,26648593
-2,88868382;-2,33298445
-2,88368382;-3,26648593
-2,87868382;-3,73246789
-2,87368382;-2,79896641
-2,86868382;-2,79896641
-2,86368382;-4,19998741
-2,85868382;-3,73246789
-2,85368382;-3,73246789
-2,84868382;-2,33298445
-2,84368382;-3,73246789
-2,83868382;-2,79896641
-2,83368382;-2,79896641
-2,82868382;-3,26648593
-2,82368382;-1,86546493
-2,81868382;-2,33298445
-2,81368382;-3,26648593
-2,80868382;-2,79896641
-2,80368382;-2,33298445
-2,79868382;-1,86546493
-2,79368382;-1,86546493
-2,78868382;-1,39948320
-2,78368382;-1,39948320
-2,77868382;-1,39948320
-2,77368382;-0,93196350
-2,76868382;-1,39948320
-2,76368382;-1,39948320
-2,75868382;-0,46598175
-2,75368382;0,46598175
-2,74868382;-1,39948320
-2,74368382;-1,39948320
-2,73868382;-0,93196350
-2,73368382;-1,39948320
-2,72868383;-1,86546493
-2,72368383;-0,46598175
-2,71868383;-1,39948320
-2,71368383;-1,39948320
-2,70868383;-1,39948320
-2,70368383;-0,93196350
-2,69868383;-0,46598175
-2,69368383;-1,86546493
-2,68868383;-1,39948320
-2,68368383;-1,39948320
-2,67868383;-1,86546493
-2,67368383;-1,39948320
-2,66868383;-1,39948320
-2,66368383;-0,93196350
-2,65868383;-0,93196350
-2,65368383;-1,39948320
-2,64868383;-1,39948320
-2,64368383;-1,86546493
-2,63868383;-1,39948320
-2,63368383;-1,86546493
-2,62868383;-1,39948320
-2,62368383;-2,79896641
-2,61868383;-1,86546493
-2,61368383;-1,86546493
-2,60868383;-1,86546493
-2,60368383;-2,33298445
-2,59868383;-2,33298445
-2,59368383;-2,79896641
-2,58868383;-3,26648593
-2,58368383;-4,19998741
-2,57868383;-3,73246789
-2,57368383;-2,33298445
-2,56868383;-4,19998741
-2,56368383;-3,26648593
-2,55868383;-3,73246789
-2,55368383;-4,19998741
-2,54868383;-3,73246789
-2,54368383;-3,26648593
-2,53868383;-4,19998741
-2,53368383;-4,19998741
-2,52868383;-3,26648593
-2,52368383;-4,66596889
-2,51868383;-4,19998741
-2,51368383;-4,66596889
-2,50868383;-4,66596889
-2,50368383;-5,13348866
-2,49868383;-5,13348866
-2,49368383;-5,13348866
-2,48868383;-7,00049162
-2,48368383;-6,53297186
-2,47868383;-6,06699038
-2,47368383;-6,06699038
-2,46868383;-5,59947062
-2,46368383;-7,46647358
-2,45868383;-6,06699038
-2,45368383;-6,53297186
-2,44868383;6,53297186
-2,44368383;-6,06699038
-2,43868383;-6,06699038
-2,43368383;-6,06699038
-2,42868383;-6,06699038
-2,42368383;-7,00049162
-2,41868383;-7,93399334
-2,41368383;-7,93399334
-2,40868383;-7,00049162
-2,40368383;-7,46647358
-2,39868383;-8,39997482
-2,39368383;-8,86749458
-2,38868383;-9,33347607
-2,38368383;-9,80099583
-2,37868383;-10,73449707
-2,37368383;-9,80099583
-2,36868383;-10,73449707
-2,36368383;-10,26697731
-2,35868383;-10,26697731
-2,35368383;-9,33347607
-2,34868383;-9,80099583
-2,34368383;-10,73449707
-2,33868383;-9,80099583
-2,33368384;-10,73449707
-2,32868384;-10,26697731
-2,32368384;-10,26697731
-2,31868384;-9,80099583
-2,31368384;-10,26697731
-2,30868384;-10,26697731
-2,30368384;-11,20047951
-2,29868384;-10,26697731
-2,29368384;-11,66799831
-2,28868384;-10,26697731
-2,28368384;-10,26697731
-2,27868384;-9,80099583
-2,27368384;-10,26697731
-2,26868384;-8,86749458
-2,26368384;-8,86749458
-2,25868384;-8,39997482
-2,25368384;-7,93399334
-2,24868384;-7,46647358
-2,24368384;-7,46647358
-2,23868384;-6,53297186
-2,23368384;-7,46647358
-2,22868384;-7,46647358
-2,22368384;-7,93399334
-2,21868384;-7,93399334
-2,21368384;-8,86749458
-2,20868384;-9,33347607
-2,20368384;-10,73449707
-2,19868384;-9,33347607
-2,19368384;-10,73449707
-2,18868384;-10,26697731
-2,18368384;-10,73449707
-2,17868384;-10,73449707
-2,17368384;-10,73449707
-2,16868384;-10,26697731
-2,16368384;-10,73449707
-2,15868384;-9,80099583
-2,15368384;-9,80099583
-2,14868384;-10,26697731
-2,14368384;-8,39997482
-2,13868384;-8,39997482
-2,13368384;-7,93399334
-2,12868384;-8,86749458
-2,12368384;-8,39997482
-2,11868384;-7,93399334
-2,11368384;-7,93399334
-2,10868384;-7,46647358
-2,10368384;-7,46647358
-2,09868384;-7,00049162
-2,09368384;-7,46647358
-2,08868384;-7,46647358
-2,08368384;-7,93399334
-2,07868384;-7,46647358
-2,07368384;-7,00049162
-2,06868384;-7,00049162
-2,06368384;-6,06699038
-2,05868384;-6,53297186
-2,05368384;-6,06699038
-2,04868384;-5,59947062
-2,04368384;-6,06699038
-2,03868384;-6,06699038
-2,03368384;-5,59947062
-2,02868384;-5,59947062
-2,02368384;-7,00049162
-2,01868384;-6,53297186
-2,01368384;-7,00049162
-2,00868384;-6,53297186
-2,00368384;-7,00049162
-1,99868384;-6,53297186
-1,99368384;-6,06699038
-1,98868384;-6,06699038
-1,98368384;-6,06699038
-1,97868384;-5,59947062
-1,97368384;-5,13348866
-1,96868384;-7,00049162
-1,96368384;-6,53297186
-1,95868384;-4,19998741
-1,95368384;-5,59947062
-1,94868384;-5,59947062
-1,94368384;-4,66596889
-1,93868385;-5,13348866
-1,93368385;-6,06699038
-1,92868385;-5,13348866
-1,92368385;-5,13348866
-1,91868385;-6,53297186
-1,91368385;-7,00049162
-1,90868385;-6,53297186
-1,90368385;-7,00049162
-1,89868385;-7,93399334
-1,89368385;-8,39997482
-1,88868385;-8,86749458
-1,88368385;-9,33347607
-1,87868385;-8,86749458
-1,87368385;-9,33347607
-1,86868385;-9,33347607
-1,86368385;-9,33347607
-1,85868385;-9,33347607
-1,85368385;-10,26697731
-1,84868385;-10,26697731
-1,84368385;-11,20047951
-1,83868385;-11,20047951
-1,83368385;-10,73449707
-1,82868385;-10,73449707
-1,82368385;-11,20047951
-1,81868385;-10,73449707
-1,81368385;-11,66799831
-1,80868385;-11,66799831
-1,80368385;-11,66799831
-1,79868385;-11,66799831
-1,79368385;-12,13398075
-1,78868385;-10,73449707
-1,78368385;-11,66799831
-1,77868385;-10,73449707
-1,77368385;-11,66799831
-1,76868385;-11,66799831
-1,76368385;-11,66799831
-1,75868385;-12,60150051
-1,75368385;-12,60150051
-1,74868385;-12,13398075
-1,74368385;-13,06748199
-1,73868385;-14,93448448
-1,73368385;-14,93448448
-1,72868385;-14,46850300
-1,72368385;-15,86798668
-1,71868385;-14,93448448
-1,71368385;-15,86798668
-1,70868385;-15,86798668
-1,70368385;-16,33396912
-1,69868385;-16,80148888
-1,69368385;-16,80148888
-1,68868385;-17,26746941
-1,68368385;-17,73498917
-1,67868385;-18,20096970
-1,67368385;-17,73498917
-1,66868385;-17,73498917
-1,66368385;-17,26746941
-1,65868385;-15,86798668
-1,65368385;-18,20096970
-1,64868385;-17,73498917
-1,64368385;-18,20096970
-1,63868385;-18,20096970
-1,63368385;-17,73498917
-1,62868385;-18,20096970
-1,62368385;-18,20096970
-1,61868385;-18,66848946
-1,61368385;-20,06797409
-1,60868385;-18,66848946
-1,60368385;-18,66848946
-1,59868385;-19,60199165
-1,59368385;-19,13447189
-1,58868385;-19,13447189
-1,58368385;-19,13447189
-1,57868385;-19,60199165
-1,57368385;-19,13447189
-1,56868385;-18,66848946
-1,56368385;-17,73498917
-1,55868385;-17,26746941
-1,55368385;-17,26746941
-1,54868385;-16,33396912
-1,54368385;-16,33396912
-1,53868386;-15,40046692
-1,53368386;-16,33396912
-1,52868386;-14,46850300
-1,52368386;-14,46850300
-1,51868386;-13,53500175
-1,51368386;-13,06748199
-1,50868386;-12,60150051
-1,50368386;-13,06748199
-1,49868386;-12,60150051
-1,49368386;-13,06748199
-1,48868386;-14,00098324
-1,48368386;-13,53500175
-1,47868386;-13,06748199
-1,47368386;-13,53500175
-1,46868386;-13,53500175
-1,46368386;-14,00098324
-1,45868386;-13,53500175
-1,45368386;-13,53500175
-1,44868386;-13,53500175
-1,44368386;-14,00098324
-1,43868386;-13,06748199
-1,43368386;-14,46850300
-1,42868386;-13,06748199
-1,42368386;-13,06748199
-1,41868386;-13,06748199
-1,41368386;-13,06748199
-1,40868386;-12,13398075
-1,40368386;-13,06748199
-1,39868386;-12,60150051
-1,39368386;-12,60150051
-1,38868386;-12,13398075
-1,38368386;-12,60150051
-1,37868386;-12,13398075
-1,37368386;-12,60150051
-1,36868386;-12,60150051
-1,36368386;-12,13398075
-1,35868386;-12,13398075
-1,35368386;-12,13398075
-1,34868386;-10,73449707
-1,34368386;-10,73449707
-1,33868386;-9,80099583
-1,33368386;-9,33347607
-1,32868386;-7,93399334
-1,32368386;-8,86749458
-1,31868386;-8,39997482
-1,31368386;-7,93399334
-1,30868386;-7,46647358
-1,30368386;-8,86749458
-1,29868386;-7,46647358
-1,29368386;-8,86749458
-1,28868386;-8,39997482
-1,28368386;-9,33347607
-1,27868386;-8,86749458
-1,27368386;-9,33347607
-1,26868386;-9,80099583
-1,26368386;-10,26697731
-1,25868386;-8,86749458
-1,25368386;-10,26697731
-1,24868386;-9,80099583
-1,24368386;-10,26697731
-1,23868386;-9,80099583
-1,23368386;-9,33347607
-1,22868386;-9,33347607
-1,22368386;-8,39997482
-1,21868386;-8,39997482
-1,21368386;-8,39997482
-1,20868386;-8,39997482
-1,20368386;-7,93399334
-1,19868386;-8,39997482
-1,19368386;-8,86749458
-1,18868386;-7,93399334
-1,18368386;-7,93399334
-1,17868386;-8,39997482
-1,17368386;-8,39997482
-1,16868386;-8,86749458
-1,16368386;-7,46647358
-1,15868386;-7,93399334
-1,15368386;-9,33347607
-1,14868386;-10,26697731
-1,14368387;-9,33347607
-1,13868387;-8,86749458
-1,13368387;-9,80099583
-1,12868387;-9,33347607
-1,12368387;-10,26697731
-1,11868387;-10,73449707
-1,11368387;-9,33347607
-1,10868387;-9,33347607
-1,10368387;-9,33347607
-1,09868387;-9,33347607
-1,09368387;-9,33347607
-1,08868387;-8,86749458
-1,08368387;-9,33347607
-1,07868387;-8,39997482
-1,07368387;-7,46647358
-1,06868387;-7,00049162
-1,06368387;-7,00049162
-1,05868387;-6,53297186
-1,05368387;-6,06699038
-1,04868387;-6,06699038
-1,04368387;-5,13348866
-1,03868387;-5,13348866
-1,03368387;-4,66596889
-1,02868387;-6,06699038
-1,02368387;-5,13348866
-1,01868387;-5,13348866
-1,01368387;-5,59947062
-1,00868387;-4,66596889
-1,00368387;-6,06699038
-0,99868387;-6,53297186
-0,99368387;-7,00049162
-0,98868387;-5,59947062
-0,98368387;-6,53297186
-0,97868387;-7,00049162
-0,97368387;-7,00049162
-0,96868387;-7,00049162
-0,96368387;-7,46647358
-0,95868387;-6,53297186
-0,95368387;-8,39997482
-0,94868387;-7,46647358
-0,94368387;-7,93399334
-0,93868387;-7,00049162
-0,93368387;-7,00049162
-0,92868387;-6,53297186
-0,92368387;-7,00049162
-0,91868387;-6,53297186
-0,91368387;-6,53297186
-0,90868387;-6,06699038
-0,90368387;-6,53297186
-0,89868387;-6,06699038
-0,89368387;-5,59947062
-0,88868387;-5,13348866
-0,88368387;-6,06699038
-0,87868387;-5,13348866
-0,87368387;-4,66596889
-0,86868387;-4,19998741
-0,86368387;-4,66596889
-0,85868387;-5,13348866
-0,85368387;-3,26648593
-0,84868387;-4,66596889
-0,84368387;-5,59947062
-0,83868387;-4,19998741
-0,83368387;-5,13348866
-0,82868387;-4,66596889
-0,82368387;-4,66596889
-0,81868387;-4,66596889
-0,81368387;-5,13348866
-0,80868387;-5,13348866
-0,80368387;-4,19998741
-0,79868387;-4,19998741
-0,79368387;-4,66596889
-0,78868387;-4,66596889
-0,78368387;-5,13348866
-0,77868387;-4,19998741
-0,77368387;-4,19998741
-0,76868387;-2,79896641
-0,76368387;-2,79896641
-0,75868387;-2,79896641
-0,75368387;-3,26648593
-0,74868388;-1,86546493
-0,74368388;-1,86546493
-0,73868388;-1,39948320
-0,73368388;-1,86546493
-0,72868388;-1,86546493
-0,72368388;-2,33298445
-0,71868388;-1,86546493
-0,71368388;-2,33298445
-0,70868388;-2,33298445
-0,70368388;-1,86546493
-0,69868388;-1,86546493
-0,69368388;-1,86546493
-0,68868388;-2,33298445
-0,68368388;-2,33298445
-0,67868388;-2,79896641
-0,67368388;-2,79896641
-0,66868388;-2,33298445
-0,66368388;-2,79896641
-0,65868388;-2,33298445
-0,65368388;-2,33298445
-0,64868388;-2,33298445
-0,64368388;-2,33298445
-0,63868388;-1,86546493
-0,63368388;-2,33298445
-0,62868388;-1,86546493
-0,62368388;-1,86546493
-0,61868388;-0,93196350
-0,61368388;-5,13348866
-0,60868388;-1,86546493
-0,60368388;-2,33298445
-0,59868388;-1,39948320
-0,59368388;-1,39948320
-0,58868388;-1,86546493
-0,58368388;-1,86546493
-0,57868388;-1,86546493
-0,57368388;-1,86546493
-0,56868388;-1,39948320
-0,56368388;-1,86546493
-0,55868388;-2,33298445
-0,55368388;-2,33298445
-0,54868388;-3,26648593
-0,54368388;-1,39948320
-0,53868388;-2,33298445
-0,53368388;-1,86546493
-0,52868388;-2,33298445
-0,52368388;-2,33298445
-0,51868388;-2,79896641
-0,51368388;-2,79896641
-0,50868388;-2,79896641
-0,50368388;-2,79896641
-0,49868388;-2,79896641
-0,49368388;-4,19998741
-0,48868388;-4,66596889
-0,48368388;-4,19998741
-0,47868388;-4,19998741
-0,47368388;-5,59947062
-0,46868388;-5,59947062
-0,46368388;-6,06699038
-0,45868388;-6,53297186
-0,45368388;-7,00049162
-0,44868388;-7,00049162
-0,44368388;-7,46647358
-0,43868388;-7,93399334
-0,43368388;-7,93399334
-0,42868388;-7,93399334
-0,42368388;-7,93399334
-0,41868388;-8,39997482
-0,41368388;-7,93399334
-0,40868388;-7,93399334
-0,40368388;-8,86749458
-0,39868388;-9,33347607
-0,39368388;-8,39997482
-0,38868388;-8,86749458
-0,38368388;-8,86749458
-0,37868388;-7,93399334
-0,37368388;-8,39997482
-0,36868388;-7,93399334
-0,36368388;-7,46647358
-0,35868388;-6,06699038
-0,35368389;-6,06699038
-0,34868389;-5,59947062
-0,34368389;-13,53500175
-0,33868389;-3,73246789
-0,33368389;-2,79896641
-0,32868389;-2,33298445
-0,32368389;-2,79896641
-0,31868389;-2,33298445
-0,31368389;-2,33298445
-0,30868389;-2,79896641
-0,30368389;-2,33298445
-0,29868389;-2,79896641
-0,29368389;-3,26648593
-0,28868389;-3,26648593
-0,28368389;-4,19998741
-0,27868389;-4,19998741
-0,27368389;-5,59947062
-0,26868389;-6,06699038
-0,26368389;-4,66596889
-0,25868389;-4,66596889
-0,25368389;-4,66596889
-0,24868389;-4,66596889
-0,24368389;-4,66596889
-0,23868389;-4,19998741
-0,23368389;-4,19998741
-0,22868389;-3,26648593
-0,22368389;-3,26648593
-0,21868389;-2,79896641
-0,21368389;-2,33298445
-0,20868389;-1,39948320
-0,20368389;-2,33298445
-0,19868389;-1,86546493
-0,19368389;-2,33298445
-0,18868389;-1,86546493
-0,18368389;-1,39948320
-0,17868389;-1,86546493
-0,17368389;-0,93196350
-0,16868389;-0,93196350
-0,16368389;-0,46598175
-0,15868389;0,46598175
-0,15368389;0,00000000
-0,14868389;0,46598175
-0,14368389;0,93196350
-0,13868389;0,93196350
-0,13368389;0,00000000
-0,12868389;0,93196350
-0,12368389;0,93196350
-0,11868389;-0,46598175
-0,11368389;-0,46598175
-0,10868389;0,46598175
-0,10368389;0,93196350
-0,09868389;0,46598175
-0,09368389;0,46598175
-0,08868389;0,93196350
-0,08368389;1,86546493
-0,07868389;1,86546493
-0,07368389;2,79896641
-0,06868389;3,26648593
-0,06368389;3,26648593
-0,05868389;3,26648593
-0,05368389;4,19998741
-0,04868389;4,19998741
-0,04368389;4,19998741
-0,03868389;4,19998741
-0,03368389;5,13348866
-0,02868389;4,66596889
-0,02368389;4,66596889
-0,01868389;5,13348866
-0,01368389;5,13348866
-0,00868389;4,19998741
-0,00368389;-4,19998741
0,00131611;4,66596889
0,00631611;4,19998741
0,01131611;4,19998741
0,01631611;3,73246789
0,02131611;2,79896641
0,02631611;2,79896641
0,03131611;2,79896641
0,03631611;3,26648593
0,04131610;1,86546493
0,04631610;2,79896641
0,05131610;1,86546493
0,05631610;1,86546493
0,06131610;0,93196350
0,06631610;0,46598175
0,07131610;0,93196350
0,07631610;0,00000000
0,08131610;0,46598175
0,08631610;0,00000000
0,09131610;-0,93196350
0,09631610;0,00000000
0,10131610;0,00000000
0,10631610;-0,46598175
0,11131610;-0,93196350
0,11631610;0,00000000
0,12131610;-0,46598175
0,12631610;0,46598175
0,13131610;0,00000000
0,13631610;-0,46598175
0,14131610;0,00000000
0,14631610;0,00000000
0,15131610;-0,46598175
0,15631610;-1,39948320
0,16131610;-0,46598175
0,16631610;-0,93196350
0,17131610;-2,33298445
0,17631610;-2,33298445
0,18131610;-3,26648593
0,18631610;-3,73246789
0,19131610;-3,26648593
0,19631610;-3,73246789
0,20131610;-3,73246789
0,20631610;-4,66596889
0,21131610;-4,19998741
0,21631610;-6,06699038
0,22131610;-4,66596889
0,22631610;-4,66596889
0,23131610;-4,66596889
0,23631610;-5,13348866
0,24131610;-4,66596889
0,24631610;-5,13348866
0,25131610;-5,59947062
0,25631610;-4,66596889
0,26131610;-3,73246789
0,26631610;-5,13348866
0,27131610;-4,66596889
0,27631610;-2,79896641
0,28131610;-5,13348866
0,28631610;-4,66596889
0,29131610;-4,66596889
0,29631610;-4,66596889
0,30131610;-4,19998741
0,30631610;-4,19998741
0,31131610;-4,19998741
0,31631610;-7,00049162
0,32131610;-4,66596889
0,32631610;-4,66596889
0,33131610;-4,66596889
0,33631610;-4,19998741
0,34131610;-3,73246789
0,34631610;-4,19998741
0,35131610;-3,73246789
0,35631610;-3,73246789
0,36131610;-2,33298445
0,36631610;-2,79896641
0,37131610;-1,39948320
0,37631610;-1,39948320
0,38131610;0,00000000
0,38631610;-1,39948320
0,39131610;0,46598175
0,39631610;-0,46598175
0,40131610;1,39948320
0,40631610;-0,46598175
0,41131610;0,00000000
0,41631610;1,39948320
0,42131610;0,93196350
0,42631610;0,46598175
0,43131610;0,46598175
0,43631609;0,46598175
0,44131609;-0,46598175
0,44631609;-0,46598175
0,45131609;-0,93196350
0,45631609;0,00000000
0,46131609;-1,39948320
0,46631609;-1,39948320
0,47131609;-0,93196350
0,47631609;0,00000000
0,48131609;-0,93196350
0,48631609;-0,93196350
0,49131609;-1,39948320
0,49631609;-1,39948320
0,50131609;-0,93196350
0,50631609;-1,39948320
0,51131609;-1,39948320
0,51631609;-0,93196350
0,52131609;0,00000000
0,52631609;-0,93196350
0,53131609;0,00000000
0,53631609;0,93196350
0,54131609;0,00000000
0,54631609;0,93196350
0,55131609;1,86546493
0,55631609;0,93196350
0,56131609;1,86546493
0,56631609;2,79896641
0,57131609;2,33298445
0,57631609;1,86546493
0,58131609;3,73246789
0,58631609;5,59947062
0,59131609;3,73246789
0,59631609;4,19998741
0,60131609;5,13348866
0,60631609;4,19998741
0,61131609;4,19998741
0,61631609;4,19998741
0,62131609;3,73246789
0,62631609;4,19998741
0,63131609;4,19998741
0,63631609;4,19998741
0,64131609;4,19998741
0,64631609;4,19998741
0,65131609;4,66596889
0,65631609;4,66596889
0,66131609;5,13348866
0,66631609;4,66596889
0,67131609;5,59947062
0,67631609;6,53297186
0,68131609;6,06699038
0,68631609;7,00049162
0,69131609;7,46647358
0,69631609;7,46647358
0,70131609;7,46647358
0,70631609;7,00049162
0,71131609;7,46647358
0,71631609;7,00049162
0,72131609;7,93399334
0,72631609;7,00049162
0,73131609;7,00049162
0,73631609;7,00049162
0,74131609;6,06699038
0,74631609;6,06699038
0,75131609;6,06699038
0,75631609;6,06699038
0,76131609;5,59947062
0,76631609;4,66596889
0,77131609;6,53297186
0,77631609;5,59947062
0,78131609;6,06699038
0,78631609;5,59947062
0,79131609;6,53297186
0,79631609;4,66596889
0,80131609;7,46647358
0,80631609;6,53297186
0,81131609;7,46647358
0,81631609;6,53297186
0,82131609;7,46647358
0,82631609;7,00049162
0,83131609;7,00049162
0,83631608;7,93399334
0,84131608;7,93399334
0,84631608;7,93399334
0,85131608;8,39997482
0,85631608;7,93399334
0,86131608;7,93399334
0,86631608;8,86749458
0,87131608;8,39997482
0,87631608;8,39997482
0,88131608;7,93399334
0,88631608;8,39997482
0,89131608;8,86749458
0,89631608;8,86749458
0,90131608;8,86749458
0,90631608;8,86749458
0,91131608;7,93399334
0,91631608;8,86749458
0,92131608;8,39997482
0,92631608;9,33347607
0,93131608;9,33347607
0,93631608;9,33347607
0,94131608;9,80099583
0,94631608;10,26697731
0,95131608;10,26697731
0,95631608;10,26697731
0,96131608;10,73449707
0,96631608;11,20047951
0,97131608;11,20047951
0,97631608;11,66799831
0,98131608;11,66799831
0,98631608;12,60150051
0,99131608;12,60150051
0,99631608;11,66799831
1,00131608;13,53500175
1,00631608;11,66799831
1,01131608;12,13398075
1,01631608;12,13398075
1,02131608;12,13398075
1,02631608;13,06748199
1,03131608;13,06748199
1,03631608;12,60150051
1,04131608;12,13398075
1,04631608;12,60150051
1,05131608;13,53500175
1,05631608;14,00098324
1,06131608;13,53500175
1,06631608;14,00098324
1,07131608;13,06748199
1,07631608;14,00098324
1,08131608;14,46850300
1,08631608;14,00098324
1,09131608;14,00098324
1,09631608;14,46850300
1,10131608;14,46850300
1,10631608;14,46850300
1,11131608;14,00098324
1,11631608;14,00098324
1,12131608;14,00098324
1,12631608;14,93448448
1,13131608;14,46850300
1,13631608;14,46850300
1,14131608;14,46850300
1,14631608;14,93448448
1,15131608;14,93448448
1,15631608;15,86798668
1,16131608;16,80148888
1,16631608;15,86798668
1,17131608;16,80148888
1,17631608;17,26746941
1,18131608;18,20096970
1,18631608;17,26746941
1,19131608;18,20096970
1,19631608;18,20096970
1,20131608;17,73498917
1,20631608;17,73498917
1,21131608;17,73498917
1,21631608;18,20096970
1,22131608;17,26746941
1,22631608;17,73498917
1,23131607;18,20096970
1,23631607;17,73498917
1,24131607;17,73498917
1,24631607;18,20096970
1,25131607;18,66848946
1,25631607;16,80148888
1,26131607;17,73498917
1,26631607;18,66848946
1,27131607;18,20096970
1,27631607;18,20096970
1,28131607;19,13447189
1,28631607;19,13447189
1,29131607;18,66848946
1,29631607;19,13447189
1,30131607;19,13447189
1,30631607;19,13447189
1,31131607;18,20096970
1,31631607;18,66848946
1,32131607;19,13447189
1,32631607;19,60199165
1,33131607;18,20096970
1,33631607;19,13447189
1,34131607;19,13447189
1,34631607;18,66848946
1,35131607;20,06797409
1,35631607;19,13447189
1,36131607;18,20096970
1,36631607;17,73498917
1,37131607;18,20096970
1,37631607;17,73498917
1,38131607;17,26746941
1,38631607;17,73498917
1,39131607;16,80148888
1,39631607;17,73498917
1,40131607;15,86798668
1,40631607;15,86798668
1,41131607;15,86798668
1,41631607;16,80148888
1,42131607;15,86798668
1,42631607;15,40046692
1,43131607;15,40046692
1,43631607;15,40046692
1,44131607;14,93448448
1,44631607;15,40046692
1,45131607;14,93448448
1,45631607;15,40046692
1,46131607;15,40046692
1,46631607;14,46850300
1,47131607;14,93448448
1,47631607;14,93448448
1,48131607;14,93448448
1,48631607;14,46850300
1,49131607;14,00098324
1,49631607;14,00098324
1,50131607;13,53500175
1,50631607;13,06748199
1,51131607;13,53500175
1,51631607;13,53500175
1,52131607;14,46850300
1,52631607;14,46850300
1,53131607;14,93448448
1,53631607;15,86798668
1,54131607;16,80148888
1,54631607;17,73498917
1,55131607;19,13447189
1,55631607;20,06797409
1,56131607;21,46899414
1,56631607;22,40249634
1,57131607;22,40249634
1,57631607;23,33599663
1,58131607;23,33599663
1,58631607;23,33599663
1,59131607;23,33599663
1,59631607;22,86847687
1,60131607;22,86847687
1,60631607;22,40249634
1,61131607;21,93497658
1,61631607;21,46899414
1,62131607;20,06797409
1,62631606;20,53549385
1,63131606;20,53549385
1,63631606;19,60199165
1,64131606;20,06797409
1,64631606;20,06797409
1,65131606;21,00147629
1,65631606;21,00147629
1,66131606;21,46899414
1,66631606;21,93497658
1,67131606;22,86847687
1,67631606;22,86847687
1,68131606;22,86847687
1,68631606;22,86847687
1,69131606;23,33599663
1,69631606;22,40249634
1,70131606;22,40249634
1,70631606;22,40249634
1,71131606;22,40249634
1,71631606;21,93497658
1,72131606;22,40249634
1,72631606;22,40249634
1,73131606;22,86847687
1,73631606;23,80197906
1,74131606;23,80197906
1,74631606;22,86847687
1,75131606;23,80197906
1,75631606;22,40249634
1,76131606;24,26949883
1,76631606;23,33599663
1,77131606;22,86847687
1,77631606;22,40249634
1,78131606;22,40249634
1,78631606;21,93497658
1,79131606;21,93497658
1,79631606;22,40249634
1,80131606;21,00147629
1,80631606;21,93497658
1,81131606;22,40249634
1,81631606;21,93497658
1,82131606;22,40249634
1,82631606;23,33599663
1,83131606;23,80197906
1,83631606;23,33599663
1,84131606;22,40249634
1,84631606;23,33599663
1,85131606;23,80197906
1,85631606;24,73548126
1,86131606;24,73548126
1,86631606;24,26949883
1,87131606;24,26949883
1,87631606;23,33599663
1,88131606;22,86847687
1,88631606;23,33599663
1,89131606;22,40249634
1,89631606;21,93497658
1,90131606;21,46899414
1,90631606;20,53549385
1,91131606;21,93497658
1,91631606;21,46899414
1,92131606;20,53549385
1,92631606;21,46899414
1,93131606;20,53549385
1,93631606;20,06797409
1,94131606;20,53549385
1,94631606;20,06797409
1,95131606;19,60199165
1,95631606;19,13447189
1,96131606;19,13447189
1,96631606;18,20096970
1,97131606;18,20096970
1,97631606;17,73498917
1,98131606;16,33396912
1,98631606;14,93448448
1,99131606;15,86798668
1,99631606;16,80148888
2,00131606;14,93448448
2,00631606;15,86798668
2,01131606;15,86798668
2,01631606;15,86798668
2,02131605;15,86798668
2,02631605;15,86798668
2,03131605;15,86798668
2,03631605;15,40046692
2,04131605;16,80148888
2,04631605;14,93448448
2,05131605;15,40046692
2,05631605;14,46850300
2,06131605;14,93448448
2,06631605;14,46850300
2,07131605;14,00098324
2,07631605;13,53500175
2,08131605;13,53500175
2,08631605;13,06748199
2,09131605;13,06748199
2,09631605;11,66799831
2,10131605;11,66799831
2,10631605;11,66799831
2,11131605;10,73449707
2,11631605;10,73449707
2,12131605;9,80099583
2,12631605;9,80099583
2,13131605;9,80099583
2,13631605;9,33347607
2,14131605;9,33347607
2,14631605;11,66799831
2,15131605;9,33347607
2,15631605;9,33347607
2,16131605;8,39997482
2,16631605;7,93399334
2,17131605;7,00049162
2,17631605;7,00049162
2,18131605;7,00049162
2,18631605;6,06699038
2,19131605;4,66596889
2,19631605;4,66596889
2,20131605;3,73246789
2,20631605;4,66596889
2,21131605;3,73246789
2,21631605;5,13348866
2,22131605;4,19998741
2,22631605;3,26648593
2,23131605;3,73246789
2,23631605;2,79896641
2,24131605;2,79896641
2,24631605;2,79896641
2,25131605;1,86546493
2,25631605;2,33298445
2,26131605;2,33298445
2,26631605;1,39948320
2,27131605;2,33298445
2,27631605;0,93196350
2,28131605;1,86546493
2,28631605;1,86546493
2,29131605;2,33298445
2,29631605;1,86546493
2,30131605;2,79896641
2,30631605;3,26648593
2,31131605;3,26648593
2,31631605;3,73246789
2,32131605;3,26648593
2,32631605;4,19998741
2,33131605;4,19998741
2,33631605;3,73246789
2,34131605;4,19998741
2,34631605;3,73246789
2,35131605;2,79896641
2,35631605;2,33298445
2,36131605;2,33298445
2,36631605;2,79896641
2,37131605;1,86546493
2,37631605;1,39948320
2,38131605;0,93196350
2,38631605;0,93196350
2,39131605;0,93196350
2,39631605;0,46598175
2,40131605;1,39948320
2,40631605;0,00000000
2,41131605;0,46598175
2,41631604;1,39948320
2,42131604;1,39948320
2,42631604;0,46598175
2,43131604;0,00000000
2,43631604;0,00000000
2,44131604;0,46598175
2,44631604;0,00000000
2,45131604;1,39948320
2,45631604;0,00000000
2,46131604;0,46598175
2,46631604;1,39948320
2,47131604;0,46598175
2,47631604;0,93196350
2,48131604;0,46598175
2,48631604;0,00000000
2,49131604;0,93196350
2,49631604;0,46598175
2,50131604;0,46598175
2,50631604;0,00000000
2,51131604;1,39948320
2,51631604;1,39948320
2,52131604;0,46598175
2,52631604;-0,46598175
2,53131604;0,93196350
2,53631604;-0,93196350
2,54131604;0,46598175
2,54631604;-0,93196350
2,55131604;0,00000000
2,55631604;0,00000000
2,56131604;0,00000000
2,56631604;0,00000000
2,57131604;-0,46598175
2,57631604;-0,46598175
2,58131604;-0,46598175
2,58631604;-1,86546493
2,59131604;0,00000000
2,59631604;-0,93196350
2,60131604;0,00000000
2,60631604;-1,86546493
2,61131604;-1,39948320
2,61631604;-0,46598175
2,62131604;-0,93196350
2,62631604;-0,93196350
2,63131604;-1,86546493
2,63631604;-1,39948320
2,64131604;-1,39948320
2,64631604;-1,86546493
2,65131604;-1,39948320
2,65631604;-1,86546493
2,66131604;-1,86546493
2,66631604;-2,33298445
2,67131604;-2,79896641
2,67631604;-2,79896641
2,68131604;-3,26648593
2,68631604;-3,26648593
2,69131604;-4,66596889
2,69631604;-4,66596889
2,70131604;-4,66596889
2,70631604;-5,59947062
2,71131604;-5,13348866
2,71631604;-6,53297186
2,72131604;-6,53297186
2,72631604;-7,46647358
2,73131604;-7,93399334
2,73631604;-4,19998741
2,74131604;-6,53297186
2,74631604;-6,53297186
2,75131604;-7,00049162
2,75631604;-7,00049162
2,76131604;-7,00049162
2,76631604;-7,00049162
2,77131604;-6,53297186
2,77631604;-7,93399334
2,78131604;-7,93399334
2,78631604;-8,39997482
2,79131604;-8,39997482
2,79631604;-8,86749458
2,80131604;-7,93399334
2,80631604;-9,33347607
2,81131603;-9,33347607
2,81631603;-9,80099583
2,82131603;-10,26697731
2,82631603;-9,33347607
2,83131603;-10,26697731
2,83631603;-9,80099583
2,84131603;-9,80099583
2,84631603;-9,80099583
2,85131603;-9,33347607
2,85631603;-10,73449707
2,86131603;-9,33347607
2,86631603;-9,80099583
2,87131603;-8,39997482
2,87631603;-9,33347607
2,88131603;-8,86749458
2,88631603;-8,86749458
2,89131603;-9,33347607
2,89631603;-8,86749458
2,90131603;-8,86749458
2,90631603;-8,86749458
2,91131603;-9,80099583
2,91631603;-9,33347607
2,92131603;-9,80099583
2,92631603;-9,80099583
2,93131603;-9,80099583
2,93631603;-10,73449707
2,94131603;-8,86749458
2,94631603;-9,33347607
2,95131603;-8,86749458
2,95631603;-9,33347607
2,96131603;-8,39997482
2,96631603;-7,46647358
2,97131603;-7,46647358
2,97631603;-7,00049162
2,98131603;-6,06699038
2,98631603;-7,93399334
2,99131603;-7,46647358
2,99631603;-6,53297186
3,00131603;-6,06699038
3,00631603;-6,06699038
3,01131603;-6,53297186
3,01631603;-6,06699038
3,02131603;-6,06699038
3,02631603;-7,00049162
3,03131603;-6,06699038
3,03631603;-7,46647358
3,04131603;-7,00049162
3,04631603;-7,46647358
3,05131603;-7,46647358
3,05631603;-7,93399334
3,06131603;-7,93399334
3,06631603;-7,46647358
3,07131603;-7,93399334
3,07631603;-7,46647358
3,08131603;-7,46647358
3,08631603;-7,00049162
3,09131603;-7,46647358
3,09631603;-7,93399334
3,10131603;-7,93399334
3,10631603;-9,33347607
3,11131603;-8,39997482
3,11631603;-9,33347607
3,12131603;-9,80099583
3,12631603;-9,33347607
3,13131603;-10,73449707
3,13631603;-10,73449707
3,14131603;-10,73449707
3,14631603;-10,73449707
3,15131603;-11,20047951
3,15631603;-10,73449707
3,16131603;-11,20047951
3,16631603;-11,20047951
3,17131603;-10,73449707
3,17631603;-9,80099583
3,18131603;-9,33347607
3,18631603;-8,86749458
3,19131603;-9,33347607
3,19631603;-9,33347607
3,20131603;-9,80099583
3,20631603;-10,26697731
3,21131602;-9,33347607
3,21631602;-9,80099583
3,22131602;-8,86749458
3,22631602;-9,80099583
3,23131602;-8,86749458
3,23631602;-10,26697731
3,24131602;-9,80099583
3,24631602;-10,73449707
3,25131602;-10,73449707
3,25631602;-10,26697731
3,26131602;-9,33347607
3,26631602;-10,26697731
3,27131602;-10,73449707
3,27631602;-10,26697731
3,28131602;-9,80099583
3,28631602;-10,26697731
3,29131602;-10,26697731
3,29631602;-10,26697731
3,30131602;-10,26697731
3,30631602;-10,73449707
3,31131602;-10,73449707
3,31631602;-12,13398075
3,32131602;-11,20047951
3,32631602;-11,20047951
3,33131602;-11,66799831
3,33631602;-12,13398075
3,34131602;-12,13398075
3,34631602;-12,60150051
3,35131602;-13,53500175
3,35631602;-14,00098324
3,36131602;-13,06748199
3,36631602;-13,53500175
3,37131602;-14,00098324
3,37631602;-14,93448448
3,38131602;-14,00098324
3,38631602;-14,46850300
3,39131602;-14,00098324
3,39631602;-14,93448448
3,40131602;-14,00098324
3,40631602;-14,93448448
3,41131602;-15,40046692
3,41631602;-15,40046692
3,42131602;-14,93448448
3,42631602;-15,40046692
3,43131602;-13,06748199
3,43631602;-14,46850300
3,44131602;-12,60150051
3,44631602;-11,66799831
3,45131602;-11,20047951
3,45631602;-10,26697731
3,46131602;-10,73449707
3,46631602;-8,86749458
3,47131602;-8,39997482
3,47631602;-8,86749458
3,48131602;-8,39997482
3,48631602;-9,80099583
3,49131602;-8,86749458
3,49631602;-9,80099583
3,50131602;-10,26697731
3,50631602;-11,20047951
3,51131602;-12,60150051
3,51631602;-12,13398075
3,52131602;-13,06748199
3,52631602;-14,00098324
3,53131602;-15,86798668
3,53631602;-14,00098324
3,54131602;-14,46850300
3,54631602;-13,53500175
3,55131602;-13,53500175
3,55631602;-13,53500175
3,56131602;-13,53500175
3,56631602;-13,06748199
3,57131602;-12,60150051
3,57631602;-11,66799831
3,58131602;-11,66799831
3,58631602;-12,13398075
3,59131602;-12,60150051
3,59631602;-10,26697731
3,60131602;-10,73449707
3,60631601;-11,20047951
3,61131601;-10,73449707
3,61631601;-10,73449707
3,62131601;-10,26697731
3,62631601;-9,80099583
3,63131601;-10,26697731
3,63631601;-8,86749458
3,64131601;-9,33347607
3,64631601;-10,26697731
3,65131601;-7,46647358
3,65631601;-7,93399334
3,66131601;-8,86749458
3,66631601;-7,93399334
3,67131601;-8,39997482
3,67631601;-8,39997482
3,68131601;-7,93399334
3,68631601;-7,46647358
3,69131601;-8,86749458
3,69631601;-8,86749458
3,70131601;-8,86749458
3,70631601;-9,33347607
3,71131601;-7,93399334
3,71631601;-9,33347607
3,72131601;-8,39997482
3,72631601;-7,46647358
3,73131601;-7,93399334
3,73631601;-7,00049162
3,74131601;-6,53297186
3,74631601;-6,06699038
3,75131601;-5,59947062
3,75631601;-4,66596889
3,76131601;-5,13348866
3,76631601;-3,73246789
3,77131601;-3,73246789
3,77631601;-4,19998741
3,78131601;-2,79896641
3,78631601;-3,73246789
3,79131601;-3,26648593
3,79631601;-3,73246789
3,80131601;-4,66596889
3,80631601;-5,13348866
3,81131601;-5,59947062
3,81631601;-7,00049162
3,82131601;-7,46647358
3,82631601;-7,00049162
3,83131601;-7,46647358
3,83631601;-8,39997482
3,84131601;-8,39997482
3,84631601;-8,86749458
3,85131601;-8,86749458
3,85631601;-9,33347607
3,86131601;-9,33347607
3,86631601;-9,33347607
3,87131601;-9,80099583
3,87631601;-9,33347607
3,88131601;-10,26697731
3,88631601;-10,26697731
3,89131601;-9,80099583
3,89631601;-10,73449707
3,90131601;-10,26697731
3,90631601;-10,26697731
3,91131601;-9,80099583
3,91631601;-11,20047951
3,92131601;-10,73449707
3,92631601;-11,20047951
3,93131601;-10,26697731
3,93631601;-11,66799831
3,94131601;-11,20047951
3,94631601;-11,20047951
3,95131601;-12,13398075
3,95631601;-11,66799831
3,96131601;-13,06748199
3,96631601;-13,53500175
3,97131601;-13,53500175
3,97631601;-14,46850300
3,98131601;-14,93448448
3,98631601;-15,86798668
3,99131601;-16,80148888
3,99631601;-19,13447189
4,00131600;-17,73498917
4,00631600;-17,26746941
4,01131600;-17,73498917
4,01631600;-18,66848946
4,02131600;-18,20096970
4,02631600;-18,66848946
4,03131600;-18,66848946
4,03631600;-19,60199165
4,04131600;-17,73498917
4,04631600;-17,73498917
4,05131600;-18,20096970
4,05631600;-18,66848946
4,06131600;-18,20096970
4,06631600;-18,66848946
4,07131600;-17,73498917
4,07631600;-17,26746941
4,08131600;-18,20096970
4,08631600;-17,73498917
4,09131600;-16,80148888
4,09631600;-18,66848946
4,10131600;-18,20096970
4,10631600;-19,13447189
4,11131600;-19,13447189
4,11631600;-19,60199165
4,12131600;-20,53549385
4,12631600;-21,00147629
4,13131600;-19,13447189
4,13631600;-21,00147629
4,14131600;-19,60199165
4,14631600;-20,06797409
4,15131600;-20,06797409
4,15631600;-20,53549385
4,16131600;-21,00147629
4,16631600;-20,53549385
4,17131600;-21,00147629
4,17631600;-20,53549385
4,18131600;-19,60199165
4,18631600;-20,06797409
4,19131600;-19,60199165
4,19631600;-17,73498917
4,20131600;-17,73498917
4,20631600;-17,26746941
4,21131600;-15,86798668
4,21631600;-15,40046692
4,22131600;-14,46850300
4,22631600;-14,46850300
4,23131600;-14,00098324
4,23631600;-11,66799831
4,24131600;-11,20047951
4,24631600;-11,66799831
4,25131600;-11,20047951
4,25631600;-11,20047951
4,26131600;-11,66799831
4,26631600;-11,20047951
4,27131600;-12,13398075
4,27631600;-12,60150051
4,28131600;-13,06748199
4,28631600;-14,00098324
4,29131600;-14,46850300
4,29631600;-14,46850300
4,30131600;-16,33396912
4,30631600;-14,93448448
4,31131600;-15,40046692
4,31631600;-14,93448448
4,32131600;-15,40046692
4,32631600;-14,93448448
4,33131600;-14,93448448
4,33631600;-14,93448448
4,34131600;-13,53500175
4,34631600;-14,00098324
4,35131600;-12,60150051
4,35631600;-13,06748199
4,36131600;-13,06748199
4,36631600;-13,06748199
4,37131600;-12,13398075
4,37631600;-11,66799831
4,38131600;-10,73449707
4,38631600;-10,26697731
4,39131600;-10,26697731
4,39631599;-8,86749458
4,40131599;-10,73449707
4,40631599;-9,80099583
4,41131599;-10,26697731
4,41631599;-9,33347607
4,42131599;-9,33347607
4,42631599;-9,80099583
4,43131599;-10,26697731
4,43631599;-10,26697731
4,44131599;-9,80099583
4,44631599;-9,80099583
4,45131599;-10,73449707
4,45631599;-9,80099583
4,46131599;-9,80099583
4,46631599;-9,80099583
4,47131599;-9,33347607
4,47631599;-9,80099583
4,48131599;-9,80099583
4,48631599;-9,80099583
4,49131599;-12,60150051
4,49631599;-9,33347607
4,50131599;-8,86749458
4,50631599;-8,39997482
4,51131599;-8,39997482
4,51631599;-7,93399334
4,52131599;-7,93399334
4,52631599;-7,93399334
4,53131599;-7,46647358
4,53631599;-7,93399334
4,54131599;-7,46647358
4,54631599;-7,46647358
4,55131599;-7,46647358
4,55631599;-7,93399334
4,56131599;-7,46647358
4,56631599;-8,39997482
4,57131599;-10,26697731
4,57631599;-7,93399334
4,58131599;-8,86749458
4,58631599;-7,93399334
4,59131599;-8,86749458
4,59631599;-8,86749458
4,60131599;-8,86749458
4,60631599;-8,86749458
4,61131599;-7,93399334
4,61631599;-7,46647358
4,62131599;-8,86749458
4,62631599;-8,39997482
4,63131599;-7,93399334
4,63631599;-7,46647358
4,64131599;-7,46647358
4,64631599;-8,39997482
4,65131599;-7,00049162
4,65631599;-7,46647358
4,66131599;-7,00049162
4,66631599;-7,46647358
4,67131599;-7,00049162
4,67631599;-7,00049162
4,68131599;-7,46647358
4,68631599;-6,53297186
4,69131599;-7,00049162
4,69631599;-7,46647358
4,70131599;-7,46647358
4,70631599;-7,00049162
4,71131599;-7,46647358
4,71631599;-7,93399334
4,72131599;-7,93399334
4,72631599;-9,33347607
4,73131599;-8,39997482
4,73631599;-8,86749458
4,74131599;-9,33347607
4,74631599;-8,86749458
4,75131599;-10,26697731
4,75631599;-9,80099583
4,76131599;-9,80099583
4,76631599;-10,26697731
4,77131599;-10,26697731
4,77631599;-9,80099583
4,78131599;-9,80099583
4,78631599;-10,26697731
4,79131598;-9,33347607
4,79631598;-9,80099583
4,80131598;-8,86749458
4,80631598;-9,33347607
4,81131598;-9,80099583
4,81631598;-9,33347607
4,82131598;-8,39997482
4,82631598;-10,26697731
4,83131598;-9,33347607
4,83631598;-9,33347607
4,84131598;-9,33347607
4,84631598;-8,86749458
4,85131598;-9,33347607
4,85631598;-8,39997482
4,86131598;-9,33347607
4,86631598;-8,86749458
4,87131598;-8,39997482
4,87631598;-7,93399334
4,88131598;-6,53297186
4,88631598;-7,00049162
4,89131598;-6,53297186
4,89631598;-6,53297186
4,90131598;-5,13348866
4,90631598;-6,06699038
4,91131598;-6,06699038
4,91631598;-4,66596889
4,92131598;-4,66596889
4,92631598;-4,19998741
4,93131598;-3,73246789
4,93631598;-4,19998741
4,94131598;-0,93196350
4,94631598;-3,73246789
4,95131598;-3,26648593
4,95631598;-3,73246789
4,96131598;-3,26648593
4,96631598;-3,26648593
4,97131598;-3,26648593
4,97631598;-3,26648593
4,98131598;-3,26648593
4,98631598;-2,79896641
4,99131598;-1,86546493
4,99631598;-2,79896641
5,00131598;-2,33298445
5,00631598;-1,39948320
5,01131598;-2,79896641
5,01631598;-2,79896641
5,02131598;-2,79896641
5,02631598;-2,33298445
5,03131598;-2,33298445
5,03631598;-2,33298445
5,04131598;-2,79896641
5,04631598;-2,33298445
5,05131598;-4,19998741
5,05631598;-1,86546493
5,06131598;-2,33298445
5,06631598;-2,79896641
5,07131598;-1,86546493
5,07631598;-2,33298445
5,08131598;-2,33298445
5,08631598;-2,33298445
5,09131598;-1,86546493
5,09631598;-2,33298445
5,10131598;-2,33298445
5,10631598;-2,33298445
5,11131598;-2,33298445
5,11631598;-2,79896641
5,12131598;-2,79896641
5,12631598;-2,33298445
5,13131598;-2,79896641
5,13631598;-2,33298445
5,14131598;-2,79896641
5,14631598;-1,86546493
5,15131598;-2,33298445
5,15631598;-2,79896641
5,16131598;-2,79896641
5,16631598;-2,79896641
5,17131598;-2,79896641
5,17631598;-2,79896641
5,18131598;-3,26648593
5,18631597;-2,79896641
5,19131597;-3,26648593
5,19631597;-3,26648593
5,20131597;-2,79896641
5,20631597;-3,26648593
5,21131597;-2,79896641
5,21631597;-3,73246789
5,22131597;-2,33298445
5,22631597;-3,26648593
5,23131597;-3,26648593
5,23631597;-3,26648593
5,24131597;-3,26648593
5,24631597;-2,79896641
5,25131597;-4,19998741
5,25631597;-3,73246789
5,26131597;-4,66596889
5,26631597;-4,66596889
5,27131597;-4,19998741
5,27631597;-5,59947062
5,28131597;-5,59947062
5,28631597;-5,59947062
5,29131597;-5,59947062
5,29631597;-7,00049162
5,30131597;-7,00049162
5,30631597;-7,00049162
5,31131597;-6,53297186
5,31631597;-7,00049162
5,32131597;-7,46647358
5,32631597;-7,46647358
5,33131597;-7,46647358
5,33631597;-7,46647358
5,34131597;-6,06699038
5,34631597;-5,59947062
5,35131597;-4,66596889
5,35631597;-4,19998741
5,36131597;-3,73246789
5,36631597;-0,93196350
5,37131597;-0,46598175
5,37631597;0,46598175
5,38131597;2,33298445
5,38631597;2,33298445
5,39131597;2,33298445
5,39631597;3,26648593
5,40131597;3,26648593
5,40631597;3,26648593
5,41131597;2,33298445
5,41631597;1,39948320
5,42131597;0,00000000
5,42631597;0,93196350
5,43131597;-0,46598175
5,43631597;-0,93196350
5,44131597;-0,46598175
5,44631597;-0,93196350
5,45131597;-1,39948320
5,45631597;0,46598175
5,46131597;-0,93196350
5,46631597;0,93196350
5,47131597;0,00000000
5,47631597;1,39948320
5,48131597;2,33298445
5,48631597;1,39948320
5,49131597;2,79896641
5,49631597;2,33298445
5,50131597;4,19998741
5,50631597;3,73246789
5,51131597;5,13348866
5,51631597;4,66596889
5,52131597;5,59947062
5,52631597;6,06699038
5,53131597;6,53297186
5,53631597;7,93399334
5,54131597;8,86749458
5,54631597;8,86749458
5,55131597;8,86749458
5,55631597;9,33347607
5,56131597;9,80099583
5,56631597;9,33347607
5,57131597;9,33347607
5,57631597;8,86749458
5,58131597;9,80099583
5,58631596;9,80099583
5,59131596;9,33347607
5,59631596;8,86749458
5,60131596;7,46647358
5,60631596;7,93399334
5,61131596;7,46647358
5,61631596;7,46647358
5,62131596;7,93399334
5,62631596;8,86749458
5,63131596;7,93399334
5,63631596;10,26697731
5,64131596;10,26697731
5,64631596;11,20047951
5,65131596;11,20047951
5,65631596;12,60150051
5,66131596;13,06748199
5,66631596;13,53500175
5,67131596;13,06748199
5,67631596;14,00098324
5,68131596;14,46850300
5,68631596;14,93448448
5,69131596;14,00098324
5,69631596;14,00098324
5,70131596;14,00098324
5,70631596;13,53500175
5,71131596;14,00098324
5,71631596;14,00098324
5,72131596;13,06748199
5,72631596;13,06748199
5,73131596;12,13398075
5,73631596;12,60150051
5,74131596;12,13398075
5,74631596;12,60150051
5,75131596;12,60150051
5,75631596;12,13398075
5,76131596;12,13398075
5,76631596;7,93399334
5,77131596;11,66799831
5,77631596;12,13398075
5,78131596;11,66799831
5,78631596;11,66799831
5,79131596;11,66799831
5,79631596;11,66799831
5,80131596;11,20047951
5,80631596;11,66799831
5,81131596;11,20047951
5,81631596;14,00098324
5,82131596;12,60150051
5,82631596;12,60150051
5,83131596;13,06748199
5,83631596;14,00098324
5,84131596;14,00098324
5,84631596;14,46850300
5,85131596;14,46850300
5,85631596;15,86798668
5,86131596;14,93448448
5,86631596;14,46850300
5,87131596;14,46850300
5,87631596;14,46850300
5,88131596;14,00098324
5,88631596;12,60150051
5,89131596;13,06748199
5,89631596;12,13398075
5,90131596;12,60150051
5,90631596;13,53500175
5,91131596;12,60150051
5,91631596;12,60150051
5,92131596;13,06748199
5,92631596;13,06748199
5,93131596;12,60150051
5,93631596;12,60150051
5,94131596;12,60150051
5,94631596;12,60150051
5,95131596;13,53500175
5,95631596;13,53500175
5,96131596;13,53500175
5,96631596;13,53500175
5,97131596;16,33396912
5,97631596;13,53500175
5,98131595;14,00098324
5,98631595;14,46850300
5,99131595;14,46850300
5,99631595;14,00098324
6,00131595;15,40046692
6,00631595;15,40046692
6,01131595;14,46850300
6,01631595;14,46850300
6,02131595;14,00098324
6,02631595;13,53500175
6,03131595;14,93448448
6,03631595;13,53500175
6,04131595;14,46850300
6,04631595;14,93448448
6,05131595;14,00098324
6,05631595;14,00098324
6,06131595;14,46850300
6,06631595;14,46850300
6,07131595;14,46850300
6,07631595;14,46850300
6,08131595;13,53500175
6,08631595;14,46850300
6,09131595;14,93448448
6,09631595;15,40046692
6,10131595;16,33396912
6,10631595;17,26746941
6,11131595;19,13447189
6,11631595;18,66848946
6,12131595;19,60199165
6,12631595;20,53549385
6,13131595;22,40249634
6,13631595;22,40249634
6,14131595;23,33599663
6,14631595;23,80197906
6,15131595;25,20300102
6,15631595;24,73548126
6,16131595;24,73548126
6,16631595;24,73548126
6,17131595;24,26949883
6,17631595;24,26949883
6,18131595;23,80197906
6,18631595;22,86847687
6,19131595;22,86847687
6,19631595;22,86847687
6,20131595;22,40249634
6,20631595;21,46899414
6,21131595;21,93497658
6,21631595;21,00147629
6,22131595;20,53549385
6,22631595;21,93497658
6,23131595;22,40249634
6,23631595;21,93497658
6,24131595;21,46899414
6,24631595;11,20047951
6,25131595;21,46899414
6,25631595;21,46899414
6,26131595;21,93497658
6,26631595;22,40249634
6,27131595;22,40249634
6,27631595;21,46899414
6,28131595;21,93497658
6,28631595;22,40249634
6,29131595;22,40249634
6,29631595;21,93497658
6,30131595;22,40249634
6,30631595;23,33599663
6,31131595;22,40249634
6,31631595;22,40249634
6,32131595;23,33599663
6,32631595;22,40249634
6,33131595;21,46899414
6,33631595;22,40249634
6,34131595;22,40249634
6,34631595;21,93497658
6,35131595;21,00147629
6,35631595;21,00147629
6,36131595;20,06797409
6,36631595;20,06797409
6,37131595;19,60199165
6,37631594;20,06797409
6,38131594;19,60199165
6,38631594;18,66848946
6,39131594;20,06797409
6,39631594;19,60199165
6,40131594;21,00147629
6,40631594;20,53549385
6,41131594;21,00147629
6,41631594;22,40249634
6,42131594;21,46899414
6,42631594;21,46899414
6,43131594;21,46899414
6,43631594;21,00147629
6,44131594;21,00147629
6,44631594;21,93497658
6,45131594;22,40249634
6,45631594;22,40249634
6,46131594;21,46899414
6,46631594;21,46899414
6,47131594;21,46899414
6,47631594;21,00147629
6,48131594;21,00147629
6,48631594;20,53549385
6,49131594;19,60199165
6,49631594;18,66848946
6,50131594;19,13447189
6,50631594;18,66848946
6,51131594;18,66848946
6,51631594;17,73498917
6,52131594;22,40249634
6,52631594;18,20096970
6,53131594;18,20096970
6,53631594;18,20096970
6,54131594;18,66848946
6,54631594;18,20096970
6,55131594;18,20096970
6,55631594;18,66848946
6,56131594;19,13447189
6,56631594;18,66848946
6,57131594;19,60199165
6,57631594;19,13447189
6,58131594;19,60199165
6,58631594;19,60199165
6,59131594;20,06797409
6,59631594;20,06797409
6,60131594;19,13447189
6,60631594;19,13447189
6,61131594;19,13447189
6,61631594;19,60199165
6,62131594;18,66848946
6,62631594;18,20096970
6,63131594;19,13447189
6,63631594;17,73498917
6,64131594;17,26746941
6,64631594;17,73498917
6,65131594;16,33396912
6,65631594;16,33396912
6,66131594;15,86798668
6,66631594;17,26746941
6,67131594;15,86798668
6,67631594;15,86798668
6,68131594;15,40046692
6,68631594;15,40046692
6,69131594;14,93448448
6,69631594;14,00098324
6,70131594;14,46850300
6,70631594;14,93448448
6,71131594;14,00098324
6,71631594;14,46850300
6,72131594;14,46850300
6,72631594;14,00098324
6,73131594;14,00098324
6,73631594;14,00098324
6,74131594;14,46850300
6,74631594;14,46850300
6,75131594;14,00098324
6,75631594;14,46850300
6,76131594;14,46850300
6,76631594;14,46850300
6,77131593;14,93448448
6,77631593;14,46850300
6,78131593;15,86798668
6,78631593;14,93448448
6,79131593;15,40046692
6,79631593;14,93448448
6,80131593;14,46850300
6,80631593;14,46850300
6,81131593;14,46850300
6,81631593;13,53500175
6,82131593;13,53500175
6,82631593;13,53500175
6,83131593;14,00098324
6,83631593;13,53500175
6,84131593;14,00098324
6,84631593;14,46850300
6,85131593;14,00098324
6,85631593;14,46850300
6,86131593;14,93448448
6,86631593;14,93448448
6,87131593;14,00098324
6,87631593;14,93448448
6,88131593;16,33396912
6,88631593;14,93448448
6,89131593;15,86798668
6,89631593;14,93448448
6,90131593;15,86798668
6,90631593;15,86798668
6,91131593;16,33396912
6,91631593;16,33396912
6,92131593;16,33396912
6,92631593;16,80148888
6,93131593;16,80148888
6,93631593;16,33396912
6,94131593;16,80148888
6,94631593;15,86798668
6,95131593;16,80148888
6,95631593;17,26746941
6,96131593;17,26746941
6,96631593;16,80148888
6,97131593;16,80148888
6,97631593;17,73498917
6,98131593;17,26746941
6,98631593;16,33396912
6,99131593;16,33396912
6,99631593;17,26746941
7,00131593;15,86798668
7,00631593;15,86798668
7,01131593;15,40046692
7,01631593;15,40046692
7,02131593;14,93448448
7,02631593;14,00098324
7,03131593;14,93448448
7,03631593;13,53500175
7,04131593;14,00098324
7,04631593;13,06748199
7,05131593;13,53500175
7,05631593;13,53500175
7,06131593;13,53500175
7,06631593;14,46850300
7,07131593;13,06748199
7,07631593;13,53500175
7,08131593;14,00098324
7,08631593;14,00098324
7,09131593;14,00098324
7,09631593;13,53500175
7,10131593;14,46850300
7,10631593;12,60150051
7,11131593;12,13398075
7,11631593;11,66799831
7,12131593;11,20047951
7,12631593;11,20047951
7,13131593;10,73449707
7,13631593;10,26697731
7,14131593;10,26697731
7,14631593;9,33347607
7,15131593;9,33347607
7,15631593;8,39997482
7,16131593;7,46647358
7,16631592;8,39997482
7,17131592;6,53297186
7,17631592;6,06699038
7,18131592;6,06699038
7,18631592;6,53297186
7,19131592;5,59947062
7,19631592;5,13348866
7,20131592;4,66596889
7,20631592;3,73246789
7,21131592;3,73246789
7,21631592;4,19998741
7,22131592;2,33298445
7,22631592;2,33298445
7,23131592;1,86546493
7,23631592;2,79896641
7,24131592;2,79896641
7,24631592;3,26648593
7,25131592;3,73246789
7,25631592;5,13348866
7,26131592;6,06699038
7,26631592;7,46647358
7,27131592;7,93399334
7,27631592;10,26697731
7,28131592;11,20047951
7,28631592;10,73449707
7,29131592;12,60150051
7,29631592;12,60150051
7,30131592;13,06748199
7,30631592;13,06748199
7,31131592;12,60150051
7,31631592;12,60150051
7,32131592;11,20047951
7,32631592;10,73449707
7,33131592;9,80099583
7,33631592;9,33347607
7,34131592;8,86749458
7,34631592;8,39997482
7,35131592;7,93399334
7,35631592;8,86749458
7,36131592;8,39997482
7,36631592;9,33347607
7,37131592;7,93399334
7,37631592;10,26697731
7,38131592;11,66799831
7,38631592;12,13398075
7,39131592;13,53500175
7,39631592;13,53500175
7,40131592;14,46850300
7,40631592;14,93448448
7,41131592;15,40046692
7,41631592;23,33599663
7,42131592;14,93448448
7,42631592;16,80148888
7,43131592;15,86798668
7,43631592;17,73498917
7,44131592;17,26746941
7,44631592;16,80148888
7,45131592;17,73498917
7,45631592;17,26746941
7,46131592;18,66848946
7,46631592;17,26746941
7,47131592;18,20096970
7,47631592;17,73498917
7,48131592;17,26746941
7,48631592;17,73498917
7,49131592;17,73498917
7,49631592;17,73498917
7,50131592;18,20096970
7,50631592;16,80148888
7,51131592;17,26746941
7,51631592;17,73498917
7,52131592;17,73498917
7,52631592;18,20096970
7,53131592;19,13447189
7,53631592;19,60199165
7,54131592;20,06797409
7,54631592;20,53549385
7,55131592;21,00147629
7,55631592;21,46899414
7,56131591;22,86847687
7,56631591;22,40249634
7,57131591;22,86847687
7,57631591;23,33599663
7,58131591;23,33599663
7,58631591;23,80197906
7,59131591;24,26949883
7,59631591;24,26949883
7,60131591;23,80197906
7,60631591;24,26949883
7,61131591;23,33599663
7,61631591;22,40249634
7,62131591;22,86847687
7,62631591;22,86847687
7,63131591;22,86847687
7,63631591;21,46899414
7,64131591;21,93497658
7,64631591;20,53549385
7,65131591;21,93497658
7,65631591;19,60199165
7,66131591;19,13447189
7,66631591;20,06797409
7,67131591;18,66848946
7,67631591;19,13447189
7,68131591;19,60199165
7,68631591;18,66848946
7,69131591;18,66848946
7,69631591;19,13447189
7,70131591;19,13447189
7,70631591;18,66848946
7,71131591;19,13447189
7,71631591;18,66848946
7,72131591;19,60199165
7,72631591;18,66848946
7,73131591;19,13447189
7,73631591;18,66848946
7,74131591;19,13447189
7,74631591;18,66848946
7,75131591;18,20096970
7,75631591;18,66848946
7,76131591;17,73498917
7,76631591;17,73498917
7,77131591;16,80148888
7,77631591;16,33396912
7,78131591;16,33396912
7,78631591;15,86798668
7,79131591;15,40046692
7,79631591;14,46850300
7,80131591;14,46850300
7,80631591;14,00098324
7,81131591;13,53500175
7,81631591;12,13398075
7,82131591;12,13398075
7,82631591;11,20047951
7,83131591;12,60150051
7,83631591;11,20047951
7,84131591;10,73449707
7,84631591;12,60150051
7,85131591;10,73449707
7,85631591;10,26697731
7,86131591;11,66799831
7,86631591;11,20047951
7,87131591;11,66799831
7,87631591;11,20047951
7,88131591;12,60150051
7,88631591;11,20047951
7,89131591;12,13398075
7,89631591;11,66799831
7,90131591;13,53500175
7,90631591;12,60150051
7,91131591;12,60150051
7,91631591;12,13398075
7,92131591;12,13398075
7,92631591;12,60150051
7,93131591;12,13398075
7,93631591;11,20047951
7,94131591;10,73449707
7,94631591;10,26697731
7,95131591;9,80099583
7,95631591;9,80099583
7,96131590;9,80099583
7,96631590;8,86749458
7,97131590;8,86749458
7,97631590;9,33347607
7,98131590;9,33347607
7,98631590;8,86749458
7,99131590;9,33347607
7,99631590;9,80099583
8,00131590;10,73449707
8,00631590;10,73449707
8,01131590;12,13398075
8,01631590;12,60150051
8,02131590;14,00098324
8,02631590;15,86798668
8,03131590;16,80148888
8,03631590;17,73498917
8,04131590;18,20096970
8,04631590;20,53549385
8,05131590;20,06797409
8,05631590;21,46899414
8,06131590;21,46899414
8,06631590;21,46899414
8,07131590;21,00147629
8,07631590;21,00147629
8,08131590;20,06797409
8,08631590;18,66848946
8,09131590;18,66848946
8,09631590;17,73498917
8,10131590;15,86798668
8,10631590;14,93448448
8,11131590;14,00098324
8,11631590;14,46850300
8,12131590;13,53500175
8,12631590;12,60150051
8,13131590;13,06748199
8,13631590;12,60150051
8,14131590;13,06748199
8,14631590;13,06748199
8,15131590;13,53500175
8,15631590;13,06748199
8,16131590;13,53500175
8,16631590;14,00098324
8,17131590;13,53500175
8,17631590;14,46850300
8,18131590;14,00098324
8,18631590;13,53500175
8,19131590;14,00098324
8,19631590;14,46850300
8,20131590;14,00098324
8,20631590;14,00098324
8,21131590;14,46850300
8,21631590;14,46850300
8,22131590;14,46850300
8,22631590;14,46850300
8,23131590;16,80148888
8,23631590;14,46850300
8,24131590;14,46850300
8,24631590;14,46850300
8,25131590;13,53500175
8,25631590;14,46850300
8,26131590;13,06748199
8,26631590;13,06748199
8,27131590;14,00098324
8,27631590;13,06748199
8,28131590;13,06748199
8,28631590;14,00098324
8,29131590;14,00098324
8,29631590;14,00098324
8,30131590;15,86798668
8,30631590;14,93448448
8,31131590;15,86798668
8,31631590;16,80148888
8,32131590;17,26746941
8,32631590;16,80148888
8,33131590;17,26746941
8,33631590;19,60199165
8,34131590;19,13447189
8,34631590;17,73498917
8,35131590;18,66848946
8,35631589;18,20096970
8,36131589;18,66848946
8,36631589;19,13447189
8,37131589;19,13447189
8,37631589;18,20096970
8,38131589;18,20096970
8,38631589;18,20096970
8,39131589;18,20096970
8,39631589;18,20096970
8,40131589;17,73498917
8,40631589;17,26746941
8,41131589;17,73498917
8,41631589;17,73498917
8,42131589;17,26746941
8,42631589;16,33396912
8,43131589;15,40046692
8,43631589;17,73498917
8,44131589;17,26746941
8,44631589;18,66848946
8,45131589;16,80148888
8,45631589;16,80148888
8,46131589;16,80148888
8,46631589;16,80148888
8,47131589;15,86798668
8,47631589;16,33396912
8,48131589;16,33396912
8,48631589;15,86798668
8,49131589;15,86798668
8,49631589;15,86798668
8,50131589;15,86798668
8,50631589;15,86798668
8,51131589;14,93448448
8,51631589;15,40046692
8,52131589;15,40046692
8,52631589;14,00098324
8,53131589;14,00098324
8,53631589;13,53500175
8,54131589;13,06748199
8,54631589;12,60150051
8,55131589;12,13398075
8,55631589;11,66799831
8,56131589;9,33347607
8,56631589;11,20047951
8,57131589;10,26697731
8,57631589;11,20047951
8,58131589;10,26697731
8,58631589;11,20047951
8,59131589;10,73449707
8,59631589;9,80099583
8,60131589;9,80099583
8,60631589;10,73449707
8,61131589;10,26697731
8,61631589;9,80099583
8,62131589;10,26697731
8,62631589;10,26697731
8,63131589;11,20047951
8,63631589;9,80099583
8,64131589;9,33347607
8,64631589;9,80099583
8,65131589;9,33347607
8,65631589;9,33347607
8,66131589;8,86749458
8,66631589;8,86749458
8,67131589;9,33347607
8,67631589;10,26697731
8,68131589;8,86749458
8,68631589;9,33347607
8,69131589;9,33347607
8,69631589;9,80099583
8,70131589;8,86749458
8,70631589;9,80099583
8,71131589;8,39997482
8,71631589;9,33347607
8,72131589;8,39997482
8,72631589;7,93399334
8,73131589;7,93399334
8,73631589;8,39997482
8,74131589;9,33347607
8,74631589;7,00049162
8,75131588;7,00049162
8,75631588;7,00049162
8,76131588;7,00049162
8,76631588;7,00049162
8,77131588;7,00049162
8,77631588;7,46647358
8,78131588;7,00049162
8,78631588;7,46647358
8,79131588;8,39997482
8,79631588;7,00049162
8,80131588;8,39997482
8,80631588;7,00049162
8,81131588;7,93399334
8,81631588;7,93399334
8,82131588;7,00049162
8,82631588;7,46647358
8,83131588;7,93399334
8,83631588;8,86749458
8,84131588;6,53297186
8,84631588;7,93399334
8,85131588;6,53297186
8,85631588;7,00049162
8,86131588;6,53297186
8,86631588;6,06699038
8,87131588;6,06699038
8,87631588;6,53297186
8,88131588;6,06699038
8,88631588;5,59947062
8,89131588;5,13348866
8,89631588;5,59947062
8,90131588;5,59947062
8,90631588;4,66596889
8,91131588;5,59947062
8,91631588;5,13348866
8,92131588;4,66596889
8,92631588;4,66596889
8,93131588;5,13348866
8,93631588;4,66596889
8,94131588;4,66596889
8,94631588;4,19998741
8,95131588;4,19998741
8,95631588;3,26648593
8,96131588;3,26648593
8,96631588;2,79896641
8,97131588;2,33298445
8,97631588;3,26648593
8,98131588;2,79896641
8,98631588;3,26648593
8,99131588;1,86546493
8,99631588;1,86546493
9,00131588;1,39948320
9,00631588;0,46598175
9,01131588;1,86546493
9,01631588;-0,93196350
9,02131588;-0,93196350
9,02631588;-1,39948320
9,03131588;-2,79896641
9,03631588;-2,79896641
9,04131588;-0,46598175
9,04631588;-3,26648593
9,05131588;-5,13348866
9,05631588;-5,13348866
9,06131588;-6,06699038
9,06631588;-6,53297186
9,07131588;-7,00049162
9,07631588;-7,93399334
9,08131588;-7,00049162
9,08631588;-7,93399334
9,09131588;-7,93399334
9,09631588;-7,93399334
9,10131588;-8,86749458
9,10631588;-9,33347607
9,11131588;-10,26697731
9,11631588;-11,20047951
9,12131588;-11,66799831
9,12631588;-12,60150051
9,13131588;-12,60150051
9,13631588;-12,60150051
9,14131588;-12,60150051
9,14631587;-13,53500175
9,15131587;-13,06748199
9,15631587;-14,00098324
9,16131587;-12,60150051
9,16631587;-12,13398075
9,17131587;-10,73449707
9,17631587;-9,80099583
9,18131587;-9,33347607
9,18631587;-8,86749458
9,19131587;-7,46647358
9,19631587;-7,00049162
9,20131587;-7,93399334
9,20631587;-6,53297186
9,21131587;-6,53297186
9,21631587;-7,46647358
9,22131587;-7,93399334
9,22631587;-8,86749458
9,23131587;-10,26697731
9,23631587;-10,73449707
9,24131587;-11,20047951
9,24631587;-11,20047951
9,25131587;-13,06748199
9,25631587;-12,13398075
9,26131587;-12,60150051
9,26631587;-12,13398075
9,27131587;-12,60150051
9,27631587;-11,20047951
9,28131587;-12,13398075
9,28631587;-12,13398075
9,29131587;-11,20047951
9,29631587;-10,73449707
9,30131587;-11,20047951
9,30631587;-10,73449707
9,31131587;-11,20047951
9,31631587;-9,80099583
9,32131587;-10,26697731
9,32631587;-10,26697731
9,33131587;-9,33347607
9,33631587;-9,33347607
9,34131587;-9,80099583
9,34631587;-9,80099583
9,35131587;-4,66596889
9,35631587;-9,80099583
9,36131587;-9,33347607
9,36631587;-9,80099583
9,37131587;-9,80099583
9,37631587;-10,26697731
9,38131587;-9,80099583
9,38631587;-10,26697731
9,39131587;-11,20047951
9,39631587;-10,73449707
9,40131587;-12,13398075
9,40631587;-13,06748199
9,41131587;-13,06748199
9,41631587;-12,13398075
9,42131587;-12,60150051
9,42631587;-13,53500175
9,43131587;-13,06748199
9,43631587;-13,06748199
9,44131587;-12,13398075
9,44631587;-14,00098324
9,45131587;-11,66799831
9,45631587;-11,66799831
9,46131587;-7,46647358
9,46631587;-9,80099583
9,47131587;-10,26697731
9,47631587;-9,80099583
9,48131587;-8,86749458
9,48631587;-8,39997482
9,49131587;-8,39997482
9,49631587;-8,39997482
9,50131587;-8,86749458
9,50631587;-8,86749458
9,51131587;-9,33347607
9,51631587;-9,80099583
9,52131587;-10,26697731
9,52631587;-10,73449707
9,53131587;-10,73449707
9,53631587;-11,20047951
9,54131586;-11,20047951
9,54631586;-11,66799831
9,55131586;-11,66799831
9,55631586;-13,53500175
9,56131586;-13,06748199
9,56631586;-14,46850300
9,57131586;-14,00098324
9,57631586;-14,00098324
9,58131586;-14,00098324
9,58631586;-14,93448448
9,59131586;-14,93448448
9,59631586;-15,86798668
9,60131586;-15,86798668
9,60631586;-15,40046692
9,61131586;-14,46850300
9,61631586;-16,33396912
9,62131586;-14,93448448
9,62631586;-15,86798668
9,63131586;-15,86798668
9,63631586;-15,86798668
9,64131586;-14,93448448
9,64631586;-15,40046692
9,65131586;-16,33396912
9,65631586;-14,46850300
9,66131586;-15,40046692
9,66631586;-15,86798668
9,67131586;-17,73498917
9,67631586;-16,80148888
9,68131586;-16,80148888
9,68631586;-17,73498917
9,69131586;-18,20096970
9,69631586;-17,73498917
9,70131586;-18,66848946
9,70631586;-19,60199165
9,71131586;-19,60199165
9,71631586;-20,53549385
9,72131586;-21,00147629
9,72631586;-21,00147629
9,73131586;-21,93497658
9,73631586;-23,33599663
9,74131586;-23,80197906
9,74631586;-23,33599663
9,75131586;-23,80197906
9,75631586;-25,20300102
9,76131586;-23,80197906
9,76631586;-24,73548126
9,77131586;-23,80197906
9,77631586;-25,20300102
9,78131586;-25,20300102
9,78631586;-25,20300102
9,79131586;-25,20300102
9,79631586;-25,66898346
9,80131586;-24,73548126
9,80631586;-25,20300102
9,81131586;-25,20300102
9,81631586;-24,26949883
9,82131586;-24,73548126
9,82631586;-24,73548126
9,83131586;-22,86847687
9,83631586;-24,73548126
9,84131586;-26,13650131
9,84631586;-28,00350380
9,85131586;-27,07000351
9,85631586;-26,60248184
9,86131586;-26,60248184
9,86631586;-26,60248184
9,87131586;-28,00350380
9,87631586;-28,46948624
9,88131586;-29,87050819
9,88631586;-29,40298843
9,89131586;-30,33649063
9,89631586;-30,80247116
9,90131586;-30,80247116
9,90631586;-30,80247116
9,91131586;-29,40298843
9,91631586;-29,87050819
9,92131586;-29,40298843
9,92631586;-28,00350380
9,93131586;-27,53598404
9,93631585;-26,60248184
9,94131585;-26,13650131
9,94631585;-25,20300102
9,95131585;-25,20300102
9,95631585;-23,33599663
9,96131585;-22,40249634
9,96631585;-22,86847687
9,97131585;-22,86847687
9,97631585;-22,86847687
9,98131585;-22,40249634
9,98631585;-23,33599663
9,99131585;-23,80197906
9,99631585;-25,20300102
10,00131585;-25,66898346
10,00631585;-26,13650131
10,01131585;-26,60248184
10,01631585;-27,07000351
10,02131585;-27,07000351
10,02631585;-27,53598404
10,03131585;-28,93700600
10,03631585;-29,87050819
10,04131585;-28,00350380
10,04631585;-28,00350380
10,05131585;-28,00350380
10,05631585;-28,00350380
10,06131585;-27,53598404
10,06631585;-27,07000351
10,07131585;-27,53598404
10,07631585;-28,00350380
10,08131585;-27,53598404
10,08631585;-27,07000351
10,09131585;-27,07000351
10,09631585;-27,53598404
10,10131585;-27,07000351
10,10631585;-27,53598404
10,11131585;-25,20300102
10,11631585;-26,60248184
10,12131585;-26,13650131
10,12631585;-26,13650131
10,13131585;-26,13650131
10,13631585;-26,60248184
10,14131585;-26,13650131
10,14631585;-26,13650131
10,15131585;-26,60248184
10,15631585;-26,60248184
10,16131585;-28,00350380
10,16631585;-27,53598404
10,17131585;-28,00350380
10,17631585;-27,53598404
10,18131585;-28,46948624
10,18631585;-28,93700600
10,19131585;-28,93700600
10,19631585;-29,40298843
10,20131585;-28,93700600
10,20631585;-27,53598404
10,21131585;-27,53598404
10,21631585;-27,07000351
10,22131585;-27,07000351
10,22631585;-26,60248184
10,23131585;-26,60248184
10,23631585;-27,07000351
10,24131585;-25,20300102
10,24631585;-26,13650131
10,25131585;-25,66898346
10,25631585;-24,26949883
10,26131585;-24,26949883
10,26631585;-24,73548126
10,27131585;-24,73548126
10,27631585;-25,20300102
10,28131585;-25,20300102
10,28631585;-25,66898346
10,29131585;-25,20300102
10,29631585;-25,66898346
10,30131585;-25,66898346
10,30631585;-22,86847687
10,31131585;-27,53598404
10,31631585;-27,07000351
10,32131585;-27,53598404
10,32631585;-27,07000351
10,33131585;-27,07000351
10,33631584;-27,53598404
10,34131584;-28,00350380
10,34631584;-28,00350380
10,35131584;-28,00350380
10,35631584;-28,93700600
10,36131584;-28,46948624
10,36631584;-28,93700600
10,37131584;-28,46948624
10,37631584;-28,93700600
10,38131584;-27,53598404
10,38631584;-28,93700600
10,39131584;-28,46948624
10,39631584;-27,53598404
10,40131584;-27,07000351
10,40631584;-27,53598404
10,41131584;-26,13650131
10,41631584;-26,60248184
10,42131584;-26,60248184
10,42631584;-26,13650131
10,43131584;-28,46948624
10,43631584;-26,60248184
10,44131584;-26,60248184
10,44631584;-26,60248184
10,45131584;-27,07000351
10,45631584;-27,07000351
10,46131584;-26,60248184
10,46631584;-27,07000351
10,47131584;-27,07000351
10,47631584;-27,53598404
10,48131584;-27,53598404
10,48631584;-27,53598404
10,49131584;-28,46948624
10,49631584;-28,00350380
10,50131584;-28,00350380
10,50631584;-28,46948624
10,51131584;-28,46948624
10,51631584;-27,53598404
10,52131584;-26,60248184
10,52631584;-27,07000351
10,53131584;-25,66898346
10,53631584;-25,66898346
10,54131584;-26,60248184
10,54631584;-26,60248184
10,55131584;-25,20300102
10,55631584;-25,20300102
10,56131584;-25,20300102
10,56631584;-24,26949883
10,57131584;-23,33599663
10,57631584;-24,73548126
10,58131584;-23,33599663
10,58631584;-24,26949883
10,59131584;-22,40249634
10,59631584;-22,86847687
10,60131584;-22,86847687
10,60631584;-22,86847687
10,61131584;-22,86847687
10,61631584;-22,40249634
10,62131584;-22,40249634
10,62631584;-22,40249634
10,63131584;-21,46899414
10,63631584;-21,00147629
10,64131584;-21,93497658
10,64631584;-21,46899414
10,65131584;-23,80197906
10,65631584;-21,00147629
10,66131584;-21,46899414
10,66631584;-21,46899414
10,67131584;-21,46899414
10,67631584;-21,46899414
10,68131584;-21,93497658
10,68631584;-21,00147629
10,69131584;-20,53549385
10,69631584;-20,53549385
10,70131584;-21,00147629
10,70631584;-20,06797409
10,71131584;-20,06797409
10,71631584;-20,06797409
10,72131584;-19,60199165
10,72631584;-19,60199165
10,73131583;-19,13447189
10,73631583;-18,66848946
10,74131583;-19,60199165
10,74631583;-18,20096970
10,75131583;-18,20096970
10,75631583;-18,66848946
10,76131583;-19,13447189
10,76631583;-19,13447189
10,77131583;-19,13447189
10,77631583;-19,60199165
10,78131583;-19,60199165
10,78631583;-21,00147629
10,79131583;-20,06797409
10,79631583;-19,60199165
10,80131583;-19,60199165
10,80631583;-20,53549385
10,81131583;-20,06797409
10,81631583;-20,53549385
10,82131583;-20,06797409
10,82631583;-20,06797409
10,83131583;-19,60199165
10,83631583;-19,60199165
10,84131583;-20,06797409
10,84631583;-18,20096970
10,85131583;-18,66848946
10,85631583;-18,20096970
10,86131583;-18,66848946
10,86631583;-18,66848946
10,87131583;-18,66848946
10,87631583;-19,13447189
10,88131583;-19,13447189
10,88631583;-19,13447189
10,89131583;-18,66848946
10,89631583;-19,13447189
10,90131583;-18,66848946
10,90631583;-19,13447189
10,91131583;-18,20096970
10,91631583;-18,66848946
10,92131583;-16,80148888
10,92631583;-19,13447189
10,93131583;-18,66848946
10,93631583;-19,13447189
10,94131583;-19,13447189
10,94631583;-18,20096970
10,95131583;-18,66848946
10,95631583;-18,66848946
10,96131583;-19,60199165
10,96631583;-18,20096970
10,97131583;-18,66848946
10,97631583;-19,13447189
10,98131583;-18,66848946
10,98631583;-19,13447189
10,99131583;-18,66848946
10,99631583;-19,13447189
11,00131583;-19,60199165
11,00631583;-20,06797409
11,01131583;-19,60199165
11,01631583;-20,06797409
11,02131583;-20,06797409
11,02631583;-21,00147629
11,03131583;-21,93497658
11,03631583;-21,00147629
11,04131583;-21,93497658
11,04631583;-24,26949883
11,05131583;-22,40249634
11,05631583;-22,86847687
11,06131583;-22,40249634
11,06631583;-22,86847687
11,07131583;-21,46899414
11,07631583;-21,00147629
11,08131583;-21,46899414
11,08631583;-20,06797409
11,09131583;-19,13447189
11,09631583;-17,73498917
11,10131583;-17,26746941
11,10631583;-16,33396912
11,11131583;-15,86798668
11,11631583;-15,86798668
11,12131583;-14,93448448
11,12631582;-14,93448448
11,13131582;-14,93448448
11,13631582;-14,46850300
11,14131582;-14,46850300
11,14631582;-15,40046692
11,15131582;-5,13348866
11,15631582;-15,86798668
11,16131582;-16,33396912
11,16631582;-16,33396912
11,17131582;-17,26746941
11,17631582;-15,86798668
11,18131582;-15,86798668
11,18631582;-15,86798668
11,19131582;-15,40046692
11,19631582;-14,46850300
11,20131582;-14,46850300
11,20631582;-13,06748199
11,21131582;-11,66799831
11,21631582;-12,60150051
11,22131582;-12,60150051
11,22631582;-11,20047951
11,23131582;-11,20047951
11,23631582;-11,66799831
11,24131582;-10,73449707
11,24631582;-12,13398075
11,25131582;-11,20047951
11,25631582;-10,26697731
11,26131582;-8,86749458
11,26631582;-9,80099583
11,27131582;-9,33347607
11,27631582;-9,33347607
11,28131582;-9,33347607
11,28631582;-9,33347607
11,29131582;-9,33347607
11,29631582;-9,33347607
11,30131582;-9,33347607
11,30631582;-9,33347607
11,31131582;-9,80099583
11,31631582;-9,33347607
11,32131582;-9,33347607
11,32631582;-8,86749458
11,33131582;-9,33347607
11,33631582;-9,33347607
11,34131582;-9,33347607
11,34631582;-9,33347607
11,35131582;-8,86749458
11,35631582;-8,86749458
11,36131582;-7,93399334
11,36631582;-7,46647358
11,37131582;-7,00049162
11,37631582;-6,53297186
11,38131582;-5,59947062
11,38631582;-6,06699038
11,39131582;-5,13348866
11,39631582;-5,59947062
11,40131582;-4,66596889
11,40631582;-3,73246789
11,41131582;-3,26648593
11,41631582;-3,73246789
11,42131582;-4,19998741
11,42631582;-3,73246789
11,43131582;-4,19998741
11,43631582;-4,19998741
11,44131582;-4,66596889
11,44631582;-5,13348866
11,45131582;-4,66596889
11,45631582;-5,59947062
11,46131582;-5,59947062
11,46631582;-6,53297186
11,47131582;-6,53297186
11,47631582;-7,46647358
11,48131582;-6,53297186
11,48631582;-7,00049162
11,49131582;-7,93399334
11,49631582;-7,00049162
11,50131582;-7,93399334
11,50631582;-7,93399334
11,51131582;-7,46647358
11,51631582;-7,93399334
11,52131581;-7,46647358
11,52631581;-7,93399334
11,53131581;-7,93399334
11,53631581;-7,46647358
11,54131581;-7,46647358
11,54631581;-7,93399334
11,55131581;-7,93399334
11,55631581;-8,39997482
11,56131581;-7,00049162
11,56631581;-7,46647358
11,57131581;-6,53297186
11,57631581;-8,39997482
11,58131581;-7,00049162
11,58631581;-7,93399334
11,59131581;-7,00049162
11,59631581;-7,46647358
11,60131581;-7,93399334
11,60631581;-9,33347607
11,61131581;-7,93399334
11,61631581;-8,39997482
11,62131581;-8,86749458
11,62631581;-9,33347607
11,63131581;-9,33347607
11,63631581;-10,26697731
11,64131581;-12,13398075
11,64631581;-11,20047951
11,65131581;-13,06748199
11,65631581;-6,53297186
11,66131581;-13,06748199
11,66631581;-14,46850300
11,67131581;-15,86798668
11,67631581;-14,46850300
11,68131581;-14,00098324
11,68631581;-14,93448448
11,69131581;-14,93448448
11,69631581;-14,00098324
11,70131581;-13,53500175
11,70631581;-14,46850300
11,71131581;-13,06748199
11,71631581;-12,60150051
11,72131581;-13,53500175
11,72631581;-14,00098324
11,73131581;-12,13398075
11,73631581;-12,60150051
11,74131581;-12,60150051
11,74631581;-13,06748199
11,75131581;-13,06748199
11,75631581;-14,00098324
11,76131581;-13,53500175
11,76631581;-14,00098324
11,77131581;-14,46850300
11,77631581;-14,46850300
11,78131581;-14,93448448
11,78631581;-14,46850300
11,79131581;-15,40046692
11,79631581;-15,40046692
11,80131581;-14,93448448
11,80631581;-14,46850300
11,81131581;-14,46850300
11,81631581;-14,00098324
11,82131581;-13,06748199
11,82631581;-13,06748199
11,83131581;-12,60150051
11,83631581;-11,66799831
11,84131581;-11,20047951
11,84631581;-10,26697731
11,85131581;-8,86749458
11,85631581;-8,39997482
11,86131581;-8,86749458
11,86631581;-7,46647358
11,87131581;-6,53297186
11,87631581;-6,53297186
11,88131581;-6,53297186
11,88631581;-7,93399334
11,89131581;-7,00049162
11,89631581;-7,00049162
11,90131581;-7,93399334
11,90631581;-7,93399334
11,91131581;-8,39997482
11,91631580;-9,33347607
11,92131580;-9,80099583
11,92631580;-9,80099583
11,93131580;-9,33347607
11,93631580;-10,73449707
11,94131580;-10,73449707
11,94631580;-10,73449707
11,95131580;-10,26697731
11,95631580;-9,33347607
11,96131580;-10,26697731
11,96631580;-9,33347607
11,97131580;-10,73449707
11,97631580;-9,33347607
11,98131580;-9,80099583
11,98631580;-9,80099583
11,99131580;-9,80099583
11,99631580;-9,33347607
12,00131580;-8,86749458
12,00631580;-9,33347607
12,01131580;-8,86749458
12,01631580;-8,39997482
12,02131580;-8,39997482
12,02631580;-7,93399334
12,03131580;-7,00049162
12,03631580;-6,53297186
12,04131580;-6,53297186
12,04631580;-6,06699038
12,05131580;-6,53297186
12,05631580;-6,53297186
12,06131580;-6,53297186
12,06631580;-5,13348866
12,07131580;-6,53297186
12,07631580;-6,53297186
12,08131580;-6,53297186
12,08631580;-7,00049162
12,09131580;-7,00049162
12,09631580;-6,53297186
12,10131580;-6,06699038
12,10631580;-7,46647358
12,11131580;-6,06699038
12,11631580;-7,46647358
12,12131580;-5,59947062
12,12631580;-5,13348866
12,13131580;-4,19998741
12,13631580;-4,66596889
12,14131580;-3,73246789
12,14631580;-4,19998741
12,15131580;-3,73246789
12,15631580;-3,26648593
12,16131580;4,19998741
12,16631580;-3,26648593
12,17131580;-3,73246789
12,17631580;-3,73246789
12,18131580;-3,73246789
12,18631580;-3,73246789
12,19131580;-4,19998741
12,19631580;-4,66596889
12,20131580;-4,66596889
12,20631580;-5,13348866
12,21131580;-5,13348866
12,21631580;-5,59947062
12,22131580;-6,06699038
12,22631580;-6,06699038
12,23131580;-6,53297186
12,23631580;-6,53297186
12,24131580;-7,46647358
12,24631580;-7,46647358
12,25131580;-7,93399334
12,25631580;-7,93399334
12,26131580;-7,00049162
12,26631580;-7,93399334
12,27131580;-7,46647358
12,27631580;-8,39997482
12,28131580;-7,46647358
12,28631580;-7,46647358
12,29131580;-7,93399334
12,29631580;-7,00049162
12,30131580;-7,00049162
12,30631580;-7,00049162
12,31131580;-6,53297186
12,31631579;-6,53297186
12,32131579;-6,53297186
12,32631579;-6,06699038
12,33131579;-5,59947062
12,33631579;-6,06699038
12,34131579;-6,06699038
12,34631579;-6,53297186
12,35131579;-6,53297186
12,35631579;-7,00049162
12,36131579;-7,46647358
12,36631579;-8,86749458
12,37131579;-8,39997482
12,37631579;-8,86749458
12,38131579;-9,33347607
12,38631579;-9,80099583
12,39131579;-10,26697731
12,39631579;-9,33347607
12,40131579;-11,20047951
12,40631579;-11,20047951
12,41131579;-11,20047951
12,41631579;-12,13398075
12,42131579;-11,20047951
12,42631579;-10,73449707
12,43131579;-11,66799831
12,43631579;-11,66799831
12,44131579;-11,20047951
12,44631579;-12,60150051
12,45131579;-10,26697731
12,45631579;-10,73449707
12,46131579;-11,20047951
12,46631579;-9,80099583
12,47131579;-10,73449707
12,47631579;-10,26697731
12,48131579;-10,26697731
12,48631579;-10,73449707
12,49131579;-10,26697731
12,49631579;-10,73449707
12,50131579;-9,80099583
12,50631579;-10,26697731
12,51131579;-10,26697731
12,51631579;-9,80099583
12,52131579;-8,86749458
12,52631579;-9,80099583
12,53131579;-9,80099583
12,53631579;-9,80099583
12,54131579;-9,80099583
12,54631579;-10,26697731
12,55131579;-9,80099583
12,55631579;-10,26697731
12,56131579;-8,86749458
12,56631579;-8,86749458
12,57131579;-7,93399334
12,57631579;-9,80099583
12,58131579;-9,33347607
12,58631579;-8,86749458
12,59131579;-8,86749458
12,59631579;-8,39997482
12,60131579;-8,39997482
12,60631579;-8,39997482
12,61131579;-7,00049162
12,61631579;-7,46647358
12,62131579;-7,00049162
12,62631579;-7,46647358
12,63131579;-6,06699038
12,63631579;-6,06699038
12,64131579;-5,59947062
12,64631579;-6,06699038
12,65131579;-5,13348866
12,65631579;-4,66596889
12,66131579;-4,19998741
12,66631579;-5,59947062
12,67131579;-6,53297186
12,67631579;-5,59947062
12,68131579;-6,06699038
12,68631579;-6,06699038
12,69131579;-6,53297186
12,69631579;-4,66596889
12,70131579;-5,13348866
12,70631579;-5,59947062
12,71131578;-5,13348866
12,71631578;-4,66596889
12,72131578;-4,19998741
12,72631578;-4,66596889
12,73131578;-4,19998741
12,73631578;-3,73246789
12,74131578;-4,66596889
12,74631578;-4,19998741
12,75131578;-3,26648593
12,75631578;-2,79896641
12,76131578;-2,79896641
12,76631578;-3,26648593
12,77131578;-3,26648593
12,77631578;-2,79896641
12,78131578;-3,73246789
12,78631578;-3,73246789
12,79131578;-3,26648593
12,79631578;-3,73246789
12,80131578;-4,66596889
12,80631578;-3,73246789
12,81131578;-3,73246789
12,81631578;-4,19998741
12,82131578;-4,19998741
12,82631578;-5,13348866
12,83131578;-5,13348866
12,83631578;-5,59947062
12,84131578;-5,13348866
12,84631578;-4,66596889
12,85131578;-5,59947062
12,85631578;-6,06699038
12,86131578;-7,46647358
12,86631578;-7,46647358
12,87131578;-7,46647358
12,87631578;-7,93399334
12,88131578;-7,93399334
12,88631578;-9,33347607
12,89131578;-9,33347607
12,89631578;-9,33347607
12,90131578;-10,26697731
12,90631578;-9,80099583
12,91131578;-11,20047951
12,91631578;-11,20047951
12,92131578;-11,20047951
12,92631578;-11,66799831
12,93131578;-12,13398075
12,93631578;-12,60150051
12,94131578;-13,06748199
12,94631578;-12,13398075
12,95131578;-13,06748199
12,95631578;-13,53500175
12,96131578;-13,06748199
12,96631578;-14,93448448
12,97131578;-13,06748199
12,97631578;-13,06748199
12,98131578;-13,53500175
12,98631578;-13,06748199
12,99131578;-12,13398075
12,99631578;-11,20047951
13,00131578;-10,73449707
13,00631578;-10,26697731
13,01131578;-8,86749458
13,01631578;-8,39997482
13,02131578;-7,46647358
13,02631578;-6,53297186
13,03131578;-6,53297186
13,03631578;-5,59947062
13,04131578;-6,53297186
13,04631578;-5,59947062
13,05131578;-6,06699038
13,05631578;-7,00049162
13,06131578;-7,93399334
13,06631578;-7,00049162
13,07131578;-7,46647358
13,07631578;-7,46647358
13,08131578;-8,39997482
13,08631578;-8,39997482
13,09131578;-8,39997482
13,09631578;-8,39997482
13,10131578;-7,93399334
13,10631577;-7,46647358
13,11131577;-7,93399334
13,11631577;-7,46647358
13,12131577;-6,53297186
13,12631577;-7,46647358
13,13131577;-6,06699038
13,13631577;-6,53297186
13,14131577;-5,59947062
13,14631577;-6,53297186
13,15131577;-6,06699038
13,15631577;-6,53297186
13,16131577;-7,00049162
13,16631577;-6,06699038
13,17131577;-5,13348866
13,17631577;-5,13348866
13,18131577;-5,13348866
13,18631577;-4,66596889
13,19131577;-4,19998741
13,19631577;-4,19998741
13,20131577;-3,26648593
13,20631577;-3,73246789
13,21131577;-3,73246789
13,21631577;-3,26648593
13,22131577;-3,73246789
13,22631577;-3,73246789
13,23131577;-3,73246789
13,23631577;-3,73246789
13,24131577;-3,26648593
13,24631577;-2,33298445
13,25131577;-4,66596889
13,25631577;-3,26648593
13,26131577;-2,79896641
13,26631577;-1,86546493
13,27131577;-1,86546493
13,27631577;-1,86546493
13,28131577;-0,93196350
13,28631577;-0,46598175
13,29131577;0,46598175
13,29631577;1,39948320
13,30131577;1,86546493
13,30631577;2,33298445
13,31131577;2,79896641
13,31631577;3,73246789
13,32131577;3,73246789
13,32631577;3,73246789
13,33131577;5,13348866
13,33631577;5,13348866
13,34131577;5,13348866
13,34631577;5,59947062
13,35131577;4,66596889
13,35631577;5,13348866
13,36131577;5,13348866
13,36631577;3,26648593
13,37131577;4,66596889
13,37631577;4,19998741
13,38131577;5,59947062
13,38631577;4,66596889
13,39131577;3,73246789
13,39631577;3,73246789
13,40131577;3,73246789
13,40631577;2,79896641
13,41131577;3,26648593
13,41631577;2,79896641
13,42131577;3,73246789
13,42631577;3,26648593
13,43131577;3,73246789
13,43631577;2,79896641
13,44131577;2,79896641
13,44631577;3,26648593
13,45131577;4,19998741
13,45631577;3,73246789
13,46131577;3,26648593
13,46631577;4,66596889
13,47131577;5,13348866
13,47631577;5,59947062
13,48131577;5,13348866
13,48631577;5,59947062
13,49131577;4,66596889
13,49631577;5,59947062
13,50131576;5,13348866
13,50631576;6,06699038
13,51131576;4,66596889
13,51631576;4,66596889
13,52131576;5,13348866
13,52631576;5,13348866
13,53131576;3,73246789
13,53631576;4,19998741
13,54131576;3,26648593
13,54631576;3,26648593
13,55131576;3,26648593
13,55631576;2,79896641
13,56131576;1,39948320
13,56631576;2,33298445
13,57131576;1,86546493
13,57631576;1,39948320
13,58131576;2,33298445
13,58631576;2,33298445
13,59131576;1,39948320
13,59631576;2,79896641
13,60131576;2,79896641
13,60631576;3,73246789
13,61131576;2,79896641
13,61631576;2,33298445
13,62131576;4,66596889
13,62631576;5,13348866
13,63131576;4,66596889
13,63631576;5,59947062
13,64131576;5,59947062
13,64631576;6,06699038
13,65131576;5,59947062
13,65631576;6,06699038
13,66131576;5,59947062
13,66631576;-1,86546493
13,67131576;7,00049162
13,67631576;6,06699038
13,68131576;7,00049162
13,68631576;7,00049162
13,69131576;7,00049162
13,69631576;8,39997482
13,70131576;8,39997482
13,70631576;7,93399334
13,71131576;8,39997482
13,71631576;8,86749458
13,72131576;8,86749458
13,72631576;10,26697731
13,73131576;10,26697731
13,73631576;11,20047951
13,74131576;12,13398075
13,74631576;12,60150051
13,75131576;13,53500175
13,75631576;14,00098324
13,76131576;15,40046692
13,76631576;15,86798668
13,77131576;16,80148888
13,77631576;16,80148888
13,78131576;17,26746941
13,78631576;18,20096970
13,79131576;18,20096970
13,79631576;18,66848946
13,80131576;20,06797409
13,80631576;21,00147629
13,81131576;19,13447189
13,81631576;19,13447189
13,82131576;18,66848946
13,82631576;19,60199165
13,83131576;19,13447189
13,83631576;18,20096970
13,84131576;18,20096970
13,84631576;17,26746941
13,85131576;18,66848946
13,85631576;18,20096970
13,86131576;20,53549385
13,86631576;19,60199165
13,87131576;19,60199165
13,87631576;19,13447189
13,88131576;19,60199165
13,88631576;19,60199165
13,89131576;21,00147629
13,89631575;21,00147629
13,90131575;21,46899414
13,90631575;21,93497658
13,91131575;22,40249634
13,91631575;21,93497658
13,92131575;22,86847687
13,92631575;23,33599663
13,93131575;24,26949883
13,93631575;24,26949883
13,94131575;24,73548126
13,94631575;25,20300102
13,95131575;25,20300102
13,95631575;24,73548126
13,96131575;24,73548126
13,96631575;24,73548126
13,97131575;25,20300102
13,97631575;25,20300102
13,98131575;24,26949883
13,98631575;25,20300102
13,99131575;23,80197906
13,99631575;24,26949883
14,00131575;24,73548126
14,00631575;24,73548126
14,01131575;24,73548126
14,01631575;25,20300102
14,02131575;25,20300102
14,02631575;26,60248184
14,03131575;26,60248184
14,03631575;26,60248184
14,04131575;27,07000351
14,04631575;28,93700600
14,05131575;29,40298843
14,05631575;28,93700600
14,06131575;30,80247116
14,06631575;28,93700600
14,07131575;29,40298843
14,07631575;30,80247116
14,08131575;29,87050819
14,08631575;29,87050819
14,09131575;30,33649063
14,09631575;29,87050819
14,10131575;30,80247116
14,10631575;30,33649063
14,11131575;30,33649063
14,11631575;30,80247116
14,12131575;31,26999092
14,12631575;31,26999092
14,13131575;31,73597336
14,13631575;32,20349503
14,14131575;32,20349503
14,14631575;32,20349503
14,15131575;33,13699341
14,15631575;33,13699341
14,16131575;33,13699341
14,16631575;33,13699341
14,17131575;34,53647614
14,17631575;34,53647614
14,18131575;35,00399399
14,18631575;34,53647614
14,19131575;35,00399399
14,19631575;35,46997833
14,20131575;34,53647614
14,20631575;35,93749619
14,21131575;36,40348053
14,21631575;35,00399399
14,22131575;36,40348053
14,22631575;37,33697891
14,23131575;37,80450058
14,23631575;37,33697891
14,24131575;38,27048111
14,24631575;37,80450058
14,25131575;39,20398331
14,25631575;37,80450058
14,26131575;36,87099838
14,26631575;38,73800278
14,27131575;38,73800278
14,27631575;38,27048111
14,28131575;38,27048111
14,28631575;37,80450058
14,29131574;37,33697891
14,29631574;37,80450058
14,30131574;37,33697891
14,30631574;37,80450058
14,31131574;36,87099838
14,31631574;37,33697891
14,32131574;36,87099838
14,32631574;36,40348053
14,33131574;37,33697891
14,33631574;36,87099838
14,34131574;38,27048111
14,34631574;36,87099838
14,35131574;36,87099838
14,35631574;36,40348053
14,36131574;37,33697891
14,36631574;35,93749619
14,37131574;37,33697891
14,37631574;37,33697891
14,38131574;37,33697891
14,38631574;36,40348053
14,39131574;36,40348053
14,39631574;36,87099838
14,40131574;37,33697891
14,40631574;37,33697891
14,41131574;37,33697891
14,41631574;36,87099838
14,42131574;37,80450058
14,42631574;38,27048111
14,43131574;37,33697891
14,43631574;37,33697891
14,44131574;38,27048111
14,44631574;38,73800278
14,45131574;40,13748550
14,45631574;38,73800278
14,46131574;40,60500717
14,46631574;39,67150497
14,47131574;39,20398331
14,47631574;39,67150497
14,48131574;38,73800278
14,48631574;40,13748550
14,49131574;39,67150497
14,49631574;39,20398331
14,50131574;40,13748550
14,50631574;40,13748550
14,51131574;40,13748550
14,51631574;40,13748550
14,52131574;40,60500717
14,52631574;41,07098770
14,53131574;41,07098770
14,53631574;41,07098770
14,54131574;41,07098770
14,54631574;41,53850937
14,55131574;42,00448990
14,55631574;41,53850937
14,56131574;41,53850937
14,56631574;42,93798828
14,57131574;42,00448990
14,57631574;40,60500717
14,58131574;40,60500717
14,58631574;41,53850937
14,59131574;42,00448990
14,59631574;41,07098770
14,60131574;41,07098770
14,60631574;41,07098770
14,61131574;41,07098770
14,61631574;41,07098770
14,62131574;40,60500717
14,62631574;41,53850937
14,63131574;40,13748550
14,63631574;41,07098770
14,64131574;41,07098770
14,64631574;41,53850937
14,65131574;41,07098770
14,65631574;41,07098770
14,66131574;40,60500717
14,66631574;41,07098770
14,67131574;41,07098770
14,67631574;42,00448990
14,68131574;40,60500717
14,68631574;40,13748550
14,69131573;40,60500717
14,69631573;40,13748550
14,70131573;39,20398331
14,70631573;39,67150497
14,71131573;38,73800278
14,71631573;38,27048111
14,72131573;38,27048111
14,72631573;37,80450058
14,73131573;37,33697891
14,73631573;36,40348053
14,74131573;35,93749619
14,74631573;35,46997833
14,75131573;35,00399399
14,75631573;34,07049179
14,76131573;33,13699341
14,76631573;32,66947556
14,77131573;32,20349503
14,77631573;32,20349503
14,78131573;32,20349503
14,78631573;31,26999092
14,79131573;14,00098324
14,79631573;31,26999092
14,80131573;30,80247116
14,80631573;29,87050819
14,81131573;30,80247116
14,81631573;29,87050819
14,82131573;29,40298843
14,82631573;28,93700600
14,83131573;28,46948624
14,83631573;27,53598404
14,84131573;27,53598404
14,84631573;27,07000351
14,85131573;26,60248184
14,85631573;27,07000351
14,86131573;25,66898346
14,86631573;26,13650131
14,87131573;25,66898346
14,87631573;25,20300102
14,88131573;25,66898346
14,88631573;27,07000351
14,89131573;27,07000351
14,89631573;28,46948624
14,90131573;28,93700600
14,90631573;30,33649063
14,91131573;30,80247116
14,91631573;31,73597336
14,92131573;32,20349503
14,92631573;32,66947556
14,93131573;32,66947556
14,93631573;33,60297775
14,94131573;32,20349503
14,94631573;31,73597336
14,95131573;30,80247116
14,95631573;29,87050819
14,96131573;28,93700600
14,96631573;28,46948624
14,97131573;28,00350380
14,97631573;27,53598404
14,98131573;27,07000351
14,98631573;26,60248184
14,99131573;27,07000351
14,99631573;27,07000351
15,00131573;27,53598404
15,00631573;27,07000351
15,01131573;26,60248184
15,01631573;28,46948624
15,02131573;28,00350380
15,02631573;28,46948624
15,03131573;28,93700600
15,03631573;28,00350380
15,04131573;28,93700600
15,04631573;28,00350380
15,05131573;28,46948624
15,05631573;28,46948624
15,06131573;29,40298843
15,06631573;27,07000351
15,07131573;27,07000351
15,07631573;28,46948624
15,08131573;27,07000351
15,08631572;27,53598404
15,09131572;26,13650131
15,09631572;27,07000351
15,10131572;27,07000351
15,10631572;26,13650131
15,11131572;26,13650131
15,11631572;25,20300102
15,12131572;25,20300102
15,12631572;24,73548126
15,13131572;24,26949883
15,13631572;24,26949883
15,14131572;22,86847687
15,14631572;23,33599663
15,15131572;23,80197906
15,15631572;23,80197906
15,16131572;24,26949883
15,16631572;23,80197906
15,17131572;23,80197906
15,17631572;25,20300102
15,18131572;25,66898346
15,18631572;25,20300102
15,19131572;25,20300102
15,19631572;26,13650131
15,20131572;26,60248184
15,20631572;27,53598404
15,21131572;26,13650131
15,21631572;25,66898346
15,22131572;26,13650131
15,22631572;26,13650131
15,23131572;25,66898346
15,23631572;24,26949883
15,24131572;24,73548126
15,24631572;23,80197906
15,25131572;23,80197906
15,25631572;22,40249634
15,26131572;23,33599663
15,26631572;22,86847687
15,27131572;21,93497658
15,27631572;21,00147629
15,28131572;21,46899414
15,28631572;21,93497658
15,29131572;21,00147629
15,29631572;20,53549385
15,30131572;21,46899414
15,30631572;20,53549385
15,31131572;19,60199165
15,31631572;19,13447189
15,32131572;18,66848946
15,32631572;18,20096970
15,33131572;17,73498917
15,33631572;16,80148888
15,34131572;17,73498917
15,34631572;15,86798668
15,35131572;16,33396912
15,35631572;15,86798668
15,36131572;15,40046692
15,36631572;15,86798668
15,37131572;15,86798668
15,37631572;14,93448448
15,38131572;16,33396912
15,38631572;15,86798668
15,39131572;15,40046692
15,39631572;14,93448448
15,40131572;14,93448448
15,40631572;14,00098324
15,41131572;14,00098324
15,41631572;13,53500175
15,42131572;13,06748199
15,42631572;12,60150051
15,43131572;11,66799831
15,43631572;9,33347607
15,44131572;10,26697731
15,44631572;10,26697731
15,45131572;9,80099583
15,45631572;8,86749458
15,46131572;8,39997482
15,46631572;7,00049162
15,47131572;8,39997482
15,47631572;6,06699038
15,48131571;7,46647358
15,48631571;7,46647358
15,49131571;5,59947062
15,49631571;6,53297186
15,50131571;6,53297186
15,50631571;6,06699038
15,51131571;5,59947062
15,51631571;4,66596889
15,52131571;4,66596889
15,52631571;2,79896641
15,53131571;3,26648593
15,53631571;3,26648593
15,54131571;1,86546493
15,54631571;1,39948320
15,55131571;0,46598175
15,55631571;-0,46598175
15,56131571;-0,46598175
15,56631571;-1,39948320
15,57131571;-2,33298445
15,57631571;-1,86546493
15,58131571;-2,33298445
15,58631571;-2,79896641
15,59131571;-2,79896641
15,59631571;-2,79896641
15,60131571;-3,26648593
15,60631571;-3,73246789
15,61131571;-2,33298445
15,61631571;-4,19998741
15,62131571;-3,73246789
15,62631571;-4,19998741
15,63131571;-3,73246789
15,63631571;-3,73246789
15,64131571;-4,66596889
15,64631571;-4,19998741
15,65131571;-3,73246789
15,65631571;-2,79896641
15,66131571;-1,39948320
15,66631571;-1,86546493
15,67131571;-1,39948320
15,67631571;-1,86546493
15,68131571;0,46598175
15,68631571;0,00000000
15,69131571;-0,93196350
15,69631571;0,46598175
15,70131571;-1,39948320
15,70631571;-0,93196350
15,71131571;-1,86546493
15,71631571;-1,39948320
15,72131571;-2,33298445
15,72631571;-1,86546493
15,73131571;-2,79896641
15,73631571;-2,79896641
15,74131571;-4,19998741
15,74631571;-7,00049162
15,75131571;-4,66596889
15,75631571;-5,13348866
15,76131571;-4,19998741
15,76631571;-4,19998741
15,77131571;-4,19998741
15,77631571;-4,19998741
15,78131571;-5,13348866
15,78631571;-4,19998741
15,79131571;-4,66596889
15,79631571;-3,73246789
15,80131571;-3,73246789
15,80631571;-3,73246789
15,81131571;-3,73246789
15,81631571;-3,73246789
15,82131571;-4,19998741
15,82631571;-3,73246789
15,83131571;-4,19998741
15,83631571;-3,73246789
15,84131571;-4,19998741
15,84631571;-4,19998741
15,85131571;-5,59947062
15,85631571;-4,19998741
15,86131571;-4,66596889
15,86631571;-4,66596889
15,87131571;-5,13348866
15,87631570;-4,66596889
15,88131570;-4,66596889
15,88631570;-7,00049162
15,89131570;-7,00049162
15,89631570;-7,00049162
15,90131570;-5,59947062
15,90631570;-7,46647358
15,91131570;-7,00049162
15,91631570;-6,06699038
15,92131570;-5,59947062
15,92631570;-5,59947062
15,93131570;-5,13348866
15,93631570;-4,66596889
15,94131570;-4,66596889
15,94631570;-3,73246789
15,95131570;-4,19998741
15,95631570;-4,19998741
15,96131570;-3,73246789
15,96631570;-3,26648593
15,97131570;-3,73246789
15,97631570;-3,26648593
15,98131570;-3,26648593
15,98631570;-5,13348866
15,99131570;-4,19998741
15,99631570;-5,59947062
16,00131570;-4,66596889
16,00631570;-5,13348866
16,01131570;-6,53297186
16,01631570;-6,06699038
16,02131570;-7,46647358
16,02631570;-7,93399334
16,03131570;-7,93399334
16,03631570;-7,93399334
16,04131570;-8,39997482
16,04631570;-8,86749458
16,05131570;-8,86749458
16,05631570;-8,39997482
16,06131570;-9,80099583
16,06631570;-8,86749458
16,07131570;-9,33347607
16,07631570;-9,33347607
16,08131570;-9,80099583
16,08631570;-9,33347607
16,09131570;-9,80099583
16,09631570;-8,86749458
16,10131570;-9,33347607
16,10631570;-9,33347607
16,11131570;-8,86749458
16,11631570;-9,33347607
16,12131570;-8,86749458
16,12631570;-7,93399334
16,13131570;-8,86749458
16,13631570;-8,86749458
16,14131570;-9,33347607
16,14631570;-8,39997482
16,15131570;-8,86749458
16,15631570;-9,80099583
16,16131570;-9,80099583
16,16631570;-8,86749458
16,17131570;-9,33347607
16,17631570;-9,80099583
16,18131570;-9,80099583
16,18631570;-9,80099583
16,19131570;-9,80099583
16,19631570;-9,80099583
16,20131570;-10,73449707
16,20631570;-10,26697731
16,21131570;-10,26697731
16,21631570;-10,26697731
16,22131570;-10,26697731
16,22631570;-11,20047951
16,23131570;-10,73449707
16,23631570;-10,73449707
16,24131570;-11,66799831
16,24631570;-11,20047951
16,25131570;-11,66799831
16,25631570;-11,20047951
16,26131570;-11,20047951
16,26631570;-11,20047951
16,27131569;-12,13398075
16,27631569;-10,73449707
16,28131569;-10,26697731
16,28631569;-9,80099583
16,29131569;-21,93497658
16,29631569;-10,26697731
16,30131569;-11,20047951
16,30631569;-10,26697731
16,31131569;-9,80099583
16,31631569;-10,26697731
16,32131569;-11,66799831
16,32631569;-11,66799831
16,33131569;-11,20047951
16,33631569;-10,73449707
16,34131569;-11,66799831
16,34631569;-10,73449707
16,35131569;-12,13398075
16,35631569;-11,20047951
16,36131569;-11,66799831
16,36631569;-12,13398075
16,37131569;-11,20047951
16,37631569;-11,20047951
16,38131569;-11,66799831
16,38631569;-12,60150051
16,39131569;-10,73449707
16,39631569;-12,13398075
16,40131569;-7,93399334
16,40631569;-9,80099583
16,41131569;-10,26697731
16,41631569;-9,33347607
16,42131569;-9,33347607
16,42631569;-8,86749458
16,43131569;-9,80099583
16,43631569;-9,80099583
16,44131569;-9,33347607
16,44631569;-8,86749458
16,45131569;-8,39997482
16,45631569;-7,46647358
16,46131569;-8,86749458
16,46631569;-8,86749458
16,47131569;-9,33347607
16,47631569;-9,33347607
16,48131569;-9,80099583
16,48631569;-9,33347607
16,49131569;-8,86749458
16,49631569;-9,80099583
16,50131569;-8,86749458
16,50631569;-10,73449707
16,51131569;-9,80099583
16,51631569;-10,26697731
16,52131569;-9,80099583
16,52631569;-10,73449707
16,53131569;-10,73449707
16,53631569;-11,20047951
16,54131569;-10,73449707
16,54631569;-10,26697731
16,55131569;-10,26697731
16,55631569;-10,26697731
16,56131569;-9,80099583
16,56631569;-9,33347607
16,57131569;-8,86749458
16,57631569;-9,33347607
16,58131569;-9,33347607
16,58631569;-8,86749458
16,59131569;-7,93399334
16,59631569;-9,33347607
16,60131569;-7,46647358
16,60631569;-9,33347607
16,61131569;-7,93399334
16,61631569;-10,26697731
16,62131569;-8,86749458
16,62631569;-9,33347607
16,63131569;-8,86749458
16,63631569;-9,80099583
16,64131569;-10,26697731
16,64631569;-10,73449707
16,65131569;-11,66799831
16,65631569;-9,80099583
16,66131569;-10,26697731
16,66631568;-10,26697731
16,67131568;-10,26697731
16,67631568;-11,20047951
16,68131568;-10,73449707
16,68631568;-11,20047951
16,69131568;-10,26697731
16,69631568;-12,13398075
16,70131568;-11,20047951
16,70631568;-11,20047951
16,71131568;-11,20047951
16,71631568;-10,73449707
16,72131568;-11,66799831
16,72631568;-11,66799831
16,73131568;-11,66799831
16,73631568;-12,60150051
16,74131568;-11,66799831
16,74631568;-12,13398075
16,75131568;-12,60150051
16,75631568;-12,60150051
16,76131568;-12,13398075
16,76631568;-13,06748199
16,77131568;-5,59947062
16,77631568;-12,13398075
16,78131568;-12,60150051
16,78631568;-13,06748199
16,79131568;-12,60150051
16,79631568;-11,20047951
16,80131568;-11,66799831
16,80631568;-9,33347607
16,81131568;-8,39997482
16,81631568;-8,39997482
16,82131568;-7,46647358
16,82631568;-6,53297186
16,83131568;-7,00049162
16,83631568;-8,39997482
16,84131568;-7,93399334
16,84631568;-7,93399334
16,85131568;-8,39997482
16,85631568;-10,26697731
16,86131568;-10,26697731
16,86631568;-10,73449707
16,87131568;-11,20047951
16,87631568;-12,13398075
16,88131568;-12,60150051
16,88631568;-12,60150051
16,89131568;-13,53500175
16,89631568;-13,53500175
16,90131568;-13,06748199
16,90631568;-14,00098324
16,91131568;-13,06748199
16,91631568;-12,60150051
16,92131568;-12,13398075
16,92631568;-12,13398075
16,93131568;-12,60150051
16,93631568;-12,60150051
16,94131568;-12,13398075
16,94631568;-12,60150051
16,95131568;-11,66799831
16,95631568;-11,66799831
16,96131568;-11,66799831
16,96631568;-11,20047951
16,97131568;-11,20047951
16,97631568;-11,20047951
16,98131568;-11,20047951
16,98631568;-9,80099583
16,99131568;-10,26697731
16,99631568;-9,80099583
17,00131568;-7,93399334
17,00631568;-10,26697731
17,01131568;-9,80099583
17,01631568;-9,80099583
17,02131568;-9,80099583
17,02631568;-9,80099583
17,03131568;-9,80099583
17,03631568;-10,26697731
17,04131568;-10,26697731
17,04631568;-10,73449707
17,05131568;-10,73449707
17,05631568;-9,80099583
17,06131568;-10,26697731
17,06631567;-10,26697731
17,07131567;-9,80099583
17,07631567;-10,26697731
17,08131567;-9,33347607
17,08631567;-8,86749458
17,09131567;-8,39997482
17,09631567;-8,39997482
17,10131567;-8,39997482
17,10631567;-8,39997482
17,11131567;-8,39997482
17,11631567;-7,46647358
17,12131567;-7,93399334
17,12631567;-8,39997482
17,13131567;-7,93399334
17,13631567;-8,39997482
17,14131567;-8,86749458
17,14631567;-9,80099583
17,15131567;-9,33347607
17,15631567;-9,80099583
17,16131567;-9,80099583
17,16631567;-10,26697731
17,17131567;-10,73449707
17,17631567;-10,73449707
17,18131567;-10,73449707
17,18631567;-11,20047951
17,19131567;-11,20047951
17,19631567;-11,66799831
17,20131567;-11,20047951
17,20631567;-11,20047951
17,21131567;-11,66799831
17,21631567;-10,73449707
17,22131567;-12,13398075
17,22631567;-12,13398075
17,23131567;-12,13398075
17,23631567;-13,53500175
17,24131567;-14,46850300
17,24631567;-14,00098324
17,25131567;-14,93448448
17,25631567;-14,46850300
17,26131567;-15,40046692
17,26631567;-13,53500175
17,27131567;-14,93448448
17,27631567;-14,93448448
17,28131567;-14,46850300
17,28631567;-14,46850300
17,29131567;-14,46850300
17,29631567;-14,00098324
17,30131567;-13,06748199
17,30631567;-14,93448448
17,31131567;-14,46850300
17,31631567;-15,40046692
17,32131567;-14,46850300
17,32631567;-15,40046692
17,33131567;-15,86798668
17,33631567;-17,26746941
17,34131567;-16,80148888
17,34631567;-17,26746941
17,35131567;-17,26746941
17,35631567;-18,66848946
17,36131567;-18,66848946
17,36631567;-19,13447189
17,37131567;-18,66848946
17,37631567;-18,66848946
17,38131567;-18,20096970
17,38631567;-19,13447189
17,39131567;-17,73498917
17,39631567;-18,20096970
17,40131567;-17,26746941
17,40631567;-18,66848946
17,41131567;-17,26746941
17,41631567;-17,26746941
17,42131567;-17,73498917
17,42631567;-18,20096970
17,43131567;-18,20096970
17,43631567;-18,20096970
17,44131567;-19,13447189
17,44631567;-20,06797409
17,45131567;-20,06797409
17,45631567;-20,06797409
17,46131566;-21,00147629
17,46631566;-21,00147629
17,47131566;-21,46899414
17,47631566;-21,93497658
17,48131566;-21,46899414
17,48631566;-21,46899414
17,49131566;-22,40249634
17,49631566;-22,40249634
17,50131566;-22,86847687
17,50631566;-23,80197906
17,51131566;-23,33599663
17,51631566;-23,80197906
17,52131566;-23,80197906
17,52631566;-21,46899414
17,53131566;-24,73548126
17,53631566;-23,33599663
17,54131566;-24,26949883
17,54631566;-23,33599663
17,55131566;-22,86847687
17,55631566;-22,40249634
17,56131566;-21,46899414
17,56631566;-21,46899414
17,57131566;-20,53549385
17,57631566;-19,60199165
17,58131566;-19,13447189
17,58631566;-18,20096970
17,59131566;-19,13447189
17,59631566;-19,60199165
17,60131566;-18,66848946
17,60631566;-20,53549385
17,61131566;-21,00147629
17,61631566;-22,40249634
17,62131566;-21,93497658
17,62631566;-23,33599663
17,63131566;-23,80197906
17,63631566;-24,73548126
17,64131566;-24,73548126
17,64631566;-25,66898346
17,65131566;-24,73548126
17,65631566;-24,73548126
17,66131566;-24,73548126
17,66631566;-25,20300102
17,67131566;-24,26949883
17,67631566;-24,26949883
17,68131566;-23,80197906
17,68631566;-23,80197906
17,69131566;-22,86847687
17,69631566;-23,33599663
17,70131566;-22,86847687
17,70631566;-23,33599663
17,71131566;-23,80197906
17,71631566;-21,93497658
17,72131566;-22,40249634
17,72631566;-22,40249634
17,73131566;-21,93497658
17,73631566;-23,33599663
17,74131566;-21,46899414
17,74631566;-21,00147629
17,75131566;-21,00147629
17,75631566;-21,93497658
17,76131566;-21,00147629
17,76631566;-20,06797409
17,77131566;-20,53549385
17,77631566;-20,53549385
17,78131566;-19,60199165
17,78631566;-20,06797409
17,79131566;-20,53549385
17,79631566;-20,06797409
17,80131566;-20,53549385
17,80631566;-20,53549385
17,81131566;-19,60199165
17,81631566;-20,53549385
17,82131566;-18,66848946
17,82631566;-19,60199165
17,83131566;-18,66848946
17,83631566;-18,20096970
17,84131566;-18,66848946
17,84631566;-18,20096970
17,85131566;-17,73498917
17,85631565;-16,80148888
17,86131565;-16,80148888
17,86631565;-15,86798668
17,87131565;-16,33396912
17,87631565;-15,86798668
17,88131565;-14,93448448
17,88631565;-15,40046692
17,89131565;-15,86798668
17,89631565;-16,33396912
17,90131565;-16,33396912
17,90631565;-16,80148888
17,91131565;-16,80148888
17,91631565;-16,80148888
17,92131565;-16,80148888
17,92631565;-18,20096970
17,93131565;-18,66848946
17,93631565;-18,66848946
17,94131565;-25,20300102
17,94631565;-20,06797409
17,95131565;-18,66848946
17,95631565;-20,06797409
17,96131565;-19,60199165
17,96631565;-20,06797409
17,97131565;-20,53549385
17,97631565;-20,06797409
17,98131565;-20,06797409
17,98631565;-19,13447189
17,99131565;-19,60199165
17,99631565;-19,60199165
18,00131565;-19,60199165
18,00631565;-18,66848946
18,01131565;-19,13447189
18,01631565;-18,66848946
18,02131565;-19,13447189
18,02631565;-18,66848946
18,03131565;-18,66848946
18,03631565;-18,20096970
18,04131565;-17,73498917
18,04631565;-17,73498917
18,05131565;-17,73498917
18,05631565;-17,26746941
18,06131565;-17,73498917
18,06631565;-16,80148888
18,07131565;-17,26746941
18,07631565;-17,73498917
18,08131565;-18,20096970
18,08631565;-17,26746941
18,09131565;-16,33396912
18,09631565;-16,33396912
18,10131565;-17,73498917
18,10631565;-16,80148888
18,11131565;-16,80148888
18,11631565;-16,33396912
18,12131565;-15,86798668
18,12631565;-16,33396912
18,13131565;-15,86798668
18,13631565;-15,40046692
18,14131565;-15,40046692
18,14631565;-15,40046692
18,15131565;-14,93448448
18,15631565;-14,46850300
18,16131565;-13,53500175
18,16631565;-12,60150051
18,17131565;-12,13398075
18,17631565;-11,66799831
18,18131565;-11,20047951
18,18631565;-11,20047951
18,19131565;-11,20047951
18,19631565;-10,26697731
18,20131565;-11,66799831
18,20631565;-9,33347607
18,21131565;-9,80099583
18,21631565;-7,93399334
18,22131565;-9,80099583
18,22631565;-7,93399334
18,23131565;-7,00049162
18,23631565;-8,39997482
18,24131565;-7,00049162
18,24631565;-7,46647358
18,25131564;-6,53297186
18,25631564;-6,53297186
18,26131564;-7,00049162
18,26631564;-6,06699038
18,27131564;-6,06699038
18,27631564;-6,06699038
18,28131564;-5,13348866
18,28631564;4,19998741
18,29131564;-5,13348866
18,29631564;-4,66596889
18,30131564;-4,66596889
18,30631564;-4,19998741
18,31131564;-3,26648593
18,31631564;-3,73246789
18,32131564;-4,66596889
18,32631564;-3,73246789
18,33131564;-2,79896641
18,33631564;-2,79896641
18,34131564;-1,86546493
18,34631564;-2,33298445
18,35131564;-1,39948320
18,35631564;-0,93196350
18,36131564;-0,46598175
18,36631564;-0,46598175
18,37131564;0,00000000
18,37631564;0,00000000
18,38131564;0,00000000
18,38631564;0,46598175
18,39131564;0,93196350
18,39631564;0,00000000
18,40131564;0,46598175
18,40631564;1,39948320
18,41131564;0,00000000
18,41631564;0,93196350
18,42131564;0,93196350
18,42631564;0,00000000
18,43131564;0,00000000
18,43631564;0,46598175
18,44131564;0,46598175
18,44631564;0,00000000
18,45131564;0,46598175
18,45631564;0,00000000
18,46131564;0,46598175
18,46631564;0,93196350
18,47131564;2,33298445
18,47631564;1,39948320
18,48131564;0,46598175
18,48631564;0,93196350
18,49131564;0,93196350
18,49631564;1,86546493
18,50131564;0,46598175
18,50631564;1,86546493
18,51131564;1,39948320
18,51631564;1,86546493
18,52131564;2,33298445
18,52631564;1,39948320
18,53131564;2,79896641
18,53631564;2,79896641
18,54131564;2,79896641
18,54631564;3,26648593
18,55131564;3,73246789
18,55631564;4,66596889
18,56131564;3,73246789
18,56631564;5,13348866
18,57131564;4,19998741
18,57631564;4,66596889
18,58131564;4,66596889
18,58631564;4,66596889
18,59131564;4,66596889
18,59631564;4,66596889
18,60131564;4,66596889
18,60631564;5,59947062
18,61131564;3,73246789
18,61631564;4,66596889
18,62131564;5,13348866
18,62631564;4,19998741
18,63131564;4,66596889
18,63631564;4,19998741
18,64131564;4,19998741
18,64631563;4,19998741
18,65131563;4,66596889
18,65631563;3,73246789
18,66131563;4,66596889
18,66631563;3,73246789
18,67131563;3,73246789
18,67631563;4,66596889
18,68131563;5,13348866
18,68631563;5,59947062
18,69131563;7,00049162
18,69631563;8,86749458
18,70131563;9,33347607
18,70631563;10,73449707
18,71131563;11,66799831
18,71631563;13,53500175
18,72131563;14,46850300
18,72631563;14,93448448
18,73131563;16,33396912
18,73631563;16,80148888
18,74131563;16,33396912
18,74631563;15,40046692
18,75131563;15,40046692
18,75631563;14,93448448
18,76131563;14,93448448
18,76631563;13,53500175
18,77131563;7,93399334
18,77631563;14,00098324
18,78131563;14,00098324
18,78631563;13,53500175
18,79131563;14,46850300
18,79631563;14,46850300
18,80131563;14,93448448
18,80631563;14,93448448
18,81131563;15,40046692
18,81631563;17,26746941
18,82131563;16,80148888
18,82631563;17,26746941
18,83131563;17,26746941
18,83631563;18,20096970
18,84131563;19,13447189
18,84631563;19,60199165
18,85131563;19,60199165
18,85631563;20,53549385
18,86131563;20,53549385
18,86631563;21,46899414
18,87131563;22,40249634
18,87631563;21,93497658
18,88131563;22,86847687
18,88631563;23,33599663
18,89131563;23,80197906
18,89631563;23,80197906
18,90131563;23,80197906
18,90631563;24,26949883
18,91131563;24,73548126
18,91631563;25,20300102
18,92131563;25,20300102
18,92631563;24,73548126
18,93131563;25,20300102
18,93631563;24,73548126
18,94131563;25,20300102
18,94631563;25,20300102
18,95131563;26,13650131
18,95631563;25,66898346
18,96131563;26,13650131
18,96631563;27,07000351
18,97131563;26,60248184
18,97631563;28,46948624
18,98131563;28,93700600
18,98631563;29,87050819
18,99131563;29,87050819
18,99631563;30,80247116
19,00131563;31,73597336
19,00631563;32,20349503
19,01131563;31,73597336
19,01631563;32,66947556
19,02131563;32,20349503
19,02631563;33,13699341
19,03131563;35,00399399
19,03631563;33,60297775
19,04131562;33,13699341
19,04631562;33,60297775
19,05131562;32,20349503
19,05631562;33,13699341
19,06131562;31,73597336
19,06631562;31,73597336
19,07131562;30,80247116
19,07631562;29,87050819
19,08131562;30,80247116
19,08631562;30,33649063
19,09131562;29,87050819
19,09631562;30,33649063
19,10131562;28,93700600
19,10631562;28,93700600
19,11131562;28,93700600
19,11631562;28,46948624
19,12131562;28,93700600
19,12631562;28,46948624
19,13131562;28,46948624
19,13631562;28,00350380
19,14131562;29,40298843
19,14631562;27,53598404
19,15131562;28,00350380
19,15631562;28,93700600
19,16131562;28,93700600
19,16631562;29,40298843
19,17131562;28,93700600
19,17631562;29,40298843
19,18131562;30,33649063
19,18631562;30,33649063
19,19131562;29,87050819
19,19631562;30,80247116
19,20131562;29,87050819
19,20631562;29,40298843
19,21131562;29,87050819
19,21631562;31,26999092
19,22131562;30,33649063
19,22631562;29,87050819
19,23131562;29,87050819
19,23631562;28,46948624
19,24131562;28,93700600
19,24631562;27,07000351
19,25131562;28,46948624
19,25631562;27,53598404
19,26131562;27,07000351
19,26631562;26,60248184
19,27131562;26,60248184
19,27631562;26,13650131
19,28131562;25,66898346
19,28631562;26,60248184
19,29131562;26,60248184
19,29631562;26,13650131
19,30131562;26,60248184
19,30631562;25,66898346
19,31131562;27,07000351
19,31631562;26,60248184
19,32131562;26,13650131
19,32631562;26,60248184
19,33131562;27,07000351
19,33631562;26,60248184
19,34131562;27,07000351
19,34631562;26,60248184
19,35131562;26,60248184
19,35631562;26,60248184
19,36131562;25,66898346
19,36631562;25,66898346
19,37131562;25,20300102
19,37631562;24,73548126
19,38131562;24,26949883
19,38631562;24,26949883
19,39131562;23,80197906
19,39631562;22,86847687
19,40131562;22,40249634
19,40631562;21,46899414
19,41131562;24,26949883
19,41631562;21,00147629
19,42131562;21,00147629
19,42631562;20,53549385
19,43131562;21,46899414
19,43631562;21,00147629
19,44131561;21,46899414
19,44631561;21,00147629
19,45131561;22,40249634
19,45631561;22,86847687
19,46131561;23,33599663
19,46631561;23,80197906
19,47131561;25,20300102
19,47631561;25,66898346
19,48131561;26,60248184
19,48631561;26,60248184
19,49131561;27,53598404
19,49631561;26,60248184
19,50131561;26,60248184
19,50631561;27,53598404
19,51131561;26,13650131
19,51631561;25,20300102
19,52131561;24,26949883
19,52631561;23,80197906
19,53131561;23,33599663
19,53631561;21,46899414
19,54131561;21,93497658
19,54631561;22,40249634
19,55131561;21,00147629
19,55631561;20,53549385
19,56131561;20,53549385
19,56631561;20,53549385
19,57131561;18,66848946
19,57631561;19,60199165
19,58131561;18,20096970
19,58631561;18,66848946
19,59131561;18,20096970
19,59631561;18,20096970
19,60131561;18,20096970
19,60631561;17,73498917
19,61131561;17,26746941
19,61631561;18,66848946
19,62131561;16,80148888
19,62631561;16,80148888
19,63131561;16,33396912
19,63631561;17,26746941
19,64131561;16,80148888
19,64631561;15,86798668
19,65131561;16,33396912
19,65631561;15,86798668
19,66131561;16,80148888
19,66631561;15,40046692
19,67131561;15,86798668
19,67631561;15,86798668
19,68131561;16,33396912
19,68631561;14,93448448
19,69131561;14,93448448
19,69631561;14,00098324
19,70131561;13,53500175
19,70631561;13,06748199
19,71131561;14,00098324
19,71631561;13,53500175
19,72131561;14,00098324
19,72631561;13,53500175
19,73131561;13,53500175
19,73631561;14,00098324
19,74131561;14,46850300
19,74631561;14,00098324
19,75131561;14,00098324
19,75631561;15,40046692
19,76131561;15,40046692
19,76631561;14,93448448
19,77131561;14,93448448
19,77631561;14,46850300
19,78131561;14,00098324
19,78631561;14,00098324
19,79131561;14,46850300
19,79631561;13,53500175
19,80131561;12,60150051
19,80631561;10,73449707
19,81131561;11,20047951
19,81631561;8,86749458
19,82131561;9,33347607
19,82631561;8,39997482
19,83131561;6,06699038
19,83631560;6,06699038
19,84131560;5,59947062
19,84631560;4,19998741
19,85131560;4,66596889
19,85631560;2,79896641
19,86131560;3,73246789
19,86631560;2,33298445
19,87131560;3,26648593
19,87631560;2,33298445
19,88131560;2,33298445
19,88631560;1,39948320
19,89131560;1,86546493
19,89631560;0,93196350
19,90131560;0,46598175
19,90631560;1,39948320
19,91131560;1,86546493
19,91631560;0,46598175
19,92131560;0,93196350
19,92631560;0,46598175
19,93131560;0,46598175
19,93631560;0,00000000
19,94131560;-0,93196350
19,94631560;-1,39948320
19,95131560;-1,39948320
19,95631560;-2,79896641
19,96131560;-2,79896641
19,96631560;-3,73246789
19,97131560;-5,59947062
19,97631560;-5,13348866
19,98131560;-5,59947062
19,98631560;-7,46647358
19,99131560;-8,39997482
19,99631560;-8,86749458
20,00131560;-8,86749458
20,00631560;-9,80099583
20,01131560;-10,73449707
20,01631560;-11,20047951
20,02131560;-11,20047951
20,02631560;-11,66799831
20,03131560;-13,06748199
20,03631560;-11,20047951
20,04131560;-12,60150051
20,04631560;-13,06748199
20,05131560;-12,60150051
20,05631560;-12,60150051
20,06131560;-11,66799831
20,06631560;-11,66799831
20,07131560;-12,13398075
20,07631560;-12,13398075
20,08131560;-11,20047951
20,08631560;-11,20047951
20,09131560;-11,20047951
20,09631560;-12,13398075
20,10131560;-12,13398075
20,10631560;-11,66799831
20,11131560;-11,66799831
20,11631560;-12,60150051
20,12131560;-12,60150051
20,12631560;-11,20047951
20,13131560;-12,60150051
20,13631560;-13,53500175
20,14131560;-12,60150051
20,14631560;-14,00098324
20,15131560;-14,00098324
20,15631560;-14,00098324
20,16131560;-14,46850300
20,16631560;-14,00098324
20,17131560;-14,46850300
20,17631560;-15,40046692
20,18131560;-15,86798668
20,18631560;-15,86798668
20,19131560;-16,33396912
20,19631560;-16,33396912
20,20131560;-17,73498917
20,20631560;-17,26746941
20,21131560;-17,73498917
20,21631560;-17,73498917
20,22131560;-16,80148888
20,22631560;-18,20096970
20,23131559;-17,26746941
20,23631559;-18,20096970
20,24131559;-18,20096970
20,24631559;-18,66848946
20,25131559;-18,20096970
20,25631559;-17,26746941
20,26131559;-19,13447189
20,26631559;-18,66848946
20,27131559;-19,60199165
20,27631559;-20,53549385
20,28131559;-21,46899414
20,28631559;-21,46899414
20,29131559;-21,93497658
20,29631559;-22,40249634
20,30131559;-23,33599663
20,30631559;-23,33599663
20,31131559;-23,80197906
20,31631559;-24,26949883
20,32131559;-26,13650131
20,32631559;-26,13650131
20,33131559;-25,66898346
20,33631559;-26,60248184
20,34131559;-26,13650131
20,34631559;-27,07000351
20,35131559;-28,00350380
20,35631559;-28,46948624
20,36131559;-28,93700600
20,36631559;-29,40298843
20,37131559;-29,40298843
20,37631559;-30,33649063
20,38131559;-30,80247116
20,38631559;-30,80247116
20,39131559;-32,20349503
20,39631559;-31,73597336
20,40131559;-32,66947556
20,40631559;-32,20349503
20,41131559;-32,66947556
20,41631559;-31,26999092
20,42131559;-32,20349503
20,42631559;-32,20349503
20,43131559;-32,20349503
20,43631559;-33,60297775
20,44131559;-34,07049179
20,44631559;-34,07049179
20,45131559;-35,00399399
20,45631559;-35,00399399
20,46131559;-35,93749619
20,46631559;-35,93749619
20,47131559;-36,87099838
20,47631559;-37,33697891
20,48131559;-37,80450058
20,48631559;-38,27048111
20,49131559;-39,20398331
20,49631559;-39,20398331
20,50131559;-39,67150497
20,50631559;-37,33697891
20,51131559;-39,67150497
20,51631559;-40,60500717
20,52131559;-40,60500717
20,52631559;-40,60500717
20,53131559;-41,07098770
20,53631559;-41,53850937
20,54131559;-42,47200775
20,54631559;-42,47200775
20,55131559;-43,87149048
20,55631559;-43,87149048
20,56131559;-43,87149048
20,56631559;-44,33900833
20,57131559;-45,27097321
20,57631559;-45,27097321
20,58131559;-45,73849487
20,58631559;-44,80499268
20,59131559;-44,33900833
20,59631559;-43,87149048
20,60131559;-43,87149048
20,60631559;-42,47200775
20,61131559;-42,93798828
20,61631559;-41,07098770
20,62131559;-39,67150497
20,62631558;-40,13748550
20,63131558;-40,60500717
20,63631558;-39,20398331
20,64131558;-40,13748550
20,64631558;-38,73800278
20,65131558;-40,13748550
20,65631558;-41,07098770
20,66131558;-41,07098770
20,66631558;-42,00448990
20,67131558;-43,87149048
20,67631558;-43,87149048
20,68131558;-44,80499268
20,68631558;-44,80499268
20,69131558;-44,80499268
20,69631558;-44,80499268
20,70131558;-44,80499268
20,70631558;-44,33900833
20,71131558;-44,80499268
20,71631558;-44,80499268
20,72131558;-43,87149048
20,72631558;-43,87149048
20,73131558;-43,40550613
20,73631558;-42,47200775
20,74131558;-44,33900833
20,74631558;-43,40550613
20,75131558;-43,40550613
20,75631558;-44,33900833
20,76131558;-44,80499268
20,76631558;-43,87149048
20,77131558;-44,33900833
20,77631558;-43,87149048
20,78131558;-45,27097321
20,78631558;-42,47200775
20,79131558;-42,00448990
20,79631558;-42,47200775
20,80131558;-42,93798828
20,80631558;-42,47200775
20,81131558;-42,47200775
20,81631558;-41,53850937
20,82131558;-42,00448990
20,82631558;-42,47200775
20,83131558;-36,87099838
20,83631558;-42,93798828
20,84131558;-42,47200775
20,84631558;-42,47200775
20,85131558;-43,40550613
20,85631558;-42,93798828
20,86131558;-42,47200775
20,86631558;-42,47200775
20,87131558;-42,47200775
20,87631558;-41,53850937
20,88131558;-41,07098770
20,88631558;-41,07098770
20,89131558;-40,13748550
20,89631558;-40,13748550
20,90131558;-39,20398331
20,90631558;-37,80450058
20,91131558;-38,27048111
20,91631558;-39,20398331
20,92131558;-37,80450058
20,92631558;-38,27048111
20,93131558;-36,40348053
20,93631558;-38,27048111
20,94131558;-36,87099838
20,94631558;-38,27048111
20,95131558;-37,33697891
20,95631558;-37,33697891
20,96131558;-36,40348053
20,96631558;-37,33697891
20,97131558;-36,87099838
20,97631558;-37,33697891
20,98131558;-36,40348053
20,98631558;-35,93749619
20,99131558;-35,93749619
20,99631558;-36,87099838
21,00131558;-36,40348053
21,00631558;-35,93749619
21,01131558;-35,46997833
21,01631558;-35,93749619
21,02131557;-35,46997833
21,02631557;-35,93749619
21,03131557;-34,07049179
21,03631557;-35,93749619
21,04131557;-35,46997833
21,04631557;-35,00399399
21,05131557;-35,93749619
21,05631557;-34,53647614
21,06131557;-35,00399399
21,06631557;-33,60297775
21,07131557;-33,60297775
21,07631557;-32,66947556
21,08131557;-31,26999092
21,08631557;-31,26999092
21,09131557;-30,80247116
21,09631557;-30,80247116
21,10131557;-30,80247116
21,10631557;-29,87050819
21,11131557;-29,87050819
21,11631557;-29,87050819
21,12131557;-29,40298843
21,12631557;-29,40298843
21,13131557;-28,46948624
21,13631557;-29,40298843
21,14131557;-29,87050819
21,14631557;-29,87050819
21,15131557;-29,40298843
21,15631557;-29,40298843
21,16131557;-28,93700600
21,16631557;-29,40298843
21,17131557;-29,87050819
21,17631557;-28,46948624
21,18131557;-29,40298843
21,18631557;-28,46948624
21,19131557;-28,00350380
21,19631557;-28,00350380
21,20131557;-28,00350380
21,20631557;-27,07000351
21,21131557;-26,60248184
21,21631557;-26,13650131
21,22131557;-26,60248184
21,22631557;-25,66898346
21,23131557;-27,07000351
21,23631557;-25,20300102
21,24131557;-25,20300102
21,24631557;-24,73548126
21,25131557;-24,73548126
21,25631557;-24,26949883
21,26131557;-23,80197906
21,26631557;-22,86847687
21,27131557;-23,33599663
21,27631557;-23,33599663
21,28131557;-22,40249634
21,28631557;-21,00147629
21,29131557;-21,46899414
21,29631557;-21,46899414
21,30131557;-20,53549385
21,30631557;-19,60199165
21,31131557;-20,06797409
21,31631557;-20,06797409
21,32131557;-18,66848946
21,32631557;-18,66848946
21,33131557;-18,66848946
21,33631557;-17,26746941
21,34131557;-16,80148888
21,34631557;-15,86798668
21,35131557;-15,40046692
21,35631557;-14,93448448
21,36131557;-14,00098324
21,36631557;-12,60150051
21,37131557;-11,66799831
21,37631557;-11,20047951
21,38131557;-9,80099583
21,38631557;-9,33347607
21,39131557;-8,86749458
21,39631557;-8,39997482
21,40131557;-7,00049162
21,40631557;-7,93399334
21,41131557;-7,46647358
21,41631556;-7,46647358
21,42131556;-8,39997482
21,42631556;-7,93399334
21,43131556;-7,00049162
21,43631556;-7,46647358
21,44131556;-7,93399334
21,44631556;-7,93399334
21,45131556;-7,46647358
21,45631556;-7,00049162
21,46131556;-7,00049162
21,46631556;-7,00049162
21,47131556;-5,13348866
21,47631556;-6,53297186
21,48131556;-5,13348866
21,48631556;-4,19998741
21,49131556;-2,79896641
21,49631556;-3,26648593
21,50131556;-2,33298445
21,50631556;-0,93196350
21,51131556;-1,86546493
21,51631556;-0,46598175
21,52131556;0,00000000
21,52631556;1,39948320
21,53131556;1,86546493
21,53631556;1,86546493
21,54131556;3,26648593
21,54631556;3,26648593
21,55131556;2,79896641
21,55631556;4,19998741
21,56131556;5,13348866
21,56631556;6,06699038
21,57131556;5,13348866
21,57631556;6,06699038
21,58131556;5,59947062
21,58631556;7,46647358
21,59131556;7,46647358
21,59631556;7,93399334
21,60131556;7,93399334
21,60631556;9,33347607
21,61131556;8,86749458
21,61631556;9,80099583
21,62131556;11,20047951
21,62631556;11,20047951
21,63131556;10,73449707
21,63631556;13,53500175
21,64131556;14,00098324
21,64631556;14,46850300
21,65131556;15,40046692
21,65631556;16,33396912
21,66131556;15,86798668
21,66631556;16,80148888
21,67131556;17,26746941
21,67631556;18,20096970
21,68131556;18,66848946
21,68631556;19,13447189
21,69131556;19,60199165
21,69631556;21,46899414
21,70131556;20,53549385
21,70631556;21,46899414
21,71131556;21,93497658
21,71631556;21,93497658
21,72131556;21,93497658
21,72631556;22,86847687
21,73131556;23,33599663
21,73631556;23,80197906
21,74131556;23,80197906
21,74631556;24,73548126
21,75131556;24,73548126
21,75631556;26,13650131
21,76131556;26,13650131
21,76631556;26,13650131
21,77131556;26,13650131
21,77631556;27,07000351
21,78131556;27,53598404
21,78631556;27,53598404
21,79131556;28,00350380
21,79631556;28,46948624
21,80131556;29,40298843
21,80631556;30,33649063
21,81131556;30,80247116
21,81631555;30,80247116
21,82131555;31,26999092
21,82631555;32,20349503
21,83131555;31,73597336
21,83631555;33,60297775
21,84131555;33,60297775
21,84631555;33,60297775
21,85131555;34,07049179
21,85631555;33,60297775
21,86131555;35,00399399
21,86631555;34,53647614
21,87131555;34,07049179
21,87631555;35,00399399
21,88131555;35,46997833
21,88631555;35,00399399
21,89131555;34,07049179
21,89631555;34,53647614
21,90131555;34,53647614
21,90631555;34,07049179
21,91131555;34,07049179
21,91631555;33,60297775
21,92131555;34,07049179
21,92631555;33,13699341
21,93131555;33,60297775
21,93631555;33,13699341
21,94131555;32,66947556
21,94631555;32,20349503
21,95131555;32,20349503
21,95631555;32,20349503
21,96131555;31,73597336
21,96631555;32,20349503
21,97131555;31,73597336
21,97631555;32,20349503
21,98131555;32,66947556
21,98631555;32,66947556
21,99131555;33,13699341
21,99631555;33,13699341
22,00131555;32,66947556
22,00631555;33,13699341
22,01131555;33,13699341
22,01631555;33,13699341
22,02131555;34,07049179
22,02631555;34,07049179
22,03131555;32,66947556
22,03631555;33,13699341
22,04131555;33,60297775
22,04631555;34,53647614
22,05131555;33,60297775
22,05631555;38,73800278
22,06131555;33,60297775
22,06631555;33,60297775
22,07131555;34,07049179
22,07631555;33,13699341
22,08131555;33,60297775
22,08631555;33,60297775
22,09131555;34,07049179
22,09631555;34,07049179
22,10131555;33,60297775
22,10631555;33,60297775
22,11131555;35,00399399
22,11631555;34,53647614
22,12131555;35,46997833
22,12631555;34,53647614
22,13131555;35,46997833
22,13631555;36,40348053
22,14131555;35,46997833
22,14631555;35,93749619
22,15131555;34,53647614
22,15631555;35,93749619
22,16131555;36,40348053
22,16631555;36,40348053
22,17131555;36,40348053
22,17631555;37,33697891
22,18131555;37,33697891
22,18631555;36,87099838
22,19131555;36,40348053
22,19631555;37,80450058
22,20131555;37,80450058
22,20631555;36,87099838
22,21131554;38,27048111
22,21631554;37,33697891
22,22131554;36,87099838
22,22631554;38,27048111
22,23131554;39,67150497
22,23631554;38,27048111
22,24131554;37,80450058
22,24631554;37,33697891
22,25131554;37,33697891
22,25631554;37,80450058
22,26131554;38,27048111
22,26631554;37,80450058
22,27131554;38,73800278
22,27631554;39,20398331
22,28131554;38,73800278
22,28631554;39,20398331
22,29131554;38,73800278
22,29631554;38,27048111
22,30131554;38,73800278
22,30631554;38,27048111
22,31131554;39,20398331
22,31631554;38,73800278
22,32131554;37,80450058
22,32631554;37,33697891
22,33131554;37,80450058
22,33631554;37,80450058
22,34131554;35,93749619
22,34631554;36,87099838
22,35131554;36,87099838
22,35631554;36,40348053
22,36131554;36,40348053
22,36631554;35,93749619
22,37131554;35,00399399
22,37631554;35,46997833
22,38131554;35,46997833
22,38631554;35,00399399
22,39131554;34,53647614
22,39631554;35,00399399
22,40131554;33,60297775
22,40631554;33,13699341
22,41131554;32,66947556
22,41631554;32,66947556
22,42131554;33,13699341
22,42631554;32,20349503
22,43131554;30,80247116
22,43631554;29,87050819
22,44131554;30,33649063
22,44631554;27,53598404
22,45131554;28,46948624
22,45631554;27,07000351
22,46131554;27,53598404
22,46631554;26,60248184
22,47131554;25,20300102
22,47631554;25,20300102
22,48131554;24,73548126
22,48631554;23,80197906
22,49131554;24,26949883
22,49631554;26,13650131
22,50131554;26,13650131
22,50631554;26,13650131
22,51131554;27,53598404
22,51631554;28,93700600
22,52131554;28,93700600
22,52631554;29,40298843
22,53131554;30,80247116
22,53631554;30,80247116
22,54131554;30,80247116
22,54631554;30,80247116
22,55131554;29,87050819
22,55631554;28,00350380
22,56131554;28,46948624
22,56631554;27,07000351
22,57131554;26,60248184
22,57631554;25,20300102
22,58131554;24,73548126
22,58631554;25,20300102
22,59131554;24,26949883
22,59631554;23,33599663
22,60131554;24,26949883
22,60631553;25,20300102
22,61131553;23,80197906
22,61631553;22,86847687
22,62131553;24,73548126
22,62631553;23,80197906
22,63131553;23,33599663
22,63631553;22,40249634
22,64131553;23,33599663
22,64631553;23,33599663
22,65131553;24,73548126
22,65631553;23,80197906
22,66131553;23,80197906
22,66631553;24,26949883
22,67131553;24,26949883
22,67631553;24,73548126
22,68131553;24,73548126
22,68631553;24,73548126
22,69131553;24,73548126
22,69631553;25,66898346
22,70131553;25,66898346
22,70631553;25,66898346
22,71131553;25,20300102
22,71631553;25,66898346
22,72131553;25,20300102
22,72631553;25,20300102
22,73131553;24,26949883
22,73631553;23,80197906
22,74131553;24,73548126
22,74631553;23,80197906
22,75131553;23,33599663
22,75631553;23,80197906
22,76131553;23,33599663
22,76631553;23,33599663
22,77131553;22,86847687
22,77631553;23,33599663
22,78131553;23,80197906
22,78631553;23,33599663
22,79131553;24,73548126
22,79631553;25,20300102
22,80131553;25,20300102
22,80631553;26,13650131
22,81131553;26,13650131
22,81631553;26,13650131
22,82131553;25,66898346
22,82631553;27,53598404
22,83131553;25,66898346
22,83631553;26,13650131
22,84131553;26,13650131
22,84631553;25,20300102
22,85131553;25,20300102
22,85631553;24,73548126
22,86131553;25,66898346
22,86631553;24,26949883
22,87131553;23,33599663
22,87631553;22,86847687
22,88131553;23,33599663
22,88631553;21,93497658
22,89131553;21,93497658
22,89631553;22,40249634
22,90131553;22,40249634
22,90631553;21,00147629
22,91131553;20,53549385
22,91631553;20,06797409
22,92131553;20,06797409
22,92631553;18,66848946
22,93131553;17,73498917
22,93631553;18,20096970
22,94131553;17,26746941
22,94631553;16,33396912
22,95131553;15,86798668
22,95631553;15,86798668
22,96131553;15,86798668
22,96631553;14,00098324
22,97131553;14,46850300
22,97631553;14,00098324
22,98131553;14,00098324
22,98631553;14,00098324
22,99131553;13,53500175
22,99631553;13,53500175
23,00131552;14,46850300
23,00631552;13,53500175
23,01131552;13,06748199
23,01631552;12,60150051
23,02131552;12,60150051
23,02631552;11,66799831
23,03131552;11,20047951
23,03631552;9,80099583
23,04131552;8,86749458
23,04631552;7,93399334
23,05131552;7,46647358
23,05631552;6,53297186
23,06131552;7,46647358
23,06631552;5,13348866
23,07131552;5,13348866
23,07631552;4,19998741
23,08131552;4,19998741
23,08631552;3,73246789
23,09131552;3,26648593
23,09631552;2,79896641
23,10131552;3,26648593
23,10631552;3,26648593
23,11131552;2,79896641
23,11631552;2,79896641
23,12131552;3,26648593
23,12631552;2,79896641
23,13131552;3,73246789
23,13631552;2,79896641
23,14131552;2,79896641
23,14631552;2,33298445
23,15131552;1,86546493
23,15631552;1,39948320
23,16131552;2,33298445
23,16631552;1,39948320
23,17131552;1,86546493
23,17631552;0,93196350
23,18131552;0,93196350
23,18631552;1,39948320
23,19131552;0,93196350
23,19631552;-0,46598175
23,20131552;0,00000000
23,20631552;-0,46598175
23,21131552;-0,46598175
23,21631552;-0,46598175
23,22131552;-0,46598175
23,22631552;-0,93196350
23,23131552;-1,39948320
23,23631552;-0,93196350
23,24131552;-0,46598175
23,24631552;0,46598175
23,25131552;0,93196350
23,25631552;0,93196350
23,26131552;1,86546493
23,26631552;1,86546493
23,27131552;2,79896641
23,27631552;2,79896641
23,28131552;3,73246789
23,28631552;4,19998741
23,29131552;4,66596889
23,29631552;5,59947062
23,30131552;6,06699038
23,30631552;5,59947062
23,31131552;6,53297186
23,31631552;5,13348866
23,32131552;5,59947062
23,32631552;4,66596889
23,33131552;4,66596889
23,33631552;4,19998741
23,34131552;3,73246789
23,34631552;4,19998741
23,35131552;2,79896641
23,35631552;2,33298445
23,36131552;2,33298445
23,36631552;2,33298445
23,37131552;1,86546493
23,37631552;1,86546493
23,38131552;2,79896641
23,38631552;0,93196350
23,39131552;-0,93196350
23,39631551;1,39948320
23,40131551;1,86546493
23,40631551;1,86546493
23,41131551;2,33298445
23,41631551;1,86546493
23,42131551;1,39948320
23,42631551;1,86546493
23,43131551;0,00000000
23,43631551;1,86546493
23,44131551;1,86546493
23,44631551;1,86546493
23,45131551;3,26648593
23,45631551;2,33298445
23,46131551;3,73246789
23,46631551;2,33298445
23,47131551;1,86546493
23,47631551;2,79896641
23,48131551;2,33298445
23,48631551;0,93196350
23,49131551;0,93196350
23,49631551;0,46598175
23,50131551;1,39948320
23,50631551;0,46598175
23,51131551;-0,46598175
23,51631551;0,93196350
23,52131551;0,46598175
23,52631551;1,39948320
23,53131551;0,93196350
23,53631551;0,46598175
23,54131551;1,39948320
23,54631551;0,93196350
23,55131551;1,86546493
23,55631551;2,33298445
23,56131551;1,86546493
23,56631551;2,33298445
23,57131551;2,79896641
23,57631551;2,33298445
23,58131551;2,79896641
23,58631551;2,79896641
23,59131551;2,79896641
23,59631551;2,33298445
23,60131551;1,86546493
23,60631551;2,79896641
23,61131551;1,39948320
23,61631551;1,39948320
23,62131551;0,93196350
23,62631551;1,39948320
23,63131551;0,46598175
23,63631551;0,93196350
23,64131551;0,46598175
23,64631551;-0,93196350
23,65131551;0,00000000
23,65631551;0,00000000
23,66131551;0,46598175
23,66631551;0,46598175
23,67131551;0,00000000
23,67631551;0,46598175
23,68131551;-0,46598175
23,68631551;0,00000000
23,69131551;-0,93196350
23,69631551;0,46598175
23,70131551;1,39948320
23,70631551;0,46598175
23,71131551;0,93196350
23,71631551;1,86546493
23,72131551;2,79896641
23,72631551;1,86546493
23,73131551;2,79896641
23,73631551;3,26648593
23,74131551;2,79896641
23,74631551;3,26648593
23,75131551;3,26648593
23,75631551;3,26648593
23,76131551;3,26648593
23,76631551;3,26648593
23,77131551;2,33298445
23,77631551;1,39948320
23,78131551;1,86546493
23,78631551;2,33298445
23,79131550;0,00000000
23,79631550;0,93196350
23,80131550;0,93196350
23,80631550;1,39948320
23,81131550;0,93196350
23,81631550;1,86546493
23,82131550;0,93196350
23,82631550;0,93196350
23,83131550;2,79896641
23,83631550;1,86546493
23,84131550;1,86546493
23,84631550;1,39948320
23,85131550;1,39948320
23,85631550;1,86546493
23,86131550;1,39948320
23,86631550;1,39948320
23,87131550;1,39948320
23,87631550;0,46598175
23,88131550;1,86546493
23,88631550;1,39948320
23,89131550;0,93196350
23,89631550;1,86546493
23,90131550;2,33298445
23,90631550;1,39948320
23,91131550;1,86546493
23,91631550;1,39948320
23,92131550;4,19998741
23,92631550;0,46598175
23,93131550;1,86546493
23,93631550;2,33298445
23,94131550;2,79896641
23,94631550;1,86546493
23,95131550;2,79896641
23,95631550;2,33298445
23,96131550;3,26648593
23,96631550;3,26648593
23,97131550;2,33298445
23,97631550;2,79896641
23,98131550;2,79896641
23,98631550;2,33298445
23,99131550;2,33298445
23,99631550;1,86546493
24,00131550;3,73246789
24,00631550;3,26648593
24,01131550;2,79896641
24,01631550;2,33298445
24,02131550;3,26648593
24,02631550;2,33298445
24,03131550;2,79896641
24,03631550;2,79896641
24,04131550;3,26648593
24,04631550;2,79896641
24,05131550;2,33298445
24,05631550;4,66596889
24,06131550;2,79896641
24,06631550;1,86546493
24,07131550;2,33298445
24,07631550;1,39948320
24,08131550;1,39948320
24,08631550;0,46598175
24,09131550;0,46598175
24,09631550;0,93196350
24,10131550;0,00000000
24,10631550;0,46598175
24,11131550;-0,93196350
24,11631550;-1,39948320
24,12131550;-1,39948320
24,12631550;-1,39948320
24,13131550;-1,39948320
24,13631550;-3,26648593
24,14131550;-2,79896641
24,14631550;-3,26648593
24,15131550;-2,79896641
24,15631550;-1,39948320
24,16131550;-3,26648593
24,16631550;-2,79896641
24,17131550;-3,26648593
24,17631550;-3,73246789
24,18131550;-3,73246789
24,18631550;-3,26648593
24,19131549;-4,66596889
24,19631549;-4,66596889
24,20131549;-4,66596889
24,20631549;-5,13348866
24,21131549;-5,13348866
24,21631549;-4,19998741
24,22131549;-5,59947062
24,22631549;-6,06699038
24,23131549;-5,59947062
24,23631549;-6,06699038
24,24131549;-5,59947062
24,24631549;-5,13348866
24,25131549;-6,53297186
24,25631549;-6,53297186
24,26131549;-7,93399334
24,26631549;-7,00049162
24,27131549;-7,46647358
24,27631549;-7,93399334
24,28131549;-7,46647358
24,28631549;-8,39997482
24,29131549;-9,33347607
24,29631549;-8,86749458
24,30131549;-10,26697731
24,30631549;-10,26697731
24,31131549;-10,73449707
24,31631549;-11,20047951
24,32131549;-10,26697731
24,32631549;-12,13398075
24,33131549;-12,60150051
24,33631549;-13,53500175
24,34131549;-13,53500175
24,34631549;-13,53500175
24,35131549;-13,53500175
24,35631549;-15,40046692
24,36131549;-15,86798668
24,36631549;-16,80148888
24,37131549;-15,86798668
24,37631549;-15,86798668
24,38131549;-17,73498917
24,38631549;-16,33396912
24,39131549;-17,73498917
24,39631549;-17,73498917
24,40131549;-16,80148888
24,40631549;-15,40046692
24,41131549;-16,33396912
24,41631549;-14,93448448
24,42131549;-14,00098324
24,42631549;-13,06748199
24,43131549;-13,06748199
24,43631549;-11,20047951
24,44131549;-10,73449707
24,44631549;-9,33347607
24,45131549;-9,80099583
24,45631549;-10,73449707
24,46131549;-10,26697731
24,46631549;-11,20047951
24,47131549;-11,20047951
24,47631549;-11,20047951
24,48131549;-13,06748199
24,48631549;-13,53500175
24,49131549;-13,06748199
24,49631549;-13,53500175
24,50131549;-14,46850300
24,50631549;-14,00098324
24,51131549;-14,93448448
24,51631549;-14,46850300
24,52131549;-14,46850300
24,52631549;-14,46850300
24,53131549;-14,46850300
24,53631549;-14,46850300
24,54131549;-14,00098324
24,54631549;-14,46850300
24,55131549;-14,00098324
24,55631549;-14,46850300
24,56131549;-13,53500175
24,56631549;-15,40046692
24,57131549;-15,40046692
24,57631549;-15,40046692
24,58131549;-15,86798668
24,58631548;-14,93448448
24,59131548;-15,40046692
24,59631548;-15,86798668
24,60131548;-16,33396912
24,60631548;-15,86798668
24,61131548;-16,33396912
24,61631548;-15,40046692
24,62131548;-17,73498917
24,62631548;-15,86798668
24,63131548;-16,33396912
24,63631548;-17,26746941
24,64131548;-17,26746941
24,64631548;-16,33396912
24,65131548;-17,26746941
24,65631548;-19,13447189
24,66131548;-19,13447189
24,66631548;-18,66848946
24,67131548;-18,66848946
24,67631548;-18,20096970
24,68131548;-18,66848946
24,68631548;-19,13447189
24,69131548;-18,66848946
24,69631548;-18,66848946
24,70131548;-17,26746941
24,70631548;-16,80148888
24,71131548;-16,80148888
24,71631548;-15,40046692
24,72131548;-15,86798668
24,72631548;-15,40046692
24,73131548;-14,46850300
24,73631548;-14,46850300
24,74131548;-14,00098324
24,74631548;-14,00098324
24,75131548;-14,00098324
24,75631548;-15,40046692
24,76131548;-14,00098324
24,76631548;-14,00098324
24,77131548;-14,00098324
24,77631548;-14,46850300
24,78131548;-14,93448448
24,78631548;-13,53500175
24,79131548;-14,93448448
24,79631548;-14,46850300
24,80131548;-14,93448448
24,80631548;-14,46850300
24,81131548;-14,93448448
24,81631548;-14,93448448
24,82131548;-15,86798668
24,82631548;-14,93448448
24,83131548;-15,40046692
24,83631548;-15,86798668
24,84131548;-15,86798668
24,84631548;-18,20096970
24,85131548;-15,86798668
24,85631548;-16,33396912
24,86131548;-17,26746941
24,86631548;-16,80148888
24,87131548;-16,80148888
24,87631548;-16,33396912
24,88131548;-17,26746941
24,88631548;-16,33396912
24,89131548;-17,26746941
24,89631548;-16,80148888
24,90131548;-17,26746941
24,90631548;-16,80148888
24,91131548;-15,86798668
24,91631548;-15,86798668
24,92131548;-15,86798668
24,92631548;-15,86798668
24,93131548;-16,80148888
24,93631548;-17,26746941
24,94131548;-17,73498917
24,94631548;-18,20096970
24,95131548;-19,13447189
24,95631548;-19,13447189
24,96131548;-20,06797409
24,96631548;-20,53549385
24,97131548;-20,53549385
24,97631548;-21,46899414
24,98131547;-21,00147629
24,98631547;-21,93497658
24,99131547;-21,93497658
24,99631547;-22,40249634
25,00131547;-21,00147629
25,00631547;-21,46899414
