Zeit;Kanal A
(ms);(mV)

-25,00613542;0,00000000
-25,00113542;0,46598175
-24,99613542;0,00000000
-24,99113542;-0,46598175
-24,98613542;0,00000000
-24,98113542;0,46598175
-24,97613542;0,46598175
-24,97113542;0,46598175
-24,96613542;0,93196350
-24,96113542;0,00000000
-24,95613542;0,93196350
-24,95113542;0,93196350
-24,94613542;-0,46598175
-24,94113542;-0,46598175
-24,93613542;0,00000000
-24,93113542;0,46598175
-24,92613542;0,93196350
-24,92113542;0,46598175
-24,91613542;0,93196350
-24,91113542;0,46598175
-24,90613542;0,00000000
-24,90113542;0,46598175
-24,89613542;-0,46598175
-24,89113542;0,00000000
-24,88613542;0,46598175
-24,88113542;-0,46598175
-24,87613542;0,00000000
-24,87113542;0,46598175
-24,86613542;0,46598175
-24,86113542;-0,46598175
-24,85613542;0,46598175
-24,85113542;0,00000000
-24,84613542;-1,39948320
-24,84113542;-0,46598175
-24,83613542;0,00000000
-24,83113542;-0,46598175
-24,82613542;0,46598175
-24,82113542;0,00000000
-24,81613542;0,46598175
-24,81113542;0,00000000
-24,80613542;0,93196350
-24,80113542;0,00000000
-24,79613542;0,00000000
-24,79113542;0,93196350
-24,78613542;0,00000000
-24,78113542;0,46598175
-24,77613542;0,00000000
-24,77113542;-0,93196350
-24,76613542;0,00000000
-24,76113542;0,00000000
-24,75613542;-0,46598175
-24,75113542;0,93196350
-24,74613542;0,46598175
-24,74113542;-0,46598175
-24,73613542;-1,39948320
-24,73113542;0,46598175
-24,72613542;-0,93196350
-24,72113542;0,46598175
-24,71613542;0,00000000
-24,71113542;0,00000000
-24,70613542;0,00000000
-24,70113542;1,86546493
-24,69613542;0,46598175
-24,69113542;0,46598175
-24,68613542;0,46598175
-24,68113542;0,00000000
-24,67613542;0,46598175
-24,67113542;0,46598175
-24,66613542;-0,46598175
-24,66113542;-2,33298445
-24,65613542;0,00000000
-24,65113542;0,00000000
-24,64613542;0,46598175
-24,64113542;0,00000000
-24,63613542;0,00000000
-24,63113542;-0,46598175
-24,62613542;-0,93196350
-24,62113543;0,46598175
-24,61613543;-0,46598175
-24,61113543;0,00000000
-24,60613543;0,00000000
-24,60113543;1,86546493
-24,59613543;-0,46598175
-24,59113543;0,46598175
-24,58613543;0,46598175
-24,58113543;0,46598175
-24,57613543;-0,46598175
-24,57113543;0,00000000
-24,56613543;0,46598175
-24,56113543;0,00000000
-24,55613543;0,00000000
-24,55113543;0,00000000
-24,54613543;0,00000000
-24,54113543;0,46598175
-24,53613543;0,00000000
-24,53113543;-0,93196350
-24,52613543;0,00000000
-24,52113543;0,00000000
-24,51613543;0,00000000
-24,51113543;0,46598175
-24,50613543;0,00000000
-24,50113543;-0,46598175
-24,49613543;0,00000000
-24,49113543;0,93196350
-24,48613543;0,93196350
-24,48113543;0,00000000
-24,47613543;0,00000000
-24,47113543;0,00000000
-24,46613543;-0,93196350
-24,46113543;0,00000000
-24,45613543;0,46598175
-24,45113543;0,00000000
-24,44613543;0,93196350
-24,44113543;-0,46598175
-24,43613543;-0,93196350
-24,43113543;0,46598175
-24,42613543;0,00000000
-24,42113543;0,46598175
-24,41613543;-0,93196350
-24,41113543;0,46598175
-24,40613543;-0,93196350
-24,40113543;0,00000000
-24,39613543;0,46598175
-24,39113543;0,00000000
-24,38613543;0,00000000
-24,38113543;0,93196350
-24,37613543;0,00000000
-24,37113543;-0,93196350
-24,36613543;-0,46598175
-24,36113543;0,00000000
-24,35613543;0,00000000
-24,35113543;0,00000000
-24,34613543;0,00000000
-24,34113543;0,00000000
-24,33613543;-0,46598175
-24,33113543;0,93196350
-24,32613543;0,00000000
-24,32113543;0,00000000
-24,31613543;0,00000000
-24,31113543;0,93196350
-24,30613543;0,46598175
-24,30113543;0,46598175
-24,29613543;0,46598175
-24,29113543;0,00000000
-24,28613543;-0,46598175
-24,28113543;-0,93196350
-24,27613543;0,00000000
-24,27113543;0,46598175
-24,26613543;0,46598175
-24,26113543;0,46598175
-24,25613543;-0,93196350
-24,25113543;-0,46598175
-24,24613543;0,46598175
-24,24113543;0,00000000
-24,23613543;0,00000000
-24,23113543;18,20096970
-24,22613544;-0,93196350
-24,22113544;-0,46598175
-24,21613544;0,00000000
-24,21113544;-0,46598175
-24,20613544;0,46598175
-24,20113544;0,00000000
-24,19613544;-0,93196350
-24,19113544;0,00000000
-24,18613544;0,00000000
-24,18113544;0,00000000
-24,17613544;-0,46598175
-24,17113544;0,00000000
-24,16613544;0,00000000
-24,16113544;0,46598175
-24,15613544;-0,46598175
-24,15113544;0,46598175
-24,14613544;0,46598175
-24,14113544;0,00000000
-24,13613544;0,00000000
-24,13113544;0,46598175
-24,12613544;-0,46598175
-24,12113544;0,00000000
-24,11613544;-0,46598175
-24,11113544;0,46598175
-24,10613544;0,00000000
-24,10113544;0,46598175
-24,09613544;-0,46598175
-24,09113544;0,00000000
-24,08613544;0,00000000
-24,08113544;0,00000000
-24,07613544;1,39948320
-24,07113544;0,00000000
-24,06613544;0,93196350
-24,06113544;1,39948320
-24,05613544;0,00000000
-24,05113544;0,00000000
-24,04613544;0,00000000
-24,04113544;0,00000000
-24,03613544;0,46598175
-24,03113544;0,00000000
-24,02613544;0,46598175
-24,02113544;0,46598175
-24,01613544;0,00000000
-24,01113544;-0,46598175
-24,00613544;0,00000000
-24,00113544;0,46598175
-23,99613544;-1,86546493
-23,99113544;0,00000000
-23,98613544;-0,46598175
-23,98113544;0,46598175
-23,97613544;0,46598175
-23,97113544;0,93196350
-23,96613544;0,46598175
-23,96113544;0,00000000
-23,95613544;0,46598175
-23,95113544;-0,93196350
-23,94613544;0,46598175
-23,94113544;0,93196350
-23,93613544;0,00000000
-23,93113544;-0,46598175
-23,92613544;-0,46598175
-23,92113544;-0,46598175
-23,91613544;-0,93196350
-23,91113544;0,00000000
-23,90613544;-1,39948320
-23,90113544;0,46598175
-23,89613544;-0,46598175
-23,89113544;0,00000000
-23,88613544;0,46598175
-23,88113544;0,93196350
-23,87613544;0,00000000
-23,87113544;0,00000000
-23,86613544;0,00000000
-23,86113544;-0,46598175
-23,85613544;0,46598175
-23,85113544;0,00000000
-23,84613544;0,00000000
-23,84113544;0,00000000
-23,83613544;0,46598175
-23,83113545;0,00000000
-23,82613545;0,93196350
-23,82113545;0,00000000
-23,81613545;0,00000000
-23,81113545;0,46598175
-23,80613545;0,46598175
-23,80113545;0,00000000
-23,79613545;0,00000000
-23,79113545;0,00000000
-23,78613545;0,00000000
-23,78113545;0,00000000
-23,77613545;0,00000000
-23,77113545;0,46598175
-23,76613545;0,00000000
-23,76113545;0,00000000
-23,75613545;0,46598175
-23,75113545;-0,46598175
-23,74613545;0,00000000
-23,74113545;-0,46598175
-23,73613545;0,00000000
-23,73113545;-1,39948320
-23,72613545;-0,93196350
-23,72113545;1,39948320
-23,71613545;0,00000000
-23,71113545;0,00000000
-23,70613545;1,39948320
-23,70113545;1,39948320
-23,69613545;0,00000000
-23,69113545;1,39948320
-23,68613545;0,00000000
-23,68113545;-0,46598175
-23,67613545;0,00000000
-23,67113545;0,46598175
-23,66613545;0,46598175
-23,66113545;-0,46598175
-23,65613545;0,93196350
-23,65113545;-0,46598175
-23,64613545;0,00000000
-23,64113545;0,46598175
-23,63613545;0,46598175
-23,63113545;0,00000000
-23,62613545;-0,46598175
-23,62113545;-0,46598175
-23,61613545;0,93196350
-23,61113545;0,93196350
-23,60613545;-0,46598175
-23,60113545;0,46598175
-23,59613545;-0,46598175
-23,59113545;0,46598175
-23,58613545;-0,46598175
-23,58113545;0,46598175
-23,57613545;0,46598175
-23,57113545;0,46598175
-23,56613545;0,00000000
-23,56113545;-0,46598175
-23,55613545;-0,93196350
-23,55113545;0,00000000
-23,54613545;0,93196350
-23,54113545;0,46598175
-23,53613545;0,00000000
-23,53113545;0,00000000
-23,52613545;-0,93196350
-23,52113545;1,86546493
-23,51613545;-0,46598175
-23,51113545;0,93196350
-23,50613545;0,93196350
-23,50113545;0,46598175
-23,49613545;-0,46598175
-23,49113545;-0,93196350
-23,48613545;0,46598175
-23,48113545;0,46598175
-23,47613545;0,46598175
-23,47113545;0,00000000
-23,46613545;0,00000000
-23,46113545;0,46598175
-23,45613545;0,00000000
-23,45113545;0,00000000
-23,44613545;0,00000000
-23,44113545;-0,46598175
-23,43613545;0,00000000
-23,43113546;-0,93196350
-23,42613546;0,00000000
-23,42113546;0,46598175
-23,41613546;0,46598175
-23,41113546;0,46598175
-23,40613546;0,00000000
-23,40113546;0,93196350
-23,39613546;0,46598175
-23,39113546;0,46598175
-23,38613546;-0,46598175
-23,38113546;0,93196350
-23,37613546;-0,46598175
-23,37113546;-0,46598175
-23,36613546;-0,46598175
-23,36113546;0,00000000
-23,35613546;0,93196350
-23,35113546;0,00000000
-23,34613546;0,46598175
-23,34113546;0,00000000
-23,33613546;0,46598175
-23,33113546;0,00000000
-23,32613546;-0,46598175
-23,32113546;2,33298445
-23,31613546;0,93196350
-23,31113546;0,00000000
-23,30613546;0,00000000
-23,30113546;0,00000000
-23,29613546;0,00000000
-23,29113546;0,93196350
-23,28613546;0,00000000
-23,28113546;-0,46598175
-23,27613546;-0,46598175
-23,27113546;-0,46598175
-23,26613546;0,46598175
-23,26113546;0,00000000
-23,25613546;0,46598175
-23,25113546;0,00000000
-23,24613546;-0,46598175
-23,24113546;0,46598175
-23,23613546;0,00000000
-23,23113546;0,00000000
-23,22613546;0,00000000
-23,22113546;0,00000000
-23,21613546;0,00000000
-23,21113546;0,00000000
-23,20613546;0,46598175
-23,20113546;0,00000000
-23,19613546;0,00000000
-23,19113546;0,00000000
-23,18613546;0,00000000
-23,18113546;0,00000000
-23,17613546;-0,93196350
-23,17113546;0,93196350
-23,16613546;0,46598175
-23,16113546;0,00000000
-23,15613546;0,00000000
-23,15113546;0,46598175
-23,14613546;0,00000000
-23,14113546;0,46598175
-23,13613546;0,00000000
-23,13113546;-0,93196350
-23,12613546;-0,46598175
-23,12113546;-1,39948320
-23,11613546;0,00000000
-23,11113546;0,46598175
-23,10613546;1,39948320
-23,10113546;0,46598175
-23,09613546;0,46598175
-23,09113546;-0,46598175
-23,08613546;0,00000000
-23,08113546;0,93196350
-23,07613546;0,00000000
-23,07113546;0,00000000
-23,06613546;0,46598175
-23,06113546;-0,46598175
-23,05613546;0,00000000
-23,05113546;0,46598175
-23,04613546;0,46598175
-23,04113546;0,46598175
-23,03613547;0,93196350
-23,03113547;-0,46598175
-23,02613547;0,00000000
-23,02113547;0,00000000
-23,01613547;-0,46598175
-23,01113547;-0,46598175
-23,00613547;0,46598175
-23,00113547;0,46598175
-22,99613547;0,00000000
-22,99113547;1,39948320
-22,98613547;0,46598175
-22,98113547;0,00000000
-22,97613547;0,46598175
-22,97113547;0,93196350
-22,96613547;0,00000000
-22,96113547;0,46598175
-22,95613547;0,00000000
-22,95113547;-0,46598175
-22,94613547;0,00000000
-22,94113547;0,93196350
-22,93613547;-0,46598175
-22,93113547;0,46598175
-22,92613547;0,00000000
-22,92113547;-0,46598175
-22,91613547;0,00000000
-22,91113547;0,00000000
-22,90613547;-0,46598175
-22,90113547;0,00000000
-22,89613547;0,93196350
-22,89113547;0,46598175
-22,88613547;0,46598175
-22,88113547;0,00000000
-22,87613547;0,46598175
-22,87113547;0,00000000
-22,86613547;0,46598175
-22,86113547;-0,46598175
-22,85613547;0,46598175
-22,85113547;0,00000000
-22,84613547;0,46598175
-22,84113547;0,46598175
-22,83613547;0,46598175
-22,83113547;0,46598175
-22,82613547;-1,39948320
-22,82113547;0,46598175
-22,81613547;0,00000000
-22,81113547;0,00000000
-22,80613547;0,46598175
-22,80113547;0,46598175
-22,79613547;0,00000000
-22,79113547;-0,46598175
-22,78613547;0,00000000
-22,78113547;0,46598175
-22,77613547;0,00000000
-22,77113547;0,93196350
-22,76613547;-8,86749458
-22,76113547;-0,46598175
-22,75613547;0,46598175
-22,75113547;0,00000000
-22,74613547;-0,46598175
-22,74113547;-0,46598175
-22,73613547;0,00000000
-22,73113547;0,46598175
-22,72613547;0,00000000
-22,72113547;2,33298445
-22,71613547;-0,46598175
-22,71113547;0,46598175
-22,70613547;0,93196350
-22,70113547;0,93196350
-22,69613547;0,46598175
-22,69113547;0,93196350
-22,68613547;0,00000000
-22,68113547;0,46598175
-22,67613547;0,00000000
-22,67113547;0,46598175
-22,66613547;-2,79896641
-22,66113547;0,46598175
-22,65613547;0,46598175
-22,65113547;0,93196350
-22,64613547;-0,93196350
-22,64113548;0,00000000
-22,63613548;0,93196350
-22,63113548;0,46598175
-22,62613548;0,46598175
-22,62113548;0,46598175
-22,61613548;0,00000000
-22,61113548;0,46598175
-22,60613548;0,46598175
-22,60113548;0,00000000
-22,59613548;0,00000000
-22,59113548;0,00000000
-22,58613548;-0,46598175
-22,58113548;0,46598175
-22,57613548;-0,93196350
-22,57113548;0,46598175
-22,56613548;0,00000000
-22,56113548;-0,46598175
-22,55613548;0,93196350
-22,55113548;0,46598175
-22,54613548;0,46598175
-22,54113548;0,00000000
-22,53613548;0,00000000
-22,53113548;0,00000000
-22,52613548;0,46598175
-22,52113548;-2,33298445
-22,51613548;-0,93196350
-22,51113548;0,93196350
-22,50613548;0,46598175
-22,50113548;0,46598175
-22,49613548;0,00000000
-22,49113548;0,93196350
-22,48613548;0,46598175
-22,48113548;-0,46598175
-22,47613548;0,00000000
-22,47113548;0,93196350
-22,46613548;0,00000000
-22,46113548;0,46598175
-22,45613548;0,00000000
-22,45113548;0,00000000
-22,44613548;-0,46598175
-22,44113548;0,00000000
-22,43613548;0,00000000
-22,43113548;0,00000000
-22,42613548;0,46598175
-22,42113548;0,00000000
-22,41613548;0,93196350
-22,41113548;0,00000000
-22,40613548;-0,46598175
-22,40113548;0,93196350
-22,39613548;-0,93196350
-22,39113548;0,46598175
-22,38613548;0,00000000
-22,38113548;-0,46598175
-22,37613548;-0,93196350
-22,37113548;0,46598175
-22,36613548;0,46598175
-22,36113548;0,00000000
-22,35613548;0,00000000
-22,35113548;-0,46598175
-22,34613548;0,46598175
-22,34113548;-0,46598175
-22,33613548;0,00000000
-22,33113548;0,46598175
-22,32613548;-0,46598175
-22,32113548;0,46598175
-22,31613548;-0,46598175
-22,31113548;0,00000000
-22,30613548;-1,39948320
-22,30113548;1,39948320
-22,29613548;0,93196350
-22,29113548;0,00000000
-22,28613548;0,00000000
-22,28113548;0,46598175
-22,27613548;-0,46598175
-22,27113548;-0,46598175
-22,26613548;0,46598175
-22,26113548;0,00000000
-22,25613548;-0,46598175
-22,25113548;0,00000000
-22,24613549;-0,46598175
-22,24113549;0,00000000
-22,23613549;0,46598175
-22,23113549;0,00000000
-22,22613549;0,46598175
-22,22113549;0,93196350
-22,21613549;-0,46598175
-22,21113549;0,46598175
-22,20613549;0,00000000
-22,20113549;0,93196350
-22,19613549;0,00000000
-22,19113549;0,46598175
-22,18613549;-0,46598175
-22,18113549;0,46598175
-22,17613549;0,00000000
-22,17113549;1,39948320
-22,16613549;-0,46598175
-22,16113549;0,00000000
-22,15613549;-0,46598175
-22,15113549;0,46598175
-22,14613549;-0,46598175
-22,14113549;0,46598175
-22,13613549;0,00000000
-22,13113549;-0,93196350
-22,12613549;0,00000000
-22,12113549;1,86546493
-22,11613549;-0,46598175
-22,11113549;0,00000000
-22,10613549;-0,93196350
-22,10113549;0,00000000
-22,09613549;0,46598175
-22,09113549;-0,93196350
-22,08613549;0,93196350
-22,08113549;-0,46598175
-22,07613549;0,46598175
-22,07113549;0,00000000
-22,06613549;0,46598175
-22,06113549;0,46598175
-22,05613549;0,46598175
-22,05113549;0,46598175
-22,04613549;-0,46598175
-22,04113549;0,46598175
-22,03613549;0,00000000
-22,03113549;0,46598175
-22,02613549;0,46598175
-22,02113549;0,46598175
-22,01613549;-0,93196350
-22,01113549;0,46598175
-22,00613549;-0,93196350
-22,00113549;-0,46598175
-21,99613549;0,00000000
-21,99113549;0,46598175
-21,98613549;0,46598175
-21,98113549;0,46598175
-21,97613549;0,00000000
-21,97113549;-0,46598175
-21,96613549;0,00000000
-21,96113549;0,00000000
-21,95613549;0,46598175
-21,95113549;0,46598175
-21,94613549;0,00000000
-21,94113549;0,46598175
-21,93613549;0,00000000
-21,93113549;0,46598175
-21,92613549;0,00000000
-21,92113549;0,00000000
-21,91613549;0,00000000
-21,91113549;0,00000000
-21,90613549;0,93196350
-21,90113549;0,46598175
-21,89613549;0,00000000
-21,89113549;-0,46598175
-21,88613549;0,00000000
-21,88113549;0,46598175
-21,87613549;0,93196350
-21,87113549;0,46598175
-21,86613549;0,00000000
-21,86113549;0,00000000
-21,85613549;0,46598175
-21,85113550;0,00000000
-21,84613550;0,00000000
-21,84113550;1,39948320
-21,83613550;0,00000000
-21,83113550;0,46598175
-21,82613550;0,46598175
-21,82113550;-0,46598175
-21,81613550;0,46598175
-21,81113550;0,00000000
-21,80613550;0,00000000
-21,80113550;-0,93196350
-21,79613550;0,46598175
-21,79113550;0,46598175
-21,78613550;0,00000000
-21,78113550;0,46598175
-21,77613550;0,00000000
-21,77113550;0,00000000
-21,76613550;-0,93196350
-21,76113550;0,00000000
-21,75613550;0,93196350
-21,75113550;0,46598175
-21,74613550;0,93196350
-21,74113550;0,46598175
-21,73613550;-0,46598175
-21,73113550;0,00000000
-21,72613550;0,00000000
-21,72113550;0,46598175
-21,71613550;0,46598175
-21,71113550;0,93196350
-21,70613550;0,00000000
-21,70113550;0,00000000
-21,69613550;0,00000000
-21,69113550;0,46598175
-21,68613550;0,00000000
-21,68113550;0,46598175
-21,67613550;0,00000000
-21,67113550;0,00000000
-21,66613550;0,93196350
-21,66113550;0,46598175
-21,65613550;-0,93196350
-21,65113550;0,93196350
-21,64613550;0,46598175
-21,64113550;0,46598175
-21,63613550;-1,39948320
-21,63113550;0,46598175
-21,62613550;0,93196350
-21,62113550;0,93196350
-21,61613550;0,00000000
-21,61113550;0,00000000
-21,60613550;0,93196350
-21,60113550;1,39948320
-21,59613550;0,00000000
-21,59113550;0,00000000
-21,58613550;0,00000000
-21,58113550;0,00000000
-21,57613550;0,46598175
-21,57113550;0,93196350
-21,56613550;0,93196350
-21,56113550;-0,46598175
-21,55613550;-2,33298445
-21,55113550;0,93196350
-21,54613550;0,00000000
-21,54113550;0,46598175
-21,53613550;0,00000000
-21,53113550;0,93196350
-21,52613550;0,93196350
-21,52113550;-0,93196350
-21,51613550;0,00000000
-21,51113550;0,46598175
-21,50613550;0,93196350
-21,50113550;0,93196350
-21,49613550;-1,86546493
-21,49113550;0,46598175
-21,48613550;0,00000000
-21,48113550;0,00000000
-21,47613550;0,46598175
-21,47113550;0,46598175
-21,46613550;0,46598175
-21,46113550;0,46598175
-21,45613551;1,39948320
-21,45113551;0,46598175
-21,44613551;0,00000000
-21,44113551;0,00000000
-21,43613551;0,46598175
-21,43113551;0,93196350
-21,42613551;0,00000000
-21,42113551;0,00000000
-21,41613551;0,46598175
-21,41113551;0,46598175
-21,40613551;1,39948320
-21,40113551;0,46598175
-21,39613551;0,46598175
-21,39113551;0,00000000
-21,38613551;0,00000000
-21,38113551;0,00000000
-21,37613551;0,00000000
-21,37113551;0,00000000
-21,36613551;0,46598175
-21,36113551;0,46598175
-21,35613551;-0,46598175
-21,35113551;0,00000000
-21,34613551;0,93196350
-21,34113551;0,00000000
-21,33613551;-0,46598175
-21,33113551;0,00000000
-21,32613551;0,46598175
-21,32113551;-0,46598175
-21,31613551;0,00000000
-21,31113551;-2,33298445
-21,30613551;0,00000000
-21,30113551;1,86546493
-21,29613551;1,39948320
-21,29113551;0,46598175
-21,28613551;0,00000000
-21,28113551;0,46598175
-21,27613551;0,00000000
-21,27113551;0,00000000
-21,26613551;0,00000000
-21,26113551;0,46598175
-21,25613551;0,93196350
-21,25113551;0,00000000
-21,24613551;0,46598175
-21,24113551;0,46598175
-21,23613551;0,00000000
-21,23113551;0,46598175
-21,22613551;0,00000000
-21,22113551;0,46598175
-21,21613551;0,93196350
-21,21113551;0,00000000
-21,20613551;0,00000000
-21,20113551;-0,46598175
-21,19613551;-0,93196350
-21,19113551;0,00000000
-21,18613551;-0,93196350
-21,18113551;0,00000000
-21,17613551;0,46598175
-21,17113551;-0,46598175
-21,16613551;0,00000000
-21,16113551;0,46598175
-21,15613551;-1,39948320
-21,15113551;0,46598175
-21,14613551;0,93196350
-21,14113551;0,46598175
-21,13613551;0,46598175
-21,13113551;0,46598175
-21,12613551;0,00000000
-21,12113551;-0,93196350
-21,11613551;-0,46598175
-21,11113551;0,46598175
-21,10613551;0,00000000
-21,10113551;-0,46598175
-21,09613551;0,46598175
-21,09113551;0,00000000
-21,08613551;0,00000000
-21,08113551;0,00000000
-21,07613551;0,93196350
-21,07113551;0,00000000
-21,06613551;-0,46598175
-21,06113551;0,46598175
-21,05613552;-0,46598175
-21,05113552;0,00000000
-21,04613552;0,00000000
-21,04113552;-0,46598175
-21,03613552;0,46598175
-21,03113552;0,46598175
-21,02613552;0,00000000
-21,02113552;0,46598175
-21,01613552;0,46598175
-21,01113552;0,93196350
-21,00613552;0,46598175
-21,00113552;0,93196350
-20,99613552;0,46598175
-20,99113552;0,46598175
-20,98613552;0,93196350
-20,98113552;-0,46598175
-20,97613552;0,46598175
-20,97113552;0,00000000
-20,96613552;0,93196350
-20,96113552;0,00000000
-20,95613552;0,00000000
-20,95113552;0,46598175
-20,94613552;0,46598175
-20,94113552;0,00000000
-20,93613552;-0,46598175
-20,93113552;-0,46598175
-20,92613552;0,00000000
-20,92113552;0,93196350
-20,91613552;0,93196350
-20,91113552;0,00000000
-20,90613552;0,93196350
-20,90113552;0,46598175
-20,89613552;-0,46598175
-20,89113552;-1,39948320
-20,88613552;0,00000000
-20,88113552;0,46598175
-20,87613552;-1,39948320
-20,87113552;0,46598175
-20,86613552;0,46598175
-20,86113552;0,00000000
-20,85613552;0,46598175
-20,85113552;-0,46598175
-20,84613552;0,00000000
-20,84113552;0,00000000
-20,83613552;0,46598175
-20,83113552;-0,93196350
-20,82613552;0,00000000
-20,82113552;0,93196350
-20,81613552;0,00000000
-20,81113552;0,00000000
-20,80613552;0,00000000
-20,80113552;0,00000000
-20,79613552;0,46598175
-20,79113552;-0,46598175
-20,78613552;0,00000000
-20,78113552;0,46598175
-20,77613552;0,00000000
-20,77113552;0,00000000
-20,76613552;0,46598175
-20,76113552;1,39948320
-20,75613552;0,00000000
-20,75113552;0,46598175
-20,74613552;0,46598175
-20,74113552;0,00000000
-20,73613552;0,93196350
-20,73113552;0,93196350
-20,72613552;0,46598175
-20,72113552;0,00000000
-20,71613552;0,00000000
-20,71113552;0,00000000
-20,70613552;0,00000000
-20,70113552;0,46598175
-20,69613552;-0,46598175
-20,69113552;-1,39948320
-20,68613552;-0,46598175
-20,68113552;-0,46598175
-20,67613552;0,00000000
-20,67113552;0,46598175
-20,66613552;-0,46598175
-20,66113553;0,00000000
-20,65613553;-0,46598175
-20,65113553;0,93196350
-20,64613553;-0,46598175
-20,64113553;0,00000000
-20,63613553;0,00000000
-20,63113553;0,00000000
-20,62613553;0,46598175
-20,62113553;0,46598175
-20,61613553;0,46598175
-20,61113553;-0,93196350
-20,60613553;0,00000000
-20,60113553;0,00000000
-20,59613553;0,00000000
-20,59113553;0,00000000
-20,58613553;-0,46598175
-20,58113553;0,46598175
-20,57613553;0,46598175
-20,57113553;0,00000000
-20,56613553;0,46598175
-20,56113553;0,00000000
-20,55613553;0,00000000
-20,55113553;0,00000000
-20,54613553;0,00000000
-20,54113553;-0,46598175
-20,53613553;0,46598175
-20,53113553;0,00000000
-20,52613553;0,46598175
-20,52113553;0,00000000
-20,51613553;0,93196350
-20,51113553;-0,46598175
-20,50613553;-1,39948320
-20,50113553;0,46598175
-20,49613553;0,00000000
-20,49113553;0,00000000
-20,48613553;0,00000000
-20,48113553;-0,46598175
-20,47613553;0,00000000
-20,47113553;0,00000000
-20,46613553;0,93196350
-20,46113553;0,93196350
-20,45613553;0,00000000
-20,45113553;0,00000000
-20,44613553;0,46598175
-20,44113553;0,00000000
-20,43613553;0,46598175
-20,43113553;0,00000000
-20,42613553;0,00000000
-20,42113553;0,00000000
-20,41613553;0,93196350
-20,41113553;0,00000000
-20,40613553;-0,46598175
-20,40113553;0,00000000
-20,39613553;0,46598175
-20,39113553;0,00000000
-20,38613553;0,00000000
-20,38113553;0,46598175
-20,37613553;0,46598175
-20,37113553;-0,46598175
-20,36613553;0,93196350
-20,36113553;0,46598175
-20,35613553;-0,93196350
-20,35113553;0,00000000
-20,34613553;0,00000000
-20,34113553;-0,46598175
-20,33613553;0,00000000
-20,33113553;0,46598175
-20,32613553;0,46598175
-20,32113553;0,46598175
-20,31613553;0,00000000
-20,31113553;-1,39948320
-20,30613553;0,00000000
-20,30113553;0,46598175
-20,29613553;0,93196350
-20,29113553;1,86546493
-20,28613553;0,00000000
-20,28113553;0,46598175
-20,27613553;-0,93196350
-20,27113553;0,46598175
-20,26613554;0,46598175
-20,26113554;0,00000000
-20,25613554;0,46598175
-20,25113554;0,46598175
-20,24613554;0,46598175
-20,24113554;0,46598175
-20,23613554;0,46598175
-20,23113554;0,00000000
-20,22613554;0,00000000
-20,22113554;1,86546493
-20,21613554;0,46598175
-20,21113554;0,46598175
-20,20613554;0,00000000
-20,20113554;0,46598175
-20,19613554;0,46598175
-20,19113554;0,93196350
-20,18613554;0,00000000
-20,18113554;0,00000000
-20,17613554;0,00000000
-20,17113554;0,46598175
-20,16613554;-0,46598175
-20,16113554;0,46598175
-20,15613554;0,46598175
-20,15113554;0,00000000
-20,14613554;0,00000000
-20,14113554;0,00000000
-20,13613554;-0,46598175
-20,13113554;0,00000000
-20,12613554;0,46598175
-20,12113554;0,46598175
-20,11613554;0,00000000
-20,11113554;-0,46598175
-20,10613554;-0,46598175
-20,10113554;0,46598175
-20,09613554;0,93196350
-20,09113554;-13,53500175
-20,08613554;-0,93196350
-20,08113554;-0,93196350
-20,07613554;0,46598175
-20,07113554;0,00000000
-20,06613554;-0,46598175
-20,06113554;0,46598175
-20,05613554;0,00000000
-20,05113554;0,46598175
-20,04613554;0,00000000
-20,04113554;-0,46598175
-20,03613554;0,00000000
-20,03113554;0,00000000
-20,02613554;0,46598175
-20,02113554;0,46598175
-20,01613554;0,46598175
-20,01113554;0,00000000
-20,00613554;0,00000000
-20,00113554;0,46598175
-19,99613554;0,93196350
-19,99113554;0,00000000
-19,98613554;-0,46598175
-19,98113554;0,46598175
-19,97613554;0,46598175
-19,97113554;0,00000000
-19,96613554;0,46598175
-19,96113554;0,00000000
-19,95613554;0,00000000
-19,95113554;0,00000000
-19,94613554;-0,46598175
-19,94113554;0,93196350
-19,93613554;0,00000000
-19,93113554;0,93196350
-19,92613554;0,00000000
-19,92113554;0,00000000
-19,91613554;0,46598175
-19,91113554;0,00000000
-19,90613554;2,33298445
-19,90113554;0,46598175
-19,89613554;0,00000000
-19,89113554;0,00000000
-19,88613554;-20,53549385
-19,88113554;0,00000000
-19,87613554;1,39948320
-19,87113555;0,00000000
-19,86613555;0,46598175
-19,86113555;0,46598175
-19,85613555;0,00000000
-19,85113555;0,00000000
-19,84613555;0,00000000
-19,84113555;-0,93196350
-19,83613555;0,00000000
-19,83113555;0,46598175
-19,82613555;0,00000000
-19,82113555;0,93196350
-19,81613555;-0,93196350
-19,81113555;0,46598175
-19,80613555;0,00000000
-19,80113555;0,00000000
-19,79613555;0,46598175
-19,79113555;0,00000000
-19,78613555;-0,46598175
-19,78113555;0,00000000
-19,77613555;0,46598175
-19,77113555;0,00000000
-19,76613555;-0,46598175
-19,76113555;0,46598175
-19,75613555;0,00000000
-19,75113555;0,46598175
-19,74613555;0,46598175
-19,74113555;0,00000000
-19,73613555;0,00000000
-19,73113555;0,46598175
-19,72613555;0,00000000
-19,72113555;1,39948320
-19,71613555;0,00000000
-19,71113555;0,46598175
-19,70613555;0,93196350
-19,70113555;0,00000000
-19,69613555;0,00000000
-19,69113555;0,46598175
-19,68613555;0,00000000
-19,68113555;0,00000000
-19,67613555;0,46598175
-19,67113555;-0,93196350
-19,66613555;0,00000000
-19,66113555;0,00000000
-19,65613555;0,46598175
-19,65113555;0,46598175
-19,64613555;1,39948320
-19,64113555;0,46598175
-19,63613555;0,46598175
-19,63113555;0,00000000
-19,62613555;-0,46598175
-19,62113555;0,00000000
-19,61613555;0,46598175
-19,61113555;0,46598175
-19,60613555;0,46598175
-19,60113555;0,00000000
-19,59613555;0,46598175
-19,59113555;0,46598175
-19,58613555;0,00000000
-19,58113555;0,00000000
-19,57613555;0,46598175
-19,57113555;0,00000000
-19,56613555;0,46598175
-19,56113555;0,00000000
-19,55613555;0,00000000
-19,55113555;-0,46598175
-19,54613555;0,00000000
-19,54113555;0,00000000
-19,53613555;0,46598175
-19,53113555;0,46598175
-19,52613555;-0,46598175
-19,52113555;0,00000000
-19,51613555;-0,46598175
-19,51113555;-0,93196350
-19,50613555;0,46598175
-19,50113555;-0,93196350
-19,49613555;0,00000000
-19,49113555;0,46598175
-19,48613555;0,46598175
-19,48113555;0,00000000
-19,47613556;0,00000000
-19,47113556;0,93196350
-19,46613556;0,00000000
-19,46113556;0,00000000
-19,45613556;0,46598175
-19,45113556;0,93196350
-19,44613556;0,46598175
-19,44113556;0,00000000
-19,43613556;-0,46598175
-19,43113556;0,46598175
-19,42613556;-0,93196350
-19,42113556;0,00000000
-19,41613556;0,00000000
-19,41113556;0,93196350
-19,40613556;0,46598175
-19,40113556;0,46598175
-19,39613556;0,46598175
-19,39113556;-0,46598175
-19,38613556;0,93196350
-19,38113556;0,00000000
-19,37613556;0,46598175
-19,37113556;0,46598175
-19,36613556;0,46598175
-19,36113556;0,46598175
-19,35613556;0,00000000
-19,35113556;0,00000000
-19,34613556;0,00000000
-19,34113556;0,00000000
-19,33613556;1,39948320
-19,33113556;-0,46598175
-19,32613556;0,46598175
-19,32113556;0,46598175
-19,31613556;0,46598175
-19,31113556;0,00000000
-19,30613556;-1,86546493
-19,30113556;0,00000000
-19,29613556;0,46598175
-19,29113556;-0,93196350
-19,28613556;0,46598175
-19,28113556;0,46598175
-19,27613556;0,00000000
-19,27113556;0,00000000
-19,26613556;0,93196350
-19,26113556;0,00000000
-19,25613556;0,00000000
-19,25113556;0,93196350
-19,24613556;0,00000000
-19,24113556;0,00000000
-19,23613556;0,46598175
-19,23113556;0,93196350
-19,22613556;0,00000000
-19,22113556;0,00000000
-19,21613556;0,46598175
-19,21113556;0,00000000
-19,20613556;0,46598175
-19,20113556;0,46598175
-19,19613556;0,93196350
-19,19113556;0,00000000
-19,18613556;-0,46598175
-19,18113556;0,46598175
-19,17613556;-0,46598175
-19,17113556;0,00000000
-19,16613556;-1,39948320
-19,16113556;0,46598175
-19,15613556;0,93196350
-19,15113556;0,00000000
-19,14613556;0,00000000
-19,14113556;0,46598175
-19,13613556;-0,46598175
-19,13113556;-0,93196350
-19,12613556;0,00000000
-19,12113556;0,00000000
-19,11613556;0,00000000
-19,11113556;0,00000000
-19,10613556;0,00000000
-19,10113556;0,00000000
-19,09613556;0,46598175
-19,09113556;-0,93196350
-19,08613556;0,46598175
-19,08113557;0,00000000
-19,07613557;0,00000000
-19,07113557;-0,46598175
-19,06613557;0,46598175
-19,06113557;0,00000000
-19,05613557;0,46598175
-19,05113557;0,00000000
-19,04613557;0,00000000
-19,04113557;0,00000000
-19,03613557;-0,46598175
-19,03113557;0,00000000
-19,02613557;0,93196350
-19,02113557;0,00000000
-19,01613557;0,00000000
-19,01113557;-0,46598175
-19,00613557;0,93196350
-19,00113557;0,46598175
-18,99613557;-0,46598175
-18,99113557;0,00000000
-18,98613557;-0,46598175
-18,98113557;1,39948320
-18,97613557;0,46598175
-18,97113557;0,46598175
-18,96613557;0,00000000
-18,96113557;1,39948320
-18,95613557;0,00000000
-18,95113557;0,46598175
-18,94613557;0,00000000
-18,94113557;0,00000000
-18,93613557;0,00000000
-18,93113557;0,46598175
-18,92613557;0,46598175
-18,92113557;0,46598175
-18,91613557;0,00000000
-18,91113557;0,00000000
-18,90613557;-0,46598175
-18,90113557;0,00000000
-18,89613557;0,00000000
-18,89113557;0,46598175
-18,88613557;0,00000000
-18,88113557;0,46598175
-18,87613557;0,46598175
-18,87113557;0,00000000
-18,86613557;0,00000000
-18,86113557;0,00000000
-18,85613557;0,46598175
-18,85113557;0,00000000
-18,84613557;0,00000000
-18,84113557;0,46598175
-18,83613557;0,00000000
-18,83113557;0,00000000
-18,82613557;0,46598175
-18,82113557;0,46598175
-18,81613557;0,00000000
-18,81113557;0,00000000
-18,80613557;0,00000000
-18,80113557;0,46598175
-18,79613557;0,00000000
-18,79113557;0,00000000
-18,78613557;0,00000000
-18,78113557;0,46598175
-18,77613557;0,46598175
-18,77113557;0,46598175
-18,76613557;0,00000000
-18,76113557;0,00000000
-18,75613557;0,46598175
-18,75113557;0,46598175
-18,74613557;0,46598175
-18,74113557;0,00000000
-18,73613557;0,00000000
-18,73113557;0,00000000
-18,72613557;-0,46598175
-18,72113557;0,46598175
-18,71613557;-0,46598175
-18,71113557;0,00000000
-18,70613557;1,39948320
-18,70113557;0,46598175
-18,69613557;0,00000000
-18,69113557;0,00000000
-18,68613557;0,00000000
-18,68113558;0,00000000
-18,67613558;-1,39948320
-18,67113558;0,46598175
-18,66613558;0,00000000
-18,66113558;0,93196350
-18,65613558;0,46598175
-18,65113558;0,46598175
-18,64613558;0,46598175
-18,64113558;0,46598175
-18,63613558;0,46598175
-18,63113558;0,46598175
-18,62613558;0,00000000
-18,62113558;0,00000000
-18,61613558;0,00000000
-18,61113558;-0,46598175
-18,60613558;0,46598175
-18,60113558;0,46598175
-18,59613558;0,46598175
-18,59113558;0,46598175
-18,58613558;0,46598175
-18,58113558;0,00000000
-18,57613558;0,00000000
-18,57113558;0,93196350
-18,56613558;0,00000000
-18,56113558;0,46598175
-18,55613558;0,00000000
-18,55113558;0,46598175
-18,54613558;0,46598175
-18,54113558;-0,46598175
-18,53613558;0,46598175
-18,53113558;0,00000000
-18,52613558;0,46598175
-18,52113558;-0,46598175
-18,51613558;0,46598175
-18,51113558;0,00000000
-18,50613558;0,46598175
-18,50113558;0,46598175
-18,49613558;0,00000000
-18,49113558;-0,46598175
-18,48613558;2,33298445
-18,48113558;0,93196350
-18,47613558;1,39948320
-18,47113558;0,00000000
-18,46613558;0,00000000
-18,46113558;0,46598175
-18,45613558;-0,46598175
-18,45113558;0,93196350
-18,44613558;1,86546493
-18,44113558;0,46598175
-18,43613558;0,46598175
-18,43113558;0,46598175
-18,42613558;0,46598175
-18,42113558;0,00000000
-18,41613558;-0,93196350
-18,41113558;0,46598175
-18,40613558;-0,46598175
-18,40113558;0,46598175
-18,39613558;0,46598175
-18,39113558;0,00000000
-18,38613558;0,93196350
-18,38113558;0,00000000
-18,37613558;-0,46598175
-18,37113558;0,46598175
-18,36613558;0,46598175
-18,36113558;0,46598175
-18,35613558;0,46598175
-18,35113558;0,46598175
-18,34613558;0,00000000
-18,34113558;0,00000000
-18,33613558;0,00000000
-18,33113558;0,00000000
-18,32613558;0,00000000
-18,32113558;0,46598175
-18,31613558;0,46598175
-18,31113558;0,93196350
-18,30613558;0,46598175
-18,30113558;0,46598175
-18,29613558;0,00000000
-18,29113558;-2,33298445
-18,28613559;-0,93196350
-18,28113559;0,00000000
-18,27613559;0,46598175
-18,27113559;-0,46598175
-18,26613559;1,39948320
-18,26113559;1,86546493
-18,25613559;-0,46598175
-18,25113559;-0,46598175
-18,24613559;1,39948320
-18,24113559;0,00000000
-18,23613559;0,46598175
-18,23113559;0,00000000
-18,22613559;0,46598175
-18,22113559;0,46598175
-18,21613559;-2,33298445
-18,21113559;0,00000000
-18,20613559;0,46598175
-18,20113559;0,46598175
-18,19613559;-1,39948320
-18,19113559;0,00000000
-18,18613559;0,00000000
-18,18113559;0,00000000
-18,17613559;0,93196350
-18,17113559;0,46598175
-18,16613559;0,46598175
-18,16113559;0,46598175
-18,15613559;16,33396912
-18,15113559;0,00000000
-18,14613559;-0,46598175
-18,14113559;0,00000000
-18,13613559;-0,93196350
-18,13113559;0,00000000
-18,12613559;0,46598175
-18,12113559;-2,79896641
-18,11613559;0,46598175
-18,11113559;0,46598175
-18,10613559;0,93196350
-18,10113559;-0,93196350
-18,09613559;0,46598175
-18,09113559;1,39948320
-18,08613559;0,93196350
-18,08113559;0,00000000
-18,07613559;0,93196350
-18,07113559;0,00000000
-18,06613559;0,00000000
-18,06113559;0,46598175
-18,05613559;0,46598175
-18,05113559;0,00000000
-18,04613559;0,00000000
-18,04113559;-0,46598175
-18,03613559;0,46598175
-18,03113559;0,46598175
-18,02613559;0,00000000
-18,02113559;0,00000000
-18,01613559;0,00000000
-18,01113559;0,00000000
-18,00613559;0,00000000
-18,00113559;0,46598175
-17,99613559;0,00000000
-17,99113559;0,46598175
-17,98613559;0,46598175
-17,98113559;0,00000000
-17,97613559;0,93196350
-17,97113559;0,00000000
-17,96613559;0,93196350
-17,96113559;0,00000000
-17,95613559;0,00000000
-17,95113559;0,00000000
-17,94613559;0,00000000
-17,94113559;0,00000000
-17,93613559;0,00000000
-17,93113559;0,46598175
-17,92613559;0,46598175
-17,92113559;0,46598175
-17,91613559;0,00000000
-17,91113559;0,00000000
-17,90613559;0,93196350
-17,90113559;0,00000000
-17,89613559;0,46598175
-17,89113560;-0,46598175
-17,88613560;-0,46598175
-17,88113560;0,93196350
-17,87613560;0,00000000
-17,87113560;-0,46598175
-17,86613560;0,46598175
-17,86113560;0,46598175
-17,85613560;-0,46598175
-17,85113560;-0,93196350
-17,84613560;0,00000000
-17,84113560;0,46598175
-17,83613560;0,00000000
-17,83113560;0,46598175
-17,82613560;0,00000000
-17,82113560;-0,46598175
-17,81613560;0,46598175
-17,81113560;0,46598175
-17,80613560;0,00000000
-17,80113560;0,00000000
-17,79613560;-0,46598175
-17,79113560;-0,46598175
-17,78613560;0,00000000
-17,78113560;0,00000000
-17,77613560;0,00000000
-17,77113560;0,00000000
-17,76613560;0,00000000
-17,76113560;0,46598175
-17,75613560;-0,46598175
-17,75113560;0,93196350
-17,74613560;-0,46598175
-17,74113560;0,00000000
-17,73613560;0,00000000
-17,73113560;0,00000000
-17,72613560;0,00000000
-17,72113560;-0,46598175
-17,71613560;0,46598175
-17,71113560;0,46598175
-17,70613560;0,46598175
-17,70113560;-0,46598175
-17,69613560;0,93196350
-17,69113560;0,00000000
-17,68613560;0,93196350
-17,68113560;-0,46598175
-17,67613560;0,00000000
-17,67113560;0,00000000
-17,66613560;0,00000000
-17,66113560;0,00000000
-17,65613560;-0,93196350
-17,65113560;0,93196350
-17,64613560;-0,93196350
-17,64113560;0,46598175
-17,63613560;0,46598175
-17,63113560;0,93196350
-17,62613560;0,46598175
-17,62113560;0,93196350
-17,61613560;-0,93196350
-17,61113560;-0,46598175
-17,60613560;0,46598175
-17,60113560;0,00000000
-17,59613560;0,46598175
-17,59113560;0,46598175
-17,58613560;0,00000000
-17,58113560;0,46598175
-17,57613560;0,46598175
-17,57113560;0,00000000
-17,56613560;0,46598175
-17,56113560;0,00000000
-17,55613560;0,00000000
-17,55113560;0,00000000
-17,54613560;0,46598175
-17,54113560;0,00000000
-17,53613560;0,00000000
-17,53113560;0,00000000
-17,52613560;0,00000000
-17,52113560;0,00000000
-17,51613560;0,46598175
-17,51113560;0,46598175
-17,50613560;0,93196350
-17,50113560;0,00000000
-17,49613561;0,00000000
-17,49113561;0,46598175
-17,48613561;0,93196350
-17,48113561;0,46598175
-17,47613561;0,93196350
-17,47113561;0,46598175
-17,46613561;0,46598175
-17,46113561;-0,46598175
-17,45613561;0,00000000
-17,45113561;0,00000000
-17,44613561;0,46598175
-17,44113561;-0,93196350
-17,43613561;0,46598175
-17,43113561;0,00000000
-17,42613561;0,00000000
-17,42113561;0,93196350
-17,41613561;0,00000000
-17,41113561;-0,46598175
-17,40613561;0,46598175
-17,40113561;0,00000000
-17,39613561;0,00000000
-17,39113561;0,46598175
-17,38613561;0,46598175
-17,38113561;0,93196350
-17,37613561;-0,46598175
-17,37113561;0,00000000
-17,36613561;0,00000000
-17,36113561;0,00000000
-17,35613561;-0,46598175
-17,35113561;0,00000000
-17,34613561;0,00000000
-17,34113561;0,00000000
-17,33613561;0,00000000
-17,33113561;0,46598175
-17,32613561;0,00000000
-17,32113561;0,00000000
-17,31613561;0,93196350
-17,31113561;0,00000000
-17,30613561;0,46598175
-17,30113561;0,00000000
-17,29613561;-0,93196350
-17,29113561;-0,93196350
-17,28613561;0,46598175
-17,28113561;0,00000000
-17,27613561;-0,46598175
-17,27113561;0,93196350
-17,26613561;0,46598175
-17,26113561;-0,93196350
-17,25613561;0,00000000
-17,25113561;0,93196350
-17,24613561;-0,46598175
-17,24113561;0,46598175
-17,23613561;0,46598175
-17,23113561;0,00000000
-17,22613561;0,46598175
-17,22113561;0,00000000
-17,21613561;2,79896641
-17,21113561;1,39948320
-17,20613561;-0,46598175
-17,20113561;0,00000000
-17,19613561;0,00000000
-17,19113561;0,93196350
-17,18613561;0,46598175
-17,18113561;0,00000000
-17,17613561;0,00000000
-17,17113561;0,00000000
-17,16613561;0,00000000
-17,16113561;0,00000000
-17,15613561;0,46598175
-17,15113561;-0,46598175
-17,14613561;0,00000000
-17,14113561;0,46598175
-17,13613561;0,00000000
-17,13113561;-0,46598175
-17,12613561;-0,93196350
-17,12113561;0,00000000
-17,11613561;0,46598175
-17,11113561;0,46598175
-17,10613561;-0,46598175
-17,10113562;0,46598175
-17,09613562;0,00000000
-17,09113562;0,00000000
-17,08613562;-0,46598175
-17,08113562;-0,46598175
-17,07613562;0,00000000
-17,07113562;1,39948320
-17,06613562;0,46598175
-17,06113562;0,46598175
-17,05613562;-0,93196350
-17,05113562;0,00000000
-17,04613562;0,00000000
-17,04113562;0,00000000
-17,03613562;0,00000000
-17,03113562;0,00000000
-17,02613562;0,46598175
-17,02113562;0,00000000
-17,01613562;0,46598175
-17,01113562;0,46598175
-17,00613562;0,46598175
-17,00113562;0,00000000
-16,99613562;-0,46598175
-16,99113562;0,00000000
-16,98613562;0,00000000
-16,98113562;0,00000000
-16,97613562;0,46598175
-16,97113562;0,00000000
-16,96613562;0,00000000
-16,96113562;0,00000000
-16,95613562;0,00000000
-16,95113562;0,46598175
-16,94613562;0,46598175
-16,94113562;-0,46598175
-16,93613562;-0,46598175
-16,93113562;0,93196350
-16,92613562;0,93196350
-16,92113562;-0,46598175
-16,91613562;0,46598175
-16,91113562;0,46598175
-16,90613562;0,00000000
-16,90113562;-0,93196350
-16,89613562;0,00000000
-16,89113562;1,39948320
-16,88613562;0,00000000
-16,88113562;0,46598175
-16,87613562;-0,46598175
-16,87113562;0,00000000
-16,86613562;0,00000000
-16,86113562;-0,93196350
-16,85613562;0,00000000
-16,85113562;0,93196350
-16,84613562;0,00000000
-16,84113562;0,00000000
-16,83613562;0,00000000
-16,83113562;0,93196350
-16,82613562;0,00000000
-16,82113562;0,00000000
-16,81613562;0,00000000
-16,81113562;0,00000000
-16,80613562;0,46598175
-16,80113562;0,00000000
-16,79613562;0,46598175
-16,79113562;0,00000000
-16,78613562;0,46598175
-16,78113562;0,93196350
-16,77613562;0,46598175
-16,77113562;0,46598175
-16,76613562;0,46598175
-16,76113562;0,00000000
-16,75613562;0,00000000
-16,75113562;-0,46598175
-16,74613562;0,00000000
-16,74113562;0,00000000
-16,73613562;-0,93196350
-16,73113562;0,00000000
-16,72613562;-0,46598175
-16,72113562;0,00000000
-16,71613562;0,46598175
-16,71113562;-0,46598175
-16,70613563;0,00000000
-16,70113563;-0,46598175
-16,69613563;0,00000000
-16,69113563;0,00000000
-16,68613563;0,93196350
-16,68113563;0,46598175
-16,67613563;0,00000000
-16,67113563;0,93196350
-16,66613563;-0,46598175
-16,66113563;-0,46598175
-16,65613563;-0,46598175
-16,65113563;0,93196350
-16,64613563;-0,46598175
-16,64113563;0,00000000
-16,63613563;0,93196350
-16,63113563;0,00000000
-16,62613563;0,00000000
-16,62113563;0,46598175
-16,61613563;0,00000000
-16,61113563;-0,46598175
-16,60613563;0,00000000
-16,60113563;0,46598175
-16,59613563;0,93196350
-16,59113563;0,93196350
-16,58613563;0,00000000
-16,58113563;0,00000000
-16,57613563;-0,46598175
-16,57113563;0,00000000
-16,56613563;0,46598175
-16,56113563;0,46598175
-16,55613563;-0,46598175
-16,55113563;0,00000000
-16,54613563;0,00000000
-16,54113563;0,93196350
-16,53613563;0,46598175
-16,53113563;0,46598175
-16,52613563;0,00000000
-16,52113563;0,46598175
-16,51613563;-0,46598175
-16,51113563;0,00000000
-16,50613563;0,46598175
-16,50113563;0,46598175
-16,49613563;0,46598175
-16,49113563;1,86546493
-16,48613563;0,00000000
-16,48113563;-0,46598175
-16,47613563;0,46598175
-16,47113563;-0,46598175
-16,46613563;-0,46598175
-16,46113563;0,46598175
-16,45613563;0,00000000
-16,45113563;0,00000000
-16,44613563;0,46598175
-16,44113563;0,93196350
-16,43613563;0,00000000
-16,43113563;0,46598175
-16,42613563;-0,46598175
-16,42113563;0,46598175
-16,41613563;-0,46598175
-16,41113563;0,00000000
-16,40613563;0,00000000
-16,40113563;0,46598175
-16,39613563;-0,93196350
-16,39113563;0,93196350
-16,38613563;1,86546493
-16,38113563;0,00000000
-16,37613563;-0,46598175
-16,37113563;-0,46598175
-16,36613563;0,00000000
-16,36113563;-0,46598175
-16,35613563;0,00000000
-16,35113563;0,00000000
-16,34613563;0,00000000
-16,34113563;-0,46598175
-16,33613563;0,00000000
-16,33113563;0,46598175
-16,32613563;0,46598175
-16,32113563;0,46598175
-16,31613563;0,46598175
-16,31113563;0,46598175
-16,30613564;0,00000000
-16,30113564;-0,46598175
-16,29613564;-0,46598175
-16,29113564;0,00000000
-16,28613564;0,00000000
-16,28113564;-0,46598175
-16,27613564;-0,93196350
-16,27113564;-0,46598175
-16,26613564;0,00000000
-16,26113564;0,46598175
-16,25613564;0,00000000
-16,25113564;0,93196350
-16,24613564;-0,46598175
-16,24113564;0,46598175
-16,23613564;-0,93196350
-16,23113564;0,46598175
-16,22613564;0,00000000
-16,22113564;0,00000000
-16,21613564;-0,93196350
-16,21113564;-0,46598175
-16,20613564;-0,46598175
-16,20113564;0,46598175
-16,19613564;0,00000000
-16,19113564;0,46598175
-16,18613564;1,39948320
-16,18113564;0,46598175
-16,17613564;0,00000000
-16,17113564;-0,93196350
-16,16613564;0,00000000
-16,16113564;0,46598175
-16,15613564;0,46598175
-16,15113564;0,46598175
-16,14613564;0,46598175
-16,14113564;-0,46598175
-16,13613564;-0,46598175
-16,13113564;-0,46598175
-16,12613564;0,46598175
-16,12113564;0,46598175
-16,11613564;0,00000000
-16,11113564;0,00000000
-16,10613564;0,46598175
-16,10113564;0,00000000
-16,09613564;0,00000000
-16,09113564;0,00000000
-16,08613564;0,46598175
-16,08113564;0,00000000
-16,07613564;-1,39948320
-16,07113564;0,46598175
-16,06613564;0,00000000
-16,06113564;0,46598175
-16,05613564;0,00000000
-16,05113564;0,46598175
-16,04613564;-0,93196350
-16,04113564;-0,93196350
-16,03613564;0,93196350
-16,03113564;0,46598175
-16,02613564;0,00000000
-16,02113564;0,00000000
-16,01613564;0,46598175
-16,01113564;0,00000000
-16,00613564;0,00000000
-16,00113564;0,00000000
-15,99613564;-0,46598175
-15,99113564;-0,46598175
-15,98613564;0,00000000
-15,98113564;0,00000000
-15,97613564;0,93196350
-15,97113564;0,00000000
-15,96613564;0,00000000
-15,96113564;0,00000000
-15,95613564;0,00000000
-15,95113564;0,00000000
-15,94613564;0,00000000
-15,94113564;0,00000000
-15,93613564;0,46598175
-15,93113564;0,00000000
-15,92613564;0,00000000
-15,92113564;0,93196350
-15,91613564;0,00000000
-15,91113565;0,00000000
-15,90613565;0,00000000
-15,90113565;0,00000000
-15,89613565;0,46598175
-15,89113565;1,39948320
-15,88613565;0,00000000
-15,88113565;0,46598175
-15,87613565;0,46598175
-15,87113565;0,46598175
-15,86613565;0,93196350
-15,86113565;0,46598175
-15,85613565;0,46598175
-15,85113565;0,46598175
-15,84613565;0,93196350
-15,84113565;2,33298445
-15,83613565;-0,46598175
-15,83113565;0,93196350
-15,82613565;-0,46598175
-15,82113565;0,00000000
-15,81613565;0,00000000
-15,81113565;-0,46598175
-15,80613565;0,46598175
-15,80113565;0,46598175
-15,79613565;0,93196350
-15,79113565;0,00000000
-15,78613565;-0,46598175
-15,78113565;0,00000000
-15,77613565;-0,93196350
-15,77113565;0,93196350
-15,76613565;0,00000000
-15,76113565;0,46598175
-15,75613565;0,46598175
-15,75113565;0,00000000
-15,74613565;0,00000000
-15,74113565;0,93196350
-15,73613565;0,46598175
-15,73113565;0,00000000
-15,72613565;0,93196350
-15,72113565;0,46598175
-15,71613565;0,46598175
-15,71113565;0,00000000
-15,70613565;-1,39948320
-15,70113565;-0,46598175
-15,69613565;-1,39948320
-15,69113565;-0,46598175
-15,68613565;0,00000000
-15,68113565;-0,46598175
-15,67613565;-0,93196350
-15,67113565;-0,93196350
-15,66613565;-0,93196350
-15,66113565;0,46598175
-15,65613565;-0,46598175
-15,65113565;0,93196350
-15,64613565;0,00000000
-15,64113565;0,46598175
-15,63613565;-0,46598175
-15,63113565;0,46598175
-15,62613565;0,46598175
-15,62113565;0,00000000
-15,61613565;0,46598175
-15,61113565;0,46598175
-15,60613565;0,46598175
-15,60113565;0,46598175
-15,59613565;0,46598175
-15,59113565;0,46598175
-15,58613565;0,46598175
-15,58113565;0,46598175
-15,57613565;-0,93196350
-15,57113565;2,33298445
-15,56613565;0,00000000
-15,56113565;0,00000000
-15,55613565;0,46598175
-15,55113565;0,00000000
-15,54613565;0,46598175
-15,54113565;0,00000000
-15,53613565;0,46598175
-15,53113565;0,46598175
-15,52613565;0,00000000
-15,52113565;0,00000000
-15,51613566;0,00000000
-15,51113566;0,00000000
-15,50613566;0,00000000
-15,50113566;0,00000000
-15,49613566;0,46598175
-15,49113566;0,46598175
-15,48613566;0,00000000
-15,48113566;0,00000000
-15,47613566;1,39948320
-15,47113566;0,00000000
-15,46613566;0,00000000
-15,46113566;0,46598175
-15,45613566;0,00000000
-15,45113566;0,00000000
-15,44613566;-0,93196350
-15,44113566;0,93196350
-15,43613566;0,93196350
-15,43113566;0,93196350
-15,42613566;0,00000000
-15,42113566;0,93196350
-15,41613566;-0,46598175
-15,41113566;-0,46598175
-15,40613566;-0,46598175
-15,40113566;0,46598175
-15,39613566;-0,93196350
-15,39113566;0,46598175
-15,38613566;0,93196350
-15,38113566;0,93196350
-15,37613566;0,00000000
-15,37113566;-0,46598175
-15,36613566;-0,46598175
-15,36113566;0,46598175
-15,35613566;0,00000000
-15,35113566;0,46598175
-15,34613566;0,00000000
-15,34113566;0,46598175
-15,33613566;0,46598175
-15,33113566;0,46598175
-15,32613566;0,93196350
-15,32113566;0,46598175
-15,31613566;0,46598175
-15,31113566;0,46598175
-15,30613566;0,00000000
-15,30113566;0,46598175
-15,29613566;0,00000000
-15,29113566;-0,46598175
-15,28613566;-0,46598175
-15,28113566;-0,93196350
-15,27613566;0,00000000
-15,27113566;0,00000000
-15,26613566;0,46598175
-15,26113566;0,00000000
-15,25613566;-0,93196350
-15,25113566;0,46598175
-15,24613566;0,00000000
-15,24113566;0,00000000
-15,23613566;-0,46598175
-15,23113566;0,93196350
-15,22613566;-0,46598175
-15,22113566;0,46598175
-15,21613566;0,46598175
-15,21113566;0,46598175
-15,20613566;-0,46598175
-15,20113566;0,00000000
-15,19613566;-0,46598175
-15,19113566;0,46598175
-15,18613566;0,46598175
-15,18113566;0,00000000
-15,17613566;0,46598175
-15,17113566;0,00000000
-15,16613566;0,46598175
-15,16113566;0,46598175
-15,15613566;0,46598175
-15,15113566;0,93196350
-15,14613566;0,46598175
-15,14113566;0,00000000
-15,13613566;0,46598175
-15,13113566;-0,46598175
-15,12613566;0,00000000
-15,12113567;0,00000000
-15,11613567;0,46598175
-15,11113567;0,00000000
-15,10613567;0,46598175
-15,10113567;0,00000000
-15,09613567;0,00000000
-15,09113567;0,00000000
-15,08613567;0,00000000
-15,08113567;0,00000000
-15,07613567;-0,46598175
-15,07113567;0,00000000
-15,06613567;0,46598175
-15,06113567;0,00000000
-15,05613567;-0,93196350
-15,05113567;0,00000000
-15,04613567;0,00000000
-15,04113567;0,46598175
-15,03613567;0,46598175
-15,03113567;0,46598175
-15,02613567;0,00000000
-15,02113567;0,93196350
-15,01613567;0,93196350
-15,01113567;0,46598175
-15,00613567;0,00000000
-15,00113567;0,93196350
-14,99613567;-0,93196350
-14,99113567;-0,46598175
-14,98613567;0,46598175
-14,98113567;0,46598175
-14,97613567;-0,46598175
-14,97113567;0,46598175
-14,96613567;0,46598175
-14,96113567;0,46598175
-14,95613567;0,00000000
-14,95113567;0,46598175
-14,94613567;-0,46598175
-14,94113567;0,46598175
-14,93613567;0,46598175
-14,93113567;0,93196350
-14,92613567;0,46598175
-14,92113567;0,00000000
-14,91613567;0,46598175
-14,91113567;-0,46598175
-14,90613567;0,00000000
-14,90113567;-0,93196350
-14,89613567;-0,93196350
-14,89113567;0,93196350
-14,88613567;-0,93196350
-14,88113567;0,46598175
-14,87613567;0,00000000
-14,87113567;0,00000000
-14,86613567;-0,46598175
-14,86113567;-0,46598175
-14,85613567;0,46598175
-14,85113567;0,00000000
-14,84613567;-0,93196350
-14,84113567;0,00000000
-14,83613567;-0,46598175
-14,83113567;0,00000000
-14,82613567;0,93196350
-14,82113567;0,93196350
-14,81613567;0,46598175
-14,81113567;0,46598175
-14,80613567;0,00000000
-14,80113567;0,00000000
-14,79613567;0,00000000
-14,79113567;-0,46598175
-14,78613567;0,46598175
-14,78113567;0,00000000
-14,77613567;-0,93196350
-14,77113567;0,46598175
-14,76613567;0,46598175
-14,76113567;-0,93196350
-14,75613567;-0,46598175
-14,75113567;0,46598175
-14,74613567;0,00000000
-14,74113567;-0,46598175
-14,73613567;0,46598175
-14,73113567;0,93196350
-14,72613568;-0,46598175
-14,72113568;0,46598175
-14,71613568;0,00000000
-14,71113568;0,00000000
-14,70613568;0,00000000
-14,70113568;0,00000000
-14,69613568;0,46598175
-14,69113568;0,46598175
-14,68613568;0,00000000
-14,68113568;-0,46598175
-14,67613568;0,93196350
-14,67113568;0,46598175
-14,66613568;0,46598175
-14,66113568;-1,39948320
-14,65613568;0,00000000
-14,65113568;0,93196350
-14,64613568;0,46598175
-14,64113568;-0,46598175
-14,63613568;0,46598175
-14,63113568;0,46598175
-14,62613568;0,46598175
-14,62113568;0,00000000
-14,61613568;-0,93196350
-14,61113568;-0,93196350
-14,60613568;0,93196350
-14,60113568;0,00000000
-14,59613568;-0,46598175
-14,59113568;0,00000000
-14,58613568;0,00000000
-14,58113568;0,00000000
-14,57613568;0,46598175
-14,57113568;0,46598175
-14,56613568;-0,93196350
-14,56113568;0,46598175
-14,55613568;0,46598175
-14,55113568;0,46598175
-14,54613568;-0,46598175
-14,54113568;0,46598175
-14,53613568;-0,46598175
-14,53113568;0,46598175
-14,52613568;0,46598175
-14,52113568;0,46598175
-14,51613568;0,00000000
-14,51113568;0,46598175
-14,50613568;-0,46598175
-14,50113568;0,00000000
-14,49613568;0,46598175
-14,49113568;0,46598175
-14,48613568;0,00000000
-14,48113568;0,00000000
-14,47613568;-1,86546493
-14,47113568;0,46598175
-14,46613568;-0,46598175
-14,46113568;-1,86546493
-14,45613568;0,46598175
-14,45113568;0,46598175
-14,44613568;0,00000000
-14,44113568;0,00000000
-14,43613568;0,46598175
-14,43113568;0,00000000
-14,42613568;-0,46598175
-14,42113568;0,46598175
-14,41613568;0,00000000
-14,41113568;0,46598175
-14,40613568;-0,93196350
-14,40113568;-0,46598175
-14,39613568;0,00000000
-14,39113568;0,00000000
-14,38613568;0,00000000
-14,38113568;0,46598175
-14,37613568;0,00000000
-14,37113568;-0,46598175
-14,36613568;0,93196350
-14,36113568;0,46598175
-14,35613568;-0,46598175
-14,35113568;0,00000000
-14,34613568;-0,46598175
-14,34113568;0,00000000
-14,33613568;0,46598175
-14,33113569;0,00000000
-14,32613569;0,00000000
-14,32113569;0,46598175
-14,31613569;0,00000000
-14,31113569;0,00000000
-14,30613569;0,00000000
-14,30113569;0,00000000
-14,29613569;0,46598175
-14,29113569;0,46598175
-14,28613569;0,46598175
-14,28113569;0,00000000
-14,27613569;0,00000000
-14,27113569;0,46598175
-14,26613569;-0,46598175
-14,26113569;0,93196350
-14,25613569;-0,46598175
-14,25113569;-0,46598175
-14,24613569;-1,39948320
-14,24113569;0,46598175
-14,23613569;0,00000000
-14,23113569;0,00000000
-14,22613569;0,00000000
-14,22113569;0,46598175
-14,21613569;0,00000000
-14,21113569;0,46598175
-14,20613569;0,00000000
-14,20113569;0,00000000
-14,19613569;-0,46598175
-14,19113569;0,46598175
-14,18613569;0,46598175
-14,18113569;0,93196350
-14,17613569;0,46598175
-14,17113569;0,46598175
-14,16613569;0,46598175
-14,16113569;-0,46598175
-14,15613569;0,46598175
-14,15113569;0,46598175
-14,14613569;-0,46598175
-14,14113569;0,46598175
-14,13613569;0,46598175
-14,13113569;0,46598175
-14,12613569;0,00000000
-14,12113569;0,00000000
-14,11613569;0,00000000
-14,11113569;0,00000000
-14,10613569;0,46598175
-14,10113569;0,00000000
-14,09613569;0,46598175
-14,09113569;0,00000000
-14,08613569;0,00000000
-14,08113569;-0,46598175
-14,07613569;0,46598175
-14,07113569;-0,46598175
-14,06613569;0,93196350
-14,06113569;-1,39948320
-14,05613569;0,00000000
-14,05113569;0,93196350
-14,04613569;0,00000000
-14,04113569;0,46598175
-14,03613569;0,46598175
-14,03113569;0,00000000
-14,02613569;-0,46598175
-14,02113569;0,00000000
-14,01613569;0,46598175
-14,01113569;0,00000000
-14,00613569;0,46598175
-14,00113569;0,93196350
-13,99613569;0,00000000
-13,99113569;0,00000000
-13,98613569;0,93196350
-13,98113569;0,00000000
-13,97613569;0,93196350
-13,97113569;0,00000000
-13,96613569;0,46598175
-13,96113569;0,46598175
-13,95613569;-0,46598175
-13,95113569;-0,46598175
-13,94613569;0,93196350
-13,94113569;0,00000000
-13,93613569;0,00000000
-13,93113570;1,39948320
-13,92613570;0,46598175
-13,92113570;0,93196350
-13,91613570;-0,46598175
-13,91113570;0,00000000
-13,90613570;0,46598175
-13,90113570;0,46598175
-13,89613570;0,00000000
-13,89113570;-0,46598175
-13,88613570;0,00000000
-13,88113570;0,93196350
-13,87613570;-0,46598175
-13,87113570;0,00000000
-13,86613570;0,00000000
-13,86113570;-0,46598175
-13,85613570;0,00000000
-13,85113570;0,00000000
-13,84613570;0,00000000
-13,84113570;0,46598175
-13,83613570;0,46598175
-13,83113570;1,39948320
-13,82613570;0,00000000
-13,82113570;0,93196350
-13,81613570;-0,93196350
-13,81113570;-0,46598175
-13,80613570;0,46598175
-13,80113570;0,46598175
-13,79613570;1,39948320
-13,79113570;0,93196350
-13,78613570;-0,46598175
-13,78113570;0,46598175
-13,77613570;0,46598175
-13,77113570;0,46598175
-13,76613570;0,00000000
-13,76113570;0,00000000
-13,75613570;0,46598175
-13,75113570;0,00000000
-13,74613570;0,46598175
-13,74113570;0,93196350
-13,73613570;0,00000000
-13,73113570;0,93196350
-13,72613570;0,46598175
-13,72113570;0,00000000
-13,71613570;-0,46598175
-13,71113570;0,93196350
-13,70613570;-0,46598175
-13,70113570;-0,46598175
-13,69613570;0,46598175
-13,69113570;0,46598175
-13,68613570;-0,46598175
-13,68113570;0,00000000
-13,67613570;0,00000000
-13,67113570;0,00000000
-13,66613570;0,00000000
-13,66113570;-0,46598175
-13,65613570;0,00000000
-13,65113570;0,46598175
-13,64613570;0,46598175
-13,64113570;0,00000000
-13,63613570;0,46598175
-13,63113570;0,00000000
-13,62613570;0,93196350
-13,62113570;0,00000000
-13,61613570;0,46598175
-13,61113570;0,00000000
-13,60613570;0,46598175
-13,60113570;0,46598175
-13,59613570;-0,46598175
-13,59113570;0,46598175
-13,58613570;0,00000000
-13,58113570;0,00000000
-13,57613570;0,46598175
-13,57113570;0,46598175
-13,56613570;-0,93196350
-13,56113570;0,00000000
-13,55613570;0,46598175
-13,55113570;0,46598175
-13,54613570;0,46598175
-13,54113570;0,46598175
-13,53613571;-5,13348866
-13,53113571;0,93196350
-13,52613571;0,93196350
-13,52113571;0,46598175
-13,51613571;-0,46598175
-13,51113571;0,93196350
-13,50613571;0,46598175
-13,50113571;0,00000000
-13,49613571;-0,93196350
-13,49113571;0,00000000
-13,48613571;-0,46598175
-13,48113571;0,00000000
-13,47613571;0,46598175
-13,47113571;0,93196350
-13,46613571;0,00000000
-13,46113571;-0,46598175
-13,45613571;-0,46598175
-13,45113571;0,00000000
-13,44613571;-0,46598175
-13,44113571;0,00000000
-13,43613571;0,46598175
-13,43113571;0,00000000
-13,42613571;0,00000000
-13,42113571;0,46598175
-13,41613571;0,00000000
-13,41113571;0,46598175
-13,40613571;0,46598175
-13,40113571;0,46598175
-13,39613571;0,00000000
-13,39113571;0,00000000
-13,38613571;0,46598175
-13,38113571;0,00000000
-13,37613571;0,00000000
-13,37113571;0,93196350
-13,36613571;0,46598175
-13,36113571;0,46598175
-13,35613571;0,46598175
-13,35113571;0,93196350
-13,34613571;0,46598175
-13,34113571;0,46598175
-13,33613571;0,00000000
-13,33113571;0,46598175
-13,32613571;-0,46598175
-13,32113571;0,46598175
-13,31613571;0,00000000
-13,31113571;0,00000000
-13,30613571;0,00000000
-13,30113571;0,93196350
-13,29613571;-0,46598175
-13,29113571;0,00000000
-13,28613571;0,00000000
-13,28113571;0,93196350
-13,27613571;0,46598175
-13,27113571;0,46598175
-13,26613571;0,00000000
-13,26113571;0,93196350
-13,25613571;0,46598175
-13,25113571;0,46598175
-13,24613571;-0,93196350
-13,24113571;0,46598175
-13,23613571;0,93196350
-13,23113571;-0,46598175
-13,22613571;0,46598175
-13,22113571;0,46598175
-13,21613571;0,00000000
-13,21113571;0,46598175
-13,20613571;0,00000000
-13,20113571;0,46598175
-13,19613571;0,00000000
-13,19113571;-0,46598175
-13,18613571;0,46598175
-13,18113571;-0,46598175
-13,17613571;0,46598175
-13,17113571;0,46598175
-13,16613571;-0,46598175
-13,16113571;-0,46598175
-13,15613571;0,00000000
-13,15113571;0,46598175
-13,14613571;0,46598175
-13,14113572;0,93196350
-13,13613572;0,46598175
-13,13113572;-0,46598175
-13,12613572;-0,46598175
-13,12113572;0,00000000
-13,11613572;-0,46598175
-13,11113572;-0,93196350
-13,10613572;0,00000000
-13,10113572;-0,46598175
-13,09613572;0,00000000
-13,09113572;0,46598175
-13,08613572;-0,46598175
-13,08113572;0,00000000
-13,07613572;0,00000000
-13,07113572;0,00000000
-13,06613572;0,00000000
-13,06113572;-1,86546493
-13,05613572;0,00000000
-13,05113572;0,93196350
-13,04613572;0,00000000
-13,04113572;0,46598175
-13,03613572;0,00000000
-13,03113572;0,93196350
-13,02613572;0,00000000
-13,02113572;0,46598175
-13,01613572;0,00000000
-13,01113572;0,46598175
-13,00613572;0,00000000
-13,00113572;0,46598175
-12,99613572;-0,46598175
-12,99113572;-0,46598175
-12,98613572;0,00000000
-12,98113572;0,93196350
-12,97613572;0,00000000
-12,97113572;0,46598175
-12,96613572;0,00000000
-12,96113572;-0,46598175
-12,95613572;-0,46598175
-12,95113572;-0,46598175
-12,94613572;0,93196350
-12,94113572;-0,93196350
-12,93613572;-0,46598175
-12,93113572;0,46598175
-12,92613572;0,00000000
-12,92113572;0,93196350
-12,91613572;-0,46598175
-12,91113572;0,00000000
-12,90613572;0,00000000
-12,90113572;0,93196350
-12,89613572;0,00000000
-12,89113572;0,00000000
-12,88613572;0,46598175
-12,88113572;0,93196350
-12,87613572;0,00000000
-12,87113572;0,46598175
-12,86613572;-0,46598175
-12,86113572;-0,46598175
-12,85613572;0,46598175
-12,85113572;0,00000000
-12,84613572;-1,86546493
-12,84113572;0,00000000
-12,83613572;0,46598175
-12,83113572;0,00000000
-12,82613572;-0,93196350
-12,82113572;0,00000000
-12,81613572;0,00000000
-12,81113572;-0,46598175
-12,80613572;0,46598175
-12,80113572;0,00000000
-12,79613572;-0,46598175
-12,79113572;0,93196350
-12,78613572;-0,46598175
-12,78113572;0,00000000
-12,77613572;0,00000000
-12,77113572;0,46598175
-12,76613572;0,46598175
-12,76113572;-0,46598175
-12,75613572;0,00000000
-12,75113572;0,46598175
-12,74613573;0,00000000
-12,74113573;0,46598175
-12,73613573;-7,00049162
-12,73113573;1,39948320
-12,72613573;0,00000000
-12,72113573;0,46598175
-12,71613573;0,00000000
-12,71113573;0,93196350
-12,70613573;0,00000000
-12,70113573;0,00000000
-12,69613573;-0,46598175
-12,69113573;0,00000000
-12,68613573;0,00000000
-12,68113573;0,46598175
-12,67613573;0,46598175
-12,67113573;0,93196350
-12,66613573;0,00000000
-12,66113573;0,46598175
-12,65613573;0,00000000
-12,65113573;0,46598175
-12,64613573;-0,93196350
-12,64113573;0,00000000
-12,63613573;0,00000000
-12,63113573;0,93196350
-12,62613573;0,46598175
-12,62113573;0,00000000
-12,61613573;-0,93196350
-12,61113573;-0,46598175
-12,60613573;-0,46598175
-12,60113573;-0,46598175
-12,59613573;0,46598175
-12,59113573;0,93196350
-12,58613573;0,46598175
-12,58113573;0,00000000
-12,57613573;0,00000000
-12,57113573;-0,46598175
-12,56613573;0,00000000
-12,56113573;0,46598175
-12,55613573;0,00000000
-12,55113573;0,00000000
-12,54613573;0,00000000
-12,54113573;0,46598175
-12,53613573;0,00000000
-12,53113573;0,46598175
-12,52613573;-0,46598175
-12,52113573;0,46598175
-12,51613573;-0,46598175
-12,51113573;0,00000000
-12,50613573;-10,26697731
-12,50113573;0,00000000
-12,49613573;0,00000000
-12,49113573;0,00000000
-12,48613573;0,00000000
-12,48113573;0,93196350
-12,47613573;0,00000000
-12,47113573;0,46598175
-12,46613573;0,00000000
-12,46113573;0,46598175
-12,45613573;-0,93196350
-12,45113573;0,46598175
-12,44613573;-0,46598175
-12,44113573;1,39948320
-12,43613573;0,46598175
-12,43113573;-0,46598175
-12,42613573;0,93196350
-12,42113573;0,00000000
-12,41613573;0,46598175
-12,41113573;0,00000000
-12,40613573;0,00000000
-12,40113573;0,00000000
-12,39613573;0,00000000
-12,39113573;0,46598175
-12,38613573;0,46598175
-12,38113573;0,46598175
-12,37613573;-0,46598175
-12,37113573;0,93196350
-12,36613573;0,00000000
-12,36113573;0,00000000
-12,35613573;0,00000000
-12,35113574;0,93196350
-12,34613574;-0,93196350
-12,34113574;0,00000000
-12,33613574;0,00000000
-12,33113574;0,00000000
-12,32613574;0,46598175
-12,32113574;0,00000000
-12,31613574;-0,46598175
-12,31113574;0,00000000
-12,30613574;0,00000000
-12,30113574;-0,46598175
-12,29613574;0,00000000
-12,29113574;0,46598175
-12,28613574;0,46598175
-12,28113574;0,00000000
-12,27613574;0,00000000
-12,27113574;0,46598175
-12,26613574;1,86546493
-12,26113574;-0,46598175
-12,25613574;0,93196350
-12,25113574;0,46598175
-12,24613574;0,00000000
-12,24113574;0,46598175
-12,23613574;0,46598175
-12,23113574;-0,46598175
-12,22613574;0,46598175
-12,22113574;0,46598175
-12,21613574;0,46598175
-12,21113574;0,00000000
-12,20613574;0,00000000
-12,20113574;0,46598175
-12,19613574;0,00000000
-12,19113574;0,46598175
-12,18613574;0,00000000
-12,18113574;0,46598175
-12,17613574;-0,46598175
-12,17113574;0,46598175
-12,16613574;0,00000000
-12,16113574;0,00000000
-12,15613574;-0,46598175
-12,15113574;0,46598175
-12,14613574;-0,46598175
-12,14113574;0,93196350
-12,13613574;0,00000000
-12,13113574;0,93196350
-12,12613574;0,00000000
-12,12113574;0,00000000
-12,11613574;0,46598175
-12,11113574;0,00000000
-12,10613574;0,93196350
-12,10113574;0,00000000
-12,09613574;0,46598175
-12,09113574;-0,46598175
-12,08613574;0,46598175
-12,08113574;0,00000000
-12,07613574;0,00000000
-12,07113574;-0,46598175
-12,06613574;-1,39948320
-12,06113574;-0,93196350
-12,05613574;0,00000000
-12,05113574;0,46598175
-12,04613574;0,00000000
-12,04113574;0,00000000
-12,03613574;-0,46598175
-12,03113574;0,00000000
-12,02613574;-0,46598175
-12,02113574;0,46598175
-12,01613574;0,46598175
-12,01113574;0,00000000
-12,00613574;0,46598175
-12,00113574;-0,46598175
-11,99613574;0,00000000
-11,99113574;0,46598175
-11,98613574;0,46598175
-11,98113574;0,00000000
-11,97613574;0,00000000
-11,97113574;0,00000000
-11,96613574;0,00000000
-11,96113574;0,00000000
-11,95613574;0,00000000
-11,95113575;0,00000000
-11,94613575;-0,46598175
-11,94113575;0,00000000
-11,93613575;0,46598175
-11,93113575;0,46598175
-11,92613575;0,00000000
-11,92113575;0,46598175
-11,91613575;0,46598175
-11,91113575;0,93196350
-11,90613575;0,00000000
-11,90113575;0,46598175
-11,89613575;0,00000000
-11,89113575;0,00000000
-11,88613575;0,00000000
-11,88113575;0,00000000
-11,87613575;0,46598175
-11,87113575;0,46598175
-11,86613575;-0,46598175
-11,86113575;0,46598175
-11,85613575;0,00000000
-11,85113575;0,46598175
-11,84613575;0,46598175
-11,84113575;0,93196350
-11,83613575;0,00000000
-11,83113575;0,00000000
-11,82613575;-0,46598175
-11,82113575;0,00000000
-11,81613575;0,00000000
-11,81113575;0,00000000
-11,80613575;0,46598175
-11,80113575;0,00000000
-11,79613575;-0,93196350
-11,79113575;0,00000000
-11,78613575;0,46598175
-11,78113575;0,00000000
-11,77613575;0,46598175
-11,77113575;0,46598175
-11,76613575;0,00000000
-11,76113575;-0,46598175
-11,75613575;0,00000000
-11,75113575;0,00000000
-11,74613575;0,00000000
-11,74113575;0,00000000
-11,73613575;0,00000000
-11,73113575;0,00000000
-11,72613575;-0,93196350
-11,72113575;0,46598175
-11,71613575;0,00000000
-11,71113575;0,46598175
-11,70613575;0,00000000
-11,70113575;0,00000000
-11,69613575;-0,46598175
-11,69113575;0,00000000
-11,68613575;0,46598175
-11,68113575;0,46598175
-11,67613575;-0,46598175
-11,67113575;0,46598175
-11,66613575;0,00000000
-11,66113575;1,39948320
-11,65613575;0,00000000
-11,65113575;0,93196350
-11,64613575;1,39948320
-11,64113575;0,46598175
-11,63613575;0,93196350
-11,63113575;-0,46598175
-11,62613575;-0,93196350
-11,62113575;0,46598175
-11,61613575;0,00000000
-11,61113575;-0,46598175
-11,60613575;0,00000000
-11,60113575;0,00000000
-11,59613575;0,00000000
-11,59113575;0,46598175
-11,58613575;0,00000000
-11,58113575;0,93196350
-11,57613575;-0,46598175
-11,57113575;0,46598175
-11,56613575;0,00000000
-11,56113575;0,46598175
-11,55613576;0,00000000
-11,55113576;0,46598175
-11,54613576;0,00000000
-11,54113576;0,00000000
-11,53613576;0,46598175
-11,53113576;0,46598175
-11,52613576;1,86546493
-11,52113576;0,00000000
-11,51613576;0,00000000
-11,51113576;-0,46598175
-11,50613576;0,00000000
-11,50113576;0,00000000
-11,49613576;-0,93196350
-11,49113576;0,00000000
-11,48613576;0,46598175
-11,48113576;0,46598175
-11,47613576;0,46598175
-11,47113576;0,46598175
-11,46613576;0,93196350
-11,46113576;-0,93196350
-11,45613576;0,46598175
-11,45113576;-0,46598175
-11,44613576;1,39948320
-11,44113576;0,00000000
-11,43613576;3,26648593
-11,43113576;0,00000000
-11,42613576;0,00000000
-11,42113576;0,00000000
-11,41613576;0,46598175
-11,41113576;0,00000000
-11,40613576;0,46598175
-11,40113576;0,00000000
-11,39613576;0,46598175
-11,39113576;0,00000000
-11,38613576;0,00000000
-11,38113576;0,00000000
-11,37613576;0,46598175
-11,37113576;0,46598175
-11,36613576;0,00000000
-11,36113576;0,46598175
-11,35613576;0,00000000
-11,35113576;0,46598175
-11,34613576;-0,46598175
-11,34113576;0,46598175
-11,33613576;2,33298445
-11,33113576;0,46598175
-11,32613576;0,46598175
-11,32113576;0,46598175
-11,31613576;-0,46598175
-11,31113576;1,39948320
-11,30613576;0,00000000
-11,30113576;0,46598175
-11,29613576;0,00000000
-11,29113576;0,00000000
-11,28613576;0,46598175
-11,28113576;0,93196350
-11,27613576;0,46598175
-11,27113576;0,93196350
-11,26613576;0,93196350
-11,26113576;0,00000000
-11,25613576;0,00000000
-11,25113576;-0,46598175
-11,24613576;0,00000000
-11,24113576;0,46598175
-11,23613576;-0,46598175
-11,23113576;0,00000000
-11,22613576;0,00000000
-11,22113576;0,93196350
-11,21613576;0,46598175
-11,21113576;0,46598175
-11,20613576;0,00000000
-11,20113576;0,46598175
-11,19613576;0,00000000
-11,19113576;-1,39948320
-11,18613576;0,00000000
-11,18113576;0,93196350
-11,17613576;-0,46598175
-11,17113576;0,00000000
-11,16613576;0,00000000
-11,16113577;0,00000000
-11,15613577;0,46598175
-11,15113577;0,46598175
-11,14613577;0,00000000
-11,14113577;-0,46598175
-11,13613577;-0,46598175
-11,13113577;0,46598175
-11,12613577;0,46598175
-11,12113577;0,46598175
-11,11613577;-0,46598175
-11,11113577;0,46598175
-11,10613577;-0,46598175
-11,10113577;0,46598175
-11,09613577;0,46598175
-11,09113577;0,00000000
-11,08613577;0,46598175
-11,08113577;2,33298445
-11,07613577;-0,93196350
-11,07113577;0,46598175
-11,06613577;0,93196350
-11,06113577;0,46598175
-11,05613577;0,93196350
-11,05113577;0,46598175
-11,04613577;-0,93196350
-11,04113577;0,93196350
-11,03613577;1,39948320
-11,03113577;0,00000000
-11,02613577;0,00000000
-11,02113577;0,46598175
-11,01613577;-0,93196350
-11,01113577;0,00000000
-11,00613577;0,93196350
-11,00113577;0,46598175
-10,99613577;0,00000000
-10,99113577;0,00000000
-10,98613577;0,00000000
-10,98113577;0,00000000
-10,97613577;0,00000000
-10,97113577;0,46598175
-10,96613577;0,00000000
-10,96113577;0,00000000
-10,95613577;0,00000000
-10,95113577;0,00000000
-10,94613577;-0,46598175
-10,94113577;0,46598175
-10,93613577;-0,93196350
-10,93113577;0,46598175
-10,92613577;-0,46598175
-10,92113577;-0,93196350
-10,91613577;0,00000000
-10,91113577;0,00000000
-10,90613577;0,00000000
-10,90113577;0,46598175
-10,89613577;0,46598175
-10,89113577;0,46598175
-10,88613577;0,00000000
-10,88113577;0,00000000
-10,87613577;-0,46598175
-10,87113577;0,00000000
-10,86613577;-0,46598175
-10,86113577;-0,46598175
-10,85613577;0,00000000
-10,85113577;-1,39948320
-10,84613577;-0,93196350
-10,84113577;0,46598175
-10,83613577;-0,46598175
-10,83113577;-0,93196350
-10,82613577;-0,46598175
-10,82113577;0,46598175
-10,81613577;0,00000000
-10,81113577;-0,46598175
-10,80613577;0,93196350
-10,80113577;-0,46598175
-10,79613577;0,00000000
-10,79113577;0,00000000
-10,78613577;0,00000000
-10,78113577;0,00000000
-10,77613577;0,46598175
-10,77113577;0,00000000
-10,76613578;0,46598175
-10,76113578;-0,93196350
-10,75613578;-0,46598175
-10,75113578;0,46598175
-10,74613578;0,93196350
-10,74113578;0,00000000
-10,73613578;0,00000000
-10,73113578;0,46598175
-10,72613578;-0,93196350
-10,72113578;0,46598175
-10,71613578;0,00000000
-10,71113578;0,46598175
-10,70613578;0,00000000
-10,70113578;0,93196350
-10,69613578;-0,46598175
-10,69113578;0,00000000
-10,68613578;0,00000000
-10,68113578;0,00000000
-10,67613578;0,46598175
-10,67113578;0,93196350
-10,66613578;0,93196350
-10,66113578;1,86546493
-10,65613578;0,00000000
-10,65113578;0,46598175
-10,64613578;1,39948320
-10,64113578;0,93196350
-10,63613578;0,46598175
-10,63113578;0,93196350
-10,62613578;-0,46598175
-10,62113578;-0,46598175
-10,61613578;-0,46598175
-10,61113578;0,93196350
-10,60613578;0,46598175
-10,60113578;0,00000000
-10,59613578;0,46598175
-10,59113578;18,66848946
-10,58613578;0,00000000
-10,58113578;0,00000000
-10,57613578;0,00000000
-10,57113578;0,46598175
-10,56613578;-0,46598175
-10,56113578;0,00000000
-10,55613578;0,00000000
-10,55113578;0,46598175
-10,54613578;0,00000000
-10,54113578;-0,93196350
-10,53613578;0,46598175
-10,53113578;0,00000000
-10,52613578;0,46598175
-10,52113578;0,46598175
-10,51613578;0,46598175
-10,51113578;0,93196350
-10,50613578;0,00000000
-10,50113578;0,00000000
-10,49613578;-0,46598175
-10,49113578;0,00000000
-10,48613578;-0,93196350
-10,48113578;0,00000000
-10,47613578;0,00000000
-10,47113578;-0,93196350
-10,46613578;0,93196350
-10,46113578;0,00000000
-10,45613578;0,93196350
-10,45113578;-0,46598175
-10,44613578;0,46598175
-10,44113578;0,00000000
-10,43613578;0,00000000
-10,43113578;1,39948320
-10,42613578;0,00000000
-10,42113578;-0,46598175
-10,41613578;0,00000000
-10,41113578;0,00000000
-10,40613578;0,93196350
-10,40113578;0,93196350
-10,39613578;0,46598175
-10,39113578;-0,46598175
-10,38613578;0,00000000
-10,38113578;0,00000000
-10,37613578;0,00000000
-10,37113579;0,93196350
-10,36613579;0,00000000
-10,36113579;-1,39948320
-10,35613579;0,46598175
-10,35113579;0,46598175
-10,34613579;-0,46598175
-10,34113579;-0,46598175
-10,33613579;0,00000000
-10,33113579;0,00000000
-10,32613579;0,00000000
-10,32113579;0,93196350
-10,31613579;0,00000000
-10,31113579;0,46598175
-10,30613579;0,00000000
-10,30113579;0,00000000
-10,29613579;0,46598175
-10,29113579;0,46598175
-10,28613579;0,46598175
-10,28113579;0,93196350
-10,27613579;0,00000000
-10,27113579;0,00000000
-10,26613579;0,93196350
-10,26113579;0,00000000
-10,25613579;0,00000000
-10,25113579;0,00000000
-10,24613579;-0,46598175
-10,24113579;0,46598175
-10,23613579;0,46598175
-10,23113579;0,93196350
-10,22613579;1,86546493
-10,22113579;0,93196350
-10,21613579;0,46598175
-10,21113579;0,46598175
-10,20613579;0,00000000
-10,20113579;0,46598175
-10,19613579;6,06699038
-10,19113579;0,00000000
-10,18613579;0,46598175
-10,18113579;0,46598175
-10,17613579;-0,93196350
-10,17113579;0,00000000
-10,16613579;0,93196350
-10,16113579;0,46598175
-10,15613579;0,00000000
-10,15113579;0,00000000
-10,14613579;0,46598175
-10,14113579;0,46598175
-10,13613579;0,46598175
-10,13113579;0,00000000
-10,12613579;-0,46598175
-10,12113579;0,00000000
-10,11613579;0,00000000
-10,11113579;0,46598175
-10,10613579;0,00000000
-10,10113579;0,46598175
-10,09613579;-0,93196350
-10,09113579;-0,46598175
-10,08613579;0,46598175
-10,08113579;0,46598175
-10,07613579;0,00000000
-10,07113579;0,00000000
-10,06613579;0,00000000
-10,06113579;-0,93196350
-10,05613579;-0,46598175
-10,05113579;-0,93196350
-10,04613579;0,00000000
-10,04113579;0,93196350
-10,03613579;0,93196350
-10,03113579;0,46598175
-10,02613579;0,46598175
-10,02113579;0,46598175
-10,01613579;0,93196350
-10,01113579;0,46598175
-10,00613579;0,00000000
-10,00113579;0,46598175
-9,99613579;0,00000000
-9,99113579;0,93196350
-9,98613579;0,46598175
-9,98113579;0,46598175
-9,97613580;0,00000000
-9,97113580;0,46598175
-9,96613580;0,00000000
-9,96113580;0,46598175
-9,95613580;1,86546493
-9,95113580;0,46598175
-9,94613580;0,46598175
-9,94113580;0,46598175
-9,93613580;0,00000000
-9,93113580;0,00000000
-9,92613580;0,00000000
-9,92113580;1,39948320
-9,91613580;0,46598175
-9,91113580;0,93196350
-9,90613580;0,00000000
-9,90113580;0,00000000
-9,89613580;0,46598175
-9,89113580;0,00000000
-9,88613580;0,46598175
-9,88113580;0,46598175
-9,87613580;0,46598175
-9,87113580;0,46598175
-9,86613580;-0,46598175
-9,86113580;0,00000000
-9,85613580;0,46598175
-9,85113580;0,46598175
-9,84613580;0,00000000
-9,84113580;0,46598175
-9,83613580;-0,46598175
-9,83113580;1,39948320
-9,82613580;0,46598175
-9,82113580;-0,93196350
-9,81613580;-0,46598175
-9,81113580;-0,46598175
-9,80613580;-0,46598175
-9,80113580;-0,46598175
-9,79613580;0,00000000
-9,79113580;6,06699038
-9,78613580;0,00000000
-9,78113580;0,00000000
-9,77613580;-1,86546493
-9,77113580;0,46598175
-9,76613580;0,00000000
-9,76113580;0,00000000
-9,75613580;-1,39948320
-9,75113580;0,93196350
-9,74613580;0,46598175
-9,74113580;0,00000000
-9,73613580;0,00000000
-9,73113580;0,00000000
-9,72613580;0,46598175
-9,72113580;0,00000000
-9,71613580;0,00000000
-9,71113580;0,46598175
-9,70613580;0,00000000
-9,70113580;0,00000000
-9,69613580;0,46598175
-9,69113580;0,46598175
-9,68613580;-0,46598175
-9,68113580;0,46598175
-9,67613580;-0,46598175
-9,67113580;0,00000000
-9,66613580;0,46598175
-9,66113580;0,00000000
-9,65613580;0,93196350
-9,65113580;1,39948320
-9,64613580;-0,93196350
-9,64113580;0,46598175
-9,63613580;-0,46598175
-9,63113580;0,46598175
-9,62613580;0,00000000
-9,62113580;0,93196350
-9,61613580;0,46598175
-9,61113580;0,00000000
-9,60613580;0,93196350
-9,60113580;0,00000000
-9,59613580;0,46598175
-9,59113580;0,00000000
-9,58613580;0,46598175
-9,58113580;0,46598175
-9,57613581;0,00000000
-9,57113581;0,46598175
-9,56613581;-0,46598175
-9,56113581;0,00000000
-9,55613581;0,93196350
-9,55113581;-3,73246789
-9,54613581;-0,93196350
-9,54113581;0,46598175
-9,53613581;-0,46598175
-9,53113581;-0,46598175
-9,52613581;0,93196350
-9,52113581;0,00000000
-9,51613581;0,00000000
-9,51113581;0,00000000
-9,50613581;0,00000000
-9,50113581;0,00000000
-9,49613581;-1,39948320
-9,49113581;-0,46598175
-9,48613581;0,00000000
-9,48113581;0,00000000
-9,47613581;0,00000000
-9,47113581;0,00000000
-9,46613581;-0,46598175
-9,46113581;0,46598175
-9,45613581;0,00000000
-9,45113581;0,00000000
-9,44613581;0,46598175
-9,44113581;0,93196350
-9,43613581;0,00000000
-9,43113581;1,39948320
-9,42613581;0,00000000
-9,42113581;0,00000000
-9,41613581;-1,39948320
-9,41113581;0,46598175
-9,40613581;0,00000000
-9,40113581;1,86546493
-9,39613581;0,00000000
-9,39113581;0,00000000
-9,38613581;0,46598175
-9,38113581;0,46598175
-9,37613581;0,93196350
-9,37113581;0,00000000
-9,36613581;0,46598175
-9,36113581;0,00000000
-9,35613581;0,00000000
-9,35113581;0,46598175
-9,34613581;1,39948320
-9,34113581;0,00000000
-9,33613581;0,46598175
-9,33113581;0,00000000
-9,32613581;-0,46598175
-9,32113581;0,46598175
-9,31613581;-0,46598175
-9,31113581;-14,00098324
-9,30613581;-0,46598175
-9,30113581;0,00000000
-9,29613581;0,00000000
-9,29113581;0,46598175
-9,28613581;1,39948320
-9,28113581;0,46598175
-9,27613581;-3,73246789
-9,27113581;-0,46598175
-9,26613581;0,46598175
-9,26113581;-0,46598175
-9,25613581;0,93196350
-9,25113581;0,00000000
-9,24613581;0,46598175
-9,24113581;0,46598175
-9,23613581;-0,46598175
-9,23113581;-0,93196350
-9,22613581;0,93196350
-9,22113581;0,00000000
-9,21613581;-0,46598175
-9,21113581;0,00000000
-9,20613581;0,46598175
-9,20113581;-0,46598175
-9,19613581;0,93196350
-9,19113581;0,46598175
-9,18613581;0,46598175
-9,18113582;0,00000000
-9,17613582;0,00000000
-9,17113582;0,46598175
-9,16613582;0,93196350
-9,16113582;0,46598175
-9,15613582;0,46598175
-9,15113582;0,00000000
-9,14613582;-0,46598175
-9,14113582;0,00000000
-9,13613582;0,00000000
-9,13113582;0,93196350
-9,12613582;0,46598175
-9,12113582;-0,46598175
-9,11613582;-0,46598175
-9,11113582;0,00000000
-9,10613582;0,00000000
-9,10113582;0,46598175
-9,09613582;0,46598175
-9,09113582;0,00000000
-9,08613582;-0,46598175
-9,08113582;0,46598175
-9,07613582;0,46598175
-9,07113582;0,00000000
-9,06613582;0,00000000
-9,06113582;-0,93196350
-9,05613582;-0,93196350
-9,05113582;-0,46598175
-9,04613582;-0,93196350
-9,04113582;0,00000000
-9,03613582;0,00000000
-9,03113582;-0,93196350
-9,02613582;0,00000000
-9,02113582;0,93196350
-9,01613582;0,46598175
-9,01113582;0,46598175
-9,00613582;0,46598175
-9,00113582;0,93196350
-8,99613582;0,00000000
-8,99113582;0,00000000
-8,98613582;0,00000000
-8,98113582;0,46598175
-8,97613582;0,00000000
-8,97113582;0,93196350
-8,96613582;6,06699038
-8,96113582;0,46598175
-8,95613582;0,46598175
-8,95113582;0,00000000
-8,94613582;0,93196350
-8,94113582;0,46598175
-8,93613582;0,00000000
-8,93113582;0,93196350
-8,92613582;0,00000000
-8,92113582;0,00000000
-8,91613582;0,46598175
-8,91113582;0,46598175
-8,90613582;0,93196350
-8,90113582;0,46598175
-8,89613582;0,00000000
-8,89113582;0,00000000
-8,88613582;0,00000000
-8,88113582;0,93196350
-8,87613582;-0,46598175
-8,87113582;-0,46598175
-8,86613582;0,46598175
-8,86113582;0,00000000
-8,85613582;-1,39948320
-8,85113582;0,00000000
-8,84613582;0,00000000
-8,84113582;0,93196350
-8,83613582;0,00000000
-8,83113582;0,46598175
-8,82613582;0,93196350
-8,82113582;0,46598175
-8,81613582;0,00000000
-8,81113582;0,00000000
-8,80613582;0,46598175
-8,80113582;0,00000000
-8,79613582;-0,46598175
-8,79113582;0,00000000
-8,78613583;0,00000000
-8,78113583;0,46598175
-8,77613583;0,00000000
-8,77113583;-0,93196350
-8,76613583;0,46598175
-8,76113583;0,00000000
-8,75613583;0,46598175
-8,75113583;-0,46598175
-8,74613583;0,46598175
-8,74113583;0,00000000
-8,73613583;0,46598175
-8,73113583;0,00000000
-8,72613583;0,00000000
-8,72113583;-0,46598175
-8,71613583;0,46598175
-8,71113583;0,46598175
-8,70613583;0,00000000
-8,70113583;-0,46598175
-8,69613583;-0,46598175
-8,69113583;-0,46598175
-8,68613583;0,00000000
-8,68113583;-0,46598175
-8,67613583;0,00000000
-8,67113583;-0,46598175
-8,66613583;0,00000000
-8,66113583;0,46598175
-8,65613583;0,93196350
-8,65113583;0,46598175
-8,64613583;0,00000000
-8,64113583;-0,93196350
-8,63613583;0,00000000
-8,63113583;0,46598175
-8,62613583;0,00000000
-8,62113583;0,00000000
-8,61613583;0,00000000
-8,61113583;0,00000000
-8,60613583;-0,46598175
-8,60113583;0,00000000
-8,59613583;-0,93196350
-8,59113583;0,00000000
-8,58613583;0,00000000
-8,58113583;0,46598175
-8,57613583;-0,46598175
-8,57113583;0,93196350
-8,56613583;0,00000000
-8,56113583;0,00000000
-8,55613583;0,46598175
-8,55113583;0,00000000
-8,54613583;-0,46598175
-8,54113583;0,93196350
-8,53613583;-2,79896641
-8,53113583;0,00000000
-8,52613583;0,00000000
-8,52113583;0,00000000
-8,51613583;-0,93196350
-8,51113583;0,00000000
-8,50613583;0,46598175
-8,50113583;0,00000000
-8,49613583;0,93196350
-8,49113583;0,46598175
-8,48613583;0,00000000
-8,48113583;0,46598175
-8,47613583;0,00000000
-8,47113583;0,00000000
-8,46613583;0,46598175
-8,46113583;0,00000000
-8,45613583;0,93196350
-8,45113583;0,46598175
-8,44613583;-15,40046692
-8,44113583;0,93196350
-8,43613583;0,46598175
-8,43113583;0,00000000
-8,42613583;0,00000000
-8,42113583;0,00000000
-8,41613583;0,00000000
-8,41113583;0,93196350
-8,40613583;0,46598175
-8,40113583;-0,93196350
-8,39613583;0,46598175
-8,39113584;0,00000000
-8,38613584;0,46598175
-8,38113584;0,00000000
-8,37613584;0,46598175
-8,37113584;0,00000000
-8,36613584;0,00000000
-8,36113584;0,00000000
-8,35613584;-0,93196350
-8,35113584;0,00000000
-8,34613584;0,00000000
-8,34113584;0,46598175
-8,33613584;0,46598175
-8,33113584;0,46598175
-8,32613584;0,46598175
-8,32113584;0,46598175
-8,31613584;0,46598175
-8,31113584;-0,46598175
-8,30613584;-0,46598175
-8,30113584;0,00000000
-8,29613584;-0,46598175
-8,29113584;0,46598175
-8,28613584;0,46598175
-8,28113584;0,46598175
-8,27613584;0,00000000
-8,27113584;-0,46598175
-8,26613584;0,93196350
-8,26113584;0,00000000
-8,25613584;0,00000000
-8,25113584;0,46598175
-8,24613584;-1,39948320
-8,24113584;-0,46598175
-8,23613584;0,46598175
-8,23113584;1,39948320
-8,22613584;-0,46598175
-8,22113584;0,46598175
-8,21613584;0,00000000
-8,21113584;0,46598175
-8,20613584;0,46598175
-8,20113584;0,46598175
-8,19613584;0,46598175
-8,19113584;-0,93196350
-8,18613584;-0,93196350
-8,18113584;0,46598175
-8,17613584;0,46598175
-8,17113584;0,46598175
-8,16613584;0,00000000
-8,16113584;0,00000000
-8,15613584;0,46598175
-8,15113584;-0,46598175
-8,14613584;0,00000000
-8,14113584;0,46598175
-8,13613584;-0,93196350
-8,13113584;0,00000000
-8,12613584;0,00000000
-8,12113584;0,00000000
-8,11613584;0,46598175
-8,11113584;0,93196350
-8,10613584;0,00000000
-8,10113584;0,00000000
-8,09613584;0,00000000
-8,09113584;0,46598175
-8,08613584;0,00000000
-8,08113584;0,46598175
-8,07613584;0,00000000
-8,07113584;0,00000000
-8,06613584;0,93196350
-8,06113584;0,00000000
-8,05613584;0,00000000
-8,05113584;0,46598175
-8,04613584;-0,46598175
-8,04113584;-0,46598175
-8,03613584;0,00000000
-8,03113584;0,93196350
-8,02613584;0,46598175
-8,02113584;0,46598175
-8,01613584;0,93196350
-8,01113584;-0,93196350
-8,00613584;0,46598175
-8,00113584;-0,93196350
-7,99613585;0,46598175
-7,99113585;0,46598175
-7,98613585;0,00000000
-7,98113585;0,00000000
-7,97613585;-0,46598175
-7,97113585;0,00000000
-7,96613585;0,00000000
-7,96113585;-0,46598175
-7,95613585;0,46598175
-7,95113585;0,00000000
-7,94613585;0,46598175
-7,94113585;0,93196350
-7,93613585;0,00000000
-7,93113585;0,00000000
-7,92613585;-0,93196350
-7,92113585;0,00000000
-7,91613585;0,46598175
-7,91113585;0,00000000
-7,90613585;0,00000000
-7,90113585;0,00000000
-7,89613585;0,00000000
-7,89113585;0,00000000
-7,88613585;-0,46598175
-7,88113585;0,46598175
-7,87613585;-0,46598175
-7,87113585;0,46598175
-7,86613585;0,00000000
-7,86113585;6,06699038
-7,85613585;0,00000000
-7,85113585;0,46598175
-7,84613585;0,00000000
-7,84113585;0,46598175
-7,83613585;0,00000000
-7,83113585;0,00000000
-7,82613585;1,39948320
-7,82113585;0,93196350
-7,81613585;-0,46598175
-7,81113585;0,46598175
-7,80613585;0,00000000
-7,80113585;-0,46598175
-7,79613585;0,00000000
-7,79113585;0,00000000
-7,78613585;0,00000000
-7,78113585;0,00000000
-7,77613585;-0,46598175
-7,77113585;0,00000000
-7,76613585;0,46598175
-7,76113585;0,00000000
-7,75613585;0,46598175
-7,75113585;-0,46598175
-7,74613585;-0,46598175
-7,74113585;0,00000000
-7,73613585;1,39948320
-7,73113585;0,00000000
-7,72613585;-1,86546493
-7,72113585;0,00000000
-7,71613585;0,00000000
-7,71113585;-0,46598175
-7,70613585;0,00000000
-7,70113585;0,46598175
-7,69613585;0,46598175
-7,69113585;0,93196350
-7,68613585;0,00000000
-7,68113585;0,00000000
-7,67613585;0,46598175
-7,67113585;0,00000000
-7,66613585;0,46598175
-7,66113585;0,00000000
-7,65613585;0,46598175
-7,65113585;0,46598175
-7,64613585;0,00000000
-7,64113585;-0,46598175
-7,63613585;0,00000000
-7,63113585;0,00000000
-7,62613585;0,46598175
-7,62113585;-1,39948320
-7,61613585;0,46598175
-7,61113585;0,00000000
-7,60613585;0,46598175
-7,60113586;0,46598175
-7,59613586;0,00000000
-7,59113586;-0,46598175
-7,58613586;0,46598175
-7,58113586;0,93196350
-7,57613586;0,00000000
-7,57113586;0,93196350
-7,56613586;-0,46598175
-7,56113586;0,93196350
-7,55613586;-0,46598175
-7,55113586;0,46598175
-7,54613586;0,00000000
-7,54113586;0,46598175
-7,53613586;0,46598175
-7,53113586;-0,46598175
-7,52613586;0,00000000
-7,52113586;0,00000000
-7,51613586;0,46598175
-7,51113586;0,00000000
-7,50613586;0,46598175
-7,50113586;0,00000000
-7,49613586;0,93196350
-7,49113586;0,46598175
-7,48613586;0,93196350
-7,48113586;0,93196350
-7,47613586;0,93196350
-7,47113586;1,39948320
-7,46613586;0,00000000
-7,46113586;0,46598175
-7,45613586;0,46598175
-7,45113586;0,93196350
-7,44613586;0,46598175
-7,44113586;0,46598175
-7,43613586;-0,46598175
-7,43113586;0,46598175
-7,42613586;0,00000000
-7,42113586;0,00000000
-7,41613586;0,00000000
-7,41113586;-0,46598175
-7,40613586;0,46598175
-7,40113586;0,46598175
-7,39613586;0,00000000
-7,39113586;0,00000000
-7,38613586;0,46598175
-7,38113586;-0,46598175
-7,37613586;0,00000000
-7,37113586;0,46598175
-7,36613586;0,46598175
-7,36113586;0,00000000
-7,35613586;0,00000000
-7,35113586;-1,39948320
-7,34613586;0,46598175
-7,34113586;-0,46598175
-7,33613586;0,46598175
-7,33113586;0,00000000
-7,32613586;-3,73246789
-7,32113586;0,00000000
-7,31613586;0,46598175
-7,31113586;-0,93196350
-7,30613586;0,46598175
-7,30113586;-0,93196350
-7,29613586;0,46598175
-7,29113586;-0,46598175
-7,28613586;0,93196350
-7,28113586;0,46598175
-7,27613586;0,93196350
-7,27113586;0,00000000
-7,26613586;0,46598175
-7,26113586;0,00000000
-7,25613586;0,46598175
-7,25113586;0,00000000
-7,24613586;0,46598175
-7,24113586;0,00000000
-7,23613586;0,46598175
-7,23113586;-0,46598175
-7,22613586;0,93196350
-7,22113586;0,46598175
-7,21613586;-1,39948320
-7,21113586;0,00000000
-7,20613586;0,46598175
-7,20113587;0,46598175
-7,19613587;0,93196350
-7,19113587;0,46598175
-7,18613587;0,46598175
-7,18113587;0,46598175
-7,17613587;0,00000000
-7,17113587;0,46598175
-7,16613587;0,00000000
-7,16113587;0,46598175
-7,15613587;-0,46598175
-7,15113587;0,46598175
-7,14613587;0,00000000
-7,14113587;0,46598175
-7,13613587;0,46598175
-7,13113587;0,00000000
-7,12613587;0,46598175
-7,12113587;1,86546493
-7,11613587;-0,46598175
-7,11113587;0,00000000
-7,10613587;-1,86546493
-7,10113587;0,46598175
-7,09613587;0,00000000
-7,09113587;0,00000000
-7,08613587;0,00000000
-7,08113587;-1,39948320
-7,07613587;0,46598175
-7,07113587;0,00000000
-7,06613587;0,00000000
-7,06113587;2,79896641
-7,05613587;0,93196350
-7,05113587;1,39948320
-7,04613587;0,46598175
-7,04113587;0,00000000
-7,03613587;0,93196350
-7,03113587;0,93196350
-7,02613587;-0,93196350
-7,02113587;-0,46598175
-7,01613587;0,46598175
-7,01113587;-0,46598175
-7,00613587;-0,46598175
-7,00113587;-0,46598175
-6,99613587;0,46598175
-6,99113587;0,00000000
-6,98613587;0,46598175
-6,98113587;0,00000000
-6,97613587;0,46598175
-6,97113587;0,00000000
-6,96613587;0,00000000
-6,96113587;0,00000000
-6,95613587;0,46598175
-6,95113587;0,93196350
-6,94613587;0,00000000
-6,94113587;0,46598175
-6,93613587;0,93196350
-6,93113587;0,46598175
-6,92613587;0,46598175
-6,92113587;0,00000000
-6,91613587;-0,93196350
-6,91113587;0,93196350
-6,90613587;0,00000000
-6,90113587;1,39948320
-6,89613587;0,46598175
-6,89113587;1,39948320
-6,88613587;-0,46598175
-6,88113587;0,00000000
-6,87613587;0,00000000
-6,87113587;0,00000000
-6,86613587;0,00000000
-6,86113587;-0,46598175
-6,85613587;0,93196350
-6,85113587;0,93196350
-6,84613587;0,46598175
-6,84113587;-0,93196350
-6,83613587;0,46598175
-6,83113587;0,00000000
-6,82613587;0,00000000
-6,82113587;0,46598175
-6,81613587;0,46598175
-6,81113587;0,46598175
-6,80613588;-0,46598175
-6,80113588;0,93196350
-6,79613588;1,39948320
-6,79113588;1,39948320
-6,78613588;0,00000000
-6,78113588;0,00000000
-6,77613588;3,26648593
-6,77113588;0,93196350
-6,76613588;0,46598175
-6,76113588;0,00000000
-6,75613588;0,46598175
-6,75113588;0,00000000
-6,74613588;0,00000000
-6,74113588;0,00000000
-6,73613588;0,93196350
-6,73113588;0,46598175
-6,72613588;-0,46598175
-6,72113588;0,46598175
-6,71613588;0,00000000
-6,71113588;0,00000000
-6,70613588;0,00000000
-6,70113588;0,46598175
-6,69613588;0,00000000
-6,69113588;0,46598175
-6,68613588;0,46598175
-6,68113588;-2,33298445
-6,67613588;0,93196350
-6,67113588;0,46598175
-6,66613588;0,00000000
-6,66113588;0,00000000
-6,65613588;0,00000000
-6,65113588;0,46598175
-6,64613588;0,00000000
-6,64113588;0,00000000
-6,63613588;0,00000000
-6,63113588;0,00000000
-6,62613588;-0,93196350
-6,62113588;-2,79896641
-6,61613588;0,00000000
-6,61113588;8,39997482
-6,60613588;0,00000000
-6,60113588;-0,46598175
-6,59613588;0,00000000
-6,59113588;-0,46598175
-6,58613588;0,93196350
-6,58113588;0,93196350
-6,57613588;0,93196350
-6,57113588;0,46598175
-6,56613588;0,46598175
-6,56113588;0,46598175
-6,55613588;0,00000000
-6,55113588;-0,46598175
-6,54613588;0,46598175
-6,54113588;0,00000000
-6,53613588;-0,46598175
-6,53113588;0,00000000
-6,52613588;0,00000000
-6,52113588;0,46598175
-6,51613588;0,00000000
-6,51113588;0,00000000
-6,50613588;-1,86546493
-6,50113588;0,00000000
-6,49613588;0,46598175
-6,49113588;0,93196350
-6,48613588;0,46598175
-6,48113588;0,93196350
-6,47613588;0,00000000
-6,47113588;-0,93196350
-6,46613588;0,00000000
-6,46113588;-0,46598175
-6,45613588;-0,93196350
-6,45113588;0,00000000
-6,44613588;-0,46598175
-6,44113588;0,46598175
-6,43613588;-0,46598175
-6,43113588;0,46598175
-6,42613588;0,46598175
-6,42113588;0,00000000
-6,41613588;0,00000000
-6,41113589;0,93196350
-6,40613589;0,00000000
-6,40113589;0,00000000
-6,39613589;0,00000000
-6,39113589;0,00000000
-6,38613589;0,46598175
-6,38113589;0,46598175
-6,37613589;0,46598175
-6,37113589;0,00000000
-6,36613589;0,46598175
-6,36113589;0,46598175
-6,35613589;-0,46598175
-6,35113589;0,00000000
-6,34613589;-0,46598175
-6,34113589;0,00000000
-6,33613589;0,46598175
-6,33113589;-0,46598175
-6,32613589;0,00000000
-6,32113589;0,00000000
-6,31613589;-0,46598175
-6,31113589;0,00000000
-6,30613589;-0,46598175
-6,30113589;0,93196350
-6,29613589;0,46598175
-6,29113589;-1,39948320
-6,28613589;0,93196350
-6,28113589;0,46598175
-6,27613589;0,00000000
-6,27113589;0,00000000
-6,26613589;0,46598175
-6,26113589;0,46598175
-6,25613589;0,46598175
-6,25113589;0,46598175
-6,24613589;-0,46598175
-6,24113589;0,46598175
-6,23613589;0,46598175
-6,23113589;0,46598175
-6,22613589;0,00000000
-6,22113589;0,93196350
-6,21613589;0,46598175
-6,21113589;0,00000000
-6,20613589;0,00000000
-6,20113589;0,00000000
-6,19613589;1,86546493
-6,19113589;0,93196350
-6,18613589;0,93196350
-6,18113589;0,46598175
-6,17613589;0,00000000
-6,17113589;0,00000000
-6,16613589;0,46598175
-6,16113589;0,00000000
-6,15613589;0,46598175
-6,15113589;-0,46598175
-6,14613589;-0,46598175
-6,14113589;0,46598175
-6,13613589;0,00000000
-6,13113589;0,00000000
-6,12613589;0,00000000
-6,12113589;0,46598175
-6,11613589;0,46598175
-6,11113589;0,93196350
-6,10613589;0,00000000
-6,10113589;0,46598175
-6,09613589;0,46598175
-6,09113589;0,46598175
-6,08613589;0,46598175
-6,08113589;0,46598175
-6,07613589;-0,46598175
-6,07113589;0,46598175
-6,06613589;0,00000000
-6,06113589;0,00000000
-6,05613589;0,46598175
-6,05113589;0,00000000
-6,04613589;0,93196350
-6,04113589;0,00000000
-6,03613589;0,00000000
-6,03113589;0,46598175
-6,02613589;-0,46598175
-6,02113589;0,00000000
-6,01613590;-0,93196350
-6,01113590;0,93196350
-6,00613590;-0,46598175
-6,00113590;0,00000000
-5,99613590;-0,46598175
-5,99113590;0,93196350
-5,98613590;0,93196350
-5,98113590;-1,86546493
-5,97613590;0,46598175
-5,97113590;0,46598175
-5,96613590;0,46598175
-5,96113590;0,46598175
-5,95613590;-0,46598175
-5,95113590;-1,39948320
-5,94613590;-0,46598175
-5,94113590;0,00000000
-5,93613590;0,46598175
-5,93113590;0,46598175
-5,92613590;-0,46598175
-5,92113590;-0,46598175
-5,91613590;0,46598175
-5,91113590;0,46598175
-5,90613590;-0,46598175
-5,90113590;0,93196350
-5,89613590;0,00000000
-5,89113590;0,00000000
-5,88613590;0,00000000
-5,88113590;0,46598175
-5,87613590;0,00000000
-5,87113590;0,00000000
-5,86613590;-0,46598175
-5,86113590;0,93196350
-5,85613590;0,46598175
-5,85113590;1,86546493
-5,84613590;-0,93196350
-5,84113590;0,00000000
-5,83613590;-0,46598175
-5,83113590;0,46598175
-5,82613590;0,00000000
-5,82113590;0,00000000
-5,81613590;0,93196350
-5,81113590;0,46598175
-5,80613590;0,00000000
-5,80113590;0,00000000
-5,79613590;0,00000000
-5,79113590;0,46598175
-5,78613590;0,00000000
-5,78113590;-0,93196350
-5,77613590;0,00000000
-5,77113590;0,46598175
-5,76613590;0,46598175
-5,76113590;-0,46598175
-5,75613590;0,46598175
-5,75113590;0,00000000
-5,74613590;0,46598175
-5,74113590;0,00000000
-5,73613590;0,46598175
-5,73113590;-0,46598175
-5,72613590;0,93196350
-5,72113590;0,46598175
-5,71613590;0,46598175
-5,71113590;-0,93196350
-5,70613590;2,33298445
-5,70113590;0,46598175
-5,69613590;0,00000000
-5,69113590;1,39948320
-5,68613590;0,00000000
-5,68113590;0,00000000
-5,67613590;0,00000000
-5,67113590;-0,93196350
-5,66613590;0,46598175
-5,66113590;0,46598175
-5,65613590;-0,46598175
-5,65113590;0,00000000
-5,64613590;0,46598175
-5,64113590;0,00000000
-5,63613590;0,46598175
-5,63113590;0,00000000
-5,62613590;-0,93196350
-5,62113591;0,46598175
-5,61613591;0,00000000
-5,61113591;0,00000000
-5,60613591;0,46598175
-5,60113591;0,46598175
-5,59613591;0,46598175
-5,59113591;0,46598175
-5,58613591;0,00000000
-5,58113591;0,00000000
-5,57613591;-0,93196350
-5,57113591;0,00000000
-5,56613591;0,46598175
-5,56113591;0,00000000
-5,55613591;-0,93196350
-5,55113591;0,00000000
-5,54613591;0,46598175
-5,54113591;0,00000000
-5,53613591;0,00000000
-5,53113591;0,46598175
-5,52613591;0,93196350
-5,52113591;0,46598175
-5,51613591;0,00000000
-5,51113591;0,00000000
-5,50613591;0,00000000
-5,50113591;-0,93196350
-5,49613591;0,00000000
-5,49113591;-0,93196350
-5,48613591;0,00000000
-5,48113591;0,46598175
-5,47613591;0,00000000
-5,47113591;0,00000000
-5,46613591;0,00000000
-5,46113591;0,93196350
-5,45613591;0,00000000
-5,45113591;0,93196350
-5,44613591;-0,46598175
-5,44113591;-0,46598175
-5,43613591;0,00000000
-5,43113591;0,00000000
-5,42613591;0,00000000
-5,42113591;0,46598175
-5,41613591;0,00000000
-5,41113591;0,46598175
-5,40613591;0,46598175
-5,40113591;0,46598175
-5,39613591;0,00000000
-5,39113591;0,46598175
-5,38613591;0,46598175
-5,38113591;0,93196350
-5,37613591;-0,46598175
-5,37113591;0,00000000
-5,36613591;-0,46598175
-5,36113591;0,00000000
-5,35613591;0,00000000
-5,35113591;0,00000000
-5,34613591;0,00000000
-5,34113591;0,00000000
-5,33613591;0,46598175
-5,33113591;0,00000000
-5,32613591;0,00000000
-5,32113591;0,46598175
-5,31613591;-1,86546493
-5,31113591;0,00000000
-5,30613591;1,86546493
-5,30113591;0,46598175
-5,29613591;0,46598175
-5,29113591;-0,93196350
-5,28613591;-0,46598175
-5,28113591;-0,46598175
-5,27613591;-0,93196350
-5,27113591;0,00000000
-5,26613591;0,00000000
-5,26113591;0,93196350
-5,25613591;0,46598175
-5,25113591;0,00000000
-5,24613591;-0,93196350
-5,24113591;-0,46598175
-5,23613591;0,46598175
-5,23113591;0,46598175
-5,22613592;0,93196350
-5,22113592;0,00000000
-5,21613592;-0,93196350
-5,21113592;0,46598175
-5,20613592;-0,46598175
-5,20113592;0,00000000
-5,19613592;0,00000000
-5,19113592;-0,46598175
-5,18613592;-0,46598175
-5,18113592;0,46598175
-5,17613592;0,00000000
-5,17113592;-0,46598175
-5,16613592;-0,46598175
-5,16113592;0,46598175
-5,15613592;0,00000000
-5,15113592;0,46598175
-5,14613592;0,00000000
-5,14113592;0,46598175
-5,13613592;0,46598175
-5,13113592;0,00000000
-5,12613592;0,46598175
-5,12113592;0,00000000
-5,11613592;0,46598175
-5,11113592;0,00000000
-5,10613592;0,46598175
-5,10113592;0,46598175
-5,09613592;0,00000000
-5,09113592;-1,39948320
-5,08613592;-0,46598175
-5,08113592;-0,46598175
-5,07613592;0,93196350
-5,07113592;-0,46598175
-5,06613592;0,00000000
-5,06113592;-0,93196350
-5,05613592;0,00000000
-5,05113592;0,46598175
-5,04613592;0,46598175
-5,04113592;0,00000000
-5,03613592;0,46598175
-5,03113592;-0,46598175
-5,02613592;0,46598175
-5,02113592;-0,46598175
-5,01613592;0,46598175
-5,01113592;0,00000000
-5,00613592;0,00000000
-5,00113592;0,46598175
-4,99613592;0,46598175
-4,99113592;0,46598175
-4,98613592;0,93196350
-4,98113592;-0,93196350
-4,97613592;0,00000000
-4,97113592;0,46598175
-4,96613592;0,93196350
-4,96113592;0,93196350
-4,95613592;0,00000000
-4,95113592;0,00000000
-4,94613592;0,00000000
-4,94113592;-0,46598175
-4,93613592;0,00000000
-4,93113592;0,93196350
-4,92613592;0,00000000
-4,92113592;0,93196350
-4,91613592;-0,46598175
-4,91113592;0,46598175
-4,90613592;-1,39948320
-4,90113592;1,39948320
-4,89613592;0,46598175
-4,89113592;-2,79896641
-4,88613592;0,00000000
-4,88113592;0,93196350
-4,87613592;-0,46598175
-4,87113592;0,00000000
-4,86613592;0,46598175
-4,86113592;0,46598175
-4,85613592;-0,93196350
-4,85113592;-0,46598175
-4,84613592;0,46598175
-4,84113592;0,93196350
-4,83613592;-0,93196350
-4,83113592;-0,93196350
-4,82613593;0,46598175
-4,82113593;0,46598175
-4,81613593;-0,46598175
-4,81113593;-0,46598175
-4,80613593;0,00000000
-4,80113593;0,00000000
-4,79613593;0,00000000
-4,79113593;-0,46598175
-4,78613593;0,00000000
-4,78113593;-0,46598175
-4,77613593;-0,46598175
-4,77113593;0,00000000
-4,76613593;0,00000000
-4,76113593;0,00000000
-4,75613593;0,46598175
-4,75113593;0,46598175
-4,74613593;-1,39948320
-4,74113593;0,00000000
-4,73613593;0,00000000
-4,73113593;0,46598175
-4,72613593;0,00000000
-4,72113593;-0,46598175
-4,71613593;0,00000000
-4,71113593;0,93196350
-4,70613593;-1,39948320
-4,70113593;0,00000000
-4,69613593;0,46598175
-4,69113593;0,00000000
-4,68613593;0,46598175
-4,68113593;0,46598175
-4,67613593;0,00000000
-4,67113593;0,46598175
-4,66613593;0,00000000
-4,66113593;0,46598175
-4,65613593;0,00000000
-4,65113593;0,46598175
-4,64613593;0,46598175
-4,64113593;-0,46598175
-4,63613593;0,46598175
-4,63113593;0,46598175
-4,62613593;0,46598175
-4,62113593;0,00000000
-4,61613593;0,00000000
-4,61113593;-0,93196350
-4,60613593;0,93196350
-4,60113593;0,46598175
-4,59613593;0,46598175
-4,59113593;0,00000000
-4,58613593;7,46647358
-4,58113593;0,46598175
-4,57613593;-0,46598175
-4,57113593;0,00000000
-4,56613593;0,00000000
-4,56113593;0,93196350
-4,55613593;-0,46598175
-4,55113593;0,46598175
-4,54613593;0,00000000
-4,54113593;0,46598175
-4,53613593;0,46598175
-4,53113593;-0,46598175
-4,52613593;0,46598175
-4,52113593;0,00000000
-4,51613593;0,46598175
-4,51113593;0,93196350
-4,50613593;0,00000000
-4,50113593;0,00000000
-4,49613593;0,46598175
-4,49113593;-0,93196350
-4,48613593;0,00000000
-4,48113593;0,46598175
-4,47613593;-0,46598175
-4,47113593;0,00000000
-4,46613593;-0,46598175
-4,46113593;0,46598175
-4,45613593;-0,46598175
-4,45113593;0,46598175
-4,44613593;0,00000000
-4,44113593;0,46598175
-4,43613593;-0,46598175
-4,43113594;0,46598175
-4,42613594;0,00000000
-4,42113594;0,93196350
-4,41613594;0,46598175
-4,41113594;0,00000000
-4,40613594;0,00000000
-4,40113594;-0,46598175
-4,39613594;0,46598175
-4,39113594;0,46598175
-4,38613594;0,93196350
-4,38113594;-0,46598175
-4,37613594;-0,93196350
-4,37113594;0,00000000
-4,36613594;0,00000000
-4,36113594;0,46598175
-4,35613594;0,46598175
-4,35113594;0,46598175
-4,34613594;0,46598175
-4,34113594;-0,93196350
-4,33613594;-0,46598175
-4,33113594;0,00000000
-4,32613594;0,46598175
-4,32113594;0,00000000
-4,31613594;-0,46598175
-4,31113594;0,00000000
-4,30613594;0,46598175
-4,30113594;0,93196350
-4,29613594;0,00000000
-4,29113594;-0,93196350
-4,28613594;0,00000000
-4,28113594;0,00000000
-4,27613594;0,00000000
-4,27113594;0,00000000
-4,26613594;0,00000000
-4,26113594;0,46598175
-4,25613594;0,00000000
-4,25113594;-0,46598175
-4,24613594;-0,93196350
-4,24113594;-0,46598175
-4,23613594;0,00000000
-4,23113594;0,46598175
-4,22613594;0,46598175
-4,22113594;-0,46598175
-4,21613594;0,00000000
-4,21113594;-0,46598175
-4,20613594;-0,93196350
-4,20113594;-0,93196350
-4,19613594;-0,46598175
-4,19113594;-0,93196350
-4,18613594;0,00000000
-4,18113594;0,00000000
-4,17613594;0,46598175
-4,17113594;0,00000000
-4,16613594;-0,46598175
-4,16113594;0,00000000
-4,15613594;-0,46598175
-4,15113594;0,00000000
-4,14613594;0,46598175
-4,14113594;0,00000000
-4,13613594;-0,46598175
-4,13113594;0,46598175
-4,12613594;0,93196350
-4,12113594;0,46598175
-4,11613594;0,46598175
-4,11113594;0,93196350
-4,10613594;0,00000000
-4,10113594;-0,46598175
-4,09613594;0,46598175
-4,09113594;0,46598175
-4,08613594;-0,46598175
-4,08113594;0,46598175
-4,07613594;-0,46598175
-4,07113594;0,00000000
-4,06613594;0,46598175
-4,06113594;0,00000000
-4,05613594;0,46598175
-4,05113594;0,00000000
-4,04613594;0,46598175
-4,04113594;0,00000000
-4,03613595;0,46598175
-4,03113595;-0,93196350
-4,02613595;-0,46598175
-4,02113595;0,46598175
-4,01613595;0,46598175
-4,01113595;-0,46598175
-4,00613595;0,93196350
-4,00113595;0,00000000
-3,99613595;-0,46598175
-3,99113595;-1,39948320
-3,98613595;0,00000000
-3,98113595;0,00000000
-3,97613595;0,00000000
-3,97113595;-0,46598175
-3,96613595;-0,46598175
-3,96113595;0,00000000
-3,95613595;-0,46598175
-3,95113595;0,00000000
-3,94613595;0,00000000
-3,94113595;0,00000000
-3,93613595;0,46598175
-3,93113595;0,46598175
-3,92613595;0,00000000
-3,92113595;0,00000000
-3,91613595;0,46598175
-3,91113595;0,00000000
-3,90613595;0,00000000
-3,90113595;0,00000000
-3,89613595;-0,46598175
-3,89113595;0,00000000
-3,88613595;0,00000000
-3,88113595;0,00000000
-3,87613595;0,93196350
-3,87113595;1,39948320
-3,86613595;0,93196350
-3,86113595;0,46598175
-3,85613595;0,46598175
-3,85113595;0,46598175
-3,84613595;0,00000000
-3,84113595;0,00000000
-3,83613595;0,93196350
-3,83113595;0,93196350
-3,82613595;0,46598175
-3,82113595;0,00000000
-3,81613595;-0,46598175
-3,81113595;0,46598175
-3,80613595;0,46598175
-3,80113595;0,46598175
-3,79613595;-0,46598175
-3,79113595;0,46598175
-3,78613595;0,46598175
-3,78113595;0,46598175
-3,77613595;0,46598175
-3,77113595;0,46598175
-3,76613595;0,46598175
-3,76113595;0,93196350
-3,75613595;-0,93196350
-3,75113595;0,93196350
-3,74613595;0,00000000
-3,74113595;0,46598175
-3,73613595;-0,46598175
-3,73113595;0,00000000
-3,72613595;0,00000000
-3,72113595;0,46598175
-3,71613595;0,00000000
-3,71113595;0,00000000
-3,70613595;0,46598175
-3,70113595;-0,46598175
-3,69613595;0,93196350
-3,69113595;1,39948320
-3,68613595;0,00000000
-3,68113595;0,46598175
-3,67613595;0,00000000
-3,67113595;0,93196350
-3,66613595;0,46598175
-3,66113595;-0,93196350
-3,65613595;0,00000000
-3,65113595;0,46598175
-3,64613595;1,39948320
-3,64113596;-0,46598175
-3,63613596;0,00000000
-3,63113596;0,46598175
-3,62613596;-0,46598175
-3,62113596;-0,46598175
-3,61613596;0,46598175
-3,61113596;0,46598175
-3,60613596;-0,46598175
-3,60113596;0,00000000
-3,59613596;0,46598175
-3,59113596;0,46598175
-3,58613596;-0,93196350
-3,58113596;0,00000000
-3,57613596;0,00000000
-3,57113596;0,00000000
-3,56613596;0,46598175
-3,56113596;0,46598175
-3,55613596;0,46598175
-3,55113596;0,00000000
-3,54613596;0,00000000
-3,54113596;0,46598175
-3,53613596;0,00000000
-3,53113596;0,00000000
-3,52613596;-0,93196350
-3,52113596;0,00000000
-3,51613596;-0,46598175
-3,51113596;0,46598175
-3,50613596;0,00000000
-3,50113596;0,46598175
-3,49613596;0,00000000
-3,49113596;0,00000000
-3,48613596;0,46598175
-3,48113596;0,00000000
-3,47613596;0,93196350
-3,47113596;1,39948320
-3,46613596;0,00000000
-3,46113596;0,00000000
-3,45613596;0,93196350
-3,45113596;0,46598175
-3,44613596;0,46598175
-3,44113596;0,46598175
-3,43613596;-0,46598175
-3,43113596;0,00000000
-3,42613596;0,93196350
-3,42113596;0,93196350
-3,41613596;0,00000000
-3,41113596;-0,46598175
-3,40613596;0,00000000
-3,40113596;0,00000000
-3,39613596;0,00000000
-3,39113596;0,00000000
-3,38613596;-0,46598175
-3,38113596;-0,46598175
-3,37613596;0,46598175
-3,37113596;6,06699038
-3,36613596;0,00000000
-3,36113596;0,93196350
-3,35613596;-0,46598175
-3,35113596;0,00000000
-3,34613596;0,46598175
-3,34113596;0,46598175
-3,33613596;0,46598175
-3,33113596;0,46598175
-3,32613596;0,00000000
-3,32113596;0,00000000
-3,31613596;0,00000000
-3,31113596;-0,46598175
-3,30613596;0,00000000
-3,30113596;0,00000000
-3,29613596;0,00000000
-3,29113596;0,46598175
-3,28613596;-0,46598175
-3,28113596;0,46598175
-3,27613596;0,00000000
-3,27113596;0,00000000
-3,26613596;0,00000000
-3,26113596;0,00000000
-3,25613596;0,00000000
-3,25113596;0,00000000
-3,24613597;-0,93196350
-3,24113597;-0,46598175
-3,23613597;0,46598175
-3,23113597;0,46598175
-3,22613597;0,00000000
-3,22113597;0,00000000
-3,21613597;-0,46598175
-3,21113597;0,93196350
-3,20613597;0,00000000
-3,20113597;-1,39948320
-3,19613597;-0,46598175
-3,19113597;0,93196350
-3,18613597;0,00000000
-3,18113597;0,00000000
-3,17613597;0,46598175
-3,17113597;0,46598175
-3,16613597;0,00000000
-3,16113597;1,39948320
-3,15613597;0,00000000
-3,15113597;1,39948320
-3,14613597;0,00000000
-3,14113597;0,46598175
-3,13613597;0,00000000
-3,13113597;0,46598175
-3,12613597;0,00000000
-3,12113597;0,00000000
-3,11613597;0,00000000
-3,11113597;0,46598175
-3,10613597;-0,46598175
-3,10113597;-1,86546493
-3,09613597;0,46598175
-3,09113597;-1,39948320
-3,08613597;0,46598175
-3,08113597;0,46598175
-3,07613597;-1,86546493
-3,07113597;0,00000000
-3,06613597;0,00000000
-3,06113597;-0,93196350
-3,05613597;0,46598175
-3,05113597;0,46598175
-3,04613597;0,46598175
-3,04113597;0,46598175
-3,03613597;0,46598175
-3,03113597;0,00000000
-3,02613597;0,00000000
-3,02113597;0,93196350
-3,01613597;0,46598175
-3,01113597;0,00000000
-3,00613597;0,00000000
-3,00113597;0,46598175
-2,99613597;0,00000000
-2,99113597;1,39948320
-2,98613597;0,00000000
-2,98113597;0,46598175
-2,97613597;0,00000000
-2,97113597;-0,93196350
-2,96613597;-0,46598175
-2,96113597;-0,46598175
-2,95613597;-0,46598175
-2,95113597;-0,46598175
-2,94613597;0,46598175
-2,94113597;0,00000000
-2,93613597;0,46598175
-2,93113597;0,46598175
-2,92613597;0,00000000
-2,92113597;0,46598175
-2,91613597;0,93196350
-2,91113597;1,39948320
-2,90613597;-0,93196350
-2,90113597;-0,46598175
-2,89613597;0,00000000
-2,89113597;-0,93196350
-2,88613597;-0,46598175
-2,88113597;0,00000000
-2,87613597;0,93196350
-2,87113597;1,39948320
-2,86613597;1,39948320
-2,86113597;1,39948320
-2,85613597;0,46598175
-2,85113598;0,93196350
-2,84613598;0,00000000
-2,84113598;-0,46598175
-2,83613598;1,39948320
-2,83113598;0,46598175
-2,82613598;0,00000000
-2,82113598;0,00000000
-2,81613598;0,00000000
-2,81113598;0,46598175
-2,80613598;0,00000000
-2,80113598;0,46598175
-2,79613598;-0,46598175
-2,79113598;0,00000000
-2,78613598;0,46598175
-2,78113598;0,46598175
-2,77613598;0,00000000
-2,77113598;0,46598175
-2,76613598;0,46598175
-2,76113598;0,00000000
-2,75613598;0,00000000
-2,75113598;0,00000000
-2,74613598;0,46598175
-2,74113598;-0,46598175
-2,73613598;0,93196350
-2,73113598;0,46598175
-2,72613598;0,00000000
-2,72113598;0,46598175
-2,71613598;0,46598175
-2,71113598;0,00000000
-2,70613598;0,00000000
-2,70113598;0,46598175
-2,69613598;0,00000000
-2,69113598;0,46598175
-2,68613598;0,00000000
-2,68113598;0,93196350
-2,67613598;0,46598175
-2,67113598;0,00000000
-2,66613598;0,46598175
-2,66113598;0,00000000
-2,65613598;0,46598175
-2,65113598;0,46598175
-2,64613598;0,00000000
-2,64113598;0,00000000
-2,63613598;0,00000000
-2,63113598;0,46598175
-2,62613598;-0,46598175
-2,62113598;0,46598175
-2,61613598;0,46598175
-2,61113598;0,46598175
-2,60613598;0,46598175
-2,60113598;0,46598175
-2,59613598;0,00000000
-2,59113598;0,93196350
-2,58613598;0,00000000
-2,58113598;0,00000000
-2,57613598;0,00000000
-2,57113598;0,00000000
-2,56613598;0,00000000
-2,56113598;-0,46598175
-2,55613598;0,46598175
-2,55113598;-0,46598175
-2,54613598;0,00000000
-2,54113598;0,46598175
-2,53613598;-0,46598175
-2,53113598;0,00000000
-2,52613598;0,00000000
-2,52113598;0,00000000
-2,51613598;0,46598175
-2,51113598;0,46598175
-2,50613598;0,00000000
-2,50113598;0,00000000
-2,49613598;0,46598175
-2,49113598;1,39948320
-2,48613598;0,93196350
-2,48113598;0,00000000
-2,47613598;-0,46598175
-2,47113598;0,93196350
-2,46613598;-0,46598175
-2,46113598;-0,46598175
-2,45613598;0,46598175
-2,45113599;0,46598175
-2,44613599;0,93196350
-2,44113599;0,93196350
-2,43613599;0,00000000
-2,43113599;0,00000000
-2,42613599;0,46598175
-2,42113599;0,93196350
-2,41613599;0,00000000
-2,41113599;0,93196350
-2,40613599;-0,46598175
-2,40113599;0,93196350
-2,39613599;-0,93196350
-2,39113599;0,46598175
-2,38613599;0,00000000
-2,38113599;0,46598175
-2,37613599;0,00000000
-2,37113599;0,00000000
-2,36613599;0,46598175
-2,36113599;0,93196350
-2,35613599;0,46598175
-2,35113599;0,46598175
-2,34613599;0,46598175
-2,34113599;-0,46598175
-2,33613599;-0,46598175
-2,33113599;0,46598175
-2,32613599;-0,93196350
-2,32113599;0,93196350
-2,31613599;-0,46598175
-2,31113599;-0,93196350
-2,30613599;0,93196350
-2,30113599;0,46598175
-2,29613599;0,00000000
-2,29113599;0,00000000
-2,28613599;0,46598175
-2,28113599;0,46598175
-2,27613599;1,39948320
-2,27113599;0,00000000
-2,26613599;0,46598175
-2,26113599;-0,93196350
-2,25613599;-0,93196350
-2,25113599;-0,46598175
-2,24613599;0,00000000
-2,24113599;0,46598175
-2,23613599;0,00000000
-2,23113599;0,00000000
-2,22613599;0,00000000
-2,22113599;0,46598175
-2,21613599;0,46598175
-2,21113599;0,46598175
-2,20613599;-0,93196350
-2,20113599;0,93196350
-2,19613599;0,46598175
-2,19113599;0,00000000
-2,18613599;-0,93196350
-2,18113599;0,46598175
-2,17613599;0,46598175
-2,17113599;0,00000000
-2,16613599;0,46598175
-2,16113599;-0,46598175
-2,15613599;0,00000000
-2,15113599;0,46598175
-2,14613599;-0,93196350
-2,14113599;0,93196350
-2,13613599;0,00000000
-2,13113599;-0,46598175
-2,12613599;0,00000000
-2,12113599;0,00000000
-2,11613599;0,46598175
-2,11113599;0,93196350
-2,10613599;0,93196350
-2,10113599;0,46598175
-2,09613599;0,93196350
-2,09113599;0,46598175
-2,08613599;0,00000000
-2,08113599;0,46598175
-2,07613599;0,93196350
-2,07113599;0,46598175
-2,06613599;0,00000000
-2,06113599;0,93196350
-2,05613600;0,00000000
-2,05113600;0,00000000
-2,04613600;0,00000000
-2,04113600;0,93196350
-2,03613600;0,00000000
-2,03113600;0,00000000
-2,02613600;0,00000000
-2,02113600;0,93196350
-2,01613600;0,00000000
-2,01113600;0,46598175
-2,00613600;0,46598175
-2,00113600;-1,86546493
-1,99613600;0,00000000
-1,99113600;0,46598175
-1,98613600;0,46598175
-1,98113600;-0,46598175
-1,97613600;-0,46598175
-1,97113600;0,46598175
-1,96613600;0,00000000
-1,96113600;-0,46598175
-1,95613600;0,00000000
-1,95113600;0,00000000
-1,94613600;0,00000000
-1,94113600;0,00000000
-1,93613600;0,00000000
-1,93113600;0,00000000
-1,92613600;0,00000000
-1,92113600;0,46598175
-1,91613600;0,00000000
-1,91113600;0,46598175
-1,90613600;0,00000000
-1,90113600;0,00000000
-1,89613600;-0,46598175
-1,89113600;0,93196350
-1,88613600;-0,46598175
-1,88113600;0,93196350
-1,87613600;1,39948320
-1,87113600;0,93196350
-1,86613600;0,00000000
-1,86113600;-0,46598175
-1,85613600;-0,93196350
-1,85113600;0,46598175
-1,84613600;-0,46598175
-1,84113600;0,00000000
-1,83613600;1,39948320
-1,83113600;0,46598175
-1,82613600;1,39948320
-1,82113600;0,93196350
-1,81613600;0,00000000
-1,81113600;0,93196350
-1,80613600;-0,46598175
-1,80113600;0,46598175
-1,79613600;1,39948320
-1,79113600;-0,46598175
-1,78613600;-0,46598175
-1,78113600;0,00000000
-1,77613600;0,00000000
-1,77113600;0,00000000
-1,76613600;0,00000000
-1,76113600;-0,46598175
-1,75613600;0,00000000
-1,75113600;0,00000000
-1,74613600;-0,46598175
-1,74113600;0,00000000
-1,73613600;0,00000000
-1,73113600;-0,46598175
-1,72613600;-0,46598175
-1,72113600;0,00000000
-1,71613600;0,46598175
-1,71113600;0,00000000
-1,70613600;0,46598175
-1,70113600;-0,46598175
-1,69613600;0,00000000
-1,69113600;0,00000000
-1,68613600;0,46598175
-1,68113600;0,93196350
-1,67613600;-0,46598175
-1,67113600;-0,46598175
-1,66613600;1,39948320
-1,66113601;-0,46598175
-1,65613601;-0,93196350
-1,65113601;0,00000000
-1,64613601;-0,93196350
-1,64113601;0,00000000
-1,63613601;0,46598175
-1,63113601;0,93196350
-1,62613601;0,00000000
-1,62113601;0,46598175
-1,61613601;0,46598175
-1,61113601;0,46598175
-1,60613601;0,00000000
-1,60113601;-0,93196350
-1,59613601;-0,46598175
-1,59113601;0,46598175
-1,58613601;0,00000000
-1,58113601;0,00000000
-1,57613601;-0,46598175
-1,57113601;0,00000000
-1,56613601;-0,46598175
-1,56113601;0,00000000
-1,55613601;-0,93196350
-1,55113601;0,46598175
-1,54613601;0,46598175
-1,54113601;0,46598175
-1,53613601;0,00000000
-1,53113601;0,46598175
-1,52613601;0,46598175
-1,52113601;0,00000000
-1,51613601;-0,46598175
-1,51113601;-0,46598175
-1,50613601;0,46598175
-1,50113601;0,46598175
-1,49613601;-0,46598175
-1,49113601;-0,93196350
-1,48613601;0,46598175
-1,48113601;0,46598175
-1,47613601;-1,86546493
-1,47113601;1,39948320
-1,46613601;0,00000000
-1,46113601;-0,46598175
-1,45613601;-0,46598175
-1,45113601;0,93196350
-1,44613601;0,93196350
-1,44113601;0,00000000
-1,43613601;0,00000000
-1,43113601;0,46598175
-1,42613601;0,93196350
-1,42113601;0,46598175
-1,41613601;0,00000000
-1,41113601;0,00000000
-1,40613601;-0,93196350
-1,40113601;0,00000000
-1,39613601;0,00000000
-1,39113601;0,00000000
-1,38613601;-1,86546493
-1,38113601;0,00000000
-1,37613601;0,46598175
-1,37113601;-0,46598175
-1,36613601;0,00000000
-1,36113601;0,93196350
-1,35613601;-0,46598175
-1,35113601;0,00000000
-1,34613601;0,00000000
-1,34113601;0,00000000
-1,33613601;-0,46598175
-1,33113601;-0,46598175
-1,32613601;0,00000000
-1,32113601;0,93196350
-1,31613601;0,46598175
-1,31113601;-0,46598175
-1,30613601;-0,93196350
-1,30113601;0,46598175
-1,29613601;-0,46598175
-1,29113601;0,00000000
-1,28613601;0,00000000
-1,28113601;0,00000000
-1,27613601;0,00000000
-1,27113601;0,00000000
-1,26613602;0,00000000
-1,26113602;-0,46598175
-1,25613602;0,46598175
-1,25113602;0,00000000
-1,24613602;0,00000000
-1,24113602;-0,46598175
-1,23613602;0,46598175
-1,23113602;0,46598175
-1,22613602;0,46598175
-1,22113602;0,93196350
-1,21613602;0,46598175
-1,21113602;0,00000000
-1,20613602;0,00000000
-1,20113602;0,00000000
-1,19613602;0,46598175
-1,19113602;0,46598175
-1,18613602;0,00000000
-1,18113602;0,46598175
-1,17613602;-0,46598175
-1,17113602;0,00000000
-1,16613602;0,46598175
-1,16113602;0,46598175
-1,15613602;-0,93196350
-1,15113602;0,46598175
-1,14613602;-0,93196350
-1,14113602;0,46598175
-1,13613602;0,00000000
-1,13113602;0,46598175
-1,12613602;0,00000000
-1,12113602;0,00000000
-1,11613602;0,46598175
-1,11113602;0,46598175
-1,10613602;0,00000000
-1,10113602;0,00000000
-1,09613602;-0,46598175
-1,09113602;0,00000000
-1,08613602;0,00000000
-1,08113602;0,46598175
-1,07613602;-0,46598175
-1,07113602;0,93196350
-1,06613602;0,46598175
-1,06113602;1,39948320
-1,05613602;-0,46598175
-1,05113602;0,00000000
-1,04613602;-0,46598175
-1,04113602;0,00000000
-1,03613602;0,46598175
-1,03113602;0,46598175
-1,02613602;0,46598175
-1,02113602;0,00000000
-1,01613602;0,00000000
-1,01113602;0,00000000
-1,00613602;0,00000000
-1,00113602;0,00000000
-0,99613602;0,00000000
-0,99113602;0,46598175
-0,98613602;-0,46598175
-0,98113602;0,00000000
-0,97613602;0,46598175
-0,97113602;0,46598175
-0,96613602;0,46598175
-0,96113602;0,00000000
-0,95613602;0,00000000
-0,95113602;0,46598175
-0,94613602;0,00000000
-0,94113602;0,46598175
-0,93613602;0,46598175
-0,93113602;0,00000000
-0,92613602;0,00000000
-0,92113602;0,46598175
-0,91613602;0,46598175
-0,91113602;0,00000000
-0,90613602;0,46598175
-0,90113602;0,00000000
-0,89613602;0,46598175
-0,89113602;-0,46598175
-0,88613602;0,00000000
-0,88113602;-0,46598175
-0,87613602;-0,93196350
-0,87113603;0,00000000
-0,86613603;0,00000000
-0,86113603;0,00000000
-0,85613603;-0,46598175
-0,85113603;0,46598175
-0,84613603;-0,46598175
-0,84113603;0,46598175
-0,83613603;0,00000000
-0,83113603;-0,46598175
-0,82613603;-0,46598175
-0,82113603;0,46598175
-0,81613603;0,46598175
-0,81113603;0,00000000
-0,80613603;0,00000000
-0,80113603;0,00000000
-0,79613603;0,46598175
-0,79113603;-0,46598175
-0,78613603;0,00000000
-0,78113603;0,00000000
-0,77613603;0,46598175
-0,77113603;-0,46598175
-0,76613603;-0,46598175
-0,76113603;0,00000000
-0,75613603;0,46598175
-0,75113603;0,00000000
-0,74613603;-0,46598175
-0,74113603;0,46598175
-0,73613603;-0,46598175
-0,73113603;-0,93196350
-0,72613603;-0,46598175
-0,72113603;0,46598175
-0,71613603;0,46598175
-0,71113603;0,00000000
-0,70613603;0,00000000
-0,70113603;0,93196350
-0,69613603;-0,46598175
-0,69113603;0,00000000
-0,68613603;0,46598175
-0,68113603;0,93196350
-0,67613603;0,00000000
-0,67113603;0,46598175
-0,66613603;0,00000000
-0,66113603;1,39948320
-0,65613603;0,46598175
-0,65113603;0,46598175
-0,64613603;-0,46598175
-0,64113603;-0,46598175
-0,63613603;0,46598175
-0,63113603;-0,93196350
-0,62613603;0,00000000
-0,62113603;-0,46598175
-0,61613603;0,00000000
-0,61113603;0,00000000
-0,60613603;0,46598175
-0,60113603;0,00000000
-0,59613603;0,46598175
-0,59113603;0,93196350
-0,58613603;-0,46598175
-0,58113603;-0,46598175
-0,57613603;0,93196350
-0,57113603;0,00000000
-0,56613603;0,00000000
-0,56113603;0,00000000
-0,55613603;0,46598175
-0,55113603;0,46598175
-0,54613603;-0,46598175
-0,54113603;0,00000000
-0,53613603;0,46598175
-0,53113603;-1,86546493
-0,52613603;0,46598175
-0,52113603;0,00000000
-0,51613603;0,00000000
-0,51113603;0,00000000
-0,50613603;0,00000000
-0,50113603;0,93196350
-0,49613603;0,46598175
-0,49113603;0,00000000
-0,48613603;0,00000000
-0,48113603;0,93196350
-0,47613604;-1,39948320
-0,47113604;0,46598175
-0,46613604;0,00000000
-0,46113604;0,46598175
-0,45613604;0,93196350
-0,45113604;0,93196350
-0,44613604;0,46598175
-0,44113604;0,46598175
-0,43613604;-0,46598175
-0,43113604;0,46598175
-0,42613604;0,00000000
-0,42113604;-0,46598175
-0,41613604;0,46598175
-0,41113604;0,00000000
-0,40613604;0,46598175
-0,40113604;0,00000000
-0,39613604;0,00000000
-0,39113604;0,46598175
-0,38613604;0,93196350
-0,38113604;0,46598175
-0,37613604;0,46598175
-0,37113604;0,00000000
-0,36613604;-0,93196350
-0,36113604;0,46598175
-0,35613604;0,00000000
-0,35113604;0,00000000
-0,34613604;-0,46598175
-0,34113604;0,46598175
-0,33613604;0,00000000
-0,33113604;0,00000000
-0,32613604;-0,46598175
-0,32113604;0,00000000
-0,31613604;0,46598175
-0,31113604;0,00000000
-0,30613604;0,00000000
-0,30113604;0,00000000
-0,29613604;0,00000000
-0,29113604;0,93196350
-0,28613604;0,93196350
-0,28113604;0,93196350
-0,27613604;-0,93196350
-0,27113604;0,93196350
-0,26613604;0,00000000
-0,26113604;0,00000000
-0,25613604;-0,46598175
-0,25113604;0,46598175
-0,24613604;0,00000000
-0,24113604;0,00000000
-0,23613604;0,46598175
-0,23113604;-0,46598175
-0,22613604;0,00000000
-0,22113604;0,00000000
-0,21613604;-0,46598175
-0,21113604;0,00000000
-0,20613604;0,00000000
-0,20113604;-0,46598175
-0,19613604;-0,46598175
-0,19113604;-0,46598175
-0,18613604;0,00000000
-0,18113604;0,00000000
-0,17613604;0,00000000
-0,17113604;0,00000000
-0,16613604;0,46598175
-0,16113604;0,46598175
-0,15613604;-0,46598175
-0,15113604;0,00000000
-0,14613604;0,00000000
-0,14113604;-0,46598175
-0,13613604;0,00000000
-0,13113604;0,00000000
-0,12613604;0,00000000
-0,12113604;-0,46598175
-0,11613604;0,00000000
-0,11113604;0,00000000
-0,10613604;-0,46598175
-0,10113604;0,46598175
-0,09613604;0,93196350
-0,09113604;-0,46598175
-0,08613604;-0,46598175
-0,08113604;0,46598175
-0,07613605;0,93196350
-0,07113605;0,46598175
-0,06613605;0,46598175
-0,06113605;0,00000000
-0,05613605;-0,93196350
-0,05113605;0,00000000
-0,04613605;-0,93196350
-0,04113605;0,00000000
-0,03613605;-0,93196350
-0,03113605;0,00000000
-0,02613605;0,00000000
-0,02113605;0,46598175
-0,01613605;0,93196350
-0,01113605;0,00000000
-0,00613605;1,86546493
-0,00113605;0,00000000
0,00386395;10,26697731
0,00886395;-0,46598175
0,01386395;0,46598175
0,01886395;0,93196350
0,02386395;0,00000000
0,02886395;0,00000000
0,03386395;-0,46598175
0,03886395;-0,46598175
0,04386395;-0,46598175
0,04886395;0,46598175
0,05386395;-0,46598175
0,05886395;-0,46598175
0,06386395;0,00000000
0,06886395;0,00000000
0,07386395;0,93196350
0,07886395;0,93196350
0,08386395;0,46598175
0,08886395;0,46598175
0,09386395;0,00000000
0,09886395;0,00000000
0,10386395;0,93196350
0,10886395;0,00000000
0,11386395;0,46598175
0,11886395;0,46598175
0,12386395;0,00000000
0,12886395;0,00000000
0,13386395;0,46598175
0,13886395;0,46598175
0,14386395;0,46598175
0,14886395;-0,46598175
0,15386395;0,46598175
0,15886395;0,46598175
0,16386395;0,00000000
0,16886395;0,00000000
0,17386395;0,93196350
0,17886395;0,46598175
0,18386395;0,46598175
0,18886395;0,00000000
0,19386395;0,46598175
0,19886395;0,46598175
0,20386395;-0,93196350
0,20886395;0,00000000
0,21386395;0,93196350
0,21886395;0,93196350
0,22386395;0,00000000
0,22886395;-0,46598175
0,23386395;0,46598175
0,23886395;0,46598175
0,24386395;0,93196350
0,24886395;0,46598175
0,25386395;0,00000000
0,25886395;-0,46598175
0,26386395;0,00000000
0,26886395;0,46598175
0,27386395;0,46598175
0,27886395;-0,46598175
0,28386395;0,00000000
0,28886395;0,00000000
0,29386395;0,00000000
0,29886395;0,00000000
0,30386395;0,00000000
0,30886395;0,00000000
0,31386395;0,00000000
0,31886394;0,00000000
0,32386394;-1,86546493
0,32886394;0,00000000
0,33386394;1,39948320
0,33886394;0,93196350
0,34386394;-0,93196350
0,34886394;0,46598175
0,35386394;0,93196350
0,35886394;0,46598175
0,36386394;-0,46598175
0,36886394;0,46598175
0,37386394;0,46598175
0,37886394;0,46598175
0,38386394;0,00000000
0,38886394;0,93196350
0,39386394;-0,46598175
0,39886394;0,46598175
0,40386394;0,00000000
0,40886394;1,39948320
0,41386394;-0,46598175
0,41886394;0,00000000
0,42386394;0,00000000
0,42886394;0,46598175
0,43386394;0,46598175
0,43886394;0,00000000
0,44386394;0,46598175
0,44886394;0,46598175
0,45386394;0,46598175
0,45886394;0,00000000
0,46386394;0,00000000
0,46886394;0,00000000
0,47386394;-0,46598175
0,47886394;0,00000000
0,48386394;0,00000000
0,48886394;0,46598175
0,49386394;0,46598175
0,49886394;0,00000000
0,50386394;0,00000000
0,50886394;0,00000000
0,51386394;0,46598175
0,51886394;0,46598175
0,52386394;0,46598175
0,52886394;0,46598175
0,53386394;1,39948320
0,53886394;0,46598175
0,54386394;0,46598175
0,54886394;0,46598175
0,55386394;0,00000000
0,55886394;0,46598175
0,56386394;0,46598175
0,56886394;0,46598175
0,57386394;0,00000000
0,57886394;0,00000000
0,58386394;0,00000000
0,58886394;0,00000000
0,59386394;0,00000000
0,59886394;1,39948320
0,60386394;0,00000000
0,60886394;0,00000000
0,61386394;0,00000000
0,61886394;0,00000000
0,62386394;0,00000000
0,62886394;0,00000000
0,63386394;0,00000000
0,63886394;-0,46598175
0,64386394;0,46598175
0,64886394;0,46598175
0,65386394;0,46598175
0,65886394;0,93196350
0,66386394;0,00000000
0,66886394;0,93196350
0,67386394;0,00000000
0,67886394;0,00000000
0,68386394;0,93196350
0,68886394;0,93196350
0,69386394;0,00000000
0,69886394;0,93196350
0,70386394;0,46598175
0,70886394;0,00000000
0,71386393;0,46598175
0,71886393;0,46598175
0,72386393;0,46598175
0,72886393;0,93196350
0,73386393;1,39948320
0,73886393;-0,93196350
0,74386393;-0,46598175
0,74886393;0,93196350
0,75386393;0,93196350
0,75886393;0,00000000
0,76386393;0,46598175
0,76886393;-0,93196350
0,77386393;0,00000000
0,77886393;0,00000000
0,78386393;0,00000000
0,78886393;0,46598175
0,79386393;0,00000000
0,79886393;0,00000000
0,80386393;0,00000000
0,80886393;-0,93196350
0,81386393;0,46598175
0,81886393;0,00000000
0,82386393;0,00000000
0,82886393;-0,46598175
0,83386393;-0,46598175
0,83886393;0,46598175
0,84386393;-0,46598175
0,84886393;0,46598175
0,85386393;0,93196350
0,85886393;0,00000000
0,86386393;-0,46598175
0,86886393;0,00000000
0,87386393;-0,93196350
0,87886393;0,00000000
0,88386393;0,00000000
0,88886393;0,46598175
0,89386393;0,93196350
0,89886393;0,00000000
0,90386393;0,00000000
0,90886393;0,00000000
0,91386393;0,00000000
0,91886393;0,46598175
0,92386393;1,39948320
0,92886393;0,46598175
0,93386393;-0,46598175
0,93886393;-1,39948320
0,94386393;0,46598175
0,94886393;0,00000000
0,95386393;-0,93196350
0,95886393;0,93196350
0,96386393;-0,46598175
0,96886393;0,46598175
0,97386393;0,93196350
0,97886393;0,93196350
0,98386393;0,93196350
0,98886393;0,46598175
0,99386393;0,46598175
0,99886393;0,00000000
1,00386393;-0,93196350
1,00886393;0,00000000
1,01386393;0,93196350
1,01886393;0,00000000
1,02386393;-0,46598175
1,02886393;0,00000000
1,03386393;0,93196350
1,03886393;0,00000000
1,04386393;0,00000000
1,04886393;0,00000000
1,05386393;0,46598175
1,05886393;0,46598175
1,06386393;0,00000000
1,06886393;0,46598175
1,07386393;0,00000000
1,07886393;0,46598175
1,08386393;0,46598175
1,08886393;0,46598175
1,09386393;-0,46598175
1,09886393;0,46598175
1,10386393;0,46598175
1,10886392;0,00000000
1,11386392;-0,93196350
1,11886392;0,00000000
1,12386392;0,93196350
1,12886392;0,46598175
1,13386392;0,46598175
1,13886392;-2,79896641
1,14386392;0,46598175
1,14886392;0,46598175
1,15386392;0,00000000
1,15886392;0,46598175
1,16386392;-0,46598175
1,16886392;0,00000000
1,17386392;0,46598175
1,17886392;0,46598175
1,18386392;0,46598175
1,18886392;0,00000000
1,19386392;0,00000000
1,19886392;0,93196350
1,20386392;0,00000000
1,20886392;0,93196350
1,21386392;0,00000000
1,21886392;0,00000000
1,22386392;0,46598175
1,22886392;0,46598175
1,23386392;1,39948320
1,23886392;0,93196350
1,24386392;0,46598175
1,24886392;0,46598175
1,25386392;-0,46598175
1,25886392;0,46598175
1,26386392;0,00000000
1,26886392;0,00000000
1,27386392;0,00000000
1,27886392;-0,93196350
1,28386392;0,00000000
1,28886392;0,00000000
1,29386392;0,00000000
1,29886392;0,46598175
1,30386392;0,93196350
1,30886392;0,00000000
1,31386392;0,00000000
1,31886392;0,00000000
1,32386392;0,46598175
1,32886392;0,00000000
1,33386392;0,00000000
1,33886392;0,00000000
1,34386392;0,00000000
1,34886392;0,00000000
1,35386392;0,00000000
1,35886392;-0,46598175
1,36386392;-0,46598175
1,36886392;0,00000000
1,37386392;0,00000000
1,37886392;-0,93196350
1,38386392;0,46598175
1,38886392;0,00000000
1,39386392;0,00000000
1,39886392;0,46598175
1,40386392;0,46598175
1,40886392;0,00000000
1,41386392;-0,46598175
1,41886392;0,00000000
1,42386392;0,00000000
1,42886392;0,46598175
1,43386392;0,00000000
1,43886392;0,46598175
1,44386392;0,00000000
1,44886392;0,46598175
1,45386392;2,79896641
1,45886392;-0,46598175
1,46386392;14,93448448
1,46886392;0,46598175
1,47386392;0,00000000
1,47886392;0,00000000
1,48386392;0,00000000
1,48886392;0,46598175
1,49386392;0,00000000
1,49886392;1,39948320
1,50386391;0,00000000
1,50886391;-0,46598175
1,51386391;-0,46598175
1,51886391;0,00000000
1,52386391;0,46598175
1,52886391;0,00000000
1,53386391;0,46598175
1,53886391;1,39948320
1,54386391;-0,46598175
1,54886391;0,00000000
1,55386391;-1,39948320
1,55886391;0,46598175
1,56386391;-0,46598175
1,56886391;-1,39948320
1,57386391;0,00000000
1,57886391;-0,46598175
1,58386391;-0,46598175
1,58886391;-0,46598175
1,59386391;0,46598175
1,59886391;0,93196350
1,60386391;0,00000000
1,60886391;0,00000000
1,61386391;0,46598175
1,61886391;0,46598175
1,62386391;-0,46598175
1,62886391;0,00000000
1,63386391;-0,46598175
1,63886391;1,86546493
1,64386391;0,00000000
1,64886391;0,00000000
1,65386391;-0,46598175
1,65886391;0,46598175
1,66386391;0,93196350
1,66886391;0,00000000
1,67386391;0,00000000
1,67886391;0,00000000
1,68386391;0,00000000
1,68886391;0,46598175
1,69386391;-0,46598175
1,69886391;-0,93196350
1,70386391;0,00000000
1,70886391;-0,46598175
1,71386391;-0,46598175
1,71886391;0,46598175
1,72386391;-0,46598175
1,72886391;0,00000000
1,73386391;-0,46598175
1,73886391;-0,93196350
1,74386391;0,00000000
1,74886391;-0,93196350
1,75386391;0,00000000
1,75886391;0,46598175
1,76386391;0,00000000
1,76886391;0,00000000
1,77386391;0,46598175
1,77886391;0,00000000
1,78386391;0,46598175
1,78886391;1,39948320
1,79386391;0,00000000
1,79886391;-0,46598175
1,80386391;0,00000000
1,80886391;-1,39948320
1,81386391;0,00000000
1,81886391;0,46598175
1,82386391;0,00000000
1,82886391;0,00000000
1,83386391;0,00000000
1,83886391;0,00000000
1,84386391;-0,46598175
1,84886391;0,00000000
1,85386391;0,00000000
1,85886391;0,93196350
1,86386391;-0,46598175
1,86886391;0,93196350
1,87386391;0,00000000
1,87886391;-0,46598175
1,88386391;0,00000000
1,88886391;-0,46598175
1,89386391;0,00000000
1,89886390;0,00000000
1,90386390;0,46598175
1,90886390;0,46598175
1,91386390;0,00000000
1,91886390;0,00000000
1,92386390;0,00000000
1,92886390;-1,39948320
1,93386390;-0,46598175
1,93886390;-0,93196350
1,94386390;-0,93196350
1,94886390;0,00000000
1,95386390;0,46598175
1,95886390;0,46598175
1,96386390;0,00000000
1,96886390;0,00000000
1,97386390;0,00000000
1,97886390;0,46598175
1,98386390;-0,46598175
1,98886390;0,46598175
1,99386390;0,00000000
1,99886390;0,00000000
2,00386390;0,00000000
2,00886390;0,00000000
2,01386390;0,93196350
2,01886390;0,46598175
2,02386390;-0,46598175
2,02886390;0,46598175
2,03386390;0,93196350
2,03886390;0,00000000
2,04386390;-0,46598175
2,04886390;0,00000000
2,05386390;0,00000000
2,05886390;-0,46598175
2,06386390;0,46598175
2,06886390;0,00000000
2,07386390;0,46598175
2,07886390;-0,46598175
2,08386390;0,00000000
2,08886390;0,93196350
2,09386390;0,00000000
2,09886390;0,00000000
2,10386390;0,00000000
2,10886390;0,00000000
2,11386390;0,00000000
2,11886390;-0,46598175
2,12386390;0,00000000
2,12886390;0,93196350
2,13386390;0,46598175
2,13886390;0,00000000
2,14386390;0,93196350
2,14886390;0,46598175
2,15386390;2,79896641
2,15886390;0,00000000
2,16386390;-0,46598175
2,16886390;0,00000000
2,17386390;0,00000000
2,17886390;0,00000000
2,18386390;0,00000000
2,18886390;-0,46598175
2,19386390;0,46598175
2,19886390;0,46598175
2,20386390;0,46598175
2,20886390;0,46598175
2,21386390;-0,46598175
2,21886390;0,00000000
2,22386390;-0,46598175
2,22886390;0,46598175
2,23386390;0,46598175
2,23886390;-0,93196350
2,24386390;0,00000000
2,24886390;0,46598175
2,25386390;0,93196350
2,25886390;0,00000000
2,26386390;0,46598175
2,26886390;0,46598175
2,27386390;0,00000000
2,27886390;0,46598175
2,28386390;0,00000000
2,28886390;0,93196350
2,29386390;0,00000000
2,29886389;-0,46598175
2,30386389;0,46598175
2,30886389;0,93196350
2,31386389;-0,46598175
2,31886389;0,00000000
2,32386389;0,00000000
2,32886389;0,46598175
2,33386389;0,00000000
2,33886389;2,33298445
2,34386389;0,00000000
2,34886389;0,00000000
2,35386389;0,00000000
2,35886389;0,46598175
2,36386389;0,93196350
2,36886389;0,93196350
2,37386389;-2,33298445
2,37886389;-0,46598175
2,38386389;0,00000000
2,38886389;0,46598175
2,39386389;0,93196350
2,39886389;0,00000000
2,40386389;0,00000000
2,40886389;-0,46598175
2,41386389;0,46598175
2,41886389;0,46598175
2,42386389;0,00000000
2,42886389;0,46598175
2,43386389;0,00000000
2,43886389;0,46598175
2,44386389;0,46598175
2,44886389;0,93196350
2,45386389;0,00000000
2,45886389;0,46598175
2,46386389;0,46598175
2,46886389;0,46598175
2,47386389;0,00000000
2,47886389;0,00000000
2,48386389;-0,46598175
2,48886389;0,46598175
2,49386389;0,00000000
2,49886389;-0,46598175
2,50386389;0,00000000
2,50886389;0,00000000
2,51386389;0,93196350
2,51886389;0,46598175
2,52386389;0,46598175
2,52886389;0,00000000
2,53386389;-0,46598175
2,53886389;-0,93196350
2,54386389;0,00000000
2,54886389;0,00000000
2,55386389;-0,46598175
2,55886389;0,00000000
2,56386389;0,00000000
2,56886389;0,93196350
2,57386389;0,00000000
2,57886389;0,00000000
2,58386389;-0,46598175
2,58886389;-0,93196350
2,59386389;0,46598175
2,59886389;0,46598175
2,60386389;-0,46598175
2,60886389;0,00000000
2,61386389;0,93196350
2,61886389;0,93196350
2,62386389;0,00000000
2,62886389;0,46598175
2,63386389;-0,46598175
2,63886389;0,00000000
2,64386389;0,46598175
2,64886389;0,00000000
2,65386389;0,00000000
2,65886389;0,46598175
2,66386389;0,46598175
2,66886389;0,00000000
2,67386389;-0,46598175
2,67886389;0,00000000
2,68386389;0,00000000
2,68886389;0,00000000
2,69386388;0,00000000
2,69886388;0,46598175
2,70386388;-0,46598175
2,70886388;0,46598175
2,71386388;0,00000000
2,71886388;0,93196350
2,72386388;0,46598175
2,72886388;0,00000000
2,73386388;0,46598175
2,73886388;1,39948320
2,74386388;0,46598175
2,74886388;0,93196350
2,75386388;-0,93196350
2,75886388;-0,46598175
2,76386388;-0,93196350
2,76886388;-0,46598175
2,77386388;0,00000000
2,77886388;0,93196350
2,78386388;0,46598175
2,78886388;0,46598175
2,79386388;0,46598175
2,79886388;0,00000000
2,80386388;-0,46598175
2,80886388;0,46598175
2,81386388;0,00000000
2,81886388;0,46598175
2,82386388;0,46598175
2,82886388;-0,46598175
2,83386388;0,46598175
2,83886388;0,46598175
2,84386388;0,93196350
2,84886388;0,00000000
2,85386388;0,93196350
2,85886388;0,46598175
2,86386388;-0,46598175
2,86886388;0,00000000
2,87386388;-0,46598175
2,87886388;0,00000000
2,88386388;0,93196350
2,88886388;0,46598175
2,89386388;0,46598175
2,89886388;0,46598175
2,90386388;0,46598175
2,90886388;-0,46598175
2,91386388;0,46598175
2,91886388;0,46598175
2,92386388;0,00000000
2,92886388;0,00000000
2,93386388;0,00000000
2,93886388;0,00000000
2,94386388;0,46598175
2,94886388;0,00000000
2,95386388;-1,39948320
2,95886388;0,00000000
2,96386388;0,00000000
2,96886388;0,00000000
2,97386388;0,00000000
2,97886388;0,00000000
2,98386388;5,13348866
2,98886388;-0,46598175
2,99386388;0,00000000
2,99886388;0,00000000
3,00386388;0,46598175
3,00886388;0,00000000
3,01386388;0,00000000
3,01886388;0,46598175
3,02386388;0,00000000
3,02886388;0,46598175
3,03386388;0,00000000
3,03886388;0,00000000
3,04386388;0,00000000
3,04886388;1,39948320
3,05386388;0,00000000
3,05886388;0,00000000
3,06386388;-0,46598175
3,06886388;0,00000000
3,07386388;0,00000000
3,07886388;0,00000000
3,08386388;-0,93196350
3,08886387;0,46598175
3,09386387;0,46598175
3,09886387;0,46598175
3,10386387;0,00000000
3,10886387;0,46598175
3,11386387;0,46598175
3,11886387;0,00000000
3,12386387;0,00000000
3,12886387;0,00000000
3,13386387;0,00000000
3,13886387;0,93196350
3,14386387;-0,46598175
3,14886387;-0,46598175
3,15386387;0,00000000
3,15886387;0,00000000
3,16386387;0,46598175
3,16886387;-0,46598175
3,17386387;0,00000000
3,17886387;0,93196350
3,18386387;0,46598175
3,18886387;0,46598175
3,19386387;-0,46598175
3,19886387;0,00000000
3,20386387;-0,46598175
3,20886387;0,46598175
3,21386387;0,00000000
3,21886387;0,46598175
3,22386387;0,46598175
3,22886387;0,46598175
3,23386387;0,93196350
3,23886387;0,00000000
3,24386387;0,00000000
3,24886387;0,93196350
3,25386387;0,00000000
3,25886387;-0,46598175
3,26386387;-0,46598175
3,26886387;1,39948320
3,27386387;0,46598175
3,27886387;0,93196350
3,28386387;0,00000000
3,28886387;0,46598175
3,29386387;0,00000000
3,29886387;0,46598175
3,30386387;0,00000000
3,30886387;0,46598175
3,31386387;-0,46598175
3,31886387;0,46598175
3,32386387;0,00000000
3,32886387;0,93196350
3,33386387;0,46598175
3,33886387;-1,39948320
3,34386387;1,39948320
3,34886387;0,46598175
3,35386387;-0,46598175
3,35886387;-0,46598175
3,36386387;0,93196350
3,36886387;0,93196350
3,37386387;-0,46598175
3,37886387;0,00000000
3,38386387;-0,46598175
3,38886387;0,46598175
3,39386387;0,46598175
3,39886387;-0,93196350
3,40386387;0,00000000
3,40886387;0,00000000
3,41386387;0,93196350
3,41886387;0,00000000
3,42386387;-0,93196350
3,42886387;0,46598175
3,43386387;0,00000000
3,43886387;0,93196350
3,44386387;0,93196350
3,44886387;0,46598175
3,45386387;0,00000000
3,45886387;0,00000000
3,46386387;0,00000000
3,46886387;0,46598175
3,47386387;0,93196350
3,47886387;0,46598175
3,48386386;0,46598175
3,48886386;0,46598175
3,49386386;0,00000000
3,49886386;0,00000000
3,50386386;-0,46598175
3,50886386;0,00000000
3,51386386;0,93196350
3,51886386;0,93196350
3,52386386;-0,46598175
3,52886386;-0,46598175
3,53386386;0,00000000
3,53886386;1,39948320
3,54386386;-0,46598175
3,54886386;0,46598175
3,55386386;0,93196350
3,55886386;0,93196350
3,56386386;0,00000000
3,56886386;-0,93196350
3,57386386;0,00000000
3,57886386;-0,46598175
3,58386386;-0,46598175
3,58886386;0,46598175
3,59386386;0,00000000
3,59886386;0,46598175
3,60386386;0,00000000
3,60886386;0,00000000
3,61386386;0,46598175
3,61886386;0,46598175
3,62386386;0,46598175
3,62886386;0,00000000
3,63386386;0,46598175
3,63886386;0,93196350
3,64386386;-0,46598175
3,64886386;0,46598175
3,65386386;0,46598175
3,65886386;0,00000000
3,66386386;-0,46598175
3,66886386;-0,93196350
3,67386386;0,00000000
3,67886386;0,46598175
3,68386386;0,00000000
3,68886386;0,00000000
3,69386386;0,46598175
3,69886386;0,00000000
3,70386386;0,00000000
3,70886386;0,00000000
3,71386386;0,46598175
3,71886386;0,00000000
3,72386386;0,00000000
3,72886386;0,00000000
3,73386386;0,46598175
3,73886386;2,33298445
3,74386386;0,93196350
3,74886386;0,46598175
3,75386386;-1,39948320
3,75886386;0,46598175
3,76386386;0,00000000
3,76886386;0,93196350
3,77386386;0,00000000
3,77886386;0,46598175
3,78386386;0,93196350
3,78886386;0,00000000
3,79386386;0,93196350
3,79886386;0,00000000
3,80386386;0,93196350
3,80886386;0,46598175
3,81386386;0,00000000
3,81886386;0,93196350
3,82386386;0,46598175
3,82886386;0,00000000
3,83386386;0,00000000
3,83886386;0,00000000
3,84386386;0,00000000
3,84886386;0,00000000
3,85386386;0,46598175
3,85886386;0,46598175
3,86386386;0,93196350
3,86886386;-0,46598175
3,87386386;0,46598175
3,87886385;0,93196350
3,88386385;0,00000000
3,88886385;0,00000000
3,89386385;0,46598175
3,89886385;0,93196350
3,90386385;0,00000000
3,90886385;-0,46598175
3,91386385;0,46598175
3,91886385;0,00000000
3,92386385;-0,46598175
3,92886385;0,00000000
3,93386385;0,93196350
3,93886385;0,00000000
3,94386385;0,00000000
3,94886385;0,00000000
3,95386385;0,93196350
3,95886385;1,86546493
3,96386385;0,00000000
3,96886385;-1,39948320
3,97386385;0,00000000
3,97886385;0,46598175
3,98386385;0,00000000
3,98886385;0,00000000
3,99386385;0,46598175
3,99886385;0,46598175
4,00386385;0,00000000
4,00886385;1,39948320
4,01386385;0,93196350
4,01886385;0,93196350
4,02386385;0,00000000
4,02886385;0,00000000
4,03386385;0,00000000
4,03886385;0,00000000
4,04386385;-0,93196350
4,04886385;0,00000000
4,05386385;0,00000000
4,05886385;0,93196350
4,06386385;-1,39948320
4,06886385;0,93196350
4,07386385;0,00000000
4,07886385;0,46598175
4,08386385;-0,46598175
4,08886385;0,46598175
4,09386385;-0,93196350
4,09886385;-0,93196350
4,10386385;0,46598175
4,10886385;0,00000000
4,11386385;0,00000000
4,11886385;0,00000000
4,12386385;0,46598175
4,12886385;0,46598175
4,13386385;0,00000000
4,13886385;0,93196350
4,14386385;0,00000000
4,14886385;-0,46598175
4,15386385;-1,86546493
4,15886385;0,46598175
4,16386385;0,00000000
4,16886385;0,00000000
4,17386385;-0,46598175
4,17886385;0,00000000
4,18386385;0,00000000
4,18886385;-0,46598175
4,19386385;0,00000000
4,19886385;0,46598175
4,20386385;0,46598175
4,20886385;0,93196350
4,21386385;0,00000000
4,21886385;0,00000000
4,22386385;0,46598175
4,22886385;0,46598175
4,23386385;0,00000000
4,23886385;-0,46598175
4,24386385;0,46598175
4,24886385;-0,46598175
4,25386385;-0,46598175
4,25886385;-0,93196350
4,26386385;-0,46598175
4,26886385;0,00000000
4,27386384;0,46598175
4,27886384;0,93196350
4,28386384;-0,46598175
4,28886384;0,00000000
4,29386384;0,00000000
4,29886384;0,93196350
4,30386384;1,39948320
4,30886384;0,46598175
4,31386384;0,00000000
4,31886384;0,46598175
4,32386384;0,00000000
4,32886384;0,46598175
4,33386384;0,00000000
4,33886384;0,46598175
4,34386384;0,46598175
4,34886384;-0,46598175
4,35386384;1,86546493
4,35886384;-0,46598175
4,36386384;0,00000000
4,36886384;0,46598175
4,37386384;0,93196350
4,37886384;-0,93196350
4,38386384;0,46598175
4,38886384;0,00000000
4,39386384;0,00000000
4,39886384;-0,46598175
4,40386384;0,00000000
4,40886384;1,86546493
4,41386384;0,00000000
4,41886384;0,00000000
4,42386384;0,46598175
4,42886384;0,00000000
4,43386384;0,00000000
4,43886384;0,00000000
4,44386384;-0,93196350
4,44886384;0,00000000
4,45386384;0,00000000
4,45886384;-0,46598175
4,46386384;-0,46598175
4,46886384;0,00000000
4,47386384;-0,93196350
4,47886384;-3,73246789
4,48386384;-0,46598175
4,48886384;0,46598175
4,49386384;0,46598175
4,49886384;0,93196350
4,50386384;-0,93196350
4,50886384;-0,46598175
4,51386384;1,39948320
4,51886384;0,46598175
4,52386384;0,00000000
4,52886384;-0,46598175
4,53386384;0,46598175
4,53886384;0,93196350
4,54386384;0,00000000
4,54886384;-0,93196350
4,55386384;0,00000000
4,55886384;0,46598175
4,56386384;0,93196350
4,56886384;0,46598175
4,57386384;0,00000000
4,57886384;-0,46598175
4,58386384;-2,33298445
4,58886384;0,46598175
4,59386384;0,46598175
4,59886384;0,46598175
4,60386384;0,46598175
4,60886384;0,00000000
4,61386384;-0,46598175
4,61886384;3,26648593
4,62386384;0,46598175
4,62886384;0,00000000
4,63386384;0,46598175
4,63886384;0,00000000
4,64386384;-0,93196350
4,64886384;0,46598175
4,65386384;-0,93196350
4,65886384;-0,46598175
4,66386384;0,00000000
4,66886384;-0,46598175
4,67386383;-0,93196350
4,67886383;-0,46598175
4,68386383;-0,46598175
4,68886383;0,46598175
4,69386383;0,00000000
4,69886383;0,46598175
4,70386383;0,00000000
4,70886383;0,00000000
4,71386383;-0,46598175
4,71886383;0,46598175
4,72386383;0,46598175
4,72886383;0,00000000
4,73386383;0,00000000
4,73886383;0,00000000
4,74386383;0,00000000
4,74886383;0,46598175
4,75386383;0,00000000
4,75886383;0,46598175
4,76386383;-0,46598175
4,76886383;0,00000000
4,77386383;0,00000000
4,77886383;0,93196350
4,78386383;0,46598175
4,78886383;0,46598175
4,79386383;0,00000000
4,79886383;0,46598175
4,80386383;-0,46598175
4,80886383;0,00000000
4,81386383;0,93196350
4,81886383;0,93196350
4,82386383;0,00000000
4,82886383;0,00000000
4,83386383;0,46598175
4,83886383;0,46598175
4,84386383;0,00000000
4,84886383;-0,46598175
4,85386383;0,46598175
4,85886383;0,00000000
4,86386383;-0,93196350
4,86886383;0,93196350
4,87386383;0,46598175
4,87886383;0,46598175
4,88386383;0,00000000
4,88886383;0,46598175
4,89386383;0,00000000
4,89886383;0,46598175
4,90386383;-0,46598175
4,90886383;0,00000000
4,91386383;0,00000000
4,91886383;0,46598175
4,92386383;-0,93196350
4,92886383;0,46598175
4,93386383;0,93196350
4,93886383;0,00000000
4,94386383;0,00000000
4,94886383;0,46598175
4,95386383;0,93196350
4,95886383;-0,46598175
4,96386383;0,00000000
4,96886383;-0,93196350
4,97386383;0,00000000
4,97886383;0,00000000
4,98386383;-0,46598175
4,98886383;0,46598175
4,99386383;0,46598175
4,99886383;0,00000000
5,00386383;-0,46598175
5,00886383;0,00000000
5,01386383;0,46598175
5,01886383;0,46598175
5,02386383;0,46598175
5,02886383;0,46598175
5,03386383;0,46598175
5,03886383;0,00000000
5,04386383;-0,93196350
5,04886383;-0,46598175
5,05386383;-0,46598175
5,05886383;-0,46598175
5,06386383;0,00000000
5,06886382;0,00000000
5,07386382;0,46598175
5,07886382;0,46598175
5,08386382;0,46598175
5,08886382;0,00000000
5,09386382;0,00000000
5,09886382;0,46598175
5,10386382;0,46598175
5,10886382;0,46598175
5,11386382;0,46598175
5,11886382;0,00000000
5,12386382;0,00000000
5,12886382;0,93196350
5,13386382;-0,93196350
5,13886382;0,93196350
5,14386382;-0,46598175
5,14886382;0,46598175
5,15386382;0,93196350
5,15886382;0,46598175
5,16386382;0,00000000
5,16886382;-0,46598175
5,17386382;0,00000000
5,17886382;0,93196350
5,18386382;0,46598175
5,18886382;0,00000000
5,19386382;0,00000000
5,19886382;-0,46598175
5,20386382;-0,46598175
5,20886382;0,00000000
5,21386382;-0,46598175
5,21886382;0,46598175
5,22386382;0,00000000
5,22886382;0,00000000
5,23386382;0,46598175
5,23886382;0,00000000
5,24386382;-0,46598175
5,24886382;-1,39948320
5,25386382;-0,93196350
5,25886382;0,00000000
5,26386382;-0,46598175
5,26886382;0,46598175
5,27386382;0,00000000
5,27886382;0,00000000
5,28386382;0,00000000
5,28886382;2,33298445
5,29386382;0,46598175
5,29886382;0,00000000
5,30386382;-0,46598175
5,30886382;0,00000000
5,31386382;0,00000000
5,31886382;0,93196350
5,32386382;0,46598175
5,32886382;0,00000000
5,33386382;0,00000000
5,33886382;0,00000000
5,34386382;0,46598175
5,34886382;0,00000000
5,35386382;0,00000000
5,35886382;-0,46598175
5,36386382;0,00000000
5,36886382;1,86546493
5,37386382;0,00000000
5,37886382;0,46598175
5,38386382;-1,86546493
5,38886382;0,93196350
5,39386382;0,00000000
5,39886382;0,00000000
5,40386382;-0,46598175
5,40886382;0,00000000
5,41386382;0,00000000
5,41886382;0,46598175
5,42386382;0,46598175
5,42886382;0,46598175
5,43386382;0,00000000
5,43886382;-0,93196350
5,44386382;-0,46598175
5,44886382;0,46598175
5,45386382;0,46598175
5,45886382;0,00000000
5,46386381;0,46598175
5,46886381;0,00000000
5,47386381;0,00000000
5,47886381;0,46598175
5,48386381;0,00000000
5,48886381;-0,46598175
5,49386381;0,00000000
5,49886381;0,93196350
5,50386381;-0,93196350
5,50886381;0,00000000
5,51386381;0,46598175
5,51886381;0,00000000
5,52386381;-0,93196350
5,52886381;0,93196350
5,53386381;-0,46598175
5,53886381;-0,93196350
5,54386381;0,46598175
5,54886381;0,46598175
5,55386381;1,39948320
5,55886381;0,00000000
5,56386381;0,00000000
5,56886381;0,00000000
5,57386381;0,46598175
5,57886381;0,93196350
5,58386381;-0,46598175
5,58886381;0,00000000
5,59386381;-0,46598175
5,59886381;0,93196350
5,60386381;0,46598175
5,60886381;0,46598175
5,61386381;0,00000000
5,61886381;0,46598175
5,62386381;0,46598175
5,62886381;0,00000000
5,63386381;-0,46598175
5,63886381;0,00000000
5,64386381;0,46598175
5,64886381;0,00000000
5,65386381;1,39948320
5,65886381;0,93196350
5,66386381;-0,46598175
5,66886381;0,46598175
5,67386381;0,00000000
5,67886381;0,46598175
5,68386381;0,00000000
5,68886381;0,00000000
5,69386381;0,00000000
5,69886381;0,00000000
5,70386381;1,39948320
5,70886381;0,00000000
5,71386381;0,00000000
5,71886381;0,46598175
5,72386381;0,93196350
5,72886381;0,46598175
5,73386381;0,46598175
5,73886381;0,00000000
5,74386381;0,00000000
5,74886381;0,00000000
5,75386381;0,93196350
5,75886381;0,00000000
5,76386381;-0,46598175
5,76886381;1,39948320
5,77386381;-0,93196350
5,77886381;0,46598175
5,78386381;0,00000000
5,78886381;-0,93196350
5,79386381;0,46598175
5,79886381;0,46598175
5,80386381;0,46598175
5,80886381;0,93196350
5,81386381;0,46598175
5,81886381;0,46598175
5,82386381;0,00000000
5,82886381;0,00000000
5,83386381;0,00000000
5,83886381;0,00000000
5,84386381;0,46598175
5,84886381;0,46598175
5,85386381;0,46598175
5,85886380;0,00000000
5,86386380;7,93399334
5,86886380;0,00000000
5,87386380;0,46598175
5,87886380;0,00000000
5,88386380;0,00000000
5,88886380;0,46598175
5,89386380;-0,46598175
5,89886380;-1,39948320
5,90386380;0,00000000
5,90886380;0,00000000
5,91386380;0,46598175
5,91886380;0,46598175
5,92386380;0,00000000
5,92886380;0,00000000
5,93386380;0,46598175
5,93886380;0,00000000
5,94386380;-0,93196350
5,94886380;0,00000000
5,95386380;0,00000000
5,95886380;0,93196350
5,96386380;0,46598175
5,96886380;1,39948320
5,97386380;-0,46598175
5,97886380;0,00000000
5,98386380;0,46598175
5,98886380;1,39948320
5,99386380;0,46598175
5,99886380;-0,46598175
6,00386380;0,46598175
6,00886380;-0,46598175
6,01386380;0,46598175
6,01886380;0,00000000
6,02386380;0,00000000
6,02886380;0,46598175
6,03386380;0,46598175
6,03886380;0,00000000
6,04386380;0,00000000
6,04886380;0,46598175
6,05386380;0,00000000
6,05886380;0,00000000
6,06386380;0,46598175
6,06886380;0,46598175
6,07386380;0,46598175
6,07886380;0,00000000
6,08386380;0,00000000
6,08886380;0,00000000
6,09386380;0,00000000
6,09886380;0,00000000
6,10386380;0,00000000
6,10886380;0,46598175
6,11386380;0,00000000
6,11886380;0,00000000
6,12386380;0,00000000
6,12886380;0,00000000
6,13386380;0,00000000
6,13886380;0,46598175
6,14386380;0,46598175
6,14886380;0,46598175
6,15386380;1,86546493
6,15886380;0,46598175
6,16386380;0,00000000
6,16886380;0,93196350
6,17386380;0,00000000
6,17886380;0,00000000
6,18386380;0,46598175
6,18886380;0,00000000
6,19386380;0,00000000
6,19886380;0,00000000
6,20386380;0,46598175
6,20886380;-0,46598175
6,21386380;0,00000000
6,21886380;0,46598175
6,22386380;0,46598175
6,22886380;0,46598175
6,23386380;0,00000000
6,23886380;0,00000000
6,24386380;-0,46598175
6,24886380;0,93196350
6,25386379;0,00000000
6,25886379;0,93196350
6,26386379;0,00000000
6,26886379;-0,46598175
6,27386379;0,00000000
6,27886379;0,00000000
6,28386379;0,00000000
6,28886379;0,46598175
6,29386379;0,00000000
6,29886379;-0,93196350
6,30386379;-0,46598175
6,30886379;0,46598175
6,31386379;0,46598175
6,31886379;0,00000000
6,32386379;0,00000000
6,32886379;0,00000000
6,33386379;0,00000000
6,33886379;0,00000000
6,34386379;0,00000000
6,34886379;0,00000000
6,35386379;0,00000000
6,35886379;0,00000000
6,36386379;-1,39948320
6,36886379;0,46598175
6,37386379;1,39948320
6,37886379;0,46598175
6,38386379;0,46598175
6,38886379;0,46598175
6,39386379;0,00000000
6,39886379;0,00000000
6,40386379;0,46598175
6,40886379;0,46598175
6,41386379;0,46598175
6,41886379;0,93196350
6,42386379;0,46598175
6,42886379;0,00000000
6,43386379;0,46598175
6,43886379;0,46598175
6,44386379;0,93196350
6,44886379;0,93196350
6,45386379;0,46598175
6,45886379;0,46598175
6,46386379;0,93196350
6,46886379;0,93196350
6,47386379;0,00000000
6,47886379;0,00000000
6,48386379;0,00000000
6,48886379;-0,46598175
6,49386379;-0,46598175
6,49886379;0,46598175
6,50386379;0,00000000
6,50886379;-3,26648593
6,51386379;0,46598175
6,51886379;0,00000000
6,52386379;0,46598175
6,52886379;0,00000000
6,53386379;0,00000000
6,53886379;0,00000000
6,54386379;-0,46598175
6,54886379;0,46598175
6,55386379;-0,93196350
6,55886379;0,00000000
6,56386379;-0,46598175
6,56886379;-1,39948320
6,57386379;-0,93196350
6,57886379;0,00000000
6,58386379;-1,39948320
6,58886379;-0,46598175
6,59386379;0,93196350
6,59886379;0,46598175
6,60386379;0,00000000
6,60886379;0,93196350
6,61386379;0,00000000
6,61886379;0,00000000
6,62386379;0,00000000
6,62886379;0,46598175
6,63386379;-0,46598175
6,63886379;0,93196350
6,64386379;-0,46598175
6,64886379;0,46598175
6,65386378;0,46598175
6,65886378;0,46598175
6,66386378;-1,86546493
6,66886378;0,93196350
6,67386378;0,00000000
6,67886378;0,46598175
6,68386378;-0,46598175
6,68886378;-0,93196350
6,69386378;0,00000000
6,69886378;-0,93196350
6,70386378;0,46598175
6,70886378;-0,46598175
6,71386378;-0,46598175
6,71886378;0,00000000
6,72386378;0,93196350
6,72886378;0,93196350
6,73386378;0,00000000
6,73886378;0,46598175
6,74386378;-0,46598175
6,74886378;0,00000000
6,75386378;0,93196350
6,75886378;-0,46598175
6,76386378;0,00000000
6,76886378;0,00000000
6,77386378;0,00000000
6,77886378;-0,93196350
6,78386378;0,00000000
6,78886378;0,46598175
6,79386378;0,00000000
6,79886378;-0,93196350
6,80386378;0,46598175
6,80886378;-0,93196350
6,81386378;0,00000000
6,81886378;-0,46598175
6,82386378;0,93196350
6,82886378;0,00000000
6,83386378;0,00000000
6,83886378;0,46598175
6,84386378;0,00000000
6,84886378;0,00000000
6,85386378;0,00000000
6,85886378;0,46598175
6,86386378;-0,46598175
6,86886378;0,46598175
6,87386378;0,00000000
6,87886378;-0,93196350
6,88386378;0,00000000
6,88886378;-1,39948320
6,89386378;-0,46598175
6,89886378;-0,46598175
6,90386378;0,46598175
6,90886378;0,00000000
6,91386378;0,00000000
6,91886378;0,46598175
6,92386378;0,00000000
6,92886378;0,93196350
6,93386378;0,46598175
6,93886378;0,00000000
6,94386378;0,46598175
6,94886378;-0,46598175
6,95386378;0,00000000
6,95886378;0,00000000
6,96386378;0,46598175
6,96886378;0,00000000
6,97386378;0,00000000
6,97886378;0,46598175
6,98386378;-0,93196350
6,98886378;0,46598175
6,99386378;0,93196350
6,99886378;0,00000000
7,00386378;0,00000000
7,00886378;-1,86546493
7,01386378;-0,46598175
7,01886378;0,46598175
7,02386378;-2,33298445
7,02886378;0,46598175
7,03386378;0,93196350
7,03886378;-0,46598175
7,04386378;0,00000000
7,04886377;0,46598175
7,05386377;0,00000000
7,05886377;-0,46598175
7,06386377;0,46598175
7,06886377;0,00000000
7,07386377;0,93196350
7,07886377;0,00000000
7,08386377;0,00000000
7,08886377;0,00000000
7,09386377;0,00000000
7,09886377;0,00000000
7,10386377;0,00000000
7,10886377;0,93196350
7,11386377;0,00000000
7,11886377;0,00000000
7,12386377;0,00000000
7,12886377;-0,46598175
7,13386377;0,46598175
7,13886377;0,46598175
7,14386377;0,93196350
7,14886377;0,00000000
7,15386377;-0,93196350
7,15886377;1,86546493
7,16386377;0,46598175
7,16886377;-0,93196350
7,17386377;0,46598175
7,17886377;0,46598175
7,18386377;0,46598175
7,18886377;0,00000000
7,19386377;0,46598175
7,19886377;0,00000000
7,20386377;-0,93196350
7,20886377;-0,46598175
7,21386377;0,46598175
7,21886377;-0,46598175
7,22386377;0,46598175
7,22886377;1,39948320
7,23386377;0,00000000
7,23886377;0,46598175
7,24386377;-0,46598175
7,24886377;0,00000000
7,25386377;0,00000000
7,25886377;0,00000000
7,26386377;0,46598175
7,26886377;-0,93196350
7,27386377;0,46598175
7,27886377;0,00000000
7,28386377;0,46598175
7,28886377;0,00000000
7,29386377;0,93196350
7,29886377;-0,46598175
7,30386377;-0,46598175
7,30886377;0,00000000
7,31386377;0,00000000
7,31886377;0,46598175
7,32386377;0,00000000
7,32886377;0,00000000
7,33386377;0,93196350
7,33886377;0,00000000
7,34386377;0,00000000
7,34886377;0,00000000
7,35386377;0,00000000
7,35886377;0,00000000
7,36386377;0,93196350
7,36886377;-0,46598175
7,37386377;0,93196350
7,37886377;0,00000000
7,38386377;-5,59947062
7,38886377;0,93196350
7,39386377;0,46598175
7,39886377;-0,93196350
7,40386377;0,00000000
7,40886377;0,46598175
7,41386377;0,00000000
7,41886377;0,00000000
7,42386377;0,00000000
7,42886377;0,46598175
7,43386377;0,00000000
7,43886377;0,00000000
7,44386376;0,93196350
7,44886376;-0,46598175
7,45386376;0,00000000
7,45886376;0,00000000
7,46386376;0,93196350
7,46886376;0,00000000
7,47386376;-0,46598175
7,47886376;0,46598175
7,48386376;0,93196350
7,48886376;0,00000000
7,49386376;0,00000000
7,49886376;-0,46598175
7,50386376;-0,46598175
7,50886376;-0,46598175
7,51386376;0,46598175
7,51886376;-1,86546493
7,52386376;0,93196350
7,52886376;0,00000000
7,53386376;0,00000000
7,53886376;0,46598175
7,54386376;0,00000000
7,54886376;0,46598175
7,55386376;0,00000000
7,55886376;0,00000000
7,56386376;0,00000000
7,56886376;0,00000000
7,57386376;0,00000000
7,57886376;0,46598175
7,58386376;0,93196350
7,58886376;0,46598175
7,59386376;-0,46598175
7,59886376;0,00000000
7,60386376;-0,93196350
7,60886376;0,00000000
7,61386376;0,46598175
7,61886376;0,00000000
7,62386376;-0,46598175
7,62886376;-0,46598175
7,63386376;0,46598175
7,63886376;0,00000000
7,64386376;0,46598175
7,64886376;0,46598175
7,65386376;0,46598175
7,65886376;0,00000000
7,66386376;0,00000000
7,66886376;0,00000000
7,67386376;0,93196350
7,67886376;0,46598175
7,68386376;0,46598175
7,68886376;0,46598175
7,69386376;0,93196350
7,69886376;0,46598175
7,70386376;0,93196350
7,70886376;0,00000000
7,71386376;-0,46598175
7,71886376;-0,46598175
7,72386376;0,93196350
7,72886376;0,46598175
7,73386376;-0,93196350
7,73886376;0,93196350
7,74386376;0,46598175
7,74886376;1,39948320
7,75386376;0,00000000
7,75886376;0,46598175
7,76386376;0,00000000
7,76886376;1,39948320
7,77386376;0,93196350
7,77886376;0,00000000
7,78386376;0,00000000
7,78886376;0,00000000
7,79386376;0,00000000
7,79886376;0,46598175
7,80386376;0,46598175
7,80886376;0,46598175
7,81386376;0,93196350
7,81886376;0,00000000
7,82386376;0,00000000
7,82886376;0,00000000
7,83386376;0,00000000
7,83886375;0,00000000
7,84386375;0,46598175
7,84886375;0,00000000
7,85386375;0,00000000
7,85886375;0,00000000
7,86386375;0,93196350
7,86886375;0,46598175
7,87386375;0,00000000
7,87886375;0,00000000
7,88386375;0,46598175
7,88886375;0,00000000
7,89386375;0,00000000
7,89886375;0,46598175
7,90386375;0,46598175
7,90886375;0,93196350
7,91386375;0,46598175
7,91886375;-0,46598175
7,92386375;0,46598175
7,92886375;0,46598175
7,93386375;0,46598175
7,93886375;0,00000000
7,94386375;-0,46598175
7,94886375;0,46598175
7,95386375;0,46598175
7,95886375;-0,46598175
7,96386375;0,00000000
7,96886375;0,46598175
7,97386375;-0,46598175
7,97886375;0,46598175
7,98386375;-0,46598175
7,98886375;-6,53297186
7,99386375;0,46598175
7,99886375;-0,46598175
8,00386375;0,46598175
8,00886375;0,46598175
8,01386375;0,46598175
8,01886375;0,00000000
8,02386375;0,46598175
8,02886375;0,00000000
8,03386375;0,46598175
8,03886375;0,00000000
8,04386375;-2,33298445
8,04886375;0,00000000
8,05386375;0,00000000
8,05886375;0,46598175
8,06386375;-0,46598175
8,06886375;0,00000000
8,07386375;0,46598175
8,07886375;0,46598175
8,08386375;1,86546493
8,08886375;0,46598175
8,09386375;0,46598175
8,09886375;0,46598175
8,10386375;0,00000000
8,10886375;0,00000000
8,11386375;0,00000000
8,11886375;-0,46598175
8,12386375;0,93196350
8,12886375;0,00000000
8,13386375;-0,46598175
8,13886375;0,46598175
8,14386375;0,46598175
8,14886375;0,00000000
8,15386375;0,46598175
8,15886375;0,46598175
8,16386375;1,86546493
8,16886375;0,93196350
8,17386375;0,00000000
8,17886375;0,46598175
8,18386375;1,39948320
8,18886375;0,00000000
8,19386375;0,00000000
8,19886375;0,00000000
8,20386375;0,93196350
8,20886375;0,00000000
8,21386375;-0,46598175
8,21886375;0,93196350
8,22386375;0,46598175
8,22886375;1,39948320
8,23386374;0,46598175
8,23886374;0,00000000
8,24386374;2,79896641
8,24886374;0,46598175
8,25386374;0,93196350
8,25886374;0,00000000
8,26386374;0,93196350
8,26886374;0,46598175
8,27386374;0,46598175
8,27886374;-0,46598175
8,28386374;-0,93196350
8,28886374;0,00000000
8,29386374;-0,46598175
8,29886374;0,00000000
8,30386374;0,00000000
8,30886374;0,46598175
8,31386374;0,00000000
8,31886374;0,46598175
8,32386374;0,00000000
8,32886374;0,46598175
8,33386374;0,93196350
8,33886374;0,00000000
8,34386374;0,46598175
8,34886374;0,00000000
8,35386374;0,46598175
8,35886374;0,00000000
8,36386374;-0,46598175
8,36886374;-1,39948320
8,37386374;0,00000000
8,37886374;0,46598175
8,38386374;0,46598175
8,38886374;0,00000000
8,39386374;0,00000000
8,39886374;-0,46598175
8,40386374;0,46598175
8,40886374;0,46598175
8,41386374;0,00000000
8,41886374;0,00000000
8,42386374;0,46598175
8,42886374;0,46598175
8,43386374;0,00000000
8,43886374;-0,46598175
8,44386374;0,46598175
8,44886374;0,46598175
8,45386374;0,46598175
8,45886374;0,00000000
8,46386374;0,00000000
8,46886374;0,46598175
8,47386374;-0,93196350
8,47886374;0,00000000
8,48386374;0,00000000
8,48886374;0,46598175
8,49386374;0,00000000
8,49886374;0,00000000
8,50386374;0,46598175
8,50886374;0,00000000
8,51386374;0,46598175
8,51886374;0,00000000
8,52386374;-0,46598175
8,52886374;0,00000000
8,53386374;-0,93196350
8,53886374;0,46598175
8,54386374;0,00000000
8,54886374;0,93196350
8,55386374;0,46598175
8,55886374;0,00000000
8,56386374;-0,46598175
8,56886374;0,46598175
8,57386374;0,00000000
8,57886374;0,46598175
8,58386374;-1,39948320
8,58886374;0,46598175
8,59386374;0,00000000
8,59886374;0,00000000
8,60386374;0,46598175
8,60886374;0,46598175
8,61386374;0,00000000
8,61886374;0,93196350
8,62386374;0,00000000
8,62886373;0,00000000
8,63386373;0,46598175
8,63886373;0,00000000
8,64386373;-0,46598175
8,64886373;0,00000000
8,65386373;0,00000000
8,65886373;0,93196350
8,66386373;-0,93196350
8,66886373;0,46598175
8,67386373;0,00000000
8,67886373;0,46598175
8,68386373;-0,46598175
8,68886373;0,93196350
8,69386373;0,46598175
8,69886373;0,00000000
8,70386373;-0,46598175
8,70886373;0,00000000
8,71386373;0,46598175
8,71886373;0,00000000
8,72386373;0,00000000
8,72886373;-0,46598175
8,73386373;-0,46598175
8,73886373;0,46598175
8,74386373;-0,93196350
8,74886373;0,00000000
8,75386373;0,00000000
8,75886373;-0,46598175
8,76386373;-0,46598175
8,76886373;0,00000000
8,77386373;0,46598175
8,77886373;-0,93196350
8,78386373;0,46598175
8,78886373;0,46598175
8,79386373;0,00000000
8,79886373;-0,46598175
8,80386373;0,46598175
8,80886373;-1,86546493
8,81386373;0,00000000
8,81886373;0,00000000
8,82386373;0,46598175
8,82886373;0,46598175
8,83386373;1,39948320
8,83886373;0,00000000
8,84386373;0,00000000
8,84886373;-0,93196350
8,85386373;0,46598175
8,85886373;-0,46598175
8,86386373;0,00000000
8,86886373;0,46598175
8,87386373;0,46598175
8,87886373;0,46598175
8,88386373;0,00000000
8,88886373;0,00000000
8,89386373;-0,46598175
8,89886373;0,00000000
8,90386373;0,93196350
8,90886373;0,46598175
8,91386373;0,00000000
8,91886373;0,46598175
8,92386373;0,00000000
8,92886373;0,00000000
8,93386373;-0,46598175
8,93886373;0,46598175
8,94386373;-0,93196350
8,94886373;0,00000000
8,95386373;0,00000000
8,95886373;0,00000000
8,96386373;0,00000000
8,96886373;0,00000000
8,97386373;0,46598175
8,97886373;0,00000000
8,98386373;0,00000000
8,98886373;-0,46598175
8,99386373;0,00000000
8,99886373;0,00000000
9,00386373;0,00000000
9,00886373;0,93196350
9,01386373;0,46598175
9,01886373;0,46598175
9,02386373;-0,46598175
9,02886372;0,00000000
9,03386372;-0,46598175
9,03886372;0,46598175
9,04386372;0,00000000
9,04886372;0,46598175
9,05386372;0,00000000
9,05886372;0,46598175
9,06386372;0,00000000
9,06886372;0,46598175
9,07386372;0,46598175
9,07886372;0,46598175
9,08386372;0,00000000
9,08886372;-0,46598175
9,09386372;-0,46598175
9,09886372;0,93196350
9,10386372;0,00000000
9,10886372;0,00000000
9,11386372;0,00000000
9,11886372;0,46598175
9,12386372;0,46598175
9,12886372;0,00000000
9,13386372;0,93196350
9,13886372;0,93196350
9,14386372;0,46598175
9,14886372;0,00000000
9,15386372;0,46598175
9,15886372;0,00000000
9,16386372;0,00000000
9,16886372;0,93196350
9,17386372;0,00000000
9,17886372;0,00000000
9,18386372;-0,93196350
9,18886372;0,46598175
9,19386372;0,00000000
9,19886372;0,46598175
9,20386372;0,00000000
9,20886372;0,46598175
9,21386372;0,46598175
9,21886372;0,00000000
9,22386372;-0,46598175
9,22886372;-0,46598175
9,23386372;0,46598175
9,23886372;0,46598175
9,24386372;0,00000000
9,24886372;0,00000000
9,25386372;0,46598175
9,25886372;0,93196350
9,26386372;0,46598175
9,26886372;0,93196350
9,27386372;0,46598175
9,27886372;0,00000000
9,28386372;-0,93196350
9,28886372;-0,46598175
9,29386372;0,46598175
9,29886372;0,46598175
9,30386372;-0,93196350
9,30886372;0,46598175
9,31386372;0,46598175
9,31886372;0,00000000
9,32386372;-0,46598175
9,32886372;-0,46598175
9,33386372;0,46598175
9,33886372;0,46598175
9,34386372;0,93196350
9,34886372;0,00000000
9,35386372;0,00000000
9,35886372;0,00000000
9,36386372;-0,46598175
9,36886372;0,00000000
9,37386372;0,00000000
9,37886372;0,00000000
9,38386372;0,93196350
9,38886372;0,00000000
9,39386372;0,00000000
9,39886372;0,46598175
9,40386372;-0,46598175
9,40886372;0,93196350
9,41386372;4,19998741
9,41886372;0,00000000
9,42386371;-0,93196350
9,42886371;0,46598175
9,43386371;0,46598175
9,43886371;-0,46598175
9,44386371;-0,46598175
9,44886371;0,00000000
9,45386371;0,00000000
9,45886371;0,46598175
9,46386371;0,00000000
9,46886371;0,93196350
9,47386371;-0,46598175
9,47886371;0,00000000
9,48386371;0,00000000
9,48886371;0,00000000
9,49386371;-0,46598175
9,49886371;0,00000000
9,50386371;0,00000000
9,50886371;0,00000000
9,51386371;0,00000000
9,51886371;0,00000000
9,52386371;-1,39948320
9,52886371;0,46598175
9,53386371;0,00000000
9,53886371;0,93196350
9,54386371;0,00000000
9,54886371;-0,46598175
9,55386371;0,00000000
9,55886371;0,00000000
9,56386371;0,46598175
9,56886371;0,93196350
9,57386371;0,00000000
9,57886371;0,46598175
9,58386371;-0,93196350
9,58886371;0,93196350
9,59386371;0,93196350
9,59886371;0,46598175
9,60386371;0,46598175
9,60886371;0,00000000
9,61386371;-0,93196350
9,61886371;0,46598175
9,62386371;0,00000000
9,62886371;0,93196350
9,63386371;-0,46598175
9,63886371;0,46598175
9,64386371;-0,46598175
9,64886371;-0,46598175
9,65386371;-0,93196350
9,65886371;0,00000000
9,66386371;0,00000000
9,66886371;-0,46598175
9,67386371;0,00000000
9,67886371;1,39948320
9,68386371;-0,93196350
9,68886371;0,46598175
9,69386371;0,93196350
9,69886371;0,93196350
9,70386371;-0,46598175
9,70886371;0,46598175
9,71386371;-0,93196350
9,71886371;0,00000000
9,72386371;0,00000000
9,72886371;0,00000000
9,73386371;-0,46598175
9,73886371;0,00000000
9,74386371;-0,93196350
9,74886371;0,46598175
9,75386371;0,00000000
9,75886371;0,46598175
9,76386371;0,46598175
9,76886371;0,00000000
9,77386371;0,93196350
9,77886371;0,00000000
9,78386371;0,46598175
9,78886371;1,39948320
9,79386371;0,46598175
9,79886371;0,46598175
9,80386371;0,00000000
9,80886371;0,46598175
9,81386371;0,00000000
9,81886370;0,00000000
9,82386370;0,00000000
9,82886370;0,46598175
9,83386370;0,00000000
9,83886370;0,00000000
9,84386370;0,00000000
9,84886370;-0,46598175
9,85386370;-0,46598175
9,85886370;0,46598175
9,86386370;-0,46598175
9,86886370;0,46598175
9,87386370;-0,46598175
9,87886370;0,46598175
9,88386370;0,00000000
9,88886370;0,00000000
9,89386370;0,00000000
9,89886370;0,93196350
9,90386370;0,46598175
9,90886370;-0,93196350
9,91386370;-0,93196350
9,91886370;0,93196350
9,92386370;1,86546493
9,92886370;0,00000000
9,93386370;0,00000000
9,93886370;-0,46598175
9,94386370;-0,46598175
9,94886370;0,93196350
9,95386370;0,93196350
9,95886370;0,46598175
9,96386370;0,46598175
9,96886370;0,00000000
9,97386370;0,00000000
9,97886370;0,46598175
9,98386370;0,46598175
9,98886370;0,00000000
9,99386370;0,00000000
9,99886370;0,46598175
10,00386370;-0,46598175
10,00886370;0,46598175
10,01386370;-0,93196350
10,01886370;0,93196350
10,02386370;-0,46598175
10,02886370;0,00000000
10,03386370;-1,86546493
10,03886370;0,00000000
10,04386370;0,93196350
10,04886370;0,00000000
10,05386370;0,00000000
10,05886370;-0,46598175
10,06386370;0,00000000
10,06886370;0,46598175
10,07386370;-0,93196350
10,07886370;0,00000000
10,08386370;0,00000000
10,08886370;0,00000000
10,09386370;0,00000000
10,09886370;0,00000000
10,10386370;0,46598175
10,10886370;0,00000000
10,11386370;0,00000000
10,11886370;0,93196350
10,12386370;0,00000000
10,12886370;0,00000000
10,13386370;0,00000000
10,13886370;0,93196350
10,14386370;0,00000000
10,14886370;-0,46598175
10,15386370;0,46598175
10,15886370;0,46598175
10,16386370;-0,46598175
10,16886370;1,39948320
10,17386370;0,46598175
10,17886370;0,00000000
10,18386370;0,93196350
10,18886370;-0,93196350
10,19386370;-0,46598175
10,19886370;0,00000000
10,20386370;0,00000000
10,20886370;0,46598175
10,21386369;0,00000000
10,21886369;0,00000000
10,22386369;0,46598175
10,22886369;0,00000000
10,23386369;0,46598175
10,23886369;0,46598175
10,24386369;-0,93196350
10,24886369;0,00000000
10,25386369;0,00000000
10,25886369;0,93196350
10,26386369;-0,46598175
10,26886369;-0,46598175
10,27386369;0,00000000
10,27886369;0,46598175
10,28386369;0,00000000
10,28886369;0,46598175
10,29386369;0,00000000
10,29886369;-0,46598175
10,30386369;0,00000000
10,30886369;0,93196350
10,31386369;0,00000000
10,31886369;-0,93196350
10,32386369;0,93196350
10,32886369;0,46598175
10,33386369;0,46598175
10,33886369;0,93196350
10,34386369;0,46598175
10,34886369;0,46598175
10,35386369;0,46598175
10,35886369;0,46598175
10,36386369;-0,93196350
10,36886369;0,00000000
10,37386369;0,00000000
10,37886369;0,46598175
10,38386369;0,00000000
10,38886369;0,00000000
10,39386369;0,00000000
10,39886369;-0,46598175
10,40386369;0,46598175
10,40886369;-0,46598175
10,41386369;0,00000000
10,41886369;0,00000000
10,42386369;0,46598175
10,42886369;0,00000000
10,43386369;0,46598175
10,43886369;1,86546493
10,44386369;0,00000000
10,44886369;0,00000000
10,45386369;0,93196350
10,45886369;0,00000000
10,46386369;0,00000000
10,46886369;-0,93196350
10,47386369;0,00000000
10,47886369;0,00000000
10,48386369;0,00000000
10,48886369;0,93196350
10,49386369;0,00000000
10,49886369;0,00000000
10,50386369;0,00000000
10,50886369;0,46598175
10,51386369;0,46598175
10,51886369;0,00000000
10,52386369;0,00000000
10,52886369;-0,46598175
10,53386369;0,00000000
10,53886369;0,00000000
10,54386369;0,00000000
10,54886369;0,46598175
10,55386369;0,93196350
10,55886369;0,46598175
10,56386369;-0,46598175
10,56886369;0,00000000
10,57386369;0,46598175
10,57886369;0,46598175
10,58386369;0,46598175
10,58886369;0,46598175
10,59386369;0,46598175
10,59886369;0,46598175
10,60386369;0,93196350
10,60886368;0,00000000
10,61386368;0,46598175
10,61886368;0,46598175
10,62386368;0,00000000
10,62886368;0,00000000
10,63386368;0,00000000
10,63886368;0,93196350
10,64386368;0,00000000
10,64886368;0,00000000
10,65386368;-0,46598175
10,65886368;-0,46598175
10,66386368;0,46598175
10,66886368;0,46598175
10,67386368;-0,46598175
10,67886368;0,00000000
10,68386368;0,00000000
10,68886368;-0,46598175
10,69386368;0,46598175
10,69886368;0,46598175
10,70386368;-0,46598175
10,70886368;0,00000000
10,71386368;0,46598175
10,71886368;-0,46598175
10,72386368;0,00000000
10,72886368;-0,93196350
10,73386368;0,46598175
10,73886368;0,00000000
10,74386368;0,00000000
10,74886368;-0,46598175
10,75386368;-0,46598175
10,75886368;0,46598175
10,76386368;0,00000000
10,76886368;0,00000000
10,77386368;0,46598175
10,77886368;0,93196350
10,78386368;0,00000000
10,78886368;0,46598175
10,79386368;0,46598175
10,79886368;0,00000000
10,80386368;0,00000000
10,80886368;0,00000000
10,81386368;-0,93196350
10,81886368;-0,46598175
10,82386368;-0,46598175
10,82886368;0,46598175
10,83386368;0,93196350
10,83886368;-0,93196350
10,84386368;-0,93196350
10,84886368;0,00000000
10,85386368;0,00000000
10,85886368;0,46598175
10,86386368;-0,93196350
10,86886368;0,00000000
10,87386368;0,00000000
10,87886368;0,00000000
10,88386368;-0,46598175
10,88886368;0,93196350
10,89386368;0,00000000
10,89886368;-1,86546493
10,90386368;0,00000000
10,90886368;0,46598175
10,91386368;-0,46598175
10,91886368;0,00000000
10,92386368;0,46598175
10,92886368;0,00000000
10,93386368;0,46598175
10,93886368;0,00000000
10,94386368;0,00000000
10,94886368;0,00000000
10,95386368;0,00000000
10,95886368;0,00000000
10,96386368;0,46598175
10,96886368;0,46598175
10,97386368;0,46598175
10,97886368;-0,46598175
10,98386368;-0,46598175
10,98886368;0,46598175
10,99386368;0,00000000
10,99886368;0,46598175
11,00386367;0,00000000
11,00886367;-0,46598175
11,01386367;-0,46598175
11,01886367;0,46598175
11,02386367;0,46598175
11,02886367;0,46598175
11,03386367;0,00000000
11,03886367;0,46598175
11,04386367;0,00000000
11,04886367;0,00000000
11,05386367;-0,93196350
11,05886367;0,46598175
11,06386367;-0,46598175
11,06886367;0,00000000
11,07386367;0,46598175
11,07886367;0,46598175
11,08386367;0,00000000
11,08886367;0,00000000
11,09386367;0,46598175
11,09886367;0,00000000
11,10386367;0,00000000
11,10886367;0,46598175
11,11386367;-0,93196350
11,11886367;-0,46598175
11,12386367;-1,86546493
11,12886367;-0,46598175
11,13386367;0,00000000
11,13886367;0,00000000
11,14386367;-0,93196350
11,14886367;0,00000000
11,15386367;0,46598175
11,15886367;-0,93196350
11,16386367;0,00000000
11,16886367;0,00000000
11,17386367;-0,93196350
11,17886367;0,46598175
11,18386367;0,46598175
11,18886367;0,46598175
11,19386367;0,00000000
11,19886367;-0,46598175
11,20386367;0,00000000
11,20886367;0,93196350
11,21386367;0,00000000
11,21886367;0,46598175
11,22386367;0,46598175
11,22886367;-0,46598175
11,23386367;1,39948320
11,23886367;0,93196350
11,24386367;0,00000000
11,24886367;-0,46598175
11,25386367;0,00000000
11,25886367;0,46598175
11,26386367;0,00000000
11,26886367;0,93196350
11,27386367;0,46598175
11,27886367;0,46598175
11,28386367;0,00000000
11,28886367;0,00000000
11,29386367;0,00000000
11,29886367;0,46598175
11,30386367;0,46598175
11,30886367;0,00000000
11,31386367;0,00000000
11,31886367;-0,46598175
11,32386367;-1,39948320
11,32886367;0,46598175
11,33386367;-0,93196350
11,33886367;-0,93196350
11,34386367;0,00000000
11,34886367;0,46598175
11,35386367;0,00000000
11,35886367;0,93196350
11,36386367;-0,93196350
11,36886367;0,00000000
11,37386367;0,46598175
11,37886367;0,00000000
11,38386367;0,00000000
11,38886367;0,93196350
11,39386367;-0,46598175
11,39886367;0,46598175
11,40386366;-0,93196350
11,40886366;0,00000000
11,41386366;0,00000000
11,41886366;0,46598175
11,42386366;0,93196350
11,42886366;-0,46598175
11,43386366;0,46598175
11,43886366;0,00000000
11,44386366;0,00000000
11,44886366;0,00000000
11,45386366;0,46598175
11,45886366;0,00000000
11,46386366;-0,46598175
11,46886366;-0,46598175
11,47386366;-0,93196350
11,47886366;0,46598175
11,48386366;0,93196350
11,48886366;0,46598175
11,49386366;-0,46598175
11,49886366;-1,39948320
11,50386366;0,46598175
11,50886366;2,33298445
11,51386366;0,93196350
11,51886366;1,86546493
11,52386366;0,46598175
11,52886366;-0,46598175
11,53386366;0,00000000
11,53886366;-1,39948320
11,54386366;0,46598175
11,54886366;0,46598175
11,55386366;-0,93196350
11,55886366;0,00000000
11,56386366;0,46598175
11,56886366;-0,46598175
11,57386366;0,00000000
11,57886366;-0,93196350
11,58386366;0,00000000
11,58886366;0,46598175
11,59386366;0,46598175
11,59886366;-0,46598175
11,60386366;0,00000000
11,60886366;0,00000000
11,61386366;0,93196350
11,61886366;0,46598175
11,62386366;0,46598175
11,62886366;0,00000000
11,63386366;-0,46598175
11,63886366;0,46598175
11,64386366;0,46598175
11,64886366;0,93196350
11,65386366;0,00000000
11,65886366;0,00000000
11,66386366;0,93196350
11,66886366;0,00000000
11,67386366;0,93196350
11,67886366;0,00000000
11,68386366;-0,46598175
11,68886366;0,00000000
11,69386366;0,00000000
11,69886366;0,46598175
11,70386366;-0,93196350
11,70886366;0,46598175
11,71386366;0,00000000
11,71886366;-0,46598175
11,72386366;0,00000000
11,72886366;0,46598175
11,73386366;0,93196350
11,73886366;0,00000000
11,74386366;-0,46598175
11,74886366;0,46598175
11,75386366;0,46598175
11,75886366;0,46598175
11,76386366;-0,46598175
11,76886366;0,46598175
11,77386366;0,46598175
11,77886366;0,46598175
11,78386366;0,00000000
11,78886366;0,00000000
11,79386366;0,00000000
11,79886365;0,00000000
11,80386365;0,00000000
11,80886365;-0,46598175
11,81386365;0,00000000
11,81886365;-0,93196350
11,82386365;-0,46598175
11,82886365;0,00000000
11,83386365;0,00000000
11,83886365;0,46598175
11,84386365;0,00000000
11,84886365;-0,46598175
11,85386365;0,00000000
11,85886365;0,46598175
11,86386365;0,46598175
11,86886365;0,93196350
11,87386365;-0,93196350
11,87886365;-0,93196350
11,88386365;0,00000000
11,88886365;0,00000000
11,89386365;0,00000000
11,89886365;-0,46598175
11,90386365;0,00000000
11,90886365;0,00000000
11,91386365;0,00000000
11,91886365;-0,46598175
11,92386365;-0,93196350
11,92886365;-0,46598175
11,93386365;0,46598175
11,93886365;1,39948320
11,94386365;0,46598175
11,94886365;0,00000000
11,95386365;-0,46598175
11,95886365;0,46598175
11,96386365;0,93196350
11,96886365;0,46598175
11,97386365;0,46598175
11,97886365;0,00000000
11,98386365;0,00000000
11,98886365;-0,46598175
11,99386365;0,46598175
11,99886365;0,46598175
12,00386365;0,00000000
12,00886365;0,00000000
12,01386365;-0,46598175
12,01886365;0,46598175
12,02386365;0,46598175
12,02886365;0,00000000
12,03386365;-0,46598175
12,03886365;-0,46598175
12,04386365;0,46598175
12,04886365;-0,46598175
12,05386365;0,46598175
12,05886365;0,00000000
12,06386365;-0,46598175
12,06886365;0,00000000
12,07386365;0,46598175
12,07886365;-1,86546493
12,08386365;0,00000000
12,08886365;0,00000000
12,09386365;0,00000000
12,09886365;0,46598175
12,10386365;0,46598175
12,10886365;0,00000000
12,11386365;0,00000000
12,11886365;-0,93196350
12,12386365;0,46598175
12,12886365;0,00000000
12,13386365;0,46598175
12,13886365;0,46598175
12,14386365;0,00000000
12,14886365;0,00000000
12,15386365;0,93196350
12,15886365;-0,46598175
12,16386365;0,46598175
12,16886365;0,00000000
12,17386365;0,46598175
12,17886365;-8,39997482
12,18386365;0,00000000
12,18886365;-0,93196350
12,19386364;-0,46598175
12,19886364;0,46598175
12,20386364;0,46598175
12,20886364;0,46598175
12,21386364;1,39948320
12,21886364;0,00000000
12,22386364;0,00000000
12,22886364;0,46598175
12,23386364;0,46598175
12,23886364;-0,46598175
12,24386364;0,00000000
12,24886364;0,93196350
12,25386364;0,46598175
12,25886364;0,00000000
12,26386364;0,00000000
12,26886364;0,46598175
12,27386364;-0,46598175
12,27886364;0,46598175
12,28386364;0,00000000
12,28886364;-0,46598175
12,29386364;0,00000000
12,29886364;0,93196350
12,30386364;0,46598175
12,30886364;0,46598175
12,31386364;0,46598175
12,31886364;0,00000000
12,32386364;0,00000000
12,32886364;0,00000000
12,33386364;-0,93196350
12,33886364;0,46598175
12,34386364;0,00000000
12,34886364;-0,46598175
12,35386364;0,00000000
12,35886364;0,46598175
12,36386364;-0,46598175
12,36886364;-0,46598175
12,37386364;0,46598175
12,37886364;0,46598175
12,38386364;0,46598175
12,38886364;0,46598175
12,39386364;0,00000000
12,39886364;0,00000000
12,40386364;-0,46598175
12,40886364;-0,93196350
12,41386364;-0,46598175
12,41886364;11,66799831
12,42386364;0,46598175
12,42886364;0,00000000
12,43386364;0,00000000
12,43886364;0,46598175
12,44386364;-0,46598175
12,44886364;0,00000000
12,45386364;0,93196350
12,45886364;0,00000000
12,46386364;0,93196350
12,46886364;0,00000000
12,47386364;0,00000000
12,47886364;0,46598175
12,48386364;1,39948320
12,48886364;0,46598175
12,49386364;0,00000000
12,49886364;0,93196350
12,50386364;0,46598175
12,50886364;0,00000000
12,51386364;0,46598175
12,51886364;-0,46598175
12,52386364;-1,39948320
12,52886364;0,93196350
12,53386364;-0,93196350
12,53886364;-0,93196350
12,54386364;0,46598175
12,54886364;0,00000000
12,55386364;-0,46598175
12,55886364;0,46598175
12,56386364;0,00000000
12,56886364;-0,46598175
12,57386364;0,46598175
12,57886364;0,46598175
12,58386364;0,00000000
12,58886363;0,00000000
12,59386363;0,00000000
12,59886363;0,00000000
12,60386363;0,00000000
12,60886363;0,46598175
12,61386363;0,46598175
12,61886363;1,86546493
12,62386363;0,00000000
12,62886363;0,46598175
12,63386363;0,93196350
12,63886363;0,00000000
12,64386363;-0,46598175
12,64886363;-0,46598175
12,65386363;0,00000000
12,65886363;0,46598175
12,66386363;0,00000000
12,66886363;0,46598175
12,67386363;0,46598175
12,67886363;0,46598175
12,68386363;0,46598175
12,68886363;0,46598175
12,69386363;0,46598175
12,69886363;0,00000000
12,70386363;0,46598175
12,70886363;0,46598175
12,71386363;0,00000000
12,71886363;0,46598175
12,72386363;-0,46598175
12,72886363;0,46598175
12,73386363;0,00000000
12,73886363;0,46598175
12,74386363;0,00000000
12,74886363;0,93196350
12,75386363;0,46598175
12,75886363;-0,46598175
12,76386363;-15,40046692
12,76886363;0,46598175
12,77386363;0,00000000
12,77886363;0,46598175
12,78386363;0,00000000
12,78886363;0,00000000
12,79386363;0,46598175
12,79886363;0,00000000
12,80386363;-0,93196350
12,80886363;0,00000000
12,81386363;0,00000000
12,81886363;0,46598175
12,82386363;-0,46598175
12,82886363;0,46598175
12,83386363;0,00000000
12,83886363;0,46598175
12,84386363;0,00000000
12,84886363;-0,46598175
12,85386363;0,00000000
12,85886363;0,46598175
12,86386363;0,93196350
12,86886363;0,00000000
12,87386363;0,93196350
12,87886363;1,39948320
12,88386363;-0,46598175
12,88886363;0,93196350
12,89386363;0,46598175
12,89886363;-0,46598175
12,90386363;0,00000000
12,90886363;0,93196350
12,91386363;0,00000000
12,91886363;0,46598175
12,92386363;1,86546493
12,92886363;-0,46598175
12,93386363;0,93196350
12,93886363;-1,39948320
12,94386363;0,46598175
12,94886363;0,46598175
12,95386363;-0,46598175
12,95886363;0,00000000
12,96386363;0,46598175
12,96886363;0,46598175
12,97386363;0,00000000
12,97886363;0,00000000
12,98386362;0,46598175
12,98886362;0,46598175
12,99386362;0,00000000
12,99886362;0,00000000
13,00386362;0,93196350
13,00886362;-0,46598175
13,01386362;0,00000000
13,01886362;0,46598175
13,02386362;0,46598175
13,02886362;0,46598175
13,03386362;0,46598175
13,03886362;0,46598175
13,04386362;0,93196350
13,04886362;0,00000000
13,05386362;0,00000000
13,05886362;-0,46598175
13,06386362;-0,46598175
13,06886362;0,00000000
13,07386362;0,46598175
13,07886362;0,00000000
13,08386362;0,46598175
13,08886362;0,93196350
13,09386362;0,46598175
13,09886362;0,46598175
13,10386362;0,00000000
13,10886362;0,46598175
13,11386362;0,46598175
13,11886362;0,00000000
13,12386362;0,46598175
13,12886362;0,46598175
13,13386362;0,00000000
13,13886362;-2,33298445
13,14386362;0,93196350
13,14886362;0,00000000
13,15386362;0,93196350
13,15886362;0,00000000
13,16386362;0,00000000
13,16886362;0,46598175
13,17386362;-0,46598175
13,17886362;0,00000000
13,18386362;0,00000000
13,18886362;0,46598175
13,19386362;0,00000000
13,19886362;0,00000000
13,20386362;0,46598175
13,20886362;0,46598175
13,21386362;0,93196350
13,21886362;0,93196350
13,22386362;1,39948320
13,22886362;0,00000000
13,23386362;0,00000000
13,23886362;0,00000000
13,24386362;0,00000000
13,24886362;0,00000000
13,25386362;0,00000000
13,25886362;-1,39948320
13,26386362;0,00000000
13,26886362;0,00000000
13,27386362;0,00000000
13,27886362;0,46598175
13,28386362;-0,93196350
13,28886362;0,46598175
13,29386362;0,00000000
13,29886362;0,46598175
13,30386362;0,46598175
13,30886362;0,00000000
13,31386362;1,39948320
13,31886362;0,00000000
13,32386362;0,00000000
13,32886362;0,46598175
13,33386362;0,00000000
13,33886362;0,00000000
13,34386362;0,00000000
13,34886362;0,93196350
13,35386362;0,00000000
13,35886362;0,00000000
13,36386362;-0,46598175
13,36886362;0,00000000
13,37386362;-0,46598175
13,37886361;0,00000000
13,38386361;0,00000000
13,38886361;0,46598175
13,39386361;0,46598175
13,39886361;0,46598175
13,40386361;0,46598175
13,40886361;-0,93196350
13,41386361;0,00000000
13,41886361;0,00000000
13,42386361;-0,93196350
13,42886361;-0,93196350
13,43386361;0,00000000
13,43886361;0,46598175
13,44386361;0,46598175
13,44886361;-0,93196350
13,45386361;1,86546493
13,45886361;0,00000000
13,46386361;0,00000000
13,46886361;0,00000000
13,47386361;0,46598175
13,47886361;0,46598175
13,48386361;0,93196350
13,48886361;0,00000000
13,49386361;0,46598175
13,49886361;0,00000000
13,50386361;0,46598175
13,50886361;0,00000000
13,51386361;1,39948320
13,51886361;0,00000000
13,52386361;0,00000000
13,52886361;0,46598175
13,53386361;0,46598175
13,53886361;0,46598175
13,54386361;0,00000000
13,54886361;0,00000000
13,55386361;-0,93196350
13,55886361;0,00000000
13,56386361;0,46598175
13,56886361;-0,46598175
13,57386361;-0,93196350
13,57886361;-0,46598175
13,58386361;0,46598175
13,58886361;0,00000000
13,59386361;0,46598175
13,59886361;0,00000000
13,60386361;0,00000000
13,60886361;0,46598175
13,61386361;-0,93196350
13,61886361;0,00000000
13,62386361;-0,46598175
13,62886361;0,93196350
13,63386361;-0,46598175
13,63886361;-0,46598175
13,64386361;0,00000000
13,64886361;0,00000000
13,65386361;0,46598175
13,65886361;-0,93196350
13,66386361;0,00000000
13,66886361;0,46598175
13,67386361;-0,46598175
13,67886361;0,46598175
13,68386361;0,46598175
13,68886361;0,00000000
13,69386361;-0,93196350
13,69886361;-0,46598175
13,70386361;-0,46598175
13,70886361;0,46598175
13,71386361;0,00000000
13,71886361;0,46598175
13,72386361;1,39948320
13,72886361;-0,93196350
13,73386361;0,00000000
13,73886361;0,46598175
13,74386361;-0,93196350
13,74886361;0,00000000
13,75386361;0,46598175
13,75886361;0,00000000
13,76386361;0,00000000
13,76886361;0,46598175
13,77386361;0,00000000
13,77886360;0,00000000
13,78386360;0,00000000
13,78886360;0,00000000
13,79386360;-0,93196350
13,79886360;0,46598175
13,80386360;0,46598175
13,80886360;-0,46598175
13,81386360;-1,39948320
13,81886360;0,00000000
13,82386360;0,00000000
13,82886360;0,00000000
13,83386360;0,93196350
13,83886360;0,00000000
13,84386360;-0,46598175
13,84886360;0,00000000
13,85386360;1,86546493
13,85886360;0,00000000
13,86386360;0,46598175
13,86886360;0,00000000
13,87386360;-0,93196350
13,87886360;-0,46598175
13,88386360;0,46598175
13,88886360;-0,46598175
13,89386360;0,00000000
13,89886360;-0,93196350
13,90386360;0,00000000
13,90886360;0,46598175
13,91386360;0,00000000
13,91886360;0,93196350
13,92386360;-1,39948320
13,92886360;0,00000000
13,93386360;0,00000000
13,93886360;-0,46598175
13,94386360;0,00000000
13,94886360;0,00000000
13,95386360;0,00000000
13,95886360;0,46598175
13,96386360;0,00000000
13,96886360;0,46598175
13,97386360;0,00000000
13,97886360;0,46598175
13,98386360;-0,93196350
13,98886360;0,46598175
13,99386360;0,46598175
13,99886360;0,46598175
14,00386360;-0,46598175
14,00886360;0,00000000
14,01386360;0,46598175
14,01886360;0,93196350
14,02386360;0,00000000
14,02886360;0,00000000
14,03386360;0,00000000
14,03886360;0,46598175
14,04386360;0,00000000
14,04886360;0,46598175
14,05386360;0,00000000
14,05886360;0,46598175
14,06386360;0,46598175
14,06886360;0,00000000
14,07386360;0,00000000
14,07886360;0,46598175
14,08386360;-0,46598175
14,08886360;0,93196350
14,09386360;-0,46598175
14,09886360;0,00000000
14,10386360;0,00000000
14,10886360;-0,46598175
14,11386360;0,00000000
14,11886360;0,00000000
14,12386360;-0,46598175
14,12886360;-0,46598175
14,13386360;0,46598175
14,13886360;0,00000000
14,14386360;0,46598175
14,14886360;0,00000000
14,15386360;1,86546493
14,15886360;0,93196350
14,16386360;0,00000000
14,16886360;0,00000000
14,17386359;-0,46598175
14,17886359;0,46598175
14,18386359;0,00000000
14,18886359;0,46598175
14,19386359;0,00000000
14,19886359;0,00000000
14,20386359;0,00000000
14,20886359;0,46598175
14,21386359;0,00000000
14,21886359;0,93196350
14,22386359;0,00000000
14,22886359;0,00000000
14,23386359;0,46598175
14,23886359;0,93196350
14,24386359;-0,46598175
14,24886359;0,00000000
14,25386359;-0,46598175
14,25886359;0,00000000
14,26386359;-0,93196350
14,26886359;-0,46598175
14,27386359;0,00000000
14,27886359;-0,46598175
14,28386359;0,00000000
14,28886359;0,46598175
14,29386359;0,46598175
14,29886359;0,00000000
14,30386359;1,39948320
14,30886359;0,46598175
14,31386359;0,00000000
14,31886359;0,46598175
14,32386359;1,86546493
14,32886359;0,00000000
14,33386359;-0,93196350
14,33886359;-1,86546493
14,34386359;0,46598175
14,34886359;0,00000000
14,35386359;0,00000000
14,35886359;-0,46598175
14,36386359;0,46598175
14,36886359;0,46598175
14,37386359;0,00000000
14,37886359;0,00000000
14,38386359;0,00000000
14,38886359;0,00000000
14,39386359;0,46598175
14,39886359;0,46598175
14,40386359;0,46598175
14,40886359;0,00000000
14,41386359;-0,46598175
14,41886359;0,46598175
14,42386359;0,46598175
14,42886359;0,00000000
14,43386359;0,46598175
14,43886359;0,46598175
14,44386359;0,46598175
14,44886359;-0,46598175
14,45386359;1,86546493
14,45886359;0,00000000
14,46386359;0,00000000
14,46886359;0,00000000
14,47386359;0,00000000
14,47886359;0,46598175
14,48386359;0,00000000
14,48886359;0,00000000
14,49386359;0,46598175
14,49886359;0,46598175
14,50386359;0,46598175
14,50886359;0,46598175
14,51386359;0,00000000
14,51886359;0,00000000
14,52386359;0,00000000
14,52886359;0,00000000
14,53386359;0,00000000
14,53886359;-0,93196350
14,54386359;-0,46598175
14,54886359;0,46598175
14,55386359;-0,93196350
14,55886359;0,93196350
14,56386359;-0,46598175
14,56886358;-0,93196350
14,57386358;-0,93196350
14,57886358;0,46598175
14,58386358;0,00000000
14,58886358;0,00000000
14,59386358;0,93196350
14,59886358;0,46598175
14,60386358;0,00000000
14,60886358;0,46598175
14,61386358;0,00000000
14,61886358;0,00000000
14,62386358;0,00000000
14,62886358;-0,46598175
14,63386358;-0,46598175
14,63886358;0,46598175
14,64386358;0,00000000
14,64886358;0,46598175
14,65386358;0,46598175
14,65886358;-1,39948320
14,66386358;-0,46598175
14,66886358;0,93196350
14,67386358;-0,46598175
14,67886358;0,93196350
14,68386358;-0,46598175
14,68886358;0,93196350
14,69386358;0,46598175
14,69886358;0,00000000
14,70386358;0,00000000
14,70886358;0,00000000
14,71386358;0,00000000
14,71886358;0,46598175
14,72386358;0,00000000
14,72886358;0,46598175
14,73386358;0,00000000
14,73886358;0,46598175
14,74386358;0,46598175
14,74886358;0,00000000
14,75386358;0,00000000
14,75886358;0,93196350
14,76386358;0,46598175
14,76886358;0,00000000
14,77386358;0,00000000
14,77886358;0,46598175
14,78386358;-0,46598175
14,78886358;0,46598175
14,79386358;0,00000000
14,79886358;0,46598175
14,80386358;0,00000000
14,80886358;0,00000000
14,81386358;0,00000000
14,81886358;0,46598175
14,82386358;0,00000000
14,82886358;0,00000000
14,83386358;0,93196350
14,83886358;0,00000000
14,84386358;0,00000000
14,84886358;0,00000000
14,85386358;0,00000000
14,85886358;0,00000000
14,86386358;0,00000000
14,86886358;0,93196350
14,87386358;-0,46598175
14,87886358;0,46598175
14,88386358;0,00000000
14,88886358;0,00000000
14,89386358;0,00000000
14,89886358;0,46598175
14,90386358;-0,93196350
14,90886358;0,00000000
14,91386358;-0,46598175
14,91886358;0,00000000
14,92386358;0,00000000
14,92886358;0,00000000
14,93386358;0,00000000
14,93886358;-1,39948320
14,94386358;-0,46598175
14,94886358;0,00000000
14,95386358;-0,46598175
14,95886358;0,93196350
14,96386357;0,00000000
14,96886357;0,93196350
14,97386357;-0,46598175
14,97886357;0,00000000
14,98386357;0,00000000
14,98886357;-0,46598175
14,99386357;0,46598175
14,99886357;0,93196350
15,00386357;0,00000000
15,00886357;-0,46598175
15,01386357;0,00000000
15,01886357;0,93196350
15,02386357;-0,46598175
15,02886357;0,46598175
15,03386357;0,00000000
15,03886357;0,93196350
15,04386357;-0,46598175
15,04886357;-0,93196350
15,05386357;-0,46598175
15,05886357;-0,46598175
15,06386357;0,46598175
15,06886357;-0,46598175
15,07386357;0,46598175
15,07886357;0,00000000
15,08386357;0,00000000
15,08886357;-0,93196350
15,09386357;0,00000000
15,09886357;0,46598175
15,10386357;0,00000000
15,10886357;0,00000000
15,11386357;0,46598175
15,11886357;0,93196350
15,12386357;-0,46598175
15,12886357;0,00000000
15,13386357;0,00000000
15,13886357;0,46598175
15,14386357;0,93196350
15,14886357;0,00000000
15,15386357;-0,93196350
15,15886357;0,00000000
15,16386357;0,00000000
15,16886357;0,00000000
15,17386357;0,00000000
15,17886357;0,46598175
15,18386357;0,46598175
15,18886357;0,00000000
15,19386357;-0,93196350
15,19886357;0,46598175
15,20386357;0,93196350
15,20886357;0,46598175
15,21386357;0,00000000
15,21886357;0,46598175
15,22386357;0,00000000
15,22886357;-0,93196350
15,23386357;0,00000000
15,23886357;-0,93196350
15,24386357;-0,46598175
15,24886357;0,00000000
15,25386357;0,00000000
15,25886357;0,46598175
15,26386357;0,93196350
15,26886357;0,00000000
15,27386357;0,46598175
15,27886357;0,46598175
15,28386357;0,46598175
15,28886357;-0,93196350
15,29386357;0,46598175
15,29886357;0,93196350
15,30386357;-0,46598175
15,30886357;0,00000000
15,31386357;0,93196350
15,31886357;0,46598175
15,32386357;0,00000000
15,32886357;0,46598175
15,33386357;0,46598175
15,33886357;-2,33298445
15,34386357;0,00000000
15,34886357;0,00000000
15,35386357;0,00000000
15,35886356;0,46598175
15,36386356;0,00000000
15,36886356;-0,46598175
15,37386356;-0,46598175
15,37886356;0,46598175
15,38386356;0,00000000
15,38886356;-0,46598175
15,39386356;0,93196350
15,39886356;1,39948320
15,40386356;0,00000000
15,40886356;0,00000000
15,41386356;0,46598175
15,41886356;0,93196350
15,42386356;0,00000000
15,42886356;0,00000000
15,43386356;0,46598175
15,43886356;0,46598175
15,44386356;-0,46598175
15,44886356;0,00000000
15,45386356;0,93196350
15,45886356;-0,46598175
15,46386356;0,00000000
15,46886356;-0,46598175
15,47386356;-0,46598175
15,47886356;0,46598175
15,48386356;0,46598175
15,48886356;0,00000000
15,49386356;1,39948320
15,49886356;-0,46598175
15,50386356;0,00000000
15,50886356;0,00000000
15,51386356;0,00000000
15,51886356;0,93196350
15,52386356;0,00000000
15,52886356;0,46598175
15,53386356;0,00000000
15,53886356;0,46598175
15,54386356;0,46598175
15,54886356;-0,93196350
15,55386356;-1,39948320
15,55886356;0,46598175
15,56386356;0,00000000
15,56886356;0,00000000
15,57386356;0,00000000
15,57886356;-0,46598175
15,58386356;0,93196350
15,58886356;0,00000000
15,59386356;0,46598175
15,59886356;0,00000000
15,60386356;0,00000000
15,60886356;0,00000000
15,61386356;1,39948320
15,61886356;0,00000000
15,62386356;0,46598175
15,62886356;0,93196350
15,63386356;0,46598175
15,63886356;0,00000000
15,64386356;0,46598175
15,64886356;0,46598175
15,65386356;0,46598175
15,65886356;-0,93196350
15,66386356;0,00000000
15,66886356;-0,46598175
15,67386356;-14,93448448
15,67886356;0,00000000
15,68386356;-0,46598175
15,68886356;0,46598175
15,69386356;0,00000000
15,69886356;0,00000000
15,70386356;0,46598175
15,70886356;0,00000000
15,71386356;-0,46598175
15,71886356;0,46598175
15,72386356;0,00000000
15,72886356;0,00000000
15,73386356;0,00000000
15,73886356;-0,93196350
15,74386356;0,46598175
15,74886356;0,46598175
15,75386355;-0,93196350
15,75886355;0,46598175
15,76386355;0,46598175
15,76886355;0,46598175
15,77386355;0,00000000
15,77886355;0,46598175
15,78386355;0,46598175
15,78886355;-0,46598175
15,79386355;-0,46598175
15,79886355;-0,46598175
15,80386355;0,46598175
15,80886355;0,46598175
15,81386355;0,00000000
15,81886355;-0,46598175
15,82386355;0,46598175
15,82886355;0,00000000
15,83386355;-0,46598175
15,83886355;0,00000000
15,84386355;0,00000000
15,84886355;0,00000000
15,85386355;0,00000000
15,85886355;0,00000000
15,86386355;0,00000000
15,86886355;0,93196350
15,87386355;0,00000000
15,87886355;0,00000000
15,88386355;0,00000000
15,88886355;-0,46598175
15,89386355;0,00000000
15,89886355;-0,93196350
15,90386355;-0,46598175
15,90886355;-0,46598175
15,91386355;0,00000000
15,91886355;-0,93196350
15,92386355;0,46598175
15,92886355;0,46598175
15,93386355;0,00000000
15,93886355;0,00000000
15,94386355;0,00000000
15,94886355;0,93196350
15,95386355;1,39948320
15,95886355;0,00000000
15,96386355;0,46598175
15,96886355;0,00000000
15,97386355;0,46598175
15,97886355;0,00000000
15,98386355;0,00000000
15,98886355;0,46598175
15,99386355;0,00000000
15,99886355;0,00000000
16,00386355;0,00000000
16,00886355;-1,39948320
16,01386355;0,93196350
16,01886355;0,00000000
16,02386355;-0,46598175
16,02886355;0,00000000
16,03386355;0,46598175
16,03886355;0,00000000
16,04386355;0,93196350
16,04886355;-0,93196350
16,05386355;-0,46598175
16,05886355;-0,93196350
16,06386355;-0,46598175
16,06886355;0,46598175
16,07386355;-0,46598175
16,07886355;0,00000000
16,08386355;0,00000000
16,08886355;0,46598175
16,09386355;-0,46598175
16,09886355;-0,46598175
16,10386355;-0,46598175
16,10886355;-0,46598175
16,11386355;6,53297186
16,11886355;0,00000000
16,12386355;0,46598175
16,12886355;0,46598175
16,13386355;0,00000000
16,13886355;0,93196350
16,14386355;0,46598175
16,14886355;0,00000000
16,15386354;0,00000000
16,15886354;0,00000000
16,16386354;0,46598175
16,16886354;0,93196350
16,17386354;-0,46598175
16,17886354;-0,46598175
16,18386354;0,00000000
16,18886354;0,93196350
16,19386354;0,46598175
16,19886354;-0,46598175
16,20386354;0,46598175
16,20886354;0,46598175
16,21386354;0,00000000
16,21886354;1,39948320
16,22386354;0,00000000
16,22886354;0,46598175
16,23386354;-0,93196350
16,23886354;1,39948320
16,24386354;0,00000000
16,24886354;-0,46598175
16,25386354;0,00000000
16,25886354;0,00000000
16,26386354;0,46598175
16,26886354;0,46598175
16,27386354;0,46598175
16,27886354;0,46598175
16,28386354;0,46598175
16,28886354;0,00000000
16,29386354;0,00000000
16,29886354;0,46598175
16,30386354;-1,39948320
16,30886354;0,00000000
16,31386354;0,46598175
16,31886354;0,00000000
16,32386354;0,00000000
16,32886354;0,46598175
16,33386354;0,46598175
16,33886354;0,46598175
16,34386354;0,00000000
16,34886354;0,00000000
16,35386354;-1,39948320
16,35886354;0,00000000
16,36386354;1,39948320
16,36886354;0,00000000
16,37386354;0,46598175
16,37886354;0,00000000
16,38386354;0,00000000
16,38886354;1,39948320
16,39386354;-0,93196350
16,39886354;0,00000000
16,40386354;0,00000000
16,40886354;0,00000000
16,41386354;0,46598175
16,41886354;-0,46598175
16,42386354;0,00000000
16,42886354;0,00000000
16,43386354;0,00000000
16,43886354;0,00000000
16,44386354;0,00000000
16,44886354;0,00000000
16,45386354;0,46598175
16,45886354;0,46598175
16,46386354;0,46598175
16,46886354;-0,46598175
16,47386354;0,00000000
16,47886354;0,46598175
16,48386354;0,00000000
16,48886354;0,93196350
16,49386354;0,00000000
16,49886354;-0,46598175
16,50386354;-0,46598175
16,50886354;0,00000000
16,51386354;-0,46598175
16,51886354;0,46598175
16,52386354;0,46598175
16,52886354;0,00000000
16,53386354;0,00000000
16,53886354;0,00000000
16,54386354;0,93196350
16,54886353;-0,46598175
16,55386353;0,46598175
16,55886353;0,00000000
16,56386353;-0,46598175
16,56886353;0,00000000
16,57386353;0,46598175
16,57886353;0,00000000
16,58386353;-0,46598175
16,58886353;0,46598175
16,59386353;-0,46598175
16,59886353;-0,46598175
16,60386353;-0,46598175
16,60886353;0,46598175
16,61386353;0,00000000
16,61886353;-0,46598175
16,62386353;0,46598175
16,62886353;0,00000000
16,63386353;0,00000000
16,63886353;0,00000000
16,64386353;0,00000000
16,64886353;-0,46598175
16,65386353;0,00000000
16,65886353;0,00000000
16,66386353;0,46598175
16,66886353;0,00000000
16,67386353;0,00000000
16,67886353;0,46598175
16,68386353;0,46598175
16,68886353;0,00000000
16,69386353;0,46598175
16,69886353;0,93196350
16,70386353;0,46598175
16,70886353;0,00000000
16,71386353;0,93196350
16,71886353;0,00000000
16,72386353;0,46598175
16,72886353;0,46598175
16,73386353;0,00000000
16,73886353;1,86546493
16,74386353;0,00000000
16,74886353;0,00000000
16,75386353;-0,46598175
16,75886353;0,46598175
16,76386353;0,00000000
16,76886353;-0,93196350
16,77386353;-0,46598175
16,77886353;0,00000000
16,78386353;0,93196350
16,78886353;0,00000000
16,79386353;-0,93196350
16,79886353;0,93196350
16,80386353;0,00000000
16,80886353;0,00000000
16,81386353;-0,93196350
16,81886353;0,46598175
16,82386353;0,46598175
16,82886353;-0,46598175
16,83386353;0,00000000
16,83886353;0,00000000
16,84386353;-0,93196350
16,84886353;0,00000000
16,85386353;0,93196350
16,85886353;0,46598175
16,86386353;-0,93196350
16,86886353;0,00000000
16,87386353;0,46598175
16,87886353;-0,46598175
16,88386353;0,00000000
16,88886353;0,93196350
16,89386353;-0,46598175
16,89886353;0,46598175
16,90386353;0,00000000
16,90886353;-0,46598175
16,91386353;0,00000000
16,91886353;0,00000000
16,92386353;0,00000000
16,92886353;0,00000000
16,93386353;0,93196350
16,93886353;-0,93196350
16,94386352;0,46598175
16,94886352;0,00000000
16,95386352;1,86546493
16,95886352;-0,93196350
16,96386352;0,46598175
16,96886352;-0,93196350
16,97386352;0,46598175
16,97886352;0,00000000
16,98386352;0,00000000
16,98886352;0,00000000
16,99386352;0,00000000
16,99886352;0,00000000
17,00386352;0,00000000
17,00886352;0,46598175
17,01386352;0,00000000
17,01886352;0,00000000
17,02386352;0,93196350
17,02886352;-0,46598175
17,03386352;0,00000000
17,03886352;-0,46598175
17,04386352;-0,46598175
17,04886352;0,00000000
17,05386352;0,00000000
17,05886352;-0,46598175
17,06386352;-0,46598175
17,06886352;0,46598175
17,07386352;0,00000000
17,07886352;0,93196350
17,08386352;0,46598175
17,08886352;0,46598175
17,09386352;0,46598175
17,09886352;0,00000000
17,10386352;0,46598175
17,10886352;-0,46598175
17,11386352;-0,46598175
17,11886352;0,00000000
17,12386352;0,93196350
17,12886352;0,46598175
17,13386352;-0,46598175
17,13886352;0,46598175
17,14386352;0,00000000
17,14886352;0,00000000
17,15386352;-1,86546493
17,15886352;0,00000000
17,16386352;0,46598175
17,16886352;-1,39948320
17,17386352;0,46598175
17,17886352;0,00000000
17,18386352;0,00000000
17,18886352;0,00000000
17,19386352;0,00000000
17,19886352;0,46598175
17,20386352;0,93196350
17,20886352;0,00000000
17,21386352;0,46598175
17,21886352;0,46598175
17,22386352;0,93196350
17,22886352;0,93196350
17,23386352;0,46598175
17,23886352;0,00000000
17,24386352;-0,46598175
17,24886352;0,00000000
17,25386352;0,00000000
17,25886352;0,00000000
17,26386352;0,00000000
17,26886352;1,86546493
17,27386352;0,46598175
17,27886352;1,39948320
17,28386352;0,00000000
17,28886352;0,00000000
17,29386352;-0,46598175
17,29886352;-0,46598175
17,30386352;0,46598175
17,30886352;0,00000000
17,31386352;0,93196350
17,31886352;0,00000000
17,32386352;0,00000000
17,32886352;0,46598175
17,33386352;0,00000000
17,33886351;-0,46598175
17,34386351;1,39948320
17,34886351;-0,46598175
17,35386351;0,46598175
17,35886351;-0,93196350
17,36386351;0,46598175
17,36886351;0,00000000
17,37386351;0,46598175
17,37886351;0,00000000
17,38386351;0,00000000
17,38886351;-0,46598175
17,39386351;0,00000000
17,39886351;0,46598175
17,40386351;-1,39948320
17,40886351;0,00000000
17,41386351;0,93196350
17,41886351;-0,46598175
17,42386351;0,46598175
17,42886351;0,93196350
17,43386351;0,46598175
17,43886351;0,00000000
17,44386351;0,46598175
17,44886351;-0,46598175
17,45386351;-0,93196350
17,45886351;0,46598175
17,46386351;0,46598175
17,46886351;0,46598175
17,47386351;0,46598175
17,47886351;0,00000000
17,48386351;0,46598175
17,48886351;0,46598175
17,49386351;0,46598175
17,49886351;0,46598175
17,50386351;16,80148888
17,50886351;-0,46598175
17,51386351;0,46598175
17,51886351;-0,46598175
17,52386351;0,46598175
17,52886351;0,46598175
17,53386351;0,00000000
17,53886351;1,39948320
17,54386351;0,46598175
17,54886351;0,46598175
17,55386351;0,00000000
17,55886351;0,46598175
17,56386351;0,46598175
17,56886351;-0,46598175
17,57386351;0,00000000
17,57886351;0,46598175
17,58386351;0,46598175
17,58886351;-0,93196350
17,59386351;0,93196350
17,59886351;0,00000000
17,60386351;0,46598175
17,60886351;0,46598175
17,61386351;-0,93196350
17,61886351;0,00000000
17,62386351;0,46598175
17,62886351;-0,46598175
17,63386351;-0,46598175
17,63886351;-0,46598175
17,64386351;0,00000000
17,64886351;0,46598175
17,65386351;0,46598175
17,65886351;0,00000000
17,66386351;0,00000000
17,66886351;0,93196350
17,67386351;1,39948320
17,67886351;0,00000000
17,68386351;0,00000000
17,68886351;0,46598175
17,69386351;-0,46598175
17,69886351;-0,46598175
17,70386351;0,46598175
17,70886351;0,00000000
17,71386351;0,93196350
17,71886351;0,00000000
17,72386351;0,00000000
17,72886351;0,00000000
17,73386350;-0,46598175
17,73886350;0,00000000
17,74386350;1,39948320
17,74886350;0,00000000
17,75386350;0,00000000
17,75886350;0,00000000
17,76386350;0,00000000
17,76886350;0,46598175
17,77386350;2,33298445
17,77886350;0,00000000
17,78386350;0,00000000
17,78886350;0,46598175
17,79386350;0,00000000
17,79886350;0,46598175
17,80386350;0,46598175
17,80886350;1,86546493
17,81386350;0,46598175
17,81886350;0,46598175
17,82386350;0,46598175
17,82886350;-0,46598175
17,83386350;-0,46598175
17,83886350;4,66596889
17,84386350;0,00000000
17,84886350;-0,46598175
17,85386350;0,93196350
17,85886350;0,00000000
17,86386350;1,39948320
17,86886350;1,86546493
17,87386350;0,00000000
17,87886350;-0,46598175
17,88386350;0,00000000
17,88886350;0,00000000
17,89386350;0,00000000
17,89886350;0,46598175
17,90386350;0,00000000
17,90886350;0,00000000
17,91386350;0,00000000
17,91886350;0,00000000
17,92386350;0,00000000
17,92886350;-2,79896641
17,93386350;0,93196350
17,93886350;-0,46598175
17,94386350;0,00000000
17,94886350;0,00000000
17,95386350;0,46598175
17,95886350;0,00000000
17,96386350;0,00000000
17,96886350;0,00000000
17,97386350;0,93196350
17,97886350;0,46598175
17,98386350;0,00000000
17,98886350;-0,46598175
17,99386350;-0,93196350
17,99886350;0,00000000
18,00386350;0,46598175
18,00886350;0,00000000
18,01386350;0,46598175
18,01886350;0,46598175
18,02386350;0,00000000
18,02886350;0,00000000
18,03386350;0,00000000
18,03886350;-5,13348866
18,04386350;0,00000000
18,04886350;0,00000000
18,05386350;0,46598175
18,05886350;0,46598175
18,06386350;0,00000000
18,06886350;0,46598175
18,07386350;0,00000000
18,07886350;-1,39948320
18,08386350;0,00000000
18,08886350;0,00000000
18,09386350;-0,93196350
18,09886350;0,00000000
18,10386350;0,00000000
18,10886350;0,46598175
18,11386350;0,00000000
18,11886350;0,46598175
18,12386350;-0,93196350
18,12886349;-0,46598175
18,13386349;0,00000000
18,13886349;0,46598175
18,14386349;-0,46598175
18,14886349;0,46598175
18,15386349;-1,39948320
18,15886349;0,00000000
18,16386349;0,46598175
18,16886349;-0,93196350
18,17386349;0,93196350
18,17886349;0,00000000
18,18386349;-0,46598175
18,18886349;0,46598175
18,19386349;0,00000000
18,19886349;0,00000000
18,20386349;0,00000000
18,20886349;0,46598175
18,21386349;0,46598175
18,21886349;0,46598175
18,22386349;0,46598175
18,22886349;0,93196350
18,23386349;0,46598175
18,23886349;0,46598175
18,24386349;-0,93196350
18,24886349;0,00000000
18,25386349;0,00000000
18,25886349;0,46598175
18,26386349;0,46598175
18,26886349;0,00000000
18,27386349;0,46598175
18,27886349;0,46598175
18,28386349;0,00000000
18,28886349;0,00000000
18,29386349;0,46598175
18,29886349;0,46598175
18,30386349;0,46598175
18,30886349;0,00000000
18,31386349;0,93196350
18,31886349;0,00000000
18,32386349;0,00000000
18,32886349;1,39948320
18,33386349;0,93196350
18,33886349;0,93196350
18,34386349;0,00000000
18,34886349;0,00000000
18,35386349;0,00000000
18,35886349;-0,93196350
18,36386349;-0,93196350
18,36886349;1,86546493
18,37386349;0,00000000
18,37886349;-0,46598175
18,38386349;0,46598175
18,38886349;0,00000000
18,39386349;0,46598175
18,39886349;-0,46598175
18,40386349;1,39948320
18,40886349;1,39948320
18,41386349;0,46598175
18,41886349;0,00000000
18,42386349;0,00000000
18,42886349;0,00000000
18,43386349;0,93196350
18,43886349;0,00000000
18,44386349;0,46598175
18,44886349;-0,46598175
18,45386349;0,00000000
18,45886349;0,00000000
18,46386349;0,00000000
18,46886349;-0,93196350
18,47386349;0,46598175
18,47886349;0,00000000
18,48386349;0,00000000
18,48886349;0,00000000
18,49386349;0,46598175
18,49886349;-0,46598175
18,50386349;0,00000000
18,50886349;-0,46598175
18,51386349;0,00000000
18,51886349;0,00000000
18,52386349;0,00000000
18,52886348;0,00000000
18,53386348;0,00000000
18,53886348;0,00000000
18,54386348;-0,46598175
18,54886348;0,00000000
18,55386348;0,00000000
18,55886348;0,00000000
18,56386348;-0,93196350
18,56886348;0,46598175
18,57386348;0,00000000
18,57886348;0,00000000
18,58386348;-0,93196350
18,58886348;0,00000000
18,59386348;-0,46598175
18,59886348;0,46598175
18,60386348;-0,46598175
18,60886348;0,00000000
18,61386348;0,46598175
18,61886348;0,00000000
18,62386348;0,00000000
18,62886348;-0,46598175
18,63386348;0,46598175
18,63886348;-2,33298445
18,64386348;-0,46598175
18,64886348;0,46598175
18,65386348;0,46598175
18,65886348;0,46598175
18,66386348;-0,46598175
18,66886348;0,93196350
18,67386348;0,00000000
18,67886348;0,46598175
18,68386348;0,46598175
18,68886348;-0,46598175
18,69386348;0,00000000
18,69886348;0,00000000
18,70386348;0,46598175
18,70886348;0,46598175
18,71386348;0,93196350
18,71886348;0,00000000
18,72386348;0,00000000
18,72886348;0,00000000
18,73386348;0,00000000
18,73886348;0,46598175
18,74386348;0,46598175
18,74886348;0,00000000
18,75386348;-0,93196350
18,75886348;-0,93196350
18,76386348;0,00000000
18,76886348;0,93196350
18,77386348;-0,46598175
18,77886348;0,46598175
18,78386348;0,00000000
18,78886348;0,93196350
18,79386348;0,46598175
18,79886348;0,93196350
18,80386348;-0,46598175
18,80886348;0,00000000
18,81386348;0,46598175
18,81886348;0,46598175
18,82386348;0,00000000
18,82886348;0,93196350
18,83386348;0,46598175
18,83886348;0,00000000
18,84386348;0,00000000
18,84886348;0,00000000
18,85386348;0,46598175
18,85886348;0,46598175
18,86386348;0,00000000
18,86886348;0,46598175
18,87386348;-0,93196350
18,87886348;0,00000000
18,88386348;0,00000000
18,88886348;0,46598175
18,89386348;0,46598175
18,89886348;0,93196350
18,90386348;0,46598175
18,90886348;0,46598175
18,91386348;0,46598175
18,91886348;0,93196350
18,92386347;0,00000000
18,92886347;0,00000000
18,93386347;0,46598175
18,93886347;0,46598175
18,94386347;-0,46598175
18,94886347;0,00000000
18,95386347;0,93196350
18,95886347;0,46598175
18,96386347;0,00000000
18,96886347;3,73246789
18,97386347;0,46598175
18,97886347;0,00000000
18,98386347;0,00000000
18,98886347;0,00000000
18,99386347;0,00000000
18,99886347;0,46598175
19,00386347;0,46598175
19,00886347;0,00000000
19,01386347;-0,46598175
19,01886347;0,00000000
19,02386347;0,00000000
19,02886347;0,46598175
19,03386347;0,00000000
19,03886347;-0,93196350
19,04386347;0,46598175
19,04886347;-0,93196350
19,05386347;0,46598175
19,05886347;-0,46598175
19,06386347;0,00000000
19,06886347;0,46598175
19,07386347;0,00000000
19,07886347;0,46598175
19,08386347;0,46598175
19,08886347;0,00000000
19,09386347;0,00000000
19,09886347;-0,46598175
19,10386347;-0,46598175
19,10886347;0,00000000
19,11386347;0,00000000
19,11886347;0,46598175
19,12386347;0,00000000
19,12886347;-0,46598175
19,13386347;0,46598175
19,13886347;0,00000000
19,14386347;0,46598175
19,14886347;0,46598175
19,15386347;0,46598175
19,15886347;0,46598175
19,16386347;0,93196350
19,16886347;-0,93196350
19,17386347;0,00000000
19,17886347;0,00000000
19,18386347;0,00000000
19,18886347;0,00000000
19,19386347;0,93196350
19,19886347;0,00000000
19,20386347;-0,46598175
19,20886347;0,46598175
19,21386347;0,00000000
19,21886347;0,93196350
19,22386347;0,00000000
19,22886347;0,00000000
19,23386347;0,93196350
19,23886347;0,00000000
19,24386347;0,00000000
19,24886347;0,46598175
19,25386347;0,00000000
19,25886347;0,93196350
19,26386347;0,46598175
19,26886347;0,46598175
19,27386347;0,46598175
19,27886347;0,46598175
19,28386347;-0,46598175
19,28886347;0,93196350
19,29386347;0,46598175
19,29886347;0,46598175
19,30386347;0,00000000
19,30886347;0,00000000
19,31386347;-0,93196350
19,31886346;0,46598175
19,32386346;0,00000000
19,32886346;0,46598175
19,33386346;-0,46598175
19,33886346;0,93196350
19,34386346;0,00000000
19,34886346;0,46598175
19,35386346;0,46598175
19,35886346;2,33298445
19,36386346;0,00000000
19,36886346;0,00000000
19,37386346;0,46598175
19,37886346;0,00000000
19,38386346;-0,93196350
19,38886346;0,93196350
19,39386346;0,00000000
19,39886346;0,00000000
19,40386346;0,46598175
19,40886346;0,46598175
19,41386346;0,00000000
19,41886346;0,00000000
19,42386346;0,46598175
19,42886346;0,46598175
19,43386346;0,00000000
19,43886346;0,46598175
19,44386346;-0,46598175
19,44886346;1,39948320
19,45386346;-0,46598175
19,45886346;0,93196350
19,46386346;0,46598175
19,46886346;-0,46598175
19,47386346;0,93196350
19,47886346;0,00000000
19,48386346;0,00000000
19,48886346;0,46598175
19,49386346;0,46598175
19,49886346;0,46598175
19,50386346;0,00000000
19,50886346;0,00000000
19,51386346;0,46598175
19,51886346;0,00000000
19,52386346;-0,46598175
19,52886346;0,46598175
19,53386346;0,00000000
19,53886346;-0,46598175
19,54386346;0,00000000
19,54886346;0,00000000
19,55386346;0,93196350
19,55886346;0,46598175
19,56386346;0,00000000
19,56886346;0,93196350
19,57386346;-0,93196350
19,57886346;0,46598175
19,58386346;0,46598175
19,58886346;0,46598175
19,59386346;0,00000000
19,59886346;-0,46598175
19,60386346;-0,93196350
19,60886346;0,46598175
19,61386346;0,00000000
19,61886346;0,00000000
19,62386346;0,46598175
19,62886346;0,46598175
19,63386346;-1,86546493
19,63886346;0,00000000
19,64386346;0,00000000
19,64886346;0,46598175
19,65386346;0,93196350
19,65886346;0,00000000
19,66386346;0,00000000
19,66886346;0,46598175
19,67386346;1,86546493
19,67886346;0,00000000
19,68386346;0,00000000
19,68886346;-0,46598175
19,69386346;0,46598175
19,69886346;0,46598175
19,70386346;0,46598175
19,70886346;0,46598175
19,71386345;0,46598175
19,71886345;-1,39948320
19,72386345;0,93196350
19,72886345;-1,39948320
19,73386345;-0,46598175
19,73886345;0,46598175
19,74386345;0,00000000
19,74886345;0,00000000
19,75386345;0,46598175
19,75886345;0,93196350
19,76386345;0,00000000
19,76886345;0,93196350
19,77386345;0,46598175
19,77886345;0,00000000
19,78386345;-0,46598175
19,78886345;0,00000000
19,79386345;0,00000000
19,79886345;-0,46598175
19,80386345;0,46598175
19,80886345;0,00000000
19,81386345;-0,46598175
19,81886345;0,00000000
19,82386345;0,46598175
19,82886345;0,00000000
19,83386345;0,46598175
19,83886345;0,00000000
19,84386345;0,46598175
19,84886345;0,00000000
19,85386345;0,93196350
19,85886345;0,00000000
19,86386345;0,46598175
19,86886345;0,00000000
19,87386345;-0,46598175
19,87886345;0,93196350
19,88386345;0,46598175
19,88886345;0,00000000
19,89386345;0,00000000
19,89886345;0,00000000
19,90386345;0,46598175
19,90886345;0,46598175
19,91386345;-0,93196350
19,91886345;0,00000000
19,92386345;-0,46598175
19,92886345;0,00000000
19,93386345;0,46598175
19,93886345;0,46598175
19,94386345;0,00000000
19,94886345;-0,46598175
19,95386345;0,00000000
19,95886345;0,46598175
19,96386345;-0,46598175
19,96886345;1,39948320
19,97386345;0,00000000
19,97886345;-0,46598175
19,98386345;0,46598175
19,98886345;0,00000000
19,99386345;0,46598175
19,99886345;0,00000000
20,00386345;-0,46598175
20,00886345;0,46598175
20,01386345;0,93196350
20,01886345;0,46598175
20,02386345;0,46598175
20,02886345;0,46598175
20,03386345;-0,46598175
20,03886345;0,00000000
20,04386345;0,00000000
20,04886345;0,00000000
20,05386345;0,46598175
20,05886345;0,46598175
20,06386345;0,46598175
20,06886345;0,46598175
20,07386345;0,46598175
20,07886345;0,46598175
20,08386345;0,46598175
20,08886345;0,46598175
20,09386345;-0,93196350
20,09886345;0,46598175
20,10386345;0,00000000
20,10886344;0,46598175
20,11386344;0,46598175
20,11886344;0,00000000
20,12386344;0,46598175
20,12886344;0,93196350
20,13386344;0,46598175
20,13886344;0,46598175
20,14386344;0,00000000
20,14886344;1,39948320
20,15386344;0,00000000
20,15886344;0,46598175
20,16386344;0,00000000
20,16886344;-0,46598175
20,17386344;0,00000000
20,17886344;0,00000000
20,18386344;0,46598175
20,18886344;0,00000000
20,19386344;0,93196350
20,19886344;0,00000000
20,20386344;0,00000000
20,20886344;0,46598175
20,21386344;0,00000000
20,21886344;-0,46598175
20,22386344;0,00000000
20,22886344;0,00000000
20,23386344;-0,93196350
20,23886344;0,00000000
20,24386344;0,00000000
20,24886344;0,00000000
20,25386344;-0,46598175
20,25886344;0,00000000
20,26386344;0,00000000
20,26886344;0,00000000
20,27386344;0,00000000
20,27886344;-0,93196350
20,28386344;0,00000000
20,28886344;0,00000000
20,29386344;-0,93196350
20,29886344;0,46598175
20,30386344;0,00000000
20,30886344;0,46598175
20,31386344;0,46598175
20,31886344;0,46598175
20,32386344;0,46598175
20,32886344;0,00000000
20,33386344;0,46598175
20,33886344;0,00000000
20,34386344;0,46598175
20,34886344;0,46598175
20,35386344;0,93196350
20,35886344;0,00000000
20,36386344;0,93196350
20,36886344;0,46598175
20,37386344;-0,46598175
20,37886344;0,93196350
20,38386344;0,93196350
20,38886344;0,93196350
20,39386344;0,00000000
20,39886344;0,00000000
20,40386344;0,93196350
20,40886344;0,46598175
20,41386344;0,00000000
20,41886344;0,46598175
20,42386344;0,00000000
20,42886344;0,93196350
20,43386344;0,46598175
20,43886344;-0,46598175
20,44386344;0,00000000
20,44886344;0,46598175
20,45386344;-0,46598175
20,45886344;0,93196350
20,46386344;-0,93196350
20,46886344;0,00000000
20,47386344;-0,46598175
20,47886344;0,46598175
20,48386344;0,46598175
20,48886344;1,39948320
20,49386344;0,46598175
20,49886344;0,00000000
20,50386343;0,00000000
20,50886343;0,00000000
20,51386343;0,00000000
20,51886343;-0,46598175
20,52386343;0,00000000
20,52886343;-6,53297186
20,53386343;0,46598175
20,53886343;0,00000000
20,54386343;0,00000000
20,54886343;0,00000000
20,55386343;0,93196350
20,55886343;0,00000000
20,56386343;0,46598175
20,56886343;-0,93196350
20,57386343;-0,93196350
20,57886343;0,46598175
20,58386343;0,46598175
20,58886343;0,00000000
20,59386343;0,00000000
20,59886343;-0,46598175
20,60386343;0,00000000
20,60886343;-0,46598175
20,61386343;0,00000000
20,61886343;0,46598175
20,62386343;0,00000000
20,62886343;0,00000000
20,63386343;0,00000000
20,63886343;0,00000000
20,64386343;0,46598175
20,64886343;0,46598175
20,65386343;0,46598175
20,65886343;0,46598175
20,66386343;1,39948320
20,66886343;-0,46598175
20,67386343;0,46598175
20,67886343;0,00000000
20,68386343;0,00000000
20,68886343;0,00000000
20,69386343;0,93196350
20,69886343;1,39948320
20,70386343;0,00000000
20,70886343;0,46598175
20,71386343;1,39948320
20,71886343;-0,93196350
20,72386343;0,93196350
20,72886343;0,46598175
20,73386343;0,00000000
20,73886343;0,46598175
20,74386343;0,00000000
20,74886343;0,00000000
20,75386343;-0,93196350
20,75886343;0,00000000
20,76386343;-0,46598175
20,76886343;0,00000000
20,77386343;0,46598175
20,77886343;0,46598175
20,78386343;0,00000000
20,78886343;0,00000000
20,79386343;1,86546493
20,79886343;0,00000000
20,80386343;0,46598175
20,80886343;-0,46598175
20,81386343;-0,46598175
20,81886343;-0,93196350
20,82386343;0,00000000
20,82886343;0,46598175
20,83386343;0,00000000
20,83886343;0,00000000
20,84386343;0,46598175
20,84886343;-0,46598175
20,85386343;0,46598175
20,85886343;0,46598175
20,86386343;-0,46598175
20,86886343;-0,46598175
20,87386343;0,00000000
20,87886343;-0,46598175
20,88386343;0,46598175
20,88886343;0,00000000
20,89386343;0,00000000
20,89886343;0,00000000
20,90386342;0,00000000
20,90886342;0,00000000
20,91386342;0,46598175
20,91886342;-0,46598175
20,92386342;-0,46598175
20,92886342;-0,93196350
20,93386342;0,46598175
20,93886342;-0,46598175
20,94386342;-0,46598175
20,94886342;0,00000000
20,95386342;-1,39948320
20,95886342;0,46598175
20,96386342;0,00000000
20,96886342;0,93196350
20,97386342;0,00000000
20,97886342;0,00000000
20,98386342;0,46598175
20,98886342;0,46598175
20,99386342;0,46598175
20,99886342;0,00000000
21,00386342;0,46598175
21,00886342;0,46598175
21,01386342;0,00000000
21,01886342;-0,46598175
21,02386342;0,00000000
21,02886342;0,46598175
21,03386342;-0,46598175
21,03886342;0,46598175
21,04386342;-0,46598175
21,04886342;0,46598175
21,05386342;0,00000000
21,05886342;0,93196350
21,06386342;0,46598175
21,06886342;0,46598175
21,07386342;-0,46598175
21,07886342;-0,93196350
21,08386342;0,93196350
21,08886342;-1,39948320
21,09386342;-0,93196350
21,09886342;0,00000000
21,10386342;-0,46598175
21,10886342;0,00000000
21,11386342;0,00000000
21,11886342;0,46598175
21,12386342;0,46598175
21,12886342;0,46598175
21,13386342;0,00000000
21,13886342;-1,86546493
21,14386342;0,00000000
21,14886342;0,00000000
21,15386342;0,00000000
21,15886342;-0,93196350
21,16386342;0,00000000
21,16886342;-0,93196350
21,17386342;0,93196350
21,17886342;0,00000000
21,18386342;0,00000000
21,18886342;0,00000000
21,19386342;0,46598175
21,19886342;0,00000000
21,20386342;0,00000000
21,20886342;0,00000000
21,21386342;-0,46598175
21,21886342;0,46598175
21,22386342;-0,93196350
21,22886342;0,00000000
21,23386342;-0,93196350
21,23886342;0,46598175
21,24386342;-0,46598175
21,24886342;0,93196350
21,25386342;0,00000000
21,25886342;-0,46598175
21,26386342;0,00000000
21,26886342;0,00000000
21,27386342;0,00000000
21,27886342;-0,46598175
21,28386342;-0,46598175
21,28886342;0,00000000
21,29386342;0,46598175
21,29886341;0,46598175
21,30386341;-0,46598175
21,30886341;0,00000000
21,31386341;-0,46598175
21,31886341;0,93196350
21,32386341;0,46598175
21,32886341;0,00000000
21,33386341;-0,93196350
21,33886341;0,00000000
21,34386341;0,46598175
21,34886341;3,26648593
21,35386341;0,46598175
21,35886341;0,00000000
21,36386341;-0,46598175
21,36886341;0,00000000
21,37386341;0,46598175
21,37886341;0,46598175
21,38386341;-0,46598175
21,38886341;-3,26648593
21,39386341;0,00000000
21,39886341;0,00000000
21,40386341;0,00000000
21,40886341;0,46598175
21,41386341;0,00000000
21,41886341;0,46598175
21,42386341;-0,46598175
21,42886341;0,00000000
21,43386341;0,46598175
21,43886341;0,00000000
21,44386341;0,00000000
21,44886341;0,00000000
21,45386341;-0,46598175
21,45886341;0,46598175
21,46386341;0,93196350
21,46886341;0,46598175
21,47386341;0,46598175
21,47886341;0,93196350
21,48386341;-0,46598175
21,48886341;0,00000000
21,49386341;0,46598175
21,49886341;-0,46598175
21,50386341;0,00000000
21,50886341;0,46598175
21,51386341;-0,46598175
21,51886341;0,00000000
21,52386341;0,46598175
21,52886341;0,46598175
21,53386341;-0,46598175
21,53886341;0,00000000
21,54386341;0,00000000
21,54886341;0,00000000
21,55386341;0,46598175
21,55886341;0,00000000
21,56386341;-0,46598175
21,56886341;0,46598175
21,57386341;0,46598175
21,57886341;0,46598175
21,58386341;0,93196350
21,58886341;-0,93196350
21,59386341;0,46598175
21,59886341;0,46598175
21,60386341;0,46598175
21,60886341;0,00000000
21,61386341;-0,93196350
21,61886341;0,46598175
21,62386341;-0,46598175
21,62886341;0,00000000
21,63386341;0,46598175
21,63886341;0,46598175
21,64386341;0,00000000
21,64886341;0,00000000
21,65386341;0,00000000
21,65886341;0,93196350
21,66386341;0,46598175
21,66886341;0,46598175
21,67386341;0,00000000
21,67886341;0,46598175
21,68386341;-0,46598175
21,68886341;0,46598175
21,69386340;-0,46598175
21,69886340;-0,46598175
21,70386340;-0,93196350
21,70886340;0,46598175
21,71386340;-0,46598175
21,71886340;0,46598175
21,72386340;-0,93196350
21,72886340;0,93196350
21,73386340;-0,46598175
21,73886340;-0,93196350
21,74386340;0,46598175
21,74886340;0,46598175
21,75386340;0,46598175
21,75886340;0,00000000
21,76386340;0,00000000
21,76886340;-1,39948320
21,77386340;0,93196350
21,77886340;0,00000000
21,78386340;-0,46598175
21,78886340;-0,46598175
21,79386340;0,00000000
21,79886340;0,00000000
21,80386340;0,46598175
21,80886340;0,46598175
21,81386340;0,00000000
21,81886340;0,46598175
21,82386340;-1,39948320
21,82886340;0,46598175
21,83386340;-0,93196350
21,83886340;0,93196350
21,84386340;0,00000000
21,84886340;-0,46598175
21,85386340;0,46598175
21,85886340;0,00000000
21,86386340;-0,46598175
21,86886340;-0,46598175
21,87386340;0,00000000
21,87886340;0,46598175
21,88386340;0,00000000
21,88886340;0,46598175
21,89386340;-0,46598175
21,89886340;0,00000000
21,90386340;0,00000000
21,90886340;0,00000000
21,91386340;-0,46598175
21,91886340;0,00000000
21,92386340;-0,93196350
21,92886340;0,00000000
21,93386340;0,93196350
21,93886340;0,00000000
21,94386340;0,46598175
21,94886340;0,00000000
21,95386340;0,00000000
21,95886340;0,00000000
21,96386340;0,00000000
21,96886340;-0,93196350
21,97386340;-0,46598175
21,97886340;0,00000000
21,98386340;0,93196350
21,98886340;0,46598175
21,99386340;0,46598175
21,99886340;0,00000000
22,00386340;0,46598175
22,00886340;0,00000000
22,01386340;0,46598175
22,01886340;0,46598175
22,02386340;-0,46598175
22,02886340;-0,93196350
22,03386340;0,46598175
22,03886340;0,00000000
22,04386340;0,46598175
22,04886340;0,46598175
22,05386340;-0,93196350
22,05886340;1,39948320
22,06386340;0,00000000
22,06886340;0,00000000
22,07386340;0,46598175
22,07886340;0,46598175
22,08386340;0,46598175
22,08886339;0,46598175
22,09386339;-0,93196350
22,09886339;-0,46598175
22,10386339;-0,93196350
22,10886339;0,46598175
22,11386339;0,46598175
22,11886339;0,00000000
22,12386339;0,46598175
22,12886339;-0,46598175
22,13386339;0,00000000
22,13886339;0,93196350
22,14386339;0,00000000
22,14886339;0,46598175
22,15386339;-0,93196350
22,15886339;-0,46598175
22,16386339;-0,46598175
22,16886339;0,00000000
22,17386339;0,00000000
22,17886339;0,00000000
22,18386339;0,93196350
22,18886339;0,46598175
22,19386339;0,00000000
22,19886339;0,46598175
22,20386339;-0,46598175
22,20886339;-0,46598175
22,21386339;0,00000000
22,21886339;0,46598175
22,22386339;-0,46598175
22,22886339;0,46598175
22,23386339;0,00000000
22,23886339;0,46598175
22,24386339;0,46598175
22,24886339;0,46598175
22,25386339;-0,46598175
22,25886339;0,00000000
22,26386339;-0,46598175
22,26886339;-0,46598175
22,27386339;0,46598175
22,27886339;0,46598175
22,28386339;0,00000000
22,28886339;0,00000000
22,29386339;-0,46598175
22,29886339;0,00000000
22,30386339;1,86546493
22,30886339;0,46598175
22,31386339;0,00000000
22,31886339;0,00000000
22,32386339;0,46598175
22,32886339;0,00000000
22,33386339;-0,93196350
22,33886339;-0,46598175
22,34386339;0,46598175
22,34886339;0,00000000
22,35386339;-0,93196350
22,35886339;0,00000000
22,36386339;0,00000000
22,36886339;0,93196350
22,37386339;-0,46598175
22,37886339;0,00000000
22,38386339;-0,46598175
22,38886339;0,00000000
22,39386339;0,46598175
22,39886339;0,46598175
22,40386339;-0,46598175
22,40886339;0,00000000
22,41386339;-0,93196350
22,41886339;0,00000000
22,42386339;0,46598175
22,42886339;-0,46598175
22,43386339;0,00000000
22,43886339;0,46598175
22,44386339;0,46598175
22,44886339;0,00000000
22,45386339;-0,93196350
22,45886339;-0,46598175
22,46386339;-0,46598175
22,46886339;0,93196350
22,47386339;0,46598175
22,47886339;0,93196350
22,48386338;-0,93196350
22,48886338;0,00000000
22,49386338;0,00000000
22,49886338;0,46598175
22,50386338;0,46598175
22,50886338;0,00000000
22,51386338;-0,93196350
22,51886338;-0,46598175
22,52386338;0,00000000
22,52886338;0,46598175
22,53386338;0,00000000
22,53886338;-0,46598175
22,54386338;1,86546493
22,54886338;0,46598175
22,55386338;-0,93196350
22,55886338;0,00000000
22,56386338;0,00000000
22,56886338;0,00000000
22,57386338;-0,46598175
22,57886338;0,46598175
22,58386338;-1,39948320
22,58886338;0,00000000
22,59386338;0,93196350
22,59886338;-1,86546493
22,60386338;0,46598175
22,60886338;0,00000000
22,61386338;-0,46598175
22,61886338;0,00000000
22,62386338;1,39948320
22,62886338;0,46598175
22,63386338;0,00000000
22,63886338;0,00000000
22,64386338;0,46598175
22,64886338;0,00000000
22,65386338;0,00000000
22,65886338;0,00000000
22,66386338;0,46598175
22,66886338;0,46598175
22,67386338;0,46598175
22,67886338;0,93196350
22,68386338;0,00000000
22,68886338;-2,33298445
22,69386338;0,00000000
22,69886338;0,00000000
22,70386338;0,93196350
22,70886338;0,00000000
22,71386338;0,00000000
22,71886338;0,00000000
22,72386338;0,46598175
22,72886338;-0,93196350
22,73386338;0,46598175
22,73886338;0,00000000
22,74386338;0,93196350
22,74886338;0,00000000
22,75386338;0,00000000
22,75886338;0,46598175
22,76386338;0,46598175
22,76886338;-0,93196350
22,77386338;0,46598175
22,77886338;0,00000000
22,78386338;-0,93196350
22,78886338;0,00000000
22,79386338;0,00000000
22,79886338;0,00000000
22,80386338;0,46598175
22,80886338;0,93196350
22,81386338;0,00000000
22,81886338;-0,46598175
22,82386338;0,00000000
22,82886338;0,00000000
22,83386338;0,46598175
22,83886338;0,00000000
22,84386338;0,00000000
22,84886338;0,00000000
22,85386338;0,00000000
22,85886338;0,00000000
22,86386338;0,46598175
22,86886338;0,00000000
22,87386338;-0,46598175
22,87886337;0,00000000
22,88386337;0,46598175
22,88886337;0,00000000
22,89386337;0,46598175
22,89886337;0,00000000
22,90386337;0,46598175
22,90886337;0,46598175
22,91386337;-0,46598175
22,91886337;0,46598175
22,92386337;0,46598175
22,92886337;0,46598175
22,93386337;0,00000000
22,93886337;0,46598175
22,94386337;0,00000000
22,94886337;0,93196350
22,95386337;0,00000000
22,95886337;0,00000000
22,96386337;0,00000000
22,96886337;0,00000000
22,97386337;-0,93196350
22,97886337;-0,46598175
22,98386337;-0,93196350
22,98886337;0,00000000
22,99386337;-0,46598175
22,99886337;-0,46598175
23,00386337;0,46598175
23,00886337;0,00000000
23,01386337;0,00000000
23,01886337;-0,93196350
23,02386337;0,93196350
23,02886337;0,46598175
23,03386337;0,00000000
23,03886337;0,00000000
23,04386337;-0,46598175
23,04886337;0,00000000
23,05386337;0,00000000
23,05886337;-0,93196350
23,06386337;0,46598175
23,06886337;-0,46598175
23,07386337;0,46598175
23,07886337;-0,46598175
23,08386337;0,46598175
23,08886337;-0,46598175
23,09386337;-0,93196350
23,09886337;0,00000000
23,10386337;0,46598175
23,10886337;0,00000000
23,11386337;-0,46598175
23,11886337;0,00000000
23,12386337;-0,46598175
23,12886337;0,46598175
23,13386337;0,46598175
23,13886337;0,93196350
23,14386337;0,00000000
23,14886337;0,46598175
23,15386337;0,93196350
23,15886337;0,93196350
23,16386337;0,00000000
23,16886337;0,00000000
23,17386337;0,00000000
23,17886337;-0,46598175
23,18386337;0,46598175
23,18886337;0,46598175
23,19386337;0,00000000
23,19886337;-1,39948320
23,20386337;12,60150051
23,20886337;-0,93196350
23,21386337;0,00000000
23,21886337;0,00000000
23,22386337;0,00000000
23,22886337;0,00000000
23,23386337;0,00000000
23,23886337;0,46598175
23,24386337;0,00000000
23,24886337;0,00000000
23,25386337;0,00000000
23,25886337;0,00000000
23,26386337;0,00000000
23,26886337;0,00000000
23,27386337;0,00000000
23,27886336;0,46598175
23,28386336;0,00000000
23,28886336;-0,93196350
23,29386336;-0,46598175
23,29886336;0,00000000
23,30386336;0,46598175
23,30886336;-0,46598175
23,31386336;0,00000000
23,31886336;-0,46598175
23,32386336;0,93196350
23,32886336;0,00000000
23,33386336;-0,93196350
23,33886336;-0,46598175
23,34386336;0,93196350
23,34886336;0,46598175
23,35386336;-0,46598175
23,35886336;-0,46598175
23,36386336;0,00000000
23,36886336;0,00000000
23,37386336;0,00000000
23,37886336;0,46598175
23,38386336;-0,46598175
23,38886336;-0,46598175
23,39386336;0,46598175
23,39886336;0,46598175
23,40386336;0,00000000
23,40886336;0,46598175
23,41386336;0,00000000
23,41886336;-0,46598175
23,42386336;-0,93196350
23,42886336;0,46598175
23,43386336;0,00000000
23,43886336;0,00000000
23,44386336;-0,46598175
23,44886336;0,46598175
23,45386336;-0,93196350
23,45886336;-0,93196350
23,46386336;-0,93196350
23,46886336;0,00000000
23,47386336;0,46598175
23,47886336;-0,46598175
23,48386336;-0,46598175
23,48886336;0,46598175
23,49386336;0,00000000
23,49886336;0,46598175
23,50386336;0,00000000
23,50886336;0,00000000
23,51386336;0,00000000
23,51886336;-0,93196350
23,52386336;-0,46598175
23,52886336;0,46598175
23,53386336;0,93196350
23,53886336;-0,46598175
23,54386336;-0,93196350
23,54886336;-0,46598175
23,55386336;0,00000000
23,55886336;-0,93196350
23,56386336;0,00000000
23,56886336;0,00000000
23,57386336;0,00000000
23,57886336;-0,46598175
23,58386336;0,00000000
23,58886336;0,46598175
23,59386336;0,00000000
23,59886336;-0,93196350
23,60386336;0,00000000
23,60886336;0,46598175
23,61386336;0,93196350
23,61886336;0,46598175
23,62386336;0,00000000
23,62886336;0,46598175
23,63386336;0,93196350
23,63886336;0,00000000
23,64386336;2,33298445
23,64886336;0,93196350
23,65386336;0,93196350
23,65886336;0,93196350
23,66386336;0,00000000
23,66886336;0,00000000
23,67386335;0,00000000
23,67886335;0,46598175
23,68386335;0,93196350
23,68886335;0,00000000
23,69386335;0,93196350
23,69886335;0,46598175
23,70386335;0,00000000
23,70886335;-0,93196350
23,71386335;2,33298445
23,71886335;0,00000000
23,72386335;0,46598175
23,72886335;0,00000000
23,73386335;0,00000000
23,73886335;0,46598175
23,74386335;0,46598175
23,74886335;1,39948320
23,75386335;-0,46598175
23,75886335;0,00000000
23,76386335;0,46598175
23,76886335;0,00000000
23,77386335;0,93196350
23,77886335;0,46598175
23,78386335;0,46598175
23,78886335;0,93196350
23,79386335;0,46598175
23,79886335;0,93196350
23,80386335;0,00000000
23,80886335;0,00000000
23,81386335;0,00000000
23,81886335;0,00000000
23,82386335;0,00000000
23,82886335;1,86546493
23,83386335;0,46598175
23,83886335;0,00000000
23,84386335;0,00000000
23,84886335;0,46598175
23,85386335;0,46598175
23,85886335;1,86546493
23,86386335;0,00000000
23,86886335;0,93196350
23,87386335;-0,46598175
23,87886335;0,00000000
23,88386335;-0,93196350
23,88886335;0,46598175
23,89386335;-0,93196350
23,89886335;0,46598175
23,90386335;0,46598175
23,90886335;0,00000000
23,91386335;0,46598175
23,91886335;0,46598175
23,92386335;0,46598175
23,92886335;0,93196350
23,93386335;-0,46598175
23,93886335;0,46598175
23,94386335;0,46598175
23,94886335;0,46598175
23,95386335;-0,46598175
23,95886335;0,46598175
23,96386335;-0,93196350
23,96886335;0,00000000
23,97386335;0,46598175
23,97886335;0,46598175
23,98386335;0,00000000
23,98886335;0,46598175
23,99386335;0,00000000
23,99886335;0,46598175
24,00386335;0,93196350
24,00886335;0,00000000
24,01386335;0,46598175
24,01886335;-0,46598175
24,02386335;0,46598175
24,02886335;0,00000000
24,03386335;-0,93196350
24,03886335;-0,46598175
24,04386335;0,46598175
24,04886335;0,00000000
24,05386335;0,00000000
24,05886335;0,00000000
24,06386335;0,46598175
24,06886334;0,00000000
24,07386334;-0,93196350
24,07886334;0,00000000
24,08386334;0,00000000
24,08886334;0,00000000
24,09386334;0,00000000
24,09886334;-0,46598175
24,10386334;-0,46598175
24,10886334;0,46598175
24,11386334;-0,93196350
24,11886334;0,46598175
24,12386334;-0,46598175
24,12886334;-0,46598175
24,13386334;-0,46598175
24,13886334;0,00000000
24,14386334;-0,46598175
24,14886334;0,46598175
24,15386334;0,46598175
24,15886334;0,46598175
24,16386334;0,00000000
24,16886334;-0,46598175
24,17386334;-0,46598175
24,17886334;0,00000000
24,18386334;0,00000000
24,18886334;0,00000000
24,19386334;0,46598175
24,19886334;0,46598175
24,20386334;0,93196350
24,20886334;0,00000000
24,21386334;0,00000000
24,21886334;0,00000000
24,22386334;0,46598175
24,22886334;0,46598175
24,23386334;0,00000000
24,23886334;-0,46598175
24,24386334;0,00000000
24,24886334;0,00000000
24,25386334;0,93196350
24,25886334;0,46598175
24,26386334;0,00000000
24,26886334;0,46598175
24,27386334;0,00000000
24,27886334;0,00000000
24,28386334;-0,93196350
24,28886334;0,46598175
24,29386334;0,00000000
24,29886334;0,00000000
24,30386334;-0,93196350
24,30886334;0,00000000
24,31386334;0,00000000
24,31886334;0,00000000
24,32386334;0,93196350
24,32886334;0,46598175
24,33386334;0,00000000
24,33886334;0,46598175
24,34386334;0,00000000
24,34886334;0,46598175
24,35386334;0,46598175
24,35886334;-0,46598175
24,36386334;0,46598175
24,36886334;-0,46598175
24,37386334;-1,39948320
24,37886334;-0,46598175
24,38386334;0,00000000
24,38886334;0,46598175
24,39386334;0,93196350
24,39886334;-0,93196350
24,40386334;-0,46598175
24,40886334;0,00000000
24,41386334;-0,93196350
24,41886334;0,46598175
24,42386334;-0,46598175
24,42886334;0,00000000
24,43386334;0,00000000
24,43886334;0,46598175
24,44386334;0,46598175
24,44886334;0,46598175
24,45386334;-0,46598175
24,45886334;-0,93196350
24,46386333;-2,33298445
24,46886333;-0,46598175
24,47386333;0,00000000
24,47886333;-0,93196350
24,48386333;0,00000000
24,48886333;-0,93196350
24,49386333;0,00000000
24,49886333;-0,46598175
24,50386333;0,46598175
24,50886333;0,46598175
24,51386333;0,00000000
24,51886333;-0,46598175
24,52386333;-0,46598175
24,52886333;0,46598175
24,53386333;-0,46598175
24,53886333;-0,46598175
24,54386333;0,00000000
24,54886333;-0,46598175
24,55386333;0,46598175
24,55886333;0,00000000
24,56386333;0,00000000
24,56886333;0,00000000
24,57386333;0,00000000
24,57886333;0,00000000
24,58386333;-0,93196350
24,58886333;-0,46598175
24,59386333;0,46598175
24,59886333;0,00000000
24,60386333;0,93196350
24,60886333;0,00000000
24,61386333;-0,46598175
24,61886333;0,46598175
24,62386333;0,00000000
24,62886333;0,46598175
24,63386333;0,46598175
24,63886333;0,00000000
24,64386333;0,93196350
24,64886333;-0,46598175
24,65386333;0,46598175
24,65886333;0,00000000
24,66386333;0,46598175
24,66886333;0,00000000
24,67386333;0,00000000
24,67886333;0,00000000
24,68386333;0,46598175
24,68886333;0,00000000
24,69386333;0,46598175
24,69886333;0,46598175
24,70386333;0,46598175
24,70886333;0,00000000
24,71386333;0,46598175
24,71886333;0,00000000
24,72386333;-0,46598175
24,72886333;0,00000000
24,73386333;0,00000000
24,73886333;0,00000000
24,74386333;0,46598175
24,74886333;0,46598175
24,75386333;0,00000000
24,75886333;0,00000000
24,76386333;-0,93196350
24,76886333;0,00000000
24,77386333;0,46598175
24,77886333;0,46598175
24,78386333;0,93196350
24,78886333;0,00000000
24,79386333;-0,93196350
24,79886333;-0,46598175
24,80386333;0,00000000
24,80886333;0,46598175
24,81386333;-0,46598175
24,81886333;0,93196350
24,82386333;-0,93196350
24,82886333;0,46598175
24,83386333;0,46598175
24,83886333;0,46598175
24,84386333;0,00000000
24,84886333;0,46598175
24,85386333;0,46598175
24,85886332;0,00000000
24,86386332;-0,93196350
24,86886332;0,00000000
24,87386332;0,46598175
24,87886332;0,00000000
24,88386332;0,93196350
24,88886332;0,46598175
24,89386332;0,46598175
24,89886332;0,46598175
24,90386332;-1,39948320
24,90886332;0,00000000
24,91386332;0,00000000
24,91886332;0,00000000
24,92386332;0,00000000
24,92886332;0,93196350
24,93386332;0,46598175
24,93886332;0,46598175
24,94386332;0,00000000
24,94886332;0,46598175
24,95386332;-0,46598175
24,95886332;0,00000000
24,96386332;-0,93196350
24,96886332;-0,46598175
24,97386332;0,46598175
24,97886332;-0,46598175
24,98386332;0,93196350
24,98886332;0,93196350
24,99386332;0,00000000
24,99886332;1,86546493
25,00386332;0,46598175
25,00886332;0,00000000
