Zeit;Kanal A
(ms);(mV)

-25,00965422;-16,33396912
-25,00465422;-16,33396912
-24,99965422;-14,93448448
-24,99465422;-16,33396912
-24,98965422;-16,33396912
-24,98465422;-14,93448448
-24,97965422;-14,93448448
-24,97465422;-14,46850300
-24,96965423;-14,46850300
-24,96465423;-14,93448448
-24,95965423;-14,00098324
-24,95465423;-14,46850300
-24,94965423;-14,46850300
-24,94465423;-13,53500175
-24,93965423;-14,46850300
-24,93465423;-13,53500175
-24,92965423;-14,46850300
-24,92465423;-14,00098324
-24,91965423;-14,00098324
-24,91465423;-14,46850300
-24,90965423;-15,86798668
-24,90465423;-14,93448448
-24,89965423;-15,40046692
-24,89465423;-15,86798668
-24,88965423;-16,33396912
-24,88465423;-16,80148888
-24,87965423;-16,33396912
-24,87465423;-16,33396912
-24,86965423;-17,73498917
-24,86465423;-16,33396912
-24,85965423;-16,33396912
-24,85465423;-15,40046692
-24,84965423;-14,93448448
-24,84465423;-16,33396912
-24,83965423;-14,46850300
-24,83465423;-14,46850300
-24,82965423;-12,13398075
-24,82465423;-13,53500175
-24,81965423;-13,06748199
-24,81465423;-13,06748199
-24,80965423;-13,53500175
-24,80465423;-12,13398075
-24,79965423;-12,60150051
-24,79465423;-12,60150051
-24,78965423;-13,06748199
-24,78465423;-13,06748199
-24,77965423;-13,53500175
-24,77465423;-13,06748199
-24,76965423;-13,06748199
-24,76465423;-14,00098324
-24,75965423;-14,00098324
-24,75465423;-14,46850300
-24,74965423;-14,46850300
-24,74465423;-14,46850300
-24,73965423;-14,00098324
-24,73465423;-14,46850300
-24,72965423;-14,93448448
-24,72465423;-14,93448448
-24,71965423;-14,00098324
-24,71465423;-14,00098324
-24,70965423;-14,93448448
-24,70465423;-14,46850300
-24,69965423;-15,86798668
-24,69465423;-14,93448448
-24,68965423;-14,46850300
-24,68465423;-14,46850300
-24,67965423;-14,00098324
-24,67465423;-14,46850300
-24,66965423;-14,00098324
-24,66465423;-13,53500175
-24,65965423;-13,53500175
-24,65465423;-12,60150051
-24,64965423;-11,66799831
-24,64465423;-11,20047951
-24,63965423;-11,66799831
-24,63465423;-12,60150051
-24,62965423;-10,73449707
-24,62465423;-13,06748199
-24,61965423;-12,13398075
-24,61465423;-11,66799831
-24,60965423;-14,00098324
-24,60465423;-13,53500175
-24,59965423;-14,93448448
-24,59465423;-14,93448448
-24,58965423;-16,80148888
-24,58465423;-15,86798668
-24,57965423;-16,80148888
-24,57465424;-16,33396912
-24,56965424;-17,73498917
-24,56465424;-18,20096970
-24,55965424;-18,66848946
-24,55465424;-19,13447189
-24,54965424;-18,20096970
-24,54465424;-19,13447189
-24,53965424;-18,20096970
-24,53465424;-19,13447189
-24,52965424;-18,66848946
-24,52465424;-18,20096970
-24,51965424;-18,20096970
-24,51465424;-19,13447189
-24,50965424;-18,66848946
-24,50465424;-18,20096970
-24,49965424;-18,66848946
-24,49465424;-19,13447189
-24,48965424;-19,13447189
-24,48465424;-19,60199165
-24,47965424;-20,06797409
-24,47465424;-20,06797409
-24,46965424;-21,00147629
-24,46465424;-20,06797409
-24,45965424;-20,53549385
-24,45465424;-21,46899414
-24,44965424;-20,53549385
-24,44465424;-21,46899414
-24,43965424;-20,53549385
-24,43465424;-21,46899414
-24,42965424;-22,86847687
-24,42465424;-21,00147629
-24,41965424;-21,93497658
-24,41465424;-21,46899414
-24,40965424;-22,86847687
-24,40465424;-22,86847687
-24,39965424;-21,46899414
-24,39465424;-22,40249634
-24,38965424;-21,46899414
-24,38465424;-21,00147629
-24,37965424;-20,06797409
-24,37465424;-19,60199165
-24,36965424;-19,60199165
-24,36465424;-18,20096970
-24,35965424;-16,33396912
-24,35465424;-15,40046692
-24,34965424;-14,46850300
-24,34465424;-12,60150051
-24,33965424;-12,60150051
-24,33465424;-11,66799831
-24,32965424;-10,26697731
-24,32465424;-10,26697731
-24,31965424;-9,80099583
-24,31465424;-10,73449707
-24,30965424;-9,33347607
-24,30465424;-10,73449707
-24,29965424;-10,73449707
-24,29465424;-11,66799831
-24,28965424;-11,66799831
-24,28465424;-12,13398075
-24,27965424;-11,20047951
-24,27465424;-13,06748199
-24,26965424;-10,73449707
-24,26465424;-11,66799831
-24,25965424;-12,60150051
-24,25465424;-11,66799831
-24,24965424;-10,26697731
-24,24465424;-10,26697731
-24,23965424;-9,80099583
-24,23465424;-8,86749458
-24,22965424;-8,86749458
-24,22465424;-7,93399334
-24,21965424;-7,00049162
-24,21465424;-6,53297186
-24,20965424;-5,13348866
-24,20465424;-4,66596889
-24,19965424;-5,13348866
-24,19465424;-3,73246789
-24,18965424;-3,73246789
-24,18465424;-3,26648593
-24,17965425;-2,79896641
-24,17465425;-2,33298445
-24,16965425;-2,79896641
-24,16465425;-1,86546493
-24,15965425;-2,33298445
-24,15465425;-2,33298445
-24,14965425;-1,39948320
-24,14465425;-2,79896641
-24,13965425;-2,33298445
-24,13465425;-2,79896641
-24,12965425;-3,73246789
-24,12465425;-2,33298445
-24,11965425;-3,73246789
-24,11465425;-2,79896641
-24,10965425;-3,26648593
-24,10465425;-2,79896641
-24,09965425;-3,26648593
-24,09465425;-3,26648593
-24,08965425;-3,73246789
-24,08465425;-1,39948320
-24,07965425;-2,33298445
-24,07465425;0,00000000
-24,06965425;-0,93196350
-24,06465425;-0,46598175
-24,05965425;-2,33298445
-24,05465425;0,46598175
-24,04965425;0,00000000
-24,04465425;1,86546493
-24,03965425;0,46598175
-24,03465425;0,46598175
-24,02965425;0,93196350
-24,02465425;0,00000000
-24,01965425;-19,60199165
-24,01465425;-0,46598175
-24,00965425;-0,46598175
-24,00465425;-1,39948320
-23,99965425;-1,86546493
-23,99465425;-1,86546493
-23,98965425;-2,79896641
-23,98465425;-2,79896641
-23,97965425;-2,79896641
-23,97465425;-3,73246789
-23,96965425;-4,19998741
-23,96465425;-3,73246789
-23,95965425;-4,19998741
-23,95465425;-3,26648593
-23,94965425;-4,19998741
-23,94465425;-2,33298445
-23,93965425;-2,79896641
-23,93465425;-2,33298445
-23,92965425;-1,86546493
-23,92465425;-2,33298445
-23,91965425;-1,39948320
-23,91465425;-0,46598175
-23,90965425;-0,93196350
-23,90465425;0,00000000
-23,89965425;0,00000000
-23,89465425;0,46598175
-23,88965425;1,39948320
-23,88465425;0,93196350
-23,87965425;1,39948320
-23,87465425;0,93196350
-23,86965425;1,39948320
-23,86465425;-1,39948320
-23,85965425;0,93196350
-23,85465425;1,39948320
-23,84965425;3,26648593
-23,84465425;0,46598175
-23,83965425;1,39948320
-23,83465425;0,93196350
-23,82965425;0,46598175
-23,82465425;0,93196350
-23,81965425;0,00000000
-23,81465425;0,00000000
-23,80965425;0,00000000
-23,80465425;1,39948320
-23,79965425;0,46598175
-23,79465425;0,00000000
-23,78965425;0,00000000
-23,78465426;-0,46598175
-23,77965426;0,00000000
-23,77465426;0,00000000
-23,76965426;1,39948320
-23,76465426;0,00000000
-23,75965426;0,93196350
-23,75465426;1,86546493
-23,74965426;0,93196350
-23,74465426;2,33298445
-23,73965426;2,79896641
-23,73465426;3,26648593
-23,72965426;4,19998741
-23,72465426;5,13348866
-23,71965426;4,19998741
-23,71465426;5,13348866
-23,70965426;5,13348866
-23,70465426;5,13348866
-23,69965426;4,66596889
-23,69465426;6,53297186
-23,68965426;5,59947062
-23,68465426;5,13348866
-23,67965426;6,06699038
-23,67465426;6,53297186
-23,66965426;6,53297186
-23,66465426;7,46647358
-23,65965426;7,00049162
-23,65465426;7,00049162
-23,64965426;7,46647358
-23,64465426;7,00049162
-23,63965426;7,93399334
-23,63465426;8,86749458
-23,62965426;9,80099583
-23,62465426;8,39997482
-23,61965426;9,33347607
-23,61465426;9,80099583
-23,60965426;10,26697731
-23,60465426;10,26697731
-23,59965426;9,80099583
-23,59465426;9,80099583
-23,58965426;9,80099583
-23,58465426;9,80099583
-23,57965426;9,33347607
-23,57465426;9,80099583
-23,56965426;9,33347607
-23,56465426;9,80099583
-23,55965426;8,86749458
-23,55465426;9,33347607
-23,54965426;8,39997482
-23,54465426;9,33347607
-23,53965426;7,93399334
-23,53465426;8,39997482
-23,52965426;8,86749458
-23,52465426;8,86749458
-23,51965426;8,86749458
-23,51465426;8,39997482
-23,50965426;8,39997482
-23,50465426;8,39997482
-23,49965426;8,39997482
-23,49465426;8,86749458
-23,48965426;9,33347607
-23,48465426;8,39997482
-23,47965426;7,93399334
-23,47465426;8,86749458
-23,46965426;7,46647358
-23,46465426;7,46647358
-23,45965426;7,46647358
-23,45465426;7,46647358
-23,44965426;7,46647358
-23,44465426;7,46647358
-23,43965426;7,93399334
-23,43465426;7,00049162
-23,42965426;7,46647358
-23,42465426;7,93399334
-23,41965426;7,46647358
-23,41465426;8,39997482
-23,40965426;8,39997482
-23,40465426;8,39997482
-23,39965426;8,39997482
-23,39465426;8,86749458
-23,38965427;8,39997482
-23,38465427;7,93399334
-23,37965427;7,93399334
-23,37465427;7,46647358
-23,36965427;7,46647358
-23,36465427;7,00049162
-23,35965427;6,53297186
-23,35465427;5,13348866
-23,34965427;5,13348866
-23,34465427;4,66596889
-23,33965427;4,19998741
-23,33465427;3,26648593
-23,32965427;2,79896641
-23,32465427;2,79896641
-23,31965427;1,86546493
-23,31465427;3,73246789
-23,30965427;1,86546493
-23,30465427;0,93196350
-23,29965427;0,46598175
-23,29465427;0,00000000
-23,28965427;0,46598175
-23,28465427;0,00000000
-23,27965427;-0,46598175
-23,27465427;-0,93196350
-23,26965427;0,00000000
-23,26465427;-0,46598175
-23,25965427;0,46598175
-23,25465427;0,46598175
-23,24965427;0,00000000
-23,24465427;0,93196350
-23,23965427;1,86546493
-23,23465427;1,86546493
-23,22965427;4,19998741
-23,22465427;2,79896641
-23,21965427;4,19998741
-23,21465427;6,06699038
-23,20965427;6,06699038
-23,20465427;6,06699038
-23,19965427;7,46647358
-23,19465427;7,46647358
-23,18965427;7,46647358
-23,18465427;7,46647358
-23,17965427;7,93399334
-23,17465427;7,46647358
-23,16965427;6,53297186
-23,16465427;6,53297186
-23,15965427;5,59947062
-23,15465427;5,59947062
-23,14965427;6,06699038
-23,14465427;6,06699038
-23,13965427;5,59947062
-23,13465427;6,06699038
-23,12965427;6,06699038
-23,12465427;7,00049162
-23,11965427;6,53297186
-23,11465427;7,00049162
-23,10965427;7,93399334
-23,10465427;7,00049162
-23,09965427;7,00049162
-23,09465427;8,86749458
-23,08965427;7,46647358
-23,08465427;8,39997482
-23,07965427;7,46647358
-23,07465427;7,00049162
-23,06965427;7,00049162
-23,06465427;7,00049162
-23,05965427;7,93399334
-23,05465427;7,46647358
-23,04965427;7,46647358
-23,04465427;7,00049162
-23,03965427;7,46647358
-23,03465427;6,53297186
-23,02965427;8,39997482
-23,02465427;6,53297186
-23,01965427;6,53297186
-23,01465427;7,00049162
-23,00965427;6,06699038
-23,00465427;5,59947062
-22,99965427;6,06699038
-22,99465428;6,06699038
-22,98965428;6,06699038
-22,98465428;5,59947062
-22,97965428;-7,93399334
-22,97465428;6,06699038
-22,96965428;6,06699038
-22,96465428;6,06699038
-22,95965428;5,13348866
-22,95465428;7,93399334
-22,94965428;7,46647358
-22,94465428;7,46647358
-22,93965428;8,86749458
-22,93465428;8,86749458
-22,92965428;10,26697731
-22,92465428;10,26697731
-22,91965428;9,80099583
-22,91465428;10,26697731
-22,90965428;9,33347607
-22,90465428;10,26697731
-22,89965428;9,80099583
-22,89465428;9,33347607
-22,88965428;9,80099583
-22,88465428;9,80099583
-22,87965428;10,73449707
-22,87465428;9,80099583
-22,86965428;8,39997482
-22,86465428;8,86749458
-22,85965428;8,39997482
-22,85465428;8,39997482
-22,84965428;8,86749458
-22,84465428;8,39997482
-22,83965428;7,46647358
-22,83465428;7,46647358
-22,82965428;7,46647358
-22,82465428;7,00049162
-22,81965428;6,53297186
-22,81465428;7,46647358
-22,80965428;6,06699038
-22,80465428;5,59947062
-22,79965428;5,59947062
-22,79465428;4,66596889
-22,78965428;4,66596889
-22,78465428;4,19998741
-22,77965428;4,19998741
-22,77465428;3,73246789
-22,76965428;4,66596889
-22,76465428;4,19998741
-22,75965428;4,19998741
-22,75465428;3,73246789
-22,74965428;4,19998741
-22,74465428;4,66596889
-22,73965428;4,66596889
-22,73465428;3,73246789
-22,72965428;4,19998741
-22,72465428;3,73246789
-22,71965428;3,73246789
-22,71465428;3,73246789
-22,70965428;2,79896641
-22,70465428;2,33298445
-22,69965428;2,79896641
-22,69465428;1,86546493
-22,68965428;1,39948320
-22,68465428;0,46598175
-22,67965428;0,93196350
-22,67465428;0,46598175
-22,66965428;-0,46598175
-22,66465428;-1,39948320
-22,65965428;-1,39948320
-22,65465428;-1,39948320
-22,64965428;-1,86546493
-22,64465428;-2,33298445
-22,63965428;-0,46598175
-22,63465428;-2,33298445
-22,62965428;0,00000000
-22,62465428;-1,39948320
-22,61965428;-1,86546493
-22,61465428;-1,86546493
-22,60965428;-2,33298445
-22,60465428;-1,86546493
-22,59965428;-1,86546493
-22,59465429;-2,33298445
-22,58965429;-3,26648593
-22,58465429;-2,79896641
-22,57965429;-2,79896641
-22,57465429;-3,73246789
-22,56965429;-3,26648593
-22,56465429;-4,66596889
-22,55965429;-4,66596889
-22,55465429;-3,73246789
-22,54965429;-5,13348866
-22,54465429;-4,19998741
-22,53965429;-6,06699038
-22,53465429;-3,73246789
-22,52965429;-4,66596889
-22,52465429;-5,59947062
-22,51965429;-4,66596889
-22,51465429;-4,66596889
-22,50965429;-4,66596889
-22,50465429;-6,53297186
-22,49965429;-6,06699038
-22,49465429;-6,06699038
-22,48965429;-5,59947062
-22,48465429;-5,59947062
-22,47965429;-5,13348866
-22,47465429;-5,13348866
-22,46965429;-3,73246789
-22,46465429;-2,79896641
-22,45965429;-2,33298445
-22,45465429;-0,46598175
-22,44965429;-0,46598175
-22,44465429;1,39948320
-22,43965429;1,86546493
-22,43465429;3,26648593
-22,42965429;4,19998741
-22,42465429;4,19998741
-22,41965429;4,19998741
-22,41465429;3,26648593
-22,40965429;4,19998741
-22,40465429;2,79896641
-22,39965429;2,79896641
-22,39465429;1,86546493
-22,38965429;0,00000000
-22,38465429;0,46598175
-22,37965429;-0,93196350
-22,37465429;-1,86546493
-22,36965429;-2,33298445
-22,36465429;-1,86546493
-22,35965429;-1,39948320
-22,35465429;-2,79896641
-22,34965429;-2,79896641
-22,34465429;-3,26648593
-22,33965429;-1,86546493
-22,33465429;-2,33298445
-22,32965429;-1,86546493
-22,32465429;-1,39948320
-22,31965429;-0,93196350
-22,31465429;-0,93196350
-22,30965429;-0,93196350
-22,30465429;-0,46598175
-22,29965429;-1,39948320
-22,29465429;-0,93196350
-22,28965429;-0,46598175
-22,28465429;-0,46598175
-22,27965429;0,46598175
-22,27465429;-0,46598175
-22,26965429;0,00000000
-22,26465429;-1,39948320
-22,25965429;-0,46598175
-22,25465429;-0,93196350
-22,24965429;-1,39948320
-22,24465429;-1,39948320
-22,23965429;-1,86546493
-22,23465429;-1,39948320
-22,22965429;0,46598175
-22,22465429;-1,86546493
-22,21965429;-2,33298445
-22,21465429;-2,33298445
-22,20965429;-3,26648593
-22,20465429;-0,93196350
-22,19965430;-2,33298445
-22,19465430;-2,33298445
-22,18965430;-1,86546493
-22,18465430;-0,93196350
-22,17965430;-0,46598175
-22,17465430;-2,79896641
-22,16965430;-0,46598175
-22,16465430;0,46598175
-22,15965430;0,46598175
-22,15465430;0,46598175
-22,14965430;0,46598175
-22,14465430;0,93196350
-22,13965430;0,46598175
-22,13465430;0,46598175
-22,12965430;0,93196350
-22,12465430;-0,93196350
-22,11965430;0,46598175
-22,11465430;-0,93196350
-22,10965430;-1,39948320
-22,10465430;-1,39948320
-22,09965430;-1,39948320
-22,09465430;-1,86546493
-22,08965430;-2,33298445
-22,08465430;-2,33298445
-22,07965430;-2,33298445
-22,07465430;-2,33298445
-22,06965430;-3,73246789
-22,06465430;-1,86546493
-22,05965430;-3,26648593
-22,05465430;-2,79896641
-22,04965430;-3,26648593
-22,04465430;-2,79896641
-22,03965430;-3,73246789
-22,03465430;-1,86546493
-22,02965430;-3,73246789
-22,02465430;-3,26648593
-22,01965430;-3,26648593
-22,01465430;-3,73246789
-22,00965430;-2,79896641
-22,00465430;-2,33298445
-21,99965430;-3,73246789
-21,99465430;-4,19998741
-21,98965430;-4,19998741
-21,98465430;-4,19998741
-21,97965430;-4,19998741
-21,97465430;-4,19998741
-21,96965430;-5,13348866
-21,96465430;-4,66596889
-21,95965430;-5,59947062
-21,95465430;-5,59947062
-21,94965430;-4,66596889
-21,94465430;-5,59947062
-21,93965430;-5,59947062
-21,93465430;-5,13348866
-21,92965430;-6,06699038
-21,92465430;-5,59947062
-21,91965430;-6,06699038
-21,91465430;-5,59947062
-21,90965430;-6,06699038
-21,90465430;-5,13348866
-21,89965430;-6,06699038
-21,89465430;-6,06699038
-21,88965430;-5,13348866
-21,88465430;-5,13348866
-21,87965430;-6,06699038
-21,87465430;-6,06699038
-21,86965430;-5,59947062
-21,86465430;-5,13348866
-21,85965430;-6,53297186
-21,85465430;-5,59947062
-21,84965430;-6,06699038
-21,84465430;-6,06699038
-21,83965430;-5,59947062
-21,83465430;-5,59947062
-21,82965430;-5,59947062
-21,82465430;-6,06699038
-21,81965430;-6,06699038
-21,81465430;-6,06699038
-21,80965430;-4,66596889
-21,80465431;-5,59947062
-21,79965431;-4,19998741
-21,79465431;-6,06699038
-21,78965431;-4,66596889
-21,78465431;-6,06699038
-21,77965431;-5,59947062
-21,77465431;-6,06699038
-21,76965431;-5,13348866
-21,76465431;-4,66596889
-21,75965431;-5,59947062
-21,75465431;-6,06699038
-21,74965431;-5,59947062
-21,74465431;-5,59947062
-21,73965431;-5,59947062
-21,73465431;-6,06699038
-21,72965431;-6,06699038
-21,72465431;-6,06699038
-21,71965431;-6,06699038
-21,71465431;-6,06699038
-21,70965431;-6,06699038
-21,70465431;-6,06699038
-21,69965431;-6,53297186
-21,69465431;-7,00049162
-21,68965431;-6,06699038
-21,68465431;-7,00049162
-21,67965431;-6,53297186
-21,67465431;-8,86749458
-21,66965431;-7,46647358
-21,66465431;-7,46647358
-21,65965431;-7,00049162
-21,65465431;-7,00049162
-21,64965431;-7,00049162
-21,64465431;-7,00049162
-21,63965431;-7,46647358
-21,63465431;-7,93399334
-21,62965431;-7,46647358
-21,62465431;-7,93399334
-21,61965431;-7,46647358
-21,61465431;-8,39997482
-21,60965431;-7,93399334
-21,60465431;-7,93399334
-21,59965431;-8,39997482
-21,59465431;-8,39997482
-21,58965431;-8,39997482
-21,58465431;-9,80099583
-21,57965431;-9,80099583
-21,57465431;-9,80099583
-21,56965431;-10,26697731
-21,56465431;-11,20047951
-21,55965431;-11,20047951
-21,55465431;-11,20047951
-21,54965431;-12,60150051
-21,54465431;-11,66799831
-21,53965431;-11,66799831
-21,53465431;-11,66799831
-21,52965431;-11,66799831
-21,52465431;-12,60150051
-21,51965431;-13,06748199
-21,51465431;-13,06748199
-21,50965431;-12,13398075
-21,50465431;-12,13398075
-21,49965431;-12,13398075
-21,49465431;-12,13398075
-21,48965431;-13,53500175
-21,48465431;-12,60150051
-21,47965431;-13,06748199
-21,47465431;-13,06748199
-21,46965431;-14,00098324
-21,46465431;-14,00098324
-21,45965431;-14,93448448
-21,45465431;-14,93448448
-21,44965431;-14,93448448
-21,44465431;-15,86798668
-21,43965431;-15,40046692
-21,43465431;-15,40046692
-21,42965431;-14,93448448
-21,42465431;-15,86798668
-21,41965431;-15,40046692
-21,41465431;-16,33396912
-21,40965432;-16,33396912
-21,40465432;-15,86798668
-21,39965432;-15,86798668
-21,39465432;-16,33396912
-21,38965432;-17,26746941
-21,38465432;-18,20096970
-21,37965432;-18,20096970
-21,37465432;-19,60199165
-21,36965432;-19,60199165
-21,36465432;-19,60199165
-21,35965432;-21,00147629
-21,35465432;-21,46899414
-21,34965432;-20,53549385
-21,34465432;-21,00147629
-21,33965432;-21,00147629
-21,33465432;-21,46899414
-21,32965432;-19,13447189
-21,32465432;-19,13447189
-21,31965432;-19,13447189
-21,31465432;-15,86798668
-21,30965432;-14,46850300
-21,30465432;-21,46899414
-21,29965432;-12,13398075
-21,29465432;-11,20047951
-21,28965432;-11,20047951
-21,28465432;-11,20047951
-21,27965432;-10,73449707
-21,27465432;-11,66799831
-21,26965432;-11,66799831
-21,26465432;-14,46850300
-21,25965432;-11,66799831
-21,25465432;-13,06748199
-21,24965432;-14,00098324
-21,24465432;-14,46850300
-21,23965432;-14,93448448
-21,23465432;-15,40046692
-21,22965432;-15,40046692
-21,22465432;-14,46850300
-21,21965432;-13,06748199
-21,21465432;-13,06748199
-21,20965432;-14,00098324
-21,20465432;-12,60150051
-21,19965432;-13,06748199
-21,19465432;-12,60150051
-21,18965432;-13,53500175
-21,18465432;-13,53500175
-21,17965432;-11,66799831
-21,17465432;-13,06748199
-21,16965432;-2,33298445
-21,16465432;-11,20047951
-21,15965432;-12,13398075
-21,15465432;-11,66799831
-21,14965432;-12,13398075
-21,14465432;-10,26697731
-21,13965432;-11,20047951
-21,13465432;-10,26697731
-21,12965432;-9,80099583
-21,12465432;-9,80099583
-21,11965432;-9,33347607
-21,11465432;-8,86749458
-21,10965432;-8,86749458
-21,10465432;-8,86749458
-21,09965432;-8,86749458
-21,09465432;-9,33347607
-21,08965432;-9,33347607
-21,08465432;-10,26697731
-21,07965432;-10,26697731
-21,07465432;-10,26697731
-21,06965432;-10,73449707
-21,06465432;-11,20047951
-21,05965432;-10,73449707
-21,05465432;-10,73449707
-21,04965432;-10,73449707
-21,04465432;-9,80099583
-21,03965432;-8,86749458
-21,03465432;-8,86749458
-21,02965432;-8,39997482
-21,02465432;-7,93399334
-21,01965432;-7,46647358
-21,01465433;-5,59947062
-21,00965433;-7,00049162
-21,00465433;-5,59947062
-20,99965433;-5,59947062
-20,99465433;-5,59947062
-20,98965433;-5,59947062
-20,98465433;-6,06699038
-20,97965433;-4,66596889
-20,97465433;-5,59947062
-20,96965433;-5,59947062
-20,96465433;-6,06699038
-20,95965433;-6,06699038
-20,95465433;-6,53297186
-20,94965433;-6,53297186
-20,94465433;-6,06699038
-20,93965433;-7,00049162
-20,93465433;-6,53297186
-20,92965433;-7,00049162
-20,92465433;-6,06699038
-20,91965433;-7,00049162
-20,91465433;-6,53297186
-20,90965433;-7,93399334
-20,90465433;-8,39997482
-20,89965433;-7,93399334
-20,89465433;-7,93399334
-20,88965433;-8,86749458
-20,88465433;-8,39997482
-20,87965433;-9,33347607
-20,87465433;-9,80099583
-20,86965433;-9,80099583
-20,86465433;-9,33347607
-20,85965433;-9,80099583
-20,85465433;-9,80099583
-20,84965433;-9,33347607
-20,84465433;-8,39997482
-20,83965433;-8,39997482
-20,83465433;-7,93399334
-20,82965433;-9,33347607
-20,82465433;-7,46647358
-20,81965433;-8,39997482
-20,81465433;-8,86749458
-20,80965433;-8,39997482
-20,80465433;-7,46647358
-20,79965433;-8,86749458
-20,79465433;-9,33347607
-20,78965433;-9,33347607
-20,78465433;-10,26697731
-20,77965433;-10,73449707
-20,77465433;-12,13398075
-20,76965433;-12,13398075
-20,76465433;-12,13398075
-20,75965433;-12,60150051
-20,75465433;-13,06748199
-20,74965433;-13,53500175
-20,74465433;-14,00098324
-20,73965433;-14,46850300
-20,73465433;-14,00098324
-20,72965433;-13,06748199
-20,72465433;-13,06748199
-20,71965433;-13,53500175
-20,71465433;-13,53500175
-20,70965433;-12,60150051
-20,70465433;-13,06748199
-20,69965433;-13,06748199
-20,69465433;-13,06748199
-20,68965433;-12,60150051
-20,68465433;-12,60150051
-20,67965433;-13,06748199
-20,67465433;-13,06748199
-20,66965433;-13,53500175
-20,66465433;-13,06748199
-20,65965433;-13,53500175
-20,65465433;-14,00098324
-20,64965433;-14,00098324
-20,64465433;-14,00098324
-20,63965433;-14,00098324
-20,63465433;-14,00098324
-20,62965433;-14,93448448
-20,62465433;-14,00098324
-20,61965434;-13,53500175
-20,61465434;-12,60150051
-20,60965434;-13,53500175
-20,60465434;-13,06748199
-20,59965434;-13,06748199
-20,59465434;-12,60150051
-20,58965434;-12,13398075
-20,58465434;-12,60150051
-20,57965434;-12,13398075
-20,57465434;-13,06748199
-20,56965434;-12,13398075
-20,56465434;-11,20047951
-20,55965434;-10,73449707
-20,55465434;-10,26697731
-20,54965434;-9,80099583
-20,54465434;-8,39997482
-20,53965434;-7,00049162
-20,53465434;-5,13348866
-20,52965434;-4,66596889
-20,52465434;-4,19998741
-20,51965434;-4,66596889
-20,51465434;-2,33298445
-20,50965434;-2,79896641
-20,50465434;-2,79896641
-20,49965434;-3,73246789
-20,49465434;-3,73246789
-20,48965434;-4,19998741
-20,48465434;-3,73246789
-20,47965434;-4,66596889
-20,47465434;-5,59947062
-20,46965434;-5,13348866
-20,46465434;-5,59947062
-20,45965434;-6,53297186
-20,45465434;-6,06699038
-20,44965434;-6,53297186
-20,44465434;-6,06699038
-20,43965434;-6,53297186
-20,43465434;-5,59947062
-20,42965434;-6,06699038
-20,42465434;-6,06699038
-20,41965434;-4,19998741
-20,41465434;-4,19998741
-20,40965434;-4,66596889
-20,40465434;-4,19998741
-20,39965434;-4,19998741
-20,39465434;-2,79896641
-20,38965434;-2,33298445
-20,38465434;-3,26648593
-20,37965434;-2,79896641
-20,37465434;-2,79896641
-20,36965434;-2,33298445
-20,36465434;-1,39948320
-20,35965434;-1,86546493
-20,35465434;-1,86546493
-20,34965434;0,00000000
-20,34465434;-1,39948320
-20,33965434;-0,93196350
-20,33465434;-1,86546493
-20,32965434;-1,39948320
-20,32465434;-1,39948320
-20,31965434;-1,86546493
-20,31465434;-1,86546493
-20,30965434;-1,39948320
-20,30465434;-1,39948320
-20,29965434;-1,39948320
-20,29465434;-2,33298445
-20,28965434;-1,39948320
-20,28465434;-1,39948320
-20,27965434;-1,39948320
-20,27465434;-0,46598175
-20,26965434;1,39948320
-20,26465434;1,39948320
-20,25965434;0,46598175
-20,25465434;1,39948320
-20,24965434;3,26648593
-20,24465434;3,26648593
-20,23965434;3,73246789
-20,23465434;4,19998741
-20,22965434;5,13348866
-20,22465434;10,26697731
-20,21965435;5,59947062
-20,21465435;5,13348866
-20,20965435;5,13348866
-20,20465435;4,66596889
-20,19965435;4,19998741
-20,19465435;4,66596889
-20,18965435;3,73246789
-20,18465435;3,73246789
-20,17965435;3,26648593
-20,17465435;2,79896641
-20,16965435;2,79896641
-20,16465435;2,33298445
-20,15965435;2,33298445
-20,15465435;2,33298445
-20,14965435;1,39948320
-20,14465435;1,39948320
-20,13965435;1,86546493
-20,13465435;1,39948320
-20,12965435;0,93196350
-20,12465435;0,93196350
-20,11965435;0,93196350
-20,11465435;0,93196350
-20,10965435;1,39948320
-20,10465435;1,39948320
-20,09965435;0,46598175
-20,09465435;0,93196350
-20,08965435;0,93196350
-20,08465435;1,39948320
-20,07965435;1,39948320
-20,07465435;1,86546493
-20,06965435;2,33298445
-20,06465435;2,33298445
-20,05965435;2,33298445
-20,05465435;2,33298445
-20,04965435;3,73246789
-20,04465435;2,79896641
-20,03965435;2,33298445
-20,03465435;2,79896641
-20,02965435;3,26648593
-20,02465435;2,33298445
-20,01965435;3,26648593
-20,01465435;3,26648593
-20,00965435;2,79896641
-20,00465435;3,26648593
-19,99965435;1,39948320
-19,99465435;1,86546493
-19,98965435;2,33298445
-19,98465435;2,33298445
-19,97965435;1,86546493
-19,97465435;0,46598175
-19,96965435;1,86546493
-19,96465435;0,93196350
-19,95965435;0,93196350
-19,95465435;1,39948320
-19,94965435;1,86546493
-19,94465435;1,86546493
-19,93965435;1,86546493
-19,93465435;2,33298445
-19,92965435;2,79896641
-19,92465435;3,26648593
-19,91965435;4,19998741
-19,91465435;4,66596889
-19,90965435;5,13348866
-19,90465435;5,13348866
-19,89965435;5,13348866
-19,89465435;6,06699038
-19,88965435;5,59947062
-19,88465435;6,06699038
-19,87965435;5,59947062
-19,87465435;6,53297186
-19,86965435;5,59947062
-19,86465435;6,06699038
-19,85965435;5,59947062
-19,85465435;6,53297186
-19,84965435;5,59947062
-19,84465435;5,59947062
-19,83965435;5,13348866
-19,83465435;5,59947062
-19,82965435;5,13348866
-19,82465436;6,06699038
-19,81965436;6,06699038
-19,81465436;7,93399334
-19,80965436;7,46647358
-19,80465436;7,93399334
-19,79965436;8,39997482
-19,79465436;8,39997482
-19,78965436;8,39997482
-19,78465436;8,39997482
-19,77965436;9,33347607
-19,77465436;9,33347607
-19,76965436;10,26697731
-19,76465436;9,80099583
-19,75965436;10,26697731
-19,75465436;10,73449707
-19,74965436;9,80099583
-19,74465436;9,33347607
-19,73965436;8,86749458
-19,73465436;10,26697731
-19,72965436;9,80099583
-19,72465436;9,33347607
-19,71965436;4,66596889
-19,71465436;9,33347607
-19,70965436;8,39997482
-19,70465436;8,39997482
-19,69965436;8,39997482
-19,69465436;8,39997482
-19,68965436;7,93399334
-19,68465436;7,93399334
-19,67965436;7,93399334
-19,67465436;7,93399334
-19,66965436;8,39997482
-19,66465436;9,80099583
-19,65965436;8,86749458
-19,65465436;8,86749458
-19,64965436;8,39997482
-19,64465436;8,86749458
-19,63965436;9,33347607
-19,63465436;8,86749458
-19,62965436;9,80099583
-19,62465436;9,33347607
-19,61965436;9,80099583
-19,61465436;9,33347607
-19,60965436;9,80099583
-19,60465436;9,33347607
-19,59965436;8,39997482
-19,59465436;9,33347607
-19,58965436;9,33347607
-19,58465436;9,33347607
-19,57965436;9,80099583
-19,57465436;8,86749458
-19,56965436;8,86749458
-19,56465436;9,80099583
-19,55965436;8,86749458
-19,55465436;8,39997482
-19,54965436;9,33347607
-19,54465436;7,93399334
-19,53965436;8,39997482
-19,53465436;7,93399334
-19,52965436;7,93399334
-19,52465436;6,53297186
-19,51965436;7,00049162
-19,51465436;7,46647358
-19,50965436;7,00049162
-19,50465436;7,00049162
-19,49965436;6,53297186
-19,49465436;5,59947062
-19,48965436;6,53297186
-19,48465436;5,13348866
-19,47965436;5,13348866
-19,47465436;4,19998741
-19,46965436;3,26648593
-19,46465436;3,26648593
-19,45965436;1,39948320
-19,45465436;1,86546493
-19,44965436;2,33298445
-19,44465436;2,33298445
-19,43965436;2,33298445
-19,43465436;2,33298445
-19,42965437;3,73246789
-19,42465437;5,13348866
-19,41965437;6,53297186
-19,41465437;6,06699038
-19,40965437;8,39997482
-19,40465437;10,26697731
-19,39965437;12,13398075
-19,39465437;12,60150051
-19,38965437;12,13398075
-19,38465437;14,93448448
-19,37965437;14,00098324
-19,37465437;19,60199165
-19,36965437;14,00098324
-19,36465437;13,06748199
-19,35965437;11,66799831
-19,35465437;10,73449707
-19,34965437;10,73449707
-19,34465437;9,80099583
-19,33965437;9,80099583
-19,33465437;9,33347607
-19,32965437;10,26697731
-19,32465437;9,80099583
-19,31965437;10,73449707
-19,31465437;10,73449707
-19,30965437;12,13398075
-19,30465437;12,60150051
-19,29965437;13,06748199
-19,29465437;13,53500175
-19,28965437;14,00098324
-19,28465437;14,46850300
-19,27965437;14,46850300
-19,27465437;14,93448448
-19,26965437;15,86798668
-19,26465437;15,40046692
-19,25965437;15,40046692
-19,25465437;15,86798668
-19,24965437;15,40046692
-19,24465437;15,86798668
-19,23965437;15,40046692
-19,23465437;16,33396912
-19,22965437;16,33396912
-19,22465437;16,33396912
-19,21965437;16,33396912
-19,21465437;17,73498917
-19,20965437;18,20096970
-19,20465437;16,80148888
-19,19965437;17,26746941
-19,19465437;16,33396912
-19,18965437;16,33396912
-19,18465437;15,86798668
-19,17965437;15,40046692
-19,17465437;15,40046692
-19,16965437;14,46850300
-19,16465437;15,40046692
-19,15965437;15,40046692
-19,15465437;15,86798668
-19,14965437;15,86798668
-19,14465437;16,80148888
-19,13965437;17,26746941
-19,13465437;18,20096970
-19,12965437;18,20096970
-19,12465437;19,13447189
-19,11965437;18,66848946
-19,11465437;20,53549385
-19,10965437;21,00147629
-19,10465437;22,40249634
-19,09965437;21,46899414
-19,09465437;21,46899414
-19,08965437;22,86847687
-19,08465437;21,93497658
-19,07965437;21,00147629
-19,07465437;21,46899414
-19,06965437;22,40249634
-19,06465437;21,00147629
-19,05965437;21,00147629
-19,05465437;21,00147629
-19,04965437;20,53549385
-19,04465437;20,53549385
-19,03965437;19,13447189
-19,03465438;19,60199165
-19,02965438;19,13447189
-19,02465438;18,66848946
-19,01965438;19,13447189
-19,01465438;18,20096970
-19,00965438;18,20096970
-19,00465438;18,20096970
-18,99965438;17,73498917
-18,99465438;19,13447189
-18,98965438;17,73498917
-18,98465438;18,20096970
-18,97965438;15,86798668
-18,97465438;16,80148888
-18,96965438;17,26746941
-18,96465438;17,26746941
-18,95965438;16,33396912
-18,95465438;16,80148888
-18,94965438;17,73498917
-18,94465438;18,20096970
-18,93965438;18,20096970
-18,93465438;18,20096970
-18,92965438;18,66848946
-18,92465438;18,20096970
-18,91965438;18,66848946
-18,91465438;18,66848946
-18,90965438;18,66848946
-18,90465438;17,73498917
-18,89965438;18,20096970
-18,89465438;16,80148888
-18,88965438;16,33396912
-18,88465438;15,40046692
-18,87965438;15,40046692
-18,87465438;13,06748199
-18,86965438;13,53500175
-18,86465438;12,13398075
-18,85965438;10,73449707
-18,85465438;11,66799831
-18,84965438;11,20047951
-18,84465438;10,73449707
-18,83965438;10,26697731
-18,83465438;9,80099583
-18,82965438;10,26697731
-18,82465438;11,20047951
-18,81965438;10,73449707
-18,81465438;10,73449707
-18,80965438;9,80099583
-18,80465438;10,26697731
-18,79965438;10,26697731
-18,79465438;10,73449707
-18,78965438;9,80099583
-18,78465438;9,80099583
-18,77965438;10,26697731
-18,77465438;9,80099583
-18,76965438;9,33347607
-18,76465438;9,33347607
-18,75965438;6,53297186
-18,75465438;9,33347607
-18,74965438;9,33347607
-18,74465438;8,39997482
-18,73965438;8,86749458
-18,73465438;8,39997482
-18,72965438;8,39997482
-18,72465438;8,86749458
-18,71965438;7,93399334
-18,71465438;7,93399334
-18,70965438;8,39997482
-18,70465438;7,93399334
-18,69965438;7,46647358
-18,69465438;7,46647358
-18,68965438;7,46647358
-18,68465438;8,39997482
-18,67965438;7,46647358
-18,67465438;8,39997482
-18,66965438;8,39997482
-18,66465438;9,80099583
-18,65965438;9,80099583
-18,65465438;11,20047951
-18,64965438;12,13398075
-18,64465438;13,53500175
-18,63965439;14,93448448
-18,63465439;16,80148888
-18,62965439;17,73498917
-18,62465439;17,73498917
-18,61965439;18,66848946
-18,61465439;19,60199165
-18,60965439;21,00147629
-18,60465439;21,00147629
-18,59965439;21,46899414
-18,59465439;20,06797409
-18,58965439;19,13447189
-18,58465439;19,13447189
-18,57965439;18,20096970
-18,57465439;17,73498917
-18,56965439;16,80148888
-18,56465439;16,33396912
-18,55965439;15,40046692
-18,55465439;15,40046692
-18,54965439;14,93448448
-18,54465439;14,93448448
-18,53965439;14,46850300
-18,53465439;15,40046692
-18,52965439;15,40046692
-18,52465439;15,86798668
-18,51965439;15,86798668
-18,51465439;16,80148888
-18,50965439;16,80148888
-18,50465439;18,20096970
-18,49965439;17,73498917
-18,49465439;17,73498917
-18,48965439;17,26746941
-18,48465439;32,20349503
-18,47965439;18,20096970
-18,47465439;18,66848946
-18,46965439;18,66848946
-18,46465439;18,66848946
-18,45965439;18,20096970
-18,45465439;18,20096970
-18,44965439;18,66848946
-18,44465439;17,73498917
-18,43965439;18,20096970
-18,43465439;17,73498917
-18,42965439;17,26746941
-18,42465439;17,73498917
-18,41965439;17,26746941
-18,41465439;18,20096970
-18,40965439;16,80148888
-18,40465439;15,86798668
-18,39965439;15,86798668
-18,39465439;15,86798668
-18,38965439;15,86798668
-18,38465439;15,86798668
-18,37965439;16,33396912
-18,37465439;16,80148888
-18,36965439;16,33396912
-18,36465439;16,80148888
-18,35965439;17,73498917
-18,35465439;18,66848946
-18,34965439;18,20096970
-18,34465439;19,13447189
-18,33965439;19,60199165
-18,33465439;18,66848946
-18,32965439;19,60199165
-18,32465439;19,60199165
-18,31965439;19,60199165
-18,31465439;19,13447189
-18,30965439;20,53549385
-18,30465439;19,60199165
-18,29965439;19,13447189
-18,29465439;19,60199165
-18,28965439;19,13447189
-18,28465439;18,66848946
-18,27965439;18,66848946
-18,27465439;18,66848946
-18,26965439;18,66848946
-18,26465439;18,20096970
-18,25965439;17,73498917
-18,25465439;18,20096970
-18,24965439;17,73498917
-18,24465440;17,73498917
-18,23965440;17,26746941
-18,23465440;17,73498917
-18,22965440;17,26746941
-18,22465440;17,73498917
-18,21965440;16,33396912
-18,21465440;17,26746941
-18,20965440;16,80148888
-18,20465440;16,80148888
-18,19965440;16,33396912
-18,19465440;16,80148888
-18,18965440;16,80148888
-18,18465440;16,33396912
-18,17965440;16,80148888
-18,17465440;17,26746941
-18,16965440;16,80148888
-18,16465440;16,80148888
-18,15965440;17,26746941
-18,15465440;15,40046692
-18,14965440;17,26746941
-18,14465440;16,80148888
-18,13965440;28,93700600
-18,13465440;16,80148888
-18,12965440;16,33396912
-18,12465440;16,33396912
-18,11965440;14,93448448
-18,11465440;14,93448448
-18,10965440;14,93448448
-18,10465440;14,00098324
-18,09965440;13,06748199
-18,09465440;13,53500175
-18,08965440;13,53500175
-18,08465440;14,00098324
-18,07965440;13,53500175
-18,07465440;13,06748199
-18,06965440;12,60150051
-18,06465440;13,06748199
-18,05965440;12,60150051
-18,05465440;13,06748199
-18,04965440;13,06748199
-18,04465440;13,06748199
-18,03965440;13,53500175
-18,03465440;13,06748199
-18,02965440;13,53500175
-18,02465440;14,00098324
-18,01965440;13,06748199
-18,01465440;12,60150051
-18,00965440;14,00098324
-18,00465440;14,46850300
-17,99965440;15,86798668
-17,99465440;14,93448448
-17,98965440;14,46850300
-17,98465440;14,93448448
-17,97965440;13,53500175
-17,97465440;14,46850300
-17,96965440;14,46850300
-17,96465440;14,46850300
-17,95965440;14,00098324
-17,95465440;14,46850300
-17,94965440;14,46850300
-17,94465440;14,46850300
-17,93965440;14,46850300
-17,93465440;15,40046692
-17,92965440;15,40046692
-17,92465440;14,46850300
-17,91965440;14,93448448
-17,91465440;15,40046692
-17,90965440;15,86798668
-17,90465440;15,40046692
-17,89965440;16,33396912
-17,89465440;14,46850300
-17,88965440;16,80148888
-17,88465440;14,93448448
-17,87965440;15,86798668
-17,87465440;15,40046692
-17,86965440;16,33396912
-17,86465440;15,86798668
-17,85965440;15,86798668
-17,85465440;16,33396912
-17,84965440;15,40046692
-17,84465441;15,86798668
-17,83965441;15,86798668
-17,83465441;15,40046692
-17,82965441;15,40046692
-17,82465441;15,40046692
-17,81965441;14,93448448
-17,81465441;15,40046692
-17,80965441;14,93448448
-17,80465441;15,40046692
-17,79965441;14,93448448
-17,79465441;14,93448448
-17,78965441;14,00098324
-17,78465441;14,00098324
-17,77965441;13,06748199
-17,77465441;14,00098324
-17,76965441;12,60150051
-17,76465441;13,06748199
-17,75965441;13,53500175
-17,75465441;12,13398075
-17,74965441;12,60150051
-17,74465441;11,20047951
-17,73965441;10,73449707
-17,73465441;11,20047951
-17,72965441;10,73449707
-17,72465441;10,26697731
-17,71965441;9,80099583
-17,71465441;10,73449707
-17,70965441;10,26697731
-17,70465441;10,73449707
-17,69965441;9,80099583
-17,69465441;10,26697731
-17,68965441;9,80099583
-17,68465441;9,80099583
-17,67965441;10,26697731
-17,67465441;9,80099583
-17,66965441;9,80099583
-17,66465441;9,33347607
-17,65965441;9,33347607
-17,65465441;15,40046692
-17,64965441;8,39997482
-17,64465441;8,86749458
-17,63965441;7,93399334
-17,63465441;7,46647358
-17,62965441;7,00049162
-17,62465441;6,53297186
-17,61965441;7,00049162
-17,61465441;6,53297186
-17,60965441;6,06699038
-17,60465441;6,06699038
-17,59965441;6,53297186
-17,59465441;4,66596889
-17,58965441;5,13348866
-17,58465441;4,66596889
-17,57965441;4,19998741
-17,57465441;4,66596889
-17,56965441;4,19998741
-17,56465441;2,79896641
-17,55965441;2,33298445
-17,55465441;2,33298445
-17,54965441;1,39948320
-17,54465441;1,39948320
-17,53965441;0,93196350
-17,53465441;0,46598175
-17,52965441;1,39948320
-17,52465441;0,93196350
-17,51965441;1,86546493
-17,51465441;2,79896641
-17,50965441;3,73246789
-17,50465441;5,13348866
-17,49965441;5,59947062
-17,49465441;7,93399334
-17,48965441;8,86749458
-17,48465441;8,86749458
-17,47965441;9,80099583
-17,47465441;10,26697731
-17,46965441;9,80099583
-17,46465441;8,86749458
-17,45965441;8,86749458
-17,45465441;8,39997482
-17,44965442;7,46647358
-17,44465442;7,00049162
-17,43965442;7,00049162
-17,43465442;5,59947062
-17,42965442;4,66596889
-17,42465442;5,13348866
-17,41965442;5,59947062
-17,41465442;4,66596889
-17,40965442;5,59947062
-17,40465442;4,66596889
-17,39965442;6,06699038
-17,39465442;5,59947062
-17,38965442;7,46647358
-17,38465442;6,53297186
-17,37965442;6,53297186
-17,37465442;6,53297186
-17,36965442;6,53297186
-17,36465442;7,00049162
-17,35965442;7,00049162
-17,35465442;6,53297186
-17,34965442;6,53297186
-17,34465442;7,00049162
-17,33965442;7,00049162
-17,33465442;8,39997482
-17,32965442;7,93399334
-17,32465442;9,80099583
-17,31965442;7,93399334
-17,31465442;8,39997482
-17,30965442;7,93399334
-17,30465442;6,53297186
-17,29965442;7,93399334
-17,29465442;7,46647358
-17,28965442;7,46647358
-17,28465442;6,53297186
-17,27965442;6,06699038
-17,27465442;6,53297186
-17,26965442;6,53297186
-17,26465442;5,13348866
-17,25965442;5,13348866
-17,25465442;4,66596889
-17,24965442;4,19998741
-17,24465442;5,59947062
-17,23965442;5,59947062
-17,23465442;5,59947062
-17,22965442;6,06699038
-17,22465442;6,53297186
-17,21965442;7,00049162
-17,21465442;6,53297186
-17,20965442;7,46647358
-17,20465442;7,46647358
-17,19965442;7,00049162
-17,19465442;7,93399334
-17,18965442;7,46647358
-17,18465442;10,26697731
-17,17965442;8,86749458
-17,17465442;8,86749458
-17,16965442;8,39997482
-17,16465442;8,39997482
-17,15965442;6,53297186
-17,15465442;7,00049162
-17,14965442;6,53297186
-17,14465442;6,06699038
-17,13965442;6,06699038
-17,13465442;4,19998741
-17,12965442;4,19998741
-17,12465442;3,26648593
-17,11965442;2,79896641
-17,11465442;3,26648593
-17,10965442;2,33298445
-17,10465442;2,33298445
-17,09965442;1,39948320
-17,09465442;1,86546493
-17,08965442;-0,46598175
-17,08465442;0,00000000
-17,07965442;-1,39948320
-17,07465442;-1,39948320
-17,06965442;-2,33298445
-17,06465442;-1,86546493
-17,05965442;-1,86546493
-17,05465443;-1,39948320
-17,04965443;-2,33298445
-17,04465443;-1,86546493
-17,03965443;-2,79896641
-17,03465443;0,93196350
-17,02965443;-1,86546493
-17,02465443;-1,86546493
-17,01965443;-2,33298445
-17,01465443;-3,26648593
-17,00965443;-2,33298445
-17,00465443;-2,79896641
-16,99965443;-1,86546493
-16,99465443;-3,73246789
-16,98965443;-3,26648593
-16,98465443;-4,19998741
-16,97965443;-4,66596889
-16,97465443;-5,13348866
-16,96965443;-6,06699038
-16,96465443;-6,06699038
-16,95965443;-6,06699038
-16,95465443;-6,06699038
-16,94965443;-7,46647358
-16,94465443;-7,46647358
-16,93965443;-8,39997482
-16,93465443;-7,46647358
-16,92965443;-8,39997482
-16,92465443;-8,86749458
-16,91965443;-9,80099583
-16,91465443;-8,86749458
-16,90965443;-8,86749458
-16,90465443;-9,33347607
-16,89965443;-9,33347607
-16,89465443;-9,80099583
-16,88965443;-9,80099583
-16,88465443;-9,80099583
-16,87965443;-10,26697731
-16,87465443;-9,80099583
-16,86965443;-10,73449707
-16,86465443;-10,73449707
-16,85965443;-10,26697731
-16,85465443;-10,73449707
-16,84965443;-11,20047951
-16,84465443;-11,20047951
-16,83965443;-11,66799831
-16,83465443;-10,73449707
-16,82965443;-11,20047951
-16,82465443;-11,66799831
-16,81965443;-12,60150051
-16,81465443;-11,20047951
-16,80965443;-13,53500175
-16,80465443;-12,60150051
-16,79965443;-13,06748199
-16,79465443;-13,06748199
-16,78965443;-13,06748199
-16,78465443;-12,60150051
-16,77965443;-14,46850300
-16,77465443;-14,46850300
-16,76965443;-14,46850300
-16,76465443;-13,06748199
-16,75965443;-13,53500175
-16,75465443;-12,13398075
-16,74965443;-11,66799831
-16,74465443;-10,26697731
-16,73965443;-10,26697731
-16,73465443;-8,39997482
-16,72965443;-7,93399334
-16,72465443;-7,46647358
-16,71965443;-6,53297186
-16,71465443;-5,59947062
-16,70965443;-6,06699038
-16,70465443;-6,06699038
-16,69965443;-6,06699038
-16,69465443;-7,00049162
-16,68965443;-1,39948320
-16,68465443;-7,93399334
-16,67965443;-8,39997482
-16,67465443;-10,26697731
-16,66965443;-11,20047951
-16,66465443;-12,13398075
-16,65965444;-12,60150051
-16,65465444;-14,00098324
-16,64965444;-14,00098324
-16,64465444;-14,93448448
-16,63965444;-14,46850300
-16,63465444;-15,40046692
-16,62965444;-15,40046692
-16,62465444;-15,40046692
-16,61965444;-14,93448448
-16,61465444;-14,93448448
-16,60965444;-14,93448448
-16,60465444;-14,93448448
-16,59965444;-14,93448448
-16,59465444;-14,93448448
-16,58965444;-15,40046692
-16,58465444;-17,26746941
-16,57965444;-14,93448448
-16,57465444;-15,40046692
-16,56965444;-16,33396912
-16,56465444;-15,86798668
-16,55965444;-15,40046692
-16,55465444;-15,40046692
-16,54965444;-15,40046692
-16,54465444;-14,46850300
-16,53965444;-15,40046692
-16,53465444;-14,93448448
-16,52965444;-15,86798668
-16,52465444;-15,40046692
-16,51965444;-15,86798668
-16,51465444;-15,86798668
-16,50965444;-16,33396912
-16,50465444;-16,80148888
-16,49965444;-17,26746941
-16,49465444;-17,26746941
-16,48965444;-17,26746941
-16,48465444;-17,73498917
-16,47965444;-17,26746941
-16,47465444;-16,80148888
-16,46965444;-16,80148888
-16,46465444;-16,33396912
-16,45965444;-15,86798668
-16,45465444;-15,86798668
-16,44965444;-16,33396912
-16,44465444;-15,86798668
-16,43965444;-15,40046692
-16,43465444;-14,93448448
-16,42965444;-14,93448448
-16,42465444;-14,93448448
-16,41965444;-15,40046692
-16,41465444;-14,46850300
-16,40965444;-15,40046692
-16,40465444;-14,93448448
-16,39965444;-15,40046692
-16,39465444;-15,40046692
-16,38965444;-16,80148888
-16,38465444;-16,80148888
-16,37965444;-15,86798668
-16,37465444;-16,33396912
-16,36965444;-17,26746941
-16,36465444;-17,73498917
-16,35965444;-18,20096970
-16,35465444;-18,20096970
-16,34965444;-18,20096970
-16,34465444;-18,66848946
-16,33965444;-19,13447189
-16,33465444;-18,66848946
-16,32965444;-18,66848946
-16,32465444;-19,13447189
-16,31965444;-19,60199165
-16,31465444;-20,06797409
-16,30965444;-18,66848946
-16,30465444;-19,60199165
-16,29965444;-19,13447189
-16,29465444;-19,60199165
-16,28965444;-19,60199165
-16,28465444;-18,20096970
-16,27965444;-18,20096970
-16,27465444;-19,13447189
-16,26965444;-18,66848946
-16,26465445;-19,13447189
-16,25965445;-18,20096970
-16,25465445;-19,13447189
-16,24965445;-18,66848946
-16,24465445;-19,13447189
-16,23965445;-18,66848946
-16,23465445;-19,13447189
-16,22965445;-19,13447189
-16,22465445;-19,13447189
-16,21965445;-20,06797409
-16,21465445;-20,53549385
-16,20965445;-20,06797409
-16,20465445;-20,53549385
-16,19965445;-21,46899414
-16,19465445;-21,93497658
-16,18965445;-21,46899414
-16,18465445;-21,93497658
-16,17965445;-21,93497658
-16,17465445;-23,33599663
-16,16965445;-23,33599663
-16,16465445;-24,26949883
-16,15965445;-23,33599663
-16,15465445;-24,26949883
-16,14965445;-24,26949883
-16,14465445;-24,26949883
-16,13965445;-23,33599663
-16,13465445;-23,33599663
-16,12965445;-23,33599663
-16,12465445;-24,73548126
-16,11965445;-23,80197906
-16,11465445;-23,80197906
-16,10965445;-23,33599663
-16,10465445;-22,86847687
-16,09965445;-23,80197906
-16,09465445;-23,80197906
-16,08965445;-23,80197906
-16,08465445;-22,86847687
-16,07965445;-22,86847687
-16,07465445;-23,80197906
-16,06965445;-23,33599663
-16,06465445;-23,33599663
-16,05965445;-24,26949883
-16,05465445;-24,73548126
-16,04965445;-24,26949883
-16,04465445;-25,20300102
-16,03965445;-24,73548126
-16,03465445;-25,66898346
-16,02965445;-24,73548126
-16,02465445;-24,26949883
-16,01965445;-24,73548126
-16,01465445;-24,73548126
-16,00965445;-24,73548126
-16,00465445;-24,26949883
-15,99965445;-23,80197906
-15,99465445;-23,80197906
-15,98965445;-22,40249634
-15,98465445;-23,33599663
-15,97965445;-23,33599663
-15,97465445;-22,86847687
-15,96965445;-22,40249634
-15,96465445;-22,86847687
-15,95965445;-22,40249634
-15,95465445;-22,40249634
-15,94965445;-21,93497658
-15,94465445;-21,46899414
-15,93965445;-23,33599663
-15,93465445;-22,40249634
-15,92965445;-22,40249634
-15,92465445;-22,86847687
-15,91965445;-22,40249634
-15,91465445;-22,40249634
-15,90965445;-23,80197906
-15,90465445;-23,33599663
-15,89965445;-24,26949883
-15,89465445;-23,33599663
-15,88965445;-23,80197906
-15,88465445;-22,86847687
-15,87965445;-23,33599663
-15,87465445;-23,80197906
-15,86965445;-23,33599663
-15,86465446;-23,33599663
-15,85965446;-23,80197906
-15,85465446;-23,33599663
-15,84965446;-23,80197906
-15,84465446;-23,80197906
-15,83965446;-23,33599663
-15,83465446;-24,26949883
-15,82965446;-33,60297775
-15,82465446;-23,80197906
-15,81965446;-23,80197906
-15,81465446;-24,26949883
-15,80965446;-24,73548126
-15,80465446;-24,26949883
-15,79965446;-24,73548126
-15,79465446;-22,40249634
-15,78965446;-24,26949883
-15,78465446;-26,13650131
-15,77965446;-24,73548126
-15,77465446;-24,26949883
-15,76965446;-25,66898346
-15,76465446;-25,20300102
-15,75965446;-24,73548126
-15,75465446;-24,26949883
-15,74965446;-25,20300102
-15,74465446;-25,66898346
-15,73965446;-27,53598404
-15,73465446;-26,60248184
-15,72965446;-27,07000351
-15,72465446;-27,53598404
-15,71965446;-27,53598404
-15,71465446;-28,46948624
-15,70965446;-28,00350380
-15,70465446;-28,46948624
-15,69965446;-29,40298843
-15,69465446;-29,40298843
-15,68965446;-29,87050819
-15,68465446;-29,87050819
-15,67965446;-30,80247116
-15,67465446;-30,33649063
-15,66965446;-30,80247116
-15,66465446;-31,26999092
-15,65965446;-31,26999092
-15,65465446;-31,26999092
-15,64965446;-32,20349503
-15,64465446;-32,20349503
-15,63965446;-31,73597336
-15,63465446;-32,66947556
-15,62965446;-32,20349503
-15,62465446;-32,20349503
-15,61965446;-30,33649063
-15,61465446;-31,73597336
-15,60965446;-29,40298843
-15,60465446;-28,93700600
-15,59965446;-29,87050819
-15,59465446;-27,07000351
-15,58965446;-25,20300102
-15,58465446;-24,26949883
-15,57965446;-22,86847687
-15,57465446;-22,86847687
-15,56965446;-22,40249634
-15,56465446;-23,33599663
-15,55965446;-23,33599663
-15,55465446;-23,80197906
-15,54965446;-24,26949883
-15,54465446;-24,26949883
-15,53965446;-25,66898346
-15,53465446;-25,66898346
-15,52965446;-26,13650131
-15,52465446;-25,66898346
-15,51965446;-26,13650131
-15,51465446;-25,20300102
-15,50965446;-24,26949883
-15,50465446;-24,26949883
-15,49965446;-24,73548126
-15,49465446;-23,33599663
-15,48965446;-22,86847687
-15,48465446;-22,40249634
-15,47965446;-21,93497658
-15,47465446;-21,00147629
-15,46965447;-20,53549385
-15,46465447;-19,60199165
-15,45965447;-19,60199165
-15,45465447;-18,20096970
-15,44965447;-18,66848946
-15,44465447;-19,13447189
-15,43965447;-17,73498917
-15,43465447;-17,26746941
-15,42965447;-17,26746941
-15,42465447;-16,80148888
-15,41965447;-16,33396912
-15,41465447;-15,40046692
-15,40965447;-17,73498917
-15,40465447;-16,33396912
-15,39965447;-16,33396912
-15,39465447;-16,33396912
-15,38965447;-16,80148888
-15,38465447;-18,20096970
-15,37965447;-16,80148888
-15,37465447;-17,26746941
-15,36965447;-15,86798668
-15,36465447;-16,33396912
-15,35965447;-16,33396912
-15,35465447;-16,80148888
-15,34965447;-15,40046692
-15,34465447;-15,40046692
-15,33965447;-14,93448448
-15,33465447;-13,06748199
-15,32965447;-12,60150051
-15,32465447;-12,13398075
-15,31965447;-11,20047951
-15,31465447;-10,73449707
-15,30965447;-10,26697731
-15,30465447;-9,80099583
-15,29965447;-9,80099583
-15,29465447;-9,33347607
-15,28965447;-9,33347607
-15,28465447;-8,86749458
-15,27965447;-9,80099583
-15,27465447;-8,86749458
-15,26965447;-9,33347607
-15,26465447;-9,80099583
-15,25965447;-9,80099583
-15,25465447;-8,86749458
-15,24965447;-9,80099583
-15,24465447;-10,73449707
-15,23965447;-10,26697731
-15,23465447;-10,26697731
-15,22965447;-10,73449707
-15,22465447;-10,73449707
-15,21965447;-11,20047951
-15,21465447;-11,20047951
-15,20965447;-11,20047951
-15,20465447;-11,20047951
-15,19965447;-12,60150051
-15,19465447;-11,66799831
-15,18965447;-11,20047951
-15,18465447;-10,73449707
-15,17965447;-10,73449707
-15,17465447;-12,13398075
-15,16965447;-10,26697731
-15,16465447;-12,60150051
-15,15965447;-11,20047951
-15,15465447;-12,60150051
-15,14965447;-11,20047951
-15,14465447;-11,20047951
-15,13965447;-10,26697731
-15,13465447;-9,80099583
-15,12965447;-9,80099583
-15,12465447;-7,00049162
-15,11965447;-7,93399334
-15,11465447;-7,93399334
-15,10965447;-7,93399334
-15,10465447;-7,46647358
-15,09965447;-7,46647358
-15,09465447;-7,93399334
-15,08965447;-7,46647358
-15,08465447;-8,39997482
-15,07965447;-8,39997482
-15,07465448;-8,39997482
-15,06965448;-8,86749458
-15,06465448;-9,80099583
-15,05965448;-9,80099583
-15,05465448;-10,26697731
-15,04965448;-10,26697731
-15,04465448;-10,26697731
-15,03965448;-10,73449707
-15,03465448;-10,26697731
-15,02965448;-10,73449707
-15,02465448;-11,20047951
-15,01965448;-11,20047951
-15,01465448;-9,80099583
-15,00965448;-9,33347607
-15,00465448;-9,80099583
-14,99965448;-9,80099583
-14,99465448;-9,33347607
-14,98965448;-10,26697731
-14,98465448;-9,33347607
-14,97965448;-8,39997482
-14,97465448;-8,39997482
-14,96965448;-8,39997482
-14,96465448;-8,86749458
-14,95965448;-8,86749458
-14,95465448;-7,46647358
-14,94965448;-8,39997482
-14,94465448;-8,86749458
-14,93965448;-7,93399334
-14,93465448;-9,33347607
-14,92965448;-8,39997482
-14,92465448;-8,39997482
-14,91965448;-7,93399334
-14,91465448;-7,93399334
-14,90965448;-7,46647358
-14,90465448;-7,93399334
-14,89965448;-7,46647358
-14,89465448;-8,86749458
-14,88965448;-8,39997482
-14,88465448;-8,86749458
-14,87965448;-8,86749458
-14,87465448;-8,39997482
-14,86965448;-9,33347607
-14,86465448;-8,39997482
-14,85965448;-8,39997482
-14,85465448;-8,39997482
-14,84965448;-6,06699038
-14,84465448;-5,13348866
-14,83965448;-5,13348866
-14,83465448;-3,26648593
-14,82965448;-2,33298445
-14,82465448;-0,46598175
-14,81965448;0,93196350
-14,81465448;1,39948320
-14,80965448;1,39948320
-14,80465448;3,26648593
-14,79965448;2,79896641
-14,79465448;3,73246789
-14,78965448;3,26648593
-14,78465448;3,26648593
-14,77965448;2,79896641
-14,77465448;1,86546493
-14,76965448;0,93196350
-14,76465448;0,93196350
-14,75965448;0,46598175
-14,75465448;0,00000000
-14,74965448;0,00000000
-14,74465448;0,00000000
-14,73965448;0,46598175
-14,73465448;0,93196350
-14,72965448;5,13348866
-14,72465448;1,86546493
-14,71965448;2,33298445
-14,71465448;3,73246789
-14,70965448;3,26648593
-14,70465448;3,73246789
-14,69965448;4,19998741
-14,69465448;5,13348866
-14,68965448;5,13348866
-14,68465448;6,53297186
-14,67965449;7,46647358
-14,67465449;7,46647358
-14,66965449;8,39997482
-14,66465449;7,93399334
-14,65965449;8,86749458
-14,65465449;9,33347607
-14,64965449;9,80099583
-14,64465449;10,26697731
-14,63965449;10,73449707
-14,63465449;10,73449707
-14,62965449;10,73449707
-14,62465449;9,80099583
-14,61965449;10,26697731
-14,61465449;10,26697731
-14,60965449;8,86749458
-14,60465449;9,33347607
-14,59965449;9,80099583
-14,59465449;9,80099583
-14,58965449;9,33347607
-14,58465449;7,93399334
-14,57965449;9,80099583
-14,57465449;9,80099583
-14,56965449;10,26697731
-14,56465449;10,73449707
-14,55965449;10,73449707
-14,55465449;11,66799831
-14,54965449;12,60150051
-14,54465449;12,60150051
-14,53965449;13,06748199
-14,53465449;13,06748199
-14,52965449;13,53500175
-14,52465449;13,53500175
-14,51965449;14,00098324
-14,51465449;14,00098324
-14,50965449;13,53500175
-14,50465449;14,00098324
-14,49965449;13,53500175
-14,49465449;13,53500175
-14,48965449;12,60150051
-14,48465449;12,60150051
-14,47965449;12,13398075
-14,47465449;12,60150051
-14,46965449;11,20047951
-14,46465449;12,13398075
-14,45965449;11,66799831
-14,45465449;10,73449707
-14,44965449;10,73449707
-14,44465449;10,73449707
-14,43965449;10,26697731
-14,43465449;10,73449707
-14,42965449;9,80099583
-14,42465449;11,20047951
-14,41965449;9,33347607
-14,41465449;11,20047951
-14,40965449;10,26697731
-14,40465449;11,20047951
-14,39965449;10,73449707
-14,39465449;11,66799831
-14,38965449;11,66799831
-14,38465449;12,13398075
-14,37965449;11,66799831
-14,37465449;12,60150051
-14,36965449;12,13398075
-14,36465449;12,60150051
-14,35965449;12,13398075
-14,35465449;12,60150051
-14,34965449;12,13398075
-14,34465449;11,66799831
-14,33965449;11,66799831
-14,33465449;13,06748199
-14,32965449;14,00098324
-14,32465449;13,06748199
-14,31965449;13,06748199
-14,31465449;13,06748199
-14,30965449;12,60150051
-14,30465449;13,06748199
-14,29965449;13,06748199
-14,29465449;13,53500175
-14,28965449;13,06748199
-14,28465450;14,00098324
-14,27965450;13,53500175
-14,27465450;13,06748199
-14,26965450;12,60150051
-14,26465450;13,06748199
-14,25965450;12,60150051
-14,25465450;13,53500175
-14,24965450;13,06748199
-14,24465450;13,53500175
-14,23965450;13,53500175
-14,23465450;14,46850300
-14,22965450;14,46850300
-14,22465450;14,46850300
-14,21965450;14,93448448
-14,21465450;14,93448448
-14,20965450;16,33396912
-14,20465450;15,86798668
-14,19965450;15,86798668
-14,19465450;16,80148888
-14,18965450;16,80148888
-14,18465450;18,66848946
-14,17965450;16,80148888
-14,17465450;16,33396912
-14,16965450;17,73498917
-14,16465450;16,80148888
-14,15965450;17,26746941
-14,15465450;17,73498917
-14,14965450;17,73498917
-14,14465450;18,20096970
-14,13965450;18,20096970
-14,13465450;17,73498917
-14,12965450;18,20096970
-14,12465450;18,66848946
-14,11965450;17,73498917
-14,11465450;18,20096970
-14,10965450;17,73498917
-14,10465450;17,26746941
-14,09965450;17,73498917
-14,09465450;16,33396912
-14,08965450;16,80148888
-14,08465450;17,73498917
-14,07965450;16,80148888
-14,07465450;17,26746941
-14,06965450;17,26746941
-14,06465450;17,26746941
-14,05965450;16,80148888
-14,05465450;19,60199165
-14,04965450;17,73498917
-14,04465450;17,26746941
-14,03965450;17,26746941
-14,03465450;16,80148888
-14,02965450;16,80148888
-14,02465450;18,20096970
-14,01965450;16,80148888
-14,01465450;16,33396912
-14,00965450;15,86798668
-14,00465450;16,33396912
-13,99965450;15,86798668
-13,99465450;14,46850300
-13,98965450;14,93448448
-13,98465450;15,86798668
-13,97965450;14,46850300
-13,97465450;14,46850300
-13,96965450;13,53500175
-13,96465450;13,53500175
-13,95965450;13,53500175
-13,95465450;14,00098324
-13,94965450;14,00098324
-13,94465450;14,00098324
-13,93965450;14,46850300
-13,93465450;13,53500175
-13,92965450;14,00098324
-13,92465450;13,06748199
-13,91965450;13,53500175
-13,91465450;13,53500175
-13,90965450;14,00098324
-13,90465450;13,53500175
-13,89965450;13,53500175
-13,89465450;13,06748199
-13,88965451;13,06748199
-13,88465451;13,53500175
-13,87965451;13,06748199
-13,87465451;14,00098324
-13,86965451;13,53500175
-13,86465451;13,53500175
-13,85965451;13,53500175
-13,85465451;13,06748199
-13,84965451;13,06748199
-13,84465451;12,60150051
-13,83965451;14,00098324
-13,83465451;13,53500175
-13,82965451;13,06748199
-13,82465451;12,60150051
-13,81965451;10,73449707
-13,81465451;10,73449707
-13,80965451;10,73449707
-13,80465451;11,20047951
-13,79965451;9,33347607
-13,79465451;10,26697731
-13,78965451;9,80099583
-13,78465451;8,39997482
-13,77965451;8,39997482
-13,77465451;8,86749458
-13,76965451;7,46647358
-13,76465451;8,86749458
-13,75965451;7,46647358
-13,75465451;8,39997482
-13,74965451;7,93399334
-13,74465451;7,46647358
-13,73965451;6,06699038
-13,73465451;6,53297186
-13,72965451;7,00049162
-13,72465451;6,53297186
-13,71965451;6,53297186
-13,71465451;7,46647358
-13,70965451;7,46647358
-13,70465451;9,33347607
-13,69965451;9,80099583
-13,69465451;11,66799831
-13,68965451;11,20047951
-13,68465451;14,00098324
-13,67965451;14,00098324
-13,67465451;14,46850300
-13,66965451;15,40046692
-13,66465451;15,40046692
-13,65965451;14,93448448
-13,65465451;14,46850300
-13,64965451;14,93448448
-13,64465451;14,00098324
-13,63965451;12,60150051
-13,63465451;13,06748199
-13,62965451;12,60150051
-13,62465451;11,20047951
-13,61965451;12,13398075
-13,61465451;12,13398075
-13,60965451;12,60150051
-13,60465451;12,13398075
-13,59965451;12,60150051
-13,59465451;14,46850300
-13,58965451;13,06748199
-13,58465451;14,00098324
-13,57965451;14,46850300
-13,57465451;14,46850300
-13,56965451;14,46850300
-13,56465451;14,00098324
-13,55965451;15,40046692
-13,55465451;15,40046692
-13,54965451;14,93448448
-13,54465451;15,40046692
-13,53965451;15,40046692
-13,53465451;14,93448448
-13,52965451;15,40046692
-13,52465451;15,86798668
-13,51965451;15,86798668
-13,51465451;15,86798668
-13,50965451;17,26746941
-13,50465451;17,73498917
-13,49965451;17,73498917
-13,49465451;15,86798668
-13,48965452;16,80148888
-13,48465452;16,33396912
-13,47965452;15,40046692
-13,47465452;15,40046692
-13,46965452;15,40046692
-13,46465452;14,46850300
-13,45965452;14,00098324
-13,45465452;13,06748199
-13,44965452;14,00098324
-13,44465452;14,00098324
-13,43965452;14,46850300
-13,43465452;14,00098324
-13,42965452;14,46850300
-13,42465452;14,93448448
-13,41965452;16,33396912
-13,41465452;15,86798668
-13,40965452;16,33396912
-13,40465452;17,26746941
-13,39965452;16,80148888
-13,39465452;17,26746941
-13,38965452;17,73498917
-13,38465452;16,80148888
-13,37965452;17,73498917
-13,37465452;17,73498917
-13,36965452;17,26746941
-13,36465452;18,20096970
-13,35965452;17,73498917
-13,35465452;18,20096970
-13,34965452;16,80148888
-13,34465452;17,26746941
-13,33965452;16,80148888
-13,33465452;16,80148888
-13,32965452;17,26746941
-13,32465452;17,26746941
-13,31965452;16,80148888
-13,31465452;16,80148888
-13,30965452;17,26746941
-13,30465452;16,80148888
-13,29965452;16,80148888
-13,29465452;16,33396912
-13,28965452;16,33396912
-13,28465452;15,40046692
-13,27965452;16,33396912
-13,27465452;15,40046692
-13,26965452;14,93448448
-13,26465452;14,93448448
-13,25965452;13,53500175
-13,25465452;14,00098324
-13,24965452;13,53500175
-13,24465452;13,53500175
-13,23965452;13,53500175
-13,23465452;14,00098324
-13,22965452;14,00098324
-13,22465452;14,46850300
-13,21965452;14,46850300
-13,21465452;14,93448448
-13,20965452;14,93448448
-13,20465452;14,46850300
-13,19965452;14,93448448
-13,19465452;15,86798668
-13,18965452;14,93448448
-13,18465452;13,53500175
-13,17965452;13,53500175
-13,17465452;14,00098324
-13,16965452;13,06748199
-13,16465452;12,13398075
-13,15965452;12,13398075
-13,15465452;11,66799831
-13,14965452;10,73449707
-13,14465452;10,26697731
-13,13965452;11,20047951
-13,13465452;10,26697731
-13,12965452;10,26697731
-13,12465452;9,33347607
-13,11965452;9,33347607
-13,11465452;10,26697731
-13,10965452;9,80099583
-13,10465452;9,80099583
-13,09965452;9,33347607
-13,09465453;10,26697731
-13,08965453;10,73449707
-13,08465453;10,73449707
-13,07965453;10,73449707
-13,07465453;10,73449707
-13,06965453;10,26697731
-13,06465453;10,26697731
-13,05965453;8,39997482
-13,05465453;10,26697731
-13,04965453;9,80099583
-13,04465453;9,80099583
-13,03965453;9,80099583
-13,03465453;9,33347607
-13,02965453;8,86749458
-13,02465453;8,39997482
-13,01965453;8,39997482
-13,01465453;8,39997482
-13,00965453;8,39997482
-13,00465453;7,46647358
-12,99965453;7,93399334
-12,99465453;7,46647358
-12,98965453;7,00049162
-12,98465453;6,06699038
-12,97965453;5,59947062
-12,97465453;6,53297186
-12,96965453;8,86749458
-12,96465453;6,53297186
-12,95965453;6,53297186
-12,95465453;7,00049162
-12,94965453;7,93399334
-12,94465453;8,39997482
-12,93965453;8,86749458
-12,93465453;9,80099583
-12,92965453;11,66799831
-12,92465453;12,13398075
-12,91965453;13,53500175
-12,91465453;14,46850300
-12,90965453;15,40046692
-12,90465453;15,86798668
-12,89965453;16,80148888
-12,89465453;16,33396912
-12,88965453;16,33396912
-12,88465453;16,33396912
-12,87965453;15,86798668
-12,87465453;15,86798668
-12,86965453;14,46850300
-12,86465453;13,53500175
-12,85965453;12,60150051
-12,85465453;12,13398075
-12,84965453;11,66799831
-12,84465453;11,20047951
-12,83965453;11,20047951
-12,83465453;10,26697731
-12,82965453;10,73449707
-12,82465453;11,20047951
-12,81965453;11,20047951
-12,81465453;11,20047951
-12,80965453;11,66799831
-12,80465453;12,13398075
-12,79965453;13,06748199
-12,79465453;13,06748199
-12,78965453;12,60150051
-12,78465453;13,06748199
-12,77965453;13,53500175
-12,77465453;13,06748199
-12,76965453;13,06748199
-12,76465453;14,00098324
-12,75965453;14,46850300
-12,75465453;14,00098324
-12,74965453;14,00098324
-12,74465453;11,20047951
-12,73965453;14,46850300
-12,73465453;14,46850300
-12,72965453;14,93448448
-12,72465453;14,00098324
-12,71965453;14,00098324
-12,71465453;13,53500175
-12,70965453;13,53500175
-12,70465453;13,06748199
-12,69965454;13,06748199
-12,69465454;12,13398075
-12,68965454;12,13398075
-12,68465454;11,20047951
-12,67965454;11,20047951
-12,67465454;11,66799831
-12,66965454;11,66799831
-12,66465454;9,80099583
-12,65965454;10,73449707
-12,65465454;11,66799831
-12,64965454;10,26697731
-12,64465454;11,20047951
-12,63965454;11,66799831
-12,63465454;12,60150051
-12,62965454;12,60150051
-12,62465454;12,60150051
-12,61965454;12,13398075
-12,61465454;12,60150051
-12,60965454;13,53500175
-12,60465454;12,60150051
-12,59965454;12,60150051
-12,59465454;12,13398075
-12,58965454;12,13398075
-12,58465454;12,13398075
-12,57965454;11,20047951
-12,57465454;11,20047951
-12,56965454;10,73449707
-12,56465454;11,66799831
-12,55965454;10,73449707
-12,55465454;11,20047951
-12,54965454;10,73449707
-12,54465454;10,73449707
-12,53965454;11,20047951
-12,53465454;10,73449707
-12,52965454;11,20047951
-12,52465454;10,73449707
-12,51965454;11,20047951
-12,51465454;10,73449707
-12,50965454;11,66799831
-12,50465454;10,26697731
-12,49965454;10,73449707
-12,49465454;10,26697731
-12,48965454;10,26697731
-12,48465454;10,26697731
-12,47965454;11,20047951
-12,47465454;11,20047951
-12,46965454;11,66799831
-12,46465454;10,73449707
-12,45965454;11,20047951
-12,45465454;11,66799831
-12,44965454;12,60150051
-12,44465454;13,06748199
-12,43965454;13,06748199
-12,43465454;12,13398075
-12,42965454;13,06748199
-12,42465454;13,06748199
-12,41965454;13,06748199
-12,41465454;13,06748199
-12,40965454;12,60150051
-12,40465454;11,66799831
-12,39965454;11,66799831
-12,39465454;10,73449707
-12,38965454;10,26697731
-12,38465454;11,20047951
-12,37965454;8,39997482
-12,37465454;7,93399334
-12,36965454;6,53297186
-12,36465454;6,06699038
-12,35965454;6,06699038
-12,35465454;6,06699038
-12,34965454;6,06699038
-12,34465454;5,13348866
-12,33965454;5,59947062
-12,33465454;6,06699038
-12,32965454;5,59947062
-12,32465454;7,00049162
-12,31965454;6,06699038
-12,31465454;6,53297186
-12,30965454;6,06699038
-12,30465455;6,53297186
-12,29965455;6,53297186
-12,29465455;6,53297186
-12,28965455;6,53297186
-12,28465455;7,00049162
-12,27965455;6,06699038
-12,27465455;6,53297186
-12,26965455;6,06699038
-12,26465455;5,59947062
-12,25965455;5,13348866
-12,25465455;5,13348866
-12,24965455;5,59947062
-12,24465455;4,66596889
-12,23965455;4,19998741
-12,23465455;5,13348866
-12,22965455;4,66596889
-12,22465455;4,19998741
-12,21965455;4,19998741
-12,21465455;3,73246789
-12,20965455;3,73246789
-12,20465455;3,73246789
-12,19965455;4,19998741
-12,19465455;4,19998741
-12,18965455;2,79896641
-12,18465455;3,73246789
-12,17965455;2,79896641
-12,17465455;3,26648593
-12,16965455;1,86546493
-12,16465455;2,33298445
-12,15965455;2,79896641
-12,15465455;1,86546493
-12,14965455;4,19998741
-12,14465455;2,79896641
-12,13965455;3,26648593
-12,13465455;2,33298445
-12,12965455;2,33298445
-12,12465455;3,73246789
-12,11965455;3,73246789
-12,11465455;3,26648593
-12,10965455;3,26648593
-12,10465455;3,26648593
-12,09965455;2,79896641
-12,09465455;3,73246789
-12,08965455;2,79896641
-12,08465455;2,79896641
-12,07965455;1,86546493
-12,07465455;1,86546493
-12,06965455;1,39948320
-12,06465455;1,39948320
-12,05965455;1,39948320
-12,05465455;0,46598175
-12,04965455;0,93196350
-12,04465455;0,46598175
-12,03965455;0,00000000
-12,03465455;0,46598175
-12,02965455;0,93196350
-12,02465455;0,00000000
-12,01965455;0,46598175
-12,01465455;-0,46598175
-12,00965455;-0,46598175
-12,00465455;-0,93196350
-11,99965455;-0,46598175
-11,99465455;-0,93196350
-11,98965455;-0,93196350
-11,98465455;-0,46598175
-11,97965455;-0,93196350
-11,97465455;-1,86546493
-11,96965455;-1,39948320
-11,96465455;-1,86546493
-11,95965455;-1,86546493
-11,95465455;-2,33298445
-11,94965455;-1,39948320
-11,94465455;-3,26648593
-11,93965455;-2,79896641
-11,93465455;-2,79896641
-11,92965455;-4,19998741
-11,92465455;-3,73246789
-11,91965455;-4,66596889
-11,91465455;-5,59947062
-11,90965456;-5,13348866
-11,90465456;-5,59947062
-11,89965456;-7,00049162
-11,89465456;-6,06699038
-11,88965456;-7,46647358
-11,88465456;-7,93399334
-11,87965456;-7,46647358
-11,87465456;-8,86749458
-11,86965456;-9,80099583
-11,86465456;-11,20047951
-11,85965456;-11,20047951
-11,85465456;-12,13398075
-11,84965456;-13,06748199
-11,84465456;-14,00098324
-11,83965456;-14,00098324
-11,83465456;-14,93448448
-11,82965456;-14,93448448
-11,82465456;-12,60150051
-11,81965456;-14,93448448
-11,81465456;-13,53500175
-11,80965456;-12,60150051
-11,80465456;-11,66799831
-11,79965456;-10,73449707
-11,79465456;-7,93399334
-11,78965456;-7,46647358
-11,78465456;-6,06699038
-11,77965456;-4,66596889
-11,77465456;-4,19998741
-11,76965456;-3,73246789
-11,76465456;-3,26648593
-11,75965456;-3,26648593
-11,75465456;-3,26648593
-11,74965456;-4,66596889
-11,74465456;-5,13348866
-11,73965456;-6,06699038
-11,73465456;-7,00049162
-11,72965456;-7,46647358
-11,72465456;-8,39997482
-11,71965456;-9,33347607
-11,71465456;-9,33347607
-11,70965456;-9,33347607
-11,70465456;-8,86749458
-11,69965456;-8,86749458
-11,69465456;-7,93399334
-11,68965456;-9,33347607
-11,68465456;-7,93399334
-11,67965456;-7,93399334
-11,67465456;-7,46647358
-11,66965456;-7,00049162
-11,66465456;-7,46647358
-11,65965456;-6,53297186
-11,65465456;-5,59947062
-11,64965456;-7,00049162
-11,64465456;-7,46647358
-11,63965456;-6,53297186
-11,63465456;-5,59947062
-11,62965456;-5,59947062
-11,62465456;-5,59947062
-11,61965456;-6,53297186
-11,61465456;-7,00049162
-11,60965456;-5,59947062
-11,60465456;-5,59947062
-11,59965456;-7,46647358
-11,59465456;-7,46647358
-11,58965456;-7,00049162
-11,58465456;-6,53297186
-11,57965456;-7,93399334
-11,57465456;-7,93399334
-11,56965456;-8,39997482
-11,56465456;-8,39997482
-11,55965456;-10,26697731
-11,55465456;-11,20047951
-11,54965456;-8,86749458
-11,54465456;-10,26697731
-11,53965456;-9,80099583
-11,53465456;-9,33347607
-11,52965456;-8,86749458
-11,52465456;-7,93399334
-11,51965456;-7,46647358
-11,51465457;-7,46647358
-11,50965457;-6,06699038
-11,50465457;-5,59947062
-11,49965457;-5,13348866
-11,49465457;-4,66596889
-11,48965457;-3,73246789
-11,48465457;-4,19998741
-11,47965457;-3,73246789
-11,47465457;-4,19998741
-11,46965457;-3,26648593
-11,46465457;-3,73246789
-11,45965457;-3,73246789
-11,45465457;-5,13348866
-11,44965457;-4,66596889
-11,44465457;-3,26648593
-11,43965457;-4,66596889
-11,43465457;-5,59947062
-11,42965457;-4,19998741
-11,42465457;-5,59947062
-11,41965457;-5,13348866
-11,41465457;-6,53297186
-11,40965457;-5,59947062
-11,40465457;-5,59947062
-11,39965457;-6,53297186
-11,39465457;-6,53297186
-11,38965457;-6,53297186
-11,38465457;-6,53297186
-11,37965457;-7,00049162
-11,37465457;-7,93399334
-11,36965457;-8,39997482
-11,36465457;-8,39997482
-11,35965457;-8,86749458
-11,35465457;-8,39997482
-11,34965457;-9,33347607
-11,34465457;-9,33347607
-11,33965457;-9,80099583
-11,33465457;-9,80099583
-11,32965457;-9,33347607
-11,32465457;-9,80099583
-11,31965457;-8,86749458
-11,31465457;-8,86749458
-11,30965457;-9,80099583
-11,30465457;-8,39997482
-11,29965457;-9,80099583
-11,29465457;-9,33347607
-11,28965457;-9,33347607
-11,28465457;-9,80099583
-11,27965457;-10,26697731
-11,27465457;-11,20047951
-11,26965457;-11,20047951
-11,26465457;-12,60150051
-11,25965457;-12,60150051
-11,25465457;-13,06748199
-11,24965457;-14,00098324
-11,24465457;-14,93448448
-11,23965457;-16,33396912
-11,23465457;-15,86798668
-11,22965457;-16,33396912
-11,22465457;-15,86798668
-11,21965457;-16,80148888
-11,21465457;-16,80148888
-11,20965457;-16,33396912
-11,20465457;-16,33396912
-11,19965457;-16,80148888
-11,19465457;-16,80148888
-11,18965457;-16,33396912
-11,18465457;-16,33396912
-11,17965457;-12,13398075
-11,17465457;-15,40046692
-11,16965457;-16,33396912
-11,16465457;-16,80148888
-11,15965457;-17,73498917
-11,15465457;-17,26746941
-11,14965457;-18,66848946
-11,14465457;-18,20096970
-11,13965457;-17,26746941
-11,13465457;-19,13447189
-11,12965457;-18,66848946
-11,12465457;-19,13447189
-11,11965457;-19,13447189
-11,11465458;-19,13447189
-11,10965458;-19,13447189
-11,10465458;-19,13447189
-11,09965458;-19,60199165
-11,09465458;-19,13447189
-11,08965458;-20,06797409
-11,08465458;-20,53549385
-11,07965458;-19,13447189
-11,07465458;-19,13447189
-11,06965458;-20,53549385
-11,06465458;-20,06797409
-11,05965458;-21,00147629
-11,05465458;-20,53549385
-11,04965458;-20,53549385
-11,04465458;-19,13447189
-11,03965458;-18,66848946
-11,03465458;-18,66848946
-11,02965458;-17,26746941
-11,02465458;-15,40046692
-11,01965458;-14,93448448
-11,01465458;-14,00098324
-11,00965458;-13,06748199
-11,00465458;-11,20047951
-10,99965458;-10,73449707
-10,99465458;-9,33347607
-10,98965458;-9,80099583
-10,98465458;-8,86749458
-10,97965458;-9,33347607
-10,97465458;-9,33347607
-10,96965458;-9,80099583
-10,96465458;-10,26697731
-10,95965458;-10,26697731
-10,95465458;-11,66799831
-10,94965458;-13,06748199
-10,94465458;-12,60150051
-10,93965458;-13,53500175
-10,93465458;-14,00098324
-10,92965458;-14,46850300
-10,92465458;-14,46850300
-10,91965458;-14,46850300
-10,91465458;-13,53500175
-10,90965458;-13,06748199
-10,90465458;-12,60150051
-10,89965458;-12,13398075
-10,89465458;-12,60150051
-10,88965458;-11,20047951
-10,88465458;-10,73449707
-10,87965458;-10,73449707
-10,87465458;-10,73449707
-10,86965458;-10,73449707
-10,86465458;-10,73449707
-10,85965458;-10,26697731
-10,85465458;-10,26697731
-10,84965458;-9,80099583
-10,84465458;-10,73449707
-10,83965458;-10,26697731
-10,83465458;-9,80099583
-10,82965458;-10,26697731
-10,82465458;-9,80099583
-10,81965458;-10,26697731
-10,81465458;-10,73449707
-10,80965458;-10,73449707
-10,80465458;-10,73449707
-10,79965458;-9,80099583
-10,79465458;-11,20047951
-10,78965458;-11,20047951
-10,78465458;-10,73449707
-10,77965458;-11,20047951
-10,77465458;-10,73449707
-10,76965458;-10,73449707
-10,76465458;-11,20047951
-10,75965458;-10,73449707
-10,75465458;-10,73449707
-10,74965458;-9,33347607
-10,74465458;-9,33347607
-10,73965458;-9,33347607
-10,73465458;-8,86749458
-10,72965458;-7,93399334
-10,72465458;-6,06699038
-10,71965459;-7,46647358
-10,71465459;-7,00049162
-10,70965459;-4,66596889
-10,70465459;-7,00049162
-10,69965459;-7,46647358
-10,69465459;-6,06699038
-10,68965459;-7,46647358
-10,68465459;-7,00049162
-10,67965459;-7,00049162
-10,67465459;-7,00049162
-10,66965459;-7,00049162
-10,66465459;-7,00049162
-10,65965459;-7,00049162
-10,65465459;-7,00049162
-10,64965459;-7,46647358
-10,64465459;-7,46647358
-10,63965459;-6,53297186
-10,63465459;-7,46647358
-10,62965459;-5,13348866
-10,62465459;-6,53297186
-10,61965459;-6,06699038
-10,61465459;-6,06699038
-10,60965459;-5,59947062
-10,60465459;-5,59947062
-10,59965459;-4,66596889
-10,59465459;-4,66596889
-10,58965459;-5,59947062
-10,58465459;-4,66596889
-10,57965459;-5,13348866
-10,57465459;-5,13348866
-10,56965459;-4,19998741
-10,56465459;-4,66596889
-10,55965459;-5,13348866
-10,55465459;-3,73246789
-10,54965459;-3,73246789
-10,54465459;-4,19998741
-10,53965459;-4,19998741
-10,53465459;-3,73246789
-10,52965459;-3,73246789
-10,52465459;-4,19998741
-10,51965459;-4,19998741
-10,51465459;-4,19998741
-10,50965459;-5,13348866
-10,50465459;-5,59947062
-10,49965459;-5,59947062
-10,49465459;-5,59947062
-10,48965459;-5,59947062
-10,48465459;-6,06699038
-10,47965459;-6,53297186
-10,47465459;-6,53297186
-10,46965459;-7,46647358
-10,46465459;-7,00049162
-10,45965459;-7,00049162
-10,45465459;-6,53297186
-10,44965459;-6,53297186
-10,44465459;-6,06699038
-10,43965459;-6,06699038
-10,43465459;-5,59947062
-10,42965459;-7,00049162
-10,42465459;-5,59947062
-10,41965459;-5,13348866
-10,41465459;-5,13348866
-10,40965459;-4,19998741
-10,40465459;-3,73246789
-10,39965459;-4,66596889
-10,39465459;-4,19998741
-10,38965459;-4,19998741
-10,38465459;-2,79896641
-10,37965459;-3,73246789
-10,37465459;-7,93399334
-10,36965459;-2,79896641
-10,36465459;-2,33298445
-10,35965459;-2,33298445
-10,35465459;-1,86546493
-10,34965459;-1,39948320
-10,34465459;-1,39948320
-10,33965459;-1,39948320
-10,33465459;-0,46598175
-10,32965459;0,00000000
-10,32465460;0,46598175
-10,31965460;1,86546493
-10,31465460;0,93196350
-10,30965460;0,93196350
-10,30465460;0,93196350
-10,29965460;0,46598175
-10,29465460;0,46598175
-10,28965460;0,93196350
-10,28465460;0,46598175
-10,27965460;0,93196350
-10,27465460;1,86546493
-10,26965460;1,39948320
-10,26465460;1,39948320
-10,25965460;2,33298445
-10,25465460;1,86546493
-10,24965460;2,33298445
-10,24465460;1,39948320
-10,23965460;3,26648593
-10,23465460;4,19998741
-10,22965460;2,33298445
-10,22465460;4,19998741
-10,21965460;3,73246789
-10,21465460;3,73246789
-10,20965460;3,26648593
-10,20465460;3,73246789
-10,19965460;4,19998741
-10,19465460;3,26648593
-10,18965460;3,26648593
-10,18465460;3,73246789
-10,17965460;3,26648593
-10,17465460;3,73246789
-10,16965460;3,26648593
-10,16465460;3,73246789
-10,15965460;4,66596889
-10,15465460;4,66596889
-10,14965460;3,73246789
-10,14465460;3,73246789
-10,13965460;4,19998741
-10,13465460;4,19998741
-10,12965460;4,66596889
-10,12465460;4,19998741
-10,11965460;4,19998741
-10,11465460;3,73246789
-10,10965460;4,19998741
-10,10465460;4,19998741
-10,09965460;6,53297186
-10,09465460;3,26648593
-10,08965460;3,26648593
-10,08465460;3,26648593
-10,07965460;3,26648593
-10,07465460;2,79896641
-10,06965460;3,26648593
-10,06465460;2,33298445
-10,05965460;2,79896641
-10,05465460;1,86546493
-10,04965460;1,39948320
-10,04465460;1,39948320
-10,03965460;2,33298445
-10,03465460;2,79896641
-10,02965460;1,86546493
-10,02465460;0,93196350
-10,01965460;0,46598175
-10,01465460;-1,39948320
-10,00965460;0,00000000
-10,00465460;0,00000000
-9,99965460;0,46598175
-9,99465460;-1,39948320
-9,98965460;-0,93196350
-9,98465460;-0,46598175
-9,97965460;-0,46598175
-9,97465460;-0,46598175
-9,96965460;-0,93196350
-9,96465460;-1,39948320
-9,95965460;-1,39948320
-9,95465460;-1,86546493
-9,94965460;-1,86546493
-9,94465460;-2,33298445
-9,93965460;-3,26648593
-9,93465460;-2,33298445
-9,92965461;-3,73246789
-9,92465461;-3,73246789
-9,91965461;-3,26648593
-9,91465461;-2,33298445
-9,90965461;-1,86546493
-9,90465461;-0,46598175
-9,89965461;0,93196350
-9,89465461;2,33298445
-9,88965461;3,73246789
-9,88465461;5,59947062
-9,87965461;7,00049162
-9,87465461;7,93399334
-9,86965461;9,33347607
-9,86465461;9,33347607
-9,85965461;9,33347607
-9,85465461;10,26697731
-9,84965461;9,33347607
-9,84465461;8,86749458
-9,83965461;7,93399334
-9,83465461;7,93399334
-9,82965461;8,86749458
-9,82465461;5,59947062
-9,81965461;6,53297186
-9,81465461;6,06699038
-9,80965461;6,53297186
-9,80465461;6,53297186
-9,79965461;7,00049162
-9,79465461;7,93399334
-9,78965461;7,93399334
-9,78465461;7,00049162
-9,77965461;9,33347607
-9,77465461;8,86749458
-9,76965461;10,26697731
-9,76465461;9,80099583
-9,75965461;9,33347607
-9,75465461;11,20047951
-9,74965461;11,20047951
-9,74465461;12,13398075
-9,73965461;11,66799831
-9,73465461;12,60150051
-9,72965461;12,60150051
-9,72465461;12,60150051
-9,71965461;13,53500175
-9,71465461;13,06748199
-9,70965461;13,06748199
-9,70465461;14,00098324
-9,69965461;13,53500175
-9,69465461;13,53500175
-9,68965461;12,60150051
-9,68465461;14,00098324
-9,67965461;13,06748199
-9,67465461;12,60150051
-9,66965461;12,60150051
-9,66465461;12,60150051
-9,65965461;12,13398075
-9,65465461;12,60150051
-9,64965461;12,13398075
-9,64465461;12,13398075
-9,63965461;12,13398075
-9,63465461;12,60150051
-9,62965461;12,13398075
-9,62465461;14,46850300
-9,61965461;14,00098324
-9,61465461;14,00098324
-9,60965461;14,93448448
-9,60465461;14,93448448
-9,59965461;14,93448448
-9,59465461;15,86798668
-9,58965461;16,80148888
-9,58465461;16,33396912
-9,57965461;17,73498917
-9,57465461;17,73498917
-9,56965461;17,73498917
-9,56465461;17,73498917
-9,55965461;18,66848946
-9,55465461;17,26746941
-9,54965461;18,20096970
-9,54465461;18,20096970
-9,53965461;17,73498917
-9,53465462;17,26746941
-9,52965462;16,33396912
-9,52465462;16,80148888
-9,51965462;17,26746941
-9,51465462;16,33396912
-9,50965462;16,33396912
-9,50465462;16,80148888
-9,49965462;17,26746941
-9,49465462;16,80148888
-9,48965462;15,40046692
-9,48465462;16,33396912
-9,47965462;16,33396912
-9,47465462;15,86798668
-9,46965462;15,40046692
-9,46465462;14,93448448
-9,45965462;14,93448448
-9,45465462;14,00098324
-9,44965462;14,00098324
-9,44465462;14,46850300
-9,43965462;14,93448448
-9,43465462;15,40046692
-9,42965462;15,86798668
-9,42465462;14,46850300
-9,41965462;16,33396912
-9,41465462;15,40046692
-9,40965462;15,86798668
-9,40465462;15,86798668
-9,39965462;16,33396912
-9,39465462;15,86798668
-9,38965462;16,33396912
-9,38465462;15,86798668
-9,37965462;14,46850300
-9,37465462;14,00098324
-9,36965462;14,00098324
-9,36465462;13,53500175
-9,35965462;12,60150051
-9,35465462;12,13398075
-9,34965462;11,66799831
-9,34465462;11,66799831
-9,33965462;11,20047951
-9,33465462;9,33347607
-9,32965462;9,80099583
-9,32465462;9,80099583
-9,31965462;9,33347607
-9,31465462;9,33347607
-9,30965462;8,86749458
-9,30465462;8,86749458
-9,29965462;8,39997482
-9,29465462;8,39997482
-9,28965462;8,86749458
-9,28465462;7,93399334
-9,27965462;7,46647358
-9,27465462;7,46647358
-9,26965462;7,46647358
-9,26465462;7,00049162
-9,25965462;7,00049162
-9,25465462;7,93399334
-9,24965462;6,06699038
-9,24465462;5,13348866
-9,23965462;6,06699038
-9,23465462;5,13348866
-9,22965462;5,13348866
-9,22465462;4,66596889
-9,21965462;4,66596889
-9,21465462;4,66596889
-9,20965462;3,73246789
-9,20465462;4,66596889
-9,19965462;3,26648593
-9,19465462;2,79896641
-9,18965462;3,26648593
-9,18465462;3,73246789
-9,17965462;2,33298445
-9,17465462;2,33298445
-9,16965462;1,86546493
-9,16465462;2,33298445
-9,15965462;2,33298445
-9,15465462;1,86546493
-9,14965462;0,00000000
-9,14465462;1,39948320
-9,13965463;1,86546493
-9,13465463;1,86546493
-9,12965463;3,73246789
-9,12465463;3,73246789
-9,11965463;4,66596889
-9,11465463;6,06699038
-9,10965463;7,00049162
-9,10465463;7,93399334
-9,09965463;8,86749458
-9,09465463;8,86749458
-9,08965463;9,80099583
-9,08465463;7,46647358
-9,07965463;7,93399334
-9,07465463;8,39997482
-9,06965463;7,00049162
-9,06465463;5,59947062
-9,05965463;6,06699038
-9,05465463;3,73246789
-9,04965463;2,79896641
-9,04465463;1,86546493
-9,03965463;1,86546493
-9,03465463;1,39948320
-9,02965463;0,00000000
-9,02465463;0,46598175
-9,01965463;0,93196350
-9,01465463;-0,46598175
-9,00965463;1,39948320
-9,00465463;1,86546493
-8,99965463;1,86546493
-8,99465463;2,33298445
-8,98965463;2,33298445
-8,98465463;2,33298445
-8,97965463;2,79896641
-8,97465463;1,39948320
-8,96965463;3,26648593
-8,96465463;4,19998741
-8,95965463;3,73246789
-8,95465463;4,19998741
-8,94965463;2,33298445
-8,94465463;3,73246789
-8,93965463;5,13348866
-8,93465463;5,59947062
-8,92965463;4,66596889
-8,92465463;4,66596889
-8,91965463;3,26648593
-8,91465463;5,13348866
-8,90965463;5,13348866
-8,90465463;4,19998741
-8,89965463;4,66596889
-8,89465463;5,13348866
-8,88965463;4,66596889
-8,88465463;4,66596889
-8,87965463;4,19998741
-8,87465463;4,19998741
-8,86965463;4,66596889
-8,86465463;4,19998741
-8,85965463;4,66596889
-8,85465463;5,13348866
-8,84965463;3,26648593
-8,84465463;4,66596889
-8,83965463;4,19998741
-8,83465463;4,66596889
-8,82965463;5,59947062
-8,82465463;4,19998741
-8,81965463;4,19998741
-8,81465463;3,26648593
-8,80965463;3,73246789
-8,80465463;2,33298445
-8,79965463;1,86546493
-8,79465463;2,33298445
-8,78965463;0,93196350
-8,78465463;0,46598175
-8,77965463;-0,46598175
-8,77465463;-1,39948320
-8,76965463;-2,33298445
-8,76465463;-2,33298445
-8,75965463;-3,26648593
-8,75465463;-2,79896641
-8,74965463;-3,73246789
-8,74465463;-5,13348866
-8,73965464;-4,66596889
-8,73465464;-4,66596889
-8,72965464;-5,13348866
-8,72465464;-5,59947062
-8,71965464;-4,19998741
-8,71465464;-5,13348866
-8,70965464;-6,06699038
-8,70465464;-6,06699038
-8,69965464;-6,53297186
-8,69465464;-7,93399334
-8,68965464;-7,46647358
-8,68465464;-8,39997482
-8,67965464;-7,93399334
-8,67465464;-8,86749458
-8,66965464;-8,86749458
-8,66465464;-8,86749458
-8,65965464;-9,33347607
-8,65465464;-9,33347607
-8,64965464;-8,86749458
-8,64465464;-9,80099583
-8,63965464;-8,86749458
-8,63465464;-8,39997482
-8,62965464;-7,46647358
-8,62465464;-8,86749458
-8,61965464;-9,33347607
-8,61465464;-9,33347607
-8,60965464;-9,33347607
-8,60465464;-9,80099583
-8,59965464;-9,80099583
-8,59465464;-9,33347607
-8,58965464;-10,26697731
-8,58465464;-10,26697731
-8,57965464;-10,73449707
-8,57465464;-11,66799831
-8,56965464;-12,13398075
-8,56465464;-13,53500175
-8,55965464;-13,53500175
-8,55465464;-13,53500175
-8,54965464;-13,53500175
-8,54465464;-14,93448448
-8,53965464;-14,93448448
-8,53465464;-14,46850300
-8,52965464;-14,93448448
-8,52465464;-14,93448448
-8,51965464;-14,93448448
-8,51465464;-14,46850300
-8,50965464;-14,00098324
-8,50465464;-14,00098324
-8,49965464;-12,13398075
-8,49465464;-13,06748199
-8,48965464;-13,53500175
-8,48465464;-13,53500175
-8,47965464;-13,53500175
-8,47465464;-12,60150051
-8,46965464;-12,60150051
-8,46465464;-13,06748199
-8,45965464;-13,53500175
-8,45465464;-13,06748199
-8,44965464;-13,53500175
-8,44465464;-14,00098324
-8,43965464;-13,53500175
-8,43465464;-14,00098324
-8,42965464;-13,53500175
-8,42465464;-14,46850300
-8,41965464;-14,00098324
-8,41465464;-14,46850300
-8,40965464;-14,00098324
-8,40465464;-14,93448448
-8,39965464;-14,00098324
-8,39465464;-14,46850300
-8,38965464;-15,40046692
-8,38465464;-14,46850300
-8,37965464;-14,93448448
-8,37465464;-14,93448448
-8,36965464;-14,46850300
-8,36465464;-14,93448448
-8,35965464;-15,40046692
-8,35465464;-15,40046692
-8,34965464;-16,33396912
-8,34465465;-14,93448448
-8,33965465;-15,86798668
-8,33465465;-15,40046692
-8,32965465;-16,33396912
-8,32465465;-16,33396912
-8,31965465;-16,33396912
-8,31465465;-16,33396912
-8,30965465;-17,26746941
-8,30465465;-17,73498917
-8,29965465;-17,73498917
-8,29465465;-18,20096970
-8,28965465;-18,20096970
-8,28465465;-18,20096970
-8,27965465;-19,13447189
-8,27465465;-20,06797409
-8,26965465;-20,06797409
-8,26465465;-19,60199165
-8,25965465;-20,06797409
-8,25465465;-20,53549385
-8,24965465;-21,00147629
-8,24465465;-21,46899414
-8,23965465;-21,46899414
-8,23465465;-21,46899414
-8,22965465;-21,93497658
-8,22465465;-22,40249634
-8,21965465;-22,40249634
-8,21465465;-22,40249634
-8,20965465;-22,86847687
-8,20465465;-22,86847687
-8,19965465;-24,26949883
-8,19465465;-22,86847687
-8,18965465;-23,33599663
-8,18465465;-23,33599663
-8,17965465;-23,80197906
-8,17465465;-24,26949883
-8,16965465;-24,73548126
-8,16465465;-24,73548126
-8,15965465;-25,66898346
-8,15465465;-25,66898346
-8,14965465;-25,66898346
-8,14465465;-25,20300102
-8,13965465;-25,20300102
-8,13465465;-26,60248184
-8,12965465;-26,13650131
-8,12465465;-26,60248184
-8,11965465;-26,13650131
-8,11465465;-27,53598404
-8,10965465;-28,93700600
-8,10465465;-28,00350380
-8,09965465;-28,46948624
-8,09465465;-30,33649063
-8,08965465;-29,40298843
-8,08465465;-30,33649063
-8,07965465;-31,73597336
-8,07465465;-31,26999092
-8,06965465;-32,20349503
-8,06465465;-32,66947556
-8,05965465;-33,13699341
-8,05465465;-34,07049179
-8,04965465;-34,53647614
-8,04465465;-33,60297775
-8,03965465;-35,00399399
-8,03465465;-34,07049179
-8,02965465;-34,53647614
-8,02465465;-34,53647614
-8,01965465;-33,60297775
-8,01465465;-33,60297775
-8,00965465;-32,66947556
-8,00465465;-31,26999092
-7,99965465;-30,80247116
-7,99465465;-28,93700600
-7,98965465;-27,53598404
-7,98465465;-26,60248184
-7,97965465;-25,20300102
-7,97465465;-24,73548126
-7,96965465;-23,80197906
-7,96465465;-24,73548126
-7,95965465;-7,93399334
-7,95465465;-24,26949883
-7,94965466;-25,66898346
-7,94465466;-25,20300102
-7,93965466;-25,66898346
-7,93465466;-26,13650131
-7,92965466;-26,60248184
-7,92465466;-27,07000351
-7,91965466;-27,07000351
-7,91465466;-29,40298843
-7,90965466;-27,53598404
-7,90465466;-28,00350380
-7,89965466;-26,60248184
-7,89465466;-25,20300102
-7,88965466;-26,13650131
-7,88465466;-25,20300102
-7,87965466;-24,26949883
-7,87465466;-23,33599663
-7,86965466;-22,86847687
-7,86465466;-22,40249634
-7,85965466;-21,46899414
-7,85465466;-21,93497658
-7,84965466;-21,46899414
-7,84465466;-20,06797409
-7,83965466;-19,60199165
-7,83465466;-20,06797409
-7,82965466;-21,00147629
-7,82465466;-19,60199165
-7,81965466;-19,13447189
-7,81465466;-20,06797409
-7,80965466;-19,60199165
-7,80465466;-19,60199165
-7,79965466;-19,13447189
-7,79465466;-19,60199165
-7,78965466;-20,06797409
-7,78465466;-20,06797409
-7,77965466;-21,00147629
-7,77465466;-21,00147629
-7,76965466;-21,93497658
-7,76465466;-21,93497658
-7,75965466;-22,40249634
-7,75465466;-22,40249634
-7,74965466;-22,40249634
-7,74465466;-22,40249634
-7,73965466;-22,86847687
-7,73465466;-21,93497658
-7,72965466;-21,93497658
-7,72465466;-21,00147629
-7,71965466;-20,53549385
-7,71465466;-19,13447189
-7,70965466;-19,60199165
-7,70465466;-19,13447189
-7,69965466;-18,66848946
-7,69465466;-17,73498917
-7,68965466;-18,20096970
-7,68465466;-17,26746941
-7,67965466;-17,26746941
-7,67465466;-16,80148888
-7,66965466;-16,33396912
-7,66465466;-17,26746941
-7,65965466;-17,26746941
-7,65465466;-17,26746941
-7,64965466;-18,20096970
-7,64465466;-18,66848946
-7,63965466;-18,66848946
-7,63465466;-19,13447189
-7,62965466;-19,60199165
-7,62465466;-19,13447189
-7,61965466;-20,06797409
-7,61465466;-18,66848946
-7,60965466;-21,46899414
-7,60465466;-21,46899414
-7,59965466;-21,46899414
-7,59465466;-21,00147629
-7,58965466;-21,93497658
-7,58465466;-21,46899414
-7,57965466;-21,00147629
-7,57465466;-21,93497658
-7,56965466;-21,93497658
-7,56465466;-21,46899414
-7,55965466;-21,00147629
-7,55465467;-20,53549385
-7,54965467;-20,06797409
-7,54465467;-20,06797409
-7,53965467;-19,60199165
-7,53465467;-18,66848946
-7,52965467;-17,73498917
-7,52465467;-18,20096970
-7,51965467;-18,66848946
-7,51465467;-18,20096970
-7,50965467;-18,66848946
-7,50465467;-18,66848946
-7,49965467;-19,13447189
-7,49465467;-18,20096970
-7,48965467;-19,60199165
-7,48465467;-19,60199165
-7,47965467;-19,60199165
-7,47465467;-20,06797409
-7,46965467;-21,00147629
-7,46465467;-21,00147629
-7,45965467;-21,00147629
-7,45465467;-21,46899414
-7,44965467;-21,46899414
-7,44465467;-21,46899414
-7,43965467;-21,46899414
-7,43465467;-21,93497658
-7,42965467;-23,33599663
-7,42465467;-22,86847687
-7,41965467;-21,93497658
-7,41465467;-20,53549385
-7,40965467;-37,33697891
-7,40465467;-22,86847687
-7,39965467;-21,00147629
-7,39465467;-21,93497658
-7,38965467;-21,46899414
-7,38465467;-21,93497658
-7,37965467;-21,46899414
-7,37465467;-21,46899414
-7,36965467;-21,93497658
-7,36465467;-21,00147629
-7,35965467;-21,00147629
-7,35465467;-20,53549385
-7,34965467;-21,00147629
-7,34465467;-20,53549385
-7,33965467;-21,00147629
-7,33465467;-21,46899414
-7,32965467;-20,53549385
-7,32465467;-21,00147629
-7,31965467;-21,00147629
-7,31465467;-21,00147629
-7,30965467;-20,06797409
-7,30465467;-20,06797409
-7,29965467;-20,06797409
-7,29465467;-21,00147629
-7,28965467;-20,53549385
-7,28465467;-21,00147629
-7,27965467;-21,46899414
-7,27465467;-21,46899414
-7,26965467;-21,93497658
-7,26465467;-21,46899414
-7,25965467;-21,93497658
-7,25465467;-20,53549385
-7,24965467;-19,60199165
-7,24465467;-19,13447189
-7,23965467;-19,13447189
-7,23465467;-19,13447189
-7,22965467;-17,26746941
-7,22465467;-16,33396912
-7,21965467;-14,46850300
-7,21465467;-12,13398075
-7,20965467;-12,60150051
-7,20465467;-10,73449707
-7,19965467;-11,20047951
-7,19465467;-8,39997482
-7,18965467;-8,86749458
-7,18465467;-8,39997482
-7,17965467;-8,86749458
-7,17465467;-9,33347607
-7,16965467;-9,33347607
-7,16465467;-11,66799831
-7,15965468;-11,20047951
-7,15465468;-11,66799831
-7,14965468;-11,20047951
-7,14465468;-12,13398075
-7,13965468;-12,13398075
-7,13465468;-12,13398075
-7,12965468;-11,66799831
-7,12465468;-12,60150051
-7,11965468;-11,66799831
-7,11465468;-10,73449707
-7,10965468;-11,20047951
-7,10465468;-9,80099583
-7,09965468;-9,33347607
-7,09465468;-8,86749458
-7,08965468;-7,46647358
-7,08465468;-7,00049162
-7,07965468;-7,93399334
-7,07465468;-7,00049162
-7,06965468;-5,59947062
-7,06465468;-5,13348866
-7,05965468;-4,66596889
-7,05465468;-4,19998741
-7,04965468;-4,66596889
-7,04465468;-3,73246789
-7,03965468;-2,33298445
-7,03465468;-2,79896641
-7,02965468;-3,26648593
-7,02465468;-2,79896641
-7,01965468;-2,33298445
-7,01465468;-2,33298445
-7,00965468;-2,33298445
-7,00465468;-1,86546493
-6,99965468;-1,39948320
-6,99465468;-1,39948320
-6,98965468;-1,86546493
-6,98465468;-1,86546493
-6,97965468;-1,39948320
-6,97465468;-1,86546493
-6,96965468;-0,93196350
-6,96465468;-0,93196350
-6,95965468;-0,46598175
-6,95465468;0,93196350
-6,94965468;1,39948320
-6,94465468;2,33298445
-6,93965468;3,26648593
-6,93465468;4,19998741
-6,92965468;5,13348866
-6,92465468;7,46647358
-6,91965468;6,53297186
-6,91465468;7,93399334
-6,90965468;7,00049162
-6,90465468;8,86749458
-6,89965468;6,06699038
-6,89465468;7,00049162
-6,88965468;7,46647358
-6,88465468;7,00049162
-6,87965468;6,53297186
-6,87465468;5,59947062
-6,86965468;5,59947062
-6,86465468;5,13348866
-6,85965468;5,13348866
-6,85465468;3,73246789
-6,84965468;4,19998741
-6,84465468;3,73246789
-6,83965468;3,26648593
-6,83465468;3,26648593
-6,82965468;3,26648593
-6,82465468;4,19998741
-6,81965468;3,73246789
-6,81465468;4,66596889
-6,80965468;2,79896641
-6,80465468;3,26648593
-6,79965468;4,19998741
-6,79465468;3,73246789
-6,78965468;3,26648593
-6,78465468;2,79896641
-6,77965468;2,79896641
-6,77465468;2,79896641
-6,76965468;1,39948320
-6,76465469;3,26648593
-6,75965469;3,26648593
-6,75465469;3,73246789
-6,74965469;4,19998741
-6,74465469;3,73246789
-6,73965469;4,66596889
-6,73465469;5,59947062
-6,72965469;4,66596889
-6,72465469;4,19998741
-6,71965469;4,66596889
-6,71465469;6,06699038
-6,70965469;5,59947062
-6,70465469;5,59947062
-6,69965469;5,13348866
-6,69465469;4,66596889
-6,68965469;4,66596889
-6,68465469;2,79896641
-6,67965469;3,26648593
-6,67465469;3,73246789
-6,66965469;3,26648593
-6,66465469;2,79896641
-6,65965469;2,79896641
-6,65465469;2,33298445
-6,64965469;3,26648593
-6,64465469;3,73246789
-6,63965469;3,26648593
-6,63465469;4,19998741
-6,62965469;4,66596889
-6,62465469;5,13348866
-6,61965469;5,59947062
-6,61465469;7,93399334
-6,60965469;7,00049162
-6,60465469;7,93399334
-6,59965469;8,86749458
-6,59465469;8,86749458
-6,58965469;9,80099583
-6,58465469;10,73449707
-6,57965469;10,73449707
-6,57465469;10,26697731
-6,56965469;10,26697731
-6,56465469;10,73449707
-6,55965469;10,73449707
-6,55465469;10,73449707
-6,54965469;11,20047951
-6,54465469;10,73449707
-6,53965469;10,73449707
-6,53465469;10,26697731
-6,52965469;10,26697731
-6,52465469;11,66799831
-6,51965469;11,20047951
-6,51465469;12,13398075
-6,50965469;12,13398075
-6,50465469;12,13398075
-6,49965469;13,06748199
-6,49465469;13,53500175
-6,48965469;13,06748199
-6,48465469;13,53500175
-6,47965469;14,00098324
-6,47465469;14,46850300
-6,46965469;14,93448448
-6,46465469;14,93448448
-6,45965469;15,40046692
-6,45465469;15,86798668
-6,44965469;15,86798668
-6,44465469;16,33396912
-6,43965469;15,86798668
-6,43465469;15,86798668
-6,42965469;15,86798668
-6,42465469;16,33396912
-6,41965469;16,33396912
-6,41465469;16,33396912
-6,40965469;16,80148888
-6,40465469;15,86798668
-6,39965469;16,33396912
-6,39465469;16,80148888
-6,38965469;16,33396912
-6,38465469;15,86798668
-6,37965469;15,40046692
-6,37465469;16,33396912
-6,36965469;15,86798668
-6,36465470;16,33396912
-6,35965470;16,80148888
-6,35465470;16,80148888
-6,34965470;15,86798668
-6,34465470;16,80148888
-6,33965470;16,80148888
-6,33465470;16,80148888
-6,32965470;17,73498917
-6,32465470;17,73498917
-6,31965470;17,73498917
-6,31465470;17,73498917
-6,30965470;17,73498917
-6,30465470;18,20096970
-6,29965470;18,20096970
-6,29465470;17,26746941
-6,28965470;17,26746941
-6,28465470;17,26746941
-6,27965470;16,80148888
-6,27465470;17,26746941
-6,26965470;16,80148888
-6,26465470;17,26746941
-6,25965470;16,80148888
-6,25465470;16,80148888
-6,24965470;15,86798668
-6,24465470;16,33396912
-6,23965470;15,86798668
-6,23465470;15,86798668
-6,22965470;15,40046692
-6,22465470;15,40046692
-6,21965470;14,00098324
-6,21465470;14,00098324
-6,20965470;13,06748199
-6,20465470;12,60150051
-6,19965470;11,20047951
-6,19465470;10,26697731
-6,18965470;9,80099583
-6,18465470;9,80099583
-6,17965470;9,33347607
-6,17465470;9,80099583
-6,16965470;8,86749458
-6,16465470;8,86749458
-6,15965470;8,39997482
-6,15465470;7,93399334
-6,14965470;6,53297186
-6,14465470;7,00049162
-6,13965470;7,00049162
-6,13465470;6,06699038
-6,12965470;6,53297186
-6,12465470;6,06699038
-6,11965470;6,06699038
-6,11465470;6,06699038
-6,10965470;7,00049162
-6,10465470;9,33347607
-6,09965470;9,80099583
-6,09465470;10,73449707
-6,08965470;13,53500175
-6,08465470;14,46850300
-6,07965470;16,33396912
-6,07465470;16,80148888
-6,06965470;17,73498917
-6,06465470;18,66848946
-6,05965470;17,73498917
-6,05465470;17,73498917
-6,04965470;17,26746941
-6,04465470;15,86798668
-6,03965470;14,93448448
-6,03465470;14,46850300
-6,02965470;13,06748199
-6,02465470;13,06748199
-6,01965470;12,13398075
-6,01465470;13,06748199
-6,00965470;13,53500175
-6,00465470;13,53500175
-5,99965470;12,60150051
-5,99465470;14,46850300
-5,98965470;15,40046692
-5,98465470;15,40046692
-5,97965470;16,33396912
-5,97465470;16,80148888
-5,96965471;17,26746941
-5,96465471;18,20096970
-5,95965471;17,73498917
-5,95465471;18,66848946
-5,94965471;19,13447189
-5,94465471;18,66848946
-5,93965471;20,53549385
-5,93465471;20,06797409
-5,92965471;19,60199165
-5,92465471;20,06797409
-5,91965471;21,00147629
-5,91465471;20,53549385
-5,90965471;20,06797409
-5,90465471;21,46899414
-5,89965471;21,93497658
-5,89465471;22,86847687
-5,88965471;22,40249634
-5,88465471;22,40249634
-5,87965471;22,40249634
-5,87465471;23,33599663
-5,86965471;21,93497658
-5,86465471;21,93497658
-5,85965471;21,93497658
-5,85465471;21,93497658
-5,84965471;22,40249634
-5,84465471;22,40249634
-5,83965471;21,93497658
-5,83465471;22,86847687
-5,82965471;23,80197906
-5,82465471;23,33599663
-5,81965471;24,26949883
-5,81465471;24,73548126
-5,80965471;25,66898346
-5,80465471;26,13650131
-5,79965471;27,53598404
-5,79465471;27,07000351
-5,78965471;28,46948624
-5,78465471;28,46948624
-5,77965471;28,93700600
-5,77465471;29,40298843
-5,76965471;28,93700600
-5,76465471;28,46948624
-5,75965471;28,93700600
-5,75465471;28,46948624
-5,74965471;28,46948624
-5,74465471;27,07000351
-5,73965471;26,13650131
-5,73465471;26,13650131
-5,72965471;25,66898346
-5,72465471;25,20300102
-5,71965471;25,20300102
-5,71465471;25,66898346
-5,70965471;23,80197906
-5,70465471;24,73548126
-5,69965471;24,26949883
-5,69465471;25,20300102
-5,68965471;24,26949883
-5,68465471;24,26949883
-5,67965471;23,80197906
-5,67465471;23,80197906
-5,66965471;24,73548126
-5,66465471;23,80197906
-5,65965471;23,33599663
-5,65465471;22,86847687
-5,64965471;22,86847687
-5,64465471;22,86847687
-5,63965471;23,33599663
-5,63465471;23,33599663
-5,62965471;24,26949883
-5,62465471;24,26949883
-5,61965471;23,80197906
-5,61465471;23,80197906
-5,60965471;24,73548126
-5,60465471;23,33599663
-5,59965471;23,33599663
-5,59465471;22,86847687
-5,58965471;22,86847687
-5,58465471;22,86847687
-5,57965471;22,40249634
-5,57465472;37,33697891
-5,56965472;20,53549385
-5,56465472;20,06797409
-5,55965472;19,13447189
-5,55465472;19,13447189
-5,54965472;18,66848946
-5,54465472;17,73498917
-5,53965472;17,73498917
-5,53465472;16,80148888
-5,52965472;17,26746941
-5,52465472;17,26746941
-5,51965472;16,80148888
-5,51465472;17,26746941
-5,50965472;18,66848946
-5,50465472;18,20096970
-5,49965472;19,13447189
-5,49465472;19,13447189
-5,48965472;19,60199165
-5,48465472;19,60199165
-5,47965472;20,06797409
-5,47465472;20,06797409
-5,46965472;19,13447189
-5,46465472;19,60199165
-5,45965472;18,66848946
-5,45465472;18,20096970
-5,44965472;17,26746941
-5,44465472;17,26746941
-5,43965472;16,80148888
-5,43465472;15,40046692
-5,42965472;16,33396912
-5,42465472;15,86798668
-5,41965472;14,93448448
-5,41465472;14,93448448
-5,40965472;14,93448448
-5,40465472;16,33396912
-5,39965472;15,40046692
-5,39465472;16,80148888
-5,38965472;16,80148888
-5,38465472;15,86798668
-5,37965472;15,40046692
-5,37465472;15,86798668
-5,36965472;15,86798668
-5,36465472;15,86798668
-5,35965472;15,86798668
-5,35465472;16,33396912
-5,34965472;16,33396912
-5,34465472;16,33396912
-5,33965472;17,26746941
-5,33465472;17,73498917
-5,32965472;19,13447189
-5,32465472;20,06797409
-5,31965472;22,40249634
-5,31465472;22,40249634
-5,30965472;24,73548126
-5,30465472;23,80197906
-5,29965472;25,66898346
-5,29465472;26,60248184
-5,28965472;26,60248184
-5,28465472;26,60248184
-5,27965472;27,07000351
-5,27465472;26,13650131
-5,26965472;25,66898346
-5,26465472;26,13650131
-5,25965472;24,26949883
-5,25465472;23,80197906
-5,24965472;22,86847687
-5,24465472;21,93497658
-5,23965472;21,93497658
-5,23465472;21,93497658
-5,22965472;21,46899414
-5,22465472;21,46899414
-5,21965472;22,86847687
-5,21465472;24,26949883
-5,20965472;22,40249634
-5,20465472;22,86847687
-5,19965472;24,26949883
-5,19465472;24,26949883
-5,18965472;24,26949883
-5,18465472;25,20300102
-5,17965473;24,26949883
-5,17465473;25,20300102
-5,16965473;25,66898346
-5,16465473;25,66898346
-5,15965473;25,66898346
-5,15465473;25,66898346
-5,14965473;26,13650131
-5,14465473;26,60248184
-5,13965473;26,60248184
-5,13465473;26,60248184
-5,12965473;23,33599663
-5,12465473;27,53598404
-5,11965473;27,53598404
-5,11465473;28,00350380
-5,10965473;28,00350380
-5,10465473;28,46948624
-5,09965473;28,00350380
-5,09465473;27,53598404
-5,08965473;27,53598404
-5,08465473;27,53598404
-5,07965473;27,53598404
-5,07465473;27,07000351
-5,06965473;27,07000351
-5,06465473;27,07000351
-5,05965473;27,53598404
-5,05465473;27,53598404
-5,04965473;28,93700600
-5,04465473;28,46948624
-5,03965473;28,93700600
-5,03465473;29,40298843
-5,02965473;30,33649063
-5,02465473;30,33649063
-5,01965473;31,26999092
-5,01465473;33,60297775
-5,00965473;32,20349503
-5,00465473;32,66947556
-4,99965473;32,66947556
-4,99465473;31,73597336
-4,98965473;33,60297775
-4,98465473;32,66947556
-4,97965473;32,66947556
-4,97465473;31,73597336
-4,96965473;31,26999092
-4,96465473;30,80247116
-4,95965473;31,26999092
-4,95465473;29,87050819
-4,94965473;28,93700600
-4,94465473;28,93700600
-4,93965473;28,00350380
-4,93465473;28,46948624
-4,92965473;28,46948624
-4,92465473;27,53598404
-4,91965473;28,00350380
-4,91465473;27,53598404
-4,90965473;27,07000351
-4,90465473;28,00350380
-4,89965473;27,53598404
-4,89465473;27,53598404
-4,88965473;28,00350380
-4,88465473;28,46948624
-4,87965473;28,00350380
-4,87465473;28,00350380
-4,86965473;28,00350380
-4,86465473;28,00350380
-4,85965473;28,00350380
-4,85465473;28,00350380
-4,84965473;28,00350380
-4,84465473;27,53598404
-4,83965473;28,46948624
-4,83465473;28,00350380
-4,82965473;28,00350380
-4,82465473;28,00350380
-4,81965473;28,00350380
-4,81465473;27,53598404
-4,80965473;28,00350380
-4,80465473;27,53598404
-4,79965473;26,60248184
-4,79465473;27,07000351
-4,78965473;26,60248184
-4,78465474;27,07000351
-4,77965474;25,66898346
-4,77465474;25,66898346
-4,76965474;25,66898346
-4,76465474;25,20300102
-4,75965474;25,20300102
-4,75465474;24,26949883
-4,74965474;25,20300102
-4,74465474;24,26949883
-4,73965474;23,80197906
-4,73465474;23,80197906
-4,72965474;23,80197906
-4,72465474;23,80197906
-4,71965474;22,86847687
-4,71465474;24,26949883
-4,70965474;23,80197906
-4,70465474;23,80197906
-4,69965474;24,26949883
-4,69465474;24,26949883
-4,68965474;23,80197906
-4,68465474;24,26949883
-4,67965474;24,73548126
-4,67465474;23,80197906
-4,66965474;24,26949883
-4,66465474;23,80197906
-4,65965474;23,80197906
-4,65465474;23,33599663
-4,64965474;23,33599663
-4,64465474;23,33599663
-4,63965474;23,33599663
-4,63465474;23,33599663
-4,62965474;22,40249634
-4,62465474;22,86847687
-4,61965474;22,86847687
-4,61465474;21,93497658
-4,60965474;22,86847687
-4,60465474;22,40249634
-4,59965474;23,33599663
-4,59465474;21,93497658
-4,58965474;22,40249634
-4,58465474;22,86847687
-4,57965474;22,40249634
-4,57465474;22,40249634
-4,56965474;22,40249634
-4,56465474;22,86847687
-4,55965474;23,33599663
-4,55465474;22,86847687
-4,54965474;23,33599663
-4,54465474;21,93497658
-4,53965474;23,80197906
-4,53465474;23,33599663
-4,52965474;23,80197906
-4,52465474;23,80197906
-4,51965474;21,93497658
-4,51465474;23,80197906
-4,50965474;24,26949883
-4,50465474;24,26949883
-4,49965474;24,26949883
-4,49465474;23,80197906
-4,48965474;23,80197906
-4,48465474;22,86847687
-4,47965474;22,86847687
-4,47465474;23,33599663
-4,46965474;22,40249634
-4,46465474;21,93497658
-4,45965474;21,00147629
-4,45465474;21,46899414
-4,44965474;21,46899414
-4,44465474;21,46899414
-4,43965474;20,53549385
-4,43465474;20,06797409
-4,42965474;20,53549385
-4,42465474;20,53549385
-4,41965474;20,53549385
-4,41465474;20,53549385
-4,40965474;20,53549385
-4,40465474;20,06797409
-4,39965474;19,13447189
-4,39465474;19,60199165
-4,38965475;19,60199165
-4,38465475;20,53549385
-4,37965475;18,66848946
-4,37465475;19,60199165
-4,36965475;18,66848946
-4,36465475;18,20096970
-4,35965475;17,73498917
-4,35465475;17,73498917
-4,34965475;17,26746941
-4,34465475;17,73498917
-4,33965475;16,80148888
-4,33465475;15,86798668
-4,32965475;15,40046692
-4,32465475;14,93448448
-4,31965475;14,00098324
-4,31465475;13,53500175
-4,30965475;12,13398075
-4,30465475;11,20047951
-4,29965475;11,20047951
-4,29465475;9,80099583
-4,28965475;9,80099583
-4,28465475;8,39997482
-4,27965475;7,93399334
-4,27465475;7,46647358
-4,26965475;6,53297186
-4,26465475;5,59947062
-4,25965475;5,13348866
-4,25465475;4,66596889
-4,24965475;3,73246789
-4,24465475;3,26648593
-4,23965475;2,33298445
-4,23465475;2,33298445
-4,22965475;1,86546493
-4,22465475;2,33298445
-4,21965475;1,86546493
-4,21465475;2,33298445
-4,20965475;3,26648593
-4,20465475;3,73246789
-4,19965475;4,19998741
-4,19465475;6,53297186
-4,18965475;7,93399334
-4,18465475;8,39997482
-4,17965475;9,80099583
-4,17465475;10,26697731
-4,16965475;10,73449707
-4,16465475;11,20047951
-4,15965475;10,73449707
-4,15465475;9,80099583
-4,14965475;9,33347607
-4,14465475;8,39997482
-4,13965475;7,00049162
-4,13465475;6,53297186
-4,12965475;5,59947062
-4,12465475;5,13348866
-4,11965475;4,19998741
-4,11465475;4,19998741
-4,10965475;5,59947062
-4,10465475;4,66596889
-4,09965475;4,66596889
-4,09465475;5,59947062
-4,08965475;5,59947062
-4,08465475;6,53297186
-4,07965475;6,53297186
-4,07465475;7,46647358
-4,06965475;7,46647358
-4,06465475;7,93399334
-4,05965475;7,00049162
-4,05465475;7,93399334
-4,04965475;7,93399334
-4,04465475;7,93399334
-4,03965475;8,39997482
-4,03465475;7,46647358
-4,02965475;7,93399334
-4,02465475;7,46647358
-4,01965475;7,93399334
-4,01465475;7,00049162
-4,00965475;6,53297186
-4,00465475;6,53297186
-3,99965475;6,53297186
-3,99465475;7,46647358
-3,98965476;6,06699038
-3,98465476;6,53297186
-3,97965476;6,06699038
-3,97465476;6,06699038
-3,96965476;6,06699038
-3,96465476;5,59947062
-3,95965476;5,13348866
-3,95465476;5,13348866
-3,94965476;6,06699038
-3,94465476;5,59947062
-3,93965476;6,06699038
-3,93465476;5,59947062
-3,92965476;6,06699038
-3,92465476;6,53297186
-3,91965476;6,53297186
-3,91465476;7,46647358
-3,90965476;7,93399334
-3,90465476;7,46647358
-3,89965476;8,39997482
-3,89465476;8,86749458
-3,88965476;9,33347607
-3,88465476;9,33347607
-3,87965476;8,86749458
-3,87465476;9,33347607
-3,86965476;8,39997482
-3,86465476;8,86749458
-3,85965476;8,86749458
-3,85465476;7,93399334
-3,84965476;7,93399334
-3,84465476;7,46647358
-3,83965476;7,00049162
-3,83465476;7,00049162
-3,82965476;6,53297186
-3,82465476;6,06699038
-3,81965476;5,59947062
-3,81465476;4,66596889
-3,80965476;8,39997482
-3,80465476;3,73246789
-3,79965476;3,73246789
-3,79465476;2,79896641
-3,78965476;1,86546493
-3,78465476;0,93196350
-3,77965476;0,46598175
-3,77465476;0,46598175
-3,76965476;0,46598175
-3,76465476;-0,46598175
-3,75965476;0,93196350
-3,75465476;-0,93196350
-3,74965476;-1,39948320
-3,74465476;-1,39948320
-3,73965476;0,46598175
-3,73465476;-1,39948320
-3,72965476;-1,39948320
-3,72465476;-0,93196350
-3,71965476;0,00000000
-3,71465476;-0,93196350
-3,70965476;-1,39948320
-3,70465476;-0,93196350
-3,69965476;-1,39948320
-3,69465476;-1,86546493
-3,68965476;-3,73246789
-3,68465476;-4,66596889
-3,67965476;-4,66596889
-3,67465476;-5,13348866
-3,66965476;-6,53297186
-3,66465476;-7,46647358
-3,65965476;-8,39997482
-3,65465476;-9,33347607
-3,64965476;-9,80099583
-3,64465476;-9,80099583
-3,63965476;-10,73449707
-3,63465476;-11,66799831
-3,62965476;-11,66799831
-3,62465476;-12,13398075
-3,61965476;-12,60150051
-3,61465476;-12,60150051
-3,60965476;-12,13398075
-3,60465476;-11,20047951
-3,59965476;-11,66799831
-3,59465477;-12,13398075
-3,58965477;-13,53500175
-3,58465477;-12,60150051
-3,57965477;-14,00098324
-3,57465477;-14,46850300
-3,56965477;-14,46850300
-3,56465477;-14,00098324
-3,55965477;-15,40046692
-3,55465477;-16,33396912
-3,54965477;-16,80148888
-3,54465477;-16,80148888
-3,53965477;-16,80148888
-3,53465477;-16,80148888
-3,52965477;-16,33396912
-3,52465477;-16,80148888
-3,51965477;-17,26746941
-3,51465477;-17,73498917
-3,50965477;-16,33396912
-3,50465477;-16,33396912
-3,49965477;-16,33396912
-3,49465477;-16,33396912
-3,48965477;-17,26746941
-3,48465477;-16,80148888
-3,47965477;-17,26746941
-3,47465477;-17,73498917
-3,46965477;-17,73498917
-3,46465477;-18,20096970
-3,45965477;-18,20096970
-3,45465477;-17,73498917
-3,44965477;-17,73498917
-3,44465477;-16,33396912
-3,43965477;-16,33396912
-3,43465477;-16,33396912
-3,42965477;-14,00098324
-3,42465477;-13,53500175
-3,41965477;-11,66799831
-3,41465477;-10,26697731
-3,40965477;-9,33347607
-3,40465477;-7,46647358
-3,39965477;-4,66596889
-3,39465477;-5,59947062
-3,38965477;-4,19998741
-3,38465477;-3,73246789
-3,37965477;-5,13348866
-3,37465477;-4,66596889
-3,36965477;-4,66596889
-3,36465477;-6,06699038
-3,35965477;-7,46647358
-3,35465477;-9,33347607
-3,34965477;-8,39997482
-3,34465477;-9,33347607
-3,33965477;-10,73449707
-3,33465477;-10,26697731
-3,32965477;-10,73449707
-3,32465477;-11,20047951
-3,31965477;-11,66799831
-3,31465477;-10,26697731
-3,30965477;-9,33347607
-3,30465477;-9,80099583
-3,29965477;-8,86749458
-3,29465477;-8,39997482
-3,28965477;-8,39997482
-3,28465477;-8,39997482
-3,27965477;-8,39997482
-3,27465477;-7,93399334
-3,26965477;-9,33347607
-3,26465477;-7,46647358
-3,25965477;-7,00049162
-3,25465477;-7,46647358
-3,24965477;-6,53297186
-3,24465477;-6,06699038
-3,23965477;-6,06699038
-3,23465477;-6,53297186
-3,22965477;-6,06699038
-3,22465477;-6,06699038
-3,21965477;-6,53297186
-3,21465477;-6,53297186
-3,20965477;-6,53297186
-3,20465477;-7,00049162
-3,19965478;-8,39997482
-3,19465478;-8,86749458
-3,18965478;-8,86749458
-3,18465478;-9,33347607
-3,17965478;-9,33347607
-3,17465478;-8,86749458
-3,16965478;-9,80099583
-3,16465478;-8,86749458
-3,15965478;-9,80099583
-3,15465478;-10,26697731
-3,14965478;-9,33347607
-3,14465478;-9,33347607
-3,13965478;-8,86749458
-3,13465478;-7,93399334
-3,12965478;-8,86749458
-3,12465478;-7,93399334
-3,11965478;-7,46647358
-3,11465478;-7,93399334
-3,10965478;-7,00049162
-3,10465478;-7,46647358
-3,09965478;-7,46647358
-3,09465478;-7,46647358
-3,08965478;-8,39997482
-3,08465478;-7,93399334
-3,07965478;-8,39997482
-3,07465478;-8,86749458
-3,06965478;-8,86749458
-3,06465478;-8,86749458
-3,05965478;-9,80099583
-3,05465478;-9,33347607
-3,04965478;-10,73449707
-3,04465478;-10,73449707
-3,03965478;-11,20047951
-3,03465478;-11,20047951
-3,02965478;-11,66799831
-3,02465478;-11,66799831
-3,01965478;-11,20047951
-3,01465478;-12,13398075
-3,00965478;-12,13398075
-3,00465478;-11,20047951
-2,99965478;-11,20047951
-2,99465478;-11,66799831
-2,98965478;-11,20047951
-2,98465478;-11,66799831
-2,97965478;-10,73449707
-2,97465478;-9,80099583
-2,96965478;-10,73449707
-2,96465478;-10,26697731
-2,95965478;-9,33347607
-2,95465478;-9,33347607
-2,94965478;-9,80099583
-2,94465478;-9,33347607
-2,93965478;-8,86749458
-2,93465478;-8,39997482
-2,92965478;-8,86749458
-2,92465478;-8,39997482
-2,91965478;-7,46647358
-2,91465478;-7,93399334
-2,90965478;-8,39997482
-2,90465478;-8,39997482
-2,89965478;-8,39997482
-2,89465478;-8,39997482
-2,88965478;-9,33347607
-2,88465478;-10,26697731
-2,87965478;-10,26697731
-2,87465478;-10,26697731
-2,86965478;-11,20047951
-2,86465478;-10,73449707
-2,85965478;-11,66799831
-2,85465478;-10,73449707
-2,84965478;-12,13398075
-2,84465478;-11,20047951
-2,83965478;-11,66799831
-2,83465478;-11,66799831
-2,82965478;-11,20047951
-2,82465478;-10,73449707
-2,81965478;-10,73449707
-2,81465478;-11,66799831
-2,80965478;-10,73449707
-2,80465479;-10,26697731
-2,79965479;-10,26697731
-2,79465479;-9,33347607
-2,78965479;-10,26697731
-2,78465479;-10,73449707
-2,77965479;-9,33347607
-2,77465479;-9,80099583
-2,76965479;-8,86749458
-2,76465479;-8,39997482
-2,75965479;-9,80099583
-2,75465479;-11,20047951
-2,74965479;-11,20047951
-2,74465479;-10,73449707
-2,73965479;-11,20047951
-2,73465479;-10,73449707
-2,72965479;-9,80099583
-2,72465479;-10,73449707
-2,71965479;-10,73449707
-2,71465479;-10,73449707
-2,70965479;-10,73449707
-2,70465479;-9,80099583
-2,69965479;-10,73449707
-2,69465479;-10,73449707
-2,68965479;-10,73449707
-2,68465479;-11,20047951
-2,67965479;-10,26697731
-2,67465479;-10,26697731
-2,66965479;-10,26697731
-2,66465479;-10,26697731
-2,65965479;-8,39997482
-2,65465479;-8,86749458
-2,64965479;-8,86749458
-2,64465479;-7,46647358
-2,63965479;-8,39997482
-2,63465479;-7,00049162
-2,62965479;-7,46647358
-2,62465479;-7,93399334
-2,61965479;-7,46647358
-2,61465479;-7,00049162
-2,60965479;-7,46647358
-2,60465479;-7,46647358
-2,59965479;-7,00049162
-2,59465479;-7,46647358
-2,58965479;-8,86749458
-2,58465479;-8,39997482
-2,57965479;-8,39997482
-2,57465479;-8,39997482
-2,56965479;-8,39997482
-2,56465479;-7,46647358
-2,55965479;-8,39997482
-2,55465479;-8,39997482
-2,54965479;-7,93399334
-2,54465479;-8,39997482
-2,53965479;-8,39997482
-2,53465479;-8,86749458
-2,52965479;-8,86749458
-2,52465479;-7,93399334
-2,51965479;-8,39997482
-2,51465479;-7,93399334
-2,50965479;-9,33347607
-2,50465479;-8,39997482
-2,49965479;-8,86749458
-2,49465479;-8,86749458
-2,48965479;-7,93399334
-2,48465479;-9,33347607
-2,47965479;-7,93399334
-2,47465479;-9,80099583
-2,46965479;-8,86749458
-2,46465479;-9,33347607
-2,45965479;-9,33347607
-2,45465479;-9,33347607
-2,44965479;-9,80099583
-2,44465479;-9,33347607
-2,43965479;-10,26697731
-2,43465479;-9,80099583
-2,42965479;-10,26697731
-2,42465479;-10,73449707
-2,41965479;-11,20047951
-2,41465479;-11,66799831
-2,40965480;-12,60150051
-2,40465480;-13,53500175
-2,39965480;-14,46850300
-2,39465480;-14,00098324
-2,38965480;-15,40046692
-2,38465480;-15,40046692
-2,37965480;-14,93448448
-2,37465480;-15,40046692
-2,36965480;-15,86798668
-2,36465480;-16,80148888
-2,35965480;-15,86798668
-2,35465480;-17,73498917
-2,34965480;-17,73498917
-2,34465480;-19,60199165
-2,33965480;-19,60199165
-2,33465480;-19,13447189
-2,32965480;-20,06797409
-2,32465480;-19,13447189
-2,31965480;-20,06797409
-2,31465480;-19,13447189
-2,30965480;-18,66848946
-2,30465480;-17,26746941
-2,29965480;-15,86798668
-2,29465480;-14,93448448
-2,28965480;-13,06748199
-2,28465480;-12,13398075
-2,27965480;-10,73449707
-2,27465480;-10,73449707
-2,26965480;-9,80099583
-2,26465480;-9,80099583
-2,25965480;-9,80099583
-2,25465480;-9,33347607
-2,24965480;-11,20047951
-2,24465480;-12,13398075
-2,23965480;-12,60150051
-2,23465480;-14,46850300
-2,22965480;-14,93448448
-2,22465480;-14,93448448
-2,21965480;-16,80148888
-2,21465480;-15,40046692
-2,20965480;-14,93448448
-2,20465480;-14,46850300
-2,19965480;-15,40046692
-2,19465480;-14,00098324
-2,18965480;-13,53500175
-2,18465480;-12,60150051
-2,17965480;-11,66799831
-2,17465480;-10,73449707
-2,16965480;-10,26697731
-2,16465480;-10,26697731
-2,15965480;-10,73449707
-2,15465480;-9,33347607
-2,14965480;-10,73449707
-2,14465480;-10,26697731
-2,13965480;-9,80099583
-2,13465480;-10,26697731
-2,12965480;-10,73449707
-2,12465480;-9,80099583
-2,11965480;-8,86749458
-2,11465480;-9,33347607
-2,10965480;-9,33347607
-2,10465480;-9,80099583
-2,09965480;-9,80099583
-2,09465480;-10,73449707
-2,08965480;-10,26697731
-2,08465480;-10,26697731
-2,07965480;-10,73449707
-2,07465480;-10,73449707
-2,06965480;-11,20047951
-2,06465480;-11,66799831
-2,05965480;-10,73449707
-2,05465480;-10,73449707
-2,04965480;-10,73449707
-2,04465480;-11,66799831
-2,03965480;-9,80099583
-2,03465480;-10,26697731
-2,02965480;-8,39997482
-2,02465480;-8,86749458
-2,01965480;-8,39997482
-2,01465481;-7,93399334
-2,00965481;-7,46647358
-2,00465481;-5,59947062
-1,99965481;-6,53297186
-1,99465481;-5,59947062
-1,98965481;-5,59947062
-1,98465481;-4,66596889
-1,97965481;-5,13348866
-1,97465481;-5,59947062
-1,96965481;-5,13348866
-1,96465481;-6,06699038
-1,95965481;-4,66596889
-1,95465481;-4,66596889
-1,94965481;-6,53297186
-1,94465481;-6,06699038
-1,93965481;-7,46647358
-1,93465481;-7,93399334
-1,92965481;-7,93399334
-1,92465481;-7,00049162
-1,91965481;-7,93399334
-1,91465481;-8,39997482
-1,90965481;-9,80099583
-1,90465481;-8,39997482
-1,89965481;-10,26697731
-1,89465481;-10,26697731
-1,88965481;-10,73449707
-1,88465481;-10,73449707
-1,87965481;-10,73449707
-1,87465481;-11,20047951
-1,86965481;-11,66799831
-1,86465481;-11,66799831
-1,85965481;-12,60150051
-1,85465481;-13,06748199
-1,84965481;-12,60150051
-1,84465481;-13,06748199
-1,83965481;-12,60150051
-1,83465481;-12,60150051
-1,82965481;-12,13398075
-1,82465481;-12,13398075
-1,81965481;-13,06748199
-1,81465481;-12,60150051
-1,80965481;-12,60150051
-1,80465481;-12,60150051
-1,79965481;-12,13398075
-1,79465481;-12,13398075
-1,78965481;-13,06748199
-1,78465481;-11,66799831
-1,77965481;-14,46850300
-1,77465481;-14,00098324
-1,76965481;1,39948320
-1,76465481;-13,53500175
-1,75965481;-14,93448448
-1,75465481;-17,26746941
-1,74965481;-16,33396912
-1,74465481;-17,26746941
-1,73965481;-19,13447189
-1,73465481;-18,20096970
-1,72965481;-17,73498917
-1,72465481;-18,66848946
-1,71965481;-18,66848946
-1,71465481;-18,66848946
-1,70965481;-18,66848946
-1,70465481;-18,20096970
-1,69965481;-18,66848946
-1,69465481;-17,73498917
-1,68965481;-17,73498917
-1,68465481;-18,20096970
-1,67965481;-17,26746941
-1,67465481;-18,66848946
-1,66965481;-17,73498917
-1,66465481;-17,73498917
-1,65965481;-18,66848946
-1,65465481;-18,66848946
-1,64965481;-19,13447189
-1,64465481;-19,13447189
-1,63965481;-20,06797409
-1,63465481;-19,13447189
-1,62965481;-20,06797409
-1,62465481;-20,53549385
-1,61965481;-19,60199165
-1,61465482;-20,53549385
-1,60965482;-20,06797409
-1,60465482;-19,60199165
-1,59965482;-20,06797409
-1,59465482;-20,53549385
-1,58965482;-21,46899414
-1,58465482;-21,46899414
-1,57965482;-22,40249634
-1,57465482;-22,40249634
-1,56965482;-22,86847687
-1,56465482;-22,40249634
-1,55965482;-22,86847687
-1,55465482;-22,86847687
-1,54965482;-22,86847687
-1,54465482;-22,40249634
-1,53965482;-21,93497658
-1,53465482;-21,93497658
-1,52965482;-20,53549385
-1,52465482;-19,60199165
-1,51965482;-17,73498917
-1,51465482;-17,26746941
-1,50965482;-14,93448448
-1,50465482;-14,00098324
-1,49965482;-12,13398075
-1,49465482;-11,20047951
-1,48965482;-11,20047951
-1,48465482;-10,73449707
-1,47965482;-11,20047951
-1,47465482;-10,73449707
-1,46965482;-10,73449707
-1,46465482;-13,06748199
-1,45965482;-13,53500175
-1,45465482;-14,00098324
-1,44965482;-15,40046692
-1,44465482;-15,86798668
-1,43965482;-16,33396912
-1,43465482;-17,73498917
-1,42965482;-17,26746941
-1,42465482;-19,13447189
-1,41965482;-18,20096970
-1,41465482;-17,26746941
-1,40965482;-16,80148888
-1,40465482;-16,80148888
-1,39965482;-16,80148888
-1,39465482;-14,93448448
-1,38965482;-15,40046692
-1,38465482;-13,53500175
-1,37965482;-14,00098324
-1,37465482;-13,53500175
-1,36965482;-14,00098324
-1,36465482;-12,60150051
-1,35965482;-12,13398075
-1,35465482;-11,66799831
-1,34965482;-12,60150051
-1,34465482;-12,60150051
-1,33965482;-12,13398075
-1,33465482;-13,06748199
-1,32965482;-12,13398075
-1,32465482;-12,60150051
-1,31965482;-12,60150051
-1,31465482;-12,60150051
-1,30965482;-13,06748199
-1,30465482;-14,00098324
-1,29965482;-14,00098324
-1,29465482;-14,46850300
-1,28965482;-12,13398075
-1,28465482;-14,93448448
-1,27965482;-14,93448448
-1,27465482;-14,00098324
-1,26965482;-15,40046692
-1,26465482;-14,46850300
-1,25965482;-14,93448448
-1,25465482;-14,00098324
-1,24965482;-14,00098324
-1,24465482;-12,60150051
-1,23965482;-12,60150051
-1,23465482;-11,66799831
-1,22965482;-11,66799831
-1,22465482;-10,26697731
-1,21965483;-10,73449707
-1,21465483;-11,66799831
-1,20965483;-9,80099583
-1,20465483;-10,26697731
-1,19965483;-11,20047951
-1,19465483;-10,26697731
-1,18965483;-10,26697731
-1,18465483;-8,39997482
-1,17965483;-10,73449707
-1,17465483;-11,20047951
-1,16965483;-11,66799831
-1,16465483;-12,60150051
-1,15965483;-12,60150051
-1,15465483;-11,66799831
-1,14965483;-13,53500175
-1,14465483;-13,06748199
-1,13965483;-12,60150051
-1,13465483;-13,53500175
-1,12965483;-14,46850300
-1,12465483;-14,46850300
-1,11965483;-16,33396912
-1,11465483;-14,46850300
-1,10965483;-14,00098324
-1,10465483;-13,53500175
-1,09965483;-14,00098324
-1,09465483;-14,93448448
-1,08965483;-14,93448448
-1,08465483;-14,00098324
-1,07965483;-14,00098324
-1,07465483;-14,00098324
-1,06965483;-14,00098324
-1,06465483;-14,00098324
-1,05965483;-14,46850300
-1,05465483;-14,46850300
-1,04965483;-13,53500175
-1,04465483;-14,93448448
-1,03965483;-13,06748199
-1,03465483;-14,00098324
-1,02965483;-14,00098324
-1,02465483;-13,53500175
-1,01965483;-12,13398075
-1,01465483;-13,53500175
-1,00965483;-13,06748199
-1,00465483;-14,46850300
-0,99965483;-14,00098324
-0,99465483;-14,46850300
-0,98965483;-15,40046692
-0,98465483;-14,00098324
-0,97965483;-15,40046692
-0,97465483;-15,40046692
-0,96965483;-17,73498917
-0,96465483;-16,33396912
-0,95965483;-15,86798668
-0,95465483;-15,40046692
-0,94965483;-15,86798668
-0,94465483;-15,86798668
-0,93965483;-15,40046692
-0,93465483;-15,86798668
-0,92965483;-16,33396912
-0,92465483;-15,86798668
-0,91965483;-15,86798668
-0,91465483;-15,40046692
-0,90965483;-16,80148888
-0,90465483;-15,86798668
-0,89965483;-14,93448448
-0,89465483;-14,93448448
-0,88965483;-14,00098324
-0,88465483;-14,00098324
-0,87965483;-14,46850300
-0,87465483;-13,53500175
-0,86965483;-13,53500175
-0,86465483;-13,06748199
-0,85965483;-13,53500175
-0,85465483;-13,06748199
-0,84965483;-13,06748199
-0,84465483;-13,53500175
-0,83965483;-13,06748199
-0,83465483;-13,06748199
-0,82965483;-13,06748199
-0,82465484;-12,60150051
-0,81965484;-12,60150051
-0,81465484;-12,60150051
-0,80965484;-12,60150051
-0,80465484;-13,06748199
-0,79965484;-13,06748199
-0,79465484;-13,06748199
-0,78965484;-12,13398075
-0,78465484;-13,53500175
-0,77965484;-12,60150051
-0,77465484;-13,53500175
-0,76965484;-14,00098324
-0,76465484;-13,53500175
-0,75965484;-14,46850300
-0,75465484;-14,00098324
-0,74965484;-14,93448448
-0,74465484;-14,46850300
-0,73965484;-14,46850300
-0,73465484;-13,53500175
-0,72965484;-14,46850300
-0,72465484;-14,46850300
-0,71965484;-14,00098324
-0,71465484;-14,00098324
-0,70965484;-14,00098324
-0,70465484;-13,53500175
-0,69965484;-14,46850300
-0,69465484;-14,46850300
-0,68965484;-14,46850300
-0,68465484;-14,46850300
-0,67965484;-14,93448448
-0,67465484;-14,46850300
-0,66965484;-14,93448448
-0,66465484;-15,40046692
-0,65965484;-15,40046692
-0,65465484;-16,33396912
-0,64965484;-15,40046692
-0,64465484;-17,26746941
-0,63965484;-18,20096970
-0,63465484;-16,80148888
-0,62965484;-18,66848946
-0,62465484;-18,66848946
-0,61965484;-19,13447189
-0,61465484;-17,73498917
-0,60965484;-18,20096970
-0,60465484;-17,73498917
-0,59965484;-18,20096970
-0,59465484;-17,73498917
-0,58965484;-18,20096970
-0,58465484;-16,80148888
-0,57965484;-18,20096970
-0,57465484;-17,26746941
-0,56965484;-17,26746941
-0,56465484;-17,26746941
-0,55965484;-17,26746941
-0,55465484;-16,33396912
-0,54965484;-16,80148888
-0,54465484;-16,80148888
-0,53965484;-17,26746941
-0,53465484;-17,26746941
-0,52965484;-17,73498917
-0,52465484;-17,73498917
-0,51965484;-17,26746941
-0,51465484;-18,20096970
-0,50965484;-17,26746941
-0,50465484;-19,13447189
-0,49965484;-18,66848946
-0,49465484;-19,60199165
-0,48965484;-21,00147629
-0,48465484;-20,06797409
-0,47965484;-21,00147629
-0,47465484;-21,46899414
-0,46965484;-22,40249634
-0,46465484;-21,93497658
-0,45965484;-22,86847687
-0,45465484;-23,80197906
-0,44965484;-23,33599663
-0,44465484;-24,26949883
-0,43965484;-24,26949883
-0,43465484;-24,73548126
-0,42965485;-25,66898346
-0,42465485;-24,26949883
-0,41965485;-24,26949883
-0,41465485;-23,33599663
-0,40965485;-23,33599663
-0,40465485;-22,86847687
-0,39965485;-20,06797409
-0,39465485;-19,13447189
-0,38965485;-17,73498917
-0,38465485;-16,80148888
-0,37965485;-14,46850300
-0,37465485;-14,46850300
-0,36965485;-12,13398075
-0,36465485;-13,06748199
-0,35965485;-13,06748199
-0,35465485;-12,60150051
-0,34965485;-14,46850300
-0,34465485;-14,46850300
-0,33965485;-14,46850300
-0,33465485;-16,80148888
-0,32965485;-16,33396912
-0,32465485;-16,80148888
-0,31965485;-16,80148888
-0,31465485;-17,73498917
-0,30965485;-16,80148888
-0,30465485;-16,80148888
-0,29965485;-16,80148888
-0,29465485;-16,80148888
-0,28965485;-16,80148888
-0,28465485;-16,33396912
-0,27965485;-15,40046692
-0,27465485;-15,40046692
-0,26965485;-15,40046692
-0,26465485;-14,00098324
-0,25965485;-14,00098324
-0,25465485;-14,93448448
-0,24965485;-14,00098324
-0,24465485;-14,46850300
-0,23965485;-14,46850300
-0,23465485;-13,53500175
-0,22965485;-13,53500175
-0,22465485;-13,53500175
-0,21965485;-14,00098324
-0,21465485;-13,53500175
-0,20965485;-14,46850300
-0,20465485;-13,53500175
-0,19965485;-13,06748199
-0,19465485;-14,00098324
-0,18965485;-14,93448448
-0,18465485;-14,46850300
-0,17965485;-14,46850300
-0,17465485;-14,93448448
-0,16965485;-15,86798668
-0,16465485;-15,40046692
-0,15965485;-15,40046692
-0,15465485;-16,33396912
-0,14965485;-16,80148888
-0,14465485;-15,86798668
-0,13965485;-15,86798668
-0,13465485;-14,00098324
-0,12965485;-14,46850300
-0,12465485;-14,00098324
-0,11965485;-13,06748199
-0,11465485;-12,13398075
-0,10965485;-12,13398075
-0,10465485;-11,20047951
-0,09965485;-9,80099583
-0,09465485;-9,33347607
-0,08965485;-8,86749458
-0,08465485;-8,86749458
-0,07965485;-7,93399334
-0,07465485;-8,39997482
-0,06965485;-7,93399334
-0,06465485;-8,39997482
-0,05965485;-7,93399334
-0,05465485;-7,46647358
-0,04965485;-7,46647358
-0,04465485;-7,93399334
-0,03965485;-9,33347607
-0,03465486;-9,33347607
-0,02965486;-8,86749458
-0,02465486;-9,33347607
-0,01965486;-9,80099583
-0,01465486;-9,80099583
-0,00965486;-9,80099583
-0,00465486;-10,26697731
0,00034514;3,26648593
0,00534514;-10,26697731
0,01034514;-10,26697731
0,01534514;-9,33347607
0,02034514;-10,73449707
0,02534514;-10,73449707
0,03034514;-11,20047951
0,03534514;-10,26697731
0,04034514;-11,20047951
0,04534514;-11,66799831
0,05034514;-11,20047951
0,05534514;-10,73449707
0,06034514;-11,66799831
0,06534514;-10,26697731
0,07034514;-10,73449707
0,07534514;-10,73449707
0,08034514;-9,80099583
0,08534514;-9,80099583
0,09034514;-9,33347607
0,09534514;-9,33347607
0,10034514;-10,26697731
0,10534514;-9,33347607
0,11034514;-9,80099583
0,11534514;-9,33347607
0,12034514;-10,73449707
0,12534514;-10,73449707
0,13034514;-12,13398075
0,13534514;-10,73449707
0,14034514;-12,60150051
0,14534514;-13,06748199
0,15034514;-14,00098324
0,15534514;-14,46850300
0,16034514;-14,93448448
0,16534514;-14,93448448
0,17034514;-18,20096970
0,17534514;-15,40046692
0,18034514;-16,33396912
0,18534514;-15,40046692
0,19034514;-14,93448448
0,19534514;-15,86798668
0,20034514;-15,86798668
0,20534514;-15,86798668
0,21034514;-15,40046692
0,21534514;-16,33396912
0,22034514;-15,86798668
0,22534514;-15,86798668
0,23034514;-16,80148888
0,23534514;-15,86798668
0,24034514;-15,40046692
0,24534514;-15,86798668
0,25034514;-16,33396912
0,25534514;-15,86798668
0,26034514;-15,40046692
0,26534514;-15,40046692
0,27034514;-17,26746941
0,27534514;-15,86798668
0,28034514;-15,86798668
0,28534514;-16,80148888
0,29034514;-16,80148888
0,29534514;-16,80148888
0,30034514;-16,33396912
0,30534514;-15,86798668
0,31034514;-16,80148888
0,31534514;-17,26746941
0,32034514;-16,80148888
0,32534514;-17,26746941
0,33034514;-16,80148888
0,33534514;-16,80148888
0,34034514;-16,80148888
0,34534514;-16,80148888
0,35034514;-16,33396912
0,35534514;-14,93448448
0,36034513;-15,86798668
0,36534513;-14,46850300
0,37034513;-12,60150051
0,37534513;-11,20047951
0,38034513;-10,26697731
0,38534513;-8,39997482
0,39034513;-7,46647358
0,39534513;-5,59947062
0,40034513;-3,73246789
0,40534513;-2,33298445
0,41034513;-1,86546493
0,41534513;-1,39948320
0,42034513;-0,46598175
0,42534513;-0,46598175
0,43034513;-1,39948320
0,43534513;-0,93196350
0,44034513;-2,79896641
0,44534513;-2,79896641
0,45034513;-3,26648593
0,45534513;-3,26648593
0,46034513;-5,13348866
0,46534513;-4,66596889
0,47034513;-5,59947062
0,47534513;-5,13348866
0,48034513;-6,06699038
0,48534513;-5,59947062
0,49034513;-4,66596889
0,49534513;-5,13348866
0,50034513;-4,19998741
0,50534513;-3,73246789
0,51034513;-5,13348866
0,51534513;-3,26648593
0,52034513;-4,19998741
0,52534513;-2,33298445
0,53034513;-3,26648593
0,53534513;-2,79896641
0,54034513;-2,33298445
0,54534513;-2,33298445
0,55034513;-2,33298445
0,55534513;-1,86546493
0,56034513;-2,79896641
0,56534513;-1,86546493
0,57034513;-2,33298445
0,57534513;-3,73246789
0,58034513;-2,33298445
0,58534513;-1,86546493
0,59034513;-2,33298445
0,59534513;-1,39948320
0,60034513;-1,86546493
0,60534513;-1,39948320
0,61034513;-1,86546493
0,61534513;-4,66596889
0,62034513;-1,86546493
0,62534513;-2,33298445
0,63034513;-0,93196350
0,63534513;-1,86546493
0,64034513;-2,79896641
0,64534513;-0,93196350
0,65034513;-1,39948320
0,65534513;-0,93196350
0,66034513;-0,46598175
0,66534513;-0,46598175
0,67034513;0,46598175
0,67534513;0,93196350
0,68034513;1,86546493
0,68534513;3,26648593
0,69034513;4,19998741
0,69534513;3,73246789
0,70034513;5,13348866
0,70534513;4,66596889
0,71034513;5,59947062
0,71534513;4,66596889
0,72034513;5,59947062
0,72534513;5,59947062
0,73034513;5,13348866
0,73534513;5,13348866
0,74034513;5,13348866
0,74534513;4,66596889
0,75034513;4,19998741
0,75534513;3,73246789
0,76034512;3,26648593
0,76534512;3,73246789
0,77034512;2,79896641
0,77534512;4,66596889
0,78034512;3,73246789
0,78534512;3,73246789
0,79034512;3,26648593
0,79534512;3,26648593
0,80034512;4,19998741
0,80534512;4,66596889
0,81034512;4,66596889
0,81534512;4,19998741
0,82034512;4,19998741
0,82534512;4,66596889
0,83034512;5,59947062
0,83534512;5,13348866
0,84034512;4,66596889
0,84534512;4,19998741
0,85034512;4,66596889
0,85534512;4,19998741
0,86034512;3,73246789
0,86534512;5,59947062
0,87034512;4,66596889
0,87534512;4,66596889
0,88034512;6,06699038
0,88534512;4,66596889
0,89034512;5,13348866
0,89534512;5,59947062
0,90034512;5,13348866
0,90534512;5,59947062
0,91034512;6,53297186
0,91534512;4,66596889
0,92034512;4,66596889
0,92534512;4,19998741
0,93034512;5,13348866
0,93534512;5,13348866
0,94034512;5,59947062
0,94534512;5,13348866
0,95034512;7,00049162
0,95534512;5,13348866
0,96034512;5,59947062
0,96534512;5,13348866
0,97034512;6,53297186
0,97534512;6,53297186
0,98034512;6,06699038
0,98534512;6,06699038
0,99034512;6,53297186
0,99534512;7,46647358
1,00034512;6,53297186
1,00534512;6,53297186
1,01034512;7,00049162
1,01534512;6,53297186
1,02034512;6,53297186
1,02534512;7,00049162
1,03034512;5,13348866
1,03534512;6,53297186
1,04034512;6,53297186
1,04534512;7,93399334
1,05034512;6,06699038
1,05534512;6,06699038
1,06034512;6,53297186
1,06534512;7,00049162
1,07034512;6,06699038
1,07534512;7,46647358
1,08034512;6,53297186
1,08534512;7,00049162
1,09034512;7,46647358
1,09534512;7,46647358
1,10034512;6,53297186
1,10534512;7,00049162
1,11034512;7,00049162
1,11534512;7,46647358
1,12034512;7,46647358
1,12534512;15,86798668
1,13034512;7,46647358
1,13534512;8,39997482
1,14034512;7,93399334
1,14534512;7,93399334
1,15034512;8,39997482
1,15534511;8,86749458
1,16034511;8,86749458
1,16534511;8,86749458
1,17034511;8,86749458
1,17534511;9,80099583
1,18034511;9,33347607
1,18534511;10,26697731
1,19034511;9,33347607
1,19534511;9,33347607
1,20034511;8,39997482
1,20534511;9,33347607
1,21034511;9,80099583
1,21534511;9,33347607
1,22034511;8,86749458
1,22534511;8,39997482
1,23034511;9,33347607
1,23534511;7,46647358
1,24034511;7,93399334
1,24534511;7,00049162
1,25034511;7,00049162
1,25534511;6,53297186
1,26034511;7,00049162
1,26534511;7,46647358
1,27034511;7,00049162
1,27534511;6,53297186
1,28034511;6,53297186
1,28534511;6,53297186
1,29034511;7,00049162
1,29534511;7,00049162
1,30034511;7,46647358
1,30534511;7,46647358
1,31034511;7,46647358
1,31534511;7,93399334
1,32034511;7,93399334
1,32534511;7,93399334
1,33034511;7,93399334
1,33534511;7,46647358
1,34034511;7,93399334
1,34534511;7,00049162
1,35034511;7,00049162
1,35534511;6,53297186
1,36034511;6,53297186
1,36534511;6,06699038
1,37034511;6,06699038
1,37534511;5,59947062
1,38034511;4,66596889
1,38534511;4,66596889
1,39034511;5,59947062
1,39534511;4,66596889
1,40034511;5,59947062
1,40534511;4,66596889
1,41034511;4,66596889
1,41534511;4,19998741
1,42034511;5,13348866
1,42534511;4,19998741
1,43034511;3,73246789
1,43534511;2,79896641
1,44034511;1,86546493
1,44534511;3,73246789
1,45034511;1,39948320
1,45534511;0,00000000
1,46034511;-0,46598175
1,46534511;-1,39948320
1,47034511;-2,33298445
1,47534511;-1,39948320
1,48034511;-1,86546493
1,48534511;-1,39948320
1,49034511;-1,86546493
1,49534511;-0,93196350
1,50034511;0,93196350
1,50534511;1,86546493
1,51034511;3,73246789
1,51534511;4,66596889
1,52034511;6,06699038
1,52534511;6,53297186
1,53034511;7,00049162
1,53534511;16,80148888
1,54034511;7,46647358
1,54534511;8,39997482
1,55034510;7,93399334
1,55534510;6,53297186
1,56034510;6,53297186
1,56534510;6,53297186
1,57034510;5,59947062
1,57534510;6,53297186
1,58034510;5,59947062
1,58534510;6,06699038
1,59034510;6,06699038
1,59534510;6,53297186
1,60034510;7,93399334
1,60534510;8,86749458
1,61034510;9,80099583
1,61534510;9,80099583
1,62034510;10,73449707
1,62534510;11,66799831
1,63034510;13,06748199
1,63534510;13,53500175
1,64034510;14,93448448
1,64534510;14,46850300
1,65034510;14,00098324
1,65534510;14,93448448
1,66034510;14,93448448
1,66534510;14,93448448
1,67034510;14,93448448
1,67534510;15,40046692
1,68034510;15,40046692
1,68534510;15,40046692
1,69034510;14,46850300
1,69534510;15,86798668
1,70034510;15,40046692
1,70534510;15,40046692
1,71034510;15,86798668
1,71534510;15,86798668
1,72034510;15,40046692
1,72534510;14,00098324
1,73034510;14,00098324
1,73534510;13,53500175
1,74034510;14,46850300
1,74534510;14,00098324
1,75034510;13,06748199
1,75534510;12,60150051
1,76034510;12,13398075
1,76534510;12,60150051
1,77034510;13,53500175
1,77534510;13,53500175
1,78034510;13,53500175
1,78534510;14,46850300
1,79034510;15,40046692
1,79534510;14,93448448
1,80034510;14,93448448
1,80534510;16,33396912
1,81034510;15,86798668
1,81534510;16,33396912
1,82034510;15,86798668
1,82534510;16,80148888
1,83034510;16,80148888
1,83534510;16,33396912
1,84034510;16,33396912
1,84534510;15,86798668
1,85034510;14,93448448
1,85534510;15,40046692
1,86034510;14,46850300
1,86534510;14,46850300
1,87034510;14,00098324
1,87534510;11,66799831
1,88034510;12,60150051
1,88534510;12,13398075
1,89034510;12,13398075
1,89534510;12,60150051
1,90034510;12,13398075
1,90534510;12,13398075
1,91034510;11,66799831
1,91534510;12,13398075
1,92034510;11,20047951
1,92534510;10,73449707
1,93034510;11,20047951
1,93534510;11,20047951
1,94034510;10,73449707
1,94534509;11,66799831
1,95034509;10,73449707
1,95534509;9,80099583
1,96034509;9,80099583
1,96534509;9,80099583
1,97034509;10,26697731
1,97534509;10,73449707
1,98034509;10,73449707
1,98534509;11,66799831
1,99034509;11,20047951
1,99534509;11,20047951
2,00034509;12,13398075
2,00534509;11,20047951
2,01034509;10,73449707
2,01534509;11,20047951
2,02034509;9,80099583
2,02534509;11,20047951
2,03034509;11,20047951
2,03534509;10,73449707
2,04034509;10,26697731
2,04534509;7,00049162
2,05034509;8,39997482
2,05534509;8,39997482
2,06034509;7,46647358
2,06534509;7,00049162
2,07034509;7,93399334
2,07534509;7,46647358
2,08034509;7,00049162
2,08534509;7,46647358
2,09034509;7,93399334
2,09534509;7,46647358
2,10034509;7,00049162
2,10534509;7,00049162
2,11034509;7,46647358
2,11534509;7,46647358
2,12034509;7,46647358
2,12534509;7,46647358
2,13034509;6,53297186
2,13534509;6,53297186
2,14034509;6,53297186
2,14534509;7,00049162
2,15034509;6,53297186
2,15534509;6,06699038
2,16034509;5,59947062
2,16534509;5,59947062
2,17034509;5,59947062
2,17534509;6,06699038
2,18034509;5,13348866
2,18534509;6,06699038
2,19034509;5,13348866
2,19534509;5,59947062
2,20034509;4,66596889
2,20534509;4,19998741
2,21034509;4,19998741
2,21534509;3,26648593
2,22034509;2,79896641
2,22534509;3,26648593
2,23034509;2,33298445
2,23534509;1,86546493
2,24034509;2,33298445
2,24534509;1,39948320
2,25034509;1,39948320
2,25534509;1,86546493
2,26034509;1,86546493
2,26534509;4,66596889
2,27034509;3,26648593
2,27534509;4,66596889
2,28034509;3,73246789
2,28534509;5,59947062
2,29034509;7,93399334
2,29534509;8,86749458
2,30034509;9,80099583
2,30534509;11,20047951
2,31034509;12,13398075
2,31534509;12,13398075
2,32034509;11,66799831
2,32534509;11,66799831
2,33034509;11,20047951
2,33534509;11,20047951
2,34034508;10,26697731
2,34534508;9,33347607
2,35034508;7,93399334
2,35534508;7,46647358
2,36034508;7,46647358
2,36534508;6,53297186
2,37034508;5,13348866
2,37534508;5,59947062
2,38034508;6,06699038
2,38534508;6,06699038
2,39034508;5,59947062
2,39534508;6,53297186
2,40034508;7,00049162
2,40534508;7,00049162
2,41034508;7,00049162
2,41534508;8,39997482
2,42034508;7,93399334
2,42534508;8,39997482
2,43034508;9,80099583
2,43534508;9,80099583
2,44034508;10,73449707
2,44534508;9,80099583
2,45034508;11,20047951
2,45534508;11,66799831
2,46034508;12,13398075
2,46534508;12,60150051
2,47034508;13,06748199
2,47534508;13,06748199
2,48034508;13,53500175
2,48534508;11,66799831
2,49034508;14,00098324
2,49534508;14,00098324
2,50034508;13,53500175
2,50534508;13,53500175
2,51034508;13,53500175
2,51534508;14,00098324
2,52034508;13,53500175
2,52534508;13,53500175
2,53034508;13,06748199
2,53534508;13,53500175
2,54034508;14,46850300
2,54534508;14,46850300
2,55034508;14,46850300
2,55534508;14,93448448
2,56034508;15,40046692
2,56534508;15,86798668
2,57034508;15,86798668
2,57534508;15,86798668
2,58034508;16,80148888
2,58534508;17,73498917
2,59034508;16,33396912
2,59534508;17,73498917
2,60034508;18,20096970
2,60534508;18,20096970
2,61034508;18,20096970
2,61534508;18,20096970
2,62034508;17,26746941
2,62534508;17,73498917
2,63034508;17,26746941
2,63534508;16,80148888
2,64034508;16,33396912
2,64534508;16,80148888
2,65034508;15,86798668
2,65534508;16,80148888
2,66034508;15,40046692
2,66534508;15,40046692
2,67034508;14,93448448
2,67534508;14,00098324
2,68034508;15,40046692
2,68534508;14,46850300
2,69034508;14,93448448
2,69534508;14,93448448
2,70034508;14,46850300
2,70534508;14,46850300
2,71034508;14,00098324
2,71534508;14,00098324
2,72034508;14,93448448
2,72534508;14,46850300
2,73034508;14,46850300
2,73534507;15,40046692
2,74034507;14,93448448
2,74534507;14,93448448
2,75034507;14,93448448
2,75534507;15,40046692
2,76034507;15,86798668
2,76534507;17,26746941
2,77034507;16,33396912
2,77534507;16,33396912
2,78034507;17,26746941
2,78534507;17,26746941
2,79034507;17,26746941
2,79534507;17,26746941
2,80034507;16,33396912
2,80534507;16,80148888
2,81034507;16,33396912
2,81534507;16,33396912
2,82034507;15,86798668
2,82534507;16,33396912
2,83034507;16,33396912
2,83534507;15,86798668
2,84034507;14,46850300
2,84534507;15,86798668
2,85034507;13,53500175
2,85534507;13,53500175
2,86034507;14,00098324
2,86534507;13,06748199
2,87034507;12,60150051
2,87534507;12,60150051
2,88034507;13,53500175
2,88534507;12,60150051
2,89034507;13,53500175
2,89534507;12,60150051
2,90034507;13,06748199
2,90534507;13,53500175
2,91034507;13,53500175
2,91534507;13,06748199
2,92034507;13,06748199
2,92534507;13,53500175
2,93034507;14,00098324
2,93534507;14,00098324
2,94034507;13,06748199
2,94534507;13,06748199
2,95034507;13,06748199
2,95534507;12,60150051
2,96034507;13,53500175
2,96534507;12,60150051
2,97034507;12,60150051
2,97534507;12,13398075
2,98034507;13,53500175
2,98534507;13,53500175
2,99034507;12,60150051
2,99534507;12,60150051
3,00034507;13,06748199
3,00534507;12,13398075
3,01034507;13,53500175
3,01534507;13,06748199
3,02034507;13,06748199
3,02534507;12,60150051
3,03034507;12,60150051
3,03534507;12,60150051
3,04034507;13,53500175
3,04534507;13,53500175
3,05034507;13,53500175
3,05534507;13,53500175
3,06034507;14,46850300
3,06534507;14,46850300
3,07034507;14,46850300
3,07534507;14,93448448
3,08034507;15,40046692
3,08534507;14,93448448
3,09034507;15,40046692
3,09534507;15,40046692
3,10034507;14,93448448
3,10534507;14,46850300
3,11034507;13,53500175
3,11534507;15,86798668
3,12034507;14,93448448
3,12534507;13,53500175
3,13034507;14,00098324
3,13534506;14,00098324
3,14034506;13,53500175
3,14534506;13,53500175
3,15034506;13,06748199
3,15534506;13,53500175
3,16034506;13,53500175
3,16534506;13,06748199
3,17034506;13,06748199
3,17534506;14,00098324
3,18034506;12,60150051
3,18534506;13,53500175
3,19034506;12,60150051
3,19534506;13,53500175
3,20034506;13,06748199
3,20534506;13,06748199
3,21034506;13,53500175
3,21534506;13,06748199
3,22034506;13,06748199
3,22534506;13,53500175
3,23034506;13,53500175
3,23534506;14,46850300
3,24034506;14,00098324
3,24534506;11,20047951
3,25034506;13,06748199
3,25534506;13,53500175
3,26034506;13,06748199
3,26534506;13,06748199
3,27034506;11,66799831
3,27534506;12,60150051
3,28034506;11,66799831
3,28534506;11,66799831
3,29034506;10,73449707
3,29534506;12,13398075
3,30034506;9,80099583
3,30534506;10,26697731
3,31034506;11,66799831
3,31534506;10,26697731
3,32034506;10,26697731
3,32534506;8,86749458
3,33034506;7,46647358
3,33534506;7,93399334
3,34034506;7,93399334
3,34534506;6,53297186
3,35034506;5,59947062
3,35534506;5,59947062
3,36034506;4,66596889
3,36534506;5,13348866
3,37034506;2,79896641
3,37534506;2,79896641
3,38034506;1,86546493
3,38534506;3,26648593
3,39034506;3,73246789
3,39534506;4,66596889
3,40034506;5,59947062
3,40534506;6,06699038
3,41034506;7,46647358
3,41534506;9,33347607
3,42034506;9,80099583
3,42534506;11,20047951
3,43034506;10,73449707
3,43534506;11,66799831
3,44034506;13,06748199
3,44534506;13,06748199
3,45034506;11,66799831
3,45534506;11,20047951
3,46034506;10,73449707
3,46534506;9,80099583
3,47034506;8,39997482
3,47534506;7,93399334
3,48034506;8,86749458
3,48534506;8,86749458
3,49034506;8,39997482
3,49534506;7,46647358
3,50034506;8,39997482
3,50534506;9,33347607
3,51034506;9,33347607
3,51534506;9,80099583
3,52034506;9,80099583
3,52534506;10,73449707
3,53034505;11,20047951
3,53534505;11,66799831
3,54034505;12,13398075
3,54534505;12,60150051
3,55034505;12,60150051
3,55534505;12,60150051
3,56034505;12,60150051
3,56534505;12,13398075
3,57034505;13,06748199
3,57534505;12,60150051
3,58034505;13,06748199
3,58534505;13,06748199
3,59034505;13,06748199
3,59534505;13,06748199
3,60034505;13,06748199
3,60534505;13,06748199
3,61034505;13,06748199
3,61534505;12,60150051
3,62034505;11,66799831
3,62534505;12,13398075
3,63034505;11,66799831
3,63534505;12,13398075
3,64034505;11,66799831
3,64534505;11,20047951
3,65034505;12,60150051
3,65534505;12,13398075
3,66034505;13,53500175
3,66534505;13,06748199
3,67034505;12,60150051
3,67534505;13,53500175
3,68034505;14,00098324
3,68534505;14,93448448
3,69034505;15,40046692
3,69534505;16,33396912
3,70034505;16,33396912
3,70534505;17,26746941
3,71034505;17,26746941
3,71534505;17,26746941
3,72034505;17,73498917
3,72534505;17,73498917
3,73034505;18,20096970
3,73534505;17,73498917
3,74034505;17,26746941
3,74534505;17,73498917
3,75034505;16,80148888
3,75534505;16,80148888
3,76034505;15,86798668
3,76534505;15,40046692
3,77034505;14,46850300
3,77534505;14,00098324
3,78034505;14,00098324
3,78534505;13,53500175
3,79034505;13,06748199
3,79534505;13,53500175
3,80034505;13,06748199
3,80534505;12,60150051
3,81034505;13,06748199
3,81534505;12,13398075
3,82034505;12,60150051
3,82534505;12,60150051
3,83034505;12,13398075
3,83534505;12,13398075
3,84034505;12,13398075
3,84534505;10,26697731
3,85034505;10,73449707
3,85534505;10,73449707
3,86034505;9,80099583
3,86534505;10,26697731
3,87034505;8,86749458
3,87534505;7,93399334
3,88034505;8,86749458
3,88534505;8,39997482
3,89034505;8,39997482
3,89534505;7,93399334
3,90034505;6,53297186
3,90534505;8,39997482
3,91034505;7,46647358
3,91534505;7,46647358
3,92034505;7,00049162
3,92534504;6,53297186
3,93034504;5,13348866
3,93534504;4,66596889
3,94034504;4,66596889
3,94534504;3,26648593
3,95034504;3,26648593
3,95534504;1,86546493
3,96034504;1,39948320
3,96534504;0,00000000
3,97034504;-0,46598175
3,97534504;-0,93196350
3,98034504;-0,93196350
3,98534504;-1,39948320
3,99034504;-1,39948320
3,99534504;-0,93196350
4,00034504;-0,93196350
4,00534504;-1,39948320
4,01034504;-1,39948320
4,01534504;-1,39948320
4,02034504;-0,93196350
4,02534504;0,00000000
4,03034504;-1,39948320
4,03534504;-1,39948320
4,04034504;-0,93196350
4,04534504;-3,73246789
4,05034504;-1,86546493
4,05534504;-1,39948320
4,06034504;-1,86546493
4,06534504;-1,86546493
4,07034504;-2,79896641
4,07534504;-2,79896641
4,08034504;-2,79896641
4,08534504;-3,73246789
4,09034504;-3,73246789
4,09534504;-4,19998741
4,10034504;-3,73246789
4,10534504;-4,19998741
4,11034504;-4,19998741
4,11534504;-4,19998741
4,12034504;-4,66596889
4,12534504;-4,66596889
4,13034504;-4,19998741
4,13534504;-4,66596889
4,14034504;-5,13348866
4,14534504;-5,13348866
4,15034504;-5,13348866
4,15534504;-4,19998741
4,16034504;-3,73246789
4,16534504;-4,66596889
4,17034504;-1,86546493
4,17534504;-0,93196350
4,18034504;0,00000000
4,18534504;1,39948320
4,19034504;2,79896641
4,19534504;3,26648593
4,20034504;5,13348866
4,20534504;7,00049162
4,21034504;6,06699038
4,21534504;8,39997482
4,22034504;8,39997482
4,22534504;7,93399334
4,23034504;7,93399334
4,23534504;7,46647358
4,24034504;6,53297186
4,24534504;6,53297186
4,25034504;5,13348866
4,25534504;4,66596889
4,26034504;5,13348866
4,26534504;2,79896641
4,27034504;3,26648593
4,27534504;2,79896641
4,28034504;2,79896641
4,28534504;2,33298445
4,29034504;2,79896641
4,29534504;3,26648593
4,30034504;3,73246789
4,30534504;3,73246789
4,31034504;5,13348866
4,31534504;5,13348866
4,32034503;5,59947062
4,32534503;5,59947062
4,33034503;6,06699038
4,33534503;7,00049162
4,34034503;6,53297186
4,34534503;7,93399334
4,35034503;8,39997482
4,35534503;7,46647358
4,36034503;7,93399334
4,36534503;7,93399334
4,37034503;7,93399334
4,37534503;7,93399334
4,38034503;7,46647358
4,38534503;7,46647358
4,39034503;7,46647358
4,39534503;6,06699038
4,40034503;6,06699038
4,40534503;4,66596889
4,41034503;3,73246789
4,41534503;4,66596889
4,42034503;4,19998741
4,42534503;3,73246789
4,43034503;2,79896641
4,43534503;2,79896641
4,44034503;2,79896641
4,44534503;1,86546493
4,45034503;4,19998741
4,45534503;2,79896641
4,46034503;3,26648593
4,46534503;4,19998741
4,47034503;3,26648593
4,47534503;5,13348866
4,48034503;6,06699038
4,48534503;6,53297186
4,49034503;7,00049162
4,49534503;6,06699038
4,50034503;5,59947062
4,50534503;6,06699038
4,51034503;6,06699038
4,51534503;6,53297186
4,52034503;5,13348866
4,52534503;4,66596889
4,53034503;4,66596889
4,53534503;3,73246789
4,54034503;3,73246789
4,54534503;3,73246789
4,55034503;2,33298445
4,55534503;1,39948320
4,56034503;0,93196350
4,56534503;0,46598175
4,57034503;0,93196350
4,57534503;0,00000000
4,58034503;0,46598175
4,58534503;-0,46598175
4,59034503;0,00000000
4,59534503;0,00000000
4,60034503;0,46598175
4,60534503;0,00000000
4,61034503;0,00000000
4,61534503;1,39948320
4,62034503;-0,46598175
4,62534503;-0,46598175
4,63034503;-0,93196350
4,63534503;-0,46598175
4,64034503;-0,46598175
4,64534503;0,00000000
4,65034503;0,00000000
4,65534503;-0,46598175
4,66034503;1,39948320
4,66534503;0,46598175
4,67034503;1,39948320
4,67534503;1,86546493
4,68034503;0,93196350
4,68534503;1,39948320
4,69034503;1,39948320
4,69534503;1,86546493
4,70034503;1,39948320
4,70534503;0,46598175
4,71034503;0,93196350
4,71534502;-0,93196350
4,72034502;0,00000000
4,72534502;0,00000000
4,73034502;-0,93196350
4,73534502;0,46598175
4,74034502;0,00000000
4,74534502;-0,46598175
4,75034502;-0,93196350
4,75534502;-1,39948320
4,76034502;-0,93196350
4,76534502;-1,39948320
4,77034502;-0,93196350
4,77534502;0,00000000
4,78034502;-0,46598175
4,78534502;-0,93196350
4,79034502;0,00000000
4,79534502;0,93196350
4,80034502;1,39948320
4,80534502;1,39948320
4,81034502;0,93196350
4,81534502;0,93196350
4,82034502;1,39948320
4,82534502;0,93196350
4,83034502;0,00000000
4,83534502;0,46598175
4,84034502;1,86546493
4,84534502;0,93196350
4,85034502;1,39948320
4,85534502;0,00000000
4,86034502;0,46598175
4,86534502;0,00000000
4,87034502;0,46598175
4,87534502;0,00000000
4,88034502;0,46598175
4,88534502;0,00000000
4,89034502;0,00000000
4,89534502;0,46598175
4,90034502;0,46598175
4,90534502;0,46598175
4,91034502;0,00000000
4,91534502;-0,46598175
4,92034502;-0,93196350
4,92534502;0,00000000
4,93034502;-1,39948320
4,93534502;-0,93196350
4,94034502;-0,46598175
4,94534502;-0,93196350
4,95034502;-0,46598175
4,95534502;-0,93196350
4,96034502;-0,93196350
4,96534502;-1,39948320
4,97034502;0,46598175
4,97534502;-0,93196350
4,98034502;-0,46598175
4,98534502;-1,39948320
4,99034502;-0,93196350
4,99534502;-1,39948320
5,00034502;-1,86546493
5,00534502;-1,86546493
5,01034502;-2,33298445
5,01534502;-1,39948320
5,02034502;-2,79896641
5,02534502;-3,26648593
5,03034502;-2,33298445
5,03534502;-3,73246789
5,04034502;-4,66596889
5,04534502;-2,79896641
5,05034502;-3,73246789
5,05534502;-4,19998741
5,06034502;-3,73246789
5,06534502;-3,73246789
5,07034502;-5,13348866
5,07534502;-4,66596889
5,08034502;-4,66596889
5,08534502;-4,66596889
5,09034502;-5,59947062
5,09534502;-5,59947062
5,10034502;-6,06699038
5,10534502;-5,13348866
5,11034502;-6,53297186
5,11534501;-5,59947062
5,12034501;-6,06699038
5,12534501;-6,06699038
5,13034501;-6,06699038
5,13534501;-6,06699038
5,14034501;-6,06699038
5,14534501;-6,53297186
5,15034501;-6,06699038
5,15534501;-7,00049162
5,16034501;-6,53297186
5,16534501;-6,06699038
5,17034501;-7,00049162
5,17534501;-7,46647358
5,18034501;-7,46647358
5,18534501;-8,86749458
5,19034501;-9,33347607
5,19534501;-9,33347607
5,20034501;-7,93399334
5,20534501;-10,26697731
5,21034501;-11,66799831
5,21534501;-11,66799831
5,22034501;-12,60150051
5,22534501;-12,13398075
5,23034501;-13,06748199
5,23534501;-13,06748199
5,24034501;-14,00098324
5,24534501;-14,46850300
5,25034501;-15,40046692
5,25534501;-15,40046692
5,26034501;-16,80148888
5,26534501;-17,73498917
5,27034501;-17,73498917
5,27534501;-18,20096970
5,28034501;-18,66848946
5,28534501;-19,13447189
5,29034501;-18,66848946
5,29534501;1,86546493
5,30034501;-17,73498917
5,30534501;-15,40046692
5,31034501;-16,33396912
5,31534501;-12,60150051
5,32034501;-11,66799831
5,32534501;-10,26697731
5,33034501;-9,80099583
5,33534501;-9,80099583
5,34034501;-7,93399334
5,34534501;-7,93399334
5,35034501;-8,86749458
5,35534501;-9,33347607
5,36034501;-9,33347607
5,36534501;-10,26697731
5,37034501;-11,66799831
5,37534501;-12,13398075
5,38034501;-12,13398075
5,38534501;-13,06748199
5,39034501;-13,06748199
5,39534501;-12,60150051
5,40034501;-13,53500175
5,40534501;-13,06748199
5,41034501;-12,13398075
5,41534501;-11,20047951
5,42034501;-10,73449707
5,42534501;-10,73449707
5,43034501;-10,26697731
5,43534501;-10,26697731
5,44034501;-9,33347607
5,44534501;-10,73449707
5,45034501;-8,86749458
5,45534501;-8,39997482
5,46034501;-9,33347607
5,46534501;-25,66898346
5,47034501;-8,86749458
5,47534501;-9,80099583
5,48034501;-9,80099583
5,48534501;-10,26697731
5,49034501;-10,26697731
5,49534501;-10,26697731
5,50034501;-9,80099583
5,50534501;-9,80099583
5,51034500;-10,73449707
5,51534500;-10,26697731
5,52034500;-10,26697731
5,52534500;-10,26697731
5,53034500;-10,26697731
5,53534500;-11,20047951
5,54034500;-11,20047951
5,54534500;-10,73449707
5,55034500;-10,73449707
5,55534500;-10,26697731
5,56034500;-11,20047951
5,56534500;-10,73449707
5,57034500;-10,73449707
5,57534500;-9,80099583
5,58034500;-9,80099583
5,58534500;-9,33347607
5,59034500;-7,46647358
5,59534500;-7,00049162
5,60034500;-7,00049162
5,60534500;-6,06699038
5,61034500;-4,66596889
5,61534500;-3,73246789
5,62034500;-4,19998741
5,62534500;-3,26648593
5,63034500;-3,73246789
5,63534500;-2,79896641
5,64034500;-2,33298445
5,64534500;-2,79896641
5,65034500;-2,79896641
5,65534500;-3,73246789
5,66034500;-3,73246789
5,66534500;-4,19998741
5,67034500;-5,59947062
5,67534500;-5,59947062
5,68034500;-6,06699038
5,68534500;-7,00049162
5,69034500;-7,93399334
5,69534500;-7,93399334
5,70034500;-7,00049162
5,70534500;-8,39997482
5,71034500;-8,86749458
5,71534500;-8,39997482
5,72034500;-8,39997482
5,72534500;-9,33347607
5,73034500;-9,33347607
5,73534500;-8,86749458
5,74034500;-8,86749458
5,74534500;-8,86749458
5,75034500;-10,26697731
5,75534500;-11,20047951
5,76034500;-10,73449707
5,76534500;-11,66799831
5,77034500;-10,73449707
5,77534500;-10,73449707
5,78034500;-10,73449707
5,78534500;-12,60150051
5,79034500;-10,73449707
5,79534500;-11,20047951
5,80034500;-11,20047951
5,80534500;-11,66799831
5,81034500;-11,66799831
5,81534500;-11,66799831
5,82034500;-11,66799831
5,82534500;-13,06748199
5,83034500;-13,53500175
5,83534500;-14,46850300
5,84034500;-14,46850300
5,84534500;-15,40046692
5,85034500;-13,53500175
5,85534500;-17,26746941
5,86034500;-17,73498917
5,86534500;-17,26746941
5,87034500;-19,13447189
5,87534500;-18,66848946
5,88034500;-19,13447189
5,88534500;-18,66848946
5,89034500;-19,60199165
5,89534500;-19,60199165
5,90034500;-18,66848946
5,90534499;-19,13447189
5,91034499;-19,13447189
5,91534499;-18,66848946
5,92034499;-18,66848946
5,92534499;-18,20096970
5,93034499;-18,66848946
5,93534499;-19,13447189
5,94034499;-18,66848946
5,94534499;-18,20096970
5,95034499;-18,66848946
5,95534499;-18,20096970
5,96034499;-18,20096970
5,96534499;-18,20096970
5,97034499;-20,06797409
5,97534499;-18,20096970
5,98034499;-19,60199165
5,98534499;-18,20096970
5,99034499;-18,66848946
5,99534499;-19,60199165
6,00034499;-20,53549385
6,00534499;-19,60199165
6,01034499;-20,53549385
6,01534499;-19,60199165
6,02034499;-20,06797409
6,02534499;-21,46899414
6,03034499;-20,53549385
6,03534499;-20,06797409
6,04034499;-21,00147629
6,04534499;-21,46899414
6,05034499;-21,00147629
6,05534499;-20,53549385
6,06034499;-19,13447189
6,06534499;-18,20096970
6,07034499;-17,73498917
6,07534499;-16,33396912
6,08034499;-15,86798668
6,08534499;-14,00098324
6,09034499;-13,53500175
6,09534499;-12,13398075
6,10034499;-10,73449707
6,10534499;-9,80099583
6,11034499;-8,86749458
6,11534499;-8,39997482
6,12034499;-8,86749458
6,12534499;-8,39997482
6,13034499;-8,39997482
6,13534499;-7,93399334
6,14034499;-10,26697731
6,14534499;-10,73449707
6,15034499;-11,20047951
6,15534499;-11,66799831
6,16034499;-12,60150051
6,16534499;-13,53500175
6,17034499;-13,53500175
6,17534499;-14,93448448
6,18034499;-14,00098324
6,18534499;-12,13398075
6,19034499;-12,13398075
6,19534499;-12,60150051
6,20034499;-10,73449707
6,20534499;-11,66799831
6,21034499;-10,73449707
6,21534499;-10,26697731
6,22034499;-7,93399334
6,22534499;-8,86749458
6,23034499;-8,39997482
6,23534499;-7,46647358
6,24034499;-7,00049162
6,24534499;-4,66596889
6,25034499;-6,06699038
6,25534499;-5,13348866
6,26034499;-6,53297186
6,26534499;-6,53297186
6,27034499;-5,59947062
6,27534499;-5,59947062
6,28034499;-5,13348866
6,28534499;-5,59947062
6,29034499;-5,59947062
6,29534499;-5,13348866
6,30034498;-6,53297186
6,30534498;-7,00049162
6,31034498;-7,00049162
6,31534498;-7,46647358
6,32034498;-7,00049162
6,32534498;-7,00049162
6,33034498;-7,46647358
6,33534498;-7,00049162
6,34034498;-7,00049162
6,34534498;-6,06699038
6,35034498;-7,00049162
6,35534498;-5,59947062
6,36034498;-5,13348866
6,36534498;-4,66596889
6,37034498;-4,19998741
6,37534498;-4,19998741
6,38034498;-3,26648593
6,38534498;-1,86546493
6,39034498;-2,33298445
6,39534498;-2,33298445
6,40034498;-0,93196350
6,40534498;-2,33298445
6,41034498;-0,93196350
6,41534498;-2,33298445
6,42034498;-2,33298445
6,42534498;-2,79896641
6,43034498;-2,79896641
6,43534498;-2,79896641
6,44034498;-3,26648593
6,44534498;-3,73246789
6,45034498;-3,73246789
6,45534498;-3,73246789
6,46034498;-4,66596889
6,46534498;-4,66596889
6,47034498;-4,19998741
6,47534498;-5,13348866
6,48034498;-4,66596889
6,48534498;-4,19998741
6,49034498;-4,66596889
6,49534498;-3,73246789
6,50034498;-3,73246789
6,50534498;-4,19998741
6,51034498;-4,66596889
6,51534498;-4,19998741
6,52034498;-3,73246789
6,52534498;-3,73246789
6,53034498;-3,26648593
6,53534498;-3,73246789
6,54034498;-3,26648593
6,54534498;-1,86546493
6,55034498;-2,79896641
6,55534498;-1,86546493
6,56034498;-2,33298445
6,56534498;-1,86546493
6,57034498;-0,93196350
6,57534498;-2,33298445
6,58034498;-1,39948320
6,58534498;0,00000000
6,59034498;-1,39948320
6,59534498;-0,46598175
6,60034498;-0,93196350
6,60534498;-0,93196350
6,61034498;-1,39948320
6,61534498;-1,86546493
6,62034498;-1,86546493
6,62534498;-1,86546493
6,63034498;-2,33298445
6,63534498;-2,33298445
6,64034498;-3,26648593
6,64534498;-4,19998741
6,65034498;-3,73246789
6,65534498;-4,19998741
6,66034498;-3,73246789
6,66534498;-3,26648593
6,67034498;-3,26648593
6,67534498;-3,26648593
6,68034498;-3,73246789
6,68534498;-3,26648593
6,69034498;-3,26648593
6,69534497;-1,86546493
6,70034497;-1,86546493
6,70534497;1,86546493
6,71034497;-0,93196350
6,71534497;-0,93196350
6,72034497;-1,86546493
6,72534497;-0,46598175
6,73034497;-0,46598175
6,73534497;0,00000000
6,74034497;1,39948320
6,74534497;0,93196350
6,75034497;0,93196350
6,75534497;1,86546493
6,76034497;0,46598175
6,76534497;0,93196350
6,77034497;1,86546493
6,77534497;1,86546493
6,78034497;1,39948320
6,78534497;0,93196350
6,79034497;2,33298445
6,79534497;1,39948320
6,80034497;3,26648593
6,80534497;1,86546493
6,81034497;0,93196350
6,81534497;1,86546493
6,82034497;1,86546493
6,82534497;1,39948320
6,83034497;1,39948320
6,83534497;1,86546493
6,84034497;0,93196350
6,84534497;2,33298445
6,85034497;1,39948320
6,85534497;2,33298445
6,86034497;2,33298445
6,86534497;3,73246789
6,87034497;3,73246789
6,87534497;3,26648593
6,88034497;3,26648593
6,88534497;3,26648593
6,89034497;3,26648593
6,89534497;4,19998741
6,90034497;3,73246789
6,90534497;3,73246789
6,91034497;3,26648593
6,91534497;3,73246789
6,92034497;2,79896641
6,92534497;2,79896641
6,93034497;3,26648593
6,93534497;2,79896641
6,94034497;1,39948320
6,94534497;2,79896641
6,95034497;3,26648593
6,95534497;2,79896641
6,96034497;3,26648593
6,96534497;3,26648593
6,97034497;2,33298445
6,97534497;3,26648593
6,98034497;3,26648593
6,98534497;4,19998741
6,99034497;3,26648593
6,99534497;3,26648593
7,00034497;2,33298445
7,00534497;3,26648593
7,01034497;2,33298445
7,01534497;3,73246789
7,02034497;1,39948320
7,02534497;2,79896641
7,03034497;3,26648593
7,03534497;3,26648593
7,04034497;2,33298445
7,04534497;2,33298445
7,05034497;2,79896641
7,05534497;2,79896641
7,06034497;2,79896641
7,06534497;2,33298445
7,07034497;1,86546493
7,07534497;1,86546493
7,08034497;2,79896641
7,08534497;1,86546493
7,09034496;1,39948320
7,09534496;1,39948320
7,10034496;1,86546493
7,10534496;1,39948320
7,11034496;1,86546493
7,11534496;1,86546493
7,12034496;1,39948320
7,12534496;1,39948320
7,13034496;1,39948320
7,13534496;1,86546493
7,14034496;0,93196350
7,14534496;0,46598175
7,15034496;-0,46598175
7,15534496;-0,93196350
7,16034496;-1,39948320
7,16534496;-2,33298445
7,17034496;-3,26648593
7,17534496;-3,73246789
7,18034496;-4,19998741
7,18534496;-5,13348866
7,19034496;-4,19998741
7,19534496;-5,59947062
7,20034496;-3,26648593
7,20534496;-0,93196350
7,21034496;-0,93196350
7,21534496;0,46598175
7,22034496;2,79896641
7,22534496;3,73246789
7,23034496;5,59947062
7,23534496;6,06699038
7,24034496;7,00049162
7,24534496;7,00049162
7,25034496;7,00049162
7,25534496;7,00049162
7,26034496;6,06699038
7,26534496;5,13348866
7,27034496;4,19998741
7,27534496;4,19998741
7,28034496;3,73246789
7,28534496;3,26648593
7,29034496;2,79896641
7,29534496;2,33298445
7,30034496;2,79896641
7,30534496;3,26648593
7,31034496;3,73246789
7,31534496;4,19998741
7,32034496;3,73246789
7,32534496;4,66596889
7,33034496;5,59947062
7,33534496;6,53297186
7,34034496;6,53297186
7,34534496;7,93399334
7,35034496;8,39997482
7,35534496;8,86749458
7,36034496;8,39997482
7,36534496;9,80099583
7,37034496;9,33347607
7,37534496;9,33347607
7,38034496;9,33347607
7,38534496;7,46647358
7,39034496;10,26697731
7,39534496;9,80099583
7,40034496;10,73449707
7,40534496;8,39997482
7,41034496;8,86749458
7,41534496;9,33347607
7,42034496;7,93399334
7,42534496;7,46647358
7,43034496;7,46647358
7,43534496;6,53297186
7,44034496;6,53297186
7,44534496;5,59947062
7,45034496;5,13348866
7,45534496;5,59947062
7,46034496;5,59947062
7,46534496;5,59947062
7,47034496;5,59947062
7,47534496;5,59947062
7,48034496;5,59947062
7,48534496;6,53297186
7,49034495;6,53297186
7,49534495;6,53297186
7,50034495;7,46647358
7,50534495;7,46647358
7,51034495;9,80099583
7,51534495;8,39997482
7,52034495;8,39997482
7,52534495;8,39997482
7,53034495;8,86749458
7,53534495;8,39997482
7,54034495;9,33347607
7,54534495;8,39997482
7,55034495;8,39997482
7,55534495;8,39997482
7,56034495;7,93399334
7,56534495;7,46647358
7,57034495;7,00049162
7,57534495;6,53297186
7,58034495;6,53297186
7,58534495;6,06699038
7,59034495;6,53297186
7,59534495;5,59947062
7,60034495;5,59947062
7,60534495;5,59947062
7,61034495;5,13348866
7,61534495;5,13348866
7,62034495;5,13348866
7,62534495;4,66596889
7,63034495;4,19998741
7,63534495;4,66596889
7,64034495;3,73246789
7,64534495;5,13348866
7,65034495;3,26648593
7,65534495;3,26648593
7,66034495;3,73246789
7,66534495;3,73246789
7,67034495;3,73246789
7,67534495;3,73246789
7,68034495;3,26648593
7,68534495;4,19998741
7,69034495;3,73246789
7,69534495;4,19998741
7,70034495;4,19998741
7,70534495;4,66596889
7,71034495;4,66596889
7,71534495;4,66596889
7,72034495;4,66596889
7,72534495;4,19998741
7,73034495;4,19998741
7,73534495;2,79896641
7,74034495;2,79896641
7,74534495;2,33298445
7,75034495;1,39948320
7,75534495;0,46598175
7,76034495;0,93196350
7,76534495;0,46598175
7,77034495;0,00000000
7,77534495;-0,46598175
7,78034495;-1,39948320
7,78534495;-0,93196350
7,79034495;-0,93196350
7,79534495;-1,86546493
7,80034495;-1,39948320
7,80534495;-1,39948320
7,81034495;-1,86546493
7,81534495;-1,86546493
7,82034495;-0,93196350
7,82534495;-1,86546493
7,83034495;-1,39948320
7,83534495;-1,39948320
7,84034495;-1,86546493
7,84534495;-2,33298445
7,85034495;-2,79896641
7,85534495;-3,73246789
7,86034495;-4,66596889
7,86534495;-18,66848946
7,87034495;-5,13348866
7,87534495;-6,06699038
7,88034495;-6,53297186
7,88534494;-7,00049162
7,89034494;-7,00049162
7,89534494;-7,46647358
7,90034494;-8,39997482
7,90534494;-8,86749458
7,91034494;-8,39997482
7,91534494;-9,33347607
7,92034494;-9,80099583
7,92534494;-10,26697731
7,93034494;-10,26697731
7,93534494;-10,73449707
7,94034494;-11,66799831
7,94534494;-10,73449707
7,95034494;-11,66799831
7,95534494;-11,66799831
7,96034494;-11,66799831
7,96534494;-11,20047951
7,97034494;-10,26697731
7,97534494;-9,80099583
7,98034494;-7,93399334
7,98534494;-7,46647358
7,99034494;-7,46647358
7,99534494;-5,59947062
8,00034494;-3,26648593
8,00534494;-3,73246789
8,01034494;-3,26648593
8,01534494;-2,79896641
8,02034494;-2,79896641
8,02534494;-2,79896641
8,03034494;-1,86546493
8,03534494;-2,33298445
8,04034494;-4,66596889
8,04534494;-6,06699038
8,05034494;-5,59947062
8,05534494;-6,53297186
8,06034494;-7,46647358
8,06534494;-7,46647358
8,07034494;-7,93399334
8,07534494;-8,39997482
8,08034494;-9,33347607
8,08534494;-8,39997482
8,09034494;-8,86749458
8,09534494;-8,39997482
8,10034494;-7,93399334
8,10534494;-7,00049162
8,11034494;-7,46647358
8,11534494;-7,00049162
8,12034494;-6,06699038
8,12534494;-6,06699038
8,13034494;-5,59947062
8,13534494;-4,19998741
8,14034494;-4,66596889
8,14534494;-3,73246789
8,15034494;-3,26648593
8,15534494;-2,33298445
8,16034494;-2,33298445
8,16534494;-1,39948320
8,17034494;-0,93196350
8,17534494;-0,46598175
8,18034494;0,93196350
8,18534494;1,39948320
8,19034494;1,86546493
8,19534494;0,93196350
8,20034494;1,86546493
8,20534494;0,46598175
8,21034494;0,93196350
8,21534494;1,39948320
8,22034494;0,93196350
8,22534494;1,39948320
8,23034494;0,00000000
8,23534494;0,46598175
8,24034494;1,39948320
8,24534494;0,93196350
8,25034494;0,93196350
8,25534494;1,39948320
8,26034494;1,39948320
8,26534494;1,39948320
8,27034494;1,86546493
8,27534494;2,79896641
8,28034493;2,79896641
8,28534493;2,79896641
8,29034493;3,73246789
8,29534493;3,73246789
8,30034493;3,26648593
8,30534493;4,19998741
8,31034493;4,66596889
8,31534493;4,66596889
8,32034493;3,73246789
8,32534493;3,73246789
8,33034493;3,26648593
8,33534493;2,33298445
8,34034493;1,86546493
8,34534493;0,93196350
8,35034493;0,00000000
8,35534493;0,00000000
8,36034493;-1,86546493
8,36534493;-2,33298445
8,37034493;-2,33298445
8,37534493;-2,79896641
8,38034493;-3,26648593
8,38534493;-3,73246789
8,39034493;-3,26648593
8,39534493;-4,19998741
8,40034493;-2,79896641
8,40534493;-3,73246789
8,41034493;-4,19998741
8,41534493;-3,73246789
8,42034493;-3,73246789
8,42534493;-3,73246789
8,43034493;-3,26648593
8,43534493;-3,73246789
8,44034493;-4,19998741
8,44534493;-3,73246789
8,45034493;-3,26648593
8,45534493;-3,73246789
8,46034493;-3,73246789
8,46534493;-0,46598175
8,47034493;-4,19998741
8,47534493;-3,26648593
8,48034493;-3,73246789
8,48534493;-3,26648593
8,49034493;-3,73246789
8,49534493;-3,73246789
8,50034493;-3,73246789
8,50534493;-3,26648593
8,51034493;-3,73246789
8,51534493;-4,66596889
8,52034493;-5,13348866
8,52534493;-4,66596889
8,53034493;-5,13348866
8,53534493;-5,13348866
8,54034493;-6,06699038
8,54534493;-6,06699038
8,55034493;-6,06699038
8,55534493;-7,00049162
8,56034493;-7,00049162
8,56534493;-6,53297186
8,57034493;-7,00049162
8,57534493;-6,53297186
8,58034493;-7,00049162
8,58534493;-6,06699038
8,59034493;-6,06699038
8,59534493;-4,66596889
8,60034493;-6,53297186
8,60534493;-4,66596889
8,61034493;-3,26648593
8,61534493;-1,86546493
8,62034493;-3,26648593
8,62534493;-2,33298445
8,63034493;-1,86546493
8,63534493;-1,86546493
8,64034493;-2,33298445
8,64534493;-1,39948320
8,65034493;-1,39948320
8,65534493;-1,39948320
8,66034493;-0,93196350
8,66534493;-0,93196350
8,67034493;-0,93196350
8,67534492;-0,46598175
8,68034492;-0,46598175
8,68534492;0,00000000
8,69034492;0,00000000
8,69534492;0,00000000
8,70034492;0,46598175
8,70534492;0,46598175
8,71034492;0,46598175
8,71534492;0,46598175
8,72034492;0,93196350
8,72534492;0,93196350
8,73034492;1,39948320
8,73534492;0,93196350
8,74034492;0,46598175
8,74534492;3,26648593
8,75034492;0,93196350
8,75534492;1,86546493
8,76034492;1,86546493
8,76534492;1,86546493
8,77034492;1,86546493
8,77534492;2,33298445
8,78034492;1,86546493
8,78534492;1,39948320
8,79034492;2,33298445
8,79534492;2,33298445
8,80034492;2,79896641
8,80534492;2,79896641
8,81034492;1,86546493
8,81534492;2,33298445
8,82034492;1,86546493
8,82534492;0,93196350
8,83034492;0,93196350
8,83534492;0,93196350
8,84034492;-0,93196350
8,84534492;-0,46598175
8,85034492;-0,93196350
8,85534492;-0,93196350
8,86034492;-1,86546493
8,86534492;-1,39948320
8,87034492;-2,33298445
8,87534492;-2,79896641
8,88034492;-2,33298445
8,88534492;-2,79896641
8,89034492;-2,33298445
8,89534492;-2,33298445
8,90034492;-2,79896641
8,90534492;-3,26648593
8,91034492;-2,33298445
8,91534492;-2,79896641
8,92034492;-3,26648593
8,92534492;-3,26648593
8,93034492;-6,53297186
8,93534492;-2,79896641
8,94034492;-3,26648593
8,94534492;-3,73246789
8,95034492;-2,79896641
8,95534492;-2,79896641
8,96034492;-3,26648593
8,96534492;-2,79896641
8,97034492;-2,79896641
8,97534492;-2,33298445
8,98034492;-2,79896641
8,98534492;-2,33298445
8,99034492;-2,79896641
8,99534492;-2,33298445
9,00034492;-3,26648593
9,00534492;-3,26648593
9,01034492;-2,79896641
9,01534492;-4,19998741
9,02034492;-3,26648593
9,02534492;-3,26648593
9,03034492;-3,26648593
9,03534492;-5,13348866
9,04034492;-4,19998741
9,04534492;-3,26648593
9,05034492;-4,19998741
9,05534492;-5,13348866
9,06034492;-5,13348866
9,06534492;-6,06699038
9,07034491;-6,06699038
9,07534491;-7,00049162
9,08034491;-7,46647358
9,08534491;-7,46647358
9,09034491;-8,39997482
9,09534491;-7,00049162
9,10034491;-7,00049162
9,10534491;-6,06699038
9,11034491;-4,19998741
9,11534491;-3,26648593
9,12034491;-1,39948320
9,12534491;-0,46598175
9,13034491;0,46598175
9,13534491;0,93196350
9,14034491;2,33298445
9,14534491;2,33298445
9,15034491;3,26648593
9,15534491;2,79896641
9,16034491;2,33298445
9,16534491;1,86546493
9,17034491;1,39948320
9,17534491;0,93196350
9,18034491;0,00000000
9,18534491;-0,46598175
9,19034491;-0,46598175
9,19534491;0,00000000
9,20034491;-1,39948320
9,20534491;0,46598175
9,21034491;0,93196350
9,21534491;1,39948320
9,22034491;0,93196350
9,22534491;1,39948320
9,23034491;1,86546493
9,23534491;1,86546493
9,24034491;2,33298445
9,24534491;3,73246789
9,25034491;2,79896641
9,25534491;2,79896641
9,26034491;3,26648593
9,26534491;2,79896641
9,27034491;3,73246789
9,27534491;2,33298445
9,28034491;3,26648593
9,28534491;3,26648593
9,29034491;3,73246789
9,29534491;2,79896641
9,30034491;3,73246789
9,30534491;4,19998741
9,31034491;3,73246789
9,31534491;3,26648593
9,32034491;3,26648593
9,32534491;3,26648593
9,33034491;3,26648593
9,33534491;4,19998741
9,34034491;3,73246789
9,34534491;3,73246789
9,35034491;3,73246789
9,35534491;3,73246789
9,36034491;3,73246789
9,36534491;5,13348866
9,37034491;3,73246789
9,37534491;4,19998741
9,38034491;5,13348866
9,38534491;5,13348866
9,39034491;6,53297186
9,39534491;5,59947062
9,40034491;6,53297186
9,40534491;7,00049162
9,41034491;7,93399334
9,41534491;8,39997482
9,42034491;8,39997482
9,42534491;8,86749458
9,43034491;9,33347607
9,43534491;9,33347607
9,44034491;8,86749458
9,44534491;8,86749458
9,45034491;8,86749458
9,45534491;8,39997482
9,46034491;8,39997482
9,46534490;7,93399334
9,47034490;7,46647358
9,47534490;6,53297186
9,48034490;6,53297186
9,48534490;6,53297186
9,49034490;6,53297186
9,49534490;6,06699038
9,50034490;5,59947062
9,50534490;5,59947062
9,51034490;5,59947062
9,51534490;4,66596889
9,52034490;5,13348866
9,52534490;4,66596889
9,53034490;6,06699038
9,53534490;3,73246789
9,54034490;4,19998741
9,54534490;3,26648593
9,55034490;3,73246789
9,55534490;3,73246789
9,56034490;2,79896641
9,56534490;2,33298445
9,57034490;1,86546493
9,57534490;2,33298445
9,58034490;2,33298445
9,58534490;2,79896641
9,59034490;1,86546493
9,59534490;2,79896641
9,60034490;1,39948320
9,60534490;0,93196350
9,61034490;1,39948320
9,61534490;2,79896641
9,62034490;0,93196350
9,62534490;0,93196350
9,63034490;-0,46598175
9,63534490;-0,46598175
9,64034490;-0,46598175
9,64534490;-1,39948320
9,65034490;-0,93196350
9,65534490;-2,79896641
9,66034490;-3,73246789
9,66534490;-4,19998741
9,67034490;-3,26648593
9,67534490;-5,13348866
9,68034490;-4,19998741
9,68534490;-4,66596889
9,69034490;-4,66596889
9,69534490;-5,13348866
9,70034490;-5,13348866
9,70534490;-4,19998741
9,71034490;-4,66596889
9,71534490;-5,13348866
9,72034490;-4,66596889
9,72534490;-3,73246789
9,73034490;-4,19998741
9,73534490;-4,19998741
9,74034490;-4,19998741
9,74534490;-4,19998741
9,75034490;-4,19998741
9,75534490;-4,19998741
9,76034490;-5,13348866
9,76534490;-5,13348866
9,77034490;-5,13348866
9,77534490;-5,59947062
9,78034490;-5,59947062
9,78534490;-5,59947062
9,79034490;-6,53297186
9,79534490;-7,00049162
9,80034490;-7,00049162
9,80534490;-5,59947062
9,81034490;-7,00049162
9,81534490;-5,59947062
9,82034490;-6,06699038
9,82534490;-6,53297186
9,83034490;-6,53297186
9,83534490;-7,46647358
9,84034490;-7,00049162
9,84534490;-7,93399334
9,85034490;-6,53297186
9,85534490;-6,06699038
9,86034490;-6,06699038
9,86534489;-6,53297186
9,87034489;-5,59947062
9,87534489;-5,13348866
9,88034489;-3,73246789
9,88534489;-2,79896641
9,89034489;-1,86546493
9,89534489;-0,93196350
9,90034489;0,46598175
9,90534489;1,39948320
9,91034489;1,86546493
9,91534489;1,86546493
9,92034489;2,33298445
9,92534489;2,33298445
9,93034489;1,86546493
9,93534489;1,39948320
9,94034489;0,00000000
9,94534489;-0,46598175
9,95034489;0,00000000
9,95534489;-2,33298445
9,96034489;-3,73246789
9,96534489;-3,26648593
9,97034489;-3,73246789
9,97534489;-5,13348866
9,98034489;-5,13348866
9,98534489;-4,19998741
9,99034489;-3,73246789
9,99534489;-4,66596889
10,00034489;2,33298445
10,00534489;-4,66596889
10,01034489;-3,73246789
10,01534489;-2,79896641
10,02034489;-3,26648593
10,02534489;-2,33298445
10,03034489;-2,33298445
10,03534489;-2,79896641
10,04034489;-1,39948320
10,04534489;-1,39948320
10,05034489;-0,46598175
10,05534489;-0,93196350
10,06034489;-0,46598175
10,06534489;0,93196350
10,07034489;0,93196350
10,07534489;0,46598175
10,08034489;0,46598175
10,08534489;0,46598175
10,09034489;0,93196350
10,09534489;0,00000000
10,10034489;-0,46598175
10,10534489;-1,39948320
10,11034489;-1,86546493
10,11534489;-1,39948320
10,12034489;-1,39948320
10,12534489;-2,33298445
10,13034489;-3,26648593
10,13534489;-3,26648593
10,14034489;-3,26648593
10,14534489;-3,73246789
10,15034489;-2,79896641
10,15534489;-3,73246789
10,16034489;-2,79896641
10,16534489;-2,79896641
10,17034489;-2,33298445
10,17534489;-1,86546493
10,18034489;-1,86546493
10,18534489;-1,39948320
10,19034489;-0,93196350
10,19534489;0,00000000
10,20034489;0,93196350
10,20534489;0,00000000
10,21034489;-0,46598175
10,21534489;-0,46598175
10,22034489;-0,93196350
10,22534489;-0,93196350
10,23034489;-1,39948320
10,23534489;1,39948320
10,24034489;-1,86546493
10,24534489;-2,79896641
10,25034489;-2,79896641
10,25534489;-3,73246789
10,26034488;-4,66596889
10,26534488;-5,13348866
10,27034488;-4,19998741
10,27534488;-5,13348866
10,28034488;-4,66596889
10,28534488;-4,66596889
10,29034488;-5,59947062
10,29534488;-6,06699038
10,30034488;-5,59947062
10,30534488;-5,59947062
10,31034488;-5,13348866
10,31534488;-4,66596889
10,32034488;-5,13348866
10,32534488;-4,19998741
10,33034488;-4,66596889
10,33534488;-4,66596889
10,34034488;-5,59947062
10,34534488;-3,73246789
10,35034488;-4,66596889
10,35534488;-4,66596889
10,36034488;-3,73246789
10,36534488;-4,19998741
10,37034488;-4,66596889
10,37534488;-4,66596889
10,38034488;-3,73246789
10,38534488;-6,06699038
10,39034488;-4,66596889
10,39534488;-5,13348866
10,40034488;-5,59947062
10,40534488;-6,53297186
10,41034488;-5,59947062
10,41534488;-7,00049162
10,42034488;-6,53297186
10,42534488;-7,00049162
10,43034488;-6,53297186
10,43534488;-6,53297186
10,44034488;-7,00049162
10,44534488;-7,46647358
10,45034488;-7,46647358
10,45534488;-7,46647358
10,46034488;-7,46647358
10,46534488;-7,00049162
10,47034488;-8,39997482
10,47534488;-7,93399334
10,48034488;-7,46647358
10,48534488;-7,00049162
10,49034488;-8,39997482
10,49534488;-6,53297186
10,50034488;-6,53297186
10,50534488;-7,00049162
10,51034488;-6,06699038
10,51534488;-7,46647358
10,52034488;-7,46647358
10,52534488;-6,06699038
10,53034488;-5,13348866
10,53534488;-6,53297186
10,54034488;-7,00049162
10,54534488;-6,06699038
10,55034488;-6,06699038
10,55534488;-6,06699038
10,56034488;-6,53297186
10,56534488;-7,00049162
10,57034488;-5,59947062
10,57534488;-6,53297186
10,58034488;-5,59947062
10,58534488;-7,00049162
10,59034488;-7,93399334
10,59534488;-6,06699038
10,60034488;-7,93399334
10,60534488;-5,13348866
10,61034488;-5,59947062
10,61534488;-5,59947062
10,62034488;-5,13348866
10,62534488;-5,13348866
10,63034488;-5,13348866
10,63534488;-4,66596889
10,64034488;-5,13348866
10,64534488;-4,19998741
10,65034488;-3,73246789
10,65534487;-4,19998741
10,66034487;-4,19998741
10,66534487;-4,19998741
10,67034487;-4,19998741
10,67534487;-4,66596889
10,68034487;-5,13348866
10,68534487;-5,13348866
10,69034487;-4,66596889
10,69534487;-5,13348866
10,70034487;-5,59947062
10,70534487;-5,13348866
10,71034487;-5,13348866
10,71534487;-5,59947062
10,72034487;-5,59947062
10,72534487;-6,06699038
10,73034487;-6,06699038
10,73534487;-7,00049162
10,74034487;-6,06699038
10,74534487;-6,53297186
10,75034487;-7,93399334
10,75534487;-7,46647358
10,76034487;-7,93399334
10,76534487;-8,39997482
10,77034487;-8,86749458
10,77534487;-8,39997482
10,78034487;-8,86749458
10,78534487;-9,80099583
10,79034487;-9,80099583
10,79534487;-9,33347607
10,80034487;-9,33347607
10,80534487;-9,33347607
10,81034487;-8,39997482
10,81534487;-8,39997482
10,82034487;-7,93399334
10,82534487;-8,86749458
10,83034487;-8,86749458
10,83534487;-8,86749458
10,84034487;-8,86749458
10,84534487;-8,39997482
10,85034487;-8,86749458
10,85534487;-9,33347607
10,86034487;-9,33347607
10,86534487;-10,26697731
10,87034487;-11,20047951
10,87534487;-10,26697731
10,88034487;-11,20047951
10,88534487;-11,66799831
10,89034487;-14,93448448
10,89534487;-12,60150051
10,90034487;-13,53500175
10,90534487;-13,53500175
10,91034487;-14,93448448
10,91534487;-12,60150051
10,92034487;-14,00098324
10,92534487;-13,53500175
10,93034487;-14,00098324
10,93534487;-14,46850300
10,94034487;-14,46850300
10,94534487;-15,40046692
10,95034487;-14,93448448
10,95534487;-14,46850300
10,96034487;-14,93448448
10,96534487;-15,86798668
10,97034487;-15,40046692
10,97534487;-16,33396912
10,98034487;-15,86798668
10,98534487;-16,33396912
10,99034487;-16,33396912
10,99534487;-15,86798668
11,00034487;-14,93448448
11,00534487;-14,46850300
11,01034487;-13,06748199
11,01534487;-12,60150051
11,02034487;-10,73449707
11,02534487;-9,80099583
11,03034487;-8,39997482
11,03534487;-7,93399334
11,04034487;-7,93399334
11,04534487;-6,06699038
11,05034486;-7,00049162
11,05534486;-7,00049162
11,06034486;-7,00049162
11,06534486;-7,46647358
11,07034486;-8,86749458
11,07534486;-8,86749458
11,08034486;-7,93399334
11,08534486;-9,33347607
11,09034486;-10,26697731
11,09534486;-10,26697731
11,10034486;-9,80099583
11,10534486;-9,33347607
11,11034486;-9,33347607
11,11534486;-8,39997482
11,12034486;-7,46647358
11,12534486;-7,00049162
11,13034486;-7,46647358
11,13534486;-6,53297186
11,14034486;-5,59947062
11,14534486;-5,59947062
11,15034486;-5,13348866
11,15534486;-3,73246789
11,16034486;-4,19998741
11,16534486;-4,66596889
11,17034486;-3,73246789
11,17534486;-3,73246789
11,18034486;-1,39948320
11,18534486;-3,73246789
11,19034486;-4,19998741
11,19534486;-3,26648593
11,20034486;-2,33298445
11,20534486;-3,26648593
11,21034486;-3,26648593
11,21534486;-4,19998741
11,22034486;-3,26648593
11,22534486;-3,73246789
11,23034486;-4,66596889
11,23534486;-2,79896641
11,24034486;-3,26648593
11,24534486;-3,26648593
11,25034486;-1,39948320
11,25534486;-4,66596889
11,26034486;-4,19998741
11,26534486;-3,26648593
11,27034486;-2,79896641
11,27534486;-2,79896641
11,28034486;-2,79896641
11,28534486;-2,33298445
11,29034486;-1,39948320
11,29534486;-1,39948320
11,30034486;-0,46598175
11,30534486;0,00000000
11,31034486;1,39948320
11,31534486;1,39948320
11,32034486;1,86546493
11,32534486;3,26648593
11,33034486;1,86546493
11,33534486;2,79896641
11,34034486;3,73246789
11,34534486;3,26648593
11,35034486;2,79896641
11,35534486;3,26648593
11,36034486;2,33298445
11,36534486;2,33298445
11,37034486;1,39948320
11,37534486;1,39948320
11,38034486;1,39948320
11,38534486;0,93196350
11,39034486;0,46598175
11,39534486;1,39948320
11,40034486;0,93196350
11,40534486;1,39948320
11,41034486;0,93196350
11,41534486;0,46598175
11,42034486;1,86546493
11,42534486;0,93196350
11,43034486;2,79896641
11,43534486;1,86546493
11,44034486;1,39948320
11,44534485;2,79896641
11,45034485;0,93196350
11,45534485;1,39948320
11,46034485;1,39948320
11,46534485;1,39948320
11,47034485;1,86546493
11,47534485;2,33298445
11,48034485;2,79896641
11,48534485;2,33298445
11,49034485;1,86546493
11,49534485;3,73246789
11,50034485;2,33298445
11,50534485;3,26648593
11,51034485;3,73246789
11,51534485;3,26648593
11,52034485;1,86546493
11,52534485;3,26648593
11,53034485;3,26648593
11,53534485;3,26648593
11,54034485;2,33298445
11,54534485;2,33298445
11,55034485;1,39948320
11,55534485;0,93196350
11,56034485;0,46598175
11,56534485;0,46598175
11,57034485;-0,46598175
11,57534485;-1,39948320
11,58034485;-1,39948320
11,58534485;-1,86546493
11,59034485;0,00000000
11,59534485;-1,86546493
11,60034485;-2,33298445
11,60534485;-2,33298445
11,61034485;-1,39948320
11,61534485;-3,26648593
11,62034485;0,00000000
11,62534485;-1,39948320
11,63034485;-1,39948320
11,63534485;-1,39948320
11,64034485;-1,86546493
11,64534485;-0,93196350
11,65034485;-1,86546493
11,65534485;-2,33298445
11,66034485;-1,86546493
11,66534485;-1,86546493
11,67034485;-2,79896641
11,67534485;-3,26648593
11,68034485;-2,79896641
11,68534485;-2,79896641
11,69034485;-2,79896641
11,69534485;-2,33298445
11,70034485;-3,26648593
11,70534485;-2,33298445
11,71034485;-2,33298445
11,71534485;-2,79896641
11,72034485;-1,86546493
11,72534485;-2,33298445
11,73034485;-2,33298445
11,73534485;-2,33298445
11,74034485;-2,33298445
11,74534485;-1,86546493
11,75034485;-2,33298445
11,75534485;-3,26648593
11,76034485;-1,86546493
11,76534485;-0,93196350
11,77034485;0,46598175
11,77534485;0,46598175
11,78034485;1,86546493
11,78534485;3,26648593
11,79034485;4,66596889
11,79534485;6,06699038
11,80034485;7,46647358
11,80534485;8,39997482
11,81034485;9,80099583
11,81534485;10,26697731
11,82034485;9,80099583
11,82534485;9,80099583
11,83034485;10,26697731
11,83534485;9,33347607
11,84034484;9,33347607
11,84534484;7,93399334
11,85034484;6,53297186
11,85534484;6,53297186
11,86034484;-3,73246789
11,86534484;5,13348866
11,87034484;4,19998741
11,87534484;3,73246789
11,88034484;4,19998741
11,88534484;4,19998741
11,89034484;4,66596889
11,89534484;4,66596889
11,90034484;4,66596889
11,90534484;5,13348866
11,91034484;5,13348866
11,91534484;6,53297186
11,92034484;6,06699038
11,92534484;7,93399334
11,93034484;7,46647358
11,93534484;7,93399334
11,94034484;7,46647358
11,94534484;8,39997482
11,95034484;9,33347607
11,95534484;9,80099583
11,96034484;9,33347607
11,96534484;9,80099583
11,97034484;9,80099583
11,97534484;9,33347607
11,98034484;10,73449707
11,98534484;9,80099583
11,99034484;10,26697731
11,99534484;9,80099583
12,00034484;9,80099583
12,00534484;9,80099583
12,01034484;8,86749458
12,01534484;9,33347607
12,02034484;8,86749458
12,02534484;9,80099583
12,03034484;8,86749458
12,03534484;10,73449707
12,04034484;10,73449707
12,04534484;9,80099583
12,05034484;11,20047951
12,05534484;11,66799831
12,06034484;12,13398075
12,06534484;12,60150051
12,07034484;12,60150051
12,07534484;14,93448448
12,08034484;14,46850300
12,08534484;14,46850300
12,09034484;14,93448448
12,09534484;13,53500175
12,10034484;14,46850300
12,10534484;14,46850300
12,11034484;14,00098324
12,11534484;14,46850300
12,12034484;14,93448448
12,12534484;14,46850300
12,13034484;14,00098324
12,13534484;13,06748199
12,14034484;14,00098324
12,14534484;13,53500175
12,15034484;13,53500175
12,15534484;13,53500175
12,16034484;13,06748199
12,16534484;12,13398075
12,17034484;12,60150051
12,17534484;12,13398075
12,18034484;12,60150051
12,18534484;12,60150051
12,19034484;12,13398075
12,19534484;12,60150051
12,20034484;12,60150051
12,20534484;11,20047951
12,21034484;11,66799831
12,21534484;11,66799831
12,22034484;11,66799831
12,22534484;11,66799831
12,23034484;11,66799831
12,23534484;12,13398075
12,24034483;11,66799831
12,24534483;12,60150051
12,25034483;11,66799831
12,25534483;12,60150051
12,26034483;11,66799831
12,26534483;12,60150051
12,27034483;12,13398075
12,27534483;12,13398075
12,28034483;12,13398075
12,28534483;12,13398075
12,29034483;12,13398075
12,29534483;11,66799831
12,30034483;11,66799831
12,30534483;15,86798668
12,31034483;10,73449707
12,31534483;10,73449707
12,32034483;10,26697731
12,32534483;10,73449707
12,33034483;10,26697731
12,33534483;10,26697731
12,34034483;9,80099583
12,34534483;9,33347607
12,35034483;8,86749458
12,35534483;8,39997482
12,36034483;8,86749458
12,36534483;9,33347607
12,37034483;9,33347607
12,37534483;8,86749458
12,38034483;8,86749458
12,38534483;8,86749458
12,39034483;8,86749458
12,39534483;8,39997482
12,40034483;8,86749458
12,40534483;9,33347607
12,41034483;7,93399334
12,41534483;7,93399334
12,42034483;9,80099583
12,42534483;8,86749458
12,43034483;9,80099583
12,43534483;9,33347607
12,44034483;8,86749458
12,44534483;11,20047951
12,45034483;10,26697731
12,45534483;10,26697731
12,46034483;10,26697731
12,46534483;10,26697731
12,47034483;10,26697731
12,47534483;11,20047951
12,48034483;11,20047951
12,48534483;10,73449707
12,49034483;10,73449707
12,49534483;10,73449707
12,50034483;10,73449707
12,50534483;10,26697731
12,51034483;9,80099583
12,51534483;9,33347607
12,52034483;9,80099583
12,52534483;9,33347607
12,53034483;8,86749458
12,53534483;8,86749458
12,54034483;8,86749458
12,54534483;8,86749458
12,55034483;9,33347607
12,55534483;8,86749458
12,56034483;9,33347607
12,56534483;9,80099583
12,57034483;9,80099583
12,57534483;9,80099583
12,58034483;9,80099583
12,58534483;10,26697731
12,59034483;9,80099583
12,59534483;9,80099583
12,60034483;8,86749458
12,60534483;9,80099583
12,61034483;9,33347607
12,61534483;12,60150051
12,62034483;8,86749458
12,62534483;7,93399334
12,63034483;7,93399334
12,63534482;8,39997482
12,64034482;7,46647358
12,64534482;6,53297186
12,65034482;7,93399334
12,65534482;7,46647358
12,66034482;6,53297186
12,66534482;7,46647358
12,67034482;7,00049162
12,67534482;6,53297186
12,68034482;6,06699038
12,68534482;7,00049162
12,69034482;6,06699038
12,69534482;6,53297186
12,70034482;7,00049162
12,70534482;6,53297186
12,71034482;5,59947062
12,71534482;6,06699038
12,72034482;6,53297186
12,72534482;5,59947062
12,73034482;6,06699038
12,73534482;6,06699038
12,74034482;6,06699038
12,74534482;5,59947062
12,75034482;6,06699038
12,75534482;5,59947062
12,76034482;5,13348866
12,76534482;5,13348866
12,77034482;4,19998741
12,77534482;5,13348866
12,78034482;4,66596889
12,78534482;3,73246789
12,79034482;2,79896641
12,79534482;3,26648593
12,80034482;3,73246789
12,80534482;1,86546493
12,81034482;2,33298445
12,81534482;1,39948320
12,82034482;0,93196350
12,82534482;0,46598175
12,83034482;-1,86546493
12,83534482;0,00000000
12,84034482;-1,39948320
12,84534482;-0,93196350
12,85034482;-2,33298445
12,85534482;-4,66596889
12,86034482;-2,79896641
12,86534482;-3,73246789
12,87034482;-3,73246789
12,87534482;-3,73246789
12,88034482;-5,13348866
12,88534482;-4,66596889
12,89034482;-4,19998741
12,89534482;-3,73246789
12,90034482;-2,79896641
12,90534482;-0,93196350
12,91034482;0,00000000
12,91534482;0,93196350
12,92034482;1,86546493
12,92534482;3,26648593
12,93034482;4,19998741
12,93534482;5,13348866
12,94034482;5,13348866
12,94534482;5,59947062
12,95034482;5,13348866
12,95534482;5,13348866
12,96034482;4,66596889
12,96534482;3,73246789
12,97034482;3,26648593
12,97534482;2,79896641
12,98034482;1,86546493
12,98534482;0,93196350
12,99034482;2,79896641
12,99534482;0,93196350
13,00034482;0,46598175
13,00534482;0,46598175
13,01034482;1,39948320
13,01534482;2,33298445
13,02034482;0,00000000
13,02534482;0,00000000
13,03034481;1,39948320
13,03534481;0,46598175
13,04034481;1,86546493
13,04534481;0,93196350
13,05034481;1,86546493
13,05534481;1,86546493
13,06034481;1,86546493
13,06534481;1,86546493
13,07034481;2,33298445
13,07534481;2,79896641
13,08034481;1,86546493
13,08534481;1,39948320
13,09034481;1,86546493
13,09534481;2,33298445
13,10034481;1,39948320
13,10534481;1,86546493
13,11034481;2,33298445
13,11534481;1,86546493
13,12034481;1,86546493
13,12534481;2,33298445
13,13034481;0,46598175
13,13534481;0,46598175
13,14034481;0,46598175
13,14534481;0,46598175
13,15034481;0,46598175
13,15534481;1,39948320
13,16034481;0,46598175
13,16534481;0,46598175
13,17034481;2,33298445
13,17534481;2,33298445
13,18034481;2,33298445
13,18534481;3,73246789
13,19034481;3,73246789
13,19534481;5,59947062
13,20034481;6,06699038
13,20534481;7,00049162
13,21034481;6,06699038
13,21534481;7,93399334
13,22034481;8,86749458
13,22534481;7,93399334
13,23034481;7,93399334
13,23534481;8,86749458
13,24034481;7,46647358
13,24534481;9,33347607
13,25034481;8,39997482
13,25534481;8,39997482
13,26034481;8,86749458
13,26534481;7,00049162
13,27034481;7,46647358
13,27534481;6,53297186
13,28034481;6,53297186
13,28534481;6,06699038
13,29034481;7,00049162
13,29534481;6,06699038
13,30034481;5,13348866
13,30534481;5,59947062
13,31034481;4,66596889
13,31534481;4,66596889
13,32034481;4,66596889
13,32534481;4,66596889
13,33034481;3,73246789
13,33534481;5,13348866
13,34034481;3,26648593
13,34534481;1,39948320
13,35034481;0,93196350
13,35534481;0,46598175
13,36034481;-0,46598175
13,36534481;0,00000000
13,37034481;0,00000000
13,37534481;0,00000000
13,38034481;0,00000000
13,38534481;-0,46598175
13,39034481;-0,46598175
13,39534481;1,39948320
13,40034481;0,00000000
13,40534481;-0,46598175
13,41034481;0,00000000
13,41534481;-1,39948320
13,42034481;-0,93196350
13,42534480;-0,46598175
13,43034480;-2,33298445
13,43534480;-1,86546493
13,44034480;-1,86546493
13,44534480;-4,19998741
13,45034480;-4,66596889
13,45534480;-4,19998741
13,46034480;-4,19998741
13,46534480;-4,66596889
13,47034480;-5,13348866
13,47534480;-5,59947062
13,48034480;-6,06699038
13,48534480;-6,53297186
13,49034480;-6,53297186
13,49534480;-7,00049162
13,50034480;-7,46647358
13,50534480;-7,00049162
13,51034480;-7,46647358
13,51534480;-7,00049162
13,52034480;-7,00049162
13,52534480;-6,06699038
13,53034480;-6,06699038
13,53534480;-6,53297186
13,54034480;-7,46647358
13,54534480;-7,00049162
13,55034480;-7,93399334
13,55534480;-7,00049162
13,56034480;-7,46647358
13,56534480;-8,39997482
13,57034480;-7,93399334
13,57534480;-9,80099583
13,58034480;-9,33347607
13,58534480;-8,86749458
13,59034480;-9,33347607
13,59534480;-9,80099583
13,60034480;-10,26697731
13,60534480;-9,33347607
13,61034480;-10,73449707
13,61534480;-11,20047951
13,62034480;-9,80099583
13,62534480;-10,73449707
13,63034480;-10,73449707
13,63534480;-10,73449707
13,64034480;-11,20047951
13,64534480;-10,26697731
13,65034480;-10,73449707
13,65534480;-10,26697731
13,66034480;-10,73449707
13,66534480;-9,80099583
13,67034480;-7,93399334
13,67534480;-7,00049162
13,68034480;-7,00049162
13,68534480;-4,66596889
13,69034480;-4,19998741
13,69534480;-2,79896641
13,70034480;-0,46598175
13,70534480;-0,93196350
13,71034480;0,00000000
13,71534480;0,00000000
13,72034480;0,00000000
13,72534480;0,93196350
13,73034480;0,00000000
13,73534480;0,46598175
13,74034480;0,00000000
13,74534480;-0,93196350
13,75034480;-2,79896641
13,75534480;-3,26648593
13,76034480;-2,79896641
13,76534480;-3,73246789
13,77034480;-3,26648593
13,77534480;-3,73246789
13,78034480;-3,73246789
13,78534480;-4,66596889
13,79034480;-3,26648593
13,79534480;-3,26648593
13,80034480;-2,33298445
13,80534480;-2,33298445
13,81034480;-1,86546493
13,81534480;-2,33298445
13,82034479;-1,86546493
13,82534479;-0,93196350
13,83034479;-2,33298445
13,83534479;0,00000000
13,84034479;0,00000000
13,84534479;0,00000000
13,85034479;0,00000000
13,85534479;0,93196350
13,86034479;0,93196350
13,86534479;0,46598175
13,87034479;1,39948320
13,87534479;0,93196350
13,88034479;2,33298445
13,88534479;1,86546493
13,89034479;1,86546493
13,89534479;0,46598175
13,90034479;1,39948320
13,90534479;-0,46598175
13,91034479;0,00000000
13,91534479;0,00000000
13,92034479;0,00000000
13,92534479;-0,46598175
13,93034479;-0,93196350
13,93534479;-0,46598175
13,94034479;-0,46598175
13,94534479;-0,46598175
13,95034479;-0,46598175
13,95534479;-0,46598175
13,96034479;-1,86546493
13,96534479;0,46598175
13,97034479;0,93196350
13,97534479;0,93196350
13,98034479;1,39948320
13,98534479;1,86546493
13,99034479;1,39948320
13,99534479;1,86546493
14,00034479;1,86546493
14,00534479;1,39948320
14,01034479;1,39948320
14,01534479;1,86546493
14,02034479;0,93196350
14,02534479;1,39948320
14,03034479;0,46598175
14,03534479;1,39948320
14,04034479;0,00000000
14,04534479;0,00000000
14,05034479;0,93196350
14,05534479;0,00000000
14,06034479;0,46598175
14,06534479;0,46598175
14,07034479;-0,93196350
14,07534479;-0,46598175
14,08034479;-0,93196350
14,08534479;-1,39948320
14,09034479;-1,86546493
14,09534479;-1,39948320
14,10034479;-2,33298445
14,10534479;-1,86546493
14,11034479;-1,86546493
14,11534479;-1,86546493
14,12034479;-2,33298445
14,12534479;-1,86546493
14,13034479;-1,86546493
14,13534479;-1,86546493
14,14034479;-1,39948320
14,14534479;-0,93196350
14,15034479;-0,46598175
14,15534479;-0,46598175
14,16034479;-0,46598175
14,16534479;-0,46598175
14,17034479;-0,46598175
14,17534479;-0,93196350
14,18034479;0,46598175
14,18534479;-0,93196350
14,19034479;0,00000000
14,19534479;-0,93196350
14,20034479;-1,39948320
14,20534479;-2,33298445
14,21034479;-1,39948320
14,21534478;-2,79896641
14,22034478;-3,26648593
14,22534478;-2,33298445
14,23034478;-1,86546493
14,23534478;-4,19998741
14,24034478;-4,19998741
14,24534478;-3,26648593
14,25034478;-3,26648593
14,25534478;-3,73246789
14,26034478;-3,73246789
14,26534478;-3,26648593
14,27034478;-2,79896641
14,27534478;-2,79896641
14,28034478;-2,33298445
14,28534478;-1,86546493
14,29034478;-1,39948320
14,29534478;-0,46598175
14,30034478;-1,86546493
14,30534478;-0,93196350
14,31034478;-0,46598175
14,31534478;-0,93196350
14,32034478;-0,46598175
14,32534478;0,00000000
14,33034478;0,00000000
14,33534478;0,93196350
14,34034478;0,46598175
14,34534478;0,46598175
14,35034478;0,00000000
14,35534478;-0,46598175
14,36034478;0,46598175
14,36534478;0,00000000
14,37034478;0,00000000
14,37534478;0,00000000
14,38034478;0,00000000
14,38534478;0,93196350
14,39034478;0,46598175
14,39534478;0,93196350
14,40034478;1,39948320
14,40534478;1,39948320
14,41034478;0,93196350
14,41534478;0,46598175
14,42034478;0,00000000
14,42534478;0,93196350
14,43034478;0,46598175
14,43534478;0,00000000
14,44034478;0,00000000
14,44534478;0,93196350
14,45034478;0,00000000
14,45534478;0,00000000
14,46034478;0,00000000
14,46534478;0,46598175
14,47034478;0,46598175
14,47534478;4,19998741
14,48034478;0,46598175
14,48534478;0,46598175
14,49034478;0,46598175
14,49534478;0,00000000
14,50034478;0,00000000
14,50534478;0,93196350
14,51034478;0,46598175
14,51534478;0,93196350
14,52034478;0,46598175
14,52534478;0,46598175
14,53034478;0,46598175
14,53534478;0,00000000
14,54034478;0,00000000
14,54534478;0,00000000
14,55034478;-1,86546493
14,55534478;0,00000000
14,56034478;-1,86546493
14,56534478;-1,86546493
14,57034478;-1,86546493
14,57534478;-2,33298445
14,58034478;-1,39948320
14,58534478;-2,33298445
14,59034478;-2,79896641
14,59534478;-2,33298445
14,60034478;-2,79896641
14,60534478;-3,26648593
14,61034478;-3,26648593
14,61534477;-2,79896641
14,62034477;-3,26648593
14,62534477;-3,26648593
14,63034477;0,46598175
14,63534477;-3,26648593
14,64034477;-2,79896641
14,64534477;-3,26648593
14,65034477;-3,26648593
14,65534477;-3,26648593
14,66034477;-3,26648593
14,66534477;-3,26648593
14,67034477;-3,26648593
14,67534477;-4,19998741
14,68034477;-4,19998741
14,68534477;-4,19998741
14,69034477;-4,66596889
14,69534477;-4,19998741
14,70034477;-4,66596889
14,70534477;-5,13348866
14,71034477;-6,06699038
14,71534477;-6,53297186
14,72034477;-6,53297186
14,72534477;-7,00049162
14,73034477;-7,93399334
14,73534477;-9,80099583
14,74034477;-8,86749458
14,74534477;-10,26697731
14,75034477;-11,20047951
14,75534477;-12,13398075
14,76034477;-12,60150051
14,76534477;-13,06748199
14,77034477;-13,53500175
14,77534477;-13,53500175
14,78034477;-13,53500175
14,78534477;-28,93700600
14,79034477;-12,60150051
14,79534477;-12,60150051
14,80034477;-12,13398075
14,80534477;-10,73449707
14,81034477;-9,33347607
14,81534477;-7,93399334
14,82034477;-7,00049162
14,82534477;-5,13348866
14,83034477;-4,66596889
14,83534477;-2,79896641
14,84034477;-2,33298445
14,84534477;-1,86546493
14,85034477;-2,79896641
14,85534477;-2,33298445
14,86034477;-3,26648593
14,86534477;-3,26648593
14,87034477;-3,73246789
14,87534477;-4,66596889
14,88034477;-4,66596889
14,88534477;-5,59947062
14,89034477;-5,59947062
14,89534477;-5,59947062
14,90034477;-5,13348866
14,90534477;-6,06699038
14,91034477;-5,13348866
14,91534477;-5,13348866
14,92034477;-4,66596889
14,92534477;-4,66596889
14,93034477;-3,73246789
14,93534477;-3,26648593
14,94034477;-4,19998741
14,94534477;-3,26648593
14,95034477;-2,79896641
14,95534477;-3,26648593
14,96034477;-2,79896641
14,96534477;-1,86546493
14,97034477;-1,86546493
14,97534477;-1,39948320
14,98034477;-1,86546493
14,98534477;-1,39948320
14,99034477;-1,86546493
14,99534477;-1,86546493
15,00034477;-0,46598175
15,00534477;-1,39948320
15,01034476;-1,39948320
15,01534476;-1,39948320
15,02034476;-1,39948320
15,02534476;-1,39948320
15,03034476;-2,33298445
15,03534476;-2,79896641
15,04034476;-2,79896641
15,04534476;-3,73246789
15,05034476;-3,73246789
15,05534476;-3,73246789
15,06034476;-3,73246789
15,06534476;-3,73246789
15,07034476;-3,73246789
15,07534476;-2,79896641
15,08034476;-3,26648593
15,08534476;-1,86546493
15,09034476;-1,39948320
15,09534476;0,93196350
15,10034476;0,00000000
15,10534476;0,46598175
15,11034476;1,39948320
15,11534476;1,39948320
15,12034476;1,86546493
15,12534476;2,33298445
15,13034476;2,79896641
15,13534476;2,79896641
15,14034476;2,79896641
15,14534476;3,26648593
15,15034476;3,26648593
15,15534476;1,86546493
15,16034476;2,33298445
15,16534476;2,33298445
15,17034476;1,86546493
15,17534476;1,86546493
15,18034476;0,93196350
15,18534476;0,93196350
15,19034476;1,39948320
15,19534476;0,00000000
15,20034476;0,00000000
15,20534476;-0,46598175
15,21034476;-0,46598175
15,21534476;-3,73246789
15,22034476;-2,33298445
15,22534476;-1,86546493
15,23034476;-2,33298445
15,23534476;-2,79896641
15,24034476;-3,73246789
15,24534476;-4,66596889
15,25034476;-3,73246789
15,25534476;-4,19998741
15,26034476;-4,19998741
15,26534476;-4,19998741
15,27034476;-4,19998741
15,27534476;-4,19998741
15,28034476;-2,79896641
15,28534476;-3,26648593
15,29034476;-3,26648593
15,29534476;-2,79896641
15,30034476;-0,93196350
15,30534476;-2,33298445
15,31034476;-2,33298445
15,31534476;-2,33298445
15,32034476;-2,79896641
15,32534476;-2,79896641
15,33034476;-3,26648593
15,33534476;-3,73246789
15,34034476;-4,19998741
15,34534476;-4,66596889
15,35034476;-5,13348866
15,35534476;-5,59947062
15,36034476;-6,06699038
15,36534476;-7,00049162
15,37034476;-6,53297186
15,37534476;-7,00049162
15,38034476;-7,93399334
15,38534476;-7,93399334
15,39034476;-7,00049162
15,39534476;-7,00049162
15,40034476;-7,00049162
15,40534475;-6,53297186
15,41034475;-6,53297186
15,41534475;-6,53297186
15,42034475;-5,59947062
15,42534475;-5,59947062
15,43034475;-6,53297186
15,43534475;-3,73246789
15,44034475;-5,13348866
15,44534475;-5,13348866
15,45034475;-4,66596889
15,45534475;-4,66596889
15,46034475;-5,13348866
15,46534475;-5,13348866
15,47034475;-5,59947062
15,47534475;-6,06699038
15,48034475;-6,53297186
15,48534475;-5,59947062
15,49034475;-7,46647358
15,49534475;-7,46647358
15,50034475;-7,93399334
15,50534475;-7,93399334
15,51034475;-7,46647358
15,51534475;-7,93399334
15,52034475;-7,46647358
15,52534475;-8,39997482
15,53034475;-8,39997482
15,53534475;-8,39997482
15,54034475;-8,39997482
15,54534475;-8,39997482
15,55034475;-7,93399334
15,55534475;-7,93399334
15,56034475;-7,00049162
15,56534475;-7,46647358
15,57034475;-6,53297186
15,57534475;-5,59947062
15,58034475;-3,73246789
15,58534475;-2,79896641
15,59034475;-1,39948320
15,59534475;-0,93196350
15,60034475;0,46598175
15,60534475;1,86546493
15,61034475;0,00000000
15,61534475;3,26648593
15,62034475;4,19998741
15,62534475;4,19998741
15,63034475;4,19998741
15,63534475;2,79896641
15,64034475;4,19998741
15,64534475;3,73246789
15,65034475;3,73246789
15,65534475;2,79896641
15,66034475;1,86546493
15,66534475;1,86546493
15,67034475;1,86546493
15,67534475;0,93196350
15,68034475;1,39948320
15,68534475;1,39948320
15,69034475;1,86546493
15,69534475;2,33298445
15,70034475;2,33298445
15,70534475;2,33298445
15,71034475;1,86546493
15,71534475;2,33298445
15,72034475;2,79896641
15,72534475;3,26648593
15,73034475;2,79896641
15,73534475;3,26648593
15,74034475;4,19998741
15,74534475;4,19998741
15,75034475;4,66596889
15,75534475;5,13348866
15,76034475;6,53297186
15,76534475;5,59947062
15,77034475;6,53297186
15,77534475;6,53297186
15,78034475;6,53297186
15,78534475;7,00049162
15,79034475;7,00049162
15,79534475;7,46647358
15,80034474;7,46647358
15,80534474;6,53297186
15,81034474;7,46647358
15,81534474;6,06699038
15,82034474;5,13348866
15,82534474;5,59947062
15,83034474;6,06699038
15,83534474;6,06699038
15,84034474;5,59947062
15,84534474;4,66596889
15,85034474;5,13348866
15,85534474;6,53297186
15,86034474;6,06699038
15,86534474;7,46647358
15,87034474;7,00049162
15,87534474;8,39997482
15,88034474;8,39997482
15,88534474;8,39997482
15,89034474;9,33347607
15,89534474;10,73449707
15,90034474;8,86749458
15,90534474;8,86749458
15,91034474;10,26697731
15,91534474;9,80099583
15,92034474;8,86749458
15,92534474;9,80099583
15,93034474;8,86749458
15,93534474;8,86749458
15,94034474;8,39997482
15,94534474;7,93399334
15,95034474;8,39997482
15,95534474;7,00049162
15,96034474;7,46647358
15,96534474;7,46647358
15,97034474;7,00049162
15,97534474;6,53297186
15,98034474;6,06699038
15,98534474;12,13398075
15,99034474;7,00049162
15,99534474;7,93399334
16,00034474;6,06699038
16,00534474;7,00049162
16,01034474;7,00049162
16,01534474;6,53297186
16,02034474;6,53297186
16,02534474;6,53297186
16,03034474;6,53297186
16,03534474;6,53297186
16,04034474;6,53297186
16,04534474;8,86749458
16,05034474;7,46647358
16,05534474;6,06699038
16,06034474;7,46647358
16,06534474;7,46647358
16,07034474;8,39997482
16,07534474;8,86749458
16,08034474;9,80099583
16,08534474;8,39997482
16,09034474;9,33347607
16,09534474;8,86749458
16,10034474;8,39997482
16,10534474;8,39997482
16,11034474;8,39997482
16,11534474;7,46647358
16,12034474;7,00049162
16,12534474;7,46647358
16,13034474;6,53297186
16,13534474;4,66596889
16,14034474;5,59947062
16,14534474;5,59947062
16,15034474;5,59947062
16,15534474;4,66596889
16,16034474;4,66596889
16,16534474;5,13348866
16,17034474;5,13348866
16,17534474;5,59947062
16,18034474;5,13348866
16,18534474;6,06699038
16,19034474;5,59947062
16,19534473;5,59947062
16,20034473;6,06699038
16,20534473;5,59947062
16,21034473;6,53297186
16,21534473;6,06699038
16,22034473;5,59947062
16,22534473;1,39948320
16,23034473;5,59947062
16,23534473;5,59947062
16,24034473;5,13348866
16,24534473;6,06699038
16,25034473;6,06699038
16,25534473;5,59947062
16,26034473;5,59947062
16,26534473;5,59947062
16,27034473;5,59947062
16,27534473;4,66596889
16,28034473;5,59947062
16,28534473;5,59947062
16,29034473;6,06699038
16,29534473;6,53297186
16,30034473;6,53297186
16,30534473;7,46647358
16,31034473;6,06699038
16,31534473;6,06699038
16,32034473;6,53297186
16,32534473;6,53297186
16,33034473;5,59947062
16,33534473;6,06699038
16,34034473;7,93399334
16,34534473;6,53297186
16,35034473;7,00049162
16,35534473;7,46647358
16,36034473;7,46647358
16,36534473;7,93399334
16,37034473;8,39997482
16,37534473;8,39997482
16,38034473;7,93399334
16,38534473;8,86749458
16,39034473;8,39997482
16,39534473;8,86749458
16,40034473;8,39997482
16,40534473;7,46647358
16,41034473;8,86749458
16,41534473;8,86749458
16,42034473;8,39997482
16,42534473;7,93399334
16,43034473;9,33347607
16,43534473;9,33347607
16,44034473;8,86749458
16,44534473;9,33347607
16,45034473;8,39997482
16,45534473;8,86749458
16,46034473;8,39997482
16,46534473;8,39997482
16,47034473;8,39997482
16,47534473;8,86749458
16,48034473;8,86749458
16,48534473;8,86749458
16,49034473;8,39997482
16,49534473;7,93399334
16,50034473;6,53297186
16,50534473;7,00049162
16,51034473;6,53297186
16,51534473;7,46647358
16,52034473;7,00049162
16,52534473;6,53297186
16,53034473;5,59947062
16,53534473;6,53297186
16,54034473;5,59947062
16,54534473;6,53297186
16,55034473;6,06699038
16,55534473;5,59947062
16,56034473;6,06699038
16,56534473;5,59947062
16,57034473;5,59947062
16,57534473;4,66596889
16,58034473;4,66596889
16,58534473;3,26648593
16,59034472;3,73246789
16,59534472;2,79896641
16,60034472;3,26648593
16,60534472;2,33298445
16,61034472;1,86546493
16,61534472;1,86546493
16,62034472;1,86546493
16,62534472;0,93196350
16,63034472;0,46598175
16,63534472;0,46598175
16,64034472;-0,93196350
16,64534472;-2,33298445
16,65034472;-1,86546493
16,65534472;-2,79896641
16,66034472;-3,26648593
16,66534472;-4,66596889
16,67034472;-3,73246789
16,67534472;-5,13348866
16,68034472;-5,59947062
16,68534472;-5,59947062
16,69034472;-4,66596889
16,69534472;-4,19998741
16,70034472;-4,66596889
16,70534472;-2,79896641
16,71034472;-1,39948320
16,71534472;0,00000000
16,72034472;1,39948320
16,72534472;2,79896641
16,73034472;3,73246789
16,73534472;4,66596889
16,74034472;6,53297186
16,74534472;6,06699038
16,75034472;6,06699038
16,75534472;5,59947062
16,76034472;5,59947062
16,76534472;5,13348866
16,77034472;3,73246789
16,77534472;2,79896641
16,78034472;1,86546493
16,78534472;1,86546493
16,79034472;1,86546493
16,79534472;1,39948320
16,80034472;1,86546493
16,80534472;4,19998741
16,81034472;1,39948320
16,81534472;2,79896641
16,82034472;2,79896641
16,82534472;4,19998741
16,83034472;3,73246789
16,83534472;4,66596889
16,84034472;5,13348866
16,84534472;3,73246789
16,85034472;6,06699038
16,85534472;7,46647358
16,86034472;6,06699038
16,86534472;6,06699038
16,87034472;7,00049162
16,87534472;7,00049162
16,88034472;7,00049162
16,88534472;7,00049162
16,89034472;7,00049162
16,89534472;7,46647358
16,90034472;6,53297186
16,90534472;7,00049162
16,91034472;8,39997482
16,91534472;7,00049162
16,92034472;6,53297186
16,92534472;6,53297186
16,93034472;6,06699038
16,93534472;6,06699038
16,94034472;6,06699038
16,94534472;6,06699038
16,95034472;6,06699038
16,95534472;5,59947062
16,96034472;6,06699038
16,96534472;6,53297186
16,97034472;6,06699038
16,97534472;6,06699038
16,98034472;6,06699038
16,98534472;7,46647358
16,99034471;7,46647358
16,99534471;8,39997482
17,00034471;9,33347607
17,00534471;9,33347607
17,01034471;14,00098324
17,01534471;9,33347607
17,02034471;10,26697731
17,02534471;9,80099583
17,03034471;10,26697731
17,03534471;10,73449707
17,04034471;9,33347607
17,04534471;9,33347607
17,05034471;9,33347607
17,05534471;8,39997482
17,06034471;7,93399334
17,06534471;7,93399334
17,07034471;7,46647358
17,07534471;7,93399334
17,08034471;7,93399334
17,08534471;7,46647358
17,09034471;7,00049162
17,09534471;7,00049162
17,10034471;6,53297186
17,10534471;7,00049162
17,11034471;6,53297186
17,11534471;6,06699038
17,12034471;6,06699038
17,12534471;6,53297186
17,13034471;5,59947062
17,13534471;5,59947062
17,14034471;4,19998741
17,14534471;4,19998741
17,15034471;3,73246789
17,15534471;3,73246789
17,16034471;2,79896641
17,16534471;3,73246789
17,17034471;3,73246789
17,17534471;3,73246789
17,18034471;4,19998741
17,18534471;4,19998741
17,19034471;3,73246789
17,19534471;5,13348866
17,20034471;4,19998741
17,20534471;5,13348866
17,21034471;5,13348866
17,21534471;4,66596889
17,22034471;4,66596889
17,22534471;5,13348866
17,23034471;4,66596889
17,23534471;3,26648593
17,24034471;3,26648593
17,24534471;2,79896641
17,25034471;3,26648593
17,25534471;1,39948320
17,26034471;0,93196350
17,26534471;1,86546493
17,27034471;0,46598175
17,27534471;0,46598175
17,28034471;0,00000000
17,28534471;-0,93196350
17,29034471;-0,93196350
17,29534471;-0,46598175
17,30034471;0,00000000
17,30534471;0,00000000
17,31034471;1,39948320
17,31534471;0,46598175
17,32034471;1,39948320
17,32534471;0,00000000
17,33034471;0,00000000
17,33534471;1,39948320
17,34034471;1,39948320
17,34534471;0,00000000
17,35034471;-0,46598175
17,35534471;-0,46598175
17,36034471;-0,93196350
17,36534471;-0,46598175
17,37034471;0,46598175
17,37534471;-1,39948320
17,38034471;-1,39948320
17,38534470;-1,39948320
17,39034470;-2,33298445
17,39534470;-0,93196350
17,40034470;-1,39948320
17,40534470;-0,93196350
17,41034470;-0,46598175
17,41534470;-0,46598175
17,42034470;-0,93196350
17,42534470;-1,39948320
17,43034470;0,00000000
17,43534470;-1,86546493
17,44034470;-1,39948320
17,44534470;-2,33298445
17,45034470;-0,93196350
17,45534470;-0,46598175
17,46034470;-0,46598175
17,46534470;0,46598175
17,47034470;0,46598175
17,47534470;1,86546493
17,48034470;2,79896641
17,48534470;4,19998741
17,49034470;5,59947062
17,49534470;6,53297186
17,50034470;7,46647358
17,50534470;9,33347607
17,51034470;9,33347607
17,51534470;9,80099583
17,52034470;10,73449707
17,52534470;11,20047951
17,53034470;9,80099583
17,53534470;9,80099583
17,54034470;8,86749458
17,54534470;7,93399334
17,55034470;7,46647358
17,55534470;6,06699038
17,56034470;4,19998741
17,56534470;4,19998741
17,57034470;3,73246789
17,57534470;3,73246789
17,58034470;2,79896641
17,58534470;3,73246789
17,59034470;3,73246789
17,59534470;2,79896641
17,60034470;4,19998741
17,60534470;3,26648593
17,61034470;3,73246789
17,61534470;5,13348866
17,62034470;4,66596889
17,62534470;6,06699038
17,63034470;6,06699038
17,63534470;7,00049162
17,64034470;7,00049162
17,64534470;7,46647358
17,65034470;7,46647358
17,65534470;8,39997482
17,66034470;8,86749458
17,66534470;8,39997482
17,67034470;8,86749458
17,67534470;7,46647358
17,68034470;8,39997482
17,68534470;8,39997482
17,69034470;8,39997482
17,69534470;8,86749458
17,70034470;7,00049162
17,70534470;7,93399334
17,71034470;7,00049162
17,71534470;7,46647358
17,72034470;7,00049162
17,72534470;6,06699038
17,73034470;6,06699038
17,73534470;6,53297186
17,74034470;5,59947062
17,74534470;6,53297186
17,75034470;6,53297186
17,75534470;7,00049162
17,76034470;7,46647358
17,76534470;7,46647358
17,77034470;7,93399334
17,77534470;8,39997482
17,78034469;8,39997482
17,78534469;8,39997482
17,79034469;9,80099583
17,79534469;11,20047951
17,80034469;9,33347607
17,80534469;9,33347607
17,81034469;10,26697731
17,81534469;8,86749458
17,82034469;9,80099583
17,82534469;8,86749458
17,83034469;9,33347607
17,83534469;8,86749458
17,84034469;8,86749458
17,84534469;7,46647358
17,85034469;7,46647358
17,85534469;7,46647358
17,86034469;7,93399334
17,86534469;7,46647358
17,87034469;7,46647358
17,87534469;7,00049162
17,88034469;7,46647358
17,88534469;6,06699038
17,89034469;6,53297186
17,89534469;6,06699038
17,90034469;6,53297186
17,90534469;5,59947062
17,91034469;6,06699038
17,91534469;5,59947062
17,92034469;5,59947062
17,92534469;5,59947062
17,93034469;6,53297186
17,93534469;5,59947062
17,94034469;6,53297186
17,94534469;6,06699038
17,95034469;6,53297186
17,95534469;6,06699038
17,96034469;6,53297186
17,96534469;6,53297186
17,97034469;6,53297186
17,97534469;6,06699038
17,98034469;5,59947062
17,98534469;5,59947062
17,99034469;4,66596889
17,99534469;5,59947062
18,00034469;4,66596889
18,00534469;2,79896641
18,01034469;4,19998741
18,01534469;3,26648593
18,02034469;2,33298445
18,02534469;2,33298445
18,03034469;1,86546493
18,03534469;3,26648593
18,04034469;2,33298445
18,04534469;3,26648593
18,05034469;2,33298445
18,05534469;2,33298445
18,06034469;3,26648593
18,06534469;1,86546493
18,07034469;3,26648593
18,07534469;3,26648593
18,08034469;2,79896641
18,08534469;4,19998741
18,09034469;3,73246789
18,09534469;3,73246789
18,10034469;18,66848946
18,10534469;3,73246789
18,11034469;4,19998741
18,11534469;4,19998741
18,12034469;4,66596889
18,12534469;4,19998741
18,13034469;4,19998741
18,13534469;4,19998741
18,14034469;3,73246789
18,14534469;3,73246789
18,15034469;2,33298445
18,15534469;2,79896641
18,16034469;2,79896641
18,16534469;3,26648593
18,17034469;2,33298445
18,17534468;3,26648593
18,18034468;4,19998741
18,18534468;3,73246789
18,19034468;3,73246789
18,19534468;4,19998741
18,20034468;3,26648593
18,20534468;4,19998741
18,21034468;5,13348866
18,21534468;5,13348866
18,22034468;5,13348866
18,22534468;4,19998741
18,23034468;5,13348866
18,23534468;11,20047951
18,24034468;5,13348866
18,24534468;5,59947062
18,25034468;4,19998741
18,25534468;4,19998741
18,26034468;2,79896641
18,26534468;3,26648593
18,27034468;3,26648593
18,27534468;2,33298445
18,28034468;2,79896641
18,28534468;2,33298445
18,29034468;2,33298445
18,29534468;2,33298445
18,30034468;3,26648593
18,30534468;2,33298445
18,31034468;2,79896641
18,31534468;1,86546493
18,32034468;1,86546493
18,32534468;1,39948320
18,33034468;2,33298445
18,33534468;2,79896641
18,34034468;0,93196350
18,34534468;0,46598175
18,35034468;0,46598175
18,35534468;0,00000000
18,36034468;0,00000000
18,36534468;-0,46598175
18,37034468;-3,73246789
18,37534468;-0,93196350
18,38034468;0,00000000
18,38534468;-0,93196350
18,39034468;0,46598175
18,39534468;0,00000000
18,40034468;-0,93196350
18,40534468;0,00000000
18,41034468;-0,46598175
18,41534468;-0,46598175
18,42034468;0,00000000
18,42534468;-0,46598175
18,43034468;-0,93196350
18,43534468;-1,39948320
18,44034468;0,00000000
18,44534468;-1,86546493
18,45034468;-1,86546493
18,45534468;-1,86546493
18,46034468;-1,86546493
18,46534468;-3,26648593
18,47034468;-0,93196350
18,47534468;-2,33298445
18,48034468;-2,79896641
18,48534468;-3,26648593
18,49034468;-2,79896641
18,49534468;-2,79896641
18,50034468;-3,73246789
18,50534468;-2,33298445
18,51034468;-3,26648593
18,51534468;-2,33298445
18,52034468;-3,26648593
18,52534468;-3,73246789
18,53034468;-4,19998741
18,53534468;-4,66596889
18,54034468;-3,73246789
18,54534468;-5,13348866
18,55034468;-5,13348866
18,55534468;-6,53297186
18,56034468;-6,53297186
18,56534468;-7,00049162
18,57034467;-7,46647358
18,57534467;-7,46647358
18,58034467;-8,39997482
18,58534467;-7,46647358
18,59034467;-7,00049162
18,59534467;-7,00049162
18,60034467;-6,53297186
18,60534467;-3,26648593
18,61034467;-2,79896641
18,61534467;-2,79896641
18,62034467;-1,39948320
18,62534467;0,00000000
18,63034467;0,46598175
18,63534467;0,00000000
18,64034467;2,33298445
18,64534467;-0,46598175
18,65034467;0,93196350
18,65534467;0,93196350
18,66034467;-1,39948320
18,66534467;-1,39948320
18,67034467;-1,86546493
18,67534467;-2,79896641
18,68034467;-2,33298445
18,68534467;-3,26648593
18,69034467;-3,26648593
18,69534467;-3,73246789
18,70034467;-3,73246789
18,70534467;-3,73246789
18,71034467;-3,26648593
18,71534467;-2,79896641
18,72034467;-2,79896641
18,72534467;-2,79896641
18,73034467;-1,86546493
18,73534467;-2,33298445
18,74034467;-1,39948320
18,74534467;-16,33396912
18,75034467;-1,39948320
18,75534467;-1,39948320
18,76034467;-1,86546493
18,76534467;-2,33298445
18,77034467;-2,33298445
18,77534467;-2,33298445
18,78034467;-2,33298445
18,78534467;-2,79896641
18,79034467;-2,79896641
18,79534467;-2,33298445
18,80034467;-1,39948320
18,80534467;-2,79896641
18,81034467;-2,79896641
18,81534467;-2,79896641
18,82034467;-1,86546493
18,82534467;-2,33298445
18,83034467;-1,86546493
18,83534467;-2,79896641
18,84034467;-1,86546493
18,84534467;-1,39948320
18,85034467;-2,33298445
18,85534467;-2,33298445
18,86034467;-3,73246789
18,86534467;-1,39948320
18,87034467;-1,86546493
18,87534467;0,46598175
18,88034467;-1,39948320
18,88534467;-1,39948320
18,89034467;0,00000000
18,89534467;-0,46598175
18,90034467;0,93196350
18,90534467;1,39948320
18,91034467;1,86546493
18,91534467;2,33298445
18,92034467;2,79896641
18,92534467;3,26648593
18,93034467;4,19998741
18,93534467;4,19998741
18,94034467;4,66596889
18,94534467;4,19998741
18,95034467;4,19998741
18,95534467;4,66596889
18,96034467;3,73246789
18,96534466;3,73246789
18,97034466;3,26648593
18,97534466;3,73246789
18,98034466;2,33298445
18,98534466;3,26648593
18,99034466;3,26648593
18,99534466;3,26648593
19,00034466;2,79896641
19,00534466;2,33298445
19,01034466;2,33298445
19,01534466;2,33298445
19,02034466;2,33298445
19,02534466;1,86546493
19,03034466;0,46598175
19,03534466;0,93196350
19,04034466;-0,46598175
19,04534466;0,46598175
19,05034466;0,46598175
19,05534466;-0,46598175
19,06034466;-1,86546493
19,06534466;0,00000000
19,07034466;0,00000000
19,07534466;0,00000000
19,08034466;0,46598175
19,08534466;0,93196350
19,09034466;0,93196350
19,09534466;0,93196350
19,10034466;0,46598175
19,10534466;0,93196350
19,11034466;0,93196350
19,11534466;-1,39948320
19,12034466;0,46598175
19,12534466;-0,93196350
19,13034466;-1,39948320
19,13534466;-2,79896641
19,14034466;-3,26648593
19,14534466;-3,73246789
19,15034466;-4,66596889
19,15534466;-5,59947062
19,16034466;-5,59947062
19,16534466;-6,06699038
19,17034466;-7,00049162
19,17534466;-7,46647358
19,18034466;-8,86749458
19,18534466;-8,39997482
19,19034466;-8,39997482
19,19534466;-8,39997482
19,20034466;-8,39997482
19,20534466;-7,93399334
19,21034466;-7,46647358
19,21534466;-8,39997482
19,22034466;-8,39997482
19,22534466;-7,93399334
19,23034466;-7,93399334
19,23534466;-8,39997482
19,24034466;-7,46647358
19,24534466;-7,00049162
19,25034466;-8,86749458
19,25534466;-9,33347607
19,26034466;-9,80099583
19,26534466;-9,33347607
19,27034466;-10,26697731
19,27534466;-11,20047951
19,28034466;-11,20047951
19,28534466;-11,20047951
19,29034466;-11,20047951
19,29534466;-12,60150051
19,30034466;-12,60150051
19,30534466;-12,60150051
19,31034466;-12,60150051
19,31534466;-13,53500175
19,32034466;-13,53500175
19,32534466;-13,53500175
19,33034466;-14,00098324
19,33534466;-14,00098324
19,34034466;-14,46850300
19,34534466;-14,46850300
19,35034466;-14,00098324
19,35534466;-14,00098324
19,36034466;-14,00098324
19,36534465;-14,00098324
19,37034465;-11,66799831
19,37534465;-11,20047951
19,38034465;-10,26697731
19,38534465;-8,39997482
19,39034465;-6,53297186
19,39534465;-4,66596889
19,40034465;-3,73246789
19,40534465;-1,86546493
19,41034465;-1,39948320
19,41534465;7,93399334
19,42034465;0,46598175
19,42534465;1,39948320
19,43034465;0,93196350
19,43534465;-0,46598175
19,44034465;-0,93196350
19,44534465;-1,86546493
19,45034465;-1,39948320
19,45534465;-2,79896641
19,46034465;-4,66596889
19,46534465;-5,13348866
19,47034465;-4,19998741
19,47534465;-4,19998741
19,48034465;-4,66596889
19,48534465;-5,59947062
19,49034465;-4,66596889
19,49534465;-4,66596889
19,50034465;-3,73246789
19,50534465;-3,26648593
19,51034465;-3,73246789
19,51534465;-2,79896641
19,52034465;-1,86546493
19,52534465;12,13398075
19,53034465;-2,33298445
19,53534465;-1,39948320
19,54034465;-0,93196350
19,54534465;-0,93196350
19,55034465;-0,46598175
19,55534465;-0,93196350
19,56034465;0,00000000
19,56534465;0,46598175
19,57034465;0,00000000
19,57534465;0,00000000
19,58034465;0,00000000
19,58534465;0,93196350
19,59034465;0,93196350
19,59534465;0,46598175
19,60034465;0,46598175
19,60534465;0,93196350
19,61034465;0,46598175
19,61534465;0,46598175
19,62034465;-0,46598175
19,62534465;0,00000000
19,63034465;-0,93196350
19,63534465;0,00000000
19,64034465;-0,46598175
19,64534465;-1,39948320
19,65034465;-0,46598175
19,65534465;-0,46598175
19,66034465;-1,39948320
19,66534465;-0,46598175
19,67034465;0,93196350
19,67534465;-0,93196350
19,68034465;0,93196350
19,68534465;1,86546493
19,69034465;3,26648593
19,69534465;2,79896641
19,70034465;3,26648593
19,70534465;3,26648593
19,71034465;3,26648593
19,71534465;3,26648593
19,72034465;3,26648593
19,72534465;2,79896641
19,73034465;2,79896641
19,73534465;1,86546493
19,74034465;1,86546493
19,74534465;1,86546493
19,75034465;0,93196350
19,75534465;-0,46598175
19,76034464;-0,46598175
19,76534464;-0,93196350
19,77034464;-1,39948320
19,77534464;-1,86546493
19,78034464;-2,79896641
19,78534464;-2,79896641
19,79034464;-2,79896641
19,79534464;-3,26648593
19,80034464;-2,79896641
19,80534464;-4,19998741
19,81034464;-3,73246789
19,81534464;-3,26648593
19,82034464;-3,26648593
19,82534464;-4,19998741
19,83034464;-3,73246789
19,83534464;-3,26648593
19,84034464;-1,86546493
19,84534464;-2,79896641
19,85034464;-2,33298445
19,85534464;-1,86546493
19,86034464;0,00000000
19,86534464;-0,93196350
19,87034464;-0,93196350
19,87534464;-2,33298445
19,88034464;-0,93196350
19,88534464;-1,86546493
19,89034464;-1,39948320
19,89534464;-1,86546493
19,90034464;-1,86546493
19,90534464;-2,33298445
19,91034464;-2,33298445
19,91534464;-2,33298445
19,92034464;-3,73246789
19,92534464;-3,26648593
19,93034464;-3,73246789
19,93534464;-3,73246789
19,94034464;-3,26648593
19,94534464;-4,19998741
19,95034464;-4,66596889
19,95534464;-3,73246789
19,96034464;-4,19998741
19,96534464;-4,19998741
19,97034464;-4,19998741
19,97534464;-2,79896641
19,98034464;-3,26648593
19,98534464;-2,79896641
19,99034464;-2,79896641
19,99534464;-2,79896641
20,00034464;-2,79896641
20,00534464;-2,79896641
20,01034464;-1,86546493
20,01534464;-1,39948320
20,02034464;-1,39948320
20,02534464;-0,46598175
20,03034464;0,46598175
20,03534464;0,46598175
20,04034464;0,46598175
20,04534464;-0,93196350
20,05034464;-1,39948320
20,05534464;0,00000000
20,06034464;-0,46598175
20,06534464;0,46598175
20,07034464;1,39948320
20,07534464;-0,93196350
20,08034464;-0,46598175
20,08534464;0,00000000
20,09034464;-0,46598175
20,09534464;0,46598175
20,10034464;0,00000000
20,10534464;-0,46598175
20,11034464;0,93196350
20,11534464;0,00000000
20,12034464;0,00000000
20,12534464;0,46598175
20,13034464;0,00000000
20,13534464;0,93196350
20,14034464;0,93196350
20,14534464;1,86546493
20,15034464;1,39948320
20,15534463;1,39948320
20,16034463;2,33298445
20,16534463;2,33298445
20,17034463;2,33298445
20,17534463;2,33298445
20,18034463;1,86546493
20,18534463;2,79896641
20,19034463;0,93196350
20,19534463;1,86546493
20,20034463;0,46598175
20,20534463;1,39948320
20,21034463;0,93196350
20,21534463;0,00000000
20,22034463;0,00000000
20,22534463;-0,93196350
20,23034463;-0,93196350
20,23534463;-0,46598175
20,24034463;-0,93196350
20,24534463;-1,39948320
20,25034463;-0,93196350
20,25534463;-1,86546493
20,26034463;-1,86546493
20,26534463;-1,86546493
20,27034463;-2,79896641
20,27534463;-1,86546493
20,28034463;-2,79896641
20,28534463;-2,33298445
20,29034463;-2,79896641
20,29534463;-1,86546493
20,30034463;-2,33298445
20,30534463;-3,73246789
20,31034463;-3,73246789
20,31534463;-2,79896641
20,32034463;-2,79896641
20,32534463;-4,19998741
20,33034463;-3,26648593
20,33534463;-3,26648593
20,34034463;-3,73246789
20,34534463;-4,66596889
20,35034463;-4,19998741
20,35534463;-5,13348866
20,36034463;-5,13348866
20,36534463;4,19998741
20,37034463;-6,06699038
20,37534463;-6,06699038
20,38034463;-6,06699038
20,38534463;-5,59947062
20,39034463;-6,06699038
20,39534463;-6,53297186
20,40034463;-6,06699038
20,40534463;-5,59947062
20,41034463;-7,00049162
20,41534463;-6,53297186
20,42034463;-7,00049162
20,42534463;-6,06699038
20,43034463;-7,46647358
20,43534463;-5,59947062
20,44034463;-7,93399334
20,44534463;-8,86749458
20,45034463;-7,93399334
20,45534463;-10,73449707
20,46034463;-10,73449707
20,46534463;-11,66799831
20,47034463;-12,13398075
20,47534463;-12,13398075
20,48034463;-14,00098324
20,48534463;-14,00098324
20,49034463;-13,53500175
20,49534463;-14,46850300
20,50034463;-9,80099583
20,50534463;-12,13398075
20,51034463;-11,66799831
20,51534463;-9,80099583
20,52034463;-7,93399334
20,52534463;-7,00049162
20,53034463;-5,13348866
20,53534463;-4,66596889
20,54034463;-3,26648593
20,54534463;-1,86546493
20,55034462;-1,86546493
20,55534462;-2,79896641
20,56034462;-1,86546493
20,56534462;-2,33298445
20,57034462;-3,73246789
20,57534462;-3,73246789
20,58034462;-4,19998741
20,58534462;-4,66596889
20,59034462;-5,59947062
20,59534462;-5,59947062
20,60034462;-5,59947062
20,60534462;-5,59947062
20,61034462;-5,59947062
20,61534462;-4,66596889
20,62034462;-5,13348866
20,62534462;-3,73246789
20,63034462;-4,66596889
20,63534462;-2,79896641
20,64034462;-1,86546493
20,64534462;-2,79896641
20,65034462;-1,86546493
20,65534462;-1,86546493
20,66034462;0,46598175
20,66534462;-0,93196350
20,67034462;-0,93196350
20,67534462;-1,39948320
20,68034462;-1,39948320
20,68534462;0,00000000
20,69034462;-1,39948320
20,69534462;-0,93196350
20,70034462;-0,93196350
20,70534462;0,00000000
20,71034462;0,00000000
20,71534462;0,93196350
20,72034462;0,93196350
20,72534462;0,00000000
20,73034462;0,00000000
20,73534462;0,46598175
20,74034462;0,00000000
20,74534462;0,46598175
20,75034462;-0,46598175
20,75534462;-0,46598175
20,76034462;-0,93196350
20,76534462;0,00000000
20,77034462;-7,00049162
20,77534462;0,00000000
20,78034462;0,00000000
20,78534462;0,93196350
20,79034462;0,93196350
20,79534462;1,86546493
20,80034462;2,33298445
20,80534462;2,33298445
20,81034462;4,19998741
20,81534462;4,19998741
20,82034462;4,19998741
20,82534462;4,66596889
20,83034462;4,66596889
20,83534462;5,13348866
20,84034462;5,13348866
20,84534462;6,06699038
20,85034462;6,06699038
20,85534462;4,66596889
20,86034462;4,19998741
20,86534462;3,26648593
20,87034462;4,19998741
20,87534462;3,73246789
20,88034462;2,79896641
20,88534462;2,33298445
20,89034462;2,79896641
20,89534462;1,86546493
20,90034462;1,39948320
20,90534462;1,39948320
20,91034462;0,93196350
20,91534462;0,93196350
20,92034462;1,39948320
20,92534462;0,93196350
20,93034462;0,93196350
20,93534462;0,00000000
20,94034462;-1,39948320
20,94534461;-0,93196350
20,95034461;-0,46598175
20,95534461;-0,93196350
20,96034461;-1,86546493
20,96534461;-1,86546493
20,97034461;-1,39948320
20,97534461;-0,46598175
20,98034461;-0,93196350
20,98534461;-1,39948320
20,99034461;-0,46598175
20,99534461;-0,93196350
21,00034461;0,00000000
21,00534461;0,46598175
21,01034461;0,46598175
21,01534461;0,46598175
21,02034461;0,93196350
21,02534461;0,46598175
21,03034461;0,46598175
21,03534461;1,39948320
21,04034461;-0,46598175
21,04534461;0,93196350
21,05034461;0,00000000
21,05534461;-0,46598175
21,06034461;-1,39948320
21,06534461;-0,46598175
21,07034461;-1,86546493
21,07534461;-0,46598175
21,08034461;-1,39948320
21,08534461;-1,86546493
21,09034461;-1,86546493
21,09534461;-2,33298445
21,10034461;-2,33298445
21,10534461;-1,39948320
21,11034461;-1,86546493
21,11534461;-1,86546493
21,12034461;-1,86546493
21,12534461;-1,86546493
21,13034461;-0,93196350
21,13534461;-0,93196350
21,14034461;-1,39948320
21,14534461;-1,86546493
21,15034461;-1,39948320
21,15534461;-1,39948320
21,16034461;-1,86546493
21,16534461;-2,79896641
21,17034461;-1,86546493
21,17534461;-4,66596889
21,18034461;-2,79896641
21,18534461;-2,79896641
21,19034461;-2,79896641
21,19534461;-2,33298445
21,20034461;-3,26648593
21,20534461;-3,73246789
21,21034461;-5,59947062
21,21534461;-3,73246789
21,22034461;-5,13348866
21,22534461;-5,13348866
21,23034461;-5,59947062
21,23534461;-7,00049162
21,24034461;-7,00049162
21,24534461;-8,39997482
21,25034461;-7,46647358
21,25534461;-7,93399334
21,26034461;-7,93399334
21,26534461;-7,93399334
21,27034461;-7,46647358
21,27534461;-7,00049162
21,28034461;-5,59947062
21,28534461;-5,59947062
21,29034461;-3,73246789
21,29534461;-3,26648593
21,30034461;-1,39948320
21,30534461;-0,93196350
21,31034461;7,46647358
21,31534461;1,39948320
21,32034461;2,33298445
21,32534461;3,26648593
21,33034461;2,79896641
21,33534461;2,33298445
21,34034460;2,33298445
21,34534460;0,00000000
21,35034460;0,93196350
21,35534460;0,93196350
21,36034460;0,00000000
21,36534460;-0,46598175
21,37034460;-0,93196350
21,37534460;-1,39948320
21,38034460;-2,33298445
21,38534460;-1,86546493
21,39034460;-2,33298445
21,39534460;-2,33298445
21,40034460;-2,33298445
21,40534460;-1,86546493
21,41034460;-1,39948320
21,41534460;-0,93196350
21,42034460;0,00000000
21,42534460;-0,46598175
21,43034460;0,46598175
21,43534460;1,39948320
21,44034460;0,46598175
21,44534460;5,59947062
21,45034460;2,33298445
21,45534460;2,79896641
21,46034460;2,33298445
21,46534460;3,26648593
21,47034460;3,26648593
21,47534460;3,73246789
21,48034460;2,33298445
21,48534460;4,19998741
21,49034460;3,73246789
21,49534460;4,19998741
21,50034460;4,19998741
21,50534460;3,73246789
21,51034460;4,19998741
21,51534460;3,73246789
21,52034460;3,26648593
21,52534460;3,73246789
21,53034460;4,19998741
21,53534460;3,73246789
21,54034460;4,19998741
21,54534460;4,19998741
21,55034460;4,66596889
21,55534460;5,13348866
21,56034460;5,59947062
21,56534460;6,06699038
21,57034460;6,06699038
21,57534460;7,00049162
21,58034460;6,53297186
21,58534460;7,00049162
21,59034460;6,53297186
21,59534460;7,46647358
21,60034460;6,53297186
21,60534460;6,53297186
21,61034460;3,73246789
21,61534460;7,93399334
21,62034460;6,53297186
21,62534460;6,53297186
21,63034460;6,53297186
21,63534460;5,13348866
21,64034460;6,06699038
21,64534460;6,06699038
21,65034460;6,53297186
21,65534460;5,13348866
21,66034460;4,66596889
21,66534460;5,13348866
21,67034460;4,19998741
21,67534460;3,73246789
21,68034460;3,26648593
21,68534460;2,79896641
21,69034460;2,33298445
21,69534460;2,79896641
21,70034460;1,39948320
21,70534460;2,33298445
21,71034460;1,86546493
21,71534460;1,39948320
21,72034460;0,46598175
21,72534460;1,39948320
21,73034460;0,93196350
21,73534460;1,86546493
21,74034459;1,86546493
21,74534459;2,33298445
21,75034459;2,79896641
21,75534459;2,79896641
21,76034459;2,33298445
21,76534459;3,26648593
21,77034459;2,79896641
21,77534459;3,26648593
21,78034459;3,26648593
21,78534459;5,13348866
21,79034459;3,73246789
21,79534459;3,73246789
21,80034459;2,79896641
21,80534459;3,26648593
21,81034459;3,26648593
21,81534459;2,79896641
21,82034459;1,86546493
21,82534459;3,26648593
21,83034459;2,79896641
21,83534459;1,86546493
21,84034459;1,86546493
21,84534459;2,33298445
21,85034459;1,86546493
21,85534459;0,46598175
21,86034459;0,46598175
21,86534459;0,00000000
21,87034459;0,46598175
21,87534459;0,46598175
21,88034459;0,00000000
21,88534459;0,46598175
21,89034459;-1,39948320
21,89534459;0,93196350
21,90034459;0,46598175
21,90534459;0,00000000
21,91034459;0,00000000
21,91534459;0,93196350
21,92034459;0,93196350
21,92534459;1,39948320
21,93034459;2,33298445
21,93534459;1,86546493
21,94034459;0,93196350
21,94534459;2,33298445
21,95034459;2,33298445
21,95534459;2,33298445
21,96034459;2,33298445
21,96534459;0,93196350
21,97034459;2,79896641
21,97534459;2,33298445
21,98034459;2,33298445
21,98534459;0,93196350
21,99034459;1,39948320
21,99534459;1,39948320
22,00034459;0,46598175
22,00534459;1,39948320
22,01034459;1,39948320
22,01534459;2,33298445
22,02034459;2,33298445
22,02534459;1,86546493
22,03034459;1,86546493
22,03534459;2,33298445
22,04034459;2,33298445
22,04534459;2,33298445
22,05034459;2,79896641
22,05534459;2,79896641
22,06034459;3,26648593
22,06534459;2,79896641
22,07034459;3,26648593
22,07534459;4,19998741
22,08034459;3,73246789
22,08534459;4,66596889
22,09034459;5,13348866
22,09534459;4,19998741
22,10034459;3,73246789
22,10534459;3,26648593
22,11034459;3,26648593
22,11534459;4,19998741
22,12034459;3,26648593
22,12534459;2,79896641
22,13034459;2,79896641
22,13534458;2,33298445
22,14034458;2,79896641
22,14534458;2,33298445
22,15034458;1,86546493
22,15534458;1,86546493
22,16034458;1,39948320
22,16534458;1,86546493
22,17034458;1,39948320
22,17534458;0,93196350
22,18034458;0,93196350
22,18534458;0,00000000
22,19034458;1,39948320
22,19534458;1,39948320
22,20034458;-2,33298445
22,20534458;0,00000000
22,21034458;0,46598175
22,21534458;-0,93196350
22,22034458;0,00000000
22,22534458;-0,93196350
22,23034458;-0,46598175
22,23534458;-0,46598175
22,24034458;-0,93196350
22,24534458;-1,86546493
22,25034458;-2,79896641
22,25534458;-2,33298445
22,26034458;-2,33298445
22,26534458;-3,26648593
22,27034458;-3,26648593
22,27534458;-2,79896641
22,28034458;-3,26648593
22,28534458;-3,26648593
22,29034458;-2,79896641
22,29534458;-3,73246789
22,30034458;-3,26648593
22,30534458;-3,73246789
22,31034458;-4,66596889
22,31534458;-3,73246789
22,32034458;-4,19998741
22,32534458;-6,53297186
22,33034458;-4,66596889
22,33534458;-4,66596889
22,34034458;-6,06699038
22,34534458;-6,53297186
22,35034458;-7,46647358
22,35534458;-8,39997482
22,36034458;-9,33347607
22,36534458;-9,80099583
22,37034458;-10,73449707
22,37534458;-11,66799831
22,38034458;-11,66799831
22,38534458;-12,60150051
22,39034458;-11,66799831
22,39534458;-13,06748199
22,40034458;-10,26697731
22,40534458;-11,20047951
22,41034458;-9,80099583
22,41534458;-7,93399334
22,42034458;-7,46647358
22,42534458;-6,06699038
22,43034458;-4,66596889
22,43534458;-3,73246789
22,44034458;-2,79896641
22,44534458;-1,39948320
22,45034458;-1,39948320
22,45534458;-0,46598175
22,46034458;-1,39948320
22,46534458;-1,86546493
22,47034458;-1,86546493
22,47534458;-2,79896641
22,48034458;-3,73246789
22,48534458;-5,13348866
22,49034458;-6,06699038
22,49534458;-6,06699038
22,50034458;-6,06699038
22,50534458;-6,06699038
22,51034458;-5,13348866
22,51534458;-5,13348866
22,52034458;-4,66596889
22,52534458;-4,19998741
22,53034457;-4,19998741
22,53534457;-2,33298445
22,54034457;-2,79896641
22,54534457;-2,79896641
22,55034457;-2,33298445
22,55534457;-2,33298445
22,56034457;-1,39948320
22,56534457;-0,93196350
22,57034457;-2,33298445
22,57534457;-0,46598175
22,58034457;-0,93196350
22,58534457;-0,93196350
22,59034457;-1,39948320
22,59534457;-0,46598175
22,60034457;-2,33298445
22,60534457;-0,93196350
22,61034457;-0,93196350
22,61534457;-0,46598175
22,62034457;-0,93196350
22,62534457;-0,93196350
22,63034457;-0,46598175
22,63534457;0,00000000
22,64034457;-0,46598175
22,64534457;-0,93196350
22,65034457;-0,46598175
22,65534457;-0,46598175
22,66034457;-1,39948320
22,66534457;-1,39948320
22,67034457;-2,33298445
22,67534457;-1,86546493
22,68034457;-1,39948320
22,68534457;-1,86546493
22,69034457;-1,39948320
22,69534457;-1,86546493
22,70034457;0,00000000
22,70534457;0,00000000
22,71034457;0,46598175
22,71534457;0,93196350
22,72034457;1,86546493
22,72534457;2,33298445
22,73034457;2,79896641
22,73534457;-2,33298445
22,74034457;3,73246789
22,74534457;3,73246789
22,75034457;3,73246789
22,75534457;3,73246789
22,76034457;3,26648593
22,76534457;2,79896641
22,77034457;3,26648593
22,77534457;2,79896641
22,78034457;1,39948320
22,78534457;1,39948320
22,79034457;0,46598175
22,79534457;0,46598175
22,80034457;-0,46598175
22,80534457;-0,46598175
22,81034457;-0,93196350
22,81534457;-1,39948320
22,82034457;-1,86546493
22,82534457;-1,39948320
22,83034457;-1,86546493
22,83534457;-1,39948320
22,84034457;-2,33298445
22,84534457;-3,26648593
22,85034457;-5,13348866
22,85534457;-3,73246789
22,86034457;-3,73246789
22,86534457;-6,06699038
22,87034457;-3,73246789
22,87534457;-3,73246789
22,88034457;-3,26648593
22,88534457;-3,26648593
22,89034457;-3,26648593
22,89534457;-3,26648593
22,90034457;-1,86546493
22,90534457;-2,33298445
22,91034457;-1,86546493
22,91534457;-0,93196350
22,92034457;-1,39948320
22,92534456;-1,86546493
22,93034456;-1,86546493
22,93534456;-1,86546493
22,94034456;-1,39948320
22,94534456;-1,86546493
22,95034456;-2,79896641
22,95534456;-3,26648593
22,96034456;-3,73246789
22,96534456;-3,26648593
22,97034456;-4,19998741
22,97534456;-4,19998741
22,98034456;-4,19998741
22,98534456;-1,86546493
22,99034456;-5,13348866
22,99534456;-4,66596889
23,00034456;-4,19998741
23,00534456;-5,59947062
23,01034456;-5,13348866
23,01534456;-4,19998741
23,02034456;-6,06699038
23,02534456;-4,66596889
23,03034456;-5,59947062
23,03534456;-5,13348866
23,04034456;-5,13348866
23,04534456;-6,06699038
23,05034456;-5,13348866
23,05534456;-5,59947062
23,06034456;-5,13348866
23,06534456;-6,06699038
23,07034456;-4,66596889
23,07534456;-7,00049162
23,08034456;-5,59947062
23,08534456;-7,00049162
23,09034456;-7,00049162
23,09534456;-8,86749458
23,10034456;-8,39997482
23,10534456;-8,39997482
23,11034456;-8,39997482
23,11534456;-9,33347607
23,12034456;-10,26697731
23,12534456;-10,26697731
23,13034456;-10,26697731
23,13534456;-11,20047951
23,14034456;-11,20047951
23,14534456;-11,20047951
23,15034456;-11,66799831
23,15534456;-12,13398075
23,16034456;-12,13398075
23,16534456;-11,66799831
23,17034456;-11,66799831
23,17534456;-11,20047951
23,18034456;-11,20047951
23,18534456;-9,80099583
23,19034456;-7,46647358
23,19534456;-6,53297186
23,20034456;-5,59947062
23,20534456;-4,19998741
23,21034456;-3,26648593
23,21534456;-3,73246789
23,22034456;-0,93196350
23,22534456;0,00000000
23,23034456;-0,93196350
23,23534456;0,46598175
23,24034456;0,46598175
23,24534456;-1,39948320
23,25034456;-0,46598175
23,25534456;-2,79896641
23,26034456;-2,79896641
23,26534456;-3,26648593
23,27034456;-4,19998741
23,27534456;-5,13348866
23,28034456;-5,59947062
23,28534456;-5,59947062
23,29034456;-5,59947062
23,29534456;-5,59947062
23,30034456;-5,13348866
23,30534456;-5,13348866
23,31034456;-4,66596889
23,31534456;-4,19998741
23,32034455;-3,73246789
23,32534455;-4,66596889
23,33034455;-3,26648593
23,33534455;-2,79896641
23,34034455;-2,79896641
23,34534455;-2,33298445
23,35034455;-1,39948320
23,35534455;-1,86546493
23,36034455;0,00000000
23,36534455;0,00000000
23,37034455;0,00000000
23,37534455;0,93196350
23,38034455;0,93196350
23,38534455;0,93196350
23,39034455;1,39948320
23,39534455;1,86546493
23,40034455;1,86546493
23,40534455;2,33298445
23,41034455;1,86546493
23,41534455;0,93196350
23,42034455;1,86546493
23,42534455;1,39948320
23,43034455;1,86546493
23,43534455;1,86546493
23,44034455;2,33298445
23,44534455;2,33298445
23,45034455;2,33298445
23,45534455;1,86546493
23,46034455;3,26648593
23,46534455;3,26648593
23,47034455;3,26648593
23,47534455;2,79896641
23,48034455;3,73246789
23,48534455;3,73246789
23,49034455;3,73246789
23,49534455;4,66596889
23,50034455;5,59947062
23,50534455;5,59947062
23,51034455;5,59947062
23,51534455;5,59947062
23,52034455;5,59947062
23,52534455;4,66596889
23,53034455;5,13348866
23,53534455;5,13348866
23,54034455;4,66596889
23,54534455;5,13348866
23,55034455;3,26648593
23,55534455;3,26648593
23,56034455;3,26648593
23,56534455;1,86546493
23,57034455;2,33298445
23,57534455;1,86546493
23,58034455;1,39948320
23,58534455;1,86546493
23,59034455;0,00000000
23,59534455;0,46598175
23,60034455;0,93196350
23,60534455;0,46598175
23,61034455;-0,46598175
23,61534455;-0,46598175
23,62034455;-0,46598175
23,62534455;-0,93196350
23,63034455;-0,93196350
23,63534455;-0,93196350
23,64034455;-0,93196350
23,64534455;-1,39948320
23,65034455;-1,39948320
23,65534455;-1,39948320
23,66034455;-0,46598175
23,66534455;0,46598175
23,67034455;-1,39948320
23,67534455;0,00000000
23,68034455;0,00000000
23,68534455;0,00000000
23,69034455;0,00000000
23,69534455;0,00000000
23,70034455;-0,46598175
23,70534455;-0,93196350
23,71034455;-1,39948320
23,71534454;-2,33298445
23,72034454;-1,86546493
23,72534454;-2,33298445
23,73034454;-2,79896641
23,73534454;-2,33298445
23,74034454;-2,79896641
23,74534454;-3,26648593
23,75034454;-3,73246789
23,75534454;-3,73246789
23,76034454;-4,19998741
23,76534454;-3,73246789
23,77034454;-4,19998741
23,77534454;-3,26648593
23,78034454;-3,73246789
23,78534454;-2,33298445
23,79034454;-3,26648593
23,79534454;-2,79896641
23,80034454;-2,79896641
23,80534454;-1,86546493
23,81034454;-2,79896641
23,81534454;-3,26648593
23,82034454;-1,39948320
23,82534454;-1,86546493
23,83034454;-1,39948320
23,83534454;-1,86546493
23,84034454;-0,93196350
23,84534454;-1,86546493
23,85034454;-0,46598175
23,85534454;-1,39948320
23,86034454;0,00000000
23,86534454;0,46598175
23,87034454;0,00000000
23,87534454;0,00000000
23,88034454;0,46598175
23,88534454;0,00000000
23,89034454;0,46598175
23,89534454;0,93196350
23,90034454;0,93196350
23,90534454;0,00000000
23,91034454;0,46598175
23,91534454;1,39948320
23,92034454;0,00000000
23,92534454;0,46598175
23,93034454;0,93196350
23,93534454;-9,33347607
23,94034454;0,93196350
23,94534454;1,39948320
23,95034454;2,79896641
23,95534454;1,39948320
23,96034454;1,39948320
23,96534454;1,39948320
23,97034454;1,39948320
23,97534454;0,46598175
23,98034454;0,46598175
23,98534454;1,39948320
23,99034454;0,93196350
23,99534454;0,93196350
24,00034454;3,26648593
24,00534454;-0,93196350
24,01034454;-0,93196350
24,01534454;-0,46598175
24,02034454;-0,46598175
24,02534454;-0,46598175
24,03034454;-0,93196350
24,03534454;-1,86546493
24,04034454;-0,93196350
24,04534454;-0,93196350
24,05034454;-2,33298445
24,05534454;-1,39948320
24,06034454;-2,33298445
24,06534454;-2,33298445
24,07034454;-2,33298445
24,07534454;-2,33298445
24,08034454;-2,33298445
24,08534454;-2,33298445
24,09034454;-3,26648593
24,09534454;-1,86546493
24,10034454;-1,86546493
24,10534454;-3,26648593
24,11034454;-3,26648593
24,11534453;-3,73246789
24,12034453;-3,26648593
24,12534453;-2,79896641
24,13034453;-3,73246789
24,13534453;-3,73246789
24,14034453;-4,19998741
24,14534453;-3,73246789
24,15034453;-4,19998741
24,15534453;-4,66596889
24,16034453;-5,13348866
24,16534453;-5,59947062
24,17034453;-5,59947062
24,17534453;-7,00049162
24,18034453;-7,00049162
24,18534453;-7,00049162
24,19034453;-7,46647358
24,19534453;-7,46647358
24,20034453;-8,39997482
24,20534453;-8,39997482
24,21034453;-8,86749458
24,21534453;-8,86749458
24,22034453;-8,39997482
24,22534453;-9,33347607
24,23034453;-9,33347607
24,23534453;-9,80099583
24,24034453;-10,73449707
24,24534453;-8,86749458
24,25034453;-10,26697731
24,25534453;-12,13398075
24,26034453;-12,60150051
24,26534453;-13,53500175
24,27034453;-14,00098324
24,27534453;-14,93448448
24,28034453;-14,93448448
24,28534453;-15,86798668
24,29034453;-16,33396912
24,29534453;-17,26746941
24,30034453;-16,80148888
24,30534453;-16,80148888
24,31034453;-17,26746941
24,31534453;-15,86798668
24,32034453;-15,86798668
24,32534453;-14,00098324
24,33034453;-13,06748199
24,33534453;-11,66799831
24,34034453;-10,73449707
24,34534453;-9,33347607
24,35034453;-9,33347607
24,35534453;-9,33347607
24,36034453;-7,93399334
24,36534453;-8,39997482
24,37034453;-7,93399334
24,37534453;-7,93399334
24,38034453;-8,39997482
24,38534453;-9,33347607
24,39034453;-9,33347607
24,39534453;-9,80099583
24,40034453;-9,80099583
24,40534453;-10,73449707
24,41034453;-10,26697731
24,41534453;-11,66799831
24,42034453;-10,26697731
24,42534453;-9,33347607
24,43034453;-9,33347607
24,43534453;-9,33347607
24,44034453;-8,39997482
24,44534453;-8,39997482
24,45034453;-8,39997482
24,45534453;-9,33347607
24,46034453;-7,93399334
24,46534453;-7,46647358
24,47034453;-7,46647358
24,47534453;-7,00049162
24,48034453;-7,00049162
24,48534453;-6,53297186
24,49034453;-6,06699038
24,49534453;-5,59947062
24,50034453;-5,13348866
24,50534453;-4,19998741
24,51034452;-4,66596889
24,51534452;-4,19998741
24,52034452;-6,06699038
24,52534452;-5,59947062
24,53034452;-5,13348866
24,53534452;-6,53297186
24,54034452;-6,53297186
24,54534452;-6,06699038
24,55034452;-8,39997482
24,55534452;-4,19998741
24,56034452;-7,93399334
24,56534452;-7,46647358
24,57034452;-7,46647358
24,57534452;-7,46647358
24,58034452;-5,59947062
24,58534452;-5,13348866
24,59034452;-6,53297186
24,59534452;-5,13348866
24,60034452;-3,73246789
24,60534452;-3,73246789
24,61034452;-3,26648593
24,61534452;-4,66596889
24,62034452;-3,26648593
24,62534452;-2,33298445
24,63034452;-1,86546493
24,63534452;-1,39948320
24,64034452;-2,33298445
24,64534452;-0,46598175
24,65034452;-1,86546493
24,65534452;-2,33298445
24,66034452;-2,33298445
24,66534452;-2,79896641
24,67034452;-2,79896641
24,67534452;-3,73246789
24,68034452;-2,79896641
24,68534452;-3,73246789
24,69034452;-3,73246789
24,69534452;-4,19998741
24,70034452;-4,66596889
24,70534452;-5,13348866
24,71034452;-5,59947062
24,71534452;-5,13348866
24,72034452;-6,06699038
24,72534452;-6,06699038
24,73034452;-6,53297186
24,73534452;-7,00049162
24,74034452;-7,93399334
24,74534452;-8,86749458
24,75034452;-8,86749458
24,75534452;-9,80099583
24,76034452;-9,80099583
24,76534452;-9,33347607
24,77034452;-9,80099583
24,77534452;-9,33347607
24,78034452;-9,33347607
24,78534452;-9,80099583
24,79034452;-9,80099583
24,79534452;-7,93399334
24,80034452;-8,86749458
24,80534452;-8,39997482
24,81034452;-8,39997482
24,81534452;-8,39997482
24,82034452;-7,46647358
24,82534452;-7,00049162
24,83034452;-7,00049162
24,83534452;-7,93399334
24,84034452;-8,39997482
24,84534452;-8,39997482
24,85034452;-8,39997482
24,85534452;-8,86749458
24,86034452;-9,33347607
24,86534452;-9,33347607
24,87034452;-10,73449707
24,87534452;-9,80099583
24,88034452;-9,80099583
24,88534452;-9,33347607
24,89034452;-9,80099583
24,89534452;-8,86749458
24,90034452;-8,86749458
24,90534451;-8,39997482
24,91034451;-8,39997482
24,91534451;-7,46647358
24,92034451;-7,93399334
24,92534451;-7,93399334
24,93034451;-9,80099583
24,93534451;-7,46647358
24,94034451;-7,93399334
24,94534451;-8,86749458
24,95034451;-8,39997482
24,95534451;-8,86749458
24,96034451;-8,39997482
24,96534451;-9,33347607
24,97034451;-9,33347607
24,97534451;-10,26697731
24,98034451;-10,26697731
24,98534451;-10,26697731
24,99034451;-10,73449707
24,99534451;-9,80099583
25,00034451;-10,26697731
25,00534451;-10,26697731
