Zeit;Kanal A
(ms);(mV)

-25,00678477;0,00000000
-25,00178477;0,46598175
-24,99678477;-0,46598175
-24,99178477;0,93196350
-24,98678477;-0,46598175
-24,98178477;-0,46598175
-24,97678477;0,00000000
-24,97178477;0,00000000
-24,96678477;0,46598175
-24,96178477;1,39948320
-24,95678477;-0,93196350
-24,95178477;0,93196350
-24,94678477;-0,93196350
-24,94178477;0,00000000
-24,93678477;0,46598175
-24,93178477;-0,93196350
-24,92678477;-0,93196350
-24,92178477;0,93196350
-24,91678477;0,00000000
-24,91178477;-0,46598175
-24,90678477;0,46598175
-24,90178477;0,00000000
-24,89678477;0,00000000
-24,89178477;0,00000000
-24,88678477;-0,46598175
-24,88178477;0,00000000
-24,87678477;0,46598175
-24,87178477;0,00000000
-24,86678477;-0,93196350
-24,86178477;0,46598175
-24,85678477;0,00000000
-24,85178477;0,00000000
-24,84678477;0,00000000
-24,84178477;0,00000000
-24,83678477;-1,86546493
-24,83178477;-0,46598175
-24,82678477;0,00000000
-24,82178477;-0,46598175
-24,81678477;0,46598175
-24,81178477;-0,46598175
-24,80678477;-0,93196350
-24,80178477;0,00000000
-24,79678477;-0,46598175
-24,79178477;0,46598175
-24,78678477;0,46598175
-24,78178477;0,00000000
-24,77678477;0,00000000
-24,77178477;0,93196350
-24,76678477;0,46598175
-24,76178477;0,00000000
-24,75678477;0,00000000
-24,75178477;-0,93196350
-24,74678477;1,86546493
-24,74178477;0,46598175
-24,73678477;0,46598175
-24,73178477;-1,39948320
-24,72678477;0,00000000
-24,72178477;0,00000000
-24,71678477;0,00000000
-24,71178477;0,46598175
-24,70678477;0,46598175
-24,70178477;-0,46598175
-24,69678477;-0,46598175
-24,69178477;0,46598175
-24,68678477;0,93196350
-24,68178477;0,00000000
-24,67678477;0,93196350
-24,67178477;-0,46598175
-24,66678477;1,86546493
-24,66178477;0,46598175
-24,65678477;0,46598175
-24,65178477;0,00000000
-24,64678478;0,46598175
-24,64178478;0,46598175
-24,63678478;0,00000000
-24,63178478;-0,46598175
-24,62678478;0,00000000
-24,62178478;0,00000000
-24,61678478;0,46598175
-24,61178478;0,00000000
-24,60678478;-0,46598175
-24,60178478;0,00000000
-24,59678478;0,00000000
-24,59178478;-0,46598175
-24,58678478;0,00000000
-24,58178478;0,00000000
-24,57678478;0,00000000
-24,57178478;0,46598175
-24,56678478;0,00000000
-24,56178478;0,00000000
-24,55678478;-0,46598175
-24,55178478;0,00000000
-24,54678478;-1,86546493
-24,54178478;0,46598175
-24,53678478;0,46598175
-24,53178478;0,46598175
-24,52678478;0,93196350
-24,52178478;0,00000000
-24,51678478;0,46598175
-24,51178478;0,00000000
-24,50678478;0,46598175
-24,50178478;0,93196350
-24,49678478;0,46598175
-24,49178478;0,00000000
-24,48678478;0,00000000
-24,48178478;0,93196350
-24,47678478;0,46598175
-24,47178478;0,00000000
-24,46678478;0,00000000
-24,46178478;0,46598175
-24,45678478;-0,93196350
-24,45178478;0,00000000
-24,44678478;0,00000000
-24,44178478;0,46598175
-24,43678478;0,00000000
-24,43178478;0,00000000
-24,42678478;-0,46598175
-24,42178478;0,46598175
-24,41678478;-0,46598175
-24,41178478;1,39948320
-24,40678478;0,46598175
-24,40178478;0,93196350
-24,39678478;0,00000000
-24,39178478;0,93196350
-24,38678478;0,00000000
-24,38178478;-1,86546493
-24,37678478;0,46598175
-24,37178478;0,46598175
-24,36678478;0,00000000
-24,36178478;0,00000000
-24,35678478;0,00000000
-24,35178478;0,00000000
-24,34678478;0,00000000
-24,34178478;0,00000000
-24,33678478;0,00000000
-24,33178478;0,46598175
-24,32678478;0,46598175
-24,32178478;-0,46598175
-24,31678478;0,00000000
-24,31178478;0,93196350
-24,30678478;-0,46598175
-24,30178478;0,00000000
-24,29678478;0,00000000
-24,29178478;0,93196350
-24,28678478;0,46598175
-24,28178478;0,00000000
-24,27678478;0,93196350
-24,27178478;-0,46598175
-24,26678478;-0,46598175
-24,26178478;0,00000000
-24,25678478;-0,46598175
-24,25178479;0,00000000
-24,24678479;-0,93196350
-24,24178479;0,46598175
-24,23678479;0,46598175
-24,23178479;0,00000000
-24,22678479;1,39948320
-24,22178479;0,93196350
-24,21678479;0,00000000
-24,21178479;0,00000000
-24,20678479;0,93196350
-24,20178479;0,00000000
-24,19678479;0,00000000
-24,19178479;0,46598175
-24,18678479;-0,46598175
-24,18178479;0,00000000
-24,17678479;0,46598175
-24,17178479;0,00000000
-24,16678479;0,00000000
-24,16178479;0,46598175
-24,15678479;0,46598175
-24,15178479;0,46598175
-24,14678479;0,46598175
-24,14178479;0,00000000
-24,13678479;0,46598175
-24,13178479;-0,93196350
-24,12678479;-0,46598175
-24,12178479;0,00000000
-24,11678479;-0,46598175
-24,11178479;0,00000000
-24,10678479;0,00000000
-24,10178479;0,93196350
-24,09678479;0,46598175
-24,09178479;-0,93196350
-24,08678479;0,46598175
-24,08178479;0,46598175
-24,07678479;0,00000000
-24,07178479;0,46598175
-24,06678479;-0,46598175
-24,06178479;0,46598175
-24,05678479;0,00000000
-24,05178479;0,46598175
-24,04678479;0,00000000
-24,04178479;0,46598175
-24,03678479;0,00000000
-24,03178479;0,46598175
-24,02678479;-0,93196350
-24,02178479;0,46598175
-24,01678479;0,46598175
-24,01178479;0,00000000
-24,00678479;0,46598175
-24,00178479;0,00000000
-23,99678479;0,00000000
-23,99178479;0,46598175
-23,98678479;0,93196350
-23,98178479;-0,46598175
-23,97678479;-0,46598175
-23,97178479;0,00000000
-23,96678479;0,46598175
-23,96178479;-0,46598175
-23,95678479;-0,93196350
-23,95178479;0,46598175
-23,94678479;-0,46598175
-23,94178479;0,00000000
-23,93678479;0,00000000
-23,93178479;0,93196350
-23,92678479;0,00000000
-23,92178479;0,00000000
-23,91678479;-0,46598175
-23,91178479;0,00000000
-23,90678479;0,46598175
-23,90178479;0,00000000
-23,89678479;0,00000000
-23,89178479;0,46598175
-23,88678479;0,00000000
-23,88178479;0,46598175
-23,87678479;0,46598175
-23,87178479;0,93196350
-23,86678479;0,00000000
-23,86178479;0,00000000
-23,85678480;0,00000000
-23,85178480;0,00000000
-23,84678480;0,00000000
-23,84178480;0,00000000
-23,83678480;0,46598175
-23,83178480;-0,46598175
-23,82678480;-0,93196350
-23,82178480;0,00000000
-23,81678480;-0,46598175
-23,81178480;0,46598175
-23,80678480;-0,46598175
-23,80178480;0,00000000
-23,79678480;0,46598175
-23,79178480;0,00000000
-23,78678480;0,00000000
-23,78178480;-0,46598175
-23,77678480;0,46598175
-23,77178480;0,00000000
-23,76678480;0,00000000
-23,76178480;0,00000000
-23,75678480;0,00000000
-23,75178480;0,93196350
-23,74678480;-0,46598175
-23,74178480;0,93196350
-23,73678480;0,46598175
-23,73178480;-0,46598175
-23,72678480;0,46598175
-23,72178480;0,00000000
-23,71678480;0,93196350
-23,71178480;-0,46598175
-23,70678480;-0,93196350
-23,70178480;0,93196350
-23,69678480;0,00000000
-23,69178480;-0,46598175
-23,68678480;-0,46598175
-23,68178480;0,46598175
-23,67678480;0,46598175
-23,67178480;0,00000000
-23,66678480;0,46598175
-23,66178480;-0,46598175
-23,65678480;0,00000000
-23,65178480;0,46598175
-23,64678480;0,46598175
-23,64178480;-0,93196350
-23,63678480;0,46598175
-23,63178480;0,46598175
-23,62678480;-0,93196350
-23,62178480;0,46598175
-23,61678480;-0,93196350
-23,61178480;-0,46598175
-23,60678480;-1,39948320
-23,60178480;0,93196350
-23,59678480;0,46598175
-23,59178480;0,00000000
-23,58678480;0,00000000
-23,58178480;0,00000000
-23,57678480;0,93196350
-23,57178480;-0,46598175
-23,56678480;0,00000000
-23,56178480;0,46598175
-23,55678480;-0,46598175
-23,55178480;0,46598175
-23,54678480;0,00000000
-23,54178480;0,46598175
-23,53678480;-0,46598175
-23,53178480;0,00000000
-23,52678480;0,00000000
-23,52178480;0,00000000
-23,51678480;0,46598175
-23,51178480;0,46598175
-23,50678480;0,00000000
-23,50178480;0,46598175
-23,49678480;-0,46598175
-23,49178480;0,46598175
-23,48678480;0,93196350
-23,48178480;-0,46598175
-23,47678480;-0,93196350
-23,47178480;1,39948320
-23,46678480;0,00000000
-23,46178481;0,00000000
-23,45678481;0,00000000
-23,45178481;0,46598175
-23,44678481;0,00000000
-23,44178481;-0,93196350
-23,43678481;0,46598175
-23,43178481;-0,46598175
-23,42678481;-0,46598175
-23,42178481;0,46598175
-23,41678481;0,46598175
-23,41178481;0,00000000
-23,40678481;0,00000000
-23,40178481;-0,46598175
-23,39678481;0,00000000
-23,39178481;0,46598175
-23,38678481;-0,46598175
-23,38178481;0,46598175
-23,37678481;0,00000000
-23,37178481;0,00000000
-23,36678481;0,00000000
-23,36178481;0,00000000
-23,35678481;0,46598175
-23,35178481;-0,46598175
-23,34678481;2,33298445
-23,34178481;0,00000000
-23,33678481;0,00000000
-23,33178481;0,00000000
-23,32678481;-0,46598175
-23,32178481;-0,46598175
-23,31678481;0,93196350
-23,31178481;0,46598175
-23,30678481;0,00000000
-23,30178481;0,00000000
-23,29678481;0,46598175
-23,29178481;0,93196350
-23,28678481;0,00000000
-23,28178481;0,00000000
-23,27678481;-0,93196350
-23,27178481;0,00000000
-23,26678481;0,00000000
-23,26178481;0,46598175
-23,25678481;0,46598175
-23,25178481;0,00000000
-23,24678481;-0,93196350
-23,24178481;0,00000000
-23,23678481;0,46598175
-23,23178481;0,46598175
-23,22678481;0,46598175
-23,22178481;0,46598175
-23,21678481;-0,46598175
-23,21178481;0,93196350
-23,20678481;-0,93196350
-23,20178481;0,00000000
-23,19678481;-0,46598175
-23,19178481;-0,46598175
-23,18678481;0,00000000
-23,18178481;0,46598175
-23,17678481;0,00000000
-23,17178481;0,00000000
-23,16678481;0,00000000
-23,16178481;0,00000000
-23,15678481;0,93196350
-23,15178481;0,00000000
-23,14678481;1,39948320
-23,14178481;0,46598175
-23,13678481;0,00000000
-23,13178481;0,93196350
-23,12678481;0,00000000
-23,12178481;0,46598175
-23,11678481;0,00000000
-23,11178481;0,93196350
-23,10678481;0,00000000
-23,10178481;0,46598175
-23,09678481;0,00000000
-23,09178481;0,46598175
-23,08678481;0,00000000
-23,08178481;0,46598175
-23,07678481;-0,93196350
-23,07178481;0,00000000
-23,06678481;0,00000000
-23,06178482;0,00000000
-23,05678482;-0,93196350
-23,05178482;-0,46598175
-23,04678482;0,00000000
-23,04178482;2,79896641
-23,03678482;0,46598175
-23,03178482;0,46598175
-23,02678482;0,00000000
-23,02178482;0,46598175
-23,01678482;0,00000000
-23,01178482;-0,46598175
-23,00678482;-0,46598175
-23,00178482;-2,33298445
-22,99678482;0,46598175
-22,99178482;0,93196350
-22,98678482;-0,46598175
-22,98178482;0,93196350
-22,97678482;0,93196350
-22,97178482;0,46598175
-22,96678482;0,46598175
-22,96178482;1,86546493
-22,95678482;0,46598175
-22,95178482;0,00000000
-22,94678482;0,46598175
-22,94178482;0,46598175
-22,93678482;0,93196350
-22,93178482;0,93196350
-22,92678482;3,73246789
-22,92178482;2,33298445
-22,91678482;-0,46598175
-22,91178482;0,46598175
-22,90678482;-0,93196350
-22,90178482;-0,46598175
-22,89678482;0,46598175
-22,89178482;0,93196350
-22,88678482;0,46598175
-22,88178482;1,39948320
-22,87678482;0,00000000
-22,87178482;0,46598175
-22,86678482;0,00000000
-22,86178482;0,46598175
-22,85678482;0,00000000
-22,85178482;0,00000000
-22,84678482;0,00000000
-22,84178482;0,93196350
-22,83678482;0,46598175
-22,83178482;0,46598175
-22,82678482;0,00000000
-22,82178482;0,00000000
-22,81678482;0,00000000
-22,81178482;0,00000000
-22,80678482;-0,46598175
-22,80178482;0,46598175
-22,79678482;0,00000000
-22,79178482;0,00000000
-22,78678482;0,00000000
-22,78178482;0,46598175
-22,77678482;0,46598175
-22,77178482;0,00000000
-22,76678482;0,46598175
-22,76178482;-0,93196350
-22,75678482;0,93196350
-22,75178482;0,00000000
-22,74678482;0,46598175
-22,74178482;0,00000000
-22,73678482;0,46598175
-22,73178482;0,00000000
-22,72678482;0,00000000
-22,72178482;1,39948320
-22,71678482;0,46598175
-22,71178482;-0,46598175
-22,70678482;0,00000000
-22,70178482;0,93196350
-22,69678482;0,00000000
-22,69178482;0,46598175
-22,68678482;0,00000000
-22,68178482;0,00000000
-22,67678482;0,46598175
-22,67178482;0,00000000
-22,66678483;-0,46598175
-22,66178483;-1,39948320
-22,65678483;0,00000000
-22,65178483;-0,93196350
-22,64678483;0,46598175
-22,64178483;-0,46598175
-22,63678483;0,00000000
-22,63178483;0,93196350
-22,62678483;0,00000000
-22,62178483;0,00000000
-22,61678483;0,00000000
-22,61178483;0,46598175
-22,60678483;-0,93196350
-22,60178483;0,46598175
-22,59678483;0,00000000
-22,59178483;0,46598175
-22,58678483;0,93196350
-22,58178483;0,46598175
-22,57678483;0,46598175
-22,57178483;0,00000000
-22,56678483;0,46598175
-22,56178483;0,46598175
-22,55678483;0,00000000
-22,55178483;0,46598175
-22,54678483;0,00000000
-22,54178483;0,46598175
-22,53678483;0,00000000
-22,53178483;-1,39948320
-22,52678483;0,46598175
-22,52178483;0,46598175
-22,51678483;0,00000000
-22,51178483;0,00000000
-22,50678483;0,00000000
-22,50178483;0,00000000
-22,49678483;0,46598175
-22,49178483;0,00000000
-22,48678483;0,00000000
-22,48178483;-0,46598175
-22,47678483;0,00000000
-22,47178483;0,46598175
-22,46678483;0,00000000
-22,46178483;0,46598175
-22,45678483;0,46598175
-22,45178483;0,00000000
-22,44678483;0,00000000
-22,44178483;0,00000000
-22,43678483;0,00000000
-22,43178483;0,00000000
-22,42678483;0,00000000
-22,42178483;0,00000000
-22,41678483;0,00000000
-22,41178483;0,46598175
-22,40678483;-0,46598175
-22,40178483;0,00000000
-22,39678483;-0,46598175
-22,39178483;0,00000000
-22,38678483;0,00000000
-22,38178483;0,00000000
-22,37678483;0,00000000
-22,37178483;0,00000000
-22,36678483;0,00000000
-22,36178483;0,46598175
-22,35678483;0,00000000
-22,35178483;0,00000000
-22,34678483;0,46598175
-22,34178483;0,46598175
-22,33678483;0,46598175
-22,33178483;-0,93196350
-22,32678483;0,00000000
-22,32178483;0,00000000
-22,31678483;-0,93196350
-22,31178483;0,00000000
-22,30678483;0,00000000
-22,30178483;0,46598175
-22,29678483;0,00000000
-22,29178483;0,00000000
-22,28678483;-1,86546493
-22,28178483;0,00000000
-22,27678483;-0,46598175
-22,27178484;0,46598175
-22,26678484;0,00000000
-22,26178484;0,00000000
-22,25678484;0,46598175
-22,25178484;0,46598175
-22,24678484;0,00000000
-22,24178484;0,00000000
-22,23678484;0,00000000
-22,23178484;-0,93196350
-22,22678484;0,46598175
-22,22178484;0,46598175
-22,21678484;-0,46598175
-22,21178484;-1,39948320
-22,20678484;0,00000000
-22,20178484;0,46598175
-22,19678484;0,46598175
-22,19178484;0,46598175
-22,18678484;0,00000000
-22,18178484;0,00000000
-22,17678484;0,46598175
-22,17178484;0,46598175
-22,16678484;0,00000000
-22,16178484;0,00000000
-22,15678484;-0,46598175
-22,15178484;0,46598175
-22,14678484;0,93196350
-22,14178484;0,46598175
-22,13678484;0,00000000
-22,13178484;1,39948320
-22,12678484;0,00000000
-22,12178484;0,00000000
-22,11678484;0,93196350
-22,11178484;0,00000000
-22,10678484;0,00000000
-22,10178484;-0,46598175
-22,09678484;0,46598175
-22,09178484;0,46598175
-22,08678484;0,46598175
-22,08178484;0,00000000
-22,07678484;0,00000000
-22,07178484;0,00000000
-22,06678484;0,00000000
-22,06178484;-10,73449707
-22,05678484;0,00000000
-22,05178484;-0,93196350
-22,04678484;-0,93196350
-22,04178484;0,46598175
-22,03678484;0,00000000
-22,03178484;0,00000000
-22,02678484;0,00000000
-22,02178484;0,00000000
-22,01678484;0,00000000
-22,01178484;0,00000000
-22,00678484;0,00000000
-22,00178484;0,00000000
-21,99678484;0,00000000
-21,99178484;0,46598175
-21,98678484;0,46598175
-21,98178484;0,46598175
-21,97678484;0,46598175
-21,97178484;0,46598175
-21,96678484;0,00000000
-21,96178484;0,00000000
-21,95678484;0,00000000
-21,95178484;0,46598175
-21,94678484;-0,93196350
-21,94178484;-1,39948320
-21,93678484;0,00000000
-21,93178484;0,46598175
-21,92678484;0,00000000
-21,92178484;0,00000000
-21,91678484;-0,93196350
-21,91178484;0,00000000
-21,90678484;0,00000000
-21,90178484;0,00000000
-21,89678484;0,00000000
-21,89178484;0,46598175
-21,88678484;0,46598175
-21,88178484;0,00000000
-21,87678485;0,93196350
-21,87178485;0,46598175
-21,86678485;0,46598175
-21,86178485;0,46598175
-21,85678485;-0,93196350
-21,85178485;0,00000000
-21,84678485;-0,46598175
-21,84178485;0,46598175
-21,83678485;0,00000000
-21,83178485;0,46598175
-21,82678485;0,00000000
-21,82178485;0,00000000
-21,81678485;0,00000000
-21,81178485;0,46598175
-21,80678485;-1,39948320
-21,80178485;0,46598175
-21,79678485;0,00000000
-21,79178485;0,46598175
-21,78678485;0,46598175
-21,78178485;0,46598175
-21,77678485;0,46598175
-21,77178485;0,46598175
-21,76678485;0,00000000
-21,76178485;0,00000000
-21,75678485;0,46598175
-21,75178485;0,00000000
-21,74678485;0,00000000
-21,74178485;0,46598175
-21,73678485;0,00000000
-21,73178485;1,39948320
-21,72678485;-0,93196350
-21,72178485;0,46598175
-21,71678485;0,00000000
-21,71178485;0,00000000
-21,70678485;0,00000000
-21,70178485;0,00000000
-21,69678485;0,46598175
-21,69178485;0,46598175
-21,68678485;0,00000000
-21,68178485;0,46598175
-21,67678485;0,00000000
-21,67178485;0,00000000
-21,66678485;0,00000000
-21,66178485;0,00000000
-21,65678485;0,00000000
-21,65178485;0,00000000
-21,64678485;0,46598175
-21,64178485;0,46598175
-21,63678485;0,46598175
-21,63178485;0,46598175
-21,62678485;0,46598175
-21,62178485;0,46598175
-21,61678485;0,00000000
-21,61178485;-2,33298445
-21,60678485;0,00000000
-21,60178485;0,46598175
-21,59678485;0,00000000
-21,59178485;0,00000000
-21,58678485;0,00000000
-21,58178485;0,46598175
-21,57678485;0,93196350
-21,57178485;0,00000000
-21,56678485;0,46598175
-21,56178485;0,46598175
-21,55678485;-0,46598175
-21,55178485;0,46598175
-21,54678485;0,00000000
-21,54178485;0,00000000
-21,53678485;1,86546493
-21,53178485;0,93196350
-21,52678485;0,46598175
-21,52178485;0,46598175
-21,51678485;-0,46598175
-21,51178485;0,46598175
-21,50678485;0,00000000
-21,50178485;0,46598175
-21,49678485;0,00000000
-21,49178485;0,00000000
-21,48678485;0,00000000
-21,48178486;0,46598175
-21,47678486;0,46598175
-21,47178486;0,46598175
-21,46678486;0,00000000
-21,46178486;-0,46598175
-21,45678486;-0,93196350
-21,45178486;0,00000000
-21,44678486;-0,46598175
-21,44178486;0,00000000
-21,43678486;0,00000000
-21,43178486;0,46598175
-21,42678486;0,00000000
-21,42178486;0,46598175
-21,41678486;0,00000000
-21,41178486;0,46598175
-21,40678486;0,00000000
-21,40178486;0,93196350
-21,39678486;0,00000000
-21,39178486;-0,46598175
-21,38678486;0,00000000
-21,38178486;0,46598175
-21,37678486;0,00000000
-21,37178486;-0,46598175
-21,36678486;0,00000000
-21,36178486;0,46598175
-21,35678486;0,46598175
-21,35178486;0,46598175
-21,34678486;0,46598175
-21,34178486;0,00000000
-21,33678486;0,46598175
-21,33178486;0,93196350
-21,32678486;0,00000000
-21,32178486;0,46598175
-21,31678486;0,46598175
-21,31178486;0,00000000
-21,30678486;0,00000000
-21,30178486;0,00000000
-21,29678486;0,00000000
-21,29178486;0,00000000
-21,28678486;0,46598175
-21,28178486;-0,46598175
-21,27678486;0,93196350
-21,27178486;0,46598175
-21,26678486;0,00000000
-21,26178486;0,46598175
-21,25678486;0,00000000
-21,25178486;0,00000000
-21,24678486;0,00000000
-21,24178486;0,00000000
-21,23678486;-0,46598175
-21,23178486;0,00000000
-21,22678486;0,00000000
-21,22178486;0,46598175
-21,21678486;0,00000000
-21,21178486;0,46598175
-21,20678486;0,46598175
-21,20178486;-0,46598175
-21,19678486;0,93196350
-21,19178486;0,46598175
-21,18678486;0,46598175
-21,18178486;-0,46598175
-21,17678486;0,93196350
-21,17178486;0,00000000
-21,16678486;0,46598175
-21,16178486;1,86546493
-21,15678486;-0,93196350
-21,15178486;0,46598175
-21,14678486;0,46598175
-21,14178486;0,00000000
-21,13678486;-0,46598175
-21,13178486;-1,39948320
-21,12678486;0,93196350
-21,12178486;0,46598175
-21,11678486;0,93196350
-21,11178486;0,00000000
-21,10678486;0,46598175
-21,10178486;0,46598175
-21,09678486;-0,46598175
-21,09178486;0,46598175
-21,08678487;0,46598175
-21,08178487;-0,46598175
-21,07678487;0,00000000
-21,07178487;0,00000000
-21,06678487;-0,93196350
-21,06178487;0,46598175
-21,05678487;0,00000000
-21,05178487;-0,46598175
-21,04678487;-1,39948320
-21,04178487;-0,46598175
-21,03678487;0,00000000
-21,03178487;0,93196350
-21,02678487;0,46598175
-21,02178487;0,46598175
-21,01678487;0,46598175
-21,01178487;0,46598175
-21,00678487;0,00000000
-21,00178487;-0,46598175
-20,99678487;0,46598175
-20,99178487;-0,46598175
-20,98678487;0,00000000
-20,98178487;0,46598175
-20,97678487;0,46598175
-20,97178487;0,00000000
-20,96678487;0,00000000
-20,96178487;0,00000000
-20,95678487;0,00000000
-20,95178487;-0,46598175
-20,94678487;0,46598175
-20,94178487;0,46598175
-20,93678487;0,00000000
-20,93178487;-0,46598175
-20,92678487;0,46598175
-20,92178487;0,46598175
-20,91678487;-0,93196350
-20,91178487;0,46598175
-20,90678487;0,00000000
-20,90178487;-0,46598175
-20,89678487;0,00000000
-20,89178487;0,93196350
-20,88678487;0,46598175
-20,88178487;-0,46598175
-20,87678487;0,00000000
-20,87178487;0,00000000
-20,86678487;0,00000000
-20,86178487;0,93196350
-20,85678487;0,46598175
-20,85178487;0,00000000
-20,84678487;-0,46598175
-20,84178487;0,46598175
-20,83678487;0,46598175
-20,83178487;0,46598175
-20,82678487;-0,46598175
-20,82178487;0,46598175
-20,81678487;-0,46598175
-20,81178487;0,93196350
-20,80678487;0,46598175
-20,80178487;0,00000000
-20,79678487;-0,93196350
-20,79178487;0,46598175
-20,78678487;0,00000000
-20,78178487;0,46598175
-20,77678487;0,46598175
-20,77178487;0,93196350
-20,76678487;0,00000000
-20,76178487;-0,46598175
-20,75678487;0,93196350
-20,75178487;0,93196350
-20,74678487;-0,46598175
-20,74178487;0,00000000
-20,73678487;0,46598175
-20,73178487;-0,93196350
-20,72678487;-0,46598175
-20,72178487;-5,59947062
-20,71678487;-1,39948320
-20,71178487;-0,46598175
-20,70678487;0,00000000
-20,70178487;-0,93196350
-20,69678487;-1,39948320
-20,69178487;0,46598175
-20,68678488;0,00000000
-20,68178488;0,46598175
-20,67678488;-0,46598175
-20,67178488;0,00000000
-20,66678488;0,46598175
-20,66178488;0,00000000
-20,65678488;0,00000000
-20,65178488;0,00000000
-20,64678488;0,46598175
-20,64178488;0,46598175
-20,63678488;-0,46598175
-20,63178488;1,39948320
-20,62678488;0,93196350
-20,62178488;0,00000000
-20,61678488;0,00000000
-20,61178488;-0,46598175
-20,60678488;0,46598175
-20,60178488;0,93196350
-20,59678488;0,00000000
-20,59178488;0,46598175
-20,58678488;0,00000000
-20,58178488;0,46598175
-20,57678488;-0,46598175
-20,57178488;0,46598175
-20,56678488;0,00000000
-20,56178488;0,46598175
-20,55678488;-0,46598175
-20,55178488;0,93196350
-20,54678488;0,00000000
-20,54178488;-0,46598175
-20,53678488;0,46598175
-20,53178488;0,00000000
-20,52678488;0,93196350
-20,52178488;0,00000000
-20,51678488;0,93196350
-20,51178488;0,00000000
-20,50678488;0,46598175
-20,50178488;-0,46598175
-20,49678488;0,46598175
-20,49178488;0,46598175
-20,48678488;0,46598175
-20,48178488;0,00000000
-20,47678488;0,00000000
-20,47178488;0,46598175
-20,46678488;0,46598175
-20,46178488;0,00000000
-20,45678488;0,00000000
-20,45178488;0,00000000
-20,44678488;-0,93196350
-20,44178488;-0,93196350
-20,43678488;-0,46598175
-20,43178488;0,46598175
-20,42678488;0,46598175
-20,42178488;-0,46598175
-20,41678488;0,46598175
-20,41178488;0,00000000
-20,40678488;0,00000000
-20,40178488;0,46598175
-20,39678488;0,46598175
-20,39178488;0,46598175
-20,38678488;0,00000000
-20,38178488;0,93196350
-20,37678488;0,00000000
-20,37178488;0,46598175
-20,36678488;-0,46598175
-20,36178488;0,46598175
-20,35678488;0,93196350
-20,35178488;0,46598175
-20,34678488;0,00000000
-20,34178488;0,00000000
-20,33678488;0,00000000
-20,33178488;-0,46598175
-20,32678488;0,00000000
-20,32178488;0,46598175
-20,31678488;-0,46598175
-20,31178488;0,93196350
-20,30678488;-0,46598175
-20,30178488;-0,93196350
-20,29678488;0,00000000
-20,29178489;0,00000000
-20,28678489;-0,46598175
-20,28178489;0,00000000
-20,27678489;0,46598175
-20,27178489;-0,46598175
-20,26678489;-0,93196350
-20,26178489;0,00000000
-20,25678489;-0,46598175
-20,25178489;0,46598175
-20,24678489;0,93196350
-20,24178489;-0,46598175
-20,23678489;0,46598175
-20,23178489;0,46598175
-20,22678489;0,00000000
-20,22178489;0,46598175
-20,21678489;-0,46598175
-20,21178489;0,00000000
-20,20678489;0,46598175
-20,20178489;-0,46598175
-20,19678489;1,39948320
-20,19178489;0,46598175
-20,18678489;-0,93196350
-20,18178489;-0,46598175
-20,17678489;0,46598175
-20,17178489;0,46598175
-20,16678489;0,46598175
-20,16178489;0,46598175
-20,15678489;0,46598175
-20,15178489;0,00000000
-20,14678489;-0,46598175
-20,14178489;0,00000000
-20,13678489;0,00000000
-20,13178489;0,00000000
-20,12678489;0,93196350
-20,12178489;0,46598175
-20,11678489;0,46598175
-20,11178489;0,46598175
-20,10678489;0,46598175
-20,10178489;0,46598175
-20,09678489;0,00000000
-20,09178489;0,46598175
-20,08678489;0,00000000
-20,08178489;-0,46598175
-20,07678489;0,00000000
-20,07178489;-1,86546493
-20,06678489;0,00000000
-20,06178489;0,93196350
-20,05678489;0,46598175
-20,05178489;0,00000000
-20,04678489;0,93196350
-20,04178489;0,00000000
-20,03678489;0,00000000
-20,03178489;-0,46598175
-20,02678489;-0,46598175
-20,02178489;0,46598175
-20,01678489;0,00000000
-20,01178489;0,46598175
-20,00678489;0,00000000
-20,00178489;0,46598175
-19,99678489;-0,46598175
-19,99178489;0,46598175
-19,98678489;0,00000000
-19,98178489;0,46598175
-19,97678489;0,00000000
-19,97178489;0,46598175
-19,96678489;0,93196350
-19,96178489;0,00000000
-19,95678489;0,46598175
-19,95178489;0,00000000
-19,94678489;0,00000000
-19,94178489;0,46598175
-19,93678489;0,00000000
-19,93178489;2,33298445
-19,92678489;0,93196350
-19,92178489;0,46598175
-19,91678489;-0,46598175
-19,91178489;0,93196350
-19,90678489;0,00000000
-19,90178489;0,93196350
-19,89678490;0,93196350
-19,89178490;-0,46598175
-19,88678490;0,00000000
-19,88178490;0,00000000
-19,87678490;0,00000000
-19,87178490;0,46598175
-19,86678490;0,46598175
-19,86178490;0,00000000
-19,85678490;0,93196350
-19,85178490;0,93196350
-19,84678490;0,46598175
-19,84178490;0,00000000
-19,83678490;0,00000000
-19,83178490;-0,46598175
-19,82678490;0,00000000
-19,82178490;0,46598175
-19,81678490;0,00000000
-19,81178490;-0,46598175
-19,80678490;-0,46598175
-19,80178490;0,46598175
-19,79678490;0,46598175
-19,79178490;0,00000000
-19,78678490;0,46598175
-19,78178490;0,00000000
-19,77678490;0,46598175
-19,77178490;0,46598175
-19,76678490;0,93196350
-19,76178490;0,46598175
-19,75678490;0,46598175
-19,75178490;0,00000000
-19,74678490;0,46598175
-19,74178490;0,00000000
-19,73678490;0,00000000
-19,73178490;-0,93196350
-19,72678490;0,46598175
-19,72178490;0,93196350
-19,71678490;0,00000000
-19,71178490;-0,93196350
-19,70678490;0,46598175
-19,70178490;-0,46598175
-19,69678490;0,00000000
-19,69178490;0,00000000
-19,68678490;-0,46598175
-19,68178490;0,46598175
-19,67678490;0,46598175
-19,67178490;0,46598175
-19,66678490;0,46598175
-19,66178490;0,00000000
-19,65678490;0,46598175
-19,65178490;0,46598175
-19,64678490;0,00000000
-19,64178490;0,00000000
-19,63678490;0,00000000
-19,63178490;-0,46598175
-19,62678490;0,00000000
-19,62178490;0,46598175
-19,61678490;-0,46598175
-19,61178490;0,00000000
-19,60678490;0,00000000
-19,60178490;0,46598175
-19,59678490;0,93196350
-19,59178490;0,00000000
-19,58678490;0,46598175
-19,58178490;0,46598175
-19,57678490;-0,93196350
-19,57178490;0,00000000
-19,56678490;0,46598175
-19,56178490;0,00000000
-19,55678490;0,00000000
-19,55178490;0,00000000
-19,54678490;0,46598175
-19,54178490;0,00000000
-19,53678490;0,46598175
-19,53178490;0,46598175
-19,52678490;0,46598175
-19,52178490;0,46598175
-19,51678490;1,39948320
-19,51178490;0,93196350
-19,50678490;-0,46598175
-19,50178491;1,39948320
-19,49678491;-0,46598175
-19,49178491;0,00000000
-19,48678491;0,00000000
-19,48178491;0,46598175
-19,47678491;0,46598175
-19,47178491;0,00000000
-19,46678491;0,93196350
-19,46178491;-0,46598175
-19,45678491;-0,46598175
-19,45178491;0,00000000
-19,44678491;0,00000000
-19,44178491;0,46598175
-19,43678491;0,93196350
-19,43178491;0,46598175
-19,42678491;0,93196350
-19,42178491;0,46598175
-19,41678491;0,93196350
-19,41178491;0,00000000
-19,40678491;0,00000000
-19,40178491;0,00000000
-19,39678491;0,00000000
-19,39178491;0,46598175
-19,38678491;0,00000000
-19,38178491;-0,46598175
-19,37678491;0,00000000
-19,37178491;0,00000000
-19,36678491;0,93196350
-19,36178491;0,93196350
-19,35678491;0,00000000
-19,35178491;0,00000000
-19,34678491;0,00000000
-19,34178491;0,93196350
-19,33678491;0,93196350
-19,33178491;0,93196350
-19,32678491;0,46598175
-19,32178491;0,00000000
-19,31678491;-0,46598175
-19,31178491;1,39948320
-19,30678491;0,00000000
-19,30178491;0,00000000
-19,29678491;0,00000000
-19,29178491;0,93196350
-19,28678491;0,93196350
-19,28178491;0,93196350
-19,27678491;-0,46598175
-19,27178491;0,93196350
-19,26678491;0,93196350
-19,26178491;0,00000000
-19,25678491;0,46598175
-19,25178491;0,46598175
-19,24678491;0,00000000
-19,24178491;0,46598175
-19,23678491;0,00000000
-19,23178491;-0,46598175
-19,22678491;0,46598175
-19,22178491;0,46598175
-19,21678491;1,39948320
-19,21178491;-0,46598175
-19,20678491;0,46598175
-19,20178491;-0,46598175
-19,19678491;0,00000000
-19,19178491;0,93196350
-19,18678491;0,93196350
-19,18178491;0,00000000
-19,17678491;-0,93196350
-19,17178491;0,46598175
-19,16678491;-0,46598175
-19,16178491;0,46598175
-19,15678491;0,00000000
-19,15178491;-0,93196350
-19,14678491;0,46598175
-19,14178491;0,00000000
-19,13678491;0,00000000
-19,13178491;0,46598175
-19,12678491;-0,46598175
-19,12178491;0,46598175
-19,11678491;0,46598175
-19,11178491;-0,46598175
-19,10678492;-0,46598175
-19,10178492;-0,93196350
-19,09678492;0,00000000
-19,09178492;0,46598175
-19,08678492;0,93196350
-19,08178492;0,46598175
-19,07678492;0,46598175
-19,07178492;0,46598175
-19,06678492;0,46598175
-19,06178492;-1,86546493
-19,05678492;0,46598175
-19,05178492;0,46598175
-19,04678492;0,00000000
-19,04178492;0,46598175
-19,03678492;0,46598175
-19,03178492;0,93196350
-19,02678492;0,00000000
-19,02178492;0,00000000
-19,01678492;0,00000000
-19,01178492;0,46598175
-19,00678492;-0,46598175
-19,00178492;0,00000000
-18,99678492;0,46598175
-18,99178492;0,46598175
-18,98678492;0,00000000
-18,98178492;0,46598175
-18,97678492;0,00000000
-18,97178492;0,93196350
-18,96678492;0,93196350
-18,96178492;0,46598175
-18,95678492;0,46598175
-18,95178492;0,46598175
-18,94678492;-0,93196350
-18,94178492;0,46598175
-18,93678492;0,93196350
-18,93178492;0,00000000
-18,92678492;0,93196350
-18,92178492;-0,93196350
-18,91678492;0,00000000
-18,91178492;0,46598175
-18,90678492;1,39948320
-18,90178492;0,46598175
-18,89678492;0,93196350
-18,89178492;0,00000000
-18,88678492;0,46598175
-18,88178492;0,46598175
-18,87678492;0,93196350
-18,87178492;0,46598175
-18,86678492;0,46598175
-18,86178492;0,46598175
-18,85678492;0,46598175
-18,85178492;-0,46598175
-18,84678492;-2,79896641
-18,84178492;0,00000000
-18,83678492;-1,86546493
-18,83178492;0,00000000
-18,82678492;0,00000000
-18,82178492;0,46598175
-18,81678492;0,93196350
-18,81178492;0,00000000
-18,80678492;-0,46598175
-18,80178492;0,46598175
-18,79678492;0,00000000
-18,79178492;-0,46598175
-18,78678492;-0,46598175
-18,78178492;0,46598175
-18,77678492;0,46598175
-18,77178492;0,93196350
-18,76678492;0,00000000
-18,76178492;0,00000000
-18,75678492;0,00000000
-18,75178492;-0,46598175
-18,74678492;0,46598175
-18,74178492;0,00000000
-18,73678492;-0,93196350
-18,73178492;0,46598175
-18,72678492;0,00000000
-18,72178492;0,00000000
-18,71678492;-0,93196350
-18,71178493;0,46598175
-18,70678493;0,00000000
-18,70178493;0,00000000
-18,69678493;0,00000000
-18,69178493;0,46598175
-18,68678493;0,93196350
-18,68178493;0,93196350
-18,67678493;0,46598175
-18,67178493;0,00000000
-18,66678493;0,46598175
-18,66178493;0,46598175
-18,65678493;0,93196350
-18,65178493;0,00000000
-18,64678493;0,46598175
-18,64178493;0,46598175
-18,63678493;0,00000000
-18,63178493;0,46598175
-18,62678493;0,00000000
-18,62178493;0,00000000
-18,61678493;0,00000000
-18,61178493;0,46598175
-18,60678493;0,46598175
-18,60178493;0,46598175
-18,59678493;0,46598175
-18,59178493;0,93196350
-18,58678493;0,00000000
-18,58178493;0,00000000
-18,57678493;0,46598175
-18,57178493;-1,39948320
-18,56678493;0,46598175
-18,56178493;0,46598175
-18,55678493;0,00000000
-18,55178493;0,46598175
-18,54678493;1,39948320
-18,54178493;0,00000000
-18,53678493;0,00000000
-18,53178493;0,46598175
-18,52678493;0,46598175
-18,52178493;0,00000000
-18,51678493;0,93196350
-18,51178493;0,00000000
-18,50678493;0,46598175
-18,50178493;-0,93196350
-18,49678493;0,46598175
-18,49178493;0,46598175
-18,48678493;0,93196350
-18,48178493;0,46598175
-18,47678493;0,46598175
-18,47178493;0,46598175
-18,46678493;0,93196350
-18,46178493;-0,93196350
-18,45678493;0,00000000
-18,45178493;0,00000000
-18,44678493;-0,46598175
-18,44178493;-0,46598175
-18,43678493;0,00000000
-18,43178493;0,00000000
-18,42678493;0,00000000
-18,42178493;0,00000000
-18,41678493;0,46598175
-18,41178493;0,46598175
-18,40678493;0,46598175
-18,40178493;0,00000000
-18,39678493;-0,46598175
-18,39178493;0,46598175
-18,38678493;0,46598175
-18,38178493;0,00000000
-18,37678493;1,39948320
-18,37178493;0,00000000
-18,36678493;-0,46598175
-18,36178493;0,46598175
-18,35678493;0,00000000
-18,35178493;-0,93196350
-18,34678493;0,00000000
-18,34178493;0,00000000
-18,33678493;0,00000000
-18,33178493;0,00000000
-18,32678493;0,00000000
-18,32178493;-0,46598175
-18,31678493;-0,93196350
-18,31178494;0,00000000
-18,30678494;-0,46598175
-18,30178494;0,93196350
-18,29678494;0,93196350
-18,29178494;-0,46598175
-18,28678494;-0,46598175
-18,28178494;0,00000000
-18,27678494;-0,46598175
-18,27178494;0,00000000
-18,26678494;0,46598175
-18,26178494;-0,93196350
-18,25678494;0,00000000
-18,25178494;0,00000000
-18,24678494;-0,93196350
-18,24178494;0,46598175
-18,23678494;0,00000000
-18,23178494;0,93196350
-18,22678494;0,00000000
-18,22178494;-0,46598175
-18,21678494;0,46598175
-18,21178494;0,46598175
-18,20678494;0,46598175
-18,20178494;0,46598175
-18,19678494;0,46598175
-18,19178494;0,00000000
-18,18678494;-0,93196350
-18,18178494;0,46598175
-18,17678494;-0,46598175
-18,17178494;0,00000000
-18,16678494;0,00000000
-18,16178494;0,46598175
-18,15678494;0,46598175
-18,15178494;0,46598175
-18,14678494;0,00000000
-18,14178494;-0,93196350
-18,13678494;-0,46598175
-18,13178494;0,46598175
-18,12678494;0,93196350
-18,12178494;0,46598175
-18,11678494;0,46598175
-18,11178494;0,00000000
-18,10678494;0,00000000
-18,10178494;0,93196350
-18,09678494;0,00000000
-18,09178494;0,46598175
-18,08678494;0,46598175
-18,08178494;0,00000000
-18,07678494;0,46598175
-18,07178494;0,00000000
-18,06678494;-0,46598175
-18,06178494;0,00000000
-18,05678494;-0,46598175
-18,05178494;0,00000000
-18,04678494;0,00000000
-18,04178494;0,46598175
-18,03678494;0,46598175
-18,03178494;0,46598175
-18,02678494;0,46598175
-18,02178494;0,00000000
-18,01678494;0,00000000
-18,01178494;0,00000000
-18,00678494;0,46598175
-18,00178494;0,46598175
-17,99678494;0,00000000
-17,99178494;0,46598175
-17,98678494;0,46598175
-17,98178494;0,46598175
-17,97678494;0,46598175
-17,97178494;-0,93196350
-17,96678494;0,46598175
-17,96178494;0,00000000
-17,95678494;0,00000000
-17,95178494;0,00000000
-17,94678494;0,46598175
-17,94178494;0,46598175
-17,93678494;0,00000000
-17,93178494;0,00000000
-17,92678494;0,46598175
-17,92178494;0,46598175
-17,91678495;0,93196350
-17,91178495;0,93196350
-17,90678495;1,39948320
-17,90178495;-3,26648593
-17,89678495;0,46598175
-17,89178495;0,93196350
-17,88678495;0,00000000
-17,88178495;-0,46598175
-17,87678495;0,46598175
-17,87178495;-0,46598175
-17,86678495;-0,46598175
-17,86178495;-0,93196350
-17,85678495;-0,46598175
-17,85178495;0,46598175
-17,84678495;0,00000000
-17,84178495;0,00000000
-17,83678495;-0,46598175
-17,83178495;0,00000000
-17,82678495;0,46598175
-17,82178495;0,00000000
-17,81678495;-0,46598175
-17,81178495;0,00000000
-17,80678495;0,46598175
-17,80178495;0,00000000
-17,79678495;0,00000000
-17,79178495;0,46598175
-17,78678495;-0,46598175
-17,78178495;0,00000000
-17,77678495;0,46598175
-17,77178495;0,00000000
-17,76678495;-0,46598175
-17,76178495;0,93196350
-17,75678495;0,00000000
-17,75178495;0,00000000
-17,74678495;0,46598175
-17,74178495;0,93196350
-17,73678495;0,00000000
-17,73178495;0,93196350
-17,72678495;0,93196350
-17,72178495;0,00000000
-17,71678495;0,00000000
-17,71178495;0,93196350
-17,70678495;0,00000000
-17,70178495;0,93196350
-17,69678495;0,00000000
-17,69178495;0,00000000
-17,68678495;0,00000000
-17,68178495;0,00000000
-17,67678495;0,46598175
-17,67178495;0,00000000
-17,66678495;-0,46598175
-17,66178495;0,46598175
-17,65678495;0,46598175
-17,65178495;0,46598175
-17,64678495;-0,46598175
-17,64178495;0,46598175
-17,63678495;0,00000000
-17,63178495;0,46598175
-17,62678495;0,00000000
-17,62178495;0,00000000
-17,61678495;0,00000000
-17,61178495;-0,46598175
-17,60678495;0,93196350
-17,60178495;0,93196350
-17,59678495;0,93196350
-17,59178495;0,00000000
-17,58678495;0,00000000
-17,58178495;0,00000000
-17,57678495;0,00000000
-17,57178495;0,00000000
-17,56678495;0,93196350
-17,56178495;0,46598175
-17,55678495;0,46598175
-17,55178495;0,00000000
-17,54678495;-0,46598175
-17,54178495;0,00000000
-17,53678495;0,00000000
-17,53178495;0,46598175
-17,52678495;0,46598175
-17,52178496;-0,46598175
-17,51678496;0,00000000
-17,51178496;0,00000000
-17,50678496;0,00000000
-17,50178496;0,93196350
-17,49678496;0,00000000
-17,49178496;0,93196350
-17,48678496;0,46598175
-17,48178496;1,86546493
-17,47678496;0,46598175
-17,47178496;0,93196350
-17,46678496;0,00000000
-17,46178496;0,00000000
-17,45678496;0,46598175
-17,45178496;0,00000000
-17,44678496;0,00000000
-17,44178496;0,46598175
-17,43678496;-0,46598175
-17,43178496;0,00000000
-17,42678496;0,46598175
-17,42178496;0,00000000
-17,41678496;0,46598175
-17,41178496;0,46598175
-17,40678496;-0,46598175
-17,40178496;0,46598175
-17,39678496;0,46598175
-17,39178496;0,00000000
-17,38678496;-1,39948320
-17,38178496;0,00000000
-17,37678496;0,00000000
-17,37178496;0,00000000
-17,36678496;0,93196350
-17,36178496;0,00000000
-17,35678496;0,46598175
-17,35178496;0,00000000
-17,34678496;-1,86546493
-17,34178496;0,00000000
-17,33678496;0,00000000
-17,33178496;0,00000000
-17,32678496;0,00000000
-17,32178496;-0,93196350
-17,31678496;0,46598175
-17,31178496;-0,46598175
-17,30678496;0,00000000
-17,30178496;-0,46598175
-17,29678496;-0,46598175
-17,29178496;0,46598175
-17,28678496;0,00000000
-17,28178496;0,00000000
-17,27678496;0,00000000
-17,27178496;0,46598175
-17,26678496;0,00000000
-17,26178496;1,39948320
-17,25678496;0,93196350
-17,25178496;0,46598175
-17,24678496;0,00000000
-17,24178496;0,46598175
-17,23678496;-0,46598175
-17,23178496;0,46598175
-17,22678496;0,93196350
-17,22178496;0,93196350
-17,21678496;-0,46598175
-17,21178496;0,46598175
-17,20678496;0,46598175
-17,20178496;-0,46598175
-17,19678496;0,46598175
-17,19178496;0,00000000
-17,18678496;0,00000000
-17,18178496;-0,46598175
-17,17678496;-0,93196350
-17,17178496;0,00000000
-17,16678496;0,00000000
-17,16178496;0,00000000
-17,15678496;0,46598175
-17,15178496;0,00000000
-17,14678496;0,46598175
-17,14178496;0,00000000
-17,13678496;0,46598175
-17,13178496;0,46598175
-17,12678497;0,00000000
-17,12178497;0,00000000
-17,11678497;-0,46598175
-17,11178497;0,46598175
-17,10678497;-0,46598175
-17,10178497;1,39948320
-17,09678497;0,00000000
-17,09178497;0,46598175
-17,08678497;0,00000000
-17,08178497;0,00000000
-17,07678497;-0,46598175
-17,07178497;0,00000000
-17,06678497;0,00000000
-17,06178497;0,93196350
-17,05678497;0,93196350
-17,05178497;0,46598175
-17,04678497;0,46598175
-17,04178497;0,46598175
-17,03678497;0,46598175
-17,03178497;0,46598175
-17,02678497;0,46598175
-17,02178497;0,46598175
-17,01678497;0,00000000
-17,01178497;0,93196350
-17,00678497;0,46598175
-17,00178497;0,00000000
-16,99678497;0,00000000
-16,99178497;0,46598175
-16,98678497;0,00000000
-16,98178497;-0,46598175
-16,97678497;-0,46598175
-16,97178497;0,46598175
-16,96678497;-0,93196350
-16,96178497;0,00000000
-16,95678497;0,46598175
-16,95178497;-0,46598175
-16,94678497;-0,46598175
-16,94178497;0,46598175
-16,93678497;0,00000000
-16,93178497;-0,93196350
-16,92678497;-3,73246789
-16,92178497;0,93196350
-16,91678497;1,86546493
-16,91178497;0,46598175
-16,90678497;0,00000000
-16,90178497;-0,46598175
-16,89678497;0,46598175
-16,89178497;0,93196350
-16,88678497;0,46598175
-16,88178497;0,46598175
-16,87678497;0,46598175
-16,87178497;0,46598175
-16,86678497;-0,46598175
-16,86178497;0,00000000
-16,85678497;0,00000000
-16,85178497;0,46598175
-16,84678497;0,00000000
-16,84178497;0,46598175
-16,83678497;0,46598175
-16,83178497;0,46598175
-16,82678497;0,46598175
-16,82178497;0,00000000
-16,81678497;0,46598175
-16,81178497;0,00000000
-16,80678497;0,93196350
-16,80178497;-0,46598175
-16,79678497;0,00000000
-16,79178497;0,46598175
-16,78678497;0,46598175
-16,78178497;-0,46598175
-16,77678497;0,46598175
-16,77178497;0,46598175
-16,76678497;0,00000000
-16,76178497;0,46598175
-16,75678497;0,46598175
-16,75178497;0,93196350
-16,74678497;-0,46598175
-16,74178497;0,46598175
-16,73678497;0,00000000
-16,73178498;0,46598175
-16,72678498;0,93196350
-16,72178498;-0,93196350
-16,71678498;0,46598175
-16,71178498;0,46598175
-16,70678498;0,00000000
-16,70178498;0,93196350
-16,69678498;0,46598175
-16,69178498;0,93196350
-16,68678498;-1,86546493
-16,68178498;-2,33298445
-16,67678498;0,46598175
-16,67178498;-0,46598175
-16,66678498;0,93196350
-16,66178498;-0,46598175
-16,65678498;0,93196350
-16,65178498;0,46598175
-16,64678498;-0,46598175
-16,64178498;0,46598175
-16,63678498;0,00000000
-16,63178498;0,00000000
-16,62678498;0,46598175
-16,62178498;0,46598175
-16,61678498;0,00000000
-16,61178498;0,93196350
-16,60678498;0,93196350
-16,60178498;0,00000000
-16,59678498;0,00000000
-16,59178498;-0,46598175
-16,58678498;0,00000000
-16,58178498;0,46598175
-16,57678498;0,00000000
-16,57178498;0,46598175
-16,56678498;0,00000000
-16,56178498;0,00000000
-16,55678498;0,00000000
-16,55178498;0,93196350
-16,54678498;0,46598175
-16,54178498;0,93196350
-16,53678498;0,46598175
-16,53178498;0,93196350
-16,52678498;0,00000000
-16,52178498;0,46598175
-16,51678498;0,00000000
-16,51178498;0,93196350
-16,50678498;0,00000000
-16,50178498;0,00000000
-16,49678498;0,93196350
-16,49178498;0,46598175
-16,48678498;0,46598175
-16,48178498;0,00000000
-16,47678498;0,46598175
-16,47178498;0,46598175
-16,46678498;0,46598175
-16,46178498;-0,46598175
-16,45678498;0,00000000
-16,45178498;0,46598175
-16,44678498;-0,93196350
-16,44178498;0,00000000
-16,43678498;0,00000000
-16,43178498;0,00000000
-16,42678498;0,00000000
-16,42178498;0,00000000
-16,41678498;0,00000000
-16,41178498;0,93196350
-16,40678498;0,00000000
-16,40178498;0,46598175
-16,39678498;0,46598175
-16,39178498;0,46598175
-16,38678498;0,93196350
-16,38178498;0,00000000
-16,37678498;0,93196350
-16,37178498;0,46598175
-16,36678498;0,46598175
-16,36178498;0,46598175
-16,35678498;0,93196350
-16,35178498;-0,46598175
-16,34678498;0,00000000
-16,34178498;-0,46598175
-16,33678498;0,00000000
-16,33178499;0,46598175
-16,32678499;0,46598175
-16,32178499;0,46598175
-16,31678499;0,00000000
-16,31178499;0,46598175
-16,30678499;0,93196350
-16,30178499;0,00000000
-16,29678499;-0,46598175
-16,29178499;1,39948320
-16,28678499;1,39948320
-16,28178499;0,93196350
-16,27678499;0,00000000
-16,27178499;0,93196350
-16,26678499;0,00000000
-16,26178499;0,00000000
-16,25678499;-0,46598175
-16,25178499;-0,93196350
-16,24678499;0,46598175
-16,24178499;0,00000000
-16,23678499;0,00000000
-16,23178499;0,46598175
-16,22678499;0,46598175
-16,22178499;0,93196350
-16,21678499;0,46598175
-16,21178499;2,79896641
-16,20678499;0,00000000
-16,20178499;0,46598175
-16,19678499;0,93196350
-16,19178499;0,00000000
-16,18678499;0,00000000
-16,18178499;0,00000000
-16,17678499;0,00000000
-16,17178499;0,00000000
-16,16678499;0,93196350
-16,16178499;0,46598175
-16,15678499;0,46598175
-16,15178499;0,00000000
-16,14678499;0,00000000
-16,14178499;1,86546493
-16,13678499;0,46598175
-16,13178499;0,46598175
-16,12678499;0,46598175
-16,12178499;0,00000000
-16,11678499;0,93196350
-16,11178499;0,93196350
-16,10678499;0,46598175
-16,10178499;0,00000000
-16,09678499;0,00000000
-16,09178499;1,39948320
-16,08678499;0,00000000
-16,08178499;0,46598175
-16,07678499;0,93196350
-16,07178499;-0,46598175
-16,06678499;0,00000000
-16,06178499;0,00000000
-16,05678499;0,00000000
-16,05178499;0,93196350
-16,04678499;-1,39948320
-16,04178499;1,86546493
-16,03678499;0,00000000
-16,03178499;0,00000000
-16,02678499;0,00000000
-16,02178499;0,00000000
-16,01678499;0,00000000
-16,01178499;0,46598175
-16,00678499;0,00000000
-16,00178499;0,93196350
-15,99678499;0,00000000
-15,99178499;-0,46598175
-15,98678499;0,00000000
-15,98178499;-0,93196350
-15,97678499;0,00000000
-15,97178499;0,00000000
-15,96678499;0,00000000
-15,96178499;0,00000000
-15,95678499;0,46598175
-15,95178499;0,46598175
-15,94678499;0,00000000
-15,94178499;0,93196350
-15,93678500;0,00000000
-15,93178500;0,00000000
-15,92678500;0,93196350
-15,92178500;0,46598175
-15,91678500;0,93196350
-15,91178500;-0,93196350
-15,90678500;0,46598175
-15,90178500;0,93196350
-15,89678500;0,00000000
-15,89178500;0,00000000
-15,88678500;0,93196350
-15,88178500;0,46598175
-15,87678500;0,46598175
-15,87178500;0,00000000
-15,86678500;0,46598175
-15,86178500;0,00000000
-15,85678500;0,00000000
-15,85178500;0,00000000
-15,84678500;0,00000000
-15,84178500;0,46598175
-15,83678500;0,46598175
-15,83178500;0,46598175
-15,82678500;0,46598175
-15,82178500;0,00000000
-15,81678500;0,46598175
-15,81178500;0,46598175
-15,80678500;0,46598175
-15,80178500;0,00000000
-15,79678500;0,00000000
-15,79178500;1,86546493
-15,78678500;0,46598175
-15,78178500;0,00000000
-15,77678500;0,46598175
-15,77178500;0,46598175
-15,76678500;0,46598175
-15,76178500;0,46598175
-15,75678500;0,46598175
-15,75178500;0,46598175
-15,74678500;0,93196350
-15,74178500;0,00000000
-15,73678500;-0,46598175
-15,73178500;0,00000000
-15,72678500;0,46598175
-15,72178500;0,93196350
-15,71678500;0,46598175
-15,71178500;0,46598175
-15,70678500;0,00000000
-15,70178500;0,93196350
-15,69678500;-0,46598175
-15,69178500;-1,39948320
-15,68678500;-0,93196350
-15,68178500;0,46598175
-15,67678500;0,46598175
-15,67178500;1,39948320
-15,66678500;0,00000000
-15,66178500;0,46598175
-15,65678500;0,00000000
-15,65178500;-0,46598175
-15,64678500;0,93196350
-15,64178500;-0,46598175
-15,63678500;0,46598175
-15,63178500;0,46598175
-15,62678500;0,00000000
-15,62178500;0,46598175
-15,61678500;0,93196350
-15,61178500;0,46598175
-15,60678500;-0,93196350
-15,60178500;0,00000000
-15,59678500;0,93196350
-15,59178500;0,46598175
-15,58678500;0,00000000
-15,58178500;0,46598175
-15,57678500;0,00000000
-15,57178500;0,00000000
-15,56678500;0,46598175
-15,56178500;0,46598175
-15,55678500;0,46598175
-15,55178500;0,00000000
-15,54678500;1,39948320
-15,54178501;0,46598175
-15,53678501;-0,46598175
-15,53178501;0,00000000
-15,52678501;-0,46598175
-15,52178501;0,00000000
-15,51678501;-1,39948320
-15,51178501;0,46598175
-15,50678501;-0,46598175
-15,50178501;0,46598175
-15,49678501;0,00000000
-15,49178501;0,46598175
-15,48678501;0,00000000
-15,48178501;0,46598175
-15,47678501;0,00000000
-15,47178501;-0,46598175
-15,46678501;0,46598175
-15,46178501;0,00000000
-15,45678501;0,00000000
-15,45178501;0,00000000
-15,44678501;0,00000000
-15,44178501;0,00000000
-15,43678501;0,93196350
-15,43178501;0,00000000
-15,42678501;0,46598175
-15,42178501;0,00000000
-15,41678501;0,46598175
-15,41178501;0,00000000
-15,40678501;0,00000000
-15,40178501;0,46598175
-15,39678501;-0,46598175
-15,39178501;0,00000000
-15,38678501;0,00000000
-15,38178501;0,46598175
-15,37678501;0,00000000
-15,37178501;-0,46598175
-15,36678501;0,00000000
-15,36178501;0,00000000
-15,35678501;0,46598175
-15,35178501;0,93196350
-15,34678501;0,46598175
-15,34178501;0,00000000
-15,33678501;-0,93196350
-15,33178501;0,00000000
-15,32678501;0,46598175
-15,32178501;-0,93196350
-15,31678501;-0,46598175
-15,31178501;0,00000000
-15,30678501;-0,46598175
-15,30178501;0,00000000
-15,29678501;0,46598175
-15,29178501;0,46598175
-15,28678501;0,00000000
-15,28178501;0,00000000
-15,27678501;0,00000000
-15,27178501;0,00000000
-15,26678501;0,00000000
-15,26178501;0,00000000
-15,25678501;0,00000000
-15,25178501;0,00000000
-15,24678501;-0,46598175
-15,24178501;0,00000000
-15,23678501;-0,93196350
-15,23178501;0,00000000
-15,22678501;0,46598175
-15,22178501;0,00000000
-15,21678501;0,93196350
-15,21178501;0,00000000
-15,20678501;0,46598175
-15,20178501;0,46598175
-15,19678501;0,46598175
-15,19178501;0,46598175
-15,18678501;0,00000000
-15,18178501;-0,46598175
-15,17678501;0,46598175
-15,17178501;0,00000000
-15,16678501;0,93196350
-15,16178501;0,00000000
-15,15678501;-0,46598175
-15,15178501;0,00000000
-15,14678502;0,00000000
-15,14178502;0,00000000
-15,13678502;0,00000000
-15,13178502;0,46598175
-15,12678502;0,93196350
-15,12178502;0,46598175
-15,11678502;0,46598175
-15,11178502;0,46598175
-15,10678502;1,39948320
-15,10178502;0,93196350
-15,09678502;0,00000000
-15,09178502;0,00000000
-15,08678502;0,46598175
-15,08178502;0,00000000
-15,07678502;0,00000000
-15,07178502;0,00000000
-15,06678502;0,00000000
-15,06178502;0,46598175
-15,05678502;0,00000000
-15,05178502;0,93196350
-15,04678502;-0,93196350
-15,04178502;0,00000000
-15,03678502;0,00000000
-15,03178502;0,00000000
-15,02678502;0,46598175
-15,02178502;-0,46598175
-15,01678502;0,00000000
-15,01178502;0,00000000
-15,00678502;-0,46598175
-15,00178502;0,93196350
-14,99678502;-0,93196350
-14,99178502;0,00000000
-14,98678502;0,46598175
-14,98178502;0,00000000
-14,97678502;0,46598175
-14,97178502;0,00000000
-14,96678502;-0,93196350
-14,96178502;0,00000000
-14,95678502;-1,39948320
-14,95178502;0,93196350
-14,94678502;0,00000000
-14,94178502;0,00000000
-14,93678502;-0,93196350
-14,93178502;0,46598175
-14,92678502;0,00000000
-14,92178502;0,46598175
-14,91678502;0,00000000
-14,91178502;0,00000000
-14,90678502;0,93196350
-14,90178502;0,00000000
-14,89678502;0,46598175
-14,89178502;-0,46598175
-14,88678502;0,46598175
-14,88178502;0,93196350
-14,87678502;0,46598175
-14,87178502;-0,46598175
-14,86678502;0,46598175
-14,86178502;-0,46598175
-14,85678502;0,00000000
-14,85178502;0,00000000
-14,84678502;0,00000000
-14,84178502;0,46598175
-14,83678502;0,46598175
-14,83178502;0,46598175
-14,82678502;0,00000000
-14,82178502;0,46598175
-14,81678502;0,00000000
-14,81178502;0,46598175
-14,80678502;0,00000000
-14,80178502;0,46598175
-14,79678502;0,46598175
-14,79178502;0,93196350
-14,78678502;-0,46598175
-14,78178502;-0,46598175
-14,77678502;0,93196350
-14,77178502;-0,46598175
-14,76678502;0,46598175
-14,76178502;0,46598175
-14,75678502;0,00000000
-14,75178503;0,00000000
-14,74678503;0,46598175
-14,74178503;-0,46598175
-14,73678503;0,93196350
-14,73178503;0,93196350
-14,72678503;0,46598175
-14,72178503;0,00000000
-14,71678503;0,93196350
-14,71178503;-0,46598175
-14,70678503;0,93196350
-14,70178503;0,00000000
-14,69678503;-0,46598175
-14,69178503;0,46598175
-14,68678503;-0,46598175
-14,68178503;-0,46598175
-14,67678503;0,00000000
-14,67178503;0,00000000
-14,66678503;0,00000000
-14,66178503;0,46598175
-14,65678503;-0,46598175
-14,65178503;0,46598175
-14,64678503;0,00000000
-14,64178503;-0,46598175
-14,63678503;0,46598175
-14,63178503;-0,46598175
-14,62678503;4,66596889
-14,62178503;0,00000000
-14,61678503;0,00000000
-14,61178503;0,00000000
-14,60678503;0,00000000
-14,60178503;0,46598175
-14,59678503;0,00000000
-14,59178503;0,00000000
-14,58678503;0,46598175
-14,58178503;0,00000000
-14,57678503;0,93196350
-14,57178503;0,93196350
-14,56678503;0,46598175
-14,56178503;-0,93196350
-14,55678503;0,46598175
-14,55178503;0,46598175
-14,54678503;0,93196350
-14,54178503;0,00000000
-14,53678503;0,93196350
-14,53178503;-0,93196350
-14,52678503;1,39948320
-14,52178503;0,00000000
-14,51678503;0,93196350
-14,51178503;0,46598175
-14,50678503;0,46598175
-14,50178503;0,46598175
-14,49678503;-0,46598175
-14,49178503;-0,46598175
-14,48678503;0,00000000
-14,48178503;0,46598175
-14,47678503;1,39948320
-14,47178503;-0,46598175
-14,46678503;0,00000000
-14,46178503;0,00000000
-14,45678503;-0,46598175
-14,45178503;0,00000000
-14,44678503;0,46598175
-14,44178503;-0,93196350
-14,43678503;0,00000000
-14,43178503;-0,46598175
-14,42678503;0,00000000
-14,42178503;0,00000000
-14,41678503;0,00000000
-14,41178503;-0,46598175
-14,40678503;0,00000000
-14,40178503;0,00000000
-14,39678503;0,46598175
-14,39178503;0,00000000
-14,38678503;0,00000000
-14,38178503;0,00000000
-14,37678503;0,46598175
-14,37178503;0,46598175
-14,36678503;0,46598175
-14,36178503;-0,46598175
-14,35678504;0,00000000
-14,35178504;0,46598175
-14,34678504;-0,46598175
-14,34178504;0,46598175
-14,33678504;0,00000000
-14,33178504;0,46598175
-14,32678504;-0,46598175
-14,32178504;0,00000000
-14,31678504;0,00000000
-14,31178504;0,93196350
-14,30678504;0,00000000
-14,30178504;-0,46598175
-14,29678504;-0,46598175
-14,29178504;-0,46598175
-14,28678504;0,00000000
-14,28178504;0,00000000
-14,27678504;-0,46598175
-14,27178504;0,93196350
-14,26678504;-0,46598175
-14,26178504;0,46598175
-14,25678504;-0,46598175
-14,25178504;-0,46598175
-14,24678504;0,46598175
-14,24178504;0,46598175
-14,23678504;0,46598175
-14,23178504;0,46598175
-14,22678504;0,00000000
-14,22178504;0,46598175
-14,21678504;0,00000000
-14,21178504;0,93196350
-14,20678504;0,46598175
-14,20178504;0,93196350
-14,19678504;0,00000000
-14,19178504;0,46598175
-14,18678504;0,00000000
-14,18178504;0,46598175
-14,17678504;0,00000000
-14,17178504;0,46598175
-14,16678504;-0,46598175
-14,16178504;1,39948320
-14,15678504;0,00000000
-14,15178504;0,46598175
-14,14678504;-1,39948320
-14,14178504;-0,46598175
-14,13678504;0,00000000
-14,13178504;0,00000000
-14,12678504;0,00000000
-14,12178504;0,46598175
-14,11678504;0,00000000
-14,11178504;0,00000000
-14,10678504;0,00000000
-14,10178504;0,46598175
-14,09678504;0,46598175
-14,09178504;0,93196350
-14,08678504;0,00000000
-14,08178504;0,00000000
-14,07678504;0,46598175
-14,07178504;-0,46598175
-14,06678504;0,46598175
-14,06178504;0,93196350
-14,05678504;0,46598175
-14,05178504;0,46598175
-14,04678504;0,93196350
-14,04178504;0,46598175
-14,03678504;0,46598175
-14,03178504;0,46598175
-14,02678504;0,46598175
-14,02178504;-0,46598175
-14,01678504;0,93196350
-14,01178504;0,46598175
-14,00678504;0,46598175
-14,00178504;0,46598175
-13,99678504;0,00000000
-13,99178504;-0,46598175
-13,98678504;0,46598175
-13,98178504;0,00000000
-13,97678504;-0,93196350
-13,97178504;0,93196350
-13,96678504;0,00000000
-13,96178504;-0,46598175
-13,95678505;0,00000000
-13,95178505;0,93196350
-13,94678505;0,46598175
-13,94178505;0,46598175
-13,93678505;0,46598175
-13,93178505;0,93196350
-13,92678505;0,00000000
-13,92178505;0,00000000
-13,91678505;0,46598175
-13,91178505;0,00000000
-13,90678505;0,93196350
-13,90178505;0,93196350
-13,89678505;-1,39948320
-13,89178505;0,46598175
-13,88678505;0,46598175
-13,88178505;0,93196350
-13,87678505;0,46598175
-13,87178505;0,46598175
-13,86678505;0,00000000
-13,86178505;0,46598175
-13,85678505;0,46598175
-13,85178505;0,46598175
-13,84678505;0,46598175
-13,84178505;0,46598175
-13,83678505;0,00000000
-13,83178505;0,93196350
-13,82678505;-0,46598175
-13,82178505;0,46598175
-13,81678505;0,00000000
-13,81178505;0,46598175
-13,80678505;0,46598175
-13,80178505;-0,46598175
-13,79678505;0,46598175
-13,79178505;0,46598175
-13,78678505;0,46598175
-13,78178505;0,46598175
-13,77678505;0,00000000
-13,77178505;0,46598175
-13,76678505;0,00000000
-13,76178505;-1,86546493
-13,75678505;0,00000000
-13,75178505;0,93196350
-13,74678505;-1,86546493
-13,74178505;-1,86546493
-13,73678505;0,00000000
-13,73178505;0,00000000
-13,72678505;-1,39948320
-13,72178505;0,93196350
-13,71678505;0,46598175
-13,71178505;0,00000000
-13,70678505;-0,46598175
-13,70178505;-0,46598175
-13,69678505;0,00000000
-13,69178505;0,00000000
-13,68678505;0,46598175
-13,68178505;0,00000000
-13,67678505;-0,46598175
-13,67178505;0,46598175
-13,66678505;0,00000000
-13,66178505;0,46598175
-13,65678505;0,46598175
-13,65178505;0,00000000
-13,64678505;0,00000000
-13,64178505;0,46598175
-13,63678505;0,46598175
-13,63178505;0,00000000
-13,62678505;1,86546493
-13,62178505;-0,46598175
-13,61678505;-0,46598175
-13,61178505;0,46598175
-13,60678505;0,46598175
-13,60178505;1,39948320
-13,59678505;-1,39948320
-13,59178505;0,93196350
-13,58678505;0,93196350
-13,58178505;0,46598175
-13,57678505;0,46598175
-13,57178505;0,46598175
-13,56678505;0,46598175
-13,56178506;0,93196350
-13,55678506;0,00000000
-13,55178506;0,46598175
-13,54678506;-1,39948320
-13,54178506;0,00000000
-13,53678506;0,00000000
-13,53178506;0,46598175
-13,52678506;-0,46598175
-13,52178506;0,00000000
-13,51678506;-0,93196350
-13,51178506;0,00000000
-13,50678506;0,00000000
-13,50178506;0,00000000
-13,49678506;0,46598175
-13,49178506;0,00000000
-13,48678506;0,46598175
-13,48178506;0,00000000
-13,47678506;0,00000000
-13,47178506;0,93196350
-13,46678506;0,00000000
-13,46178506;0,00000000
-13,45678506;-0,46598175
-13,45178506;0,46598175
-13,44678506;0,00000000
-13,44178506;0,00000000
-13,43678506;0,46598175
-13,43178506;0,93196350
-13,42678506;-0,93196350
-13,42178506;0,46598175
-13,41678506;0,00000000
-13,41178506;0,00000000
-13,40678506;0,46598175
-13,40178506;0,00000000
-13,39678506;0,00000000
-13,39178506;-0,93196350
-13,38678506;0,46598175
-13,38178506;0,46598175
-13,37678506;-0,46598175
-13,37178506;0,46598175
-13,36678506;0,00000000
-13,36178506;-0,93196350
-13,35678506;0,00000000
-13,35178506;0,46598175
-13,34678506;0,46598175
-13,34178506;-0,46598175
-13,33678506;0,46598175
-13,33178506;0,00000000
-13,32678506;0,00000000
-13,32178506;0,00000000
-13,31678506;-0,46598175
-13,31178506;0,00000000
-13,30678506;-0,46598175
-13,30178506;0,00000000
-13,29678506;-0,46598175
-13,29178506;0,93196350
-13,28678506;0,46598175
-13,28178506;-0,46598175
-13,27678506;0,00000000
-13,27178506;0,46598175
-13,26678506;0,46598175
-13,26178506;0,00000000
-13,25678506;-0,46598175
-13,25178506;0,00000000
-13,24678506;-0,46598175
-13,24178506;0,00000000
-13,23678506;0,00000000
-13,23178506;0,93196350
-13,22678506;-0,46598175
-13,22178506;0,00000000
-13,21678506;0,00000000
-13,21178506;0,00000000
-13,20678506;0,00000000
-13,20178506;0,46598175
-13,19678506;0,46598175
-13,19178506;0,00000000
-13,18678506;0,00000000
-13,18178506;0,00000000
-13,17678506;0,46598175
-13,17178506;0,00000000
-13,16678507;0,46598175
-13,16178507;0,00000000
-13,15678507;-0,93196350
-13,15178507;0,46598175
-13,14678507;1,39948320
-13,14178507;-0,46598175
-13,13678507;0,00000000
-13,13178507;0,46598175
-13,12678507;0,00000000
-13,12178507;-0,46598175
-13,11678507;-0,93196350
-13,11178507;0,46598175
-13,10678507;0,46598175
-13,10178507;0,00000000
-13,09678507;0,00000000
-13,09178507;0,46598175
-13,08678507;0,93196350
-13,08178507;0,46598175
-13,07678507;0,00000000
-13,07178507;0,46598175
-13,06678507;-0,93196350
-13,06178507;0,00000000
-13,05678507;0,00000000
-13,05178507;0,46598175
-13,04678507;0,00000000
-13,04178507;0,00000000
-13,03678507;0,00000000
-13,03178507;0,46598175
-13,02678507;-0,46598175
-13,02178507;0,46598175
-13,01678507;0,46598175
-13,01178507;0,00000000
-13,00678507;-0,46598175
-13,00178507;0,46598175
-12,99678507;0,46598175
-12,99178507;0,93196350
-12,98678507;-0,46598175
-12,98178507;0,46598175
-12,97678507;0,46598175
-12,97178507;0,46598175
-12,96678507;0,46598175
-12,96178507;-0,46598175
-12,95678507;-0,46598175
-12,95178507;0,93196350
-12,94678507;0,00000000
-12,94178507;0,46598175
-12,93678507;0,00000000
-12,93178507;0,93196350
-12,92678507;-0,46598175
-12,92178507;-0,46598175
-12,91678507;-10,26697731
-12,91178507;0,00000000
-12,90678507;0,46598175
-12,90178507;0,00000000
-12,89678507;0,00000000
-12,89178507;0,00000000
-12,88678507;0,46598175
-12,88178507;0,46598175
-12,87678507;0,00000000
-12,87178507;0,46598175
-12,86678507;0,00000000
-12,86178507;0,46598175
-12,85678507;0,00000000
-12,85178507;-0,46598175
-12,84678507;0,00000000
-12,84178507;0,46598175
-12,83678507;0,46598175
-12,83178507;0,00000000
-12,82678507;0,00000000
-12,82178507;-0,46598175
-12,81678507;0,00000000
-12,81178507;0,00000000
-12,80678507;0,00000000
-12,80178507;0,00000000
-12,79678507;0,00000000
-12,79178507;-0,46598175
-12,78678507;0,00000000
-12,78178507;0,46598175
-12,77678507;0,00000000
-12,77178508;0,00000000
-12,76678508;0,00000000
-12,76178508;1,39948320
-12,75678508;0,46598175
-12,75178508;1,86546493
-12,74678508;0,93196350
-12,74178508;-0,46598175
-12,73678508;-0,46598175
-12,73178508;0,46598175
-12,72678508;0,00000000
-12,72178508;0,00000000
-12,71678508;0,00000000
-12,71178508;0,00000000
-12,70678508;0,46598175
-12,70178508;-0,93196350
-12,69678508;0,00000000
-12,69178508;0,46598175
-12,68678508;0,93196350
-12,68178508;0,46598175
-12,67678508;-0,46598175
-12,67178508;0,93196350
-12,66678508;0,00000000
-12,66178508;0,46598175
-12,65678508;0,00000000
-12,65178508;0,46598175
-12,64678508;0,00000000
-12,64178508;-0,93196350
-12,63678508;1,39948320
-12,63178508;0,00000000
-12,62678508;0,46598175
-12,62178508;0,46598175
-12,61678508;0,46598175
-12,61178508;0,00000000
-12,60678508;0,93196350
-12,60178508;0,93196350
-12,59678508;-0,46598175
-12,59178508;0,00000000
-12,58678508;0,00000000
-12,58178508;0,00000000
-12,57678508;0,46598175
-12,57178508;-1,39948320
-12,56678508;0,46598175
-12,56178508;1,86546493
-12,55678508;-0,46598175
-12,55178508;0,93196350
-12,54678508;0,00000000
-12,54178508;-0,46598175
-12,53678508;0,00000000
-12,53178508;0,46598175
-12,52678508;0,93196350
-12,52178508;0,00000000
-12,51678508;0,46598175
-12,51178508;0,00000000
-12,50678508;0,00000000
-12,50178508;0,46598175
-12,49678508;-0,46598175
-12,49178508;0,00000000
-12,48678508;-0,46598175
-12,48178508;0,00000000
-12,47678508;0,00000000
-12,47178508;0,00000000
-12,46678508;0,00000000
-12,46178508;0,00000000
-12,45678508;0,46598175
-12,45178508;0,93196350
-12,44678508;0,93196350
-12,44178508;0,00000000
-12,43678508;-0,46598175
-12,43178508;0,00000000
-12,42678508;0,46598175
-12,42178508;0,46598175
-12,41678508;0,00000000
-12,41178508;-0,46598175
-12,40678508;-0,93196350
-12,40178508;-0,46598175
-12,39678508;-0,46598175
-12,39178508;1,86546493
-12,38678508;0,93196350
-12,38178508;0,00000000
-12,37678509;0,46598175
-12,37178509;0,00000000
-12,36678509;0,00000000
-12,36178509;0,46598175
-12,35678509;0,46598175
-12,35178509;0,00000000
-12,34678509;1,39948320
-12,34178509;-0,93196350
-12,33678509;0,00000000
-12,33178509;0,00000000
-12,32678509;0,93196350
-12,32178509;0,46598175
-12,31678509;-0,93196350
-12,31178509;-0,46598175
-12,30678509;0,46598175
-12,30178509;0,00000000
-12,29678509;0,00000000
-12,29178509;0,00000000
-12,28678509;0,46598175
-12,28178509;0,00000000
-12,27678509;0,46598175
-12,27178509;-0,93196350
-12,26678509;0,00000000
-12,26178509;-0,93196350
-12,25678509;1,39948320
-12,25178509;0,46598175
-12,24678509;-0,46598175
-12,24178509;0,46598175
-12,23678509;0,00000000
-12,23178509;0,00000000
-12,22678509;0,00000000
-12,22178509;0,46598175
-12,21678509;0,46598175
-12,21178509;-0,93196350
-12,20678509;0,00000000
-12,20178509;0,00000000
-12,19678509;-0,46598175
-12,19178509;1,86546493
-12,18678509;-0,46598175
-12,18178509;-0,46598175
-12,17678509;0,00000000
-12,17178509;0,00000000
-12,16678509;0,00000000
-12,16178509;0,93196350
-12,15678509;0,46598175
-12,15178509;0,46598175
-12,14678509;0,46598175
-12,14178509;0,00000000
-12,13678509;0,00000000
-12,13178509;-0,46598175
-12,12678509;0,00000000
-12,12178509;0,93196350
-12,11678509;-0,46598175
-12,11178509;0,00000000
-12,10678509;0,00000000
-12,10178509;0,93196350
-12,09678509;0,00000000
-12,09178509;0,46598175
-12,08678509;0,46598175
-12,08178509;0,46598175
-12,07678509;1,39948320
-12,07178509;0,00000000
-12,06678509;0,93196350
-12,06178509;0,46598175
-12,05678509;0,93196350
-12,05178509;0,46598175
-12,04678509;-0,46598175
-12,04178509;0,00000000
-12,03678509;0,00000000
-12,03178509;-0,46598175
-12,02678509;0,00000000
-12,02178509;0,46598175
-12,01678509;0,93196350
-12,01178509;0,00000000
-12,00678509;0,00000000
-12,00178509;0,00000000
-11,99678509;0,46598175
-11,99178509;0,46598175
-11,98678509;0,46598175
-11,98178510;0,46598175
-11,97678510;0,93196350
-11,97178510;0,00000000
-11,96678510;0,46598175
-11,96178510;0,46598175
-11,95678510;-0,46598175
-11,95178510;0,93196350
-11,94678510;-0,93196350
-11,94178510;-0,46598175
-11,93678510;0,00000000
-11,93178510;0,00000000
-11,92678510;-0,46598175
-11,92178510;0,00000000
-11,91678510;0,46598175
-11,91178510;0,93196350
-11,90678510;0,46598175
-11,90178510;0,00000000
-11,89678510;-0,46598175
-11,89178510;-0,46598175
-11,88678510;0,00000000
-11,88178510;-0,93196350
-11,87678510;0,00000000
-11,87178510;0,46598175
-11,86678510;0,46598175
-11,86178510;0,00000000
-11,85678510;0,46598175
-11,85178510;-0,93196350
-11,84678510;-9,80099583
-11,84178510;0,46598175
-11,83678510;0,00000000
-11,83178510;0,00000000
-11,82678510;0,46598175
-11,82178510;0,46598175
-11,81678510;0,00000000
-11,81178510;0,93196350
-11,80678510;0,00000000
-11,80178510;-0,46598175
-11,79678510;0,00000000
-11,79178510;0,00000000
-11,78678510;0,00000000
-11,78178510;-0,46598175
-11,77678510;0,00000000
-11,77178510;0,46598175
-11,76678510;0,46598175
-11,76178510;0,00000000
-11,75678510;0,00000000
-11,75178510;0,00000000
-11,74678510;-0,46598175
-11,74178510;-0,46598175
-11,73678510;0,46598175
-11,73178510;0,46598175
-11,72678510;0,00000000
-11,72178510;0,00000000
-11,71678510;0,00000000
-11,71178510;0,00000000
-11,70678510;0,00000000
-11,70178510;0,00000000
-11,69678510;0,93196350
-11,69178510;0,00000000
-11,68678510;-0,93196350
-11,68178510;0,00000000
-11,67678510;0,00000000
-11,67178510;0,00000000
-11,66678510;-0,46598175
-11,66178510;0,00000000
-11,65678510;0,00000000
-11,65178510;-0,46598175
-11,64678510;0,46598175
-11,64178510;-0,46598175
-11,63678510;0,00000000
-11,63178510;0,00000000
-11,62678510;-1,39948320
-11,62178510;0,00000000
-11,61678510;0,00000000
-11,61178510;0,46598175
-11,60678510;0,93196350
-11,60178510;0,46598175
-11,59678510;0,00000000
-11,59178510;0,00000000
-11,58678510;-1,39948320
-11,58178511;0,00000000
-11,57678511;0,46598175
-11,57178511;-0,46598175
-11,56678511;0,00000000
-11,56178511;1,86546493
-11,55678511;0,00000000
-11,55178511;0,46598175
-11,54678511;-0,93196350
-11,54178511;0,00000000
-11,53678511;0,00000000
-11,53178511;0,00000000
-11,52678511;0,93196350
-11,52178511;0,46598175
-11,51678511;0,00000000
-11,51178511;0,00000000
-11,50678511;0,00000000
-11,50178511;0,00000000
-11,49678511;-0,46598175
-11,49178511;0,93196350
-11,48678511;0,46598175
-11,48178511;0,00000000
-11,47678511;-0,46598175
-11,47178511;0,46598175
-11,46678511;-0,93196350
-11,46178511;0,00000000
-11,45678511;0,93196350
-11,45178511;0,00000000
-11,44678511;0,00000000
-11,44178511;0,93196350
-11,43678511;0,00000000
-11,43178511;0,46598175
-11,42678511;-0,93196350
-11,42178511;0,93196350
-11,41678511;-0,46598175
-11,41178511;-0,93196350
-11,40678511;0,46598175
-11,40178511;-0,46598175
-11,39678511;0,00000000
-11,39178511;0,46598175
-11,38678511;-0,93196350
-11,38178511;0,00000000
-11,37678511;0,93196350
-11,37178511;0,00000000
-11,36678511;0,46598175
-11,36178511;0,00000000
-11,35678511;0,46598175
-11,35178511;0,00000000
-11,34678511;-1,86546493
-11,34178511;0,00000000
-11,33678511;0,00000000
-11,33178511;0,93196350
-11,32678511;0,93196350
-11,32178511;0,00000000
-11,31678511;0,46598175
-11,31178511;0,00000000
-11,30678511;-0,46598175
-11,30178511;0,46598175
-11,29678511;0,46598175
-11,29178511;5,59947062
-11,28678511;0,00000000
-11,28178511;0,00000000
-11,27678511;0,46598175
-11,27178511;0,00000000
-11,26678511;-0,46598175
-11,26178511;0,00000000
-11,25678511;0,00000000
-11,25178511;-0,46598175
-11,24678511;0,00000000
-11,24178511;0,46598175
-11,23678511;-0,46598175
-11,23178511;0,93196350
-11,22678511;0,46598175
-11,22178511;0,46598175
-11,21678511;0,00000000
-11,21178511;0,46598175
-11,20678511;-0,46598175
-11,20178511;0,46598175
-11,19678511;-0,46598175
-11,19178511;0,00000000
-11,18678512;0,46598175
-11,18178512;0,93196350
-11,17678512;0,00000000
-11,17178512;0,93196350
-11,16678512;0,00000000
-11,16178512;0,46598175
-11,15678512;0,93196350
-11,15178512;1,86546493
-11,14678512;-0,93196350
-11,14178512;0,00000000
-11,13678512;0,00000000
-11,13178512;0,00000000
-11,12678512;0,46598175
-11,12178512;0,46598175
-11,11678512;0,46598175
-11,11178512;0,00000000
-11,10678512;0,46598175
-11,10178512;0,93196350
-11,09678512;0,00000000
-11,09178512;0,00000000
-11,08678512;-0,46598175
-11,08178512;0,00000000
-11,07678512;0,46598175
-11,07178512;0,46598175
-11,06678512;-0,46598175
-11,06178512;1,39948320
-11,05678512;0,00000000
-11,05178512;0,00000000
-11,04678512;0,00000000
-11,04178512;0,46598175
-11,03678512;-0,93196350
-11,03178512;-0,46598175
-11,02678512;0,00000000
-11,02178512;1,39948320
-11,01678512;0,00000000
-11,01178512;0,00000000
-11,00678512;0,00000000
-11,00178512;-0,46598175
-10,99678512;0,46598175
-10,99178512;0,00000000
-10,98678512;0,00000000
-10,98178512;0,00000000
-10,97678512;0,00000000
-10,97178512;0,46598175
-10,96678512;0,46598175
-10,96178512;0,00000000
-10,95678512;0,93196350
-10,95178512;0,46598175
-10,94678512;-2,79896641
-10,94178512;0,00000000
-10,93678512;0,00000000
-10,93178512;0,93196350
-10,92678512;-0,93196350
-10,92178512;0,46598175
-10,91678512;1,39948320
-10,91178512;0,00000000
-10,90678512;0,00000000
-10,90178512;-0,46598175
-10,89678512;0,00000000
-10,89178512;0,00000000
-10,88678512;0,00000000
-10,88178512;0,46598175
-10,87678512;0,00000000
-10,87178512;0,46598175
-10,86678512;0,00000000
-10,86178512;0,46598175
-10,85678512;-0,46598175
-10,85178512;0,00000000
-10,84678512;-0,46598175
-10,84178512;0,46598175
-10,83678512;0,46598175
-10,83178512;1,39948320
-10,82678512;0,46598175
-10,82178512;-0,46598175
-10,81678512;0,00000000
-10,81178512;0,46598175
-10,80678512;0,00000000
-10,80178512;0,46598175
-10,79678512;0,00000000
-10,79178513;0,46598175
-10,78678513;-0,46598175
-10,78178513;0,93196350
-10,77678513;-0,93196350
-10,77178513;-0,46598175
-10,76678513;0,00000000
-10,76178513;0,00000000
-10,75678513;0,46598175
-10,75178513;-2,33298445
-10,74678513;-0,46598175
-10,74178513;0,46598175
-10,73678513;0,00000000
-10,73178513;0,93196350
-10,72678513;-0,46598175
-10,72178513;-0,46598175
-10,71678513;0,00000000
-10,71178513;0,46598175
-10,70678513;0,00000000
-10,70178513;0,46598175
-10,69678513;0,00000000
-10,69178513;0,46598175
-10,68678513;0,46598175
-10,68178513;0,00000000
-10,67678513;0,46598175
-10,67178513;0,00000000
-10,66678513;0,46598175
-10,66178513;-0,46598175
-10,65678513;-0,93196350
-10,65178513;0,46598175
-10,64678513;0,00000000
-10,64178513;0,46598175
-10,63678513;0,00000000
-10,63178513;0,00000000
-10,62678513;0,46598175
-10,62178513;0,46598175
-10,61678513;0,46598175
-10,61178513;-0,46598175
-10,60678513;0,00000000
-10,60178513;0,00000000
-10,59678513;0,46598175
-10,59178513;0,00000000
-10,58678513;0,00000000
-10,58178513;0,46598175
-10,57678513;0,00000000
-10,57178513;0,00000000
-10,56678513;-0,93196350
-10,56178513;0,00000000
-10,55678513;0,00000000
-10,55178513;-0,46598175
-10,54678513;-1,39948320
-10,54178513;0,00000000
-10,53678513;3,73246789
-10,53178513;0,93196350
-10,52678513;-0,46598175
-10,52178513;0,46598175
-10,51678513;0,00000000
-10,51178513;0,00000000
-10,50678513;-0,46598175
-10,50178513;-0,93196350
-10,49678513;-0,46598175
-10,49178513;0,00000000
-10,48678513;1,39948320
-10,48178513;-0,93196350
-10,47678513;0,93196350
-10,47178513;1,39948320
-10,46678513;0,46598175
-10,46178513;-0,46598175
-10,45678513;0,46598175
-10,45178513;-0,46598175
-10,44678513;0,46598175
-10,44178513;0,46598175
-10,43678513;0,00000000
-10,43178513;-0,46598175
-10,42678513;0,46598175
-10,42178513;-0,46598175
-10,41678513;-0,46598175
-10,41178513;-0,46598175
-10,40678513;0,00000000
-10,40178513;0,00000000
-10,39678514;3,73246789
-10,39178514;0,00000000
-10,38678514;0,93196350
-10,38178514;0,00000000
-10,37678514;0,00000000
-10,37178514;-0,46598175
-10,36678514;0,00000000
-10,36178514;0,46598175
-10,35678514;0,93196350
-10,35178514;0,46598175
-10,34678514;-0,93196350
-10,34178514;0,00000000
-10,33678514;0,00000000
-10,33178514;0,93196350
-10,32678514;0,46598175
-10,32178514;0,00000000
-10,31678514;0,00000000
-10,31178514;0,46598175
-10,30678514;0,46598175
-10,30178514;0,46598175
-10,29678514;0,00000000
-10,29178514;0,00000000
-10,28678514;0,46598175
-10,28178514;0,46598175
-10,27678514;0,46598175
-10,27178514;0,93196350
-10,26678514;0,00000000
-10,26178514;0,46598175
-10,25678514;0,00000000
-10,25178514;0,00000000
-10,24678514;0,93196350
-10,24178514;0,00000000
-10,23678514;0,00000000
-10,23178514;0,00000000
-10,22678514;-0,46598175
-10,22178514;0,93196350
-10,21678514;-0,46598175
-10,21178514;0,46598175
-10,20678514;0,00000000
-10,20178514;0,00000000
-10,19678514;-0,93196350
-10,19178514;0,46598175
-10,18678514;0,00000000
-10,18178514;0,00000000
-10,17678514;0,00000000
-10,17178514;0,00000000
-10,16678514;0,00000000
-10,16178514;0,00000000
-10,15678514;0,00000000
-10,15178514;0,93196350
-10,14678514;2,33298445
-10,14178514;0,46598175
-10,13678514;0,46598175
-10,13178514;0,00000000
-10,12678514;0,00000000
-10,12178514;0,46598175
-10,11678514;0,00000000
-10,11178514;-0,46598175
-10,10678514;0,00000000
-10,10178514;0,00000000
-10,09678514;-0,93196350
-10,09178514;0,00000000
-10,08678514;-0,93196350
-10,08178514;0,46598175
-10,07678514;0,46598175
-10,07178514;0,46598175
-10,06678514;0,93196350
-10,06178514;-0,93196350
-10,05678514;-0,93196350
-10,05178514;0,00000000
-10,04678514;0,00000000
-10,04178514;0,93196350
-10,03678514;-0,46598175
-10,03178514;-0,46598175
-10,02678514;0,00000000
-10,02178514;0,46598175
-10,01678514;-0,46598175
-10,01178514;-0,46598175
-10,00678514;0,00000000
-10,00178515;-0,46598175
-9,99678515;0,00000000
-9,99178515;-0,46598175
-9,98678515;-0,93196350
-9,98178515;0,46598175
-9,97678515;0,46598175
-9,97178515;-0,46598175
-9,96678515;0,00000000
-9,96178515;0,00000000
-9,95678515;-1,39948320
-9,95178515;0,00000000
-9,94678515;-0,46598175
-9,94178515;0,93196350
-9,93678515;0,00000000
-9,93178515;-0,46598175
-9,92678515;-0,46598175
-9,92178515;0,00000000
-9,91678515;0,46598175
-9,91178515;0,00000000
-9,90678515;0,93196350
-9,90178515;1,39948320
-9,89678515;0,00000000
-9,89178515;0,00000000
-9,88678515;0,00000000
-9,88178515;0,46598175
-9,87678515;0,00000000
-9,87178515;-0,46598175
-9,86678515;0,46598175
-9,86178515;1,39948320
-9,85678515;-0,46598175
-9,85178515;-0,46598175
-9,84678515;-0,46598175
-9,84178515;0,46598175
-9,83678515;0,46598175
-9,83178515;0,00000000
-9,82678515;0,46598175
-9,82178515;0,93196350
-9,81678515;0,00000000
-9,81178515;0,00000000
-9,80678515;0,00000000
-9,80178515;0,93196350
-9,79678515;-0,93196350
-9,79178515;0,00000000
-9,78678515;0,00000000
-9,78178515;0,00000000
-9,77678515;0,00000000
-9,77178515;0,00000000
-9,76678515;0,00000000
-9,76178515;0,00000000
-9,75678515;-0,46598175
-9,75178515;0,00000000
-9,74678515;0,46598175
-9,74178515;-0,46598175
-9,73678515;0,46598175
-9,73178515;-1,86546493
-9,72678515;-0,46598175
-9,72178515;-0,93196350
-9,71678515;-0,46598175
-9,71178515;0,00000000
-9,70678515;0,00000000
-9,70178515;0,00000000
-9,69678515;0,46598175
-9,69178515;0,00000000
-9,68678515;-0,46598175
-9,68178515;0,00000000
-9,67678515;0,00000000
-9,67178515;0,00000000
-9,66678515;-0,93196350
-9,66178515;0,00000000
-9,65678515;-0,46598175
-9,65178515;0,00000000
-9,64678515;0,00000000
-9,64178515;14,00098324
-9,63678515;0,00000000
-9,63178515;0,46598175
-9,62678515;0,00000000
-9,62178515;0,46598175
-9,61678515;0,46598175
-9,61178515;0,00000000
-9,60678516;-0,46598175
-9,60178516;0,46598175
-9,59678516;0,00000000
-9,59178516;0,46598175
-9,58678516;-0,93196350
-9,58178516;-0,46598175
-9,57678516;2,33298445
-9,57178516;0,00000000
-9,56678516;0,00000000
-9,56178516;0,00000000
-9,55678516;-0,46598175
-9,55178516;0,46598175
-9,54678516;0,46598175
-9,54178516;0,93196350
-9,53678516;0,46598175
-9,53178516;0,93196350
-9,52678516;0,00000000
-9,52178516;0,93196350
-9,51678516;0,00000000
-9,51178516;0,00000000
-9,50678516;0,00000000
-9,50178516;-0,46598175
-9,49678516;0,46598175
-9,49178516;0,00000000
-9,48678516;0,46598175
-9,48178516;0,00000000
-9,47678516;-0,93196350
-9,47178516;0,00000000
-9,46678516;-0,46598175
-9,46178516;-0,46598175
-9,45678516;-0,46598175
-9,45178516;0,00000000
-9,44678516;-0,46598175
-9,44178516;1,39948320
-9,43678516;0,46598175
-9,43178516;0,93196350
-9,42678516;-0,46598175
-9,42178516;0,00000000
-9,41678516;0,00000000
-9,41178516;0,00000000
-9,40678516;0,00000000
-9,40178516;-0,46598175
-9,39678516;0,46598175
-9,39178516;0,00000000
-9,38678516;0,00000000
-9,38178516;0,46598175
-9,37678516;0,46598175
-9,37178516;0,00000000
-9,36678516;-0,93196350
-9,36178516;0,00000000
-9,35678516;0,00000000
-9,35178516;0,00000000
-9,34678516;0,46598175
-9,34178516;0,00000000
-9,33678516;0,00000000
-9,33178516;-0,93196350
-9,32678516;-0,93196350
-9,32178516;0,00000000
-9,31678516;0,93196350
-9,31178516;0,46598175
-9,30678516;0,00000000
-9,30178516;0,93196350
-9,29678516;0,46598175
-9,29178516;0,46598175
-9,28678516;0,00000000
-9,28178516;-0,46598175
-9,27678516;0,46598175
-9,27178516;-0,46598175
-9,26678516;-0,46598175
-9,26178516;-0,46598175
-9,25678516;0,00000000
-9,25178516;0,00000000
-9,24678516;0,93196350
-9,24178516;0,46598175
-9,23678516;0,00000000
-9,23178516;-0,46598175
-9,22678516;0,00000000
-9,22178516;0,00000000
-9,21678516;0,00000000
-9,21178516;-0,46598175
-9,20678517;-0,46598175
-9,20178517;-0,93196350
-9,19678517;-0,46598175
-9,19178517;2,33298445
-9,18678517;0,46598175
-9,18178517;0,00000000
-9,17678517;-0,46598175
-9,17178517;0,00000000
-9,16678517;5,59947062
-9,16178517;0,46598175
-9,15678517;0,46598175
-9,15178517;0,46598175
-9,14678517;-0,46598175
-9,14178517;0,93196350
-9,13678517;-0,46598175
-9,13178517;-0,46598175
-9,12678517;0,46598175
-9,12178517;0,46598175
-9,11678517;0,00000000
-9,11178517;-1,39948320
-9,10678517;0,00000000
-9,10178517;0,46598175
-9,09678517;0,46598175
-9,09178517;0,46598175
-9,08678517;0,00000000
-9,08178517;0,00000000
-9,07678517;0,00000000
-9,07178517;0,46598175
-9,06678517;-0,46598175
-9,06178517;0,46598175
-9,05678517;0,00000000
-9,05178517;-0,46598175
-9,04678517;0,93196350
-9,04178517;0,46598175
-9,03678517;0,00000000
-9,03178517;-1,86546493
-9,02678517;0,46598175
-9,02178517;0,00000000
-9,01678517;0,46598175
-9,01178517;0,00000000
-9,00678517;0,46598175
-9,00178517;0,00000000
-8,99678517;-1,39948320
-8,99178517;0,00000000
-8,98678517;-1,39948320
-8,98178517;0,46598175
-8,97678517;0,00000000
-8,97178517;0,00000000
-8,96678517;0,46598175
-8,96178517;-0,46598175
-8,95678517;-0,46598175
-8,95178517;-0,46598175
-8,94678517;0,46598175
-8,94178517;0,46598175
-8,93678517;0,46598175
-8,93178517;0,00000000
-8,92678517;-0,93196350
-8,92178517;0,00000000
-8,91678517;0,93196350
-8,91178517;0,00000000
-8,90678517;0,00000000
-8,90178517;0,00000000
-8,89678517;-0,46598175
-8,89178517;0,00000000
-8,88678517;0,46598175
-8,88178517;0,46598175
-8,87678517;0,93196350
-8,87178517;0,00000000
-8,86678517;0,93196350
-8,86178517;0,93196350
-8,85678517;-0,46598175
-8,85178517;0,00000000
-8,84678517;-2,79896641
-8,84178517;-0,93196350
-8,83678517;-0,46598175
-8,83178517;0,00000000
-8,82678517;0,46598175
-8,82178517;-0,46598175
-8,81678517;0,46598175
-8,81178518;-0,93196350
-8,80678518;0,46598175
-8,80178518;0,93196350
-8,79678518;0,00000000
-8,79178518;-0,46598175
-8,78678518;-1,39948320
-8,78178518;0,93196350
-8,77678518;0,46598175
-8,77178518;0,00000000
-8,76678518;0,00000000
-8,76178518;0,00000000
-8,75678518;-0,46598175
-8,75178518;0,46598175
-8,74678518;2,33298445
-8,74178518;0,46598175
-8,73678518;0,00000000
-8,73178518;-1,86546493
-8,72678518;0,46598175
-8,72178518;0,00000000
-8,71678518;-0,46598175
-8,71178518;0,00000000
-8,70678518;-2,33298445
-8,70178518;0,46598175
-8,69678518;-1,86546493
-8,69178518;0,00000000
-8,68678518;0,00000000
-8,68178518;-0,46598175
-8,67678518;0,00000000
-8,67178518;0,46598175
-8,66678518;0,00000000
-8,66178518;0,93196350
-8,65678518;-0,46598175
-8,65178518;0,46598175
-8,64678518;-0,46598175
-8,64178518;0,46598175
-8,63678518;-0,93196350
-8,63178518;-0,46598175
-8,62678518;0,00000000
-8,62178518;0,00000000
-8,61678518;-0,93196350
-8,61178518;0,46598175
-8,60678518;0,00000000
-8,60178518;0,46598175
-8,59678518;-0,93196350
-8,59178518;-0,46598175
-8,58678518;0,46598175
-8,58178518;0,46598175
-8,57678518;-0,46598175
-8,57178518;0,46598175
-8,56678518;0,00000000
-8,56178518;0,00000000
-8,55678518;0,46598175
-8,55178518;-0,46598175
-8,54678518;0,00000000
-8,54178518;-0,93196350
-8,53678518;0,46598175
-8,53178518;-0,93196350
-8,52678518;0,46598175
-8,52178518;0,00000000
-8,51678518;0,00000000
-8,51178518;0,46598175
-8,50678518;0,00000000
-8,50178518;-0,46598175
-8,49678518;0,46598175
-8,49178518;0,93196350
-8,48678518;0,00000000
-8,48178518;0,00000000
-8,47678518;0,46598175
-8,47178518;0,00000000
-8,46678518;0,46598175
-8,46178518;-0,46598175
-8,45678518;-0,46598175
-8,45178518;0,46598175
-8,44678518;-0,46598175
-8,44178518;0,46598175
-8,43678518;0,00000000
-8,43178518;0,46598175
-8,42678518;0,00000000
-8,42178518;0,46598175
-8,41678519;0,00000000
-8,41178519;-0,46598175
-8,40678519;0,00000000
-8,40178519;0,93196350
-8,39678519;0,93196350
-8,39178519;0,46598175
-8,38678519;-0,46598175
-8,38178519;0,00000000
-8,37678519;0,00000000
-8,37178519;0,93196350
-8,36678519;0,00000000
-8,36178519;0,00000000
-8,35678519;0,00000000
-8,35178519;0,00000000
-8,34678519;0,93196350
-8,34178519;-0,46598175
-8,33678519;0,00000000
-8,33178519;1,39948320
-8,32678519;0,46598175
-8,32178519;-0,46598175
-8,31678519;0,00000000
-8,31178519;0,46598175
-8,30678519;0,00000000
-8,30178519;-0,46598175
-8,29678519;-0,93196350
-8,29178519;0,00000000
-8,28678519;-0,93196350
-8,28178519;0,93196350
-8,27678519;0,00000000
-8,27178519;0,93196350
-8,26678519;0,46598175
-8,26178519;-0,46598175
-8,25678519;0,46598175
-8,25178519;0,00000000
-8,24678519;0,46598175
-8,24178519;-0,93196350
-8,23678519;0,46598175
-8,23178519;-0,93196350
-8,22678519;0,00000000
-8,22178519;0,00000000
-8,21678519;0,00000000
-8,21178519;-0,46598175
-8,20678519;0,00000000
-8,20178519;0,93196350
-8,19678519;0,00000000
-8,19178519;-0,93196350
-8,18678519;0,46598175
-8,18178519;-0,46598175
-8,17678519;0,46598175
-8,17178519;0,93196350
-8,16678519;-0,46598175
-8,16178519;0,46598175
-8,15678519;0,00000000
-8,15178519;0,46598175
-8,14678519;0,46598175
-8,14178519;0,46598175
-8,13678519;0,00000000
-8,13178519;-0,93196350
-8,12678519;0,00000000
-8,12178519;0,93196350
-8,11678519;0,00000000
-8,11178519;0,46598175
-8,10678519;-0,93196350
-8,10178519;0,93196350
-8,09678519;0,46598175
-8,09178519;0,00000000
-8,08678519;0,00000000
-8,08178519;0,93196350
-8,07678519;0,00000000
-8,07178519;0,00000000
-8,06678519;0,00000000
-8,06178519;-0,46598175
-8,05678519;0,46598175
-8,05178519;0,46598175
-8,04678519;-0,46598175
-8,04178519;0,93196350
-8,03678519;0,93196350
-8,03178519;0,00000000
-8,02678519;0,00000000
-8,02178520;-0,46598175
-8,01678520;0,00000000
-8,01178520;0,00000000
-8,00678520;0,00000000
-8,00178520;0,00000000
-7,99678520;0,46598175
-7,99178520;-2,33298445
-7,98678520;0,00000000
-7,98178520;0,46598175
-7,97678520;0,46598175
-7,97178520;0,46598175
-7,96678520;0,46598175
-7,96178520;0,46598175
-7,95678520;-0,46598175
-7,95178520;1,86546493
-7,94678520;0,00000000
-7,94178520;0,46598175
-7,93678520;0,46598175
-7,93178520;0,93196350
-7,92678520;0,46598175
-7,92178520;0,00000000
-7,91678520;-0,93196350
-7,91178520;0,00000000
-7,90678520;-0,46598175
-7,90178520;-0,46598175
-7,89678520;0,46598175
-7,89178520;0,46598175
-7,88678520;-0,46598175
-7,88178520;-0,46598175
-7,87678520;0,00000000
-7,87178520;0,00000000
-7,86678520;0,46598175
-7,86178520;0,00000000
-7,85678520;-0,93196350
-7,85178520;0,00000000
-7,84678520;0,46598175
-7,84178520;0,00000000
-7,83678520;0,00000000
-7,83178520;0,93196350
-7,82678520;-0,93196350
-7,82178520;0,00000000
-7,81678520;0,00000000
-7,81178520;0,00000000
-7,80678520;0,00000000
-7,80178520;0,00000000
-7,79678520;-0,46598175
-7,79178520;0,00000000
-7,78678520;0,46598175
-7,78178520;0,00000000
-7,77678520;0,46598175
-7,77178520;0,46598175
-7,76678520;0,46598175
-7,76178520;0,46598175
-7,75678520;-0,46598175
-7,75178520;0,46598175
-7,74678520;0,46598175
-7,74178520;-0,46598175
-7,73678520;0,46598175
-7,73178520;0,46598175
-7,72678520;0,46598175
-7,72178520;0,00000000
-7,71678520;-0,46598175
-7,71178520;0,00000000
-7,70678520;0,00000000
-7,70178520;0,00000000
-7,69678520;-0,46598175
-7,69178520;1,86546493
-7,68678520;0,46598175
-7,68178520;-0,46598175
-7,67678520;0,00000000
-7,67178520;0,00000000
-7,66678520;0,00000000
-7,66178520;0,00000000
-7,65678520;0,00000000
-7,65178520;0,00000000
-7,64678520;-0,93196350
-7,64178520;0,46598175
-7,63678520;0,00000000
-7,63178520;0,46598175
-7,62678521;0,00000000
-7,62178521;0,46598175
-7,61678521;0,00000000
-7,61178521;0,46598175
-7,60678521;-0,93196350
-7,60178521;0,46598175
-7,59678521;-0,46598175
-7,59178521;0,46598175
-7,58678521;0,00000000
-7,58178521;0,46598175
-7,57678521;-0,46598175
-7,57178521;0,46598175
-7,56678521;0,46598175
-7,56178521;0,46598175
-7,55678521;0,46598175
-7,55178521;0,46598175
-7,54678521;0,46598175
-7,54178521;0,46598175
-7,53678521;0,46598175
-7,53178521;-0,46598175
-7,52678521;0,00000000
-7,52178521;0,46598175
-7,51678521;-1,86546493
-7,51178521;0,00000000
-7,50678521;-0,93196350
-7,50178521;0,46598175
-7,49678521;0,93196350
-7,49178521;0,00000000
-7,48678521;0,46598175
-7,48178521;1,39948320
-7,47678521;0,00000000
-7,47178521;0,46598175
-7,46678521;0,46598175
-7,46178521;0,00000000
-7,45678521;0,93196350
-7,45178521;-0,46598175
-7,44678521;-0,93196350
-7,44178521;-0,46598175
-7,43678521;-0,93196350
-7,43178521;0,00000000
-7,42678521;0,00000000
-7,42178521;-0,46598175
-7,41678521;0,46598175
-7,41178521;-0,93196350
-7,40678521;0,00000000
-7,40178521;-0,93196350
-7,39678521;0,00000000
-7,39178521;0,00000000
-7,38678521;0,00000000
-7,38178521;0,00000000
-7,37678521;0,46598175
-7,37178521;0,46598175
-7,36678521;0,46598175
-7,36178521;0,00000000
-7,35678521;0,46598175
-7,35178521;0,00000000
-7,34678521;0,93196350
-7,34178521;0,46598175
-7,33678521;1,39948320
-7,33178521;-1,86546493
-7,32678521;0,00000000
-7,32178521;0,00000000
-7,31678521;0,00000000
-7,31178521;0,00000000
-7,30678521;0,46598175
-7,30178521;0,93196350
-7,29678521;0,00000000
-7,29178521;0,00000000
-7,28678521;0,00000000
-7,28178521;0,00000000
-7,27678521;-0,46598175
-7,27178521;-0,46598175
-7,26678521;0,46598175
-7,26178521;-0,46598175
-7,25678521;-0,46598175
-7,25178521;-0,46598175
-7,24678521;-0,46598175
-7,24178521;-0,46598175
-7,23678521;0,00000000
-7,23178522;0,46598175
-7,22678522;0,00000000
-7,22178522;0,00000000
-7,21678522;0,00000000
-7,21178522;0,46598175
-7,20678522;0,00000000
-7,20178522;1,39948320
-7,19678522;0,00000000
-7,19178522;-0,93196350
-7,18678522;-0,46598175
-7,18178522;0,00000000
-7,17678522;-0,46598175
-7,17178522;-0,46598175
-7,16678522;0,46598175
-7,16178522;0,46598175
-7,15678522;0,00000000
-7,15178522;0,00000000
-7,14678522;0,00000000
-7,14178522;-0,46598175
-7,13678522;0,00000000
-7,13178522;0,00000000
-7,12678522;0,00000000
-7,12178522;0,00000000
-7,11678522;0,46598175
-7,11178522;0,00000000
-7,10678522;0,00000000
-7,10178522;0,00000000
-7,09678522;0,00000000
-7,09178522;-0,93196350
-7,08678522;0,46598175
-7,08178522;0,46598175
-7,07678522;0,46598175
-7,07178522;0,93196350
-7,06678522;0,46598175
-7,06178522;0,00000000
-7,05678522;0,00000000
-7,05178522;0,46598175
-7,04678522;0,46598175
-7,04178522;0,46598175
-7,03678522;0,00000000
-7,03178522;-0,93196350
-7,02678522;-0,46598175
-7,02178522;0,00000000
-7,01678522;0,00000000
-7,01178522;-0,46598175
-7,00678522;0,00000000
-7,00178522;-0,46598175
-6,99678522;0,46598175
-6,99178522;0,46598175
-6,98678522;0,00000000
-6,98178522;0,46598175
-6,97678522;0,46598175
-6,97178522;0,46598175
-6,96678522;0,46598175
-6,96178522;0,00000000
-6,95678522;-0,46598175
-6,95178522;0,46598175
-6,94678522;0,00000000
-6,94178522;0,00000000
-6,93678522;0,93196350
-6,93178522;0,93196350
-6,92678522;0,00000000
-6,92178522;0,00000000
-6,91678522;0,46598175
-6,91178522;-0,93196350
-6,90678522;-0,46598175
-6,90178522;0,00000000
-6,89678522;0,46598175
-6,89178522;0,93196350
-6,88678522;0,46598175
-6,88178522;0,00000000
-6,87678522;0,00000000
-6,87178522;0,00000000
-6,86678522;0,46598175
-6,86178522;0,00000000
-6,85678522;0,00000000
-6,85178522;0,46598175
-6,84678522;-0,46598175
-6,84178522;0,00000000
-6,83678522;-0,46598175
-6,83178523;0,00000000
-6,82678523;0,00000000
-6,82178523;0,00000000
-6,81678523;0,00000000
-6,81178523;-0,46598175
-6,80678523;0,46598175
-6,80178523;0,46598175
-6,79678523;0,00000000
-6,79178523;0,46598175
-6,78678523;-0,93196350
-6,78178523;0,93196350
-6,77678523;0,93196350
-6,77178523;0,00000000
-6,76678523;0,46598175
-6,76178523;0,46598175
-6,75678523;0,00000000
-6,75178523;-3,26648593
-6,74678523;0,00000000
-6,74178523;0,46598175
-6,73678523;0,00000000
-6,73178523;0,46598175
-6,72678523;0,46598175
-6,72178523;0,00000000
-6,71678523;-1,39948320
-6,71178523;0,00000000
-6,70678523;0,00000000
-6,70178523;0,00000000
-6,69678523;0,46598175
-6,69178523;-0,46598175
-6,68678523;0,93196350
-6,68178523;0,00000000
-6,67678523;0,00000000
-6,67178523;0,46598175
-6,66678523;-0,93196350
-6,66178523;11,20047951
-6,65678523;0,46598175
-6,65178523;0,46598175
-6,64678523;-0,46598175
-6,64178523;0,00000000
-6,63678523;0,00000000
-6,63178523;0,00000000
-6,62678523;0,46598175
-6,62178523;-0,93196350
-6,61678523;-0,93196350
-6,61178523;0,46598175
-6,60678523;0,46598175
-6,60178523;-0,46598175
-6,59678523;0,46598175
-6,59178523;0,46598175
-6,58678523;-0,46598175
-6,58178523;0,46598175
-6,57678523;-0,46598175
-6,57178523;0,00000000
-6,56678523;0,00000000
-6,56178523;0,46598175
-6,55678523;0,46598175
-6,55178523;0,93196350
-6,54678523;-0,93196350
-6,54178523;0,46598175
-6,53678523;0,46598175
-6,53178523;-0,93196350
-6,52678523;-0,46598175
-6,52178523;0,46598175
-6,51678523;0,93196350
-6,51178523;0,93196350
-6,50678523;-0,46598175
-6,50178523;-0,46598175
-6,49678523;0,46598175
-6,49178523;0,00000000
-6,48678523;-0,46598175
-6,48178523;0,00000000
-6,47678523;-0,93196350
-6,47178523;0,46598175
-6,46678523;0,46598175
-6,46178523;-0,46598175
-6,45678523;0,46598175
-6,45178523;-0,46598175
-6,44678523;0,00000000
-6,44178523;0,00000000
-6,43678524;0,00000000
-6,43178524;0,93196350
-6,42678524;0,46598175
-6,42178524;0,00000000
-6,41678524;-0,46598175
-6,41178524;-0,46598175
-6,40678524;-0,93196350
-6,40178524;-0,93196350
-6,39678524;0,00000000
-6,39178524;0,46598175
-6,38678524;0,00000000
-6,38178524;-0,46598175
-6,37678524;0,00000000
-6,37178524;0,46598175
-6,36678524;0,46598175
-6,36178524;0,00000000
-6,35678524;0,46598175
-6,35178524;0,46598175
-6,34678524;0,00000000
-6,34178524;0,46598175
-6,33678524;0,46598175
-6,33178524;2,33298445
-6,32678524;0,00000000
-6,32178524;-0,93196350
-6,31678524;-0,93196350
-6,31178524;0,00000000
-6,30678524;0,46598175
-6,30178524;-0,46598175
-6,29678524;-0,46598175
-6,29178524;0,00000000
-6,28678524;0,00000000
-6,28178524;0,46598175
-6,27678524;0,00000000
-6,27178524;0,46598175
-6,26678524;-0,46598175
-6,26178524;0,93196350
-6,25678524;0,46598175
-6,25178524;0,46598175
-6,24678524;-1,39948320
-6,24178524;-0,46598175
-6,23678524;0,93196350
-6,23178524;0,46598175
-6,22678524;-0,46598175
-6,22178524;0,00000000
-6,21678524;0,93196350
-6,21178524;1,39948320
-6,20678524;0,00000000
-6,20178524;0,00000000
-6,19678524;0,00000000
-6,19178524;0,46598175
-6,18678524;0,46598175
-6,18178524;0,00000000
-6,17678524;0,00000000
-6,17178524;0,00000000
-6,16678524;0,00000000
-6,16178524;0,00000000
-6,15678524;0,46598175
-6,15178524;0,46598175
-6,14678524;0,00000000
-6,14178524;-0,46598175
-6,13678524;0,00000000
-6,13178524;0,46598175
-6,12678524;0,00000000
-6,12178524;0,46598175
-6,11678524;0,93196350
-6,11178524;0,00000000
-6,10678524;0,00000000
-6,10178524;-1,86546493
-6,09678524;0,00000000
-6,09178524;0,00000000
-6,08678524;-0,46598175
-6,08178524;0,00000000
-6,07678524;1,39948320
-6,07178524;-0,46598175
-6,06678524;-0,46598175
-6,06178524;0,00000000
-6,05678524;0,00000000
-6,05178524;0,00000000
-6,04678524;-0,93196350
-6,04178525;0,46598175
-6,03678525;0,00000000
-6,03178525;0,00000000
-6,02678525;0,93196350
-6,02178525;0,00000000
-6,01678525;0,46598175
-6,01178525;0,00000000
-6,00678525;0,46598175
-6,00178525;0,46598175
-5,99678525;-0,46598175
-5,99178525;0,00000000
-5,98678525;0,46598175
-5,98178525;0,46598175
-5,97678525;0,93196350
-5,97178525;0,00000000
-5,96678525;-0,46598175
-5,96178525;0,00000000
-5,95678525;0,93196350
-5,95178525;0,00000000
-5,94678525;0,46598175
-5,94178525;-0,46598175
-5,93678525;0,00000000
-5,93178525;0,46598175
-5,92678525;0,46598175
-5,92178525;0,93196350
-5,91678525;-1,86546493
-5,91178525;0,46598175
-5,90678525;0,00000000
-5,90178525;0,00000000
-5,89678525;-6,06699038
-5,89178525;0,00000000
-5,88678525;0,93196350
-5,88178525;0,00000000
-5,87678525;-0,93196350
-5,87178525;0,00000000
-5,86678525;0,00000000
-5,86178525;0,46598175
-5,85678525;0,00000000
-5,85178525;0,46598175
-5,84678525;0,46598175
-5,84178525;0,00000000
-5,83678525;0,46598175
-5,83178525;0,93196350
-5,82678525;0,46598175
-5,82178525;0,46598175
-5,81678525;0,46598175
-5,81178525;0,46598175
-5,80678525;0,46598175
-5,80178525;0,00000000
-5,79678525;1,39948320
-5,79178525;0,46598175
-5,78678525;0,46598175
-5,78178525;-0,46598175
-5,77678525;0,00000000
-5,77178525;-0,46598175
-5,76678525;0,00000000
-5,76178525;0,93196350
-5,75678525;0,46598175
-5,75178525;-0,46598175
-5,74678525;-0,93196350
-5,74178525;0,93196350
-5,73678525;0,00000000
-5,73178525;0,00000000
-5,72678525;0,46598175
-5,72178525;0,00000000
-5,71678525;0,00000000
-5,71178525;0,00000000
-5,70678525;0,46598175
-5,70178525;0,00000000
-5,69678525;1,86546493
-5,69178525;0,00000000
-5,68678525;0,46598175
-5,68178525;0,46598175
-5,67678525;0,00000000
-5,67178525;0,46598175
-5,66678525;0,00000000
-5,66178525;0,93196350
-5,65678525;-0,93196350
-5,65178525;0,00000000
-5,64678526;0,00000000
-5,64178526;0,46598175
-5,63678526;0,46598175
-5,63178526;0,00000000
-5,62678526;0,46598175
-5,62178526;0,00000000
-5,61678526;0,00000000
-5,61178526;0,46598175
-5,60678526;0,46598175
-5,60178526;0,46598175
-5,59678526;0,00000000
-5,59178526;0,00000000
-5,58678526;0,46598175
-5,58178526;0,00000000
-5,57678526;0,46598175
-5,57178526;0,46598175
-5,56678526;0,46598175
-5,56178526;0,93196350
-5,55678526;0,00000000
-5,55178526;0,00000000
-5,54678526;-0,93196350
-5,54178526;0,00000000
-5,53678526;0,46598175
-5,53178526;0,46598175
-5,52678526;0,46598175
-5,52178526;0,46598175
-5,51678526;-0,46598175
-5,51178526;0,46598175
-5,50678526;0,00000000
-5,50178526;0,93196350
-5,49678526;-0,93196350
-5,49178526;0,00000000
-5,48678526;-0,46598175
-5,48178526;0,00000000
-5,47678526;0,00000000
-5,47178526;0,46598175
-5,46678526;0,00000000
-5,46178526;0,46598175
-5,45678526;0,46598175
-5,45178526;0,00000000
-5,44678526;0,93196350
-5,44178526;0,00000000
-5,43678526;-0,46598175
-5,43178526;0,00000000
-5,42678526;-0,93196350
-5,42178526;-0,46598175
-5,41678526;-0,93196350
-5,41178526;0,00000000
-5,40678526;0,00000000
-5,40178526;-0,46598175
-5,39678526;0,46598175
-5,39178526;0,00000000
-5,38678526;0,00000000
-5,38178526;0,46598175
-5,37678526;0,00000000
-5,37178526;0,00000000
-5,36678526;0,00000000
-5,36178526;0,00000000
-5,35678526;-0,46598175
-5,35178526;0,00000000
-5,34678526;-0,46598175
-5,34178526;0,46598175
-5,33678526;-0,46598175
-5,33178526;0,46598175
-5,32678526;0,93196350
-5,32178526;0,46598175
-5,31678526;-0,93196350
-5,31178526;0,46598175
-5,30678526;-0,46598175
-5,30178526;-0,46598175
-5,29678526;0,00000000
-5,29178526;1,39948320
-5,28678526;0,00000000
-5,28178526;0,00000000
-5,27678526;0,46598175
-5,27178526;0,46598175
-5,26678526;-0,93196350
-5,26178526;0,93196350
-5,25678526;-0,46598175
-5,25178527;0,46598175
-5,24678527;-0,46598175
-5,24178527;0,00000000
-5,23678527;0,93196350
-5,23178527;0,00000000
-5,22678527;0,00000000
-5,22178527;0,00000000
-5,21678527;0,46598175
-5,21178527;0,00000000
-5,20678527;0,46598175
-5,20178527;0,00000000
-5,19678527;0,46598175
-5,19178527;0,00000000
-5,18678527;0,00000000
-5,18178527;0,46598175
-5,17678527;-0,93196350
-5,17178527;0,00000000
-5,16678527;-0,46598175
-5,16178527;-0,93196350
-5,15678527;-0,46598175
-5,15178527;0,93196350
-5,14678527;0,00000000
-5,14178527;-0,46598175
-5,13678527;0,46598175
-5,13178527;0,00000000
-5,12678527;0,00000000
-5,12178527;0,46598175
-5,11678527;0,00000000
-5,11178527;0,00000000
-5,10678527;-0,46598175
-5,10178527;1,39948320
-5,09678527;0,00000000
-5,09178527;0,00000000
-5,08678527;-0,46598175
-5,08178527;0,93196350
-5,07678527;0,00000000
-5,07178527;0,93196350
-5,06678527;-1,39948320
-5,06178527;-0,46598175
-5,05678527;0,46598175
-5,05178527;0,00000000
-5,04678527;0,00000000
-5,04178527;0,46598175
-5,03678527;0,00000000
-5,03178527;-1,39948320
-5,02678527;0,00000000
-5,02178527;0,93196350
-5,01678527;0,00000000
-5,01178527;0,00000000
-5,00678527;-0,46598175
-5,00178527;0,00000000
-4,99678527;-0,93196350
-4,99178527;0,00000000
-4,98678527;0,00000000
-4,98178527;0,46598175
-4,97678527;0,00000000
-4,97178527;0,46598175
-4,96678527;0,46598175
-4,96178527;0,46598175
-4,95678527;0,93196350
-4,95178527;0,46598175
-4,94678527;0,46598175
-4,94178527;-0,46598175
-4,93678527;0,46598175
-4,93178527;-0,46598175
-4,92678527;0,00000000
-4,92178527;0,46598175
-4,91678527;-0,93196350
-4,91178527;0,00000000
-4,90678527;-0,46598175
-4,90178527;0,00000000
-4,89678527;0,00000000
-4,89178527;0,00000000
-4,88678527;0,93196350
-4,88178527;0,46598175
-4,87678527;0,00000000
-4,87178527;0,46598175
-4,86678527;-0,93196350
-4,86178527;0,00000000
-4,85678528;0,46598175
-4,85178528;-0,46598175
-4,84678528;0,46598175
-4,84178528;0,46598175
-4,83678528;0,46598175
-4,83178528;0,46598175
-4,82678528;0,46598175
-4,82178528;0,46598175
-4,81678528;-0,46598175
-4,81178528;0,46598175
-4,80678528;0,46598175
-4,80178528;0,46598175
-4,79678528;0,00000000
-4,79178528;0,93196350
-4,78678528;0,46598175
-4,78178528;0,00000000
-4,77678528;0,00000000
-4,77178528;0,93196350
-4,76678528;-0,46598175
-4,76178528;0,00000000
-4,75678528;0,46598175
-4,75178528;0,00000000
-4,74678528;-0,46598175
-4,74178528;0,00000000
-4,73678528;0,46598175
-4,73178528;1,39948320
-4,72678528;-0,93196350
-4,72178528;0,93196350
-4,71678528;-2,33298445
-4,71178528;0,00000000
-4,70678528;0,46598175
-4,70178528;0,46598175
-4,69678528;0,46598175
-4,69178528;0,46598175
-4,68678528;0,46598175
-4,68178528;0,00000000
-4,67678528;-0,46598175
-4,67178528;0,46598175
-4,66678528;0,00000000
-4,66178528;0,46598175
-4,65678528;0,46598175
-4,65178528;0,46598175
-4,64678528;-0,46598175
-4,64178528;-0,93196350
-4,63678528;0,46598175
-4,63178528;0,00000000
-4,62678528;0,00000000
-4,62178528;0,00000000
-4,61678528;0,00000000
-4,61178528;0,00000000
-4,60678528;-0,46598175
-4,60178528;0,00000000
-4,59678528;0,00000000
-4,59178528;0,93196350
-4,58678528;-0,46598175
-4,58178528;0,00000000
-4,57678528;-0,46598175
-4,57178528;0,00000000
-4,56678528;-0,46598175
-4,56178528;0,46598175
-4,55678528;0,00000000
-4,55178528;-1,39948320
-4,54678528;0,00000000
-4,54178528;0,00000000
-4,53678528;0,00000000
-4,53178528;0,46598175
-4,52678528;0,00000000
-4,52178528;0,00000000
-4,51678528;0,46598175
-4,51178528;0,46598175
-4,50678528;0,46598175
-4,50178528;1,39948320
-4,49678528;-0,46598175
-4,49178528;0,46598175
-4,48678528;-0,46598175
-4,48178528;0,46598175
-4,47678528;0,93196350
-4,47178528;0,93196350
-4,46678528;0,46598175
-4,46178528;0,46598175
-4,45678529;0,00000000
-4,45178529;0,00000000
-4,44678529;0,00000000
-4,44178529;-0,46598175
-4,43678529;0,00000000
-4,43178529;0,00000000
-4,42678529;0,46598175
-4,42178529;0,00000000
-4,41678529;-0,46598175
-4,41178529;0,46598175
-4,40678529;0,00000000
-4,40178529;0,00000000
-4,39678529;0,00000000
-4,39178529;0,00000000
-4,38678529;-0,93196350
-4,38178529;0,00000000
-4,37678529;0,46598175
-4,37178529;0,00000000
-4,36678529;0,46598175
-4,36178529;0,00000000
-4,35678529;0,46598175
-4,35178529;0,46598175
-4,34678529;0,00000000
-4,34178529;0,46598175
-4,33678529;0,46598175
-4,33178529;0,00000000
-4,32678529;0,93196350
-4,32178529;0,46598175
-4,31678529;-0,46598175
-4,31178529;0,93196350
-4,30678529;0,00000000
-4,30178529;0,93196350
-4,29678529;0,00000000
-4,29178529;-0,93196350
-4,28678529;-0,46598175
-4,28178529;0,46598175
-4,27678529;0,93196350
-4,27178529;-0,46598175
-4,26678529;-0,46598175
-4,26178529;0,00000000
-4,25678529;0,00000000
-4,25178529;0,46598175
-4,24678529;0,93196350
-4,24178529;0,46598175
-4,23678529;-0,93196350
-4,23178529;-0,46598175
-4,22678529;-0,46598175
-4,22178529;0,00000000
-4,21678529;0,46598175
-4,21178529;0,93196350
-4,20678529;0,00000000
-4,20178529;0,00000000
-4,19678529;-0,46598175
-4,19178529;0,93196350
-4,18678529;0,46598175
-4,18178529;0,46598175
-4,17678529;0,93196350
-4,17178529;0,00000000
-4,16678529;0,00000000
-4,16178529;0,46598175
-4,15678529;-0,93196350
-4,15178529;0,00000000
-4,14678529;0,00000000
-4,14178529;0,00000000
-4,13678529;-0,46598175
-4,13178529;-0,46598175
-4,12678529;-1,86546493
-4,12178529;0,00000000
-4,11678529;0,93196350
-4,11178529;0,46598175
-4,10678529;-0,46598175
-4,10178529;0,00000000
-4,09678529;-0,46598175
-4,09178529;0,00000000
-4,08678529;0,46598175
-4,08178529;-0,46598175
-4,07678529;-0,46598175
-4,07178529;0,93196350
-4,06678529;0,46598175
-4,06178530;0,93196350
-4,05678530;0,93196350
-4,05178530;1,39948320
-4,04678530;0,00000000
-4,04178530;0,46598175
-4,03678530;0,46598175
-4,03178530;0,46598175
-4,02678530;-0,93196350
-4,02178530;-0,46598175
-4,01678530;-0,46598175
-4,01178530;-0,93196350
-4,00678530;0,00000000
-4,00178530;0,46598175
-3,99678530;-0,46598175
-3,99178530;0,46598175
-3,98678530;0,46598175
-3,98178530;0,46598175
-3,97678530;0,46598175
-3,97178530;-0,93196350
-3,96678530;0,93196350
-3,96178530;0,00000000
-3,95678530;0,00000000
-3,95178530;0,46598175
-3,94678530;0,46598175
-3,94178530;-14,00098324
-3,93678530;-0,46598175
-3,93178530;0,00000000
-3,92678530;-0,46598175
-3,92178530;0,46598175
-3,91678530;0,00000000
-3,91178530;0,93196350
-3,90678530;0,00000000
-3,90178530;0,93196350
-3,89678530;-0,46598175
-3,89178530;0,46598175
-3,88678530;0,46598175
-3,88178530;-1,39948320
-3,87678530;-0,93196350
-3,87178530;0,46598175
-3,86678530;0,00000000
-3,86178530;0,46598175
-3,85678530;0,46598175
-3,85178530;0,00000000
-3,84678530;0,46598175
-3,84178530;-0,46598175
-3,83678530;0,93196350
-3,83178530;0,46598175
-3,82678530;0,00000000
-3,82178530;0,46598175
-3,81678530;0,46598175
-3,81178530;0,46598175
-3,80678530;-0,46598175
-3,80178530;0,46598175
-3,79678530;0,46598175
-3,79178530;0,00000000
-3,78678530;-0,46598175
-3,78178530;0,00000000
-3,77678530;0,00000000
-3,77178530;-0,46598175
-3,76678530;0,46598175
-3,76178530;0,46598175
-3,75678530;0,00000000
-3,75178530;0,00000000
-3,74678530;-0,93196350
-3,74178530;0,46598175
-3,73678530;0,46598175
-3,73178530;0,00000000
-3,72678530;0,46598175
-3,72178530;0,00000000
-3,71678530;-0,46598175
-3,71178530;0,00000000
-3,70678530;0,00000000
-3,70178530;-0,93196350
-3,69678530;0,46598175
-3,69178530;-0,46598175
-3,68678530;0,00000000
-3,68178530;-0,46598175
-3,67678530;0,46598175
-3,67178530;-0,46598175
-3,66678531;-0,46598175
-3,66178531;0,46598175
-3,65678531;0,00000000
-3,65178531;0,93196350
-3,64678531;0,46598175
-3,64178531;-0,46598175
-3,63678531;0,00000000
-3,63178531;0,00000000
-3,62678531;0,46598175
-3,62178531;-0,93196350
-3,61678531;0,46598175
-3,61178531;0,46598175
-3,60678531;0,00000000
-3,60178531;0,00000000
-3,59678531;-0,46598175
-3,59178531;0,00000000
-3,58678531;-0,46598175
-3,58178531;0,00000000
-3,57678531;-0,46598175
-3,57178531;-0,46598175
-3,56678531;0,46598175
-3,56178531;0,00000000
-3,55678531;0,00000000
-3,55178531;0,46598175
-3,54678531;0,00000000
-3,54178531;0,00000000
-3,53678531;0,00000000
-3,53178531;0,00000000
-3,52678531;0,00000000
-3,52178531;0,46598175
-3,51678531;1,39948320
-3,51178531;0,93196350
-3,50678531;0,46598175
-3,50178531;1,39948320
-3,49678531;0,46598175
-3,49178531;0,00000000
-3,48678531;-0,46598175
-3,48178531;0,46598175
-3,47678531;0,46598175
-3,47178531;0,00000000
-3,46678531;-0,93196350
-3,46178531;0,00000000
-3,45678531;0,93196350
-3,45178531;0,00000000
-3,44678531;-0,93196350
-3,44178531;0,46598175
-3,43678531;0,00000000
-3,43178531;0,46598175
-3,42678531;0,00000000
-3,42178531;0,00000000
-3,41678531;-0,46598175
-3,41178531;-0,46598175
-3,40678531;0,00000000
-3,40178531;0,00000000
-3,39678531;0,00000000
-3,39178531;-0,93196350
-3,38678531;-0,46598175
-3,38178531;0,46598175
-3,37678531;0,00000000
-3,37178531;-0,46598175
-3,36678531;0,00000000
-3,36178531;1,39948320
-3,35678531;-0,46598175
-3,35178531;-0,46598175
-3,34678531;0,00000000
-3,34178531;-0,93196350
-3,33678531;0,00000000
-3,33178531;0,46598175
-3,32678531;-0,93196350
-3,32178531;0,00000000
-3,31678531;0,00000000
-3,31178531;0,00000000
-3,30678531;0,00000000
-3,30178531;0,93196350
-3,29678531;0,00000000
-3,29178531;0,46598175
-3,28678531;-0,93196350
-3,28178531;0,46598175
-3,27678531;0,00000000
-3,27178532;0,46598175
-3,26678532;0,00000000
-3,26178532;-0,46598175
-3,25678532;0,46598175
-3,25178532;0,46598175
-3,24678532;0,00000000
-3,24178532;0,00000000
-3,23678532;0,46598175
-3,23178532;0,93196350
-3,22678532;-0,93196350
-3,22178532;0,46598175
-3,21678532;0,93196350
-3,21178532;0,93196350
-3,20678532;0,00000000
-3,20178532;0,93196350
-3,19678532;-0,46598175
-3,19178532;0,46598175
-3,18678532;0,46598175
-3,18178532;-0,46598175
-3,17678532;-0,46598175
-3,17178532;0,00000000
-3,16678532;-1,86546493
-3,16178532;0,00000000
-3,15678532;0,00000000
-3,15178532;0,00000000
-3,14678532;0,00000000
-3,14178532;0,46598175
-3,13678532;0,46598175
-3,13178532;0,00000000
-3,12678532;0,00000000
-3,12178532;0,00000000
-3,11678532;-0,46598175
-3,11178532;-0,46598175
-3,10678532;0,00000000
-3,10178532;-1,86546493
-3,09678532;0,00000000
-3,09178532;-0,93196350
-3,08678532;0,93196350
-3,08178532;0,93196350
-3,07678532;0,00000000
-3,07178532;0,00000000
-3,06678532;0,46598175
-3,06178532;0,93196350
-3,05678532;0,00000000
-3,05178532;0,00000000
-3,04678532;0,00000000
-3,04178532;0,93196350
-3,03678532;0,46598175
-3,03178532;-0,46598175
-3,02678532;0,00000000
-3,02178532;0,00000000
-3,01678532;0,00000000
-3,01178532;-0,46598175
-3,00678532;1,39948320
-3,00178532;-0,46598175
-2,99678532;-0,93196350
-2,99178532;-0,46598175
-2,98678532;-0,93196350
-2,98178532;0,93196350
-2,97678532;0,00000000
-2,97178532;0,46598175
-2,96678532;-1,39948320
-2,96178532;-0,46598175
-2,95678532;0,93196350
-2,95178532;0,46598175
-2,94678532;-0,46598175
-2,94178532;0,46598175
-2,93678532;0,00000000
-2,93178532;0,46598175
-2,92678532;0,00000000
-2,92178532;0,00000000
-2,91678532;0,00000000
-2,91178532;0,46598175
-2,90678532;0,46598175
-2,90178532;-0,46598175
-2,89678532;0,46598175
-2,89178532;0,46598175
-2,88678532;0,93196350
-2,88178532;-0,46598175
-2,87678533;0,00000000
-2,87178533;0,93196350
-2,86678533;0,93196350
-2,86178533;0,46598175
-2,85678533;0,00000000
-2,85178533;0,93196350
-2,84678533;0,00000000
-2,84178533;-0,93196350
-2,83678533;0,46598175
-2,83178533;0,46598175
-2,82678533;0,46598175
-2,82178533;0,46598175
-2,81678533;-0,93196350
-2,81178533;0,46598175
-2,80678533;-0,46598175
-2,80178533;0,00000000
-2,79678533;-0,46598175
-2,79178533;-0,46598175
-2,78678533;-0,46598175
-2,78178533;-0,93196350
-2,77678533;0,46598175
-2,77178533;0,93196350
-2,76678533;0,46598175
-2,76178533;0,46598175
-2,75678533;-0,46598175
-2,75178533;-0,46598175
-2,74678533;-0,93196350
-2,74178533;0,00000000
-2,73678533;0,46598175
-2,73178533;0,46598175
-2,72678533;0,00000000
-2,72178533;-0,46598175
-2,71678533;-0,46598175
-2,71178533;0,00000000
-2,70678533;0,93196350
-2,70178533;0,00000000
-2,69678533;-0,46598175
-2,69178533;-0,46598175
-2,68678533;0,93196350
-2,68178533;0,00000000
-2,67678533;-0,46598175
-2,67178533;-0,93196350
-2,66678533;0,46598175
-2,66178533;0,46598175
-2,65678533;0,00000000
-2,65178533;0,93196350
-2,64678533;0,46598175
-2,64178533;0,46598175
-2,63678533;0,46598175
-2,63178533;0,00000000
-2,62678533;0,00000000
-2,62178533;0,46598175
-2,61678533;0,46598175
-2,61178533;-0,46598175
-2,60678533;0,00000000
-2,60178533;0,46598175
-2,59678533;0,46598175
-2,59178533;0,46598175
-2,58678533;0,00000000
-2,58178533;0,00000000
-2,57678533;0,46598175
-2,57178533;0,46598175
-2,56678533;0,00000000
-2,56178533;0,00000000
-2,55678533;0,00000000
-2,55178533;0,46598175
-2,54678533;0,00000000
-2,54178533;0,00000000
-2,53678533;0,00000000
-2,53178533;-0,46598175
-2,52678533;-0,93196350
-2,52178533;0,00000000
-2,51678533;0,46598175
-2,51178533;0,46598175
-2,50678533;-0,93196350
-2,50178533;-0,93196350
-2,49678533;-0,93196350
-2,49178533;0,00000000
-2,48678533;0,00000000
-2,48178534;0,46598175
-2,47678534;0,00000000
-2,47178534;0,46598175
-2,46678534;-0,46598175
-2,46178534;0,00000000
-2,45678534;0,00000000
-2,45178534;0,46598175
-2,44678534;0,00000000
-2,44178534;0,93196350
-2,43678534;0,00000000
-2,43178534;0,00000000
-2,42678534;0,00000000
-2,42178534;0,00000000
-2,41678534;-1,86546493
-2,41178534;0,00000000
-2,40678534;0,46598175
-2,40178534;0,46598175
-2,39678534;0,00000000
-2,39178534;-0,46598175
-2,38678534;0,00000000
-2,38178534;0,00000000
-2,37678534;0,00000000
-2,37178534;0,00000000
-2,36678534;0,00000000
-2,36178534;0,93196350
-2,35678534;0,00000000
-2,35178534;0,93196350
-2,34678534;0,00000000
-2,34178534;-0,46598175
-2,33678534;-0,46598175
-2,33178534;-0,46598175
-2,32678534;0,46598175
-2,32178534;0,93196350
-2,31678534;0,46598175
-2,31178534;-0,46598175
-2,30678534;0,46598175
-2,30178534;-0,46598175
-2,29678534;-0,46598175
-2,29178534;0,46598175
-2,28678534;0,00000000
-2,28178534;-0,46598175
-2,27678534;0,46598175
-2,27178534;-0,46598175
-2,26678534;0,00000000
-2,26178534;0,93196350
-2,25678534;0,00000000
-2,25178534;0,00000000
-2,24678534;0,00000000
-2,24178534;0,00000000
-2,23678534;0,46598175
-2,23178534;0,46598175
-2,22678534;0,46598175
-2,22178534;0,46598175
-2,21678534;0,00000000
-2,21178534;0,46598175
-2,20678534;-0,46598175
-2,20178534;0,00000000
-2,19678534;0,00000000
-2,19178534;-0,46598175
-2,18678534;-0,46598175
-2,18178534;0,46598175
-2,17678534;0,00000000
-2,17178534;0,46598175
-2,16678534;0,00000000
-2,16178534;0,00000000
-2,15678534;0,93196350
-2,15178534;0,93196350
-2,14678534;0,00000000
-2,14178534;0,00000000
-2,13678534;0,46598175
-2,13178534;0,46598175
-2,12678534;0,00000000
-2,12178534;0,93196350
-2,11678534;0,00000000
-2,11178534;0,93196350
-2,10678534;1,39948320
-2,10178534;2,33298445
-2,09678534;0,00000000
-2,09178534;0,00000000
-2,08678534;0,00000000
-2,08178535;0,46598175
-2,07678535;0,00000000
-2,07178535;-0,46598175
-2,06678535;0,00000000
-2,06178535;0,46598175
-2,05678535;0,00000000
-2,05178535;0,46598175
-2,04678535;-0,46598175
-2,04178535;0,46598175
-2,03678535;0,00000000
-2,03178535;0,00000000
-2,02678535;0,46598175
-2,02178535;0,00000000
-2,01678535;0,46598175
-2,01178535;0,46598175
-2,00678535;0,46598175
-2,00178535;0,00000000
-1,99678535;-0,46598175
-1,99178535;0,00000000
-1,98678535;-0,46598175
-1,98178535;0,00000000
-1,97678535;0,00000000
-1,97178535;0,93196350
-1,96678535;0,00000000
-1,96178535;0,00000000
-1,95678535;0,46598175
-1,95178535;-0,46598175
-1,94678535;0,00000000
-1,94178535;0,46598175
-1,93678535;-0,46598175
-1,93178535;0,00000000
-1,92678535;0,00000000
-1,92178535;0,93196350
-1,91678535;0,00000000
-1,91178535;0,00000000
-1,90678535;0,00000000
-1,90178535;-0,93196350
-1,89678535;0,46598175
-1,89178535;-0,46598175
-1,88678535;-0,93196350
-1,88178535;0,46598175
-1,87678535;1,39948320
-1,87178535;0,46598175
-1,86678535;1,86546493
-1,86178535;0,46598175
-1,85678535;0,46598175
-1,85178535;-0,93196350
-1,84678535;0,00000000
-1,84178535;-0,46598175
-1,83678535;0,46598175
-1,83178535;0,46598175
-1,82678535;0,00000000
-1,82178535;-0,93196350
-1,81678535;0,46598175
-1,81178535;0,46598175
-1,80678535;-0,46598175
-1,80178535;-0,93196350
-1,79678535;-0,46598175
-1,79178535;0,00000000
-1,78678535;0,00000000
-1,78178535;0,00000000
-1,77678535;0,00000000
-1,77178535;0,00000000
-1,76678535;0,00000000
-1,76178535;-4,66596889
-1,75678535;0,46598175
-1,75178535;0,46598175
-1,74678535;0,46598175
-1,74178535;-0,93196350
-1,73678535;0,00000000
-1,73178535;0,46598175
-1,72678535;0,00000000
-1,72178535;0,93196350
-1,71678535;0,46598175
-1,71178535;0,46598175
-1,70678535;0,00000000
-1,70178535;-0,46598175
-1,69678535;0,46598175
-1,69178535;0,00000000
-1,68678536;-0,93196350
-1,68178536;0,46598175
-1,67678536;0,00000000
-1,67178536;0,46598175
-1,66678536;0,00000000
-1,66178536;-0,46598175
-1,65678536;0,46598175
-1,65178536;0,00000000
-1,64678536;0,00000000
-1,64178536;-0,46598175
-1,63678536;0,46598175
-1,63178536;0,46598175
-1,62678536;0,46598175
-1,62178536;0,00000000
-1,61678536;-0,46598175
-1,61178536;0,00000000
-1,60678536;0,00000000
-1,60178536;0,93196350
-1,59678536;0,00000000
-1,59178536;-0,46598175
-1,58678536;-0,46598175
-1,58178536;0,46598175
-1,57678536;0,46598175
-1,57178536;0,46598175
-1,56678536;0,46598175
-1,56178536;0,00000000
-1,55678536;0,00000000
-1,55178536;0,00000000
-1,54678536;0,46598175
-1,54178536;0,00000000
-1,53678536;0,46598175
-1,53178536;0,00000000
-1,52678536;0,00000000
-1,52178536;0,00000000
-1,51678536;0,46598175
-1,51178536;0,46598175
-1,50678536;-0,46598175
-1,50178536;0,00000000
-1,49678536;-0,46598175
-1,49178536;0,00000000
-1,48678536;0,00000000
-1,48178536;0,00000000
-1,47678536;0,00000000
-1,47178536;-0,46598175
-1,46678536;-0,46598175
-1,46178536;0,00000000
-1,45678536;0,00000000
-1,45178536;0,00000000
-1,44678536;0,00000000
-1,44178536;0,46598175
-1,43678536;1,39948320
-1,43178536;-0,46598175
-1,42678536;-0,46598175
-1,42178536;0,46598175
-1,41678536;0,00000000
-1,41178536;-0,46598175
-1,40678536;0,93196350
-1,40178536;0,93196350
-1,39678536;0,46598175
-1,39178536;0,00000000
-1,38678536;0,00000000
-1,38178536;0,00000000
-1,37678536;0,46598175
-1,37178536;0,00000000
-1,36678536;0,46598175
-1,36178536;0,00000000
-1,35678536;0,46598175
-1,35178536;0,00000000
-1,34678536;-0,93196350
-1,34178536;-0,46598175
-1,33678536;0,93196350
-1,33178536;0,00000000
-1,32678536;0,46598175
-1,32178536;0,46598175
-1,31678536;0,00000000
-1,31178536;0,46598175
-1,30678536;-0,93196350
-1,30178536;-1,86546493
-1,29678536;0,46598175
-1,29178537;0,00000000
-1,28678537;-0,46598175
-1,28178537;-0,46598175
-1,27678537;-0,46598175
-1,27178537;12,13398075
-1,26678537;0,00000000
-1,26178537;-0,93196350
-1,25678537;-0,46598175
-1,25178537;0,46598175
-1,24678537;0,00000000
-1,24178537;0,93196350
-1,23678537;-0,46598175
-1,23178537;-0,46598175
-1,22678537;0,46598175
-1,22178537;0,00000000
-1,21678537;0,46598175
-1,21178537;0,00000000
-1,20678537;-0,93196350
-1,20178537;0,46598175
-1,19678537;-0,46598175
-1,19178537;-1,86546493
-1,18678537;-0,46598175
-1,18178537;0,93196350
-1,17678537;0,46598175
-1,17178537;-0,46598175
-1,16678537;0,46598175
-1,16178537;0,00000000
-1,15678537;0,00000000
-1,15178537;0,00000000
-1,14678537;0,46598175
-1,14178537;0,00000000
-1,13678537;0,00000000
-1,13178537;-0,46598175
-1,12678537;-0,46598175
-1,12178537;-0,93196350
-1,11678537;0,00000000
-1,11178537;0,93196350
-1,10678537;-0,46598175
-1,10178537;-1,39948320
-1,09678537;0,00000000
-1,09178537;0,46598175
-1,08678537;0,46598175
-1,08178537;0,46598175
-1,07678537;-0,46598175
-1,07178537;0,00000000
-1,06678537;0,46598175
-1,06178537;0,46598175
-1,05678537;1,39948320
-1,05178537;0,46598175
-1,04678537;0,93196350
-1,04178537;0,00000000
-1,03678537;0,00000000
-1,03178537;0,46598175
-1,02678537;-0,46598175
-1,02178537;0,00000000
-1,01678537;-0,93196350
-1,01178537;0,00000000
-1,00678537;0,00000000
-1,00178537;0,00000000
-0,99678537;0,93196350
-0,99178537;-0,93196350
-0,98678537;0,46598175
-0,98178537;0,00000000
-0,97678537;0,46598175
-0,97178537;0,00000000
-0,96678537;0,00000000
-0,96178537;0,00000000
-0,95678537;0,00000000
-0,95178537;0,00000000
-0,94678537;-0,93196350
-0,94178537;-0,46598175
-0,93678537;0,46598175
-0,93178537;0,00000000
-0,92678537;-0,46598175
-0,92178537;0,93196350
-0,91678537;0,00000000
-0,91178537;0,00000000
-0,90678537;0,00000000
-0,90178537;0,46598175
-0,89678538;0,46598175
-0,89178538;-0,46598175
-0,88678538;1,39948320
-0,88178538;0,00000000
-0,87678538;-0,46598175
-0,87178538;0,93196350
-0,86678538;-0,46598175
-0,86178538;0,00000000
-0,85678538;-0,46598175
-0,85178538;2,79896641
-0,84678538;0,46598175
-0,84178538;0,46598175
-0,83678538;-0,93196350
-0,83178538;0,93196350
-0,82678538;0,93196350
-0,82178538;0,00000000
-0,81678538;0,46598175
-0,81178538;0,00000000
-0,80678538;0,00000000
-0,80178538;0,00000000
-0,79678538;0,00000000
-0,79178538;-0,46598175
-0,78678538;-0,46598175
-0,78178538;0,00000000
-0,77678538;0,00000000
-0,77178538;0,00000000
-0,76678538;0,46598175
-0,76178538;-0,46598175
-0,75678538;0,00000000
-0,75178538;0,93196350
-0,74678538;0,46598175
-0,74178538;0,00000000
-0,73678538;0,00000000
-0,73178538;0,93196350
-0,72678538;-0,46598175
-0,72178538;-1,86546493
-0,71678538;0,00000000
-0,71178538;1,39948320
-0,70678538;0,00000000
-0,70178538;0,46598175
-0,69678538;-0,46598175
-0,69178538;-0,46598175
-0,68678538;-0,46598175
-0,68178538;0,00000000
-0,67678538;-0,93196350
-0,67178538;0,46598175
-0,66678538;0,00000000
-0,66178538;0,00000000
-0,65678538;0,00000000
-0,65178538;0,00000000
-0,64678538;0,00000000
-0,64178538;0,46598175
-0,63678538;-1,39948320
-0,63178538;0,00000000
-0,62678538;0,46598175
-0,62178538;-0,46598175
-0,61678538;-0,46598175
-0,61178538;0,46598175
-0,60678538;-0,93196350
-0,60178538;0,93196350
-0,59678538;0,46598175
-0,59178538;0,00000000
-0,58678538;0,46598175
-0,58178538;0,00000000
-0,57678538;-0,93196350
-0,57178538;0,46598175
-0,56678538;0,00000000
-0,56178538;0,46598175
-0,55678538;-0,46598175
-0,55178538;0,93196350
-0,54678538;0,46598175
-0,54178538;0,46598175
-0,53678538;0,00000000
-0,53178538;0,93196350
-0,52678538;0,46598175
-0,52178538;0,00000000
-0,51678538;0,46598175
-0,51178538;0,46598175
-0,50678538;0,00000000
-0,50178539;-0,46598175
-0,49678539;-0,46598175
-0,49178539;-0,93196350
-0,48678539;-1,39948320
-0,48178539;-0,46598175
-0,47678539;0,00000000
-0,47178539;-1,39948320
-0,46678539;0,46598175
-0,46178539;-0,93196350
-0,45678539;-1,39948320
-0,45178539;-0,46598175
-0,44678539;-0,93196350
-0,44178539;0,46598175
-0,43678539;0,00000000
-0,43178539;0,00000000
-0,42678539;0,00000000
-0,42178539;0,46598175
-0,41678539;0,00000000
-0,41178539;-0,93196350
-0,40678539;-0,46598175
-0,40178539;0,46598175
-0,39678539;0,00000000
-0,39178539;0,00000000
-0,38678539;0,00000000
-0,38178539;0,00000000
-0,37678539;0,46598175
-0,37178539;0,00000000
-0,36678539;0,46598175
-0,36178539;0,00000000
-0,35678539;0,00000000
-0,35178539;0,46598175
-0,34678539;0,46598175
-0,34178539;0,46598175
-0,33678539;-0,46598175
-0,33178539;0,46598175
-0,32678539;0,00000000
-0,32178539;0,46598175
-0,31678539;0,00000000
-0,31178539;0,93196350
-0,30678539;0,00000000
-0,30178539;0,46598175
-0,29678539;0,00000000
-0,29178539;-0,46598175
-0,28678539;-0,46598175
-0,28178539;-0,46598175
-0,27678539;-0,93196350
-0,27178539;0,00000000
-0,26678539;0,00000000
-0,26178539;0,46598175
-0,25678539;-0,93196350
-0,25178539;0,00000000
-0,24678539;-0,93196350
-0,24178539;0,00000000
-0,23678539;0,46598175
-0,23178539;0,00000000
-0,22678539;0,00000000
-0,22178539;0,93196350
-0,21678539;0,00000000
-0,21178539;0,00000000
-0,20678539;0,00000000
-0,20178539;-0,46598175
-0,19678539;0,46598175
-0,19178539;-0,46598175
-0,18678539;0,00000000
-0,18178539;0,93196350
-0,17678539;0,46598175
-0,17178539;0,46598175
-0,16678539;-0,46598175
-0,16178539;0,00000000
-0,15678539;0,46598175
-0,15178539;0,46598175
-0,14678539;-0,93196350
-0,14178539;0,46598175
-0,13678539;0,46598175
-0,13178539;0,00000000
-0,12678539;-0,46598175
-0,12178539;-0,93196350
-0,11678539;0,00000000
-0,11178539;0,46598175
-0,10678540;-0,93196350
-0,10178540;0,46598175
-0,09678540;0,00000000
-0,09178540;0,00000000
-0,08678540;-1,86546493
-0,08178540;0,46598175
-0,07678540;0,46598175
-0,07178540;0,46598175
-0,06678540;0,00000000
-0,06178540;0,00000000
-0,05678540;0,00000000
-0,05178540;0,00000000
-0,04678540;0,46598175
-0,04178540;0,00000000
-0,03678540;0,46598175
-0,03178540;0,46598175
-0,02678540;0,00000000
-0,02178540;0,00000000
-0,01678540;0,00000000
-0,01178540;0,00000000
-0,00678540;0,00000000
-0,00178540;0,00000000
0,00321460;6,53297186
0,00821460;-0,46598175
0,01321460;-0,93196350
0,01821460;-0,93196350
0,02321460;0,46598175
0,02821460;0,00000000
0,03321460;0,93196350
0,03821460;2,33298445
0,04321460;0,00000000
0,04821460;-0,46598175
0,05321460;0,00000000
0,05821460;0,00000000
0,06321460;-0,93196350
0,06821460;-0,93196350
0,07321460;0,00000000
0,07821460;0,00000000
0,08321460;0,46598175
0,08821460;0,93196350
0,09321460;-0,46598175
0,09821460;0,46598175
0,10321460;0,46598175
0,10821460;-0,46598175
0,11321460;1,39948320
0,11821460;0,46598175
0,12321460;-0,46598175
0,12821460;-0,93196350
0,13321460;0,46598175
0,13821460;0,46598175
0,14321460;0,46598175
0,14821460;0,46598175
0,15321460;-0,46598175
0,15821460;-0,46598175
0,16321460;-0,46598175
0,16821460;0,00000000
0,17321460;0,00000000
0,17821460;0,93196350
0,18321460;0,46598175
0,18821460;0,00000000
0,19321460;0,00000000
0,19821460;0,46598175
0,20321460;0,93196350
0,20821460;0,00000000
0,21321460;0,00000000
0,21821460;0,46598175
0,22321460;0,00000000
0,22821460;0,46598175
0,23321460;0,00000000
0,23821460;0,00000000
0,24321460;0,00000000
0,24821460;0,00000000
0,25321460;0,00000000
0,25821460;-0,93196350
0,26321460;-0,46598175
0,26821460;0,00000000
0,27321460;0,00000000
0,27821460;13,53500175
0,28321460;0,46598175
0,28821460;0,00000000
0,29321459;0,00000000
0,29821459;-0,46598175
0,30321459;0,46598175
0,30821459;0,46598175
0,31321459;-0,93196350
0,31821459;-0,93196350
0,32321459;-0,46598175
0,32821459;-0,46598175
0,33321459;-0,93196350
0,33821459;0,46598175
0,34321459;0,00000000
0,34821459;0,00000000
0,35321459;0,00000000
0,35821459;0,00000000
0,36321459;0,00000000
0,36821459;0,00000000
0,37321459;0,46598175
0,37821459;0,00000000
0,38321459;0,00000000
0,38821459;0,46598175
0,39321459;0,46598175
0,39821459;0,00000000
0,40321459;-0,46598175
0,40821459;0,00000000
0,41321459;0,46598175
0,41821459;0,00000000
0,42321459;-0,93196350
0,42821459;0,46598175
0,43321459;0,93196350
0,43821459;1,39948320
0,44321459;0,00000000
0,44821459;-0,46598175
0,45321459;-0,46598175
0,45821459;-1,39948320
0,46321459;0,00000000
0,46821459;0,46598175
0,47321459;0,00000000
0,47821459;0,46598175
0,48321459;-0,46598175
0,48821459;0,46598175
0,49321459;0,46598175
0,49821459;0,00000000
0,50321459;-1,39948320
0,50821459;0,00000000
0,51321459;-0,93196350
0,51821459;0,00000000
0,52321459;0,46598175
0,52821459;-1,86546493
0,53321459;-0,93196350
0,53821459;0,46598175
0,54321459;0,46598175
0,54821459;0,93196350
0,55321459;0,46598175
0,55821459;0,00000000
0,56321459;-0,93196350
0,56821459;0,00000000
0,57321459;-0,93196350
0,57821459;0,00000000
0,58321459;0,00000000
0,58821459;0,93196350
0,59321459;0,00000000
0,59821459;0,46598175
0,60321459;-0,46598175
0,60821459;0,00000000
0,61321459;-0,46598175
0,61821459;0,00000000
0,62321459;0,00000000
0,62821459;0,00000000
0,63321459;0,00000000
0,63821459;0,00000000
0,64321459;0,93196350
0,64821459;-0,46598175
0,65321459;-0,93196350
0,65821459;0,46598175
0,66321459;0,00000000
0,66821459;-0,46598175
0,67321459;-0,46598175
0,67821459;0,46598175
0,68321459;-0,46598175
0,68821458;0,46598175
0,69321458;0,00000000
0,69821458;0,00000000
0,70321458;0,46598175
0,70821458;0,00000000
0,71321458;-0,46598175
0,71821458;0,00000000
0,72321458;0,00000000
0,72821458;1,39948320
0,73321458;0,00000000
0,73821458;0,00000000
0,74321458;0,46598175
0,74821458;0,00000000
0,75321458;0,00000000
0,75821458;0,00000000
0,76321458;-0,93196350
0,76821458;0,46598175
0,77321458;-0,93196350
0,77821458;0,46598175
0,78321458;0,46598175
0,78821458;-0,46598175
0,79321458;-0,46598175
0,79821458;0,00000000
0,80321458;-0,46598175
0,80821458;0,46598175
0,81321458;0,46598175
0,81821458;0,46598175
0,82321458;0,46598175
0,82821458;0,46598175
0,83321458;0,46598175
0,83821458;0,46598175
0,84321458;0,00000000
0,84821458;0,46598175
0,85321458;0,46598175
0,85821458;-0,93196350
0,86321458;0,00000000
0,86821458;0,46598175
0,87321458;0,00000000
0,87821458;0,93196350
0,88321458;0,46598175
0,88821458;0,00000000
0,89321458;0,00000000
0,89821458;0,46598175
0,90321458;0,46598175
0,90821458;0,00000000
0,91321458;-0,46598175
0,91821458;0,93196350
0,92321458;-0,93196350
0,92821458;0,93196350
0,93321458;-0,46598175
0,93821458;-0,46598175
0,94321458;0,00000000
0,94821458;0,46598175
0,95321458;0,00000000
0,95821458;-0,46598175
0,96321458;0,46598175
0,96821458;0,00000000
0,97321458;0,46598175
0,97821458;-0,46598175
0,98321458;-0,93196350
0,98821458;0,00000000
0,99321458;0,00000000
0,99821458;-0,46598175
1,00321458;0,46598175
1,00821458;0,00000000
1,01321458;-0,46598175
1,01821458;0,00000000
1,02321458;0,00000000
1,02821458;0,00000000
1,03321458;1,39948320
1,03821458;0,46598175
1,04321458;0,46598175
1,04821458;0,46598175
1,05321458;0,00000000
1,05821458;0,46598175
1,06321458;-0,93196350
1,06821458;0,00000000
1,07321458;0,46598175
1,07821458;0,00000000
1,08321457;0,00000000
1,08821457;0,46598175
1,09321457;0,00000000
1,09821457;0,00000000
1,10321457;0,00000000
1,10821457;0,00000000
1,11321457;0,46598175
1,11821457;0,46598175
1,12321457;0,00000000
1,12821457;0,46598175
1,13321457;0,46598175
1,13821457;0,46598175
1,14321457;0,00000000
1,14821457;0,00000000
1,15321457;-0,46598175
1,15821457;0,46598175
1,16321457;0,46598175
1,16821457;0,00000000
1,17321457;0,46598175
1,17821457;0,46598175
1,18321457;-0,46598175
1,18821457;-0,46598175
1,19321457;-0,46598175
1,19821457;0,00000000
1,20321457;0,46598175
1,20821457;0,00000000
1,21321457;-0,93196350
1,21821457;0,46598175
1,22321457;0,00000000
1,22821457;0,00000000
1,23321457;-10,73449707
1,23821457;0,00000000
1,24321457;-0,93196350
1,24821457;0,00000000
1,25321457;0,00000000
1,25821457;-0,46598175
1,26321457;0,46598175
1,26821457;0,46598175
1,27321457;0,46598175
1,27821457;0,00000000
1,28321457;0,93196350
1,28821457;0,00000000
1,29321457;-0,46598175
1,29821457;0,46598175
1,30321457;-0,93196350
1,30821457;0,00000000
1,31321457;-1,39948320
1,31821457;0,46598175
1,32321457;0,46598175
1,32821457;0,00000000
1,33321457;2,79896641
1,33821457;0,00000000
1,34321457;0,00000000
1,34821457;0,00000000
1,35321457;-0,46598175
1,35821457;-1,39948320
1,36321457;-0,46598175
1,36821457;0,00000000
1,37321457;0,00000000
1,37821457;0,46598175
1,38321457;0,46598175
1,38821457;0,46598175
1,39321457;0,46598175
1,39821457;0,00000000
1,40321457;0,46598175
1,40821457;0,00000000
1,41321457;0,46598175
1,41821457;0,46598175
1,42321457;-1,86546493
1,42821457;0,46598175
1,43321457;3,26648593
1,43821457;-0,46598175
1,44321457;-0,93196350
1,44821457;0,46598175
1,45321457;0,46598175
1,45821457;0,46598175
1,46321457;0,46598175
1,46821457;0,00000000
1,47321457;0,00000000
1,47821456;0,00000000
1,48321456;0,46598175
1,48821456;0,93196350
1,49321456;0,46598175
1,49821456;0,00000000
1,50321456;0,00000000
1,50821456;0,00000000
1,51321456;0,00000000
1,51821456;0,00000000
1,52321456;-0,93196350
1,52821456;0,00000000
1,53321456;0,00000000
1,53821456;0,00000000
1,54321456;0,46598175
1,54821456;0,46598175
1,55321456;0,00000000
1,55821456;0,93196350
1,56321456;-0,46598175
1,56821456;0,00000000
1,57321456;0,00000000
1,57821456;0,00000000
1,58321456;0,46598175
1,58821456;0,46598175
1,59321456;0,00000000
1,59821456;0,46598175
1,60321456;0,46598175
1,60821456;0,46598175
1,61321456;0,46598175
1,61821456;0,46598175
1,62321456;0,00000000
1,62821456;0,00000000
1,63321456;0,00000000
1,63821456;-0,46598175
1,64321456;0,93196350
1,64821456;-0,46598175
1,65321456;0,46598175
1,65821456;0,00000000
1,66321456;0,00000000
1,66821456;-0,93196350
1,67321456;0,46598175
1,67821456;0,00000000
1,68321456;0,46598175
1,68821456;0,00000000
1,69321456;0,00000000
1,69821456;0,00000000
1,70321456;0,00000000
1,70821456;0,46598175
1,71321456;-0,93196350
1,71821456;0,00000000
1,72321456;0,00000000
1,72821456;-0,93196350
1,73321456;0,46598175
1,73821456;-0,46598175
1,74321456;0,00000000
1,74821456;0,00000000
1,75321456;0,46598175
1,75821456;0,00000000
1,76321456;0,00000000
1,76821456;0,46598175
1,77321456;0,00000000
1,77821456;-0,46598175
1,78321456;0,46598175
1,78821456;-0,46598175
1,79321456;0,00000000
1,79821456;0,00000000
1,80321456;0,00000000
1,80821456;0,93196350
1,81321456;-0,46598175
1,81821456;0,00000000
1,82321456;-0,46598175
1,82821456;0,00000000
1,83321456;0,46598175
1,83821456;1,39948320
1,84321456;0,46598175
1,84821456;0,00000000
1,85321456;-1,86546493
1,85821456;0,46598175
1,86321456;0,00000000
1,86821456;-1,39948320
1,87321455;-7,93399334
1,87821455;0,00000000
1,88321455;0,93196350
1,88821455;0,93196350
1,89321455;0,46598175
1,89821455;0,00000000
1,90321455;0,00000000
1,90821455;0,00000000
1,91321455;0,00000000
1,91821455;0,93196350
1,92321455;0,00000000
1,92821455;0,46598175
1,93321455;-0,46598175
1,93821455;0,46598175
1,94321455;-0,93196350
1,94821455;0,93196350
1,95321455;1,39948320
1,95821455;0,46598175
1,96321455;0,00000000
1,96821455;0,46598175
1,97321455;0,00000000
1,97821455;0,46598175
1,98321455;0,46598175
1,98821455;-0,46598175
1,99321455;0,46598175
1,99821455;0,46598175
2,00321455;0,46598175
2,00821455;0,00000000
2,01321455;0,00000000
2,01821455;0,00000000
2,02321455;0,00000000
2,02821455;-0,46598175
2,03321455;0,93196350
2,03821455;0,00000000
2,04321455;-0,46598175
2,04821455;0,00000000
2,05321455;-0,93196350
2,05821455;0,93196350
2,06321455;0,00000000
2,06821455;1,86546493
2,07321455;0,00000000
2,07821455;2,33298445
2,08321455;0,00000000
2,08821455;0,93196350
2,09321455;0,00000000
2,09821455;0,93196350
2,10321455;0,00000000
2,10821455;0,00000000
2,11321455;-0,93196350
2,11821455;0,46598175
2,12321455;0,46598175
2,12821455;0,00000000
2,13321455;0,00000000
2,13821455;0,93196350
2,14321455;0,93196350
2,14821455;-0,46598175
2,15321455;0,46598175
2,15821455;-0,46598175
2,16321455;-0,93196350
2,16821455;0,00000000
2,17321455;0,46598175
2,17821455;0,93196350
2,18321455;-0,46598175
2,18821455;-0,46598175
2,19321455;0,00000000
2,19821455;0,00000000
2,20321455;1,39948320
2,20821455;-0,46598175
2,21321455;0,46598175
2,21821455;0,46598175
2,22321455;0,93196350
2,22821455;0,00000000
2,23321455;0,00000000
2,23821455;0,00000000
2,24321455;-0,46598175
2,24821455;0,00000000
2,25321455;0,00000000
2,25821455;-0,93196350
2,26321455;0,46598175
2,26821454;0,46598175
2,27321454;0,00000000
2,27821454;0,46598175
2,28321454;0,00000000
2,28821454;0,00000000
2,29321454;0,00000000
2,29821454;0,00000000
2,30321454;0,00000000
2,30821454;0,46598175
2,31321454;-0,46598175
2,31821454;0,46598175
2,32321454;0,46598175
2,32821454;0,00000000
2,33321454;0,00000000
2,33821454;0,46598175
2,34321454;0,46598175
2,34821454;0,46598175
2,35321454;0,46598175
2,35821454;0,00000000
2,36321454;0,00000000
2,36821454;0,00000000
2,37321454;0,00000000
2,37821454;0,46598175
2,38321454;0,00000000
2,38821454;0,00000000
2,39321454;0,00000000
2,39821454;0,46598175
2,40321454;0,00000000
2,40821454;0,00000000
2,41321454;1,39948320
2,41821454;0,00000000
2,42321454;0,46598175
2,42821454;0,46598175
2,43321454;0,00000000
2,43821454;0,00000000
2,44321454;0,00000000
2,44821454;0,00000000
2,45321454;-1,86546493
2,45821454;0,93196350
2,46321454;0,46598175
2,46821454;0,00000000
2,47321454;0,00000000
2,47821454;0,93196350
2,48321454;1,39948320
2,48821454;0,00000000
2,49321454;-0,46598175
2,49821454;-0,46598175
2,50321454;-0,46598175
2,50821454;-0,93196350
2,51321454;-0,46598175
2,51821454;0,46598175
2,52321454;0,93196350
2,52821454;0,00000000
2,53321454;0,46598175
2,53821454;0,46598175
2,54321454;0,00000000
2,54821454;0,46598175
2,55321454;0,00000000
2,55821454;0,00000000
2,56321454;-0,93196350
2,56821454;0,00000000
2,57321454;0,46598175
2,57821454;-0,46598175
2,58321454;0,46598175
2,58821454;0,46598175
2,59321454;-0,93196350
2,59821454;0,46598175
2,60321454;-0,46598175
2,60821454;-2,79896641
2,61321454;0,00000000
2,61821454;-0,46598175
2,62321454;0,00000000
2,62821454;0,93196350
2,63321454;0,00000000
2,63821454;-0,46598175
2,64321454;0,46598175
2,64821454;0,00000000
2,65321454;-0,93196350
2,65821454;0,00000000
2,66321454;0,46598175
2,66821453;-0,93196350
2,67321453;0,00000000
2,67821453;-0,46598175
2,68321453;0,00000000
2,68821453;-0,46598175
2,69321453;0,00000000
2,69821453;0,93196350
2,70321453;0,46598175
2,70821453;0,93196350
2,71321453;0,46598175
2,71821453;0,46598175
2,72321453;-0,46598175
2,72821453;0,46598175
2,73321453;0,00000000
2,73821453;0,00000000
2,74321453;2,33298445
2,74821453;0,93196350
2,75321453;0,00000000
2,75821453;0,00000000
2,76321453;-0,93196350
2,76821453;0,46598175
2,77321453;-0,46598175
2,77821453;-0,46598175
2,78321453;-0,46598175
2,78821453;0,46598175
2,79321453;-0,46598175
2,79821453;0,46598175
2,80321453;0,46598175
2,80821453;0,00000000
2,81321453;-0,46598175
2,81821453;-0,93196350
2,82321453;-0,46598175
2,82821453;0,00000000
2,83321453;0,00000000
2,83821453;0,00000000
2,84321453;-0,46598175
2,84821453;0,00000000
2,85321453;0,00000000
2,85821453;0,46598175
2,86321453;-0,46598175
2,86821453;0,00000000
2,87321453;-0,93196350
2,87821453;0,46598175
2,88321453;0,00000000
2,88821453;0,00000000
2,89321453;0,00000000
2,89821453;-0,93196350
2,90321453;0,46598175
2,90821453;0,00000000
2,91321453;0,00000000
2,91821453;0,46598175
2,92321453;0,00000000
2,92821453;0,46598175
2,93321453;0,93196350
2,93821453;-0,46598175
2,94321453;0,46598175
2,94821453;-0,46598175
2,95321453;-0,46598175
2,95821453;0,00000000
2,96321453;-0,46598175
2,96821453;0,46598175
2,97321453;0,00000000
2,97821453;-0,46598175
2,98321453;0,93196350
2,98821453;0,93196350
2,99321453;0,00000000
2,99821453;0,00000000
3,00321453;0,00000000
3,00821453;0,00000000
3,01321453;0,00000000
3,01821453;0,93196350
3,02321453;0,00000000
3,02821453;0,00000000
3,03321453;0,00000000
3,03821453;0,00000000
3,04321453;0,46598175
3,04821453;0,46598175
3,05321453;-0,46598175
3,05821453;0,46598175
3,06321452;0,00000000
3,06821452;0,46598175
3,07321452;0,00000000
3,07821452;0,46598175
3,08321452;0,46598175
3,08821452;-0,46598175
3,09321452;0,46598175
3,09821452;1,39948320
3,10321452;0,00000000
3,10821452;0,46598175
3,11321452;-0,46598175
3,11821452;0,00000000
3,12321452;0,00000000
3,12821452;-0,46598175
3,13321452;0,93196350
3,13821452;0,46598175
3,14321452;-0,46598175
3,14821452;0,00000000
3,15321452;-0,46598175
3,15821452;0,93196350
3,16321452;0,46598175
3,16821452;-0,93196350
3,17321452;-0,46598175
3,17821452;-0,93196350
3,18321452;0,46598175
3,18821452;0,46598175
3,19321452;0,00000000
3,19821452;-2,33298445
3,20321452;0,46598175
3,20821452;-0,93196350
3,21321452;0,46598175
3,21821452;0,46598175
3,22321452;0,00000000
3,22821452;-0,46598175
3,23321452;0,46598175
3,23821452;0,00000000
3,24321452;0,46598175
3,24821452;0,00000000
3,25321452;1,86546493
3,25821452;0,46598175
3,26321452;0,46598175
3,26821452;1,39948320
3,27321452;0,46598175
3,27821452;0,93196350
3,28321452;-0,46598175
3,28821452;-0,46598175
3,29321452;-0,46598175
3,29821452;0,46598175
3,30321452;0,00000000
3,30821452;0,00000000
3,31321452;-3,26648593
3,31821452;0,46598175
3,32321452;0,00000000
3,32821452;0,00000000
3,33321452;0,00000000
3,33821452;-0,93196350
3,34321452;0,46598175
3,34821452;0,00000000
3,35321452;0,00000000
3,35821452;0,00000000
3,36321452;-0,93196350
3,36821452;0,46598175
3,37321452;-0,46598175
3,37821452;0,00000000
3,38321452;-0,46598175
3,38821452;-0,93196350
3,39321452;-0,93196350
3,39821452;-0,46598175
3,40321452;0,00000000
3,40821452;-0,46598175
3,41321452;0,00000000
3,41821452;0,00000000
3,42321452;0,46598175
3,42821452;0,00000000
3,43321452;0,00000000
3,43821452;-0,46598175
3,44321452;-0,46598175
3,44821452;0,00000000
3,45321452;-0,93196350
3,45821451;0,00000000
3,46321451;-0,46598175
3,46821451;-0,93196350
3,47321451;0,46598175
3,47821451;1,39948320
3,48321451;0,46598175
3,48821451;0,00000000
3,49321451;0,00000000
3,49821451;0,00000000
3,50321451;-0,93196350
3,50821451;0,00000000
3,51321451;-0,46598175
3,51821451;0,00000000
3,52321451;0,46598175
3,52821451;0,46598175
3,53321451;0,00000000
3,53821451;0,00000000
3,54321451;-0,46598175
3,54821451;-1,39948320
3,55321451;0,93196350
3,55821451;0,46598175
3,56321451;-0,46598175
3,56821451;-0,46598175
3,57321451;0,93196350
3,57821451;0,00000000
3,58321451;-1,39948320
3,58821451;0,00000000
3,59321451;0,00000000
3,59821451;0,46598175
3,60321451;-0,93196350
3,60821451;0,93196350
3,61321451;0,00000000
3,61821451;0,00000000
3,62321451;0,00000000
3,62821451;0,46598175
3,63321451;0,93196350
3,63821451;0,46598175
3,64321451;0,93196350
3,64821451;0,00000000
3,65321451;1,39948320
3,65821451;-0,46598175
3,66321451;0,00000000
3,66821451;0,00000000
3,67321451;-0,93196350
3,67821451;0,00000000
3,68321451;0,00000000
3,68821451;-0,46598175
3,69321451;-0,46598175
3,69821451;0,46598175
3,70321451;0,00000000
3,70821451;0,00000000
3,71321451;0,00000000
3,71821451;-0,93196350
3,72321451;0,00000000
3,72821451;0,46598175
3,73321451;0,46598175
3,73821451;-0,46598175
3,74321451;0,00000000
3,74821451;0,93196350
3,75321451;0,00000000
3,75821451;0,00000000
3,76321451;0,46598175
3,76821451;0,00000000
3,77321451;0,00000000
3,77821451;0,93196350
3,78321451;0,46598175
3,78821451;0,00000000
3,79321451;0,00000000
3,79821451;0,46598175
3,80321451;0,00000000
3,80821451;0,46598175
3,81321451;-0,93196350
3,81821451;0,46598175
3,82321451;0,93196350
3,82821451;0,46598175
3,83321451;0,00000000
3,83821451;0,93196350
3,84321451;0,46598175
3,84821451;0,00000000
3,85321450;0,00000000
3,85821450;0,00000000
3,86321450;0,46598175
3,86821450;-1,39948320
3,87321450;0,46598175
3,87821450;0,46598175
3,88321450;0,00000000
3,88821450;0,00000000
3,89321450;3,26648593
3,89821450;0,93196350
3,90321450;0,46598175
3,90821450;0,00000000
3,91321450;0,00000000
3,91821450;-0,46598175
3,92321450;-0,46598175
3,92821450;0,00000000
3,93321450;-0,93196350
3,93821450;0,46598175
3,94321450;-0,93196350
3,94821450;0,46598175
3,95321450;0,00000000
3,95821450;0,00000000
3,96321450;0,00000000
3,96821450;0,00000000
3,97321450;-0,46598175
3,97821450;-0,46598175
3,98321450;0,00000000
3,98821450;-0,46598175
3,99321450;0,46598175
3,99821450;0,00000000
4,00321450;0,00000000
4,00821450;0,46598175
4,01321450;-0,46598175
4,01821450;0,00000000
4,02321450;0,46598175
4,02821450;-0,46598175
4,03321450;0,46598175
4,03821450;0,46598175
4,04321450;0,46598175
4,04821450;0,46598175
4,05321450;-0,46598175
4,05821450;-0,46598175
4,06321450;0,00000000
4,06821450;0,00000000
4,07321450;-0,46598175
4,07821450;0,46598175
4,08321450;-0,93196350
4,08821450;1,86546493
4,09321450;0,00000000
4,09821450;0,93196350
4,10321450;0,46598175
4,10821450;0,00000000
4,11321450;0,46598175
4,11821450;0,00000000
4,12321450;0,00000000
4,12821450;0,00000000
4,13321450;-0,46598175
4,13821450;0,00000000
4,14321450;-0,46598175
4,14821450;0,93196350
4,15321450;0,46598175
4,15821450;0,46598175
4,16321450;0,46598175
4,16821450;0,00000000
4,17321450;0,00000000
4,17821450;0,00000000
4,18321450;0,00000000
4,18821450;0,46598175
4,19321450;0,93196350
4,19821450;0,00000000
4,20321450;0,46598175
4,20821450;-0,46598175
4,21321450;0,00000000
4,21821450;0,46598175
4,22321450;0,00000000
4,22821450;0,00000000
4,23321450;1,39948320
4,23821450;0,46598175
4,24321450;-0,46598175
4,24821449;0,46598175
4,25321449;-0,93196350
4,25821449;0,46598175
4,26321449;0,46598175
4,26821449;0,46598175
4,27321449;-0,93196350
4,27821449;0,00000000
4,28321449;0,46598175
4,28821449;0,46598175
4,29321449;0,00000000
4,29821449;0,00000000
4,30321449;-0,46598175
4,30821449;-0,46598175
4,31321449;-0,93196350
4,31821449;0,46598175
4,32321449;0,00000000
4,32821449;0,46598175
4,33321449;0,46598175
4,33821449;0,46598175
4,34321449;1,39948320
4,34821449;0,46598175
4,35321449;0,00000000
4,35821449;0,00000000
4,36321449;0,00000000
4,36821449;-0,46598175
4,37321449;0,00000000
4,37821449;0,46598175
4,38321449;0,46598175
4,38821449;0,00000000
4,39321449;0,00000000
4,39821449;-0,46598175
4,40321449;0,46598175
4,40821449;0,46598175
4,41321449;-0,93196350
4,41821449;0,46598175
4,42321449;0,46598175
4,42821449;-0,46598175
4,43321449;0,46598175
4,43821449;0,00000000
4,44321449;-0,93196350
4,44821449;0,00000000
4,45321449;0,00000000
4,45821449;0,46598175
4,46321449;0,00000000
4,46821449;0,00000000
4,47321449;0,46598175
4,47821449;0,00000000
4,48321449;-1,39948320
4,48821449;0,00000000
4,49321449;-0,46598175
4,49821449;0,00000000
4,50321449;0,00000000
4,50821449;0,46598175
4,51321449;-0,46598175
4,51821449;0,00000000
4,52321449;0,00000000
4,52821449;0,00000000
4,53321449;-0,46598175
4,53821449;0,00000000
4,54321449;0,46598175
4,54821449;0,00000000
4,55321449;0,46598175
4,55821449;0,00000000
4,56321449;0,00000000
4,56821449;-0,46598175
4,57321449;-0,46598175
4,57821449;0,00000000
4,58321449;0,93196350
4,58821449;0,46598175
4,59321449;-0,46598175
4,59821449;0,00000000
4,60321449;0,00000000
4,60821449;0,00000000
4,61321449;0,46598175
4,61821449;-0,46598175
4,62321449;-0,93196350
4,62821449;0,00000000
4,63321449;0,93196350
4,63821449;0,46598175
4,64321449;-0,46598175
4,64821448;0,00000000
4,65321448;0,00000000
4,65821448;0,46598175
4,66321448;0,00000000
4,66821448;0,46598175
4,67321448;-0,93196350
4,67821448;0,93196350
4,68321448;0,00000000
4,68821448;0,00000000
4,69321448;0,00000000
4,69821448;0,93196350
4,70321448;0,00000000
4,70821448;0,00000000
4,71321448;-1,39948320
4,71821448;-0,46598175
4,72321448;0,00000000
4,72821448;0,46598175
4,73321448;0,00000000
4,73821448;-0,93196350
4,74321448;0,00000000
4,74821448;0,00000000
4,75321448;0,00000000
4,75821448;-0,46598175
4,76321448;0,93196350
4,76821448;0,00000000
4,77321448;-0,46598175
4,77821448;0,46598175
4,78321448;0,00000000
4,78821448;-0,46598175
4,79321448;0,00000000
4,79821448;0,00000000
4,80321448;0,00000000
4,80821448;0,00000000
4,81321448;0,00000000
4,81821448;0,46598175
4,82321448;0,93196350
4,82821448;-0,46598175
4,83321448;0,46598175
4,83821448;0,46598175
4,84321448;0,46598175
4,84821448;0,00000000
4,85321448;0,46598175
4,85821448;0,46598175
4,86321448;0,93196350
4,86821448;0,93196350
4,87321448;0,46598175
4,87821448;0,00000000
4,88321448;0,00000000
4,88821448;-0,46598175
4,89321448;0,00000000
4,89821448;0,00000000
4,90321448;0,46598175
4,90821448;0,46598175
4,91321448;-0,46598175
4,91821448;0,46598175
4,92321448;0,00000000
4,92821448;0,00000000
4,93321448;0,46598175
4,93821448;0,46598175
4,94321448;0,46598175
4,94821448;0,00000000
4,95321448;0,00000000
4,95821448;-0,46598175
4,96321448;0,46598175
4,96821448;0,46598175
4,97321448;0,46598175
4,97821448;-0,46598175
4,98321448;-0,46598175
4,98821448;0,46598175
4,99321448;0,00000000
4,99821448;-0,46598175
5,00321448;0,00000000
5,00821448;0,00000000
5,01321448;0,00000000
5,01821448;0,46598175
5,02321448;0,00000000
5,02821448;0,93196350
5,03321448;0,46598175
5,03821448;0,00000000
5,04321447;0,93196350
5,04821447;0,00000000
5,05321447;0,00000000
5,05821447;-0,46598175
5,06321447;0,00000000
5,06821447;0,00000000
5,07321447;-0,93196350
5,07821447;0,00000000
5,08321447;0,93196350
5,08821447;0,46598175
5,09321447;0,00000000
5,09821447;0,93196350
5,10321447;0,00000000
5,10821447;-0,46598175
5,11321447;-0,93196350
5,11821447;0,00000000
5,12321447;-0,93196350
5,12821447;0,00000000
5,13321447;0,46598175
5,13821447;-0,93196350
5,14321447;-0,46598175
5,14821447;0,46598175
5,15321447;0,46598175
5,15821447;-0,93196350
5,16321447;0,46598175
5,16821447;0,93196350
5,17321447;0,00000000
5,17821447;0,00000000
5,18321447;0,00000000
5,18821447;0,00000000
5,19321447;0,00000000
5,19821447;0,00000000
5,20321447;0,46598175
5,20821447;-0,46598175
5,21321447;0,46598175
5,21821447;-0,46598175
5,22321447;-2,33298445
5,22821447;0,46598175
5,23321447;0,46598175
5,23821447;0,00000000
5,24321447;-0,46598175
5,24821447;0,93196350
5,25321447;0,00000000
5,25821447;-0,46598175
5,26321447;-0,46598175
5,26821447;0,00000000
5,27321447;-0,46598175
5,27821447;0,00000000
5,28321447;0,00000000
5,28821447;-0,46598175
5,29321447;0,00000000
5,29821447;0,00000000
5,30321447;0,46598175
5,30821447;0,00000000
5,31321447;-0,46598175
5,31821447;-0,46598175
5,32321447;0,00000000
5,32821447;0,00000000
5,33321447;0,93196350
5,33821447;0,00000000
5,34321447;0,00000000
5,34821447;0,46598175
5,35321447;-0,46598175
5,35821447;-0,46598175
5,36321447;0,00000000
5,36821447;-0,46598175
5,37321447;0,46598175
5,37821447;0,00000000
5,38321447;0,93196350
5,38821447;-0,46598175
5,39321447;0,00000000
5,39821447;0,00000000
5,40321447;0,46598175
5,40821447;0,00000000
5,41321447;0,00000000
5,41821447;0,46598175
5,42321447;0,00000000
5,42821447;0,00000000
5,43321447;-0,46598175
5,43821446;0,00000000
5,44321446;0,00000000
5,44821446;0,00000000
5,45321446;0,00000000
5,45821446;0,93196350
5,46321446;0,46598175
5,46821446;-0,46598175
5,47321446;0,00000000
5,47821446;0,00000000
5,48321446;1,39948320
5,48821446;0,00000000
5,49321446;0,46598175
5,49821446;-0,46598175
5,50321446;0,00000000
5,50821446;0,46598175
5,51321446;0,00000000
5,51821446;0,46598175
5,52321446;0,46598175
5,52821446;0,00000000
5,53321446;0,46598175
5,53821446;0,93196350
5,54321446;0,93196350
5,54821446;18,66848946
5,55321446;-0,46598175
5,55821446;0,00000000
5,56321446;0,00000000
5,56821446;0,46598175
5,57321446;0,00000000
5,57821446;0,00000000
5,58321446;-0,93196350
5,58821446;0,00000000
5,59321446;0,46598175
5,59821446;0,46598175
5,60321446;0,00000000
5,60821446;0,46598175
5,61321446;-0,46598175
5,61821446;-0,93196350
5,62321446;0,93196350
5,62821446;0,46598175
5,63321446;0,00000000
5,63821446;-0,46598175
5,64321446;0,00000000
5,64821446;-0,46598175
5,65321446;0,00000000
5,65821446;0,00000000
5,66321446;0,00000000
5,66821446;-0,93196350
5,67321446;0,00000000
5,67821446;0,00000000
5,68321446;0,00000000
5,68821446;-0,46598175
5,69321446;-0,46598175
5,69821446;0,93196350
5,70321446;0,46598175
5,70821446;0,46598175
5,71321446;0,93196350
5,71821446;0,46598175
5,72321446;0,46598175
5,72821446;0,00000000
5,73321446;0,00000000
5,73821446;-0,93196350
5,74321446;0,46598175
5,74821446;-0,46598175
5,75321446;0,00000000
5,75821446;0,00000000
5,76321446;0,00000000
5,76821446;0,93196350
5,77321446;0,00000000
5,77821446;0,46598175
5,78321446;0,00000000
5,78821446;-0,46598175
5,79321446;0,00000000
5,79821446;0,00000000
5,80321446;-0,46598175
5,80821446;0,00000000
5,81321446;-0,93196350
5,81821446;0,46598175
5,82321446;0,46598175
5,82821446;0,46598175
5,83321445;0,00000000
5,83821445;0,00000000
5,84321445;0,00000000
5,84821445;-0,46598175
5,85321445;0,00000000
5,85821445;0,46598175
5,86321445;0,00000000
5,86821445;-1,39948320
5,87321445;0,00000000
5,87821445;0,46598175
5,88321445;-0,46598175
5,88821445;-0,93196350
5,89321445;-0,46598175
5,89821445;-0,46598175
5,90321445;0,00000000
5,90821445;0,46598175
5,91321445;0,00000000
5,91821445;0,93196350
5,92321445;-0,46598175
5,92821445;-0,46598175
5,93321445;0,00000000
5,93821445;0,00000000
5,94321445;0,46598175
5,94821445;0,00000000
5,95321445;0,46598175
5,95821445;0,00000000
5,96321445;0,00000000
5,96821445;0,46598175
5,97321445;0,46598175
5,97821445;0,00000000
5,98321445;-0,46598175
5,98821445;-0,46598175
5,99321445;-0,46598175
5,99821445;0,46598175
6,00321445;0,46598175
6,00821445;0,00000000
6,01321445;0,00000000
6,01821445;0,00000000
6,02321445;0,00000000
6,02821445;0,00000000
6,03321445;0,00000000
6,03821445;0,46598175
6,04321445;0,46598175
6,04821445;-0,46598175
6,05321445;0,00000000
6,05821445;0,46598175
6,06321445;0,00000000
6,06821445;0,00000000
6,07321445;-0,46598175
6,07821445;0,46598175
6,08321445;1,39948320
6,08821445;0,93196350
6,09321445;0,00000000
6,09821445;0,93196350
6,10321445;0,00000000
6,10821445;0,46598175
6,11321445;0,00000000
6,11821445;0,46598175
6,12321445;0,00000000
6,12821445;0,00000000
6,13321445;0,46598175
6,13821445;-0,46598175
6,14321445;0,46598175
6,14821445;0,00000000
6,15321445;0,00000000
6,15821445;0,00000000
6,16321445;0,46598175
6,16821445;0,00000000
6,17321445;-0,46598175
6,17821445;0,46598175
6,18321445;0,00000000
6,18821445;0,00000000
6,19321445;0,00000000
6,19821445;0,46598175
6,20321445;0,00000000
6,20821445;0,00000000
6,21321445;0,00000000
6,21821445;0,00000000
6,22321445;0,46598175
6,22821444;0,00000000
6,23321444;0,46598175
6,23821444;0,00000000
6,24321444;0,00000000
6,24821444;-0,93196350
6,25321444;0,00000000
6,25821444;0,00000000
6,26321444;0,46598175
6,26821444;-0,46598175
6,27321444;0,00000000
6,27821444;0,46598175
6,28321444;0,46598175
6,28821444;0,00000000
6,29321444;-9,33347607
6,29821444;0,00000000
6,30321444;0,00000000
6,30821444;0,00000000
6,31321444;0,93196350
6,31821444;0,93196350
6,32321444;0,46598175
6,32821444;0,46598175
6,33321444;-0,46598175
6,33821444;0,46598175
6,34321444;0,00000000
6,34821444;0,00000000
6,35321444;0,46598175
6,35821444;0,46598175
6,36321444;-0,46598175
6,36821444;0,00000000
6,37321444;0,00000000
6,37821444;0,46598175
6,38321444;0,00000000
6,38821444;0,00000000
6,39321444;-0,46598175
6,39821444;-0,93196350
6,40321444;0,00000000
6,40821444;0,00000000
6,41321444;0,46598175
6,41821444;0,46598175
6,42321444;0,46598175
6,42821444;-0,46598175
6,43321444;3,26648593
6,43821444;-0,46598175
6,44321444;0,00000000
6,44821444;-0,46598175
6,45321444;-0,93196350
6,45821444;0,00000000
6,46321444;0,00000000
6,46821444;-0,93196350
6,47321444;0,46598175
6,47821444;0,00000000
6,48321444;-0,46598175
6,48821444;-0,46598175
6,49321444;-0,46598175
6,49821444;-0,46598175
6,50321444;0,00000000
6,50821444;0,00000000
6,51321444;0,00000000
6,51821444;0,93196350
6,52321444;0,93196350
6,52821444;0,46598175
6,53321444;0,00000000
6,53821444;0,00000000
6,54321444;-0,93196350
6,54821444;0,46598175
6,55321444;0,00000000
6,55821444;0,00000000
6,56321444;0,00000000
6,56821444;0,46598175
6,57321444;0,46598175
6,57821444;0,00000000
6,58321444;0,46598175
6,58821444;0,93196350
6,59321444;0,93196350
6,59821444;0,46598175
6,60321444;0,00000000
6,60821444;-0,46598175
6,61321444;0,46598175
6,61821444;0,46598175
6,62321443;-0,93196350
6,62821443;1,39948320
6,63321443;0,00000000
6,63821443;-0,46598175
6,64321443;0,00000000
6,64821443;0,00000000
6,65321443;0,00000000
6,65821443;0,46598175
6,66321443;0,46598175
6,66821443;0,00000000
6,67321443;-0,93196350
6,67821443;-0,46598175
6,68321443;0,93196350
6,68821443;0,00000000
6,69321443;0,46598175
6,69821443;-0,46598175
6,70321443;0,46598175
6,70821443;0,46598175
6,71321443;0,00000000
6,71821443;0,46598175
6,72321443;0,00000000
6,72821443;0,00000000
6,73321443;1,39948320
6,73821443;0,93196350
6,74321443;0,46598175
6,74821443;0,00000000
6,75321443;0,00000000
6,75821443;0,00000000
6,76321443;0,46598175
6,76821443;0,00000000
6,77321443;0,00000000
6,77821443;-0,93196350
6,78321443;0,93196350
6,78821443;0,46598175
6,79321443;-0,46598175
6,79821443;0,46598175
6,80321443;0,46598175
6,80821443;0,00000000
6,81321443;0,46598175
6,81821443;0,93196350
6,82321443;0,00000000
6,82821443;0,46598175
6,83321443;0,46598175
6,83821443;0,00000000
6,84321443;-0,93196350
6,84821443;1,39948320
6,85321443;0,00000000
6,85821443;0,46598175
6,86321443;-1,86546493
6,86821443;-0,46598175
6,87321443;0,93196350
6,87821443;-0,46598175
6,88321443;0,93196350
6,88821443;0,93196350
6,89321443;0,00000000
6,89821443;-0,93196350
6,90321443;0,93196350
6,90821443;-0,46598175
6,91321443;-0,46598175
6,91821443;0,46598175
6,92321443;0,46598175
6,92821443;0,46598175
6,93321443;0,46598175
6,93821443;0,00000000
6,94321443;0,00000000
6,94821443;1,39948320
6,95321443;0,00000000
6,95821443;0,00000000
6,96321443;0,00000000
6,96821443;0,46598175
6,97321443;0,46598175
6,97821443;0,00000000
6,98321443;0,46598175
6,98821443;0,46598175
6,99321443;0,46598175
6,99821443;0,46598175
7,00321443;0,00000000
7,00821443;0,46598175
7,01321443;0,00000000
7,01821443;-0,46598175
7,02321442;0,46598175
7,02821442;0,93196350
7,03321442;0,00000000
7,03821442;0,00000000
7,04321442;0,00000000
7,04821442;0,00000000
7,05321442;0,93196350
7,05821442;0,00000000
7,06321442;0,46598175
7,06821442;2,33298445
7,07321442;-0,46598175
7,07821442;0,46598175
7,08321442;1,39948320
7,08821442;-0,93196350
7,09321442;0,00000000
7,09821442;-0,93196350
7,10321442;0,00000000
7,10821442;0,00000000
7,11321442;0,00000000
7,11821442;0,93196350
7,12321442;0,00000000
7,12821442;0,00000000
7,13321442;-0,93196350
7,13821442;0,93196350
7,14321442;0,00000000
7,14821442;0,46598175
7,15321442;0,00000000
7,15821442;0,93196350
7,16321442;0,46598175
7,16821442;0,46598175
7,17321442;0,00000000
7,17821442;0,00000000
7,18321442;0,93196350
7,18821442;0,93196350
7,19321442;0,00000000
7,19821442;0,93196350
7,20321442;0,00000000
7,20821442;-0,46598175
7,21321442;0,46598175
7,21821442;0,46598175
7,22321442;0,00000000
7,22821442;0,00000000
7,23321442;0,00000000
7,23821442;-0,46598175
7,24321442;-0,46598175
7,24821442;0,46598175
7,25321442;0,93196350
7,25821442;-0,93196350
7,26321442;0,00000000
7,26821442;-0,46598175
7,27321442;0,46598175
7,27821442;0,46598175
7,28321442;-0,93196350
7,28821442;0,00000000
7,29321442;-0,46598175
7,29821442;1,39948320
7,30321442;0,93196350
7,30821442;0,00000000
7,31321442;0,00000000
7,31821442;-0,46598175
7,32321442;0,00000000
7,32821442;0,46598175
7,33321442;-0,46598175
7,33821442;0,46598175
7,34321442;0,00000000
7,34821442;0,46598175
7,35321442;-0,46598175
7,35821442;0,00000000
7,36321442;0,00000000
7,36821442;-0,46598175
7,37321442;-0,46598175
7,37821442;0,00000000
7,38321442;0,46598175
7,38821442;0,00000000
7,39321442;0,00000000
7,39821442;0,00000000
7,40321442;0,00000000
7,40821442;-0,46598175
7,41321442;0,46598175
7,41821441;0,00000000
7,42321441;0,00000000
7,42821441;0,46598175
7,43321441;0,46598175
7,43821441;-0,46598175
7,44321441;0,00000000
7,44821441;-0,93196350
7,45321441;0,46598175
7,45821441;0,00000000
7,46321441;0,00000000
7,46821441;-1,39948320
7,47321441;0,46598175
7,47821441;0,00000000
7,48321441;-1,86546493
7,48821441;0,00000000
7,49321441;0,00000000
7,49821441;0,00000000
7,50321441;0,00000000
7,50821441;0,00000000
7,51321441;0,93196350
7,51821441;0,00000000
7,52321441;-0,46598175
7,52821441;0,00000000
7,53321441;0,46598175
7,53821441;0,46598175
7,54321441;-0,46598175
7,54821441;0,00000000
7,55321441;0,00000000
7,55821441;0,93196350
7,56321441;-0,93196350
7,56821441;0,46598175
7,57321441;0,46598175
7,57821441;0,00000000
7,58321441;0,46598175
7,58821441;0,00000000
7,59321441;0,46598175
7,59821441;-0,93196350
7,60321441;0,46598175
7,60821441;0,00000000
7,61321441;0,00000000
7,61821441;0,00000000
7,62321441;0,00000000
7,62821441;-0,46598175
7,63321441;0,46598175
7,63821441;0,00000000
7,64321441;0,00000000
7,64821441;0,00000000
7,65321441;-0,46598175
7,65821441;0,46598175
7,66321441;0,46598175
7,66821441;0,46598175
7,67321441;0,46598175
7,67821441;0,46598175
7,68321441;0,00000000
7,68821441;0,00000000
7,69321441;0,46598175
7,69821441;0,00000000
7,70321441;0,00000000
7,70821441;0,00000000
7,71321441;0,46598175
7,71821441;0,00000000
7,72321441;0,00000000
7,72821441;-0,46598175
7,73321441;0,00000000
7,73821441;-0,93196350
7,74321441;0,00000000
7,74821441;-0,46598175
7,75321441;-0,93196350
7,75821441;0,00000000
7,76321441;0,00000000
7,76821441;1,39948320
7,77321441;0,00000000
7,77821441;0,46598175
7,78321441;0,46598175
7,78821441;0,46598175
7,79321441;0,93196350
7,79821441;0,93196350
7,80321441;0,00000000
7,80821441;0,00000000
7,81321440;-0,93196350
7,81821440;0,46598175
7,82321440;0,00000000
7,82821440;0,46598175
7,83321440;-0,46598175
7,83821440;0,46598175
7,84321440;0,46598175
7,84821440;0,46598175
7,85321440;0,93196350
7,85821440;0,00000000
7,86321440;0,46598175
7,86821440;0,46598175
7,87321440;0,00000000
7,87821440;0,46598175
7,88321440;0,00000000
7,88821440;0,46598175
7,89321440;0,00000000
7,89821440;0,46598175
7,90321440;0,00000000
7,90821440;-0,46598175
7,91321440;0,00000000
7,91821440;0,00000000
7,92321440;-0,46598175
7,92821440;-0,93196350
7,93321440;0,00000000
7,93821440;0,46598175
7,94321440;0,00000000
7,94821440;-0,46598175
7,95321440;0,00000000
7,95821440;0,46598175
7,96321440;0,46598175
7,96821440;0,00000000
7,97321440;0,46598175
7,97821440;0,46598175
7,98321440;0,00000000
7,98821440;0,00000000
7,99321440;0,46598175
7,99821440;0,46598175
8,00321440;0,46598175
8,00821440;0,46598175
8,01321440;-0,46598175
8,01821440;1,39948320
8,02321440;-0,93196350
8,02821440;0,00000000
8,03321440;0,00000000
8,03821440;-0,46598175
8,04321440;0,00000000
8,04821440;0,46598175
8,05321440;0,93196350
8,05821440;-0,46598175
8,06321440;0,46598175
8,06821440;0,46598175
8,07321440;0,46598175
8,07821440;0,93196350
8,08321440;-0,46598175
8,08821440;0,46598175
8,09321440;0,46598175
8,09821440;0,93196350
8,10321440;0,00000000
8,10821440;0,93196350
8,11321440;0,00000000
8,11821440;-0,93196350
8,12321440;0,00000000
8,12821440;-0,46598175
8,13321440;0,46598175
8,13821440;0,00000000
8,14321440;0,46598175
8,14821440;0,00000000
8,15321440;0,00000000
8,15821440;0,00000000
8,16321440;0,00000000
8,16821440;0,46598175
8,17321440;0,46598175
8,17821440;-0,46598175
8,18321440;0,46598175
8,18821440;-0,46598175
8,19321440;0,46598175
8,19821440;0,00000000
8,20321440;0,46598175
8,20821439;0,46598175
8,21321439;0,00000000
8,21821439;0,00000000
8,22321439;0,46598175
8,22821439;0,46598175
8,23321439;0,46598175
8,23821439;-0,93196350
8,24321439;-1,39948320
8,24821439;0,46598175
8,25321439;0,46598175
8,25821439;0,00000000
8,26321439;-0,93196350
8,26821439;0,46598175
8,27321439;0,00000000
8,27821439;-0,46598175
8,28321439;0,46598175
8,28821439;12,60150051
8,29321439;0,00000000
8,29821439;0,46598175
8,30321439;0,00000000
8,30821439;0,00000000
8,31321439;-0,46598175
8,31821439;0,46598175
8,32321439;0,46598175
8,32821439;0,46598175
8,33321439;0,00000000
8,33821439;0,00000000
8,34321439;0,46598175
8,34821439;0,00000000
8,35321439;0,00000000
8,35821439;0,46598175
8,36321439;0,46598175
8,36821439;0,00000000
8,37321439;-0,93196350
8,37821439;0,00000000
8,38321439;0,00000000
8,38821439;0,00000000
8,39321439;0,46598175
8,39821439;0,00000000
8,40321439;0,46598175
8,40821439;0,00000000
8,41321439;0,46598175
8,41821439;0,00000000
8,42321439;-0,93196350
8,42821439;-0,46598175
8,43321439;0,46598175
8,43821439;0,00000000
8,44321439;0,46598175
8,44821439;0,00000000
8,45321439;0,46598175
8,45821439;0,00000000
8,46321439;0,00000000
8,46821439;0,00000000
8,47321439;0,00000000
8,47821439;1,39948320
8,48321439;-1,39948320
8,48821439;0,46598175
8,49321439;-0,46598175
8,49821439;0,46598175
8,50321439;-1,86546493
8,50821439;0,46598175
8,51321439;-0,46598175
8,51821439;-0,46598175
8,52321439;0,46598175
8,52821439;0,46598175
8,53321439;0,00000000
8,53821439;0,00000000
8,54321439;0,00000000
8,54821439;0,00000000
8,55321439;-0,46598175
8,55821439;0,00000000
8,56321439;-0,93196350
8,56821439;0,93196350
8,57321439;-0,93196350
8,57821439;0,00000000
8,58321439;0,00000000
8,58821439;0,46598175
8,59321439;0,00000000
8,59821439;0,46598175
8,60321438;0,00000000
8,60821438;0,46598175
8,61321438;0,46598175
8,61821438;0,46598175
8,62321438;-0,46598175
8,62821438;0,46598175
8,63321438;-0,46598175
8,63821438;0,93196350
8,64321438;0,46598175
8,64821438;-0,46598175
8,65321438;0,00000000
8,65821438;0,46598175
8,66321438;0,46598175
8,66821438;0,00000000
8,67321438;0,46598175
8,67821438;0,46598175
8,68321438;-0,93196350
8,68821438;1,39948320
8,69321438;0,00000000
8,69821438;0,46598175
8,70321438;0,93196350
8,70821438;0,46598175
8,71321438;-1,39948320
8,71821438;0,46598175
8,72321438;0,93196350
8,72821438;0,46598175
8,73321438;0,46598175
8,73821438;0,00000000
8,74321438;0,00000000
8,74821438;0,93196350
8,75321438;0,00000000
8,75821438;0,93196350
8,76321438;0,00000000
8,76821438;0,00000000
8,77321438;0,00000000
8,77821438;0,00000000
8,78321438;0,93196350
8,78821438;1,39948320
8,79321438;0,00000000
8,79821438;0,46598175
8,80321438;0,46598175
8,80821438;-0,46598175
8,81321438;-0,46598175
8,81821438;0,00000000
8,82321438;0,46598175
8,82821438;0,93196350
8,83321438;-0,93196350
8,83821438;0,46598175
8,84321438;0,93196350
8,84821438;0,93196350
8,85321438;-0,46598175
8,85821438;0,00000000
8,86321438;0,00000000
8,86821438;0,00000000
8,87321438;0,00000000
8,87821438;0,46598175
8,88321438;1,86546493
8,88821438;0,93196350
8,89321438;0,46598175
8,89821438;0,00000000
8,90321438;0,46598175
8,90821438;0,46598175
8,91321438;0,00000000
8,91821438;0,93196350
8,92321438;0,46598175
8,92821438;0,00000000
8,93321438;0,00000000
8,93821438;0,46598175
8,94321438;0,46598175
8,94821438;0,93196350
8,95321438;0,46598175
8,95821438;0,00000000
8,96321438;0,00000000
8,96821438;0,46598175
8,97321438;0,00000000
8,97821438;0,46598175
8,98321438;0,46598175
8,98821438;0,46598175
8,99321438;0,00000000
8,99821437;-0,46598175
9,00321437;0,00000000
9,00821437;-0,46598175
9,01321437;14,00098324
9,01821437;0,00000000
9,02321437;0,00000000
9,02821437;0,00000000
9,03321437;-0,93196350
9,03821437;0,00000000
9,04321437;1,39948320
9,04821437;-0,46598175
9,05321437;-0,46598175
9,05821437;0,46598175
9,06321437;0,46598175
9,06821437;-0,46598175
9,07321437;0,00000000
9,07821437;-0,46598175
9,08321437;0,00000000
9,08821437;-1,39948320
9,09321437;-1,86546493
9,09821437;0,93196350
9,10321437;0,00000000
9,10821437;0,00000000
9,11321437;0,00000000
9,11821437;0,46598175
9,12321437;0,00000000
9,12821437;0,93196350
9,13321437;0,93196350
9,13821437;-0,46598175
9,14321437;0,46598175
9,14821437;-0,93196350
9,15321437;0,00000000
9,15821437;0,00000000
9,16321437;-0,46598175
9,16821437;0,00000000
9,17321437;0,46598175
9,17821437;0,46598175
9,18321437;-0,46598175
9,18821437;0,00000000
9,19321437;-0,46598175
9,19821437;0,46598175
9,20321437;0,00000000
9,20821437;0,46598175
9,21321437;-0,46598175
9,21821437;0,00000000
9,22321437;0,00000000
9,22821437;0,46598175
9,23321437;0,46598175
9,23821437;0,46598175
9,24321437;0,00000000
9,24821437;0,46598175
9,25321437;-0,93196350
9,25821437;0,46598175
9,26321437;0,00000000
9,26821437;0,00000000
9,27321437;0,00000000
9,27821437;0,46598175
9,28321437;-1,86546493
9,28821437;0,00000000
9,29321437;0,00000000
9,29821437;0,46598175
9,30321437;0,46598175
9,30821437;0,46598175
9,31321437;0,93196350
9,31821437;0,46598175
9,32321437;0,00000000
9,32821437;0,93196350
9,33321437;0,00000000
9,33821437;0,00000000
9,34321437;0,46598175
9,34821437;0,00000000
9,35321437;0,00000000
9,35821437;-0,93196350
9,36321437;0,00000000
9,36821437;0,46598175
9,37321437;-0,46598175
9,37821437;0,00000000
9,38321437;0,00000000
9,38821437;0,00000000
9,39321437;0,46598175
9,39821436;0,46598175
9,40321436;-0,93196350
9,40821436;0,00000000
9,41321436;0,93196350
9,41821436;0,46598175
9,42321436;-0,46598175
9,42821436;0,00000000
9,43321436;0,46598175
9,43821436;0,93196350
9,44321436;0,93196350
9,44821436;0,46598175
9,45321436;0,00000000
9,45821436;-0,93196350
9,46321436;0,00000000
9,46821436;0,00000000
9,47321436;0,46598175
9,47821436;0,00000000
9,48321436;0,46598175
9,48821436;0,00000000
9,49321436;0,46598175
9,49821436;-5,59947062
9,50321436;-0,93196350
9,50821436;0,00000000
9,51321436;0,00000000
9,51821436;-0,46598175
9,52321436;0,93196350
9,52821436;0,46598175
9,53321436;-0,46598175
9,53821436;0,00000000
9,54321436;0,00000000
9,54821436;-0,46598175
9,55321436;-0,93196350
9,55821436;-0,46598175
9,56321436;0,46598175
9,56821436;-0,46598175
9,57321436;0,00000000
9,57821436;0,00000000
9,58321436;-0,46598175
9,58821436;0,46598175
9,59321436;0,93196350
9,59821436;0,00000000
9,60321436;-1,39948320
9,60821436;0,00000000
9,61321436;0,00000000
9,61821436;0,00000000
9,62321436;0,00000000
9,62821436;0,93196350
9,63321436;-0,93196350
9,63821436;-0,46598175
9,64321436;-0,46598175
9,64821436;0,93196350
9,65321436;0,46598175
9,65821436;0,00000000
9,66321436;0,46598175
9,66821436;0,46598175
9,67321436;0,46598175
9,67821436;0,46598175
9,68321436;0,46598175
9,68821436;0,00000000
9,69321436;0,46598175
9,69821436;-0,93196350
9,70321436;0,00000000
9,70821436;0,93196350
9,71321436;0,46598175
9,71821436;0,46598175
9,72321436;0,46598175
9,72821436;0,46598175
9,73321436;0,46598175
9,73821436;1,39948320
9,74321436;-0,93196350
9,74821436;0,46598175
9,75321436;0,93196350
9,75821436;-0,46598175
9,76321436;0,00000000
9,76821436;-0,46598175
9,77321436;-0,46598175
9,77821436;0,46598175
9,78321436;-0,93196350
9,78821436;0,93196350
9,79321435;0,00000000
9,79821435;0,00000000
9,80321435;0,46598175
9,80821435;-0,46598175
9,81321435;-0,46598175
9,81821435;0,46598175
9,82321435;-0,46598175
9,82821435;0,00000000
9,83321435;0,00000000
9,83821435;0,00000000
9,84321435;0,46598175
9,84821435;0,46598175
9,85321435;0,00000000
9,85821435;0,46598175
9,86321435;0,00000000
9,86821435;0,00000000
9,87321435;0,00000000
9,87821435;0,00000000
9,88321435;1,39948320
9,88821435;0,46598175
9,89321435;-0,93196350
9,89821435;-1,39948320
9,90321435;0,46598175
9,90821435;0,00000000
9,91321435;0,00000000
9,91821435;0,00000000
9,92321435;0,46598175
9,92821435;0,46598175
9,93321435;0,00000000
9,93821435;0,93196350
9,94321435;0,00000000
9,94821435;0,93196350
9,95321435;0,93196350
9,95821435;0,93196350
9,96321435;-0,46598175
9,96821435;0,00000000
9,97321435;0,00000000
9,97821435;-0,46598175
9,98321435;0,00000000
9,98821435;-0,46598175
9,99321435;0,93196350
9,99821435;0,00000000
10,00321435;-0,46598175
10,00821435;-0,93196350
10,01321435;-0,93196350
10,01821435;0,00000000
10,02321435;0,00000000
10,02821435;0,46598175
10,03321435;0,00000000
10,03821435;0,46598175
10,04321435;0,00000000
10,04821435;0,00000000
10,05321435;-0,46598175
10,05821435;-1,39948320
10,06321435;-0,46598175
10,06821435;0,00000000
10,07321435;0,00000000
10,07821435;0,00000000
10,08321435;-0,46598175
10,08821435;0,46598175
10,09321435;0,93196350
10,09821435;-1,86546493
10,10321435;0,46598175
10,10821435;0,46598175
10,11321435;1,39948320
10,11821435;0,46598175
10,12321435;-0,46598175
10,12821435;-0,46598175
10,13321435;0,00000000
10,13821435;0,46598175
10,14321435;0,46598175
10,14821435;0,00000000
10,15321435;0,00000000
10,15821435;0,00000000
10,16321435;0,46598175
10,16821435;0,00000000
10,17321435;-0,46598175
10,17821435;0,00000000
10,18321435;-0,46598175
10,18821434;-0,46598175
10,19321434;0,46598175
10,19821434;0,46598175
10,20321434;-2,33298445
10,20821434;-0,93196350
10,21321434;0,46598175
10,21821434;0,46598175
10,22321434;0,00000000
10,22821434;-0,46598175
10,23321434;-0,93196350
10,23821434;0,46598175
10,24321434;0,46598175
10,24821434;0,46598175
10,25321434;0,46598175
10,25821434;0,00000000
10,26321434;0,00000000
10,26821434;0,00000000
10,27321434;0,00000000
10,27821434;0,00000000
10,28321434;0,46598175
10,28821434;0,46598175
10,29321434;0,46598175
10,29821434;0,00000000
10,30321434;-0,46598175
10,30821434;-0,46598175
10,31321434;0,46598175
10,31821434;0,46598175
10,32321434;-7,00049162
10,32821434;-0,93196350
10,33321434;-0,46598175
10,33821434;0,93196350
10,34321434;0,00000000
10,34821434;0,46598175
10,35321434;0,00000000
10,35821434;0,46598175
10,36321434;0,46598175
10,36821434;0,46598175
10,37321434;0,00000000
10,37821434;0,46598175
10,38321434;0,00000000
10,38821434;0,46598175
10,39321434;0,46598175
10,39821434;-0,93196350
10,40321434;0,46598175
10,40821434;0,46598175
10,41321434;0,93196350
10,41821434;0,00000000
10,42321434;0,00000000
10,42821434;1,39948320
10,43321434;-0,46598175
10,43821434;0,46598175
10,44321434;0,46598175
10,44821434;-0,46598175
10,45321434;0,46598175
10,45821434;-0,93196350
10,46321434;-0,93196350
10,46821434;0,00000000
10,47321434;0,00000000
10,47821434;0,00000000
10,48321434;0,00000000
10,48821434;0,00000000
10,49321434;0,00000000
10,49821434;-0,93196350
10,50321434;0,46598175
10,50821434;0,46598175
10,51321434;-0,93196350
10,51821434;-0,46598175
10,52321434;0,00000000
10,52821434;-0,93196350
10,53321434;0,00000000
10,53821434;-0,46598175
10,54321434;0,00000000
10,54821434;-0,46598175
10,55321434;0,00000000
10,55821434;0,46598175
10,56321434;-1,39948320
10,56821434;0,46598175
10,57321434;-0,46598175
10,57821434;0,00000000
10,58321433;0,00000000
10,58821433;0,00000000
10,59321433;0,00000000
10,59821433;0,00000000
10,60321433;0,93196350
10,60821433;0,00000000
10,61321433;0,46598175
10,61821433;0,46598175
10,62321433;0,00000000
10,62821433;0,00000000
10,63321433;0,00000000
10,63821433;0,46598175
10,64321433;0,46598175
10,64821433;0,93196350
10,65321433;0,00000000
10,65821433;0,93196350
10,66321433;0,93196350
10,66821433;0,46598175
10,67321433;0,46598175
10,67821433;0,46598175
10,68321433;-0,93196350
10,68821433;0,00000000
10,69321433;-0,46598175
10,69821433;0,46598175
10,70321433;-0,93196350
10,70821433;0,46598175
10,71321433;-1,39948320
10,71821433;-0,46598175
10,72321433;0,00000000
10,72821433;-0,46598175
10,73321433;0,46598175
10,73821433;-0,46598175
10,74321433;0,46598175
10,74821433;0,00000000
10,75321433;-0,46598175
10,75821433;0,00000000
10,76321433;0,00000000
10,76821433;0,00000000
10,77321433;0,00000000
10,77821433;0,46598175
10,78321433;0,46598175
10,78821433;0,46598175
10,79321433;0,46598175
10,79821433;0,00000000
10,80321433;0,93196350
10,80821433;0,93196350
10,81321433;0,46598175
10,81821433;0,46598175
10,82321433;0,46598175
10,82821433;0,00000000
10,83321433;0,46598175
10,83821433;-0,46598175
10,84321433;0,00000000
10,84821433;0,46598175
10,85321433;0,46598175
10,85821433;0,93196350
10,86321433;-0,46598175
10,86821433;0,46598175
10,87321433;-0,46598175
10,87821433;0,93196350
10,88321433;-0,46598175
10,88821433;0,00000000
10,89321433;0,46598175
10,89821433;0,00000000
10,90321433;0,46598175
10,90821433;0,46598175
10,91321433;0,00000000
10,91821433;-0,46598175
10,92321433;0,00000000
10,92821433;0,93196350
10,93321433;-0,93196350
10,93821433;0,46598175
10,94321433;0,00000000
10,94821433;0,46598175
10,95321433;0,46598175
10,95821433;-0,46598175
10,96321433;0,46598175
10,96821433;0,46598175
10,97321433;0,46598175
10,97821432;0,00000000
10,98321432;0,00000000
10,98821432;0,00000000
10,99321432;0,46598175
10,99821432;-0,46598175
11,00321432;1,39948320
11,00821432;0,46598175
11,01321432;0,00000000
11,01821432;0,00000000
11,02321432;0,46598175
11,02821432;0,93196350
11,03321432;0,00000000
11,03821432;0,93196350
11,04321432;0,46598175
11,04821432;0,00000000
11,05321432;-0,46598175
11,05821432;0,00000000
11,06321432;0,46598175
11,06821432;0,46598175
11,07321432;0,46598175
11,07821432;0,00000000
11,08321432;0,46598175
11,08821432;0,00000000
11,09321432;0,00000000
11,09821432;0,00000000
11,10321432;0,00000000
11,10821432;0,46598175
11,11321432;0,46598175
11,11821432;0,46598175
11,12321432;0,00000000
11,12821432;0,00000000
11,13321432;0,00000000
11,13821432;0,00000000
11,14321432;0,46598175
11,14821432;-0,46598175
11,15321432;0,46598175
11,15821432;0,46598175
11,16321432;-0,46598175
11,16821432;0,46598175
11,17321432;0,00000000
11,17821432;-0,46598175
11,18321432;0,93196350
11,18821432;0,00000000
11,19321432;-0,46598175
11,19821432;0,00000000
11,20321432;-0,46598175
11,20821432;0,00000000
11,21321432;0,00000000
11,21821432;0,00000000
11,22321432;0,00000000
11,22821432;0,00000000
11,23321432;0,00000000
11,23821432;0,00000000
11,24321432;-0,93196350
11,24821432;0,93196350
11,25321432;0,00000000
11,25821432;0,46598175
11,26321432;0,00000000
11,26821432;0,00000000
11,27321432;0,00000000
11,27821432;0,00000000
11,28321432;0,46598175
11,28821432;0,93196350
11,29321432;-0,46598175
11,29821432;-0,93196350
11,30321432;0,46598175
11,30821432;0,46598175
11,31321432;0,93196350
11,31821432;-0,46598175
11,32321432;0,00000000
11,32821432;0,00000000
11,33321432;0,00000000
11,33821432;0,00000000
11,34321432;0,00000000
11,34821432;0,00000000
11,35321432;-0,93196350
11,35821432;0,93196350
11,36321432;-1,39948320
11,36821432;0,93196350
11,37321431;0,46598175
11,37821431;1,86546493
11,38321431;-0,46598175
11,38821431;0,00000000
11,39321431;0,00000000
11,39821431;0,46598175
11,40321431;0,46598175
11,40821431;-0,46598175
11,41321431;-0,46598175
11,41821431;2,33298445
11,42321431;0,46598175
11,42821431;0,00000000
11,43321431;0,46598175
11,43821431;-0,46598175
11,44321431;0,00000000
11,44821431;0,00000000
11,45321431;0,00000000
11,45821431;0,00000000
11,46321431;0,00000000
11,46821431;0,00000000
11,47321431;0,46598175
11,47821431;0,93196350
11,48321431;0,46598175
11,48821431;0,46598175
11,49321431;0,00000000
11,49821431;-0,93196350
11,50321431;0,00000000
11,50821431;0,00000000
11,51321431;-2,33298445
11,51821431;0,00000000
11,52321431;0,00000000
11,52821431;0,00000000
11,53321431;-0,46598175
11,53821431;0,00000000
11,54321431;0,00000000
11,54821431;0,00000000
11,55321431;-0,93196350
11,55821431;0,93196350
11,56321431;0,93196350
11,56821431;0,46598175
11,57321431;0,00000000
11,57821431;1,39948320
11,58321431;-0,46598175
11,58821431;-0,46598175
11,59321431;-0,46598175
11,59821431;-0,93196350
11,60321431;-0,46598175
11,60821431;0,00000000
11,61321431;0,46598175
11,61821431;0,46598175
11,62321431;0,00000000
11,62821431;0,00000000
11,63321431;-0,93196350
11,63821431;-0,46598175
11,64321431;-0,46598175
11,64821431;-0,93196350
11,65321431;0,00000000
11,65821431;0,93196350
11,66321431;0,46598175
11,66821431;-0,46598175
11,67321431;-0,46598175
11,67821431;0,00000000
11,68321431;0,00000000
11,68821431;-0,46598175
11,69321431;0,00000000
11,69821431;1,39948320
11,70321431;0,46598175
11,70821431;0,46598175
11,71321431;0,00000000
11,71821431;0,00000000
11,72321431;0,00000000
11,72821431;0,00000000
11,73321431;0,00000000
11,73821431;0,46598175
11,74321431;0,46598175
11,74821431;0,46598175
11,75321431;0,46598175
11,75821431;0,46598175
11,76321431;-0,46598175
11,76821431;1,39948320
11,77321430;0,93196350
11,77821430;0,00000000
11,78321430;-0,46598175
11,78821430;0,46598175
11,79321430;0,00000000
11,79821430;0,46598175
11,80321430;-0,46598175
11,80821430;-0,46598175
11,81321430;0,00000000
11,81821430;0,93196350
11,82321430;-0,46598175
11,82821430;0,46598175
11,83321430;0,46598175
11,83821430;0,93196350
11,84321430;0,00000000
11,84821430;0,46598175
11,85321430;0,00000000
11,85821430;0,00000000
11,86321430;0,46598175
11,86821430;0,00000000
11,87321430;-0,46598175
11,87821430;0,46598175
11,88321430;0,00000000
11,88821430;0,00000000
11,89321430;0,46598175
11,89821430;0,46598175
11,90321430;0,00000000
11,90821430;0,00000000
11,91321430;-0,93196350
11,91821430;0,00000000
11,92321430;0,46598175
11,92821430;-0,93196350
11,93321430;-0,93196350
11,93821430;0,00000000
11,94321430;0,00000000
11,94821430;-0,93196350
11,95321430;1,86546493
11,95821430;0,00000000
11,96321430;-0,46598175
11,96821430;0,00000000
11,97321430;0,46598175
11,97821430;0,00000000
11,98321430;-0,46598175
11,98821430;0,93196350
11,99321430;-0,46598175
11,99821430;0,46598175
12,00321430;0,46598175
12,00821430;0,93196350
12,01321430;0,00000000
12,01821430;0,00000000
12,02321430;0,46598175
12,02821430;0,93196350
12,03321430;0,00000000
12,03821430;-0,46598175
12,04321430;0,00000000
12,04821430;0,00000000
12,05321430;0,00000000
12,05821430;0,46598175
12,06321430;0,00000000
12,06821430;0,00000000
12,07321430;0,00000000
12,07821430;0,46598175
12,08321430;0,00000000
12,08821430;-0,93196350
12,09321430;-0,93196350
12,09821430;-0,46598175
12,10321430;-0,93196350
12,10821430;0,46598175
12,11321430;-0,93196350
12,11821430;-0,46598175
12,12321430;-0,93196350
12,12821430;-0,46598175
12,13321430;0,00000000
12,13821430;-0,46598175
12,14321430;0,46598175
12,14821430;0,46598175
12,15321430;0,46598175
12,15821430;0,00000000
12,16321430;0,00000000
12,16821429;0,00000000
12,17321429;0,00000000
12,17821429;-0,46598175
12,18321429;0,00000000
12,18821429;0,00000000
12,19321429;0,46598175
12,19821429;0,46598175
12,20321429;0,46598175
12,20821429;0,00000000
12,21321429;0,46598175
12,21821429;0,00000000
12,22321429;-0,46598175
12,22821429;0,46598175
12,23321429;0,00000000
12,23821429;0,46598175
12,24321429;0,93196350
12,24821429;0,46598175
12,25321429;-0,46598175
12,25821429;0,46598175
12,26321429;0,00000000
12,26821429;0,00000000
12,27321429;0,00000000
12,27821429;-0,46598175
12,28321429;0,00000000
12,28821429;0,00000000
12,29321429;0,46598175
12,29821429;-1,39948320
12,30321429;0,00000000
12,30821429;-0,46598175
12,31321429;-0,46598175
12,31821429;-0,93196350
12,32321429;0,46598175
12,32821429;0,00000000
12,33321429;-0,93196350
12,33821429;-0,46598175
12,34321429;0,93196350
12,34821429;0,00000000
12,35321429;0,46598175
12,35821429;0,00000000
12,36321429;-0,93196350
12,36821429;0,93196350
12,37321429;0,46598175
12,37821429;0,46598175
12,38321429;0,46598175
12,38821429;0,00000000
12,39321429;0,00000000
12,39821429;0,00000000
12,40321429;0,00000000
12,40821429;0,00000000
12,41321429;0,46598175
12,41821429;0,46598175
12,42321429;-0,46598175
12,42821429;0,00000000
12,43321429;0,46598175
12,43821429;0,00000000
12,44321429;0,46598175
12,44821429;0,00000000
12,45321429;0,46598175
12,45821429;0,46598175
12,46321429;0,46598175
12,46821429;0,46598175
12,47321429;0,00000000
12,47821429;-0,93196350
12,48321429;0,00000000
12,48821429;0,46598175
12,49321429;-0,46598175
12,49821429;-0,46598175
12,50321429;0,46598175
12,50821429;0,93196350
12,51321429;0,93196350
12,51821429;-0,46598175
12,52321429;0,46598175
12,52821429;-0,46598175
12,53321429;-0,93196350
12,53821429;0,93196350
12,54321429;-0,46598175
12,54821429;-0,46598175
12,55321429;-0,46598175
12,55821429;0,46598175
12,56321428;0,00000000
12,56821428;0,00000000
12,57321428;0,46598175
12,57821428;0,46598175
12,58321428;0,00000000
12,58821428;-15,86798668
12,59321428;0,46598175
12,59821428;0,46598175
12,60321428;0,46598175
12,60821428;0,46598175
12,61321428;0,93196350
12,61821428;0,00000000
12,62321428;0,46598175
12,62821428;0,00000000
12,63321428;0,46598175
12,63821428;0,93196350
12,64321428;0,46598175
12,64821428;0,46598175
12,65321428;-0,46598175
12,65821428;-0,46598175
12,66321428;0,93196350
12,66821428;0,46598175
12,67321428;0,00000000
12,67821428;0,93196350
12,68321428;0,46598175
12,68821428;0,93196350
12,69321428;0,46598175
12,69821428;0,93196350
12,70321428;0,00000000
12,70821428;0,46598175
12,71321428;-1,86546493
12,71821428;-0,46598175
12,72321428;-0,46598175
12,72821428;-1,39948320
12,73321428;0,93196350
12,73821428;0,46598175
12,74321428;0,93196350
12,74821428;0,46598175
12,75321428;-0,93196350
12,75821428;0,46598175
12,76321428;0,46598175
12,76821428;-0,46598175
12,77321428;0,00000000
12,77821428;-0,93196350
12,78321428;0,93196350
12,78821428;0,00000000
12,79321428;0,00000000
12,79821428;0,46598175
12,80321428;0,00000000
12,80821428;0,00000000
12,81321428;-0,46598175
12,81821428;0,00000000
12,82321428;0,46598175
12,82821428;0,00000000
12,83321428;0,46598175
12,83821428;0,93196350
12,84321428;0,00000000
12,84821428;0,00000000
12,85321428;0,93196350
12,85821428;0,00000000
12,86321428;0,00000000
12,86821428;0,46598175
12,87321428;0,00000000
12,87821428;0,00000000
12,88321428;0,93196350
12,88821428;0,00000000
12,89321428;0,46598175
12,89821428;0,46598175
12,90321428;0,00000000
12,90821428;0,46598175
12,91321428;1,39948320
12,91821428;0,46598175
12,92321428;0,46598175
12,92821428;-1,86546493
12,93321428;0,46598175
12,93821428;0,46598175
12,94321428;0,46598175
12,94821428;0,46598175
12,95321428;0,00000000
12,95821427;0,93196350
12,96321427;0,00000000
12,96821427;-0,93196350
12,97321427;0,00000000
12,97821427;0,00000000
12,98321427;0,00000000
12,98821427;0,93196350
12,99321427;0,93196350
12,99821427;-0,46598175
13,00321427;-0,93196350
13,00821427;0,46598175
13,01321427;0,46598175
13,01821427;0,46598175
13,02321427;0,00000000
13,02821427;-0,46598175
13,03321427;0,00000000
13,03821427;0,00000000
13,04321427;0,93196350
13,04821427;0,46598175
13,05321427;0,00000000
13,05821427;-0,46598175
13,06321427;0,00000000
13,06821427;0,46598175
13,07321427;0,46598175
13,07821427;0,00000000
13,08321427;0,00000000
13,08821427;-0,93196350
13,09321427;0,00000000
13,09821427;1,39948320
13,10321427;0,46598175
13,10821427;0,00000000
13,11321427;-0,93196350
13,11821427;0,00000000
13,12321427;-0,46598175
13,12821427;0,00000000
13,13321427;-0,46598175
13,13821427;0,00000000
13,14321427;0,46598175
13,14821427;0,00000000
13,15321427;0,00000000
13,15821427;0,93196350
13,16321427;0,46598175
13,16821427;0,93196350
13,17321427;0,46598175
13,17821427;0,00000000
13,18321427;0,00000000
13,18821427;0,00000000
13,19321427;0,46598175
13,19821427;0,46598175
13,20321427;0,00000000
13,20821427;0,00000000
13,21321427;0,00000000
13,21821427;0,46598175
13,22321427;0,46598175
13,22821427;0,46598175
13,23321427;0,00000000
13,23821427;0,00000000
13,24321427;-0,46598175
13,24821427;0,46598175
13,25321427;-0,46598175
13,25821427;0,46598175
13,26321427;0,00000000
13,26821427;0,46598175
13,27321427;0,00000000
13,27821427;0,46598175
13,28321427;-0,46598175
13,28821427;0,00000000
13,29321427;0,46598175
13,29821427;0,46598175
13,30321427;-0,46598175
13,30821427;0,00000000
13,31321427;1,86546493
13,31821427;0,00000000
13,32321427;0,93196350
13,32821427;0,93196350
13,33321427;0,46598175
13,33821427;0,46598175
13,34321427;0,46598175
13,34821427;0,00000000
13,35321426;0,46598175
13,35821426;0,93196350
13,36321426;0,00000000
13,36821426;0,00000000
13,37321426;0,46598175
13,37821426;0,46598175
13,38321426;0,46598175
13,38821426;0,00000000
13,39321426;0,46598175
13,39821426;-0,46598175
13,40321426;0,46598175
13,40821426;0,00000000
13,41321426;0,00000000
13,41821426;-0,93196350
13,42321426;0,00000000
13,42821426;0,00000000
13,43321426;0,46598175
13,43821426;1,39948320
13,44321426;0,93196350
13,44821426;0,00000000
13,45321426;0,93196350
13,45821426;0,00000000
13,46321426;0,00000000
13,46821426;0,46598175
13,47321426;-2,33298445
13,47821426;-0,46598175
13,48321426;0,00000000
13,48821426;-0,93196350
13,49321426;0,46598175
13,49821426;0,93196350
13,50321426;-10,26697731
13,50821426;0,00000000
13,51321426;-0,46598175
13,51821426;-0,46598175
13,52321426;0,46598175
13,52821426;0,46598175
13,53321426;-0,93196350
13,53821426;0,00000000
13,54321426;0,00000000
13,54821426;0,00000000
13,55321426;0,00000000
13,55821426;2,79896641
13,56321426;0,93196350
13,56821426;0,00000000
13,57321426;1,39948320
13,57821426;0,46598175
13,58321426;-0,46598175
13,58821426;0,00000000
13,59321426;0,00000000
13,59821426;0,00000000
13,60321426;0,46598175
13,60821426;0,00000000
13,61321426;0,46598175
13,61821426;-0,46598175
13,62321426;0,46598175
13,62821426;0,93196350
13,63321426;0,00000000
13,63821426;0,00000000
13,64321426;0,46598175
13,64821426;0,46598175
13,65321426;0,46598175
13,65821426;0,00000000
13,66321426;0,93196350
13,66821426;-0,93196350
13,67321426;0,00000000
13,67821426;-0,46598175
13,68321426;0,00000000
13,68821426;-0,46598175
13,69321426;0,46598175
13,69821426;0,00000000
13,70321426;-0,93196350
13,70821426;0,93196350
13,71321426;-0,93196350
13,71821426;0,46598175
13,72321426;0,00000000
13,72821426;0,00000000
13,73321426;0,00000000
13,73821426;0,00000000
13,74321426;0,00000000
13,74821425;-1,39948320
13,75321425;-0,93196350
13,75821425;-0,93196350
13,76321425;-1,39948320
13,76821425;0,00000000
13,77321425;-0,46598175
13,77821425;0,00000000
13,78321425;0,00000000
13,78821425;-0,46598175
13,79321425;0,00000000
13,79821425;-0,93196350
13,80321425;-0,46598175
13,80821425;0,93196350
13,81321425;-0,46598175
13,81821425;0,00000000
13,82321425;-0,46598175
13,82821425;2,79896641
13,83321425;-0,46598175
13,83821425;-0,93196350
13,84321425;0,93196350
13,84821425;0,93196350
13,85321425;-0,46598175
13,85821425;-0,46598175
13,86321425;0,00000000
13,86821425;-0,46598175
13,87321425;0,46598175
13,87821425;0,46598175
13,88321425;0,46598175
13,88821425;0,00000000
13,89321425;0,00000000
13,89821425;0,93196350
13,90321425;0,00000000
13,90821425;0,00000000
13,91321425;0,93196350
13,91821425;-0,46598175
13,92321425;-0,46598175
13,92821425;-0,93196350
13,93321425;-0,93196350
13,93821425;0,00000000
13,94321425;-0,93196350
13,94821425;0,00000000
13,95321425;0,00000000
13,95821425;0,00000000
13,96321425;0,00000000
13,96821425;-0,93196350
13,97321425;0,00000000
13,97821425;0,00000000
13,98321425;0,46598175
13,98821425;0,46598175
13,99321425;0,00000000
13,99821425;0,00000000
14,00321425;-0,46598175
14,00821425;0,00000000
14,01321425;0,00000000
14,01821425;-0,46598175
14,02321425;0,00000000
14,02821425;0,46598175
14,03321425;0,46598175
14,03821425;-0,46598175
14,04321425;0,46598175
14,04821425;-0,93196350
14,05321425;-0,46598175
14,05821425;0,46598175
14,06321425;0,00000000
14,06821425;-0,46598175
14,07321425;0,46598175
14,07821425;0,46598175
14,08321425;0,00000000
14,08821425;0,46598175
14,09321425;0,00000000
14,09821425;0,46598175
14,10321425;0,46598175
14,10821425;0,46598175
14,11321425;0,00000000
14,11821425;0,93196350
14,12321425;0,00000000
14,12821425;0,00000000
14,13321425;0,00000000
14,13821425;0,46598175
14,14321425;0,46598175
14,14821424;0,46598175
14,15321424;0,00000000
14,15821424;0,46598175
14,16321424;0,00000000
14,16821424;0,46598175
14,17321424;0,46598175
14,17821424;-0,46598175
14,18321424;0,93196350
14,18821424;0,93196350
14,19321424;0,00000000
14,19821424;0,00000000
14,20321424;0,46598175
14,20821424;0,46598175
14,21321424;0,00000000
14,21821424;0,93196350
14,22321424;0,00000000
14,22821424;-0,93196350
14,23321424;0,46598175
14,23821424;0,46598175
14,24321424;-0,93196350
14,24821424;0,46598175
14,25321424;0,00000000
14,25821424;0,46598175
14,26321424;0,93196350
14,26821424;0,93196350
14,27321424;-0,46598175
14,27821424;0,00000000
14,28321424;0,46598175
14,28821424;0,46598175
14,29321424;-1,39948320
14,29821424;0,00000000
14,30321424;0,00000000
14,30821424;0,00000000
14,31321424;0,00000000
14,31821424;0,00000000
14,32321424;0,00000000
14,32821424;0,46598175
14,33321424;0,46598175
14,33821424;0,46598175
14,34321424;-1,86546493
14,34821424;0,00000000
14,35321424;0,93196350
14,35821424;0,46598175
14,36321424;0,46598175
14,36821424;0,46598175
14,37321424;0,00000000
14,37821424;0,46598175
14,38321424;-0,46598175
14,38821424;1,39948320
14,39321424;-0,46598175
14,39821424;0,46598175
14,40321424;0,00000000
14,40821424;0,46598175
14,41321424;0,00000000
14,41821424;0,00000000
14,42321424;0,00000000
14,42821424;0,46598175
14,43321424;0,00000000
14,43821424;0,46598175
14,44321424;-0,46598175
14,44821424;-0,46598175
14,45321424;-0,46598175
14,45821424;0,46598175
14,46321424;0,00000000
14,46821424;0,46598175
14,47321424;0,00000000
14,47821424;-0,46598175
14,48321424;0,93196350
14,48821424;0,46598175
14,49321424;0,93196350
14,49821424;-0,46598175
14,50321424;0,00000000
14,50821424;0,00000000
14,51321424;0,46598175
14,51821424;0,46598175
14,52321424;0,93196350
14,52821424;-0,93196350
14,53321424;-0,46598175
14,53821424;0,93196350
14,54321423;-0,46598175
14,54821423;0,00000000
14,55321423;-0,46598175
14,55821423;0,93196350
14,56321423;0,00000000
14,56821423;-0,93196350
14,57321423;0,00000000
14,57821423;0,00000000
14,58321423;0,00000000
14,58821423;0,46598175
14,59321423;0,00000000
14,59821423;-0,46598175
14,60321423;0,00000000
14,60821423;-0,46598175
14,61321423;1,39948320
14,61821423;0,00000000
14,62321423;-0,46598175
14,62821423;0,93196350
14,63321423;0,00000000
14,63821423;0,46598175
14,64321423;-0,93196350
14,64821423;0,00000000
14,65321423;0,46598175
14,65821423;-0,93196350
14,66321423;-0,46598175
14,66821423;0,00000000
14,67321423;-0,46598175
14,67821423;-0,93196350
14,68321423;-0,46598175
14,68821423;0,93196350
14,69321423;0,46598175
14,69821423;0,00000000
14,70321423;-0,46598175
14,70821423;0,93196350
14,71321423;-0,46598175
14,71821423;0,46598175
14,72321423;0,00000000
14,72821423;1,86546493
14,73321423;0,00000000
14,73821423;0,46598175
14,74321423;0,00000000
14,74821423;0,46598175
14,75321423;0,00000000
14,75821423;-0,46598175
14,76321423;-0,46598175
14,76821423;0,00000000
14,77321423;0,93196350
14,77821423;0,46598175
14,78321423;0,00000000
14,78821423;0,00000000
14,79321423;-0,93196350
14,79821423;0,00000000
14,80321423;-0,46598175
14,80821423;0,46598175
14,81321423;0,00000000
14,81821423;-0,46598175
14,82321423;0,46598175
14,82821423;0,00000000
14,83321423;0,00000000
14,83821423;0,00000000
14,84321423;0,46598175
14,84821423;0,46598175
14,85321423;0,00000000
14,85821423;0,00000000
14,86321423;0,46598175
14,86821423;-0,46598175
14,87321423;0,46598175
14,87821423;0,93196350
14,88321423;0,00000000
14,88821423;-0,46598175
14,89321423;0,00000000
14,89821423;0,46598175
14,90321423;0,46598175
14,90821423;0,00000000
14,91321423;0,46598175
14,91821423;0,93196350
14,92321423;0,00000000
14,92821423;2,33298445
14,93321423;0,46598175
14,93821422;-0,46598175
14,94321422;0,46598175
14,94821422;-0,46598175
14,95321422;0,00000000
14,95821422;-0,93196350
14,96321422;0,00000000
14,96821422;-0,46598175
14,97321422;0,00000000
14,97821422;0,00000000
14,98321422;0,46598175
14,98821422;0,00000000
14,99321422;0,00000000
14,99821422;-0,46598175
15,00321422;0,46598175
15,00821422;0,00000000
15,01321422;0,46598175
15,01821422;-0,46598175
15,02321422;1,86546493
15,02821422;-0,46598175
15,03321422;0,46598175
15,03821422;0,46598175
15,04321422;0,00000000
15,04821422;0,00000000
15,05321422;0,00000000
15,05821422;0,93196350
15,06321422;-0,93196350
15,06821422;0,00000000
15,07321422;0,46598175
15,07821422;0,46598175
15,08321422;-0,46598175
15,08821422;0,00000000
15,09321422;0,46598175
15,09821422;0,46598175
15,10321422;0,00000000
15,10821422;0,00000000
15,11321422;0,46598175
15,11821422;0,46598175
15,12321422;0,93196350
15,12821422;0,93196350
15,13321422;0,93196350
15,13821422;0,93196350
15,14321422;0,00000000
15,14821422;0,00000000
15,15321422;-0,46598175
15,15821422;0,93196350
15,16321422;0,93196350
15,16821422;0,46598175
15,17321422;-0,46598175
15,17821422;-0,46598175
15,18321422;0,46598175
15,18821422;0,46598175
15,19321422;0,46598175
15,19821422;0,00000000
15,20321422;0,00000000
15,20821422;0,93196350
15,21321422;0,00000000
15,21821422;0,00000000
15,22321422;0,93196350
15,22821422;-0,93196350
15,23321422;0,00000000
15,23821422;0,46598175
15,24321422;0,93196350
15,24821422;0,00000000
15,25321422;2,79896641
15,25821422;0,00000000
15,26321422;-0,46598175
15,26821422;0,00000000
15,27321422;0,00000000
15,27821422;0,93196350
15,28321422;0,46598175
15,28821422;-0,46598175
15,29321422;0,00000000
15,29821422;0,93196350
15,30321422;0,00000000
15,30821422;-0,46598175
15,31321422;0,00000000
15,31821422;0,46598175
15,32321422;0,00000000
15,32821422;1,39948320
15,33321421;0,00000000
15,33821421;0,00000000
15,34321421;0,00000000
15,34821421;0,46598175
15,35321421;0,00000000
15,35821421;-0,93196350
15,36321421;0,00000000
15,36821421;0,46598175
15,37321421;0,46598175
15,37821421;0,93196350
15,38321421;0,46598175
15,38821421;0,93196350
15,39321421;0,93196350
15,39821421;0,46598175
15,40321421;0,00000000
15,40821421;0,00000000
15,41321421;0,46598175
15,41821421;0,46598175
15,42321421;0,00000000
15,42821421;0,00000000
15,43321421;-0,93196350
15,43821421;0,93196350
15,44321421;0,46598175
15,44821421;0,00000000
15,45321421;0,46598175
15,45821421;-0,46598175
15,46321421;0,00000000
15,46821421;0,00000000
15,47321421;0,00000000
15,47821421;0,00000000
15,48321421;0,00000000
15,48821421;0,46598175
15,49321421;0,00000000
15,49821421;0,00000000
15,50321421;0,46598175
15,50821421;0,00000000
15,51321421;-0,46598175
15,51821421;0,00000000
15,52321421;1,39948320
15,52821421;-3,26648593
15,53321421;0,46598175
15,53821421;0,46598175
15,54321421;-0,46598175
15,54821421;0,46598175
15,55321421;0,46598175
15,55821421;0,46598175
15,56321421;0,00000000
15,56821421;0,00000000
15,57321421;0,46598175
15,57821421;-0,46598175
15,58321421;0,00000000
15,58821421;0,00000000
15,59321421;0,93196350
15,59821421;0,46598175
15,60321421;-4,66596889
15,60821421;0,00000000
15,61321421;0,46598175
15,61821421;0,46598175
15,62321421;0,00000000
15,62821421;0,46598175
15,63321421;1,39948320
15,63821421;-0,46598175
15,64321421;0,93196350
15,64821421;0,46598175
15,65321421;0,93196350
15,65821421;0,46598175
15,66321421;-0,46598175
15,66821421;0,00000000
15,67321421;0,00000000
15,67821421;0,00000000
15,68321421;0,00000000
15,68821421;0,00000000
15,69321421;0,00000000
15,69821421;0,00000000
15,70321421;-0,46598175
15,70821421;0,00000000
15,71321421;0,00000000
15,71821421;-0,93196350
15,72321421;-0,93196350
15,72821420;0,00000000
15,73321420;0,00000000
15,73821420;-0,93196350
15,74321420;0,93196350
15,74821420;0,00000000
15,75321420;0,00000000
15,75821420;-1,39948320
15,76321420;0,00000000
15,76821420;0,00000000
15,77321420;0,00000000
15,77821420;-1,39948320
15,78321420;0,00000000
15,78821420;0,46598175
15,79321420;-0,46598175
15,79821420;0,00000000
15,80321420;-0,93196350
15,80821420;0,00000000
15,81321420;0,46598175
15,81821420;-0,46598175
15,82321420;0,46598175
15,82821420;0,00000000
15,83321420;0,00000000
15,83821420;0,00000000
15,84321420;0,00000000
15,84821420;-0,93196350
15,85321420;0,46598175
15,85821420;-0,46598175
15,86321420;0,00000000
15,86821420;-0,93196350
15,87321420;0,46598175
15,87821420;0,00000000
15,88321420;0,46598175
15,88821420;-0,46598175
15,89321420;0,93196350
15,89821420;0,46598175
15,90321420;0,93196350
15,90821420;0,93196350
15,91321420;1,86546493
15,91821420;0,46598175
15,92321420;0,46598175
15,92821420;-0,93196350
15,93321420;0,93196350
15,93821420;-0,46598175
15,94321420;0,00000000
15,94821420;0,00000000
15,95321420;0,46598175
15,95821420;0,46598175
15,96321420;0,93196350
15,96821420;0,00000000
15,97321420;0,93196350
15,97821420;0,46598175
15,98321420;0,46598175
15,98821420;0,00000000
15,99321420;-0,46598175
15,99821420;0,00000000
16,00321420;0,00000000
16,00821420;0,46598175
16,01321420;0,46598175
16,01821420;0,46598175
16,02321420;0,00000000
16,02821420;0,93196350
16,03321420;0,00000000
16,03821420;0,00000000
16,04321420;-0,93196350
16,04821420;0,00000000
16,05321420;0,00000000
16,05821420;0,93196350
16,06321420;0,46598175
16,06821420;0,00000000
16,07321420;0,46598175
16,07821420;0,46598175
16,08321420;0,00000000
16,08821420;0,46598175
16,09321420;0,46598175
16,09821420;-0,46598175
16,10321420;0,00000000
16,10821420;0,46598175
16,11321420;0,00000000
16,11821420;0,00000000
16,12321419;0,00000000
16,12821419;-0,46598175
16,13321419;0,93196350
16,13821419;0,00000000
16,14321419;0,00000000
16,14821419;0,00000000
16,15321419;0,46598175
16,15821419;0,46598175
16,16321419;0,93196350
16,16821419;0,46598175
16,17321419;-0,46598175
16,17821419;0,00000000
16,18321419;0,46598175
16,18821419;0,46598175
16,19321419;0,46598175
16,19821419;-0,46598175
16,20321419;0,00000000
16,20821419;-0,46598175
16,21321419;0,46598175
16,21821419;-0,46598175
16,22321419;0,00000000
16,22821419;0,00000000
16,23321419;0,46598175
16,23821419;0,00000000
16,24321419;0,46598175
16,24821419;0,46598175
16,25321419;0,46598175
16,25821419;0,93196350
16,26321419;0,00000000
16,26821419;0,46598175
16,27321419;0,46598175
16,27821419;0,00000000
16,28321419;0,00000000
16,28821419;0,00000000
16,29321419;0,46598175
16,29821419;0,93196350
16,30321419;0,00000000
16,30821419;0,46598175
16,31321419;0,46598175
16,31821419;0,93196350
16,32321419;-0,46598175
16,32821419;-0,46598175
16,33321419;0,00000000
16,33821419;0,46598175
16,34321419;1,39948320
16,34821419;-0,46598175
16,35321419;0,46598175
16,35821419;0,46598175
16,36321419;0,00000000
16,36821419;0,46598175
16,37321419;0,93196350
16,37821419;0,00000000
16,38321419;0,46598175
16,38821419;-0,46598175
16,39321419;0,46598175
16,39821419;0,00000000
16,40321419;-0,93196350
16,40821419;0,00000000
16,41321419;-0,46598175
16,41821419;0,46598175
16,42321419;-0,46598175
16,42821419;-0,46598175
16,43321419;0,93196350
16,43821419;0,00000000
16,44321419;0,00000000
16,44821419;0,00000000
16,45321419;0,46598175
16,45821419;-0,46598175
16,46321419;-0,46598175
16,46821419;0,00000000
16,47321419;-0,46598175
16,47821419;-0,46598175
16,48321419;0,00000000
16,48821419;0,00000000
16,49321419;-0,46598175
16,49821419;0,00000000
16,50321419;-0,46598175
16,50821419;-0,46598175
16,51321419;0,46598175
16,51821419;-1,39948320
16,52321418;0,00000000
16,52821418;-1,39948320
16,53321418;-0,46598175
16,53821418;-0,46598175
16,54321418;0,00000000
16,54821418;0,00000000
16,55321418;0,00000000
16,55821418;0,00000000
16,56321418;-0,46598175
16,56821418;0,46598175
16,57321418;-0,46598175
16,57821418;0,46598175
16,58321418;0,46598175
16,58821418;0,93196350
16,59321418;0,93196350
16,59821418;0,93196350
16,60321418;0,46598175
16,60821418;0,46598175
16,61321418;-0,46598175
16,61821418;-0,46598175
16,62321418;-0,46598175
16,62821418;0,00000000
16,63321418;0,46598175
16,63821418;-0,46598175
16,64321418;0,46598175
16,64821418;0,00000000
16,65321418;-0,46598175
16,65821418;0,00000000
16,66321418;-0,46598175
16,66821418;-0,46598175
16,67321418;-0,46598175
16,67821418;0,00000000
16,68321418;0,00000000
16,68821418;0,00000000
16,69321418;0,00000000
16,69821418;0,46598175
16,70321418;-2,33298445
16,70821418;0,46598175
16,71321418;-0,93196350
16,71821418;0,46598175
16,72321418;-0,93196350
16,72821418;0,93196350
16,73321418;-0,46598175
16,73821418;0,00000000
16,74321418;-0,46598175
16,74821418;0,46598175
16,75321418;0,46598175
16,75821418;0,00000000
16,76321418;0,00000000
16,76821418;0,00000000
16,77321418;0,00000000
16,77821418;-0,46598175
16,78321418;0,46598175
16,78821418;0,00000000
16,79321418;-2,33298445
16,79821418;0,00000000
16,80321418;0,00000000
16,80821418;0,00000000
16,81321418;0,00000000
16,81821418;-0,46598175
16,82321418;-0,46598175
16,82821418;0,00000000
16,83321418;0,00000000
16,83821418;-0,93196350
16,84321418;0,46598175
16,84821418;0,00000000
16,85321418;0,00000000
16,85821418;0,46598175
16,86321418;0,46598175
16,86821418;0,00000000
16,87321418;0,46598175
16,87821418;0,46598175
16,88321418;-0,46598175
16,88821418;0,00000000
16,89321418;0,00000000
16,89821418;-0,46598175
16,90321418;0,46598175
16,90821418;0,00000000
16,91321418;0,46598175
16,91821417;0,93196350
16,92321417;0,46598175
16,92821417;0,00000000
16,93321417;-0,46598175
16,93821417;0,00000000
16,94321417;-0,46598175
16,94821417;-0,93196350
16,95321417;0,46598175
16,95821417;-0,46598175
16,96321417;-1,39948320
16,96821417;0,46598175
16,97321417;0,00000000
16,97821417;0,46598175
16,98321417;-0,46598175
16,98821417;0,00000000
16,99321417;0,00000000
16,99821417;0,00000000
17,00321417;0,46598175
17,00821417;0,00000000
17,01321417;0,00000000
17,01821417;0,46598175
17,02321417;0,00000000
17,02821417;0,46598175
17,03321417;0,46598175
17,03821417;-0,46598175
17,04321417;0,93196350
17,04821417;0,00000000
17,05321417;0,00000000
17,05821417;0,00000000
17,06321417;0,46598175
17,06821417;0,93196350
17,07321417;-0,46598175
17,07821417;0,00000000
17,08321417;0,46598175
17,08821417;0,93196350
17,09321417;0,46598175
17,09821417;0,00000000
17,10321417;0,46598175
17,10821417;-0,46598175
17,11321417;0,00000000
17,11821417;0,93196350
17,12321417;0,00000000
17,12821417;1,39948320
17,13321417;1,39948320
17,13821417;0,46598175
17,14321417;0,93196350
17,14821417;0,46598175
17,15321417;0,00000000
17,15821417;0,00000000
17,16321417;0,46598175
17,16821417;1,39948320
17,17321417;0,00000000
17,17821417;0,46598175
17,18321417;0,46598175
17,18821417;0,93196350
17,19321417;0,00000000
17,19821417;-0,46598175
17,20321417;0,00000000
17,20821417;-0,46598175
17,21321417;-0,46598175
17,21821417;0,00000000
17,22321417;-0,46598175
17,22821417;-0,46598175
17,23321417;0,00000000
17,23821417;-0,93196350
17,24321417;0,93196350
17,24821417;0,46598175
17,25321417;0,46598175
17,25821417;0,00000000
17,26321417;0,00000000
17,26821417;0,46598175
17,27321417;0,46598175
17,27821417;0,00000000
17,28321417;1,39948320
17,28821417;-0,46598175
17,29321417;-0,46598175
17,29821417;0,93196350
17,30321417;-0,46598175
17,30821417;0,00000000
17,31321416;0,46598175
17,31821416;0,93196350
17,32321416;-1,39948320
17,32821416;-1,39948320
17,33321416;0,00000000
17,33821416;0,46598175
17,34321416;-0,46598175
17,34821416;0,00000000
17,35321416;0,46598175
17,35821416;0,93196350
17,36321416;0,00000000
17,36821416;0,00000000
17,37321416;0,93196350
17,37821416;0,00000000
17,38321416;1,39948320
17,38821416;0,93196350
17,39321416;0,00000000
17,39821416;-0,46598175
17,40321416;0,46598175
17,40821416;0,46598175
17,41321416;0,00000000
17,41821416;0,46598175
17,42321416;0,46598175
17,42821416;0,46598175
17,43321416;0,00000000
17,43821416;0,00000000
17,44321416;0,00000000
17,44821416;-0,46598175
17,45321416;0,46598175
17,45821416;-0,46598175
17,46321416;0,00000000
17,46821416;0,00000000
17,47321416;1,39948320
17,47821416;0,00000000
17,48321416;-0,93196350
17,48821416;0,93196350
17,49321416;0,46598175
17,49821416;0,00000000
17,50321416;-0,46598175
17,50821416;0,00000000
17,51321416;0,00000000
17,51821416;-0,93196350
17,52321416;0,00000000
17,52821416;0,00000000
17,53321416;0,93196350
17,53821416;0,00000000
17,54321416;-0,46598175
17,54821416;0,00000000
17,55321416;0,00000000
17,55821416;0,00000000
17,56321416;0,00000000
17,56821416;0,46598175
17,57321416;0,00000000
17,57821416;0,00000000
17,58321416;0,46598175
17,58821416;-0,93196350
17,59321416;0,46598175
17,59821416;0,00000000
17,60321416;-0,46598175
17,60821416;0,46598175
17,61321416;0,93196350
17,61821416;0,46598175
17,62321416;0,00000000
17,62821416;0,00000000
17,63321416;0,93196350
17,63821416;-0,46598175
17,64321416;0,93196350
17,64821416;0,00000000
17,65321416;0,93196350
17,65821416;0,00000000
17,66321416;0,46598175
17,66821416;0,00000000
17,67321416;-2,33298445
17,67821416;0,00000000
17,68321416;0,46598175
17,68821416;0,00000000
17,69321416;0,00000000
17,69821416;0,46598175
17,70321416;0,46598175
17,70821415;0,46598175
17,71321415;0,93196350
17,71821415;0,46598175
17,72321415;0,46598175
17,72821415;0,00000000
17,73321415;0,46598175
17,73821415;0,00000000
17,74321415;1,39948320
17,74821415;0,46598175
17,75321415;0,00000000
17,75821415;0,00000000
17,76321415;0,93196350
17,76821415;-0,46598175
17,77321415;0,46598175
17,77821415;0,00000000
17,78321415;0,00000000
17,78821415;0,00000000
17,79321415;0,46598175
17,79821415;-0,46598175
17,80321415;0,46598175
17,80821415;0,46598175
17,81321415;2,79896641
17,81821415;0,46598175
17,82321415;0,46598175
17,82821415;0,46598175
17,83321415;0,46598175
17,83821415;0,93196350
17,84321415;0,46598175
17,84821415;0,46598175
17,85321415;0,00000000
17,85821415;0,46598175
17,86321415;0,00000000
17,86821415;0,00000000
17,87321415;0,46598175
17,87821415;0,00000000
17,88321415;0,00000000
17,88821415;0,46598175
17,89321415;0,46598175
17,89821415;0,00000000
17,90321415;0,00000000
17,90821415;0,00000000
17,91321415;-0,46598175
17,91821415;0,46598175
17,92321415;0,00000000
17,92821415;0,46598175
17,93321415;0,00000000
17,93821415;0,93196350
17,94321415;0,00000000
17,94821415;0,46598175
17,95321415;-0,93196350
17,95821415;0,00000000
17,96321415;0,93196350
17,96821415;0,00000000
17,97321415;0,46598175
17,97821415;0,46598175
17,98321415;0,46598175
17,98821415;0,93196350
17,99321415;0,00000000
17,99821415;0,46598175
18,00321415;0,46598175
18,00821415;0,46598175
18,01321415;0,93196350
18,01821415;0,00000000
18,02321415;0,00000000
18,02821415;-0,46598175
18,03321415;0,46598175
18,03821415;0,93196350
18,04321415;0,46598175
18,04821415;0,46598175
18,05321415;0,46598175
18,05821415;0,46598175
18,06321415;0,46598175
18,06821415;0,93196350
18,07321415;0,93196350
18,07821415;0,46598175
18,08321415;0,00000000
18,08821415;0,00000000
18,09321415;0,46598175
18,09821415;0,46598175
18,10321414;0,46598175
18,10821414;0,00000000
18,11321414;-0,46598175
18,11821414;0,46598175
18,12321414;0,46598175
18,12821414;0,46598175
18,13321414;0,93196350
18,13821414;0,00000000
18,14321414;0,46598175
18,14821414;-0,46598175
18,15321414;0,46598175
18,15821414;0,93196350
18,16321414;0,46598175
18,16821414;0,00000000
18,17321414;0,00000000
18,17821414;0,00000000
18,18321414;0,46598175
18,18821414;0,00000000
18,19321414;-0,46598175
18,19821414;0,46598175
18,20321414;0,00000000
18,20821414;0,46598175
18,21321414;-0,46598175
18,21821414;0,00000000
18,22321414;0,00000000
18,22821414;0,46598175
18,23321414;0,00000000
18,23821414;0,46598175
18,24321414;-0,46598175
18,24821414;-0,93196350
18,25321414;0,46598175
18,25821414;13,06748199
18,26321414;-0,46598175
18,26821414;0,00000000
18,27321414;-0,46598175
18,27821414;0,00000000
18,28321414;-0,46598175
18,28821414;0,93196350
18,29321414;0,93196350
18,29821414;0,46598175
18,30321414;0,00000000
18,30821414;0,00000000
18,31321414;0,00000000
18,31821414;0,00000000
18,32321414;0,46598175
18,32821414;0,00000000
18,33321414;0,46598175
18,33821414;-0,93196350
18,34321414;0,00000000
18,34821414;0,00000000
18,35321414;0,00000000
18,35821414;0,00000000
18,36321414;0,00000000
18,36821414;0,00000000
18,37321414;0,46598175
18,37821414;-0,46598175
18,38321414;0,46598175
18,38821414;0,46598175
18,39321414;0,00000000
18,39821414;0,00000000
18,40321414;0,00000000
18,40821414;0,00000000
18,41321414;0,00000000
18,41821414;0,46598175
18,42321414;-0,93196350
18,42821414;0,46598175
18,43321414;0,00000000
18,43821414;0,46598175
18,44321414;0,46598175
18,44821414;0,00000000
18,45321414;0,46598175
18,45821414;0,00000000
18,46321414;0,00000000
18,46821414;1,39948320
18,47321414;0,00000000
18,47821414;0,93196350
18,48321414;-0,93196350
18,48821414;0,93196350
18,49321414;0,00000000
18,49821413;0,00000000
18,50321413;0,46598175
18,50821413;0,00000000
18,51321413;0,00000000
18,51821413;0,00000000
18,52321413;0,00000000
18,52821413;0,00000000
18,53321413;0,46598175
18,53821413;0,00000000
18,54321413;-0,93196350
18,54821413;0,00000000
18,55321413;0,00000000
18,55821413;0,00000000
18,56321413;0,46598175
18,56821413;1,39948320
18,57321413;0,00000000
18,57821413;0,00000000
18,58321413;-0,46598175
18,58821413;0,00000000
18,59321413;0,46598175
18,59821413;-0,46598175
18,60321413;0,46598175
18,60821413;0,93196350
18,61321413;-0,93196350
18,61821413;0,46598175
18,62321413;0,46598175
18,62821413;0,00000000
18,63321413;0,00000000
18,63821413;0,46598175
18,64321413;0,46598175
18,64821413;0,93196350
18,65321413;0,46598175
18,65821413;-0,93196350
18,66321413;0,00000000
18,66821413;0,00000000
18,67321413;1,39948320
18,67821413;0,93196350
18,68321413;-0,46598175
18,68821413;-0,93196350
18,69321413;-0,46598175
18,69821413;0,46598175
18,70321413;0,46598175
18,70821413;0,46598175
18,71321413;-0,46598175
18,71821413;-0,46598175
18,72321413;-0,46598175
18,72821413;-0,46598175
18,73321413;0,00000000
18,73821413;0,93196350
18,74321413;0,00000000
18,74821413;0,46598175
18,75321413;0,46598175
18,75821413;-0,46598175
18,76321413;-0,46598175
18,76821413;0,93196350
18,77321413;0,46598175
18,77821413;0,93196350
18,78321413;-0,46598175
18,78821413;0,46598175
18,79321413;0,00000000
18,79821413;0,46598175
18,80321413;0,00000000
18,80821413;0,46598175
18,81321413;0,46598175
18,81821413;0,00000000
18,82321413;-0,46598175
18,82821413;0,46598175
18,83321413;0,00000000
18,83821413;-0,46598175
18,84321413;0,00000000
18,84821413;0,00000000
18,85321413;0,46598175
18,85821413;0,00000000
18,86321413;0,00000000
18,86821413;-0,46598175
18,87321413;-0,46598175
18,87821413;-0,93196350
18,88321413;1,86546493
18,88821413;0,46598175
18,89321413;0,00000000
18,89821412;0,93196350
18,90321412;0,00000000
18,90821412;0,00000000
18,91321412;0,00000000
18,91821412;0,00000000
18,92321412;0,46598175
18,92821412;0,00000000
18,93321412;0,00000000
18,93821412;-0,46598175
18,94321412;0,00000000
18,94821412;-0,46598175
18,95321412;0,00000000
18,95821412;0,46598175
18,96321412;0,46598175
18,96821412;0,00000000
18,97321412;0,46598175
18,97821412;0,00000000
18,98321412;0,00000000
18,98821412;0,00000000
18,99321412;0,46598175
18,99821412;0,00000000
19,00321412;0,00000000
19,00821412;-0,46598175
19,01321412;0,46598175
19,01821412;1,39948320
19,02321412;0,00000000
19,02821412;0,46598175
19,03321412;-0,46598175
19,03821412;0,46598175
19,04321412;-0,46598175
19,04821412;0,00000000
19,05321412;0,46598175
19,05821412;0,93196350
19,06321412;0,46598175
19,06821412;0,00000000
19,07321412;0,46598175
19,07821412;0,93196350
19,08321412;-1,39948320
19,08821412;0,00000000
19,09321412;0,00000000
19,09821412;0,93196350
19,10321412;-0,46598175
19,10821412;0,00000000
19,11321412;0,46598175
19,11821412;0,00000000
19,12321412;0,46598175
19,12821412;0,46598175
19,13321412;0,46598175
19,13821412;0,46598175
19,14321412;0,00000000
19,14821412;0,00000000
19,15321412;0,00000000
19,15821412;0,00000000
19,16321412;0,46598175
19,16821412;0,46598175
19,17321412;0,93196350
19,17821412;0,00000000
19,18321412;-0,93196350
19,18821412;0,46598175
19,19321412;0,00000000
19,19821412;0,00000000
19,20321412;0,00000000
19,20821412;0,00000000
19,21321412;0,46598175
19,21821412;-0,46598175
19,22321412;0,00000000
19,22821412;0,00000000
19,23321412;0,46598175
19,23821412;0,46598175
19,24321412;-0,46598175
19,24821412;0,46598175
19,25321412;-0,46598175
19,25821412;-0,46598175
19,26321412;0,00000000
19,26821412;0,00000000
19,27321412;0,00000000
19,27821412;0,46598175
19,28321412;-0,93196350
19,28821412;-0,46598175
19,29321411;-0,46598175
19,29821411;-0,46598175
19,30321411;-0,46598175
19,30821411;-0,46598175
19,31321411;0,00000000
19,31821411;-0,46598175
19,32321411;0,46598175
19,32821411;0,00000000
19,33321411;0,46598175
19,33821411;0,00000000
19,34321411;-0,46598175
19,34821411;0,00000000
19,35321411;0,00000000
19,35821411;0,46598175
19,36321411;0,93196350
19,36821411;0,46598175
19,37321411;0,46598175
19,37821411;0,00000000
19,38321411;0,93196350
19,38821411;0,46598175
19,39321411;0,46598175
19,39821411;0,46598175
19,40321411;0,46598175
19,40821411;0,46598175
19,41321411;0,46598175
19,41821411;0,00000000
19,42321411;0,46598175
19,42821411;-3,73246789
19,43321411;0,46598175
19,43821411;0,46598175
19,44321411;0,46598175
19,44821411;0,00000000
19,45321411;0,00000000
19,45821411;0,00000000
19,46321411;-2,33298445
19,46821411;-1,86546493
19,47321411;0,93196350
19,47821411;0,00000000
19,48321411;-0,93196350
19,48821411;-0,46598175
19,49321411;0,46598175
19,49821411;0,00000000
19,50321411;0,00000000
19,50821411;-0,46598175
19,51321411;0,00000000
19,51821411;0,46598175
19,52321411;0,93196350
19,52821411;0,46598175
19,53321411;0,00000000
19,53821411;0,00000000
19,54321411;0,46598175
19,54821411;0,46598175
19,55321411;-0,46598175
19,55821411;-0,46598175
19,56321411;0,00000000
19,56821411;0,46598175
19,57321411;-0,93196350
19,57821411;-0,46598175
19,58321411;0,00000000
19,58821411;0,00000000
19,59321411;-0,93196350
19,59821411;0,46598175
19,60321411;0,93196350
19,60821411;0,46598175
19,61321411;0,46598175
19,61821411;0,00000000
19,62321411;0,46598175
19,62821411;0,00000000
19,63321411;0,00000000
19,63821411;0,46598175
19,64321411;0,46598175
19,64821411;0,00000000
19,65321411;0,00000000
19,65821411;0,00000000
19,66321411;0,46598175
19,66821411;0,46598175
19,67321411;0,00000000
19,67821411;0,00000000
19,68321411;0,93196350
19,68821410;0,00000000
19,69321410;-0,46598175
19,69821410;0,46598175
19,70321410;0,00000000
19,70821410;0,46598175
19,71321410;0,00000000
19,71821410;-0,46598175
19,72321410;-0,46598175
19,72821410;-0,93196350
19,73321410;-0,46598175
19,73821410;0,00000000
19,74321410;-0,46598175
19,74821410;-0,46598175
19,75321410;-0,46598175
19,75821410;0,46598175
19,76321410;0,00000000
19,76821410;0,00000000
19,77321410;0,46598175
19,77821410;0,46598175
19,78321410;0,46598175
19,78821410;0,46598175
19,79321410;0,00000000
19,79821410;0,00000000
19,80321410;-0,46598175
19,80821410;0,00000000
19,81321410;0,00000000
19,81821410;0,46598175
19,82321410;-0,46598175
19,82821410;0,46598175
19,83321410;0,00000000
19,83821410;0,46598175
19,84321410;0,00000000
19,84821410;-0,46598175
19,85321410;0,00000000
19,85821410;0,93196350
19,86321410;0,00000000
19,86821410;1,39948320
19,87321410;0,46598175
19,87821410;0,93196350
19,88321410;1,86546493
19,88821410;0,00000000
19,89321410;0,00000000
19,89821410;-0,46598175
19,90321410;0,00000000
19,90821410;0,00000000
19,91321410;0,00000000
19,91821410;0,00000000
19,92321410;0,00000000
19,92821410;0,00000000
19,93321410;0,46598175
19,93821410;0,46598175
19,94321410;0,46598175
19,94821410;0,46598175
19,95321410;0,00000000
19,95821410;0,93196350
19,96321410;0,93196350
19,96821410;0,00000000
19,97321410;0,00000000
19,97821410;0,93196350
19,98321410;-0,93196350
19,98821410;0,00000000
19,99321410;-0,46598175
19,99821410;1,39948320
20,00321410;-0,46598175
20,00821410;0,00000000
20,01321410;0,46598175
20,01821410;0,00000000
20,02321410;-0,46598175
20,02821410;1,86546493
20,03321410;-0,46598175
20,03821410;0,46598175
20,04321410;0,00000000
20,04821410;0,00000000
20,05321410;11,20047951
20,05821410;0,00000000
20,06321410;0,46598175
20,06821410;-0,46598175
20,07321410;-0,46598175
20,07821410;0,46598175
20,08321409;0,00000000
20,08821409;0,00000000
20,09321409;0,00000000
20,09821409;0,46598175
20,10321409;0,46598175
20,10821409;0,93196350
20,11321409;0,00000000
20,11821409;0,46598175
20,12321409;-0,46598175
20,12821409;0,00000000
20,13321409;0,93196350
20,13821409;0,46598175
20,14321409;0,46598175
20,14821409;0,46598175
20,15321409;0,00000000
20,15821409;0,46598175
20,16321409;-0,46598175
20,16821409;0,46598175
20,17321409;0,46598175
20,17821409;-0,46598175
20,18321409;0,93196350
20,18821409;0,46598175
20,19321409;0,46598175
20,19821409;0,93196350
20,20321409;0,00000000
20,20821409;0,46598175
20,21321409;0,46598175
20,21821409;0,46598175
20,22321409;0,00000000
20,22821409;0,46598175
20,23321409;0,46598175
20,23821409;0,00000000
20,24321409;0,00000000
20,24821409;0,46598175
20,25321409;0,93196350
20,25821409;0,00000000
20,26321409;0,00000000
20,26821409;0,46598175
20,27321409;-0,46598175
20,27821409;0,46598175
20,28321409;0,93196350
20,28821409;0,46598175
20,29321409;0,00000000
20,29821409;0,00000000
20,30321409;0,46598175
20,30821409;0,00000000
20,31321409;0,46598175
20,31821409;0,00000000
20,32321409;0,46598175
20,32821409;0,00000000
20,33321409;0,46598175
20,33821409;0,46598175
20,34321409;0,46598175
20,34821409;0,00000000
20,35321409;0,00000000
20,35821409;0,00000000
20,36321409;0,00000000
20,36821409;0,00000000
20,37321409;-0,46598175
20,37821409;0,46598175
20,38321409;-0,46598175
20,38821409;1,86546493
20,39321409;0,46598175
20,39821409;5,59947062
20,40321409;-0,46598175
20,40821409;-0,46598175
20,41321409;0,00000000
20,41821409;0,00000000
20,42321409;0,46598175
20,42821409;0,00000000
20,43321409;-0,93196350
20,43821409;0,00000000
20,44321409;-0,46598175
20,44821409;0,46598175
20,45321409;0,00000000
20,45821409;0,46598175
20,46321409;0,46598175
20,46821409;-0,46598175
20,47321409;-0,46598175
20,47821408;0,00000000
20,48321408;2,33298445
20,48821408;0,46598175
20,49321408;0,46598175
20,49821408;0,00000000
20,50321408;-0,46598175
20,50821408;0,93196350
20,51321408;0,00000000
20,51821408;0,00000000
20,52321408;-0,93196350
20,52821408;0,00000000
20,53321408;0,00000000
20,53821408;-0,46598175
20,54321408;0,93196350
20,54821408;0,00000000
20,55321408;0,00000000
20,55821408;-0,93196350
20,56321408;-0,46598175
20,56821408;0,00000000
20,57321408;0,00000000
20,57821408;0,46598175
20,58321408;0,00000000
20,58821408;0,46598175
20,59321408;0,46598175
20,59821408;0,93196350
20,60321408;0,46598175
20,60821408;0,93196350
20,61321408;0,46598175
20,61821408;-0,93196350
20,62321408;0,46598175
20,62821408;0,00000000
20,63321408;-0,46598175
20,63821408;-0,46598175
20,64321408;0,46598175
20,64821408;0,00000000
20,65321408;0,46598175
20,65821408;-0,46598175
20,66321408;0,00000000
20,66821408;0,46598175
20,67321408;0,00000000
20,67821408;0,00000000
20,68321408;0,46598175
20,68821408;-0,46598175
20,69321408;0,00000000
20,69821408;-0,93196350
20,70321408;0,00000000
20,70821408;0,00000000
20,71321408;0,46598175
20,71821408;0,46598175
20,72321408;0,46598175
20,72821408;0,46598175
20,73321408;0,00000000
20,73821408;-0,46598175
20,74321408;0,00000000
20,74821408;0,46598175
20,75321408;-0,46598175
20,75821408;-0,46598175
20,76321408;0,00000000
20,76821408;0,46598175
20,77321408;0,46598175
20,77821408;0,46598175
20,78321408;0,46598175
20,78821408;-0,93196350
20,79321408;0,00000000
20,79821408;-0,46598175
20,80321408;-0,46598175
20,80821408;0,00000000
20,81321408;-0,46598175
20,81821408;0,46598175
20,82321408;0,00000000
20,82821408;0,00000000
20,83321408;0,00000000
20,83821408;0,00000000
20,84321408;-0,93196350
20,84821408;0,93196350
20,85321408;0,46598175
20,85821408;0,00000000
20,86321408;0,46598175
20,86821408;-0,46598175
20,87321407;0,00000000
20,87821407;0,00000000
20,88321407;2,33298445
20,88821407;0,00000000
20,89321407;0,46598175
20,89821407;0,46598175
20,90321407;0,46598175
20,90821407;0,00000000
20,91321407;-0,93196350
20,91821407;0,46598175
20,92321407;0,46598175
20,92821407;0,46598175
20,93321407;0,46598175
20,93821407;0,00000000
20,94321407;0,46598175
20,94821407;0,46598175
20,95321407;0,00000000
20,95821407;0,46598175
20,96321407;0,93196350
20,96821407;0,93196350
20,97321407;0,46598175
20,97821407;0,00000000
20,98321407;0,00000000
20,98821407;0,46598175
20,99321407;-0,46598175
20,99821407;0,93196350
21,00321407;0,00000000
21,00821407;-0,93196350
21,01321407;0,00000000
21,01821407;0,00000000
21,02321407;-0,46598175
21,02821407;0,93196350
21,03321407;0,00000000
21,03821407;0,46598175
21,04321407;0,46598175
21,04821407;1,39948320
21,05321407;0,93196350
21,05821407;-0,46598175
21,06321407;0,46598175
21,06821407;0,46598175
21,07321407;0,46598175
21,07821407;0,46598175
21,08321407;0,00000000
21,08821407;0,46598175
21,09321407;0,46598175
21,09821407;-0,93196350
21,10321407;0,46598175
21,10821407;0,93196350
21,11321407;0,46598175
21,11821407;0,00000000
21,12321407;0,46598175
21,12821407;0,93196350
21,13321407;-0,46598175
21,13821407;0,00000000
21,14321407;0,93196350
21,14821407;0,00000000
21,15321407;0,00000000
21,15821407;0,93196350
21,16321407;0,46598175
21,16821407;0,00000000
21,17321407;0,46598175
21,17821407;0,46598175
21,18321407;-0,46598175
21,18821407;0,00000000
21,19321407;0,46598175
21,19821407;1,39948320
21,20321407;-1,86546493
21,20821407;0,00000000
21,21321407;0,00000000
21,21821407;7,46647358
21,22321407;0,00000000
21,22821407;0,46598175
21,23321407;0,00000000
21,23821407;-0,46598175
21,24321407;0,00000000
21,24821407;0,46598175
21,25321407;0,00000000
21,25821407;0,00000000
21,26321407;-0,46598175
21,26821407;0,00000000
21,27321406;0,46598175
21,27821406;0,93196350
21,28321406;0,00000000
21,28821406;0,00000000
21,29321406;-0,93196350
21,29821406;1,39948320
21,30321406;0,93196350
21,30821406;-0,93196350
21,31321406;0,46598175
21,31821406;-0,46598175
21,32321406;-0,46598175
21,32821406;0,46598175
21,33321406;0,00000000
21,33821406;0,93196350
21,34321406;0,00000000
21,34821406;0,00000000
21,35321406;0,46598175
21,35821406;0,46598175
21,36321406;0,46598175
21,36821406;-0,46598175
21,37321406;0,00000000
21,37821406;0,93196350
21,38321406;0,46598175
21,38821406;0,00000000
21,39321406;0,00000000
21,39821406;0,00000000
21,40321406;0,46598175
21,40821406;0,93196350
21,41321406;0,00000000
21,41821406;1,39948320
21,42321406;-0,46598175
21,42821406;0,00000000
21,43321406;0,46598175
21,43821406;0,46598175
21,44321406;0,93196350
21,44821406;0,93196350
21,45321406;0,46598175
21,45821406;2,79896641
21,46321406;0,00000000
21,46821406;0,46598175
21,47321406;0,46598175
21,47821406;0,00000000
21,48321406;0,00000000
21,48821406;0,46598175
21,49321406;-0,46598175
21,49821406;-0,46598175
21,50321406;-0,93196350
21,50821406;0,00000000
21,51321406;0,00000000
21,51821406;0,00000000
21,52321406;0,46598175
21,52821406;0,46598175
21,53321406;0,00000000
21,53821406;0,46598175
21,54321406;0,46598175
21,54821406;0,00000000
21,55321406;0,46598175
21,55821406;0,00000000
21,56321406;0,00000000
21,56821406;-0,93196350
21,57321406;0,00000000
21,57821406;-0,93196350
21,58321406;0,93196350
21,58821406;0,46598175
21,59321406;-0,46598175
21,59821406;0,00000000
21,60321406;0,46598175
21,60821406;-0,46598175
21,61321406;0,93196350
21,61821406;0,46598175
21,62321406;2,79896641
21,62821406;0,00000000
21,63321406;0,93196350
21,63821406;0,00000000
21,64321406;0,46598175
21,64821406;0,93196350
21,65321406;0,00000000
21,65821406;0,46598175
21,66321406;-0,46598175
21,66821405;0,46598175
21,67321405;0,00000000
21,67821405;0,46598175
21,68321405;1,39948320
21,68821405;0,46598175
21,69321405;0,93196350
21,69821405;0,00000000
21,70321405;0,46598175
21,70821405;-0,46598175
21,71321405;-0,93196350
21,71821405;0,00000000
21,72321405;0,00000000
21,72821405;-0,46598175
21,73321405;0,46598175
21,73821405;0,00000000
21,74321405;0,00000000
21,74821405;0,00000000
21,75321405;0,93196350
21,75821405;-0,46598175
21,76321405;0,00000000
21,76821405;0,93196350
21,77321405;0,00000000
21,77821405;0,00000000
21,78321405;-0,46598175
21,78821405;0,46598175
21,79321405;0,00000000
21,79821405;0,46598175
21,80321405;-0,46598175
21,80821405;0,93196350
21,81321405;0,93196350
21,81821405;0,00000000
21,82321405;-0,93196350
21,82821405;0,93196350
21,83321405;0,46598175
21,83821405;0,00000000
21,84321405;0,00000000
21,84821405;0,46598175
21,85321405;0,00000000
21,85821405;0,00000000
21,86321405;0,46598175
21,86821405;0,00000000
21,87321405;0,00000000
21,87821405;0,46598175
21,88321405;-0,93196350
21,88821405;0,46598175
21,89321405;-0,46598175
21,89821405;0,00000000
21,90321405;-0,46598175
21,90821405;0,46598175
21,91321405;0,46598175
21,91821405;0,93196350
21,92321405;0,46598175
21,92821405;0,46598175
21,93321405;0,00000000
21,93821405;0,00000000
21,94321405;0,00000000
21,94821405;-0,93196350
21,95321405;0,46598175
21,95821405;0,00000000
21,96321405;0,00000000
21,96821405;17,26746941
21,97321405;-0,46598175
21,97821405;0,00000000
21,98321405;0,00000000
21,98821405;0,46598175
21,99321405;0,00000000
21,99821405;0,46598175
22,00321405;-0,46598175
22,00821405;0,46598175
22,01321405;0,46598175
22,01821405;0,00000000
22,02321405;0,46598175
22,02821405;0,00000000
22,03321405;0,46598175
22,03821405;0,46598175
22,04321405;0,00000000
22,04821405;0,00000000
22,05321405;0,00000000
22,05821405;-0,93196350
22,06321404;0,00000000
22,06821404;0,46598175
22,07321404;0,46598175
22,07821404;-0,46598175
22,08321404;0,46598175
22,08821404;0,00000000
22,09321404;-0,46598175
22,09821404;1,86546493
22,10321404;0,00000000
22,10821404;0,00000000
22,11321404;0,93196350
22,11821404;0,00000000
22,12321404;0,00000000
22,12821404;0,46598175
22,13321404;-0,46598175
22,13821404;0,93196350
22,14321404;0,00000000
22,14821404;0,00000000
22,15321404;0,00000000
22,15821404;0,46598175
22,16321404;0,00000000
22,16821404;0,46598175
22,17321404;0,93196350
22,17821404;-0,46598175
22,18321404;0,00000000
22,18821404;0,46598175
22,19321404;0,46598175
22,19821404;0,46598175
22,20321404;1,39948320
22,20821404;0,00000000
22,21321404;0,00000000
22,21821404;-0,46598175
22,22321404;0,46598175
22,22821404;0,46598175
22,23321404;0,00000000
22,23821404;-0,46598175
22,24321404;0,93196350
22,24821404;0,46598175
22,25321404;0,93196350
22,25821404;0,00000000
22,26321404;0,00000000
22,26821404;-0,46598175
22,27321404;0,00000000
22,27821404;0,00000000
22,28321404;-1,39948320
22,28821404;0,93196350
22,29321404;-0,46598175
22,29821404;1,39948320
22,30321404;0,00000000
22,30821404;0,46598175
22,31321404;0,93196350
22,31821404;-0,46598175
22,32321404;-0,46598175
22,32821404;0,00000000
22,33321404;0,00000000
22,33821404;0,46598175
22,34321404;1,86546493
22,34821404;0,00000000
22,35321404;0,00000000
22,35821404;0,00000000
22,36321404;0,00000000
22,36821404;0,46598175
22,37321404;0,00000000
22,37821404;-0,46598175
22,38321404;0,00000000
22,38821404;0,46598175
22,39321404;-0,46598175
22,39821404;0,00000000
22,40321404;-0,46598175
22,40821404;2,79896641
22,41321404;0,00000000
22,41821404;0,93196350
22,42321404;0,93196350
22,42821404;0,46598175
22,43321404;-0,93196350
22,43821404;0,00000000
22,44321404;0,00000000
22,44821404;0,00000000
22,45321404;0,46598175
22,45821403;0,46598175
22,46321403;0,46598175
22,46821403;-0,46598175
22,47321403;0,46598175
22,47821403;0,00000000
22,48321403;0,46598175
22,48821403;0,00000000
22,49321403;0,46598175
22,49821403;1,86546493
22,50321403;0,46598175
22,50821403;0,00000000
22,51321403;-0,93196350
22,51821403;0,46598175
22,52321403;0,46598175
22,52821403;0,00000000
22,53321403;0,46598175
22,53821403;2,79896641
22,54321403;-0,46598175
22,54821403;0,00000000
22,55321403;0,46598175
22,55821403;0,00000000
22,56321403;-0,93196350
22,56821403;-0,93196350
22,57321403;0,00000000
22,57821403;-0,46598175
22,58321403;0,46598175
22,58821403;0,93196350
22,59321403;0,00000000
22,59821403;-0,46598175
22,60321403;-0,46598175
22,60821403;0,46598175
22,61321403;0,00000000
22,61821403;-0,46598175
22,62321403;0,00000000
22,62821403;-0,46598175
22,63321403;0,00000000
22,63821403;0,00000000
22,64321403;-0,46598175
22,64821403;0,00000000
22,65321403;0,00000000
22,65821403;0,46598175
22,66321403;0,00000000
22,66821403;0,00000000
22,67321403;0,46598175
22,67821403;-19,13447189
22,68321403;-0,93196350
22,68821403;0,46598175
22,69321403;0,46598175
22,69821403;0,46598175
22,70321403;0,93196350
22,70821403;0,46598175
22,71321403;0,00000000
22,71821403;0,46598175
22,72321403;0,00000000
22,72821403;-0,46598175
22,73321403;0,00000000
22,73821403;0,46598175
22,74321403;0,00000000
22,74821403;0,00000000
22,75321403;0,46598175
22,75821403;0,00000000
22,76321403;0,46598175
22,76821403;0,00000000
22,77321403;0,46598175
22,77821403;0,46598175
22,78321403;0,00000000
22,78821403;0,93196350
22,79321403;0,00000000
22,79821403;0,00000000
22,80321403;0,46598175
22,80821403;0,93196350
22,81321403;0,46598175
22,81821403;0,00000000
22,82321403;0,00000000
22,82821403;0,00000000
22,83321403;2,79896641
22,83821403;0,00000000
22,84321403;0,00000000
22,84821403;0,46598175
22,85321402;0,46598175
22,85821402;0,00000000
22,86321402;0,46598175
22,86821402;0,93196350
22,87321402;0,00000000
22,87821402;0,46598175
22,88321402;0,00000000
22,88821402;-0,46598175
22,89321402;0,46598175
22,89821402;-0,46598175
22,90321402;-0,46598175
22,90821402;0,93196350
22,91321402;0,46598175
22,91821402;0,00000000
22,92321402;0,46598175
22,92821402;1,86546493
22,93321402;0,00000000
22,93821402;-0,46598175
22,94321402;0,46598175
22,94821402;-0,46598175
22,95321402;0,93196350
22,95821402;0,00000000
22,96321402;0,00000000
22,96821402;0,00000000
22,97321402;0,00000000
22,97821402;-0,46598175
22,98321402;-1,86546493
22,98821402;0,93196350
22,99321402;0,93196350
22,99821402;0,00000000
23,00321402;0,00000000
23,00821402;0,00000000
23,01321402;0,00000000
23,01821402;0,00000000
23,02321402;0,46598175
23,02821402;0,46598175
23,03321402;0,00000000
23,03821402;1,39948320
23,04321402;0,00000000
23,04821402;-0,46598175
23,05321402;-0,46598175
23,05821402;0,46598175
23,06321402;0,00000000
23,06821402;0,93196350
23,07321402;0,93196350
23,07821402;0,46598175
23,08321402;-0,46598175
23,08821402;0,00000000
23,09321402;-0,46598175
23,09821402;0,93196350
23,10321402;0,46598175
23,10821402;0,46598175
23,11321402;1,39948320
23,11821402;0,46598175
23,12321402;0,93196350
23,12821402;0,00000000
23,13321402;0,46598175
23,13821402;0,00000000
23,14321402;0,00000000
23,14821402;0,00000000
23,15321402;-0,46598175
23,15821402;-0,46598175
23,16321402;0,00000000
23,16821402;-2,33298445
23,17321402;0,00000000
23,17821402;0,46598175
23,18321402;0,00000000
23,18821402;0,00000000
23,19321402;0,46598175
23,19821402;0,46598175
23,20321402;0,93196350
23,20821402;0,46598175
23,21321402;0,00000000
23,21821402;0,46598175
23,22321402;0,00000000
23,22821402;0,46598175
23,23321402;0,46598175
23,23821402;0,00000000
23,24321402;0,00000000
23,24821402;0,00000000
23,25321401;0,00000000
23,25821401;1,39948320
23,26321401;0,93196350
23,26821401;0,46598175
23,27321401;0,00000000
23,27821401;0,46598175
23,28321401;0,00000000
23,28821401;0,46598175
23,29321401;-0,93196350
23,29821401;-0,93196350
23,30321401;0,00000000
23,30821401;0,00000000
23,31321401;0,00000000
23,31821401;0,93196350
23,32321401;-1,39948320
23,32821401;-0,46598175
23,33321401;-0,46598175
23,33821401;0,00000000
23,34321401;0,93196350
23,34821401;0,00000000
23,35321401;0,46598175
23,35821401;0,46598175
23,36321401;0,46598175
23,36821401;0,46598175
23,37321401;0,00000000
23,37821401;0,00000000
23,38321401;0,00000000
23,38821401;0,93196350
23,39321401;0,00000000
23,39821401;-0,93196350
23,40321401;0,00000000
23,40821401;0,46598175
23,41321401;0,00000000
23,41821401;1,86546493
23,42321401;0,93196350
23,42821401;0,46598175
23,43321401;0,00000000
23,43821401;0,00000000
23,44321401;0,00000000
23,44821401;0,00000000
23,45321401;0,00000000
23,45821401;0,00000000
23,46321401;0,46598175
23,46821401;0,00000000
23,47321401;0,00000000
23,47821401;0,46598175
23,48321401;-0,46598175
23,48821401;0,00000000
23,49321401;-9,80099583
23,49821401;0,00000000
23,50321401;0,46598175
23,50821401;0,93196350
23,51321401;-0,93196350
23,51821401;0,00000000
23,52321401;0,46598175
23,52821401;-0,93196350
23,53321401;2,79896641
23,53821401;0,93196350
23,54321401;0,93196350
23,54821401;-0,46598175
23,55321401;-0,46598175
23,55821401;0,00000000
23,56321401;-0,93196350
23,56821401;0,00000000
23,57321401;0,46598175
23,57821401;0,00000000
23,58321401;1,39948320
23,58821401;0,46598175
23,59321401;0,00000000
23,59821401;0,46598175
23,60321401;0,46598175
23,60821401;0,00000000
23,61321401;0,46598175
23,61821401;0,46598175
23,62321401;0,46598175
23,62821401;0,46598175
23,63321401;0,00000000
23,63821401;-0,46598175
23,64321401;-0,46598175
23,64821400;0,46598175
23,65321400;0,00000000
23,65821400;0,46598175
23,66321400;0,46598175
23,66821400;0,46598175
23,67321400;0,00000000
23,67821400;0,46598175
23,68321400;-0,46598175
23,68821400;0,00000000
23,69321400;0,46598175
23,69821400;-1,39948320
23,70321400;-0,93196350
23,70821400;0,00000000
23,71321400;-0,93196350
23,71821400;0,46598175
23,72321400;0,00000000
23,72821400;1,39948320
23,73321400;0,46598175
23,73821400;0,00000000
23,74321400;0,00000000
23,74821400;0,00000000
23,75321400;-0,46598175
23,75821400;0,00000000
23,76321400;0,46598175
23,76821400;0,00000000
23,77321400;-0,46598175
23,77821400;0,46598175
23,78321400;0,00000000
23,78821400;0,00000000
23,79321400;0,00000000
23,79821400;7,00049162
23,80321400;0,46598175
23,80821400;0,46598175
23,81321400;0,46598175
23,81821400;1,39948320
23,82321400;0,00000000
23,82821400;0,93196350
23,83321400;0,00000000
23,83821400;0,00000000
23,84321400;-0,46598175
23,84821400;0,00000000
23,85321400;0,00000000
23,85821400;1,39948320
23,86321400;0,00000000
23,86821400;0,00000000
23,87321400;0,00000000
23,87821400;0,46598175
23,88321400;-0,93196350
23,88821400;-0,93196350
23,89321400;0,00000000
23,89821400;0,00000000
23,90321400;0,46598175
23,90821400;0,46598175
23,91321400;1,39948320
23,91821400;1,39948320
23,92321400;0,00000000
23,92821400;0,00000000
23,93321400;-0,46598175
23,93821400;0,00000000
23,94321400;-0,46598175
23,94821400;0,46598175
23,95321400;0,46598175
23,95821400;0,46598175
23,96321400;0,00000000
23,96821400;0,93196350
23,97321400;0,46598175
23,97821400;-0,46598175
23,98321400;0,46598175
23,98821400;0,46598175
23,99321400;0,00000000
23,99821400;0,00000000
24,00321400;0,46598175
24,00821400;0,00000000
24,01321400;0,00000000
24,01821400;0,00000000
24,02321400;-0,46598175
24,02821400;0,46598175
24,03321400;6,06699038
24,03821400;0,00000000
24,04321399;0,00000000
24,04821399;-0,46598175
24,05321399;0,46598175
24,05821399;0,00000000
24,06321399;0,46598175
24,06821399;0,00000000
24,07321399;0,46598175
24,07821399;0,00000000
24,08321399;0,93196350
24,08821399;0,00000000
24,09321399;0,00000000
24,09821399;0,00000000
24,10321399;0,00000000
24,10821399;0,00000000
24,11321399;0,00000000
24,11821399;-0,93196350
24,12321399;-0,93196350
24,12821399;0,93196350
24,13321399;0,00000000
24,13821399;0,00000000
24,14321399;0,00000000
24,14821399;0,00000000
24,15321399;0,93196350
24,15821399;-0,46598175
24,16321399;0,00000000
24,16821399;0,46598175
24,17321399;-0,46598175
24,17821399;0,46598175
24,18321399;-1,39948320
24,18821399;-0,46598175
24,19321399;0,00000000
24,19821399;0,46598175
24,20321399;-0,46598175
24,20821399;0,00000000
24,21321399;-0,46598175
24,21821399;0,46598175
24,22321399;0,46598175
24,22821399;0,00000000
24,23321399;-0,46598175
24,23821399;0,46598175
24,24321399;0,00000000
24,24821399;-0,46598175
24,25321399;0,00000000
24,25821399;0,00000000
24,26321399;-0,46598175
24,26821399;0,46598175
24,27321399;0,46598175
24,27821399;-0,93196350
24,28321399;0,00000000
24,28821399;0,46598175
24,29321399;0,46598175
24,29821399;0,00000000
24,30321399;-0,46598175
24,30821399;0,46598175
24,31321399;0,46598175
24,31821399;1,39948320
24,32321399;0,00000000
24,32821399;0,46598175
24,33321399;0,46598175
24,33821399;0,00000000
24,34321399;0,00000000
24,34821399;0,46598175
24,35321399;0,00000000
24,35821399;0,46598175
24,36321399;0,93196350
24,36821399;-1,86546493
24,37321399;0,00000000
24,37821399;0,46598175
24,38321399;0,00000000
24,38821399;0,46598175
24,39321399;-0,46598175
24,39821399;-0,46598175
24,40321399;0,00000000
24,40821399;0,46598175
24,41321399;0,93196350
24,41821399;0,93196350
24,42321399;0,46598175
24,42821399;0,46598175
24,43321399;0,00000000
24,43821398;0,93196350
24,44321398;0,46598175
24,44821398;-0,46598175
24,45321398;0,93196350
24,45821398;0,46598175
24,46321398;0,00000000
24,46821398;0,93196350
24,47321398;-0,46598175
24,47821398;-0,46598175
24,48321398;0,46598175
24,48821398;0,00000000
24,49321398;0,46598175
24,49821398;-1,39948320
24,50321398;-1,86546493
24,50821398;0,46598175
24,51321398;0,93196350
24,51821398;0,00000000
24,52321398;-0,46598175
24,52821398;0,00000000
24,53321398;-0,46598175
24,53821398;0,46598175
24,54321398;0,00000000
24,54821398;0,00000000
24,55321398;0,00000000
24,55821398;0,46598175
24,56321398;0,46598175
24,56821398;-2,33298445
24,57321398;0,46598175
24,57821398;0,00000000
24,58321398;0,46598175
24,58821398;0,93196350
24,59321398;0,00000000
24,59821398;0,46598175
24,60321398;0,93196350
24,60821398;1,39948320
24,61321398;0,00000000
24,61821398;0,00000000
24,62321398;0,46598175
24,62821398;0,46598175
24,63321398;0,46598175
24,63821398;0,00000000
24,64321398;0,00000000
24,64821398;-0,46598175
24,65321398;0,46598175
24,65821398;0,46598175
24,66321398;0,46598175
24,66821398;11,20047951
24,67321398;0,46598175
24,67821398;0,46598175
24,68321398;0,46598175
24,68821398;0,00000000
24,69321398;0,00000000
24,69821398;2,79896641
24,70321398;0,00000000
24,70821398;0,46598175
24,71321398;0,00000000
24,71821398;0,46598175
24,72321398;0,46598175
24,72821398;0,00000000
24,73321398;0,46598175
24,73821398;0,46598175
24,74321398;0,46598175
24,74821398;0,46598175
24,75321398;0,00000000
24,75821398;0,46598175
24,76321398;0,00000000
24,76821398;-0,46598175
24,77321398;0,00000000
24,77821398;0,46598175
24,78321398;0,46598175
24,78821398;0,93196350
24,79321398;0,46598175
24,79821398;-1,86546493
24,80321398;0,00000000
24,80821398;0,46598175
24,81321398;0,46598175
24,81821398;0,46598175
24,82321398;0,46598175
24,82821398;0,00000000
24,83321397;0,46598175
24,83821397;0,00000000
24,84321397;0,00000000
24,84821397;0,00000000
24,85321397;0,46598175
24,85821397;0,00000000
24,86321397;0,46598175
24,86821397;0,46598175
24,87321397;0,00000000
24,87821397;0,93196350
24,88321397;0,00000000
24,88821397;0,46598175
24,89321397;0,00000000
24,89821397;11,20047951
24,90321397;-0,46598175
24,90821397;0,46598175
24,91321397;0,46598175
24,91821397;0,46598175
24,92321397;0,00000000
24,92821397;0,93196350
24,93321397;0,00000000
24,93821397;0,46598175
24,94321397;0,46598175
24,94821397;0,46598175
24,95321397;0,46598175
24,95821397;0,00000000
24,96321397;0,00000000
24,96821397;0,93196350
24,97321397;0,46598175
24,97821397;0,00000000
24,98321397;0,00000000
24,98821397;0,00000000
24,99321397;0,00000000
24,99821397;1,39948320
25,00321397;0,46598175
25,00821397;0,46598175
