Zeit;Kanal A
(ms);(mV)

-25,00580550;0,93196350
-25,00080550;-0,46598175
-24,99580550;0,46598175
-24,99080550;0,46598175
-24,98580550;0,00000000
-24,98080550;0,46598175
-24,97580550;0,46598175
-24,97080550;0,46598175
-24,96580550;0,00000000
-24,96080550;1,39948320
-24,95580550;0,46598175
-24,95080550;0,00000000
-24,94580550;1,39948320
-24,94080550;0,00000000
-24,93580551;0,00000000
-24,93080551;-0,46598175
-24,92580551;-0,46598175
-24,92080551;-0,46598175
-24,91580551;0,00000000
-24,91080551;0,00000000
-24,90580551;0,46598175
-24,90080551;0,00000000
-24,89580551;0,00000000
-24,89080551;0,00000000
-24,88580551;0,46598175
-24,88080551;0,00000000
-24,87580551;0,46598175
-24,87080551;-0,93196350
-24,86580551;0,46598175
-24,86080551;0,00000000
-24,85580551;-0,46598175
-24,85080551;0,00000000
-24,84580551;0,46598175
-24,84080551;0,00000000
-24,83580551;0,00000000
-24,83080551;0,93196350
-24,82580551;0,93196350
-24,82080551;0,46598175
-24,81580551;0,00000000
-24,81080551;0,00000000
-24,80580551;0,46598175
-24,80080551;-0,46598175
-24,79580551;0,00000000
-24,79080551;0,00000000
-24,78580551;0,00000000
-24,78080551;0,46598175
-24,77580551;-0,93196350
-24,77080551;-0,46598175
-24,76580551;0,00000000
-24,76080551;1,39948320
-24,75580551;-1,39948320
-24,75080551;-0,93196350
-24,74580551;0,00000000
-24,74080551;0,46598175
-24,73580551;0,46598175
-24,73080551;0,46598175
-24,72580551;0,00000000
-24,72080551;0,00000000
-24,71580551;0,46598175
-24,71080551;0,00000000
-24,70580551;-0,93196350
-24,70080551;-1,39948320
-24,69580551;1,39948320
-24,69080551;0,00000000
-24,68580551;0,46598175
-24,68080551;0,00000000
-24,67580551;0,00000000
-24,67080551;0,00000000
-24,66580551;-0,46598175
-24,66080551;0,00000000
-24,65580551;0,00000000
-24,65080551;0,00000000
-24,64580551;0,46598175
-24,64080551;0,93196350
-24,63580551;0,93196350
-24,63080551;0,00000000
-24,62580551;0,00000000
-24,62080551;-1,39948320
-24,61580551;0,00000000
-24,61080551;0,00000000
-24,60580551;-0,46598175
-24,60080551;-0,46598175
-24,59580551;-0,93196350
-24,59080551;0,00000000
-24,58580551;0,00000000
-24,58080551;-0,46598175
-24,57580551;-0,46598175
-24,57080551;0,46598175
-24,56580551;0,93196350
-24,56080551;2,33298445
-24,55580551;-3,26648593
-24,55080551;0,93196350
-24,54580551;-1,39948320
-24,54080552;0,00000000
-24,53580552;-0,93196350
-24,53080552;0,00000000
-24,52580552;0,46598175
-24,52080552;-0,93196350
-24,51580552;0,46598175
-24,51080552;0,00000000
-24,50580552;0,00000000
-24,50080552;-0,46598175
-24,49580552;-0,46598175
-24,49080552;-0,93196350
-24,48580552;1,39948320
-24,48080552;0,46598175
-24,47580552;0,00000000
-24,47080552;0,00000000
-24,46580552;0,93196350
-24,46080552;0,93196350
-24,45580552;-0,46598175
-24,45080552;0,46598175
-24,44580552;0,00000000
-24,44080552;-0,46598175
-24,43580552;0,00000000
-24,43080552;1,39948320
-24,42580552;0,46598175
-24,42080552;0,00000000
-24,41580552;0,00000000
-24,41080552;0,00000000
-24,40580552;0,46598175
-24,40080552;0,46598175
-24,39580552;0,00000000
-24,39080552;0,46598175
-24,38580552;0,93196350
-24,38080552;-0,93196350
-24,37580552;0,93196350
-24,37080552;0,00000000
-24,36580552;0,93196350
-24,36080552;0,93196350
-24,35580552;0,00000000
-24,35080552;0,46598175
-24,34580552;-0,46598175
-24,34080552;-0,46598175
-24,33580552;-0,46598175
-24,33080552;0,46598175
-24,32580552;0,00000000
-24,32080552;-0,93196350
-24,31580552;0,46598175
-24,31080552;2,33298445
-24,30580552;0,00000000
-24,30080552;0,00000000
-24,29580552;2,79896641
-24,29080552;0,00000000
-24,28580552;0,46598175
-24,28080552;-1,39948320
-24,27580552;1,39948320
-24,27080552;-0,93196350
-24,26580552;0,46598175
-24,26080552;0,00000000
-24,25580552;0,93196350
-24,25080552;0,00000000
-24,24580552;-0,46598175
-24,24080552;0,93196350
-24,23580552;0,00000000
-24,23080552;0,00000000
-24,22580552;-0,46598175
-24,22080552;-0,46598175
-24,21580552;0,00000000
-24,21080552;0,00000000
-24,20580552;0,46598175
-24,20080552;0,00000000
-24,19580552;0,46598175
-24,19080552;0,00000000
-24,18580552;0,46598175
-24,18080552;0,00000000
-24,17580552;0,00000000
-24,17080552;0,46598175
-24,16580552;0,46598175
-24,16080552;-2,33298445
-24,15580552;-0,46598175
-24,15080552;-0,93196350
-24,14580553;0,00000000
-24,14080553;0,00000000
-24,13580553;0,93196350
-24,13080553;0,46598175
-24,12580553;-0,93196350
-24,12080553;0,00000000
-24,11580553;-0,46598175
-24,11080553;0,46598175
-24,10580553;-2,33298445
-24,10080553;0,00000000
-24,09580553;0,46598175
-24,09080553;-0,93196350
-24,08580553;0,00000000
-24,08080553;-2,33298445
-24,07580553;0,46598175
-24,07080553;0,93196350
-24,06580553;0,93196350
-24,06080553;0,00000000
-24,05580553;-0,93196350
-24,05080553;-0,46598175
-24,04580553;0,46598175
-24,04080553;0,00000000
-24,03580553;0,00000000
-24,03080553;0,00000000
-24,02580553;0,46598175
-24,02080553;0,46598175
-24,01580553;-0,46598175
-24,01080553;0,00000000
-24,00580553;0,46598175
-24,00080553;-0,46598175
-23,99580553;-0,46598175
-23,99080553;0,00000000
-23,98580553;-0,93196350
-23,98080553;0,46598175
-23,97580553;-0,46598175
-23,97080553;-0,46598175
-23,96580553;-0,46598175
-23,96080553;1,39948320
-23,95580553;0,00000000
-23,95080553;-0,46598175
-23,94580553;-0,93196350
-23,94080553;0,93196350
-23,93580553;0,00000000
-23,93080553;0,46598175
-23,92580553;-0,93196350
-23,92080553;0,00000000
-23,91580553;-0,93196350
-23,91080553;0,46598175
-23,90580553;0,00000000
-23,90080553;0,00000000
-23,89580553;-0,93196350
-23,89080553;0,93196350
-23,88580553;-0,46598175
-23,88080553;0,00000000
-23,87580553;0,00000000
-23,87080553;0,00000000
-23,86580553;0,93196350
-23,86080553;0,46598175
-23,85580553;0,00000000
-23,85080553;0,46598175
-23,84580553;-0,93196350
-23,84080553;0,00000000
-23,83580553;0,46598175
-23,83080553;0,00000000
-23,82580553;0,46598175
-23,82080553;-0,93196350
-23,81580553;0,00000000
-23,81080553;-1,86546493
-23,80580553;0,00000000
-23,80080553;0,46598175
-23,79580553;0,93196350
-23,79080553;0,46598175
-23,78580553;0,46598175
-23,78080553;0,00000000
-23,77580553;0,46598175
-23,77080553;0,00000000
-23,76580553;0,00000000
-23,76080553;0,00000000
-23,75580553;0,00000000
-23,75080554;-0,46598175
-23,74580554;-0,46598175
-23,74080554;0,93196350
-23,73580554;0,46598175
-23,73080554;0,00000000
-23,72580554;-0,46598175
-23,72080554;0,00000000
-23,71580554;0,46598175
-23,71080554;0,00000000
-23,70580554;-0,46598175
-23,70080554;0,00000000
-23,69580554;0,46598175
-23,69080554;0,00000000
-23,68580554;-0,46598175
-23,68080554;0,00000000
-23,67580554;0,00000000
-23,67080554;0,00000000
-23,66580554;0,00000000
-23,66080554;-8,39997482
-23,65580554;0,46598175
-23,65080554;0,00000000
-23,64580554;0,00000000
-23,64080554;0,00000000
-23,63580554;0,46598175
-23,63080554;-0,46598175
-23,62580554;0,00000000
-23,62080554;0,46598175
-23,61580554;0,46598175
-23,61080554;-0,93196350
-23,60580554;0,00000000
-23,60080554;0,46598175
-23,59580554;0,46598175
-23,59080554;0,00000000
-23,58580554;0,46598175
-23,58080554;0,00000000
-23,57580554;0,46598175
-23,57080554;-0,46598175
-23,56580554;0,93196350
-23,56080554;0,00000000
-23,55580554;0,00000000
-23,55080554;0,46598175
-23,54580554;0,93196350
-23,54080554;0,00000000
-23,53580554;0,00000000
-23,53080554;0,46598175
-23,52580554;0,46598175
-23,52080554;0,93196350
-23,51580554;-0,46598175
-23,51080554;-0,46598175
-23,50580554;0,46598175
-23,50080554;0,46598175
-23,49580554;0,46598175
-23,49080554;-0,93196350
-23,48580554;0,46598175
-23,48080554;-0,46598175
-23,47580554;0,46598175
-23,47080554;0,00000000
-23,46580554;0,00000000
-23,46080554;0,93196350
-23,45580554;-0,46598175
-23,45080554;0,93196350
-23,44580554;-0,46598175
-23,44080554;-0,46598175
-23,43580554;0,93196350
-23,43080554;0,46598175
-23,42580554;0,00000000
-23,42080554;0,00000000
-23,41580554;-0,93196350
-23,41080554;0,46598175
-23,40580554;-0,46598175
-23,40080554;0,00000000
-23,39580554;-0,46598175
-23,39080554;0,46598175
-23,38580554;0,93196350
-23,38080554;0,46598175
-23,37580554;0,46598175
-23,37080554;-0,93196350
-23,36580554;0,00000000
-23,36080554;-0,93196350
-23,35580554;-0,46598175
-23,35080555;-0,46598175
-23,34580555;0,93196350
-23,34080555;0,00000000
-23,33580555;0,00000000
-23,33080555;0,46598175
-23,32580555;-0,46598175
-23,32080555;0,46598175
-23,31580555;0,00000000
-23,31080555;0,00000000
-23,30580555;0,00000000
-23,30080555;0,46598175
-23,29580555;0,00000000
-23,29080555;0,00000000
-23,28580555;-0,46598175
-23,28080555;0,46598175
-23,27580555;0,46598175
-23,27080555;0,00000000
-23,26580555;0,00000000
-23,26080555;0,00000000
-23,25580555;0,46598175
-23,25080555;0,00000000
-23,24580555;0,46598175
-23,24080555;0,00000000
-23,23580555;-0,46598175
-23,23080555;-0,46598175
-23,22580555;-0,46598175
-23,22080555;0,00000000
-23,21580555;0,93196350
-23,21080555;0,46598175
-23,20580555;0,00000000
-23,20080555;0,00000000
-23,19580555;-0,46598175
-23,19080555;0,00000000
-23,18580555;0,93196350
-23,18080555;0,00000000
-23,17580555;0,93196350
-23,17080555;-0,46598175
-23,16580555;0,00000000
-23,16080555;-2,79896641
-23,15580555;-0,46598175
-23,15080555;0,00000000
-23,14580555;0,93196350
-23,14080555;0,00000000
-23,13580555;0,00000000
-23,13080555;0,00000000
-23,12580555;0,00000000
-23,12080555;0,46598175
-23,11580555;-0,46598175
-23,11080555;0,00000000
-23,10580555;0,00000000
-23,10080555;0,00000000
-23,09580555;0,46598175
-23,09080555;-0,46598175
-23,08580555;0,46598175
-23,08080555;0,46598175
-23,07580555;0,00000000
-23,07080555;0,46598175
-23,06580555;0,46598175
-23,06080555;0,46598175
-23,05580555;1,39948320
-23,05080555;0,46598175
-23,04580555;0,46598175
-23,04080555;-0,46598175
-23,03580555;0,00000000
-23,03080555;0,00000000
-23,02580555;-1,39948320
-23,02080555;0,00000000
-23,01580555;0,00000000
-23,01080555;0,00000000
-23,00580555;0,00000000
-23,00080555;0,46598175
-22,99580555;0,00000000
-22,99080555;0,46598175
-22,98580555;1,39948320
-22,98080555;0,46598175
-22,97580555;0,00000000
-22,97080555;0,00000000
-22,96580555;0,46598175
-22,96080555;-1,39948320
-22,95580556;0,46598175
-22,95080556;0,93196350
-22,94580556;0,00000000
-22,94080556;0,93196350
-22,93580556;0,46598175
-22,93080556;0,00000000
-22,92580556;0,46598175
-22,92080556;0,93196350
-22,91580556;0,00000000
-22,91080556;0,46598175
-22,90580556;0,00000000
-22,90080556;-0,46598175
-22,89580556;0,00000000
-22,89080556;0,46598175
-22,88580556;0,00000000
-22,88080556;0,00000000
-22,87580556;0,93196350
-22,87080556;0,46598175
-22,86580556;0,46598175
-22,86080556;0,46598175
-22,85580556;0,46598175
-22,85080556;0,46598175
-22,84580556;-0,93196350
-22,84080556;0,46598175
-22,83580556;0,46598175
-22,83080556;0,00000000
-22,82580556;-0,46598175
-22,82080556;0,00000000
-22,81580556;0,00000000
-22,81080556;0,46598175
-22,80580556;0,46598175
-22,80080556;-0,46598175
-22,79580556;-1,86546493
-22,79080556;-0,93196350
-22,78580556;-0,46598175
-22,78080556;0,93196350
-22,77580556;-0,46598175
-22,77080556;0,46598175
-22,76580556;0,93196350
-22,76080556;0,93196350
-22,75580556;0,00000000
-22,75080556;0,00000000
-22,74580556;0,93196350
-22,74080556;0,00000000
-22,73580556;0,46598175
-22,73080556;0,00000000
-22,72580556;-0,93196350
-22,72080556;0,00000000
-22,71580556;-0,46598175
-22,71080556;0,46598175
-22,70580556;0,00000000
-22,70080556;-0,46598175
-22,69580556;-0,46598175
-22,69080556;0,00000000
-22,68580556;0,93196350
-22,68080556;0,46598175
-22,67580556;0,46598175
-22,67080556;0,46598175
-22,66580556;0,00000000
-22,66080556;0,00000000
-22,65580556;0,46598175
-22,65080556;0,46598175
-22,64580556;0,00000000
-22,64080556;0,00000000
-22,63580556;0,46598175
-22,63080556;0,93196350
-22,62580556;0,46598175
-22,62080556;0,46598175
-22,61580556;-0,46598175
-22,61080556;0,00000000
-22,60580556;0,46598175
-22,60080556;0,46598175
-22,59580556;0,00000000
-22,59080556;0,00000000
-22,58580556;0,00000000
-22,58080556;0,46598175
-22,57580556;-0,46598175
-22,57080556;0,46598175
-22,56580556;-0,46598175
-22,56080557;-1,86546493
-22,55580557;0,00000000
-22,55080557;0,46598175
-22,54580557;0,46598175
-22,54080557;0,46598175
-22,53580557;0,93196350
-22,53080557;0,00000000
-22,52580557;-0,46598175
-22,52080557;0,00000000
-22,51580557;0,46598175
-22,51080557;0,00000000
-22,50580557;0,46598175
-22,50080557;0,93196350
-22,49580557;0,46598175
-22,49080557;0,00000000
-22,48580557;0,00000000
-22,48080557;0,46598175
-22,47580557;0,93196350
-22,47080557;0,46598175
-22,46580557;0,00000000
-22,46080557;0,46598175
-22,45580557;0,00000000
-22,45080557;0,00000000
-22,44580557;0,46598175
-22,44080557;0,00000000
-22,43580557;0,46598175
-22,43080557;-0,46598175
-22,42580557;1,39948320
-22,42080557;0,46598175
-22,41580557;0,00000000
-22,41080557;0,00000000
-22,40580557;0,46598175
-22,40080557;0,46598175
-22,39580557;0,00000000
-22,39080557;-0,46598175
-22,38580557;0,00000000
-22,38080557;0,00000000
-22,37580557;0,46598175
-22,37080557;-0,46598175
-22,36580557;0,93196350
-22,36080557;0,46598175
-22,35580557;0,00000000
-22,35080557;-0,46598175
-22,34580557;0,00000000
-22,34080557;-0,46598175
-22,33580557;0,00000000
-22,33080557;-0,93196350
-22,32580557;0,46598175
-22,32080557;0,93196350
-22,31580557;0,46598175
-22,31080557;0,93196350
-22,30580557;1,39948320
-22,30080557;0,00000000
-22,29580557;0,46598175
-22,29080557;-2,79896641
-22,28580557;0,46598175
-22,28080557;0,46598175
-22,27580557;0,00000000
-22,27080557;-0,93196350
-22,26580557;0,00000000
-22,26080557;-0,46598175
-22,25580557;0,93196350
-22,25080557;0,46598175
-22,24580557;0,00000000
-22,24080557;0,93196350
-22,23580557;0,00000000
-22,23080557;0,46598175
-22,22580557;0,93196350
-22,22080557;0,00000000
-22,21580557;-0,93196350
-22,21080557;0,46598175
-22,20580557;0,00000000
-22,20080557;0,93196350
-22,19580557;0,46598175
-22,19080557;0,00000000
-22,18580557;0,46598175
-22,18080557;-0,46598175
-22,17580557;0,46598175
-22,17080557;0,93196350
-22,16580558;0,93196350
-22,16080558;0,46598175
-22,15580558;-0,93196350
-22,15080558;0,46598175
-22,14580558;0,00000000
-22,14080558;0,00000000
-22,13580558;0,00000000
-22,13080558;0,46598175
-22,12580558;1,39948320
-22,12080558;0,00000000
-22,11580558;0,93196350
-22,11080558;0,00000000
-22,10580558;0,46598175
-22,10080558;0,00000000
-22,09580558;0,46598175
-22,09080558;0,00000000
-22,08580558;0,46598175
-22,08080558;0,93196350
-22,07580558;0,46598175
-22,07080558;0,00000000
-22,06580558;0,00000000
-22,06080558;-0,46598175
-22,05580558;-7,93399334
-22,05080558;1,39948320
-22,04580558;-0,46598175
-22,04080558;0,46598175
-22,03580558;-0,93196350
-22,03080558;0,93196350
-22,02580558;0,00000000
-22,02080558;0,46598175
-22,01580558;-0,93196350
-22,01080558;-0,46598175
-22,00580558;-0,46598175
-22,00080558;0,00000000
-21,99580558;0,46598175
-21,99080558;0,93196350
-21,98580558;1,39948320
-21,98080558;0,46598175
-21,97580558;0,00000000
-21,97080558;0,46598175
-21,96580558;0,46598175
-21,96080558;-0,93196350
-21,95580558;0,00000000
-21,95080558;0,93196350
-21,94580558;1,86546493
-21,94080558;0,46598175
-21,93580558;0,46598175
-21,93080558;0,46598175
-21,92580558;0,46598175
-21,92080558;0,46598175
-21,91580558;0,00000000
-21,91080558;0,93196350
-21,90580558;0,00000000
-21,90080558;2,33298445
-21,89580558;0,46598175
-21,89080558;0,93196350
-21,88580558;0,00000000
-21,88080558;0,93196350
-21,87580558;0,00000000
-21,87080558;0,00000000
-21,86580558;0,46598175
-21,86080558;0,00000000
-21,85580558;0,46598175
-21,85080558;-0,46598175
-21,84580558;0,46598175
-21,84080558;0,46598175
-21,83580558;-0,46598175
-21,83080558;0,46598175
-21,82580558;-0,46598175
-21,82080558;-1,86546493
-21,81580558;0,00000000
-21,81080558;0,46598175
-21,80580558;0,00000000
-21,80080558;0,46598175
-21,79580558;0,00000000
-21,79080558;0,00000000
-21,78580558;0,00000000
-21,78080558;0,00000000
-21,77580558;-0,46598175
-21,77080559;0,93196350
-21,76580559;0,00000000
-21,76080559;0,00000000
-21,75580559;0,00000000
-21,75080559;0,00000000
-21,74580559;0,00000000
-21,74080559;0,46598175
-21,73580559;0,00000000
-21,73080559;0,00000000
-21,72580559;0,00000000
-21,72080559;0,00000000
-21,71580559;0,46598175
-21,71080559;0,00000000
-21,70580559;0,00000000
-21,70080559;0,00000000
-21,69580559;0,46598175
-21,69080559;0,00000000
-21,68580559;0,46598175
-21,68080559;0,00000000
-21,67580559;0,46598175
-21,67080559;0,46598175
-21,66580559;0,46598175
-21,66080559;0,00000000
-21,65580559;0,00000000
-21,65080559;0,46598175
-21,64580559;0,46598175
-21,64080559;0,00000000
-21,63580559;0,00000000
-21,63080559;0,00000000
-21,62580559;0,46598175
-21,62080559;0,00000000
-21,61580559;0,00000000
-21,61080559;0,46598175
-21,60580559;0,93196350
-21,60080559;-0,93196350
-21,59580559;0,46598175
-21,59080559;-0,93196350
-21,58580559;0,46598175
-21,58080559;0,00000000
-21,57580559;-0,46598175
-21,57080559;-0,46598175
-21,56580559;0,46598175
-21,56080559;0,00000000
-21,55580559;0,00000000
-21,55080559;0,00000000
-21,54580559;0,00000000
-21,54080559;-0,46598175
-21,53580559;-0,93196350
-21,53080559;0,93196350
-21,52580559;-0,46598175
-21,52080559;0,93196350
-21,51580559;13,06748199
-21,51080559;0,00000000
-21,50580559;0,00000000
-21,50080559;0,46598175
-21,49580559;-0,93196350
-21,49080559;0,93196350
-21,48580559;0,46598175
-21,48080559;0,46598175
-21,47580559;0,93196350
-21,47080559;0,00000000
-21,46580559;0,00000000
-21,46080559;0,46598175
-21,45580559;0,00000000
-21,45080559;0,00000000
-21,44580559;-0,46598175
-21,44080559;0,93196350
-21,43580559;0,93196350
-21,43080559;0,46598175
-21,42580559;0,00000000
-21,42080559;0,46598175
-21,41580559;-10,26697731
-21,41080559;1,39948320
-21,40580559;-0,46598175
-21,40080559;0,00000000
-21,39580559;0,46598175
-21,39080559;0,00000000
-21,38580559;0,46598175
-21,38080559;-0,46598175
-21,37580560;0,00000000
-21,37080560;0,46598175
-21,36580560;0,00000000
-21,36080560;0,00000000
-21,35580560;0,00000000
-21,35080560;0,93196350
-21,34580560;-1,39948320
-21,34080560;-1,39948320
-21,33580560;0,00000000
-21,33080560;-0,93196350
-21,32580560;0,46598175
-21,32080560;0,46598175
-21,31580560;0,00000000
-21,31080560;0,00000000
-21,30580560;0,46598175
-21,30080560;-0,46598175
-21,29580560;0,46598175
-21,29080560;-0,93196350
-21,28580560;0,00000000
-21,28080560;0,46598175
-21,27580560;0,46598175
-21,27080560;0,46598175
-21,26580560;0,93196350
-21,26080560;0,46598175
-21,25580560;0,93196350
-21,25080560;0,00000000
-21,24580560;0,93196350
-21,24080560;0,46598175
-21,23580560;0,46598175
-21,23080560;-3,26648593
-21,22580560;0,93196350
-21,22080560;0,46598175
-21,21580560;0,46598175
-21,21080560;-0,46598175
-21,20580560;0,00000000
-21,20080560;0,46598175
-21,19580560;0,00000000
-21,19080560;0,46598175
-21,18580560;0,93196350
-21,18080560;0,46598175
-21,17580560;0,46598175
-21,17080560;0,00000000
-21,16580560;0,93196350
-21,16080560;0,00000000
-21,15580560;0,93196350
-21,15080560;-0,46598175
-21,14580560;0,00000000
-21,14080560;0,46598175
-21,13580560;0,93196350
-21,13080560;0,93196350
-21,12580560;0,46598175
-21,12080560;-0,93196350
-21,11580560;0,93196350
-21,11080560;0,00000000
-21,10580560;0,00000000
-21,10080560;0,46598175
-21,09580560;0,46598175
-21,09080560;-0,46598175
-21,08580560;0,46598175
-21,08080560;0,46598175
-21,07580560;0,46598175
-21,07080560;3,73246789
-21,06580560;-0,46598175
-21,06080560;0,00000000
-21,05580560;0,46598175
-21,05080560;0,46598175
-21,04580560;0,93196350
-21,04080560;0,46598175
-21,03580560;0,46598175
-21,03080560;0,46598175
-21,02580560;0,46598175
-21,02080560;0,46598175
-21,01580560;0,00000000
-21,01080560;0,00000000
-21,00580560;0,00000000
-21,00080560;0,00000000
-20,99580560;0,46598175
-20,99080560;0,46598175
-20,98580560;0,46598175
-20,98080560;0,00000000
-20,97580561;0,46598175
-20,97080561;0,46598175
-20,96580561;0,46598175
-20,96080561;0,00000000
-20,95580561;0,46598175
-20,95080561;0,00000000
-20,94580561;0,46598175
-20,94080561;0,00000000
-20,93580561;0,46598175
-20,93080561;0,00000000
-20,92580561;0,00000000
-20,92080561;0,00000000
-20,91580561;0,00000000
-20,91080561;0,46598175
-20,90580561;-0,46598175
-20,90080561;-0,46598175
-20,89580561;0,00000000
-20,89080561;0,00000000
-20,88580561;0,46598175
-20,88080561;0,46598175
-20,87580561;0,46598175
-20,87080561;0,00000000
-20,86580561;0,00000000
-20,86080561;0,46598175
-20,85580561;0,46598175
-20,85080561;0,00000000
-20,84580561;0,46598175
-20,84080561;-0,46598175
-20,83580561;0,00000000
-20,83080561;0,46598175
-20,82580561;0,46598175
-20,82080561;0,00000000
-20,81580561;0,46598175
-20,81080561;0,93196350
-20,80580561;0,00000000
-20,80080561;0,00000000
-20,79580561;-0,46598175
-20,79080561;0,00000000
-20,78580561;0,46598175
-20,78080561;-0,46598175
-20,77580561;0,46598175
-20,77080561;0,46598175
-20,76580561;0,00000000
-20,76080561;0,46598175
-20,75580561;0,46598175
-20,75080561;0,00000000
-20,74580561;-0,93196350
-20,74080561;0,00000000
-20,73580561;0,00000000
-20,73080561;1,39948320
-20,72580561;0,46598175
-20,72080561;-0,46598175
-20,71580561;0,00000000
-20,71080561;-0,93196350
-20,70580561;0,93196350
-20,70080561;0,93196350
-20,69580561;0,93196350
-20,69080561;0,46598175
-20,68580561;-0,46598175
-20,68080561;0,46598175
-20,67580561;0,46598175
-20,67080561;0,00000000
-20,66580561;0,46598175
-20,66080561;0,00000000
-20,65580561;0,00000000
-20,65080561;0,46598175
-20,64580561;0,93196350
-20,64080561;0,00000000
-20,63580561;-0,46598175
-20,63080561;0,46598175
-20,62580561;0,00000000
-20,62080561;-0,46598175
-20,61580561;0,46598175
-20,61080561;-0,46598175
-20,60580561;0,00000000
-20,60080561;0,00000000
-20,59580561;0,00000000
-20,59080561;0,00000000
-20,58580561;0,00000000
-20,58080562;0,00000000
-20,57580562;0,00000000
-20,57080562;0,93196350
-20,56580562;-0,93196350
-20,56080562;0,00000000
-20,55580562;0,00000000
-20,55080562;0,46598175
-20,54580562;0,46598175
-20,54080562;0,93196350
-20,53580562;0,00000000
-20,53080562;1,86546493
-20,52580562;0,00000000
-20,52080562;0,46598175
-20,51580562;0,00000000
-20,51080562;-0,93196350
-20,50580562;0,46598175
-20,50080562;-0,93196350
-20,49580562;0,00000000
-20,49080562;0,46598175
-20,48580562;0,00000000
-20,48080562;1,39948320
-20,47580562;0,46598175
-20,47080562;0,00000000
-20,46580562;0,46598175
-20,46080562;0,46598175
-20,45580562;-0,46598175
-20,45080562;0,93196350
-20,44580562;0,46598175
-20,44080562;0,46598175
-20,43580562;0,46598175
-20,43080562;0,46598175
-20,42580562;0,46598175
-20,42080562;0,00000000
-20,41580562;0,46598175
-20,41080562;-0,46598175
-20,40580562;0,00000000
-20,40080562;0,00000000
-20,39580562;-0,93196350
-20,39080562;0,46598175
-20,38580562;0,00000000
-20,38080562;0,46598175
-20,37580562;-0,93196350
-20,37080562;0,93196350
-20,36580562;0,46598175
-20,36080562;0,00000000
-20,35580562;0,93196350
-20,35080562;-0,46598175
-20,34580562;0,46598175
-20,34080562;0,46598175
-20,33580562;0,46598175
-20,33080562;-0,93196350
-20,32580562;0,00000000
-20,32080562;0,00000000
-20,31580562;0,00000000
-20,31080562;-0,46598175
-20,30580562;0,00000000
-20,30080562;0,00000000
-20,29580562;0,93196350
-20,29080562;0,00000000
-20,28580562;0,00000000
-20,28080562;-0,93196350
-20,27580562;0,46598175
-20,27080562;0,00000000
-20,26580562;0,46598175
-20,26080562;0,00000000
-20,25580562;0,46598175
-20,25080562;0,00000000
-20,24580562;0,93196350
-20,24080562;0,46598175
-20,23580562;0,46598175
-20,23080562;0,46598175
-20,22580562;-0,46598175
-20,22080562;0,93196350
-20,21580562;0,00000000
-20,21080562;-0,46598175
-20,20580562;0,00000000
-20,20080562;0,00000000
-20,19580562;0,00000000
-20,19080562;-0,46598175
-20,18580563;0,00000000
-20,18080563;0,00000000
-20,17580563;0,46598175
-20,17080563;0,46598175
-20,16580563;0,00000000
-20,16080563;0,93196350
-20,15580563;0,93196350
-20,15080563;-0,46598175
-20,14580563;-1,39948320
-20,14080563;-0,46598175
-20,13580563;0,00000000
-20,13080563;0,93196350
-20,12580563;0,00000000
-20,12080563;0,00000000
-20,11580563;0,93196350
-20,11080563;-0,46598175
-20,10580563;0,46598175
-20,10080563;-0,46598175
-20,09580563;-0,46598175
-20,09080563;0,00000000
-20,08580563;0,00000000
-20,08080563;0,00000000
-20,07580563;0,00000000
-20,07080563;0,93196350
-20,06580563;0,93196350
-20,06080563;0,46598175
-20,05580563;0,46598175
-20,05080563;0,00000000
-20,04580563;0,46598175
-20,04080563;0,00000000
-20,03580563;-0,46598175
-20,03080563;0,00000000
-20,02580563;0,46598175
-20,02080563;0,46598175
-20,01580563;0,46598175
-20,01080563;0,00000000
-20,00580563;0,00000000
-20,00080563;0,00000000
-19,99580563;0,00000000
-19,99080563;-1,39948320
-19,98580563;-0,46598175
-19,98080563;0,46598175
-19,97580563;0,46598175
-19,97080563;0,00000000
-19,96580563;0,00000000
-19,96080563;0,00000000
-19,95580563;0,46598175
-19,95080563;0,00000000
-19,94580563;0,00000000
-19,94080563;0,46598175
-19,93580563;0,00000000
-19,93080563;0,46598175
-19,92580563;-0,46598175
-19,92080563;-0,46598175
-19,91580563;0,93196350
-19,91080563;-0,93196350
-19,90580563;0,00000000
-19,90080563;0,00000000
-19,89580563;0,46598175
-19,89080563;0,00000000
-19,88580563;0,00000000
-19,88080563;0,00000000
-19,87580563;0,00000000
-19,87080563;-0,46598175
-19,86580563;-0,46598175
-19,86080563;-0,93196350
-19,85580563;1,39948320
-19,85080563;0,00000000
-19,84580563;0,00000000
-19,84080563;0,00000000
-19,83580563;0,46598175
-19,83080563;-0,46598175
-19,82580563;0,00000000
-19,82080563;0,93196350
-19,81580563;-0,46598175
-19,81080563;0,46598175
-19,80580563;-0,93196350
-19,80080563;0,00000000
-19,79580563;0,00000000
-19,79080564;0,46598175
-19,78580564;-0,46598175
-19,78080564;0,00000000
-19,77580564;-0,46598175
-19,77080564;0,46598175
-19,76580564;-0,46598175
-19,76080564;0,46598175
-19,75580564;1,39948320
-19,75080564;0,00000000
-19,74580564;-0,46598175
-19,74080564;-0,93196350
-19,73580564;0,00000000
-19,73080564;-1,39948320
-19,72580564;0,00000000
-19,72080564;0,46598175
-19,71580564;0,00000000
-19,71080564;0,93196350
-19,70580564;0,46598175
-19,70080564;0,93196350
-19,69580564;0,46598175
-19,69080564;1,39948320
-19,68580564;-0,93196350
-19,68080564;0,46598175
-19,67580564;0,46598175
-19,67080564;0,46598175
-19,66580564;-0,93196350
-19,66080564;0,93196350
-19,65580564;0,00000000
-19,65080564;-0,93196350
-19,64580564;0,46598175
-19,64080564;0,00000000
-19,63580564;-0,46598175
-19,63080564;0,46598175
-19,62580564;0,00000000
-19,62080564;0,00000000
-19,61580564;0,46598175
-19,61080564;0,46598175
-19,60580564;0,00000000
-19,60080564;0,00000000
-19,59580564;0,00000000
-19,59080564;0,00000000
-19,58580564;0,46598175
-19,58080564;0,00000000
-19,57580564;0,00000000
-19,57080564;0,00000000
-19,56580564;0,93196350
-19,56080564;0,00000000
-19,55580564;0,46598175
-19,55080564;0,46598175
-19,54580564;-0,93196350
-19,54080564;0,46598175
-19,53580564;0,46598175
-19,53080564;0,00000000
-19,52580564;0,00000000
-19,52080564;0,46598175
-19,51580564;0,93196350
-19,51080564;-0,46598175
-19,50580564;0,93196350
-19,50080564;-0,93196350
-19,49580564;0,00000000
-19,49080564;0,46598175
-19,48580564;0,00000000
-19,48080564;0,00000000
-19,47580564;0,00000000
-19,47080564;0,93196350
-19,46580564;0,00000000
-19,46080564;0,00000000
-19,45580564;-0,46598175
-19,45080564;0,46598175
-19,44580564;0,46598175
-19,44080564;0,00000000
-19,43580564;0,00000000
-19,43080564;0,00000000
-19,42580564;0,00000000
-19,42080564;0,00000000
-19,41580564;0,00000000
-19,41080564;0,00000000
-19,40580564;0,46598175
-19,40080564;0,46598175
-19,39580565;-2,79896641
-19,39080565;0,00000000
-19,38580565;1,39948320
-19,38080565;0,93196350
-19,37580565;0,00000000
-19,37080565;0,46598175
-19,36580565;0,00000000
-19,36080565;-0,46598175
-19,35580565;0,00000000
-19,35080565;0,00000000
-19,34580565;0,46598175
-19,34080565;0,00000000
-19,33580565;0,46598175
-19,33080565;-1,86546493
-19,32580565;0,00000000
-19,32080565;0,46598175
-19,31580565;0,93196350
-19,31080565;0,00000000
-19,30580565;0,46598175
-19,30080565;0,00000000
-19,29580565;0,00000000
-19,29080565;0,00000000
-19,28580565;0,46598175
-19,28080565;1,39948320
-19,27580565;0,00000000
-19,27080565;0,00000000
-19,26580565;-0,46598175
-19,26080565;0,00000000
-19,25580565;0,46598175
-19,25080565;0,00000000
-19,24580565;0,46598175
-19,24080565;0,00000000
-19,23580565;0,00000000
-19,23080565;0,00000000
-19,22580565;0,00000000
-19,22080565;0,46598175
-19,21580565;0,46598175
-19,21080565;-0,93196350
-19,20580565;0,46598175
-19,20080565;-5,59947062
-19,19580565;0,00000000
-19,19080565;-0,93196350
-19,18580565;0,00000000
-19,18080565;0,00000000
-19,17580565;0,46598175
-19,17080565;0,00000000
-19,16580565;0,00000000
-19,16080565;0,46598175
-19,15580565;0,93196350
-19,15080565;-1,39948320
-19,14580565;0,46598175
-19,14080565;-0,46598175
-19,13580565;0,00000000
-19,13080565;1,86546493
-19,12580565;-0,93196350
-19,12080565;0,46598175
-19,11580565;0,00000000
-19,11080565;0,00000000
-19,10580565;0,00000000
-19,10080565;-0,46598175
-19,09580565;0,46598175
-19,09080565;0,46598175
-19,08580565;1,39948320
-19,08080565;0,00000000
-19,07580565;0,00000000
-19,07080565;0,93196350
-19,06580565;0,00000000
-19,06080565;0,93196350
-19,05580565;0,00000000
-19,05080565;0,00000000
-19,04580565;0,00000000
-19,04080565;0,46598175
-19,03580565;0,46598175
-19,03080565;-0,46598175
-19,02580565;-0,46598175
-19,02080565;0,00000000
-19,01580565;0,46598175
-19,01080565;0,46598175
-19,00580565;0,00000000
-19,00080566;0,00000000
-18,99580566;0,46598175
-18,99080566;0,00000000
-18,98580566;-0,46598175
-18,98080566;0,46598175
-18,97580566;-0,93196350
-18,97080566;0,00000000
-18,96580566;0,46598175
-18,96080566;-0,93196350
-18,95580566;0,46598175
-18,95080566;-0,46598175
-18,94580566;0,46598175
-18,94080566;0,46598175
-18,93580566;0,93196350
-18,93080566;-0,93196350
-18,92580566;0,46598175
-18,92080566;0,00000000
-18,91580566;0,93196350
-18,91080566;0,46598175
-18,90580566;-0,46598175
-18,90080566;0,46598175
-18,89580566;0,93196350
-18,89080566;0,00000000
-18,88580566;0,46598175
-18,88080566;0,46598175
-18,87580566;0,46598175
-18,87080566;0,46598175
-18,86580566;-0,46598175
-18,86080566;-0,46598175
-18,85580566;0,00000000
-18,85080566;0,00000000
-18,84580566;0,46598175
-18,84080566;-0,46598175
-18,83580566;0,00000000
-18,83080566;-0,46598175
-18,82580566;0,46598175
-18,82080566;0,00000000
-18,81580566;0,46598175
-18,81080566;0,46598175
-18,80580566;0,00000000
-18,80080566;0,00000000
-18,79580566;0,00000000
-18,79080566;0,00000000
-18,78580566;0,46598175
-18,78080566;-0,46598175
-18,77580566;0,46598175
-18,77080566;-0,46598175
-18,76580566;0,00000000
-18,76080566;0,00000000
-18,75580566;-0,46598175
-18,75080566;0,93196350
-18,74580566;0,46598175
-18,74080566;0,00000000
-18,73580566;-0,46598175
-18,73080566;-0,46598175
-18,72580566;0,46598175
-18,72080566;0,00000000
-18,71580566;0,46598175
-18,71080566;0,00000000
-18,70580566;0,46598175
-18,70080566;0,00000000
-18,69580566;0,00000000
-18,69080566;-0,46598175
-18,68580566;-0,46598175
-18,68080566;0,93196350
-18,67580566;0,93196350
-18,67080566;0,00000000
-18,66580566;0,00000000
-18,66080566;0,00000000
-18,65580566;0,93196350
-18,65080566;0,46598175
-18,64580566;0,46598175
-18,64080566;0,46598175
-18,63580566;0,00000000
-18,63080566;0,46598175
-18,62580566;0,93196350
-18,62080566;-0,93196350
-18,61580566;0,00000000
-18,61080566;0,46598175
-18,60580566;0,00000000
-18,60080567;0,46598175
-18,59580567;0,00000000
-18,59080567;0,00000000
-18,58580567;0,00000000
-18,58080567;-0,46598175
-18,57580567;0,46598175
-18,57080567;0,46598175
-18,56580567;0,46598175
-18,56080567;0,46598175
-18,55580567;1,39948320
-18,55080567;0,93196350
-18,54580567;0,00000000
-18,54080567;-0,93196350
-18,53580567;-0,46598175
-18,53080567;0,46598175
-18,52580567;0,00000000
-18,52080567;0,00000000
-18,51580567;0,93196350
-18,51080567;1,86546493
-18,50580567;0,93196350
-18,50080567;0,46598175
-18,49580567;0,46598175
-18,49080567;0,46598175
-18,48580567;-0,46598175
-18,48080567;0,00000000
-18,47580567;0,00000000
-18,47080567;0,46598175
-18,46580567;0,00000000
-18,46080567;0,00000000
-18,45580567;0,46598175
-18,45080567;0,46598175
-18,44580567;0,46598175
-18,44080567;0,46598175
-18,43580567;0,46598175
-18,43080567;0,46598175
-18,42580567;0,46598175
-18,42080567;0,00000000
-18,41580567;0,00000000
-18,41080567;0,00000000
-18,40580567;0,00000000
-18,40080567;0,93196350
-18,39580567;0,00000000
-18,39080567;-0,46598175
-18,38580567;0,46598175
-18,38080567;0,46598175
-18,37580567;1,39948320
-18,37080567;0,93196350
-18,36580567;-0,46598175
-18,36080567;0,00000000
-18,35580567;0,00000000
-18,35080567;-1,39948320
-18,34580567;0,46598175
-18,34080567;0,00000000
-18,33580567;0,46598175
-18,33080567;-0,93196350
-18,32580567;0,46598175
-18,32080567;-0,46598175
-18,31580567;0,46598175
-18,31080567;0,00000000
-18,30580567;0,00000000
-18,30080567;0,00000000
-18,29580567;-0,46598175
-18,29080567;0,00000000
-18,28580567;-0,46598175
-18,28080567;0,46598175
-18,27580567;0,00000000
-18,27080567;0,00000000
-18,26580567;0,00000000
-18,26080567;0,00000000
-18,25580567;0,93196350
-18,25080567;0,00000000
-18,24580567;0,93196350
-18,24080567;-0,46598175
-18,23580567;0,46598175
-18,23080567;0,00000000
-18,22580567;0,00000000
-18,22080567;0,00000000
-18,21580567;-0,93196350
-18,21080567;0,00000000
-18,20580568;0,00000000
-18,20080568;0,93196350
-18,19580568;0,93196350
-18,19080568;-0,93196350
-18,18580568;0,00000000
-18,18080568;0,93196350
-18,17580568;0,00000000
-18,17080568;0,00000000
-18,16580568;-0,46598175
-18,16080568;0,00000000
-18,15580568;0,00000000
-18,15080568;-0,46598175
-18,14580568;0,00000000
-18,14080568;-0,93196350
-18,13580568;0,46598175
-18,13080568;0,00000000
-18,12580568;0,00000000
-18,12080568;0,00000000
-18,11580568;0,93196350
-18,11080568;0,46598175
-18,10580568;1,39948320
-18,10080568;0,00000000
-18,09580568;0,00000000
-18,09080568;0,46598175
-18,08580568;0,00000000
-18,08080568;0,93196350
-18,07580568;0,46598175
-18,07080568;0,00000000
-18,06580568;0,46598175
-18,06080568;-0,46598175
-18,05580568;0,00000000
-18,05080568;0,93196350
-18,04580568;0,00000000
-18,04080568;0,46598175
-18,03580568;0,00000000
-18,03080568;0,46598175
-18,02580568;0,00000000
-18,02080568;0,46598175
-18,01580568;0,00000000
-18,01080568;0,00000000
-18,00580568;2,33298445
-18,00080568;0,46598175
-17,99580568;0,46598175
-17,99080568;0,93196350
-17,98580568;0,00000000
-17,98080568;-0,46598175
-17,97580568;-0,93196350
-17,97080568;0,93196350
-17,96580568;0,46598175
-17,96080568;0,46598175
-17,95580568;0,46598175
-17,95080568;0,00000000
-17,94580568;0,00000000
-17,94080568;0,46598175
-17,93580568;0,46598175
-17,93080568;0,46598175
-17,92580568;0,46598175
-17,92080568;0,00000000
-17,91580568;0,00000000
-17,91080568;0,46598175
-17,90580568;0,46598175
-17,90080568;0,00000000
-17,89580568;-0,46598175
-17,89080568;0,00000000
-17,88580568;0,00000000
-17,88080568;0,00000000
-17,87580568;-0,46598175
-17,87080568;-0,46598175
-17,86580568;0,00000000
-17,86080568;0,46598175
-17,85580568;0,46598175
-17,85080568;0,93196350
-17,84580568;0,46598175
-17,84080568;0,00000000
-17,83580568;0,46598175
-17,83080568;-0,46598175
-17,82580568;0,00000000
-17,82080568;-0,93196350
-17,81580568;-0,93196350
-17,81080569;0,00000000
-17,80580569;0,00000000
-17,80080569;-0,46598175
-17,79580569;0,00000000
-17,79080569;0,46598175
-17,78580569;-0,93196350
-17,78080569;0,00000000
-17,77580569;-0,46598175
-17,77080569;0,46598175
-17,76580569;0,00000000
-17,76080569;0,93196350
-17,75580569;0,46598175
-17,75080569;0,93196350
-17,74580569;0,46598175
-17,74080569;0,46598175
-17,73580569;0,00000000
-17,73080569;0,00000000
-17,72580569;0,00000000
-17,72080569;-0,46598175
-17,71580569;0,00000000
-17,71080569;0,46598175
-17,70580569;0,00000000
-17,70080569;0,46598175
-17,69580569;0,46598175
-17,69080569;-0,46598175
-17,68580569;0,00000000
-17,68080569;0,00000000
-17,67580569;-0,46598175
-17,67080569;-0,46598175
-17,66580569;0,46598175
-17,66080569;0,46598175
-17,65580569;0,00000000
-17,65080569;-0,46598175
-17,64580569;0,00000000
-17,64080569;0,00000000
-17,63580569;0,46598175
-17,63080569;-0,93196350
-17,62580569;0,46598175
-17,62080569;-0,93196350
-17,61580569;-2,33298445
-17,61080569;0,00000000
-17,60580569;-0,93196350
-17,60080569;-0,46598175
-17,59580569;-0,46598175
-17,59080569;1,39948320
-17,58580569;0,00000000
-17,58080569;-18,20096970
-17,57580569;0,46598175
-17,57080569;0,46598175
-17,56580569;0,00000000
-17,56080569;-0,46598175
-17,55580569;0,46598175
-17,55080569;-0,46598175
-17,54580569;1,86546493
-17,54080569;-0,93196350
-17,53580569;0,46598175
-17,53080569;0,00000000
-17,52580569;0,46598175
-17,52080569;-0,46598175
-17,51580569;0,00000000
-17,51080569;0,46598175
-17,50580569;0,00000000
-17,50080569;0,46598175
-17,49580569;0,00000000
-17,49080569;-0,46598175
-17,48580569;-0,46598175
-17,48080569;0,00000000
-17,47580569;0,00000000
-17,47080569;0,93196350
-17,46580569;-0,93196350
-17,46080569;0,00000000
-17,45580569;0,00000000
-17,45080569;-0,46598175
-17,44580569;0,46598175
-17,44080569;0,93196350
-17,43580569;0,46598175
-17,43080569;0,00000000
-17,42580569;0,00000000
-17,42080569;0,46598175
-17,41580570;0,00000000
-17,41080570;0,46598175
-17,40580570;0,93196350
-17,40080570;1,39948320
-17,39580570;-0,93196350
-17,39080570;0,93196350
-17,38580570;-0,46598175
-17,38080570;-0,93196350
-17,37580570;0,00000000
-17,37080570;0,00000000
-17,36580570;0,00000000
-17,36080570;0,00000000
-17,35580570;0,46598175
-17,35080570;0,46598175
-17,34580570;0,00000000
-17,34080570;0,00000000
-17,33580570;0,00000000
-17,33080570;0,00000000
-17,32580570;0,46598175
-17,32080570;-0,46598175
-17,31580570;0,93196350
-17,31080570;0,00000000
-17,30580570;0,46598175
-17,30080570;0,46598175
-17,29580570;0,00000000
-17,29080570;-0,93196350
-17,28580570;0,46598175
-17,28080570;0,46598175
-17,27580570;0,00000000
-17,27080570;0,00000000
-17,26580570;-0,46598175
-17,26080570;-0,46598175
-17,25580570;0,00000000
-17,25080570;0,00000000
-17,24580570;0,46598175
-17,24080570;0,46598175
-17,23580570;0,00000000
-17,23080570;-0,46598175
-17,22580570;-0,46598175
-17,22080570;0,46598175
-17,21580570;-0,46598175
-17,21080570;0,00000000
-17,20580570;0,00000000
-17,20080570;0,46598175
-17,19580570;0,46598175
-17,19080570;-0,46598175
-17,18580570;1,39948320
-17,18080570;0,46598175
-17,17580570;0,00000000
-17,17080570;0,93196350
-17,16580570;0,00000000
-17,16080570;0,93196350
-17,15580570;0,46598175
-17,15080570;-0,46598175
-17,14580570;-0,46598175
-17,14080570;0,00000000
-17,13580570;0,00000000
-17,13080570;0,46598175
-17,12580570;0,46598175
-17,12080570;0,46598175
-17,11580570;0,00000000
-17,11080570;0,00000000
-17,10580570;0,00000000
-17,10080570;0,00000000
-17,09580570;2,33298445
-17,09080570;0,00000000
-17,08580570;0,00000000
-17,08080570;0,46598175
-17,07580570;0,00000000
-17,07080570;0,00000000
-17,06580570;-0,46598175
-17,06080570;0,00000000
-17,05580570;0,93196350
-17,05080570;0,46598175
-17,04580570;0,46598175
-17,04080570;0,46598175
-17,03580570;0,00000000
-17,03080570;0,00000000
-17,02580570;-8,39997482
-17,02080571;0,93196350
-17,01580571;-1,39948320
-17,01080571;0,46598175
-17,00580571;0,00000000
-17,00080571;0,00000000
-16,99580571;0,46598175
-16,99080571;0,93196350
-16,98580571;0,46598175
-16,98080571;-0,93196350
-16,97580571;0,46598175
-16,97080571;0,46598175
-16,96580571;-0,46598175
-16,96080571;-0,46598175
-16,95580571;0,93196350
-16,95080571;0,93196350
-16,94580571;0,46598175
-16,94080571;0,00000000
-16,93580571;0,00000000
-16,93080571;0,46598175
-16,92580571;-1,39948320
-16,92080571;0,00000000
-16,91580571;0,93196350
-16,91080571;0,00000000
-16,90580571;0,00000000
-16,90080571;0,00000000
-16,89580571;-0,46598175
-16,89080571;-0,46598175
-16,88580571;0,00000000
-16,88080571;0,46598175
-16,87580571;0,00000000
-16,87080571;0,46598175
-16,86580571;0,46598175
-16,86080571;0,00000000
-16,85580571;0,00000000
-16,85080571;0,00000000
-16,84580571;-0,46598175
-16,84080571;-0,46598175
-16,83580571;0,93196350
-16,83080571;-0,46598175
-16,82580571;0,93196350
-16,82080571;0,00000000
-16,81580571;0,00000000
-16,81080571;0,00000000
-16,80580571;0,46598175
-16,80080571;-0,46598175
-16,79580571;-0,93196350
-16,79080571;-0,46598175
-16,78580571;0,93196350
-16,78080571;0,00000000
-16,77580571;1,86546493
-16,77080571;0,00000000
-16,76580571;0,93196350
-16,76080571;0,00000000
-16,75580571;0,00000000
-16,75080571;-0,46598175
-16,74580571;0,46598175
-16,74080571;0,00000000
-16,73580571;0,46598175
-16,73080571;0,46598175
-16,72580571;-0,46598175
-16,72080571;0,00000000
-16,71580571;0,00000000
-16,71080571;0,93196350
-16,70580571;-0,46598175
-16,70080571;0,46598175
-16,69580571;0,46598175
-16,69080571;0,00000000
-16,68580571;0,00000000
-16,68080571;0,46598175
-16,67580571;0,46598175
-16,67080571;0,93196350
-16,66580571;0,00000000
-16,66080571;0,00000000
-16,65580571;0,00000000
-16,65080571;0,00000000
-16,64580571;0,46598175
-16,64080571;-0,46598175
-16,63580571;-0,46598175
-16,63080571;0,00000000
-16,62580571;0,00000000
-16,62080572;0,00000000
-16,61580572;0,00000000
-16,61080572;0,46598175
-16,60580572;-0,46598175
-16,60080572;-0,46598175
-16,59580572;-1,39948320
-16,59080572;1,86546493
-16,58580572;0,00000000
-16,58080572;-0,93196350
-16,57580572;0,93196350
-16,57080572;0,00000000
-16,56580572;0,46598175
-16,56080572;-0,93196350
-16,55580572;-0,46598175
-16,55080572;-0,93196350
-16,54580572;0,46598175
-16,54080572;-0,93196350
-16,53580572;0,46598175
-16,53080572;0,00000000
-16,52580572;0,00000000
-16,52080572;0,00000000
-16,51580572;-0,46598175
-16,51080572;-0,93196350
-16,50580572;0,46598175
-16,50080572;0,00000000
-16,49580572;-0,46598175
-16,49080572;0,46598175
-16,48580572;0,93196350
-16,48080572;-0,93196350
-16,47580572;-0,46598175
-16,47080572;0,46598175
-16,46580572;0,00000000
-16,46080572;-0,46598175
-16,45580572;0,46598175
-16,45080572;-0,46598175
-16,44580572;0,00000000
-16,44080572;-2,33298445
-16,43580572;0,46598175
-16,43080572;-0,93196350
-16,42580572;1,39948320
-16,42080572;0,00000000
-16,41580572;0,46598175
-16,41080572;0,00000000
-16,40580572;0,00000000
-16,40080572;0,00000000
-16,39580572;0,93196350
-16,39080572;0,46598175
-16,38580572;0,46598175
-16,38080572;0,00000000
-16,37580572;1,86546493
-16,37080572;0,46598175
-16,36580572;-0,46598175
-16,36080572;0,00000000
-16,35580572;-0,46598175
-16,35080572;0,00000000
-16,34580572;0,00000000
-16,34080572;0,00000000
-16,33580572;0,93196350
-16,33080572;0,46598175
-16,32580572;0,00000000
-16,32080572;-0,93196350
-16,31580572;-0,46598175
-16,31080572;-0,46598175
-16,30580572;-0,46598175
-16,30080572;0,46598175
-16,29580572;-0,46598175
-16,29080572;0,00000000
-16,28580572;0,93196350
-16,28080572;0,00000000
-16,27580572;0,00000000
-16,27080572;-0,46598175
-16,26580572;-0,46598175
-16,26080572;0,46598175
-16,25580572;-0,46598175
-16,25080572;0,46598175
-16,24580572;0,00000000
-16,24080572;0,00000000
-16,23580572;0,46598175
-16,23080572;-0,93196350
-16,22580573;0,00000000
-16,22080573;0,46598175
-16,21580573;0,00000000
-16,21080573;0,00000000
-16,20580573;0,00000000
-16,20080573;0,00000000
-16,19580573;0,00000000
-16,19080573;0,93196350
-16,18580573;0,46598175
-16,18080573;0,46598175
-16,17580573;0,93196350
-16,17080573;1,86546493
-16,16580573;0,00000000
-16,16080573;0,00000000
-16,15580573;-0,46598175
-16,15080573;-0,93196350
-16,14580573;0,93196350
-16,14080573;0,00000000
-16,13580573;0,46598175
-16,13080573;-0,93196350
-16,12580573;0,46598175
-16,12080573;-0,93196350
-16,11580573;0,00000000
-16,11080573;0,00000000
-16,10580573;-0,46598175
-16,10080573;-0,46598175
-16,09580573;0,00000000
-16,09080573;0,00000000
-16,08580573;0,93196350
-16,08080573;-0,46598175
-16,07580573;0,00000000
-16,07080573;0,00000000
-16,06580573;0,00000000
-16,06080573;0,00000000
-16,05580573;0,00000000
-16,05080573;0,00000000
-16,04580573;-0,46598175
-16,04080573;-0,46598175
-16,03580573;1,39948320
-16,03080573;19,13447189
-16,02580573;-0,46598175
-16,02080573;0,46598175
-16,01580573;0,46598175
-16,01080573;0,46598175
-16,00580573;0,46598175
-16,00080573;-0,93196350
-15,99580573;0,00000000
-15,99080573;0,00000000
-15,98580573;0,93196350
-15,98080573;0,00000000
-15,97580573;-0,46598175
-15,97080573;-0,46598175
-15,96580573;-0,46598175
-15,96080573;0,93196350
-15,95580573;0,46598175
-15,95080573;0,93196350
-15,94580573;0,93196350
-15,94080573;0,00000000
-15,93580573;0,00000000
-15,93080573;1,86546493
-15,92580573;0,46598175
-15,92080573;0,00000000
-15,91580573;0,93196350
-15,91080573;0,46598175
-15,90580573;0,46598175
-15,90080573;0,00000000
-15,89580573;-0,46598175
-15,89080573;0,46598175
-15,88580573;-0,93196350
-15,88080573;0,93196350
-15,87580573;0,46598175
-15,87080573;-0,46598175
-15,86580573;0,00000000
-15,86080573;-0,46598175
-15,85580573;0,00000000
-15,85080573;0,00000000
-15,84580573;0,46598175
-15,84080573;-0,46598175
-15,83580573;0,93196350
-15,83080574;-0,93196350
-15,82580574;0,46598175
-15,82080574;0,93196350
-15,81580574;0,00000000
-15,81080574;0,93196350
-15,80580574;0,46598175
-15,80080574;-0,46598175
-15,79580574;0,00000000
-15,79080574;0,00000000
-15,78580574;0,93196350
-15,78080574;0,46598175
-15,77580574;0,00000000
-15,77080574;0,46598175
-15,76580574;0,46598175
-15,76080574;0,00000000
-15,75580574;0,00000000
-15,75080574;-0,93196350
-15,74580574;-0,46598175
-15,74080574;-0,46598175
-15,73580574;0,00000000
-15,73080574;-0,46598175
-15,72580574;-0,46598175
-15,72080574;0,46598175
-15,71580574;0,46598175
-15,71080574;0,46598175
-15,70580574;0,00000000
-15,70080574;0,46598175
-15,69580574;0,00000000
-15,69080574;0,00000000
-15,68580574;0,00000000
-15,68080574;0,93196350
-15,67580574;0,00000000
-15,67080574;0,93196350
-15,66580574;0,46598175
-15,66080574;0,00000000
-15,65580574;-12,13398075
-15,65080574;0,00000000
-15,64580574;-0,46598175
-15,64080574;0,00000000
-15,63580574;0,46598175
-15,63080574;0,93196350
-15,62580574;0,93196350
-15,62080574;0,46598175
-15,61580574;0,00000000
-15,61080574;0,46598175
-15,60580574;0,46598175
-15,60080574;0,00000000
-15,59580574;0,46598175
-15,59080574;0,00000000
-15,58580574;0,93196350
-15,58080574;0,00000000
-15,57580574;0,93196350
-15,57080574;0,00000000
-15,56580574;-0,46598175
-15,56080574;0,00000000
-15,55580574;0,00000000
-15,55080574;0,46598175
-15,54580574;0,93196350
-15,54080574;0,00000000
-15,53580574;0,00000000
-15,53080574;0,00000000
-15,52580574;0,93196350
-15,52080574;0,46598175
-15,51580574;0,00000000
-15,51080574;0,93196350
-15,50580574;0,46598175
-15,50080574;0,00000000
-15,49580574;-0,93196350
-15,49080574;0,00000000
-15,48580574;-2,33298445
-15,48080574;0,00000000
-15,47580574;0,46598175
-15,47080574;0,00000000
-15,46580574;0,00000000
-15,46080574;0,00000000
-15,45580574;0,46598175
-15,45080574;0,93196350
-15,44580574;0,00000000
-15,44080574;0,46598175
-15,43580575;0,00000000
-15,43080575;0,46598175
-15,42580575;0,00000000
-15,42080575;0,00000000
-15,41580575;0,00000000
-15,41080575;-1,39948320
-15,40580575;0,00000000
-15,40080575;0,46598175
-15,39580575;0,46598175
-15,39080575;0,46598175
-15,38580575;0,46598175
-15,38080575;0,00000000
-15,37580575;-1,86546493
-15,37080575;0,00000000
-15,36580575;0,46598175
-15,36080575;-0,46598175
-15,35580575;0,93196350
-15,35080575;0,93196350
-15,34580575;0,46598175
-15,34080575;0,00000000
-15,33580575;0,00000000
-15,33080575;0,46598175
-15,32580575;-0,46598175
-15,32080575;0,46598175
-15,31580575;-0,93196350
-15,31080575;0,00000000
-15,30580575;0,46598175
-15,30080575;0,00000000
-15,29580575;0,93196350
-15,29080575;0,46598175
-15,28580575;0,00000000
-15,28080575;0,46598175
-15,27580575;0,46598175
-15,27080575;0,93196350
-15,26580575;0,46598175
-15,26080575;0,46598175
-15,25580575;0,46598175
-15,25080575;-0,93196350
-15,24580575;0,00000000
-15,24080575;0,46598175
-15,23580575;0,46598175
-15,23080575;0,46598175
-15,22580575;0,00000000
-15,22080575;-0,46598175
-15,21580575;9,33347607
-15,21080575;0,46598175
-15,20580575;-0,46598175
-15,20080575;0,00000000
-15,19580575;0,00000000
-15,19080575;-1,86546493
-15,18580575;0,00000000
-15,18080575;0,00000000
-15,17580575;-0,46598175
-15,17080575;0,46598175
-15,16580575;0,93196350
-15,16080575;0,93196350
-15,15580575;0,46598175
-15,15080575;0,00000000
-15,14580575;0,00000000
-15,14080575;0,00000000
-15,13580575;0,46598175
-15,13080575;1,39948320
-15,12580575;0,00000000
-15,12080575;0,46598175
-15,11580575;0,46598175
-15,11080575;0,00000000
-15,10580575;0,00000000
-15,10080575;0,46598175
-15,09580575;0,46598175
-15,09080575;0,00000000
-15,08580575;0,00000000
-15,08080575;0,00000000
-15,07580575;0,00000000
-15,07080575;-0,93196350
-15,06580575;0,00000000
-15,06080575;0,00000000
-15,05580575;0,00000000
-15,05080575;0,46598175
-15,04580575;0,00000000
-15,04080576;-0,46598175
-15,03580576;0,93196350
-15,03080576;-0,46598175
-15,02580576;-0,46598175
-15,02080576;0,46598175
-15,01580576;0,00000000
-15,01080576;0,46598175
-15,00580576;-0,46598175
-15,00080576;0,00000000
-14,99580576;0,46598175
-14,99080576;0,93196350
-14,98580576;-0,93196350
-14,98080576;0,46598175
-14,97580576;-1,39948320
-14,97080576;0,00000000
-14,96580576;0,46598175
-14,96080576;0,93196350
-14,95580576;0,93196350
-14,95080576;0,00000000
-14,94580576;0,00000000
-14,94080576;-1,39948320
-14,93580576;1,39948320
-14,93080576;-0,46598175
-14,92580576;0,00000000
-14,92080576;0,00000000
-14,91580576;0,00000000
-14,91080576;-0,46598175
-14,90580576;-0,46598175
-14,90080576;-0,46598175
-14,89580576;0,00000000
-14,89080576;0,00000000
-14,88580576;0,46598175
-14,88080576;0,93196350
-14,87580576;-0,93196350
-14,87080576;-0,46598175
-14,86580576;0,00000000
-14,86080576;-0,46598175
-14,85580576;0,46598175
-14,85080576;0,00000000
-14,84580576;0,46598175
-14,84080576;0,46598175
-14,83580576;0,93196350
-14,83080576;0,00000000
-14,82580576;0,00000000
-14,82080576;0,00000000
-14,81580576;0,00000000
-14,81080576;0,46598175
-14,80580576;0,46598175
-14,80080576;0,00000000
-14,79580576;0,46598175
-14,79080576;-0,46598175
-14,78580576;0,00000000
-14,78080576;0,00000000
-14,77580576;1,39948320
-14,77080576;0,00000000
-14,76580576;0,00000000
-14,76080576;0,46598175
-14,75580576;0,00000000
-14,75080576;0,46598175
-14,74580576;0,46598175
-14,74080576;0,46598175
-14,73580576;-1,39948320
-14,73080576;0,00000000
-14,72580576;0,93196350
-14,72080576;0,00000000
-14,71580576;0,46598175
-14,71080576;0,00000000
-14,70580576;0,00000000
-14,70080576;0,46598175
-14,69580576;-0,46598175
-14,69080576;0,00000000
-14,68580576;0,93196350
-14,68080576;0,00000000
-14,67580576;0,00000000
-14,67080576;0,93196350
-14,66580576;-0,46598175
-14,66080576;0,00000000
-14,65580576;0,93196350
-14,65080576;-2,79896641
-14,64580577;0,00000000
-14,64080577;0,00000000
-14,63580577;0,93196350
-14,63080577;0,00000000
-14,62580577;0,00000000
-14,62080577;0,00000000
-14,61580577;0,93196350
-14,61080577;0,00000000
-14,60580577;0,00000000
-14,60080577;0,00000000
-14,59580577;0,46598175
-14,59080577;0,00000000
-14,58580577;0,46598175
-14,58080577;0,00000000
-14,57580577;0,46598175
-14,57080577;1,39948320
-14,56580577;-0,93196350
-14,56080577;0,00000000
-14,55580577;-0,46598175
-14,55080577;0,46598175
-14,54580577;0,46598175
-14,54080577;0,00000000
-14,53580577;0,46598175
-14,53080577;1,39948320
-14,52580577;0,46598175
-14,52080577;0,00000000
-14,51580577;0,46598175
-14,51080577;0,46598175
-14,50580577;0,00000000
-14,50080577;0,00000000
-14,49580577;0,46598175
-14,49080577;0,46598175
-14,48580577;0,00000000
-14,48080577;0,00000000
-14,47580577;0,00000000
-14,47080577;0,46598175
-14,46580577;-0,46598175
-14,46080577;-0,93196350
-14,45580577;0,46598175
-14,45080577;0,00000000
-14,44580577;0,00000000
-14,44080577;0,00000000
-14,43580577;0,00000000
-14,43080577;0,46598175
-14,42580577;0,46598175
-14,42080577;0,93196350
-14,41580577;0,00000000
-14,41080577;0,00000000
-14,40580577;0,00000000
-14,40080577;0,00000000
-14,39580577;-1,39948320
-14,39080577;0,00000000
-14,38580577;0,46598175
-14,38080577;0,00000000
-14,37580577;0,93196350
-14,37080577;0,46598175
-14,36580577;0,00000000
-14,36080577;0,46598175
-14,35580577;1,39948320
-14,35080577;0,00000000
-14,34580577;0,00000000
-14,34080577;0,46598175
-14,33580577;-0,46598175
-14,33080577;0,93196350
-14,32580577;0,46598175
-14,32080577;0,00000000
-14,31580577;-0,46598175
-14,31080577;0,93196350
-14,30580577;-3,73246789
-14,30080577;0,46598175
-14,29580577;0,46598175
-14,29080577;0,93196350
-14,28580577;-0,46598175
-14,28080577;0,00000000
-14,27580577;0,00000000
-14,27080577;-0,46598175
-14,26580577;1,39948320
-14,26080577;-1,39948320
-14,25580577;0,00000000
-14,25080577;0,46598175
-14,24580578;-0,93196350
-14,24080578;0,46598175
-14,23580578;0,00000000
-14,23080578;0,46598175
-14,22580578;0,00000000
-14,22080578;0,00000000
-14,21580578;0,93196350
-14,21080578;-0,46598175
-14,20580578;0,46598175
-14,20080578;0,00000000
-14,19580578;0,46598175
-14,19080578;-0,93196350
-14,18580578;0,00000000
-14,18080578;-0,93196350
-14,17580578;0,00000000
-14,17080578;0,46598175
-14,16580578;0,00000000
-14,16080578;0,00000000
-14,15580578;0,00000000
-14,15080578;0,93196350
-14,14580578;1,39948320
-14,14080578;0,00000000
-14,13580578;-0,93196350
-14,13080578;0,46598175
-14,12580578;0,00000000
-14,12080578;0,46598175
-14,11580578;0,46598175
-14,11080578;0,46598175
-14,10580578;-0,46598175
-14,10080578;-0,46598175
-14,09580578;0,00000000
-14,09080578;0,46598175
-14,08580578;-0,46598175
-14,08080578;0,00000000
-14,07580578;0,46598175
-14,07080578;0,93196350
-14,06580578;0,00000000
-14,06080578;0,00000000
-14,05580578;0,93196350
-14,05080578;0,46598175
-14,04580578;0,00000000
-14,04080578;0,93196350
-14,03580578;0,00000000
-14,03080578;0,00000000
-14,02580578;-0,93196350
-14,02080578;0,00000000
-14,01580578;0,00000000
-14,01080578;0,00000000
-14,00580578;0,00000000
-14,00080578;0,46598175
-13,99580578;0,00000000
-13,99080578;0,00000000
-13,98580578;0,00000000
-13,98080578;0,00000000
-13,97580578;0,46598175
-13,97080578;2,79896641
-13,96580578;-0,46598175
-13,96080578;0,46598175
-13,95580578;0,46598175
-13,95080578;0,46598175
-13,94580578;1,39948320
-13,94080578;0,00000000
-13,93580578;0,46598175
-13,93080578;-0,46598175
-13,92580578;0,00000000
-13,92080578;0,00000000
-13,91580578;0,00000000
-13,91080578;0,00000000
-13,90580578;0,00000000
-13,90080578;1,39948320
-13,89580578;0,46598175
-13,89080578;0,93196350
-13,88580578;0,00000000
-13,88080578;0,93196350
-13,87580578;0,46598175
-13,87080578;0,00000000
-13,86580578;0,00000000
-13,86080578;0,00000000
-13,85580578;0,46598175
-13,85080579;0,00000000
-13,84580579;0,46598175
-13,84080579;0,00000000
-13,83580579;-0,46598175
-13,83080579;0,46598175
-13,82580579;-0,93196350
-13,82080579;0,00000000
-13,81580579;-0,46598175
-13,81080579;0,00000000
-13,80580579;0,00000000
-13,80080579;-0,46598175
-13,79580579;0,00000000
-13,79080579;0,93196350
-13,78580579;-0,46598175
-13,78080579;0,00000000
-13,77580579;2,33298445
-13,77080579;0,93196350
-13,76580579;0,00000000
-13,76080579;-0,46598175
-13,75580579;0,00000000
-13,75080579;0,93196350
-13,74580579;-0,46598175
-13,74080579;-0,46598175
-13,73580579;-0,46598175
-13,73080579;0,00000000
-13,72580579;0,46598175
-13,72080579;-0,93196350
-13,71580579;0,46598175
-13,71080579;0,46598175
-13,70580579;0,93196350
-13,70080579;0,00000000
-13,69580579;0,00000000
-13,69080579;0,46598175
-13,68580579;0,46598175
-13,68080579;0,93196350
-13,67580579;0,00000000
-13,67080579;0,00000000
-13,66580579;0,00000000
-13,66080579;0,00000000
-13,65580579;0,00000000
-13,65080579;0,00000000
-13,64580579;0,46598175
-13,64080579;0,00000000
-13,63580579;0,93196350
-13,63080579;-0,46598175
-13,62580579;0,00000000
-13,62080579;0,46598175
-13,61580579;0,46598175
-13,61080579;0,00000000
-13,60580579;0,46598175
-13,60080579;-15,40046692
-13,59580579;0,93196350
-13,59080579;0,00000000
-13,58580579;0,46598175
-13,58080579;0,00000000
-13,57580579;0,93196350
-13,57080579;0,00000000
-13,56580579;0,93196350
-13,56080579;-0,93196350
-13,55580579;0,00000000
-13,55080579;0,00000000
-13,54580579;-0,46598175
-13,54080579;0,93196350
-13,53580579;0,46598175
-13,53080579;0,00000000
-13,52580579;0,93196350
-13,52080579;0,46598175
-13,51580579;0,93196350
-13,51080579;-0,46598175
-13,50580579;0,93196350
-13,50080579;0,46598175
-13,49580579;0,93196350
-13,49080579;0,46598175
-13,48580579;-0,46598175
-13,48080579;-0,93196350
-13,47580579;0,46598175
-13,47080579;0,46598175
-13,46580579;0,46598175
-13,46080579;0,00000000
-13,45580580;0,46598175
-13,45080580;0,46598175
-13,44580580;0,00000000
-13,44080580;0,00000000
-13,43580580;-0,46598175
-13,43080580;-0,46598175
-13,42580580;0,46598175
-13,42080580;0,46598175
-13,41580580;-0,93196350
-13,41080580;-0,93196350
-13,40580580;0,00000000
-13,40080580;0,00000000
-13,39580580;0,46598175
-13,39080580;0,00000000
-13,38580580;0,46598175
-13,38080580;0,46598175
-13,37580580;0,00000000
-13,37080580;0,46598175
-13,36580580;0,00000000
-13,36080580;-0,93196350
-13,35580580;-0,46598175
-13,35080580;0,00000000
-13,34580580;0,00000000
-13,34080580;-0,46598175
-13,33580580;-0,46598175
-13,33080580;0,46598175
-13,32580580;0,93196350
-13,32080580;0,46598175
-13,31580580;0,00000000
-13,31080580;0,93196350
-13,30580580;0,00000000
-13,30080580;-0,93196350
-13,29580580;0,00000000
-13,29080580;0,46598175
-13,28580580;0,00000000
-13,28080580;0,46598175
-13,27580580;-0,46598175
-13,27080580;-0,46598175
-13,26580580;0,00000000
-13,26080580;0,46598175
-13,25580580;-0,46598175
-13,25080580;-0,93196350
-13,24580580;0,00000000
-13,24080580;0,00000000
-13,23580580;0,46598175
-13,23080580;-0,46598175
-13,22580580;0,00000000
-13,22080580;0,46598175
-13,21580580;0,46598175
-13,21080580;0,00000000
-13,20580580;0,00000000
-13,20080580;-0,46598175
-13,19580580;0,00000000
-13,19080580;0,00000000
-13,18580580;-0,46598175
-13,18080580;0,46598175
-13,17580580;0,93196350
-13,17080580;2,33298445
-13,16580580;-0,46598175
-13,16080580;0,00000000
-13,15580580;0,00000000
-13,15080580;-0,93196350
-13,14580580;0,00000000
-13,14080580;0,00000000
-13,13580580;0,46598175
-13,13080580;0,00000000
-13,12580580;0,46598175
-13,12080580;0,93196350
-13,11580580;0,46598175
-13,11080580;0,00000000
-13,10580580;-0,46598175
-13,10080580;0,00000000
-13,09580580;-0,46598175
-13,09080580;0,00000000
-13,08580580;0,00000000
-13,08080580;0,46598175
-13,07580580;0,93196350
-13,07080580;0,46598175
-13,06580580;0,00000000
-13,06080581;0,00000000
-13,05580581;0,00000000
-13,05080581;0,46598175
-13,04580581;0,46598175
-13,04080581;-0,46598175
-13,03580581;0,00000000
-13,03080581;9,33347607
-13,02580581;0,93196350
-13,02080581;0,46598175
-13,01580581;0,46598175
-13,01080581;-0,93196350
-13,00580581;0,46598175
-13,00080581;0,00000000
-12,99580581;0,00000000
-12,99080581;0,46598175
-12,98580581;-0,46598175
-12,98080581;-0,46598175
-12,97580581;0,46598175
-12,97080581;-1,39948320
-12,96580581;0,00000000
-12,96080581;-1,86546493
-12,95580581;0,46598175
-12,95080581;-0,46598175
-12,94580581;0,93196350
-12,94080581;0,00000000
-12,93580581;0,00000000
-12,93080581;-2,33298445
-12,92580581;-0,46598175
-12,92080581;0,00000000
-12,91580581;0,46598175
-12,91080581;-0,46598175
-12,90580581;0,00000000
-12,90080581;0,46598175
-12,89580581;-1,86546493
-12,89080581;2,33298445
-12,88580581;0,00000000
-12,88080581;0,00000000
-12,87580581;0,00000000
-12,87080581;-0,46598175
-12,86580581;0,46598175
-12,86080581;-0,46598175
-12,85580581;0,46598175
-12,85080581;-0,93196350
-12,84580581;0,46598175
-12,84080581;0,46598175
-12,83580581;1,39948320
-12,83080581;0,46598175
-12,82580581;-2,33298445
-12,82080581;0,93196350
-12,81580581;-0,46598175
-12,81080581;0,46598175
-12,80580581;0,46598175
-12,80080581;0,46598175
-12,79580581;-0,46598175
-12,79080581;1,39948320
-12,78580581;0,00000000
-12,78080581;0,46598175
-12,77580581;-0,46598175
-12,77080581;0,00000000
-12,76580581;0,46598175
-12,76080581;0,46598175
-12,75580581;2,33298445
-12,75080581;0,46598175
-12,74580581;0,00000000
-12,74080581;0,46598175
-12,73580581;0,46598175
-12,73080581;0,93196350
-12,72580581;0,00000000
-12,72080581;11,66799831
-12,71580581;-0,46598175
-12,71080581;0,00000000
-12,70580581;0,93196350
-12,70080581;0,00000000
-12,69580581;0,00000000
-12,69080581;-0,46598175
-12,68580581;0,00000000
-12,68080581;0,46598175
-12,67580581;0,00000000
-12,67080581;0,46598175
-12,66580582;-0,46598175
-12,66080582;0,93196350
-12,65580582;0,00000000
-12,65080582;0,00000000
-12,64580582;0,46598175
-12,64080582;-0,46598175
-12,63580582;-0,46598175
-12,63080582;0,46598175
-12,62580582;-0,46598175
-12,62080582;-1,86546493
-12,61580582;0,00000000
-12,61080582;0,46598175
-12,60580582;0,93196350
-12,60080582;0,00000000
-12,59580582;0,46598175
-12,59080582;0,00000000
-12,58580582;0,00000000
-12,58080582;0,46598175
-12,57580582;0,46598175
-12,57080582;0,00000000
-12,56580582;-0,46598175
-12,56080582;1,39948320
-12,55580582;1,39948320
-12,55080582;-0,93196350
-12,54580582;0,46598175
-12,54080582;0,46598175
-12,53580582;-0,93196350
-12,53080582;0,00000000
-12,52580582;-0,46598175
-12,52080582;-0,46598175
-12,51580582;0,00000000
-12,51080582;0,46598175
-12,50580582;0,00000000
-12,50080582;0,46598175
-12,49580582;0,00000000
-12,49080582;-1,86546493
-12,48580582;0,46598175
-12,48080582;0,00000000
-12,47580582;0,00000000
-12,47080582;0,46598175
-12,46580582;0,46598175
-12,46080582;-0,46598175
-12,45580582;0,93196350
-12,45080582;-0,93196350
-12,44580582;1,39948320
-12,44080582;0,93196350
-12,43580582;0,46598175
-12,43080582;0,46598175
-12,42580582;0,93196350
-12,42080582;-0,46598175
-12,41580582;0,93196350
-12,41080582;-0,46598175
-12,40580582;0,00000000
-12,40080582;0,46598175
-12,39580582;0,93196350
-12,39080582;-15,40046692
-12,38580582;-0,46598175
-12,38080582;0,00000000
-12,37580582;0,00000000
-12,37080582;-0,46598175
-12,36580582;0,00000000
-12,36080582;-1,39948320
-12,35580582;0,46598175
-12,35080582;0,46598175
-12,34580582;0,00000000
-12,34080582;0,46598175
-12,33580582;-0,93196350
-12,33080582;0,46598175
-12,32580582;-0,46598175
-12,32080582;0,00000000
-12,31580582;0,46598175
-12,31080582;0,00000000
-12,30580582;0,46598175
-12,30080582;0,46598175
-12,29580582;0,46598175
-12,29080582;0,93196350
-12,28580582;-0,93196350
-12,28080582;0,46598175
-12,27580582;0,00000000
-12,27080583;0,00000000
-12,26580583;0,46598175
-12,26080583;-0,46598175
-12,25580583;0,00000000
-12,25080583;0,46598175
-12,24580583;-0,46598175
-12,24080583;0,93196350
-12,23580583;0,46598175
-12,23080583;0,46598175
-12,22580583;0,00000000
-12,22080583;0,00000000
-12,21580583;0,46598175
-12,21080583;0,00000000
-12,20580583;0,00000000
-12,20080583;0,00000000
-12,19580583;-0,46598175
-12,19080583;0,46598175
-12,18580583;0,00000000
-12,18080583;0,46598175
-12,17580583;0,93196350
-12,17080583;0,00000000
-12,16580583;0,00000000
-12,16080583;0,00000000
-12,15580583;0,00000000
-12,15080583;0,00000000
-12,14580583;0,00000000
-12,14080583;-0,93196350
-12,13580583;0,93196350
-12,13080583;0,93196350
-12,12580583;0,46598175
-12,12080583;0,00000000
-12,11580583;0,93196350
-12,11080583;0,00000000
-12,10580583;-0,46598175
-12,10080583;0,00000000
-12,09580583;0,46598175
-12,09080583;0,46598175
-12,08580583;-0,46598175
-12,08080583;0,46598175
-12,07580583;0,46598175
-12,07080583;-0,46598175
-12,06580583;-0,46598175
-12,06080583;-0,93196350
-12,05580583;0,46598175
-12,05080583;0,46598175
-12,04580583;0,46598175
-12,04080583;0,00000000
-12,03580583;0,46598175
-12,03080583;0,46598175
-12,02580583;0,46598175
-12,02080583;0,00000000
-12,01580583;0,00000000
-12,01080583;0,46598175
-12,00580583;0,00000000
-12,00080583;-0,46598175
-11,99580583;0,93196350
-11,99080583;-0,46598175
-11,98580583;0,93196350
-11,98080583;0,00000000
-11,97580583;0,46598175
-11,97080583;0,00000000
-11,96580583;-0,46598175
-11,96080583;0,00000000
-11,95580583;-0,46598175
-11,95080583;-0,93196350
-11,94580583;0,00000000
-11,94080583;-0,93196350
-11,93580583;0,46598175
-11,93080583;0,00000000
-11,92580583;0,00000000
-11,92080583;0,00000000
-11,91580583;0,00000000
-11,91080583;0,00000000
-11,90580583;0,46598175
-11,90080583;0,00000000
-11,89580583;0,00000000
-11,89080583;0,00000000
-11,88580583;0,46598175
-11,88080583;0,00000000
-11,87580583;-0,46598175
-11,87080584;0,00000000
-11,86580584;-0,46598175
-11,86080584;0,93196350
-11,85580584;-0,46598175
-11,85080584;-0,46598175
-11,84580584;-0,46598175
-11,84080584;0,93196350
-11,83580584;-0,93196350
-11,83080584;0,93196350
-11,82580584;-0,46598175
-11,82080584;0,46598175
-11,81580584;0,00000000
-11,81080584;0,46598175
-11,80580584;0,00000000
-11,80080584;0,93196350
-11,79580584;0,00000000
-11,79080584;0,46598175
-11,78580584;0,00000000
-11,78080584;0,00000000
-11,77580584;0,00000000
-11,77080584;0,46598175
-11,76580584;0,93196350
-11,76080584;0,46598175
-11,75580584;0,00000000
-11,75080584;-1,86546493
-11,74580584;0,00000000
-11,74080584;0,00000000
-11,73580584;0,46598175
-11,73080584;-0,46598175
-11,72580584;0,46598175
-11,72080584;0,46598175
-11,71580584;0,46598175
-11,71080584;0,46598175
-11,70580584;0,46598175
-11,70080584;0,46598175
-11,69580584;0,00000000
-11,69080584;-0,46598175
-11,68580584;0,00000000
-11,68080584;0,00000000
-11,67580584;0,00000000
-11,67080584;0,46598175
-11,66580584;0,00000000
-11,66080584;0,46598175
-11,65580584;0,46598175
-11,65080584;0,00000000
-11,64580584;-0,46598175
-11,64080584;0,00000000
-11,63580584;0,00000000
-11,63080584;0,00000000
-11,62580584;0,46598175
-11,62080584;0,00000000
-11,61580584;0,00000000
-11,61080584;-0,46598175
-11,60580584;0,00000000
-11,60080584;0,00000000
-11,59580584;0,00000000
-11,59080584;0,46598175
-11,58580584;2,33298445
-11,58080584;0,46598175
-11,57580584;-0,46598175
-11,57080584;-0,93196350
-11,56580584;1,39948320
-11,56080584;0,00000000
-11,55580584;0,93196350
-11,55080584;0,00000000
-11,54580584;-0,93196350
-11,54080584;-0,46598175
-11,53580584;-0,46598175
-11,53080584;0,00000000
-11,52580584;0,46598175
-11,52080584;0,00000000
-11,51580584;0,00000000
-11,51080584;-0,46598175
-11,50580584;-0,46598175
-11,50080584;0,46598175
-11,49580584;-0,46598175
-11,49080584;12,13398075
-11,48580584;0,46598175
-11,48080584;0,00000000
-11,47580585;0,46598175
-11,47080585;0,00000000
-11,46580585;-0,46598175
-11,46080585;-0,93196350
-11,45580585;0,46598175
-11,45080585;0,00000000
-11,44580585;0,46598175
-11,44080585;0,46598175
-11,43580585;0,46598175
-11,43080585;-0,46598175
-11,42580585;0,93196350
-11,42080585;0,46598175
-11,41580585;0,46598175
-11,41080585;0,46598175
-11,40580585;-0,46598175
-11,40080585;-0,46598175
-11,39580585;0,00000000
-11,39080585;0,93196350
-11,38580585;1,39948320
-11,38080585;0,46598175
-11,37580585;-0,46598175
-11,37080585;-0,93196350
-11,36580585;0,46598175
-11,36080585;2,33298445
-11,35580585;-0,46598175
-11,35080585;-0,46598175
-11,34580585;0,00000000
-11,34080585;-0,93196350
-11,33580585;0,46598175
-11,33080585;0,00000000
-11,32580585;0,00000000
-11,32080585;0,00000000
-11,31580585;0,93196350
-11,31080585;0,46598175
-11,30580585;0,93196350
-11,30080585;0,00000000
-11,29580585;0,46598175
-11,29080585;0,46598175
-11,28580585;0,00000000
-11,28080585;0,00000000
-11,27580585;0,93196350
-11,27080585;0,46598175
-11,26580585;0,93196350
-11,26080585;-0,93196350
-11,25580585;0,46598175
-11,25080585;0,00000000
-11,24580585;0,46598175
-11,24080585;0,93196350
-11,23580585;0,93196350
-11,23080585;0,00000000
-11,22580585;0,93196350
-11,22080585;0,00000000
-11,21580585;0,46598175
-11,21080585;0,00000000
-11,20580585;0,46598175
-11,20080585;0,00000000
-11,19580585;0,00000000
-11,19080585;-0,93196350
-11,18580585;0,93196350
-11,18080585;-0,46598175
-11,17580585;0,46598175
-11,17080585;0,93196350
-11,16580585;0,00000000
-11,16080585;1,39948320
-11,15580585;0,00000000
-11,15080585;0,00000000
-11,14580585;1,39948320
-11,14080585;-0,46598175
-11,13580585;0,00000000
-11,13080585;0,46598175
-11,12580585;0,46598175
-11,12080585;-0,93196350
-11,11580585;0,46598175
-11,11080585;0,00000000
-11,10580585;0,00000000
-11,10080585;0,00000000
-11,09580585;-0,46598175
-11,09080585;0,00000000
-11,08580585;0,46598175
-11,08080586;0,00000000
-11,07580586;0,46598175
-11,07080586;0,00000000
-11,06580586;0,46598175
-11,06080586;0,00000000
-11,05580586;0,93196350
-11,05080586;0,00000000
-11,04580586;0,00000000
-11,04080586;0,00000000
-11,03580586;0,00000000
-11,03080586;0,46598175
-11,02580586;0,00000000
-11,02080586;0,46598175
-11,01580586;0,46598175
-11,01080586;0,00000000
-11,00580586;1,39948320
-11,00080586;0,00000000
-10,99580586;0,46598175
-10,99080586;-0,93196350
-10,98580586;0,00000000
-10,98080586;1,39948320
-10,97580586;0,46598175
-10,97080586;0,00000000
-10,96580586;0,46598175
-10,96080586;0,00000000
-10,95580586;-0,46598175
-10,95080586;0,00000000
-10,94580586;0,46598175
-10,94080586;0,00000000
-10,93580586;0,46598175
-10,93080586;0,93196350
-10,92580586;0,00000000
-10,92080586;0,00000000
-10,91580586;0,46598175
-10,91080586;0,00000000
-10,90580586;0,00000000
-10,90080586;0,46598175
-10,89580586;0,46598175
-10,89080586;0,46598175
-10,88580586;-0,46598175
-10,88080586;-0,46598175
-10,87580586;0,00000000
-10,87080586;0,00000000
-10,86580586;0,46598175
-10,86080586;0,46598175
-10,85580586;-0,93196350
-10,85080586;0,00000000
-10,84580586;0,00000000
-10,84080586;0,00000000
-10,83580586;-0,46598175
-10,83080586;0,93196350
-10,82580586;-0,93196350
-10,82080586;0,00000000
-10,81580586;0,00000000
-10,81080586;0,46598175
-10,80580586;0,00000000
-10,80080586;0,00000000
-10,79580586;-1,39948320
-10,79080586;0,46598175
-10,78580586;-0,46598175
-10,78080586;0,93196350
-10,77580586;0,46598175
-10,77080586;0,46598175
-10,76580586;1,39948320
-10,76080586;1,86546493
-10,75580586;-0,93196350
-10,75080586;0,00000000
-10,74580586;0,46598175
-10,74080586;0,00000000
-10,73580586;0,93196350
-10,73080586;0,00000000
-10,72580586;0,93196350
-10,72080586;0,46598175
-10,71580586;0,00000000
-10,71080586;0,00000000
-10,70580586;-0,46598175
-10,70080586;0,00000000
-10,69580586;0,00000000
-10,69080586;0,46598175
-10,68580587;0,46598175
-10,68080587;-0,93196350
-10,67580587;0,00000000
-10,67080587;0,00000000
-10,66580587;-0,46598175
-10,66080587;0,46598175
-10,65580587;0,00000000
-10,65080587;0,46598175
-10,64580587;0,00000000
-10,64080587;0,46598175
-10,63580587;0,46598175
-10,63080587;0,00000000
-10,62580587;0,00000000
-10,62080587;0,00000000
-10,61580587;0,46598175
-10,61080587;0,00000000
-10,60580587;0,00000000
-10,60080587;0,46598175
-10,59580587;0,00000000
-10,59080587;0,00000000
-10,58580587;-0,46598175
-10,58080587;0,46598175
-10,57580587;0,46598175
-10,57080587;0,46598175
-10,56580587;0,00000000
-10,56080587;0,46598175
-10,55580587;0,93196350
-10,55080587;0,00000000
-10,54580587;0,93196350
-10,54080587;0,46598175
-10,53580587;0,00000000
-10,53080587;0,00000000
-10,52580587;0,46598175
-10,52080587;0,00000000
-10,51580587;0,00000000
-10,51080587;0,00000000
-10,50580587;0,46598175
-10,50080587;-0,46598175
-10,49580587;-0,46598175
-10,49080587;0,00000000
-10,48580587;0,46598175
-10,48080587;0,00000000
-10,47580587;0,00000000
-10,47080587;0,00000000
-10,46580587;0,46598175
-10,46080587;0,00000000
-10,45580587;-0,46598175
-10,45080587;0,00000000
-10,44580587;0,93196350
-10,44080587;0,00000000
-10,43580587;0,46598175
-10,43080587;0,46598175
-10,42580587;0,46598175
-10,42080587;0,46598175
-10,41580587;0,00000000
-10,41080587;0,46598175
-10,40580587;-0,46598175
-10,40080587;-0,46598175
-10,39580587;-0,46598175
-10,39080587;0,00000000
-10,38580587;-0,46598175
-10,38080587;-0,93196350
-10,37580587;0,00000000
-10,37080587;0,46598175
-10,36580587;-0,46598175
-10,36080587;-0,46598175
-10,35580587;-0,46598175
-10,35080587;0,00000000
-10,34580587;0,00000000
-10,34080587;-1,39948320
-10,33580587;0,46598175
-10,33080587;0,00000000
-10,32580587;0,46598175
-10,32080587;0,93196350
-10,31580587;0,46598175
-10,31080587;0,00000000
-10,30580587;1,39948320
-10,30080587;-0,93196350
-10,29580587;0,46598175
-10,29080588;0,00000000
-10,28580588;0,00000000
-10,28080588;0,46598175
-10,27580588;0,00000000
-10,27080588;0,46598175
-10,26580588;-0,93196350
-10,26080588;0,00000000
-10,25580588;0,46598175
-10,25080588;0,46598175
-10,24580588;0,00000000
-10,24080588;0,46598175
-10,23580588;0,00000000
-10,23080588;0,00000000
-10,22580588;0,46598175
-10,22080588;0,00000000
-10,21580588;-0,46598175
-10,21080588;-0,46598175
-10,20580588;0,00000000
-10,20080588;0,00000000
-10,19580588;0,46598175
-10,19080588;0,00000000
-10,18580588;0,00000000
-10,18080588;0,46598175
-10,17580588;-0,46598175
-10,17080588;0,46598175
-10,16580588;0,46598175
-10,16080588;0,93196350
-10,15580588;0,46598175
-10,15080588;0,46598175
-10,14580588;0,93196350
-10,14080588;0,00000000
-10,13580588;0,00000000
-10,13080588;-0,93196350
-10,12580588;-0,46598175
-10,12080588;0,46598175
-10,11580588;0,46598175
-10,11080588;0,00000000
-10,10580588;0,00000000
-10,10080588;0,00000000
-10,09580588;-0,46598175
-10,09080588;-0,46598175
-10,08580588;0,00000000
-10,08080588;0,46598175
-10,07580588;0,46598175
-10,07080588;-0,46598175
-10,06580588;-0,46598175
-10,06080588;0,00000000
-10,05580588;-0,93196350
-10,05080588;-0,46598175
-10,04580588;-13,53500175
-10,04080588;-0,93196350
-10,03580588;0,00000000
-10,03080588;0,00000000
-10,02580588;0,00000000
-10,02080588;-0,46598175
-10,01580588;0,93196350
-10,01080588;0,00000000
-10,00580588;0,00000000
-10,00080588;0,00000000
-9,99580588;0,46598175
-9,99080588;-1,39948320
-9,98580588;0,93196350
-9,98080588;0,00000000
-9,97580588;0,46598175
-9,97080588;-0,46598175
-9,96580588;0,00000000
-9,96080588;1,39948320
-9,95580588;0,00000000
-9,95080588;0,00000000
-9,94580588;0,00000000
-9,94080588;-0,93196350
-9,93580588;-0,93196350
-9,93080588;0,00000000
-9,92580588;0,00000000
-9,92080588;-0,46598175
-9,91580588;0,46598175
-9,91080588;-0,46598175
-9,90580588;0,46598175
-9,90080588;0,46598175
-9,89580589;-0,46598175
-9,89080589;0,46598175
-9,88580589;0,46598175
-9,88080589;-0,46598175
-9,87580589;0,00000000
-9,87080589;0,00000000
-9,86580589;0,46598175
-9,86080589;-0,46598175
-9,85580589;0,00000000
-9,85080589;0,46598175
-9,84580589;0,00000000
-9,84080589;0,46598175
-9,83580589;-1,86546493
-9,83080589;0,46598175
-9,82580589;0,00000000
-9,82080589;0,00000000
-9,81580589;0,00000000
-9,81080589;0,00000000
-9,80580589;0,00000000
-9,80080589;-0,46598175
-9,79580589;0,00000000
-9,79080589;0,46598175
-9,78580589;0,00000000
-9,78080589;-0,46598175
-9,77580589;-0,46598175
-9,77080589;0,00000000
-9,76580589;0,00000000
-9,76080589;0,00000000
-9,75580589;-0,93196350
-9,75080589;0,46598175
-9,74580589;-0,93196350
-9,74080589;0,46598175
-9,73580589;0,00000000
-9,73080589;-0,93196350
-9,72580589;0,00000000
-9,72080589;0,00000000
-9,71580589;0,46598175
-9,71080589;-0,46598175
-9,70580589;0,00000000
-9,70080589;0,00000000
-9,69580589;0,46598175
-9,69080589;0,00000000
-9,68580589;0,00000000
-9,68080589;0,46598175
-9,67580589;0,46598175
-9,67080589;0,93196350
-9,66580589;-0,46598175
-9,66080589;0,00000000
-9,65580589;0,46598175
-9,65080589;0,46598175
-9,64580589;0,00000000
-9,64080589;0,00000000
-9,63580589;0,46598175
-9,63080589;0,00000000
-9,62580589;-0,46598175
-9,62080589;0,00000000
-9,61580589;-0,46598175
-9,61080589;0,00000000
-9,60580589;-0,46598175
-9,60080589;0,46598175
-9,59580589;-0,46598175
-9,59080589;-0,46598175
-9,58580589;0,00000000
-9,58080589;0,93196350
-9,57580589;0,46598175
-9,57080589;0,00000000
-9,56580589;0,46598175
-9,56080589;-0,93196350
-9,55580589;0,00000000
-9,55080589;0,46598175
-9,54580589;0,93196350
-9,54080589;-1,86546493
-9,53580589;0,46598175
-9,53080589;0,00000000
-9,52580589;0,46598175
-9,52080589;-0,46598175
-9,51580589;0,46598175
-9,51080589;0,00000000
-9,50580589;0,00000000
-9,50080589;0,46598175
-9,49580590;0,46598175
-9,49080590;0,00000000
-9,48580590;-0,46598175
-9,48080590;0,00000000
-9,47580590;0,46598175
-9,47080590;0,00000000
-9,46580590;-0,46598175
-9,46080590;-0,46598175
-9,45580590;0,93196350
-9,45080590;0,46598175
-9,44580590;0,00000000
-9,44080590;-0,46598175
-9,43580590;0,00000000
-9,43080590;0,00000000
-9,42580590;0,00000000
-9,42080590;0,46598175
-9,41580590;0,00000000
-9,41080590;0,00000000
-9,40580590;-0,46598175
-9,40080590;0,00000000
-9,39580590;0,46598175
-9,39080590;-0,46598175
-9,38580590;0,00000000
-9,38080590;0,00000000
-9,37580590;0,00000000
-9,37080590;-0,46598175
-9,36580590;0,00000000
-9,36080590;0,46598175
-9,35580590;0,00000000
-9,35080590;-0,46598175
-9,34580590;2,33298445
-9,34080590;0,46598175
-9,33580590;0,00000000
-9,33080590;0,46598175
-9,32580590;-0,46598175
-9,32080590;0,46598175
-9,31580590;-0,46598175
-9,31080590;0,00000000
-9,30580590;0,00000000
-9,30080590;0,00000000
-9,29580590;0,46598175
-9,29080590;-0,46598175
-9,28580590;0,00000000
-9,28080590;0,93196350
-9,27580590;0,00000000
-9,27080590;0,46598175
-9,26580590;0,00000000
-9,26080590;-0,46598175
-9,25580590;0,00000000
-9,25080590;-0,46598175
-9,24580590;0,46598175
-9,24080590;0,46598175
-9,23580590;-0,46598175
-9,23080590;-0,46598175
-9,22580590;0,46598175
-9,22080590;0,00000000
-9,21580590;0,46598175
-9,21080590;0,00000000
-9,20580590;0,00000000
-9,20080590;0,46598175
-9,19580590;-0,46598175
-9,19080590;0,46598175
-9,18580590;-0,46598175
-9,18080590;0,46598175
-9,17580590;0,00000000
-9,17080590;-0,46598175
-9,16580590;0,46598175
-9,16080590;-0,46598175
-9,15580590;0,46598175
-9,15080590;-0,93196350
-9,14580590;0,46598175
-9,14080590;0,00000000
-9,13580590;0,00000000
-9,13080590;0,46598175
-9,12580590;-0,93196350
-9,12080590;0,00000000
-9,11580590;0,00000000
-9,11080590;0,00000000
-9,10580590;-0,46598175
-9,10080591;0,93196350
-9,09580591;0,00000000
-9,09080591;0,00000000
-9,08580591;0,46598175
-9,08080591;0,46598175
-9,07580591;1,39948320
-9,07080591;0,00000000
-9,06580591;0,46598175
-9,06080591;0,00000000
-9,05580591;0,46598175
-9,05080591;0,00000000
-9,04580591;0,00000000
-9,04080591;0,00000000
-9,03580591;0,00000000
-9,03080591;-0,46598175
-9,02580591;-0,46598175
-9,02080591;0,46598175
-9,01580591;0,46598175
-9,01080591;0,00000000
-9,00580591;0,00000000
-9,00080591;0,46598175
-8,99580591;0,46598175
-8,99080591;0,46598175
-8,98580591;0,46598175
-8,98080591;-0,46598175
-8,97580591;-0,46598175
-8,97080591;-0,46598175
-8,96580591;0,46598175
-8,96080591;0,00000000
-8,95580591;0,46598175
-8,95080591;0,46598175
-8,94580591;1,39948320
-8,94080591;0,00000000
-8,93580591;0,00000000
-8,93080591;0,00000000
-8,92580591;-0,46598175
-8,92080591;0,00000000
-8,91580591;-0,93196350
-8,91080591;0,00000000
-8,90580591;0,93196350
-8,90080591;-0,93196350
-8,89580591;0,46598175
-8,89080591;1,86546493
-8,88580591;0,00000000
-8,88080591;0,00000000
-8,87580591;0,00000000
-8,87080591;0,46598175
-8,86580591;0,46598175
-8,86080591;0,00000000
-8,85580591;0,00000000
-8,85080591;-0,93196350
-8,84580591;0,46598175
-8,84080591;0,00000000
-8,83580591;0,00000000
-8,83080591;0,46598175
-8,82580591;0,00000000
-8,82080591;-0,46598175
-8,81580591;0,46598175
-8,81080591;0,00000000
-8,80580591;0,93196350
-8,80080591;0,00000000
-8,79580591;0,46598175
-8,79080591;0,00000000
-8,78580591;0,46598175
-8,78080591;0,46598175
-8,77580591;0,93196350
-8,77080591;0,46598175
-8,76580591;0,00000000
-8,76080591;-0,93196350
-8,75580591;0,46598175
-8,75080591;0,00000000
-8,74580591;-0,46598175
-8,74080591;-0,46598175
-8,73580591;0,00000000
-8,73080591;1,39948320
-8,72580591;0,46598175
-8,72080591;0,46598175
-8,71580591;0,93196350
-8,71080591;0,46598175
-8,70580592;0,46598175
-8,70080592;0,46598175
-8,69580592;0,00000000
-8,69080592;0,00000000
-8,68580592;0,46598175
-8,68080592;0,00000000
-8,67580592;-0,46598175
-8,67080592;0,00000000
-8,66580592;0,00000000
-8,66080592;0,46598175
-8,65580592;0,00000000
-8,65080592;0,46598175
-8,64580592;0,46598175
-8,64080592;0,00000000
-8,63580592;0,46598175
-8,63080592;0,46598175
-8,62580592;0,00000000
-8,62080592;-0,93196350
-8,61580592;0,93196350
-8,61080592;-0,93196350
-8,60580592;0,00000000
-8,60080592;0,00000000
-8,59580592;0,46598175
-8,59080592;0,00000000
-8,58580592;0,93196350
-8,58080592;0,46598175
-8,57580592;0,46598175
-8,57080592;1,39948320
-8,56580592;0,00000000
-8,56080592;-0,93196350
-8,55580592;0,46598175
-8,55080592;0,00000000
-8,54580592;1,39948320
-8,54080592;0,93196350
-8,53580592;0,46598175
-8,53080592;0,46598175
-8,52580592;-0,46598175
-8,52080592;0,00000000
-8,51580592;-0,46598175
-8,51080592;-0,46598175
-8,50580592;0,46598175
-8,50080592;0,00000000
-8,49580592;0,46598175
-8,49080592;0,46598175
-8,48580592;0,00000000
-8,48080592;0,00000000
-8,47580592;0,93196350
-8,47080592;0,00000000
-8,46580592;0,00000000
-8,46080592;0,00000000
-8,45580592;0,93196350
-8,45080592;0,00000000
-8,44580592;0,00000000
-8,44080592;0,46598175
-8,43580592;0,00000000
-8,43080592;0,46598175
-8,42580592;0,00000000
-8,42080592;0,93196350
-8,41580592;0,46598175
-8,41080592;-0,46598175
-8,40580592;0,00000000
-8,40080592;-0,93196350
-8,39580592;0,93196350
-8,39080592;0,46598175
-8,38580592;0,00000000
-8,38080592;0,93196350
-8,37580592;0,00000000
-8,37080592;0,00000000
-8,36580592;0,46598175
-8,36080592;-0,46598175
-8,35580592;-0,46598175
-8,35080592;0,00000000
-8,34580592;0,00000000
-8,34080592;0,46598175
-8,33580592;0,93196350
-8,33080592;0,93196350
-8,32580592;0,46598175
-8,32080592;0,93196350
-8,31580592;-1,39948320
-8,31080593;0,00000000
-8,30580593;0,93196350
-8,30080593;0,46598175
-8,29580593;0,00000000
-8,29080593;0,00000000
-8,28580593;0,00000000
-8,28080593;-0,46598175
-8,27580593;0,00000000
-8,27080593;0,46598175
-8,26580593;0,00000000
-8,26080593;0,46598175
-8,25580593;0,00000000
-8,25080593;0,46598175
-8,24580593;0,00000000
-8,24080593;0,00000000
-8,23580593;0,46598175
-8,23080593;0,46598175
-8,22580593;0,46598175
-8,22080593;-0,46598175
-8,21580593;-0,46598175
-8,21080593;0,00000000
-8,20580593;0,00000000
-8,20080593;0,00000000
-8,19580593;-0,93196350
-8,19080593;0,46598175
-8,18580593;0,00000000
-8,18080593;0,00000000
-8,17580593;0,46598175
-8,17080593;0,46598175
-8,16580593;0,46598175
-8,16080593;0,00000000
-8,15580593;0,00000000
-8,15080593;0,00000000
-8,14580593;-0,93196350
-8,14080593;2,79896641
-8,13580593;0,93196350
-8,13080593;0,00000000
-8,12580593;0,46598175
-8,12080593;0,00000000
-8,11580593;-0,46598175
-8,11080593;-0,46598175
-8,10580593;0,00000000
-8,10080593;0,93196350
-8,09580593;0,00000000
-8,09080593;0,46598175
-8,08580593;0,00000000
-8,08080593;0,00000000
-8,07580593;0,46598175
-8,07080593;0,00000000
-8,06580593;0,00000000
-8,06080593;0,46598175
-8,05580593;0,00000000
-8,05080593;0,93196350
-8,04580593;0,46598175
-8,04080593;0,46598175
-8,03580593;-0,46598175
-8,03080593;0,00000000
-8,02580593;0,00000000
-8,02080593;0,46598175
-8,01580593;0,93196350
-8,01080593;0,00000000
-8,00580593;-0,46598175
-8,00080593;0,46598175
-7,99580593;0,46598175
-7,99080593;0,93196350
-7,98580593;0,46598175
-7,98080593;-0,46598175
-7,97580593;0,46598175
-7,97080593;-0,46598175
-7,96580593;0,46598175
-7,96080593;0,00000000
-7,95580593;-0,46598175
-7,95080593;0,93196350
-7,94580593;0,00000000
-7,94080593;-0,93196350
-7,93580593;0,46598175
-7,93080593;0,00000000
-7,92580593;0,00000000
-7,92080593;0,93196350
-7,91580594;0,46598175
-7,91080594;0,93196350
-7,90580594;-0,93196350
-7,90080594;0,46598175
-7,89580594;0,46598175
-7,89080594;0,00000000
-7,88580594;0,46598175
-7,88080594;0,00000000
-7,87580594;0,00000000
-7,87080594;0,00000000
-7,86580594;0,46598175
-7,86080594;-1,86546493
-7,85580594;0,00000000
-7,85080594;0,46598175
-7,84580594;0,93196350
-7,84080594;0,00000000
-7,83580594;0,00000000
-7,83080594;0,00000000
-7,82580594;-0,46598175
-7,82080594;0,93196350
-7,81580594;1,86546493
-7,81080594;0,00000000
-7,80580594;0,00000000
-7,80080594;0,93196350
-7,79580594;0,46598175
-7,79080594;0,00000000
-7,78580594;0,46598175
-7,78080594;0,00000000
-7,77580594;0,00000000
-7,77080594;0,46598175
-7,76580594;0,46598175
-7,76080594;0,93196350
-7,75580594;0,46598175
-7,75080594;0,93196350
-7,74580594;0,00000000
-7,74080594;0,46598175
-7,73580594;0,46598175
-7,73080594;0,46598175
-7,72580594;0,46598175
-7,72080594;0,00000000
-7,71580594;0,00000000
-7,71080594;0,93196350
-7,70580594;-0,46598175
-7,70080594;0,46598175
-7,69580594;0,00000000
-7,69080594;0,00000000
-7,68580594;0,46598175
-7,68080594;-0,93196350
-7,67580594;0,00000000
-7,67080594;0,00000000
-7,66580594;-0,46598175
-7,66080594;-0,46598175
-7,65580594;0,00000000
-7,65080594;0,00000000
-7,64580594;0,00000000
-7,64080594;0,93196350
-7,63580594;0,93196350
-7,63080594;0,00000000
-7,62580594;0,46598175
-7,62080594;0,00000000
-7,61580594;-0,46598175
-7,61080594;0,46598175
-7,60580594;0,46598175
-7,60080594;0,46598175
-7,59580594;0,00000000
-7,59080594;0,00000000
-7,58580594;0,46598175
-7,58080594;0,00000000
-7,57580594;0,93196350
-7,57080594;0,46598175
-7,56580594;0,00000000
-7,56080594;0,00000000
-7,55580594;0,46598175
-7,55080594;-0,46598175
-7,54580594;0,00000000
-7,54080594;0,00000000
-7,53580594;0,46598175
-7,53080594;0,00000000
-7,52580594;0,93196350
-7,52080595;0,46598175
-7,51580595;0,46598175
-7,51080595;0,46598175
-7,50580595;0,46598175
-7,50080595;0,00000000
-7,49580595;0,46598175
-7,49080595;0,00000000
-7,48580595;0,46598175
-7,48080595;-0,46598175
-7,47580595;-0,46598175
-7,47080595;-1,39948320
-7,46580595;0,00000000
-7,46080595;-0,93196350
-7,45580595;0,46598175
-7,45080595;0,00000000
-7,44580595;0,00000000
-7,44080595;0,00000000
-7,43580595;0,00000000
-7,43080595;0,00000000
-7,42580595;0,00000000
-7,42080595;0,00000000
-7,41580595;-0,46598175
-7,41080595;-0,46598175
-7,40580595;0,46598175
-7,40080595;0,00000000
-7,39580595;0,46598175
-7,39080595;0,46598175
-7,38580595;-0,46598175
-7,38080595;0,00000000
-7,37580595;0,93196350
-7,37080595;0,00000000
-7,36580595;0,46598175
-7,36080595;0,46598175
-7,35580595;0,46598175
-7,35080595;0,00000000
-7,34580595;1,86546493
-7,34080595;0,93196350
-7,33580595;0,46598175
-7,33080595;-2,33298445
-7,32580595;0,46598175
-7,32080595;0,00000000
-7,31580595;0,93196350
-7,31080595;-0,93196350
-7,30580595;0,00000000
-7,30080595;0,93196350
-7,29580595;0,00000000
-7,29080595;-0,93196350
-7,28580595;-0,46598175
-7,28080595;-0,46598175
-7,27580595;0,46598175
-7,27080595;0,46598175
-7,26580595;-0,46598175
-7,26080595;0,46598175
-7,25580595;0,00000000
-7,25080595;0,46598175
-7,24580595;0,46598175
-7,24080595;0,46598175
-7,23580595;0,00000000
-7,23080595;0,46598175
-7,22580595;0,46598175
-7,22080595;0,00000000
-7,21580595;0,46598175
-7,21080595;0,00000000
-7,20580595;0,46598175
-7,20080595;0,00000000
-7,19580595;0,00000000
-7,19080595;0,00000000
-7,18580595;0,00000000
-7,18080595;0,46598175
-7,17580595;-0,46598175
-7,17080595;0,00000000
-7,16580595;0,46598175
-7,16080595;0,00000000
-7,15580595;0,00000000
-7,15080595;0,00000000
-7,14580595;-1,39948320
-7,14080595;0,46598175
-7,13580595;0,46598175
-7,13080595;0,00000000
-7,12580595;0,93196350
-7,12080596;0,00000000
-7,11580596;0,46598175
-7,11080596;0,46598175
-7,10580596;-0,93196350
-7,10080596;-10,73449707
-7,09580596;0,00000000
-7,09080596;0,00000000
-7,08580596;0,00000000
-7,08080596;0,00000000
-7,07580596;0,00000000
-7,07080596;-0,46598175
-7,06580596;0,00000000
-7,06080596;0,00000000
-7,05580596;0,00000000
-7,05080596;1,39948320
-7,04580596;0,46598175
-7,04080596;0,00000000
-7,03580596;-0,46598175
-7,03080596;0,46598175
-7,02580596;0,00000000
-7,02080596;0,00000000
-7,01580596;-0,46598175
-7,01080596;-0,46598175
-7,00580596;0,00000000
-7,00080596;0,00000000
-6,99580596;0,46598175
-6,99080596;0,46598175
-6,98580596;0,93196350
-6,98080596;0,46598175
-6,97580596;0,46598175
-6,97080596;0,46598175
-6,96580596;0,00000000
-6,96080596;0,46598175
-6,95580596;0,46598175
-6,95080596;0,00000000
-6,94580596;0,46598175
-6,94080596;0,00000000
-6,93580596;0,00000000
-6,93080596;-0,46598175
-6,92580596;1,39948320
-6,92080596;-0,46598175
-6,91580596;0,93196350
-6,91080596;0,93196350
-6,90580596;0,00000000
-6,90080596;-0,46598175
-6,89580596;0,00000000
-6,89080596;-0,46598175
-6,88580596;0,00000000
-6,88080596;0,46598175
-6,87580596;0,00000000
-6,87080596;0,00000000
-6,86580596;0,46598175
-6,86080596;-0,46598175
-6,85580596;0,00000000
-6,85080596;0,00000000
-6,84580596;0,93196350
-6,84080596;0,46598175
-6,83580596;0,00000000
-6,83080596;0,00000000
-6,82580596;0,46598175
-6,82080596;0,00000000
-6,81580596;0,00000000
-6,81080596;0,00000000
-6,80580596;0,46598175
-6,80080596;0,00000000
-6,79580596;0,00000000
-6,79080596;0,46598175
-6,78580596;-0,46598175
-6,78080596;0,00000000
-6,77580596;0,00000000
-6,77080596;0,46598175
-6,76580596;0,00000000
-6,76080596;0,93196350
-6,75580596;0,93196350
-6,75080596;0,46598175
-6,74580596;-1,39948320
-6,74080596;-0,46598175
-6,73580596;0,00000000
-6,73080596;0,46598175
-6,72580597;-0,93196350
-6,72080597;0,46598175
-6,71580597;0,00000000
-6,71080597;0,46598175
-6,70580597;-0,93196350
-6,70080597;-0,46598175
-6,69580597;0,46598175
-6,69080597;0,46598175
-6,68580597;3,73246789
-6,68080597;0,93196350
-6,67580597;0,46598175
-6,67080597;-0,46598175
-6,66580597;0,00000000
-6,66080597;-0,46598175
-6,65580597;-0,93196350
-6,65080597;0,46598175
-6,64580597;0,00000000
-6,64080597;0,46598175
-6,63580597;0,00000000
-6,63080597;-0,46598175
-6,62580597;0,46598175
-6,62080597;0,00000000
-6,61580597;-0,46598175
-6,61080597;0,46598175
-6,60580597;-0,46598175
-6,60080597;0,00000000
-6,59580597;-0,46598175
-6,59080597;0,00000000
-6,58580597;-0,46598175
-6,58080597;-1,86546493
-6,57580597;0,46598175
-6,57080597;-0,46598175
-6,56580597;0,00000000
-6,56080597;-0,46598175
-6,55580597;0,46598175
-6,55080597;0,00000000
-6,54580597;-0,46598175
-6,54080597;0,00000000
-6,53580597;0,00000000
-6,53080597;0,00000000
-6,52580597;-0,93196350
-6,52080597;0,00000000
-6,51580597;0,46598175
-6,51080597;0,46598175
-6,50580597;-0,46598175
-6,50080597;-0,46598175
-6,49580597;-0,46598175
-6,49080597;0,46598175
-6,48580597;-0,93196350
-6,48080597;0,46598175
-6,47580597;0,00000000
-6,47080597;-0,46598175
-6,46580597;0,46598175
-6,46080597;0,46598175
-6,45580597;0,00000000
-6,45080597;0,00000000
-6,44580597;0,46598175
-6,44080597;0,00000000
-6,43580597;0,00000000
-6,43080597;0,00000000
-6,42580597;-0,46598175
-6,42080597;-0,46598175
-6,41580597;0,00000000
-6,41080597;0,46598175
-6,40580597;0,46598175
-6,40080597;-0,46598175
-6,39580597;0,93196350
-6,39080597;0,00000000
-6,38580597;0,46598175
-6,38080597;0,46598175
-6,37580597;1,39948320
-6,37080597;0,00000000
-6,36580597;-0,46598175
-6,36080597;0,46598175
-6,35580597;0,00000000
-6,35080597;0,46598175
-6,34580597;0,00000000
-6,34080597;-0,46598175
-6,33580597;0,46598175
-6,33080598;0,93196350
-6,32580598;-0,93196350
-6,32080598;0,00000000
-6,31580598;-0,46598175
-6,31080598;0,93196350
-6,30580598;0,46598175
-6,30080598;-0,46598175
-6,29580598;-0,93196350
-6,29080598;0,93196350
-6,28580598;0,00000000
-6,28080598;0,46598175
-6,27580598;0,46598175
-6,27080598;0,46598175
-6,26580598;0,00000000
-6,26080598;0,00000000
-6,25580598;0,93196350
-6,25080598;0,93196350
-6,24580598;0,00000000
-6,24080598;0,46598175
-6,23580598;0,46598175
-6,23080598;-0,46598175
-6,22580598;0,46598175
-6,22080598;0,00000000
-6,21580598;0,00000000
-6,21080598;0,00000000
-6,20580598;0,46598175
-6,20080598;0,00000000
-6,19580598;0,46598175
-6,19080598;0,00000000
-6,18580598;0,46598175
-6,18080598;-0,46598175
-6,17580598;0,46598175
-6,17080598;0,00000000
-6,16580598;0,00000000
-6,16080598;0,00000000
-6,15580598;0,00000000
-6,15080598;0,00000000
-6,14580598;-0,93196350
-6,14080598;0,00000000
-6,13580598;-0,93196350
-6,13080598;-2,79896641
-6,12580598;0,00000000
-6,12080598;0,46598175
-6,11580598;0,46598175
-6,11080598;0,00000000
-6,10580598;0,46598175
-6,10080598;0,00000000
-6,09580598;0,00000000
-6,09080598;0,00000000
-6,08580598;0,00000000
-6,08080598;-0,93196350
-6,07580598;-0,46598175
-6,07080598;-0,93196350
-6,06580598;0,46598175
-6,06080598;0,00000000
-6,05580598;-0,46598175
-6,05080598;0,46598175
-6,04580598;0,00000000
-6,04080598;0,93196350
-6,03580598;-0,46598175
-6,03080598;0,46598175
-6,02580598;0,00000000
-6,02080598;0,46598175
-6,01580598;0,00000000
-6,01080598;0,46598175
-6,00580598;-0,46598175
-6,00080598;-0,46598175
-5,99580598;0,46598175
-5,99080598;0,46598175
-5,98580598;0,46598175
-5,98080598;0,46598175
-5,97580598;0,00000000
-5,97080598;0,46598175
-5,96580598;0,00000000
-5,96080598;0,46598175
-5,95580598;0,00000000
-5,95080598;0,00000000
-5,94580598;0,00000000
-5,94080598;0,00000000
-5,93580599;0,00000000
-5,93080599;-1,86546493
-5,92580599;0,93196350
-5,92080599;0,46598175
-5,91580599;0,46598175
-5,91080599;0,46598175
-5,90580599;0,00000000
-5,90080599;0,00000000
-5,89580599;0,46598175
-5,89080599;-0,46598175
-5,88580599;0,00000000
-5,88080599;-0,46598175
-5,87580599;0,46598175
-5,87080599;0,00000000
-5,86580599;0,00000000
-5,86080599;-0,93196350
-5,85580599;0,00000000
-5,85080599;-0,46598175
-5,84580599;0,93196350
-5,84080599;0,93196350
-5,83580599;0,00000000
-5,83080599;0,00000000
-5,82580599;0,00000000
-5,82080599;0,46598175
-5,81580599;0,00000000
-5,81080599;0,00000000
-5,80580599;0,00000000
-5,80080599;0,00000000
-5,79580599;0,46598175
-5,79080599;0,46598175
-5,78580599;-0,46598175
-5,78080599;0,00000000
-5,77580599;-0,46598175
-5,77080599;-0,46598175
-5,76580599;0,00000000
-5,76080599;-0,46598175
-5,75580599;0,46598175
-5,75080599;0,46598175
-5,74580599;0,46598175
-5,74080599;0,00000000
-5,73580599;0,46598175
-5,73080599;0,00000000
-5,72580599;-0,93196350
-5,72080599;0,00000000
-5,71580599;0,00000000
-5,71080599;0,00000000
-5,70580599;-0,46598175
-5,70080599;0,46598175
-5,69580599;0,46598175
-5,69080599;0,00000000
-5,68580599;0,00000000
-5,68080599;0,46598175
-5,67580599;-0,46598175
-5,67080599;0,00000000
-5,66580599;0,00000000
-5,66080599;-0,46598175
-5,65580599;0,00000000
-5,65080599;1,86546493
-5,64580599;0,00000000
-5,64080599;0,00000000
-5,63580599;-0,46598175
-5,63080599;0,46598175
-5,62580599;0,46598175
-5,62080599;0,00000000
-5,61580599;-1,39948320
-5,61080599;0,93196350
-5,60580599;0,00000000
-5,60080599;0,46598175
-5,59580599;0,00000000
-5,59080599;-0,93196350
-5,58580599;1,39948320
-5,58080599;0,46598175
-5,57580599;0,00000000
-5,57080599;0,00000000
-5,56580599;-0,46598175
-5,56080599;0,46598175
-5,55580599;1,39948320
-5,55080599;0,46598175
-5,54580599;0,46598175
-5,54080600;0,93196350
-5,53580600;0,46598175
-5,53080600;1,86546493
-5,52580600;0,93196350
-5,52080600;0,00000000
-5,51580600;0,00000000
-5,51080600;0,46598175
-5,50580600;0,46598175
-5,50080600;0,46598175
-5,49580600;-0,46598175
-5,49080600;0,00000000
-5,48580600;0,46598175
-5,48080600;0,46598175
-5,47580600;0,93196350
-5,47080600;0,00000000
-5,46580600;0,00000000
-5,46080600;-0,46598175
-5,45580600;-0,46598175
-5,45080600;0,00000000
-5,44580600;1,39948320
-5,44080600;0,00000000
-5,43580600;0,46598175
-5,43080600;0,00000000
-5,42580600;0,00000000
-5,42080600;0,00000000
-5,41580600;0,46598175
-5,41080600;0,00000000
-5,40580600;0,46598175
-5,40080600;0,00000000
-5,39580600;-0,46598175
-5,39080600;0,46598175
-5,38580600;0,46598175
-5,38080600;0,46598175
-5,37580600;5,13348866
-5,37080600;-0,46598175
-5,36580600;0,00000000
-5,36080600;0,00000000
-5,35580600;0,46598175
-5,35080600;0,93196350
-5,34580600;1,86546493
-5,34080600;-0,46598175
-5,33580600;0,00000000
-5,33080600;0,46598175
-5,32580600;0,46598175
-5,32080600;0,46598175
-5,31580600;-0,93196350
-5,31080600;0,00000000
-5,30580600;0,00000000
-5,30080600;0,00000000
-5,29580600;-0,46598175
-5,29080600;0,00000000
-5,28580600;-0,46598175
-5,28080600;0,00000000
-5,27580600;-0,93196350
-5,27080600;0,46598175
-5,26580600;-0,46598175
-5,26080600;0,46598175
-5,25580600;0,00000000
-5,25080600;0,00000000
-5,24580600;0,00000000
-5,24080600;-0,46598175
-5,23580600;0,46598175
-5,23080600;-0,46598175
-5,22580600;-0,46598175
-5,22080600;0,46598175
-5,21580600;0,46598175
-5,21080600;0,93196350
-5,20580600;0,00000000
-5,20080600;0,00000000
-5,19580600;0,00000000
-5,19080600;1,39948320
-5,18580600;-0,46598175
-5,18080600;0,46598175
-5,17580600;0,93196350
-5,17080600;0,46598175
-5,16580600;0,00000000
-5,16080600;0,46598175
-5,15580600;0,00000000
-5,15080600;-0,46598175
-5,14580601;0,00000000
-5,14080601;0,93196350
-5,13580601;0,00000000
-5,13080601;0,00000000
-5,12580601;0,46598175
-5,12080601;0,46598175
-5,11580601;0,93196350
-5,11080601;0,46598175
-5,10580601;-0,46598175
-5,10080601;0,00000000
-5,09580601;0,46598175
-5,09080601;0,46598175
-5,08580601;0,00000000
-5,08080601;0,00000000
-5,07580601;0,46598175
-5,07080601;0,46598175
-5,06580601;0,93196350
-5,06080601;0,00000000
-5,05580601;0,00000000
-5,05080601;0,46598175
-5,04580601;0,46598175
-5,04080601;0,00000000
-5,03580601;-0,46598175
-5,03080601;1,39948320
-5,02580601;0,00000000
-5,02080601;0,00000000
-5,01580601;0,46598175
-5,01080601;0,46598175
-5,00580601;0,93196350
-5,00080601;-0,46598175
-4,99580601;0,00000000
-4,99080601;0,00000000
-4,98580601;-0,46598175
-4,98080601;-0,93196350
-4,97580601;0,00000000
-4,97080601;0,93196350
-4,96580601;0,46598175
-4,96080601;0,46598175
-4,95580601;-0,46598175
-4,95080601;0,46598175
-4,94580601;0,93196350
-4,94080601;-0,93196350
-4,93580601;0,00000000
-4,93080601;-0,46598175
-4,92580601;0,46598175
-4,92080601;1,39948320
-4,91580601;0,93196350
-4,91080601;0,00000000
-4,90580601;0,46598175
-4,90080601;0,46598175
-4,89580601;-0,93196350
-4,89080601;0,93196350
-4,88580601;0,00000000
-4,88080601;0,46598175
-4,87580601;1,39948320
-4,87080601;0,46598175
-4,86580601;-0,46598175
-4,86080601;0,46598175
-4,85580601;0,46598175
-4,85080601;0,00000000
-4,84580601;0,46598175
-4,84080601;0,00000000
-4,83580601;0,00000000
-4,83080601;0,46598175
-4,82580601;0,46598175
-4,82080601;0,00000000
-4,81580601;0,46598175
-4,81080601;-0,46598175
-4,80580601;-0,46598175
-4,80080601;-0,46598175
-4,79580601;20,53549385
-4,79080601;0,00000000
-4,78580601;-0,93196350
-4,78080601;0,46598175
-4,77580601;0,46598175
-4,77080601;-0,46598175
-4,76580601;0,46598175
-4,76080601;0,00000000
-4,75580601;-0,46598175
-4,75080601;-0,46598175
-4,74580602;0,00000000
-4,74080602;0,93196350
-4,73580602;0,00000000
-4,73080602;-0,93196350
-4,72580602;0,46598175
-4,72080602;0,00000000
-4,71580602;-0,93196350
-4,71080602;0,46598175
-4,70580602;0,00000000
-4,70080602;0,46598175
-4,69580602;0,00000000
-4,69080602;-0,46598175
-4,68580602;0,93196350
-4,68080602;0,46598175
-4,67580602;0,00000000
-4,67080602;0,46598175
-4,66580602;0,46598175
-4,66080602;0,00000000
-4,65580602;0,00000000
-4,65080602;-0,46598175
-4,64580602;0,00000000
-4,64080602;0,00000000
-4,63580602;0,00000000
-4,63080602;-0,46598175
-4,62580602;0,00000000
-4,62080602;0,00000000
-4,61580602;0,46598175
-4,61080602;0,46598175
-4,60580602;0,00000000
-4,60080602;0,46598175
-4,59580602;-0,46598175
-4,59080602;0,00000000
-4,58580602;0,46598175
-4,58080602;0,00000000
-4,57580602;0,00000000
-4,57080602;-0,93196350
-4,56580602;0,46598175
-4,56080602;0,46598175
-4,55580602;0,93196350
-4,55080602;-0,46598175
-4,54580602;-0,46598175
-4,54080602;0,00000000
-4,53580602;0,00000000
-4,53080602;0,00000000
-4,52580602;0,46598175
-4,52080602;-0,46598175
-4,51580602;0,46598175
-4,51080602;0,00000000
-4,50580602;0,00000000
-4,50080602;0,46598175
-4,49580602;0,00000000
-4,49080602;-0,46598175
-4,48580602;0,00000000
-4,48080602;-0,46598175
-4,47580602;0,46598175
-4,47080602;0,46598175
-4,46580602;0,46598175
-4,46080602;0,46598175
-4,45580602;0,46598175
-4,45080602;0,46598175
-4,44580602;0,46598175
-4,44080602;0,46598175
-4,43580602;0,00000000
-4,43080602;0,00000000
-4,42580602;0,46598175
-4,42080602;0,00000000
-4,41580602;-0,46598175
-4,41080602;0,00000000
-4,40580602;0,00000000
-4,40080602;0,93196350
-4,39580602;0,46598175
-4,39080602;0,00000000
-4,38580602;-0,46598175
-4,38080602;-0,46598175
-4,37580602;0,46598175
-4,37080602;0,00000000
-4,36580602;0,93196350
-4,36080602;0,46598175
-4,35580602;0,46598175
-4,35080603;0,46598175
-4,34580603;6,53297186
-4,34080603;0,46598175
-4,33580603;-0,46598175
-4,33080603;0,93196350
-4,32580603;0,00000000
-4,32080603;0,93196350
-4,31580603;0,46598175
-4,31080603;0,46598175
-4,30580603;0,00000000
-4,30080603;-0,46598175
-4,29580603;0,93196350
-4,29080603;0,46598175
-4,28580603;0,00000000
-4,28080603;-0,46598175
-4,27580603;0,46598175
-4,27080603;0,00000000
-4,26580603;0,46598175
-4,26080603;0,00000000
-4,25580603;0,46598175
-4,25080603;0,46598175
-4,24580603;0,00000000
-4,24080603;0,00000000
-4,23580603;0,46598175
-4,23080603;0,00000000
-4,22580603;0,46598175
-4,22080603;0,00000000
-4,21580603;0,00000000
-4,21080603;-0,93196350
-4,20580603;-1,86546493
-4,20080603;0,46598175
-4,19580603;0,00000000
-4,19080603;0,00000000
-4,18580603;0,00000000
-4,18080603;0,00000000
-4,17580603;0,00000000
-4,17080603;0,00000000
-4,16580603;0,46598175
-4,16080603;0,00000000
-4,15580603;0,00000000
-4,15080603;0,46598175
-4,14580603;0,46598175
-4,14080603;0,00000000
-4,13580603;-0,46598175
-4,13080603;0,00000000
-4,12580603;0,93196350
-4,12080603;0,00000000
-4,11580603;-1,86546493
-4,11080603;0,00000000
-4,10580603;0,00000000
-4,10080603;0,93196350
-4,09580603;-0,93196350
-4,09080603;0,93196350
-4,08580603;0,46598175
-4,08080603;0,46598175
-4,07580603;0,46598175
-4,07080603;0,00000000
-4,06580603;0,00000000
-4,06080603;0,46598175
-4,05580603;0,00000000
-4,05080603;0,46598175
-4,04580603;0,00000000
-4,04080603;0,93196350
-4,03580603;0,00000000
-4,03080603;0,46598175
-4,02580603;0,93196350
-4,02080603;0,46598175
-4,01580603;0,00000000
-4,01080603;-0,46598175
-4,00580603;0,00000000
-4,00080603;0,93196350
-3,99580603;0,00000000
-3,99080603;0,00000000
-3,98580603;0,46598175
-3,98080603;0,00000000
-3,97580603;0,00000000
-3,97080603;0,46598175
-3,96580603;0,93196350
-3,96080603;0,46598175
-3,95580604;-0,46598175
-3,95080604;0,46598175
-3,94580604;-0,46598175
-3,94080604;0,00000000
-3,93580604;-0,46598175
-3,93080604;1,39948320
-3,92580604;0,00000000
-3,92080604;0,00000000
-3,91580604;0,00000000
-3,91080604;0,00000000
-3,90580604;0,00000000
-3,90080604;0,00000000
-3,89580604;0,46598175
-3,89080604;0,00000000
-3,88580604;0,46598175
-3,88080604;-0,46598175
-3,87580604;-0,46598175
-3,87080604;0,00000000
-3,86580604;20,53549385
-3,86080604;0,00000000
-3,85580604;0,46598175
-3,85080604;0,00000000
-3,84580604;0,00000000
-3,84080604;0,00000000
-3,83580604;0,46598175
-3,83080604;0,46598175
-3,82580604;0,00000000
-3,82080604;-0,93196350
-3,81580604;0,46598175
-3,81080604;0,46598175
-3,80580604;0,46598175
-3,80080604;0,46598175
-3,79580604;0,00000000
-3,79080604;0,00000000
-3,78580604;0,93196350
-3,78080604;0,00000000
-3,77580604;0,00000000
-3,77080604;0,00000000
-3,76580604;0,00000000
-3,76080604;0,00000000
-3,75580604;0,00000000
-3,75080604;-0,46598175
-3,74580604;-0,46598175
-3,74080604;0,00000000
-3,73580604;0,00000000
-3,73080604;1,39948320
-3,72580604;0,00000000
-3,72080604;0,46598175
-3,71580604;-0,46598175
-3,71080604;0,00000000
-3,70580604;-0,46598175
-3,70080604;-0,46598175
-3,69580604;-0,46598175
-3,69080604;0,00000000
-3,68580604;0,93196350
-3,68080604;0,00000000
-3,67580604;0,00000000
-3,67080604;0,46598175
-3,66580604;0,00000000
-3,66080604;0,46598175
-3,65580604;0,00000000
-3,65080604;0,00000000
-3,64580604;0,46598175
-3,64080604;-0,46598175
-3,63580604;0,00000000
-3,63080604;0,93196350
-3,62580604;0,46598175
-3,62080604;0,93196350
-3,61580604;0,46598175
-3,61080604;0,00000000
-3,60580604;0,00000000
-3,60080604;-0,46598175
-3,59580604;0,00000000
-3,59080604;-0,93196350
-3,58580604;0,00000000
-3,58080604;0,93196350
-3,57580604;0,46598175
-3,57080604;0,46598175
-3,56580604;0,00000000
-3,56080605;0,00000000
-3,55580605;0,46598175
-3,55080605;0,93196350
-3,54580605;-0,46598175
-3,54080605;0,46598175
-3,53580605;0,00000000
-3,53080605;0,00000000
-3,52580605;0,46598175
-3,52080605;0,00000000
-3,51580605;0,00000000
-3,51080605;0,00000000
-3,50580605;-0,46598175
-3,50080605;-0,46598175
-3,49580605;-0,46598175
-3,49080605;-0,46598175
-3,48580605;0,93196350
-3,48080605;0,46598175
-3,47580605;0,93196350
-3,47080605;0,46598175
-3,46580605;0,00000000
-3,46080605;0,00000000
-3,45580605;0,46598175
-3,45080605;0,46598175
-3,44580605;-0,46598175
-3,44080605;0,00000000
-3,43580605;-0,46598175
-3,43080605;-0,46598175
-3,42580605;0,46598175
-3,42080605;-0,46598175
-3,41580605;1,86546493
-3,41080605;-0,46598175
-3,40580605;0,46598175
-3,40080605;0,93196350
-3,39580605;0,46598175
-3,39080605;0,00000000
-3,38580605;-0,46598175
-3,38080605;0,46598175
-3,37580605;0,00000000
-3,37080605;-0,46598175
-3,36580605;0,93196350
-3,36080605;0,00000000
-3,35580605;0,46598175
-3,35080605;0,46598175
-3,34580605;0,46598175
-3,34080605;-3,26648593
-3,33580605;-0,93196350
-3,33080605;-0,46598175
-3,32580605;0,00000000
-3,32080605;0,46598175
-3,31580605;0,00000000
-3,31080605;0,46598175
-3,30580605;-0,46598175
-3,30080605;-1,39948320
-3,29580605;0,46598175
-3,29080605;0,46598175
-3,28580605;-0,46598175
-3,28080605;-0,46598175
-3,27580605;0,00000000
-3,27080605;0,93196350
-3,26580605;0,93196350
-3,26080605;-0,46598175
-3,25580605;0,46598175
-3,25080605;-0,46598175
-3,24580605;0,46598175
-3,24080605;0,93196350
-3,23580605;0,46598175
-3,23080605;0,00000000
-3,22580605;0,46598175
-3,22080605;0,00000000
-3,21580605;0,00000000
-3,21080605;0,93196350
-3,20580605;0,46598175
-3,20080605;0,00000000
-3,19580605;0,00000000
-3,19080605;0,00000000
-3,18580605;0,00000000
-3,18080605;0,46598175
-3,17580605;0,00000000
-3,17080605;0,00000000
-3,16580606;-0,46598175
-3,16080606;0,46598175
-3,15580606;0,93196350
-3,15080606;-0,93196350
-3,14580606;0,00000000
-3,14080606;-2,33298445
-3,13580606;0,00000000
-3,13080606;0,00000000
-3,12580606;0,93196350
-3,12080606;0,00000000
-3,11580606;0,46598175
-3,11080606;0,00000000
-3,10580606;0,46598175
-3,10080606;0,93196350
-3,09580606;0,00000000
-3,09080606;0,00000000
-3,08580606;0,46598175
-3,08080606;0,46598175
-3,07580606;0,46598175
-3,07080606;0,00000000
-3,06580606;0,93196350
-3,06080606;0,46598175
-3,05580606;0,93196350
-3,05080606;0,93196350
-3,04580606;0,00000000
-3,04080606;0,46598175
-3,03580606;0,46598175
-3,03080606;0,00000000
-3,02580606;0,00000000
-3,02080606;0,46598175
-3,01580606;0,46598175
-3,01080606;0,00000000
-3,00580606;0,46598175
-3,00080606;0,46598175
-2,99580606;0,00000000
-2,99080606;0,46598175
-2,98580606;0,00000000
-2,98080606;0,46598175
-2,97580606;0,46598175
-2,97080606;0,93196350
-2,96580606;0,46598175
-2,96080606;-0,46598175
-2,95580606;0,00000000
-2,95080606;0,00000000
-2,94580606;0,00000000
-2,94080606;0,00000000
-2,93580606;0,46598175
-2,93080606;0,46598175
-2,92580606;0,46598175
-2,92080606;0,00000000
-2,91580606;-0,93196350
-2,91080606;0,00000000
-2,90580606;0,00000000
-2,90080606;-0,46598175
-2,89580606;0,00000000
-2,89080606;-0,46598175
-2,88580606;1,39948320
-2,88080606;0,00000000
-2,87580606;0,00000000
-2,87080606;-0,93196350
-2,86580606;0,00000000
-2,86080606;0,00000000
-2,85580606;0,00000000
-2,85080606;-0,46598175
-2,84580606;0,00000000
-2,84080606;0,93196350
-2,83580606;0,00000000
-2,83080606;0,46598175
-2,82580606;0,00000000
-2,82080606;0,46598175
-2,81580606;0,00000000
-2,81080606;0,00000000
-2,80580606;0,00000000
-2,80080606;0,46598175
-2,79580606;0,00000000
-2,79080606;-0,46598175
-2,78580606;-0,93196350
-2,78080606;0,00000000
-2,77580606;0,00000000
-2,77080607;0,46598175
-2,76580607;0,46598175
-2,76080607;0,46598175
-2,75580607;0,00000000
-2,75080607;0,00000000
-2,74580607;0,46598175
-2,74080607;0,00000000
-2,73580607;0,00000000
-2,73080607;-0,93196350
-2,72580607;0,46598175
-2,72080607;0,46598175
-2,71580607;0,00000000
-2,71080607;-0,46598175
-2,70580607;0,00000000
-2,70080607;0,00000000
-2,69580607;-0,93196350
-2,69080607;0,00000000
-2,68580607;1,39948320
-2,68080607;0,00000000
-2,67580607;0,46598175
-2,67080607;0,46598175
-2,66580607;0,00000000
-2,66080607;0,93196350
-2,65580607;0,00000000
-2,65080607;-0,93196350
-2,64580607;0,00000000
-2,64080607;0,46598175
-2,63580607;-0,46598175
-2,63080607;6,06699038
-2,62580607;0,00000000
-2,62080607;0,46598175
-2,61580607;0,46598175
-2,61080607;0,00000000
-2,60580607;0,46598175
-2,60080607;-0,46598175
-2,59580607;0,00000000
-2,59080607;0,46598175
-2,58580607;0,00000000
-2,58080607;0,00000000
-2,57580607;-0,46598175
-2,57080607;0,46598175
-2,56580607;0,00000000
-2,56080607;0,93196350
-2,55580607;-0,46598175
-2,55080607;0,46598175
-2,54580607;0,46598175
-2,54080607;0,46598175
-2,53580607;-0,46598175
-2,53080607;0,46598175
-2,52580607;0,00000000
-2,52080607;0,46598175
-2,51580607;-0,46598175
-2,51080607;0,00000000
-2,50580607;0,00000000
-2,50080607;1,39948320
-2,49580607;0,00000000
-2,49080607;0,00000000
-2,48580607;0,46598175
-2,48080607;0,00000000
-2,47580607;0,00000000
-2,47080607;0,00000000
-2,46580607;0,46598175
-2,46080607;0,00000000
-2,45580607;0,93196350
-2,45080607;0,93196350
-2,44580607;0,46598175
-2,44080607;0,00000000
-2,43580607;0,00000000
-2,43080607;0,00000000
-2,42580607;0,00000000
-2,42080607;0,00000000
-2,41580607;-0,46598175
-2,41080607;0,46598175
-2,40580607;-0,93196350
-2,40080607;-0,46598175
-2,39580607;0,00000000
-2,39080607;0,00000000
-2,38580607;0,46598175
-2,38080607;0,93196350
-2,37580607;0,00000000
-2,37080608;0,00000000
-2,36580608;-0,46598175
-2,36080608;-0,46598175
-2,35580608;0,46598175
-2,35080608;0,00000000
-2,34580608;-0,46598175
-2,34080608;0,46598175
-2,33580608;0,93196350
-2,33080608;0,00000000
-2,32580608;0,00000000
-2,32080608;0,46598175
-2,31580608;0,93196350
-2,31080608;-0,93196350
-2,30580608;0,46598175
-2,30080608;-0,93196350
-2,29580608;12,60150051
-2,29080608;0,46598175
-2,28580608;0,93196350
-2,28080608;0,46598175
-2,27580608;0,46598175
-2,27080608;0,46598175
-2,26580608;0,00000000
-2,26080608;0,46598175
-2,25580608;-0,46598175
-2,25080608;0,00000000
-2,24580608;0,46598175
-2,24080608;0,93196350
-2,23580608;0,93196350
-2,23080608;0,00000000
-2,22580608;0,46598175
-2,22080608;-0,46598175
-2,21580608;0,46598175
-2,21080608;0,46598175
-2,20580608;0,00000000
-2,20080608;0,00000000
-2,19580608;0,00000000
-2,19080608;0,46598175
-2,18580608;0,00000000
-2,18080608;0,46598175
-2,17580608;0,46598175
-2,17080608;0,46598175
-2,16580608;0,93196350
-2,16080608;0,46598175
-2,15580608;0,46598175
-2,15080608;0,00000000
-2,14580608;0,00000000
-2,14080608;0,00000000
-2,13580608;-0,46598175
-2,13080608;0,93196350
-2,12580608;0,46598175
-2,12080608;0,46598175
-2,11580608;0,46598175
-2,11080608;0,46598175
-2,10580608;0,46598175
-2,10080608;-0,46598175
-2,09580608;0,46598175
-2,09080608;-0,46598175
-2,08580608;0,46598175
-2,08080608;0,46598175
-2,07580608;0,46598175
-2,07080608;0,00000000
-2,06580608;0,00000000
-2,06080608;0,00000000
-2,05580608;-0,46598175
-2,05080608;0,93196350
-2,04580608;-0,46598175
-2,04080608;0,46598175
-2,03580608;0,00000000
-2,03080608;0,00000000
-2,02580608;0,00000000
-2,02080608;0,00000000
-2,01580608;0,46598175
-2,01080608;0,00000000
-2,00580608;0,00000000
-2,00080608;0,00000000
-1,99580608;0,00000000
-1,99080608;0,00000000
-1,98580608;0,00000000
-1,98080608;0,46598175
-1,97580609;0,00000000
-1,97080609;0,46598175
-1,96580609;0,46598175
-1,96080609;0,46598175
-1,95580609;0,00000000
-1,95080609;0,46598175
-1,94580609;-0,93196350
-1,94080609;0,00000000
-1,93580609;-0,46598175
-1,93080609;0,46598175
-1,92580609;-0,46598175
-1,92080609;0,46598175
-1,91580609;0,46598175
-1,91080609;0,93196350
-1,90580609;0,46598175
-1,90080609;0,00000000
-1,89580609;-1,86546493
-1,89080609;0,00000000
-1,88580609;0,46598175
-1,88080609;0,00000000
-1,87580609;0,00000000
-1,87080609;0,46598175
-1,86580609;0,00000000
-1,86080609;0,00000000
-1,85580609;-0,46598175
-1,85080609;-0,46598175
-1,84580609;0,00000000
-1,84080609;0,00000000
-1,83580609;0,00000000
-1,83080609;0,00000000
-1,82580609;0,46598175
-1,82080609;0,46598175
-1,81580609;0,00000000
-1,81080609;0,00000000
-1,80580609;0,00000000
-1,80080609;0,00000000
-1,79580609;0,00000000
-1,79080609;0,46598175
-1,78580609;0,00000000
-1,78080609;0,46598175
-1,77580609;0,46598175
-1,77080609;0,00000000
-1,76580609;0,00000000
-1,76080609;0,00000000
-1,75580609;0,93196350
-1,75080609;-0,46598175
-1,74580609;0,46598175
-1,74080609;-0,46598175
-1,73580609;0,46598175
-1,73080609;0,00000000
-1,72580609;-0,93196350
-1,72080609;0,00000000
-1,71580609;0,00000000
-1,71080609;0,00000000
-1,70580609;-0,46598175
-1,70080609;0,46598175
-1,69580609;0,46598175
-1,69080609;0,00000000
-1,68580609;0,00000000
-1,68080609;-0,46598175
-1,67580609;0,00000000
-1,67080609;0,46598175
-1,66580609;0,00000000
-1,66080609;0,00000000
-1,65580609;0,00000000
-1,65080609;0,46598175
-1,64580609;0,00000000
-1,64080609;0,00000000
-1,63580609;0,46598175
-1,63080609;16,80148888
-1,62580609;0,00000000
-1,62080609;0,93196350
-1,61580609;0,00000000
-1,61080609;0,46598175
-1,60580609;0,00000000
-1,60080609;0,00000000
-1,59580609;0,00000000
-1,59080609;0,00000000
-1,58580609;0,93196350
-1,58080610;0,46598175
-1,57580610;0,46598175
-1,57080610;0,46598175
-1,56580610;0,46598175
-1,56080610;0,93196350
-1,55580610;0,00000000
-1,55080610;0,00000000
-1,54580610;0,46598175
-1,54080610;0,93196350
-1,53580610;0,46598175
-1,53080610;-0,46598175
-1,52580610;0,00000000
-1,52080610;0,46598175
-1,51580610;0,46598175
-1,51080610;0,00000000
-1,50580610;0,00000000
-1,50080610;0,46598175
-1,49580610;0,46598175
-1,49080610;0,46598175
-1,48580610;1,39948320
-1,48080610;0,00000000
-1,47580610;0,46598175
-1,47080610;0,00000000
-1,46580610;0,00000000
-1,46080610;0,46598175
-1,45580610;0,00000000
-1,45080610;-2,33298445
-1,44580610;-0,46598175
-1,44080610;0,00000000
-1,43580610;0,46598175
-1,43080610;0,46598175
-1,42580610;0,46598175
-1,42080610;0,00000000
-1,41580610;0,46598175
-1,41080610;0,00000000
-1,40580610;0,00000000
-1,40080610;3,26648593
-1,39580610;0,00000000
-1,39080610;-0,93196350
-1,38580610;0,93196350
-1,38080610;0,00000000
-1,37580610;1,39948320
-1,37080610;0,00000000
-1,36580610;0,46598175
-1,36080610;0,00000000
-1,35580610;0,46598175
-1,35080610;-0,93196350
-1,34580610;0,46598175
-1,34080610;0,00000000
-1,33580610;0,93196350
-1,33080610;0,93196350
-1,32580610;0,46598175
-1,32080610;0,46598175
-1,31580610;0,46598175
-1,31080610;0,00000000
-1,30580610;0,00000000
-1,30080610;0,46598175
-1,29580610;0,46598175
-1,29080610;0,46598175
-1,28580610;0,46598175
-1,28080610;0,00000000
-1,27580610;0,93196350
-1,27080610;0,46598175
-1,26580610;0,46598175
-1,26080610;0,46598175
-1,25580610;0,46598175
-1,25080610;0,00000000
-1,24580610;0,46598175
-1,24080610;0,00000000
-1,23580610;0,46598175
-1,23080610;0,00000000
-1,22580610;0,46598175
-1,22080610;0,46598175
-1,21580610;0,46598175
-1,21080610;0,46598175
-1,20580610;0,46598175
-1,20080610;0,00000000
-1,19580610;0,93196350
-1,19080610;0,46598175
-1,18580611;0,46598175
-1,18080611;0,46598175
-1,17580611;0,00000000
-1,17080611;0,46598175
-1,16580611;0,00000000
-1,16080611;0,00000000
-1,15580611;0,00000000
-1,15080611;0,46598175
-1,14580611;-0,46598175
-1,14080611;0,00000000
-1,13580611;0,93196350
-1,13080611;0,00000000
-1,12580611;0,00000000
-1,12080611;0,00000000
-1,11580611;0,00000000
-1,11080611;0,46598175
-1,10580611;0,46598175
-1,10080611;0,00000000
-1,09580611;0,00000000
-1,09080611;0,00000000
-1,08580611;0,00000000
-1,08080611;1,86546493
-1,07580611;-0,46598175
-1,07080611;-0,46598175
-1,06580611;0,00000000
-1,06080611;-0,46598175
-1,05580611;0,46598175
-1,05080611;0,00000000
-1,04580611;-0,93196350
-1,04080611;0,93196350
-1,03580611;0,00000000
-1,03080611;0,00000000
-1,02580611;0,46598175
-1,02080611;0,00000000
-1,01580611;0,93196350
-1,01080611;0,00000000
-1,00580611;0,00000000
-1,00080611;0,00000000
-0,99580611;-0,46598175
-0,99080611;0,46598175
-0,98580611;0,00000000
-0,98080611;-0,46598175
-0,97580611;1,39948320
-0,97080611;0,46598175
-0,96580611;0,93196350
-0,96080611;-0,93196350
-0,95580611;0,93196350
-0,95080611;0,00000000
-0,94580611;0,46598175
-0,94080611;0,46598175
-0,93580611;0,00000000
-0,93080611;-0,93196350
-0,92580611;0,46598175
-0,92080611;0,46598175
-0,91580611;0,46598175
-0,91080611;0,93196350
-0,90580611;0,46598175
-0,90080611;0,93196350
-0,89580611;-0,46598175
-0,89080611;0,00000000
-0,88580611;0,46598175
-0,88080611;0,46598175
-0,87580611;-0,46598175
-0,87080611;0,00000000
-0,86580611;0,00000000
-0,86080611;0,00000000
-0,85580611;2,33298445
-0,85080611;0,00000000
-0,84580611;0,93196350
-0,84080611;0,46598175
-0,83580611;0,46598175
-0,83080611;0,46598175
-0,82580611;0,00000000
-0,82080611;0,46598175
-0,81580611;0,00000000
-0,81080611;1,86546493
-0,80580611;0,46598175
-0,80080611;0,46598175
-0,79580611;0,46598175
-0,79080612;-0,46598175
-0,78580612;0,46598175
-0,78080612;0,46598175
-0,77580612;1,86546493
-0,77080612;0,46598175
-0,76580612;1,86546493
-0,76080612;0,46598175
-0,75580612;0,00000000
-0,75080612;0,00000000
-0,74580612;0,46598175
-0,74080612;0,00000000
-0,73580612;0,93196350
-0,73080612;0,00000000
-0,72580612;0,00000000
-0,72080612;0,46598175
-0,71580612;-0,93196350
-0,71080612;0,00000000
-0,70580612;0,00000000
-0,70080612;-0,46598175
-0,69580612;-0,93196350
-0,69080612;0,46598175
-0,68580612;0,00000000
-0,68080612;0,46598175
-0,67580612;0,46598175
-0,67080612;0,00000000
-0,66580612;-2,33298445
-0,66080612;0,00000000
-0,65580612;-0,46598175
-0,65080612;0,46598175
-0,64580612;0,46598175
-0,64080612;-0,46598175
-0,63580612;0,46598175
-0,63080612;-0,46598175
-0,62580612;0,46598175
-0,62080612;0,00000000
-0,61580612;0,46598175
-0,61080612;0,00000000
-0,60580612;0,00000000
-0,60080612;0,00000000
-0,59580612;0,46598175
-0,59080612;0,00000000
-0,58580612;0,00000000
-0,58080612;0,00000000
-0,57580612;1,39948320
-0,57080612;0,00000000
-0,56580612;0,00000000
-0,56080612;-0,93196350
-0,55580612;0,00000000
-0,55080612;0,00000000
-0,54580612;0,00000000
-0,54080612;0,93196350
-0,53580612;0,46598175
-0,53080612;0,00000000
-0,52580612;0,00000000
-0,52080612;0,93196350
-0,51580612;0,00000000
-0,51080612;0,46598175
-0,50580612;0,46598175
-0,50080612;0,00000000
-0,49580612;0,00000000
-0,49080612;0,46598175
-0,48580612;-0,46598175
-0,48080612;0,00000000
-0,47580612;0,00000000
-0,47080612;0,00000000
-0,46580612;0,00000000
-0,46080612;0,00000000
-0,45580612;0,00000000
-0,45080612;0,46598175
-0,44580612;0,46598175
-0,44080612;0,46598175
-0,43580612;0,46598175
-0,43080612;0,00000000
-0,42580612;0,00000000
-0,42080612;0,00000000
-0,41580612;0,00000000
-0,41080612;0,93196350
-0,40580612;0,00000000
-0,40080612;0,46598175
-0,39580613;0,00000000
-0,39080613;0,46598175
-0,38580613;-0,46598175
-0,38080613;0,00000000
-0,37580613;0,00000000
-0,37080613;0,00000000
-0,36580613;0,46598175
-0,36080613;0,93196350
-0,35580613;0,46598175
-0,35080613;0,00000000
-0,34580613;0,46598175
-0,34080613;0,93196350
-0,33580613;0,46598175
-0,33080613;0,00000000
-0,32580613;0,46598175
-0,32080613;-0,46598175
-0,31580613;0,46598175
-0,31080613;0,00000000
-0,30580613;-0,93196350
-0,30080613;0,00000000
-0,29580613;0,46598175
-0,29080613;0,00000000
-0,28580613;0,93196350
-0,28080613;0,00000000
-0,27580613;0,46598175
-0,27080613;0,46598175
-0,26580613;-0,46598175
-0,26080613;0,00000000
-0,25580613;-0,46598175
-0,25080613;0,00000000
-0,24580613;0,93196350
-0,24080613;0,00000000
-0,23580613;0,46598175
-0,23080613;-1,39948320
-0,22580613;0,46598175
-0,22080613;0,46598175
-0,21580613;0,00000000
-0,21080613;-0,46598175
-0,20580613;0,00000000
-0,20080613;-0,46598175
-0,19580613;0,93196350
-0,19080613;0,93196350
-0,18580613;0,93196350
-0,18080613;0,46598175
-0,17580613;1,86546493
-0,17080613;0,00000000
-0,16580613;0,00000000
-0,16080613;0,00000000
-0,15580613;0,00000000
-0,15080613;0,46598175
-0,14580613;0,93196350
-0,14080613;0,46598175
-0,13580613;0,00000000
-0,13080613;-0,46598175
-0,12580613;0,93196350
-0,12080613;0,46598175
-0,11580613;0,46598175
-0,11080613;0,46598175
-0,10580613;0,00000000
-0,10080613;0,46598175
-0,09580613;0,93196350
-0,09080613;0,00000000
-0,08580613;0,00000000
-0,08080613;0,00000000
-0,07580613;0,00000000
-0,07080613;0,46598175
-0,06580613;0,00000000
-0,06080613;0,46598175
-0,05580613;-0,46598175
-0,05080613;0,46598175
-0,04580613;0,00000000
-0,04080613;0,46598175
-0,03580613;0,00000000
-0,03080613;0,93196350
-0,02580613;0,00000000
-0,02080613;0,00000000
-0,01580613;0,00000000
-0,01080613;0,00000000
-0,00580613;0,46598175
-0,00080613;0,00000000
0,00419386;14,46850300
0,00919386;0,00000000
0,01419386;0,46598175
0,01919386;0,93196350
0,02419386;0,93196350
0,02919386;0,00000000
0,03419386;-0,93196350
0,03919386;0,93196350
0,04419386;1,39948320
0,04919386;0,00000000
0,05419386;0,00000000
0,05919386;0,00000000
0,06419386;0,00000000
0,06919386;0,46598175
0,07419386;0,46598175
0,07919386;0,00000000
0,08419386;0,46598175
0,08919386;-0,46598175
0,09419386;-0,46598175
0,09919386;0,46598175
0,10419386;0,00000000
0,10919386;0,00000000
0,11419386;0,46598175
0,11919386;0,00000000
0,12419386;0,00000000
0,12919386;0,46598175
0,13419386;0,00000000
0,13919386;0,00000000
0,14419386;0,00000000
0,14919386;0,46598175
0,15419386;0,00000000
0,15919386;0,00000000
0,16419386;0,46598175
0,16919386;-0,46598175
0,17419386;0,00000000
0,17919386;0,00000000
0,18419386;0,00000000
0,18919386;0,00000000
0,19419386;0,46598175
0,19919386;0,00000000
0,20419386;0,46598175
0,20919386;-0,46598175
0,21419386;-0,46598175
0,21919386;0,00000000
0,22419386;0,00000000
0,22919386;0,46598175
0,23419386;0,46598175
0,23919386;0,00000000
0,24419386;-0,46598175
0,24919386;-0,46598175
0,25419386;0,00000000
0,25919386;0,46598175
0,26419386;-2,79896641
0,26919386;0,46598175
0,27419386;0,46598175
0,27919386;0,93196350
0,28419386;0,00000000
0,28919386;0,00000000
0,29419386;-0,46598175
0,29919386;-0,46598175
0,30419386;-0,93196350
0,30919386;0,00000000
0,31419386;0,46598175
0,31919386;0,00000000
0,32419386;0,46598175
0,32919386;0,00000000
0,33419386;0,00000000
0,33919386;0,00000000
0,34419386;0,00000000
0,34919386;0,46598175
0,35419386;0,00000000
0,35919386;0,93196350
0,36419386;0,46598175
0,36919386;-0,46598175
0,37419386;0,46598175
0,37919386;0,46598175
0,38419386;0,00000000
0,38919386;-0,46598175
0,39419386;-0,46598175
0,39919385;0,00000000
0,40419385;0,00000000
0,40919385;0,93196350
0,41419385;0,46598175
0,41919385;0,46598175
0,42419385;1,86546493
0,42919385;0,00000000
0,43419385;0,00000000
0,43919385;0,46598175
0,44419385;12,60150051
0,44919385;0,46598175
0,45419385;-0,93196350
0,45919385;0,46598175
0,46419385;0,46598175
0,46919385;0,00000000
0,47419385;0,46598175
0,47919385;0,00000000
0,48419385;0,00000000
0,48919385;0,46598175
0,49419385;0,93196350
0,49919385;0,46598175
0,50419385;0,46598175
0,50919385;-1,39948320
0,51419385;0,46598175
0,51919385;0,00000000
0,52419385;0,00000000
0,52919385;0,00000000
0,53419385;0,93196350
0,53919385;0,46598175
0,54419385;0,46598175
0,54919385;-0,93196350
0,55419385;0,00000000
0,55919385;-0,93196350
0,56419385;0,00000000
0,56919385;0,46598175
0,57419385;0,00000000
0,57919385;0,00000000
0,58419385;0,46598175
0,58919385;0,46598175
0,59419385;0,46598175
0,59919385;0,46598175
0,60419385;0,00000000
0,60919385;0,00000000
0,61419385;0,00000000
0,61919385;0,46598175
0,62419385;-0,93196350
0,62919385;0,00000000
0,63419385;0,93196350
0,63919385;-2,33298445
0,64419385;0,46598175
0,64919385;-0,93196350
0,65419385;0,46598175
0,65919385;0,00000000
0,66419385;0,46598175
0,66919385;0,00000000
0,67419385;0,00000000
0,67919385;0,93196350
0,68419385;0,93196350
0,68919385;0,00000000
0,69419385;0,00000000
0,69919385;-0,46598175
0,70419385;0,00000000
0,70919385;0,00000000
0,71419385;0,00000000
0,71919385;0,46598175
0,72419385;0,46598175
0,72919385;0,00000000
0,73419385;-0,46598175
0,73919385;0,46598175
0,74419385;0,00000000
0,74919385;0,00000000
0,75419385;0,00000000
0,75919385;0,46598175
0,76419385;-0,46598175
0,76919385;0,00000000
0,77419385;-0,93196350
0,77919385;0,00000000
0,78419385;-0,46598175
0,78919385;0,00000000
0,79419384;-2,33298445
0,79919384;-0,46598175
0,80419384;-1,39948320
0,80919384;0,93196350
0,81419384;0,46598175
0,81919384;0,46598175
0,82419384;0,93196350
0,82919384;0,46598175
0,83419384;0,00000000
0,83919384;0,46598175
0,84419384;0,46598175
0,84919384;0,00000000
0,85419384;-0,46598175
0,85919384;0,46598175
0,86419384;-0,46598175
0,86919384;0,93196350
0,87419384;0,00000000
0,87919384;0,46598175
0,88419384;-1,86546493
0,88919384;0,00000000
0,89419384;-0,93196350
0,89919384;0,00000000
0,90419384;0,46598175
0,90919384;0,93196350
0,91419384;-0,46598175
0,91919384;0,00000000
0,92419384;0,00000000
0,92919384;0,46598175
0,93419384;0,00000000
0,93919384;-0,46598175
0,94419384;0,46598175
0,94919384;0,46598175
0,95419384;1,39948320
0,95919384;0,00000000
0,96419384;0,93196350
0,96919384;0,46598175
0,97419384;0,00000000
0,97919384;0,46598175
0,98419384;-0,46598175
0,98919384;-0,46598175
0,99419384;0,00000000
0,99919384;0,46598175
1,00419384;-0,46598175
1,00919384;0,46598175
1,01419384;-0,46598175
1,01919384;0,00000000
1,02419384;-0,93196350
1,02919384;0,46598175
1,03419384;0,46598175
1,03919384;1,39948320
1,04419384;0,46598175
1,04919384;0,93196350
1,05419384;0,00000000
1,05919384;0,93196350
1,06419384;0,46598175
1,06919384;0,00000000
1,07419384;0,00000000
1,07919384;0,00000000
1,08419384;0,00000000
1,08919384;-0,46598175
1,09419384;-0,46598175
1,09919384;0,46598175
1,10419384;0,93196350
1,10919384;0,46598175
1,11419384;0,00000000
1,11919384;0,00000000
1,12419384;-1,39948320
1,12919384;0,00000000
1,13419384;0,00000000
1,13919384;0,00000000
1,14419384;-0,46598175
1,14919384;-0,93196350
1,15419384;0,93196350
1,15919384;0,00000000
1,16419384;0,00000000
1,16919384;0,46598175
1,17419384;0,00000000
1,17919384;-0,93196350
1,18419384;0,00000000
1,18919383;0,93196350
1,19419383;0,46598175
1,19919383;0,00000000
1,20419383;0,00000000
1,20919383;0,46598175
1,21419383;0,93196350
1,21919383;0,46598175
1,22419383;0,00000000
1,22919383;0,00000000
1,23419383;0,00000000
1,23919383;1,86546493
1,24419383;1,39948320
1,24919383;0,00000000
1,25419383;0,46598175
1,25919383;-0,46598175
1,26419383;0,00000000
1,26919383;0,46598175
1,27419383;0,46598175
1,27919383;0,00000000
1,28419383;0,46598175
1,28919383;0,93196350
1,29419383;-0,46598175
1,29919383;0,00000000
1,30419383;0,00000000
1,30919383;0,46598175
1,31419383;0,00000000
1,31919383;0,00000000
1,32419383;0,46598175
1,32919383;0,46598175
1,33419383;0,46598175
1,33919383;0,00000000
1,34419383;0,00000000
1,34919383;0,46598175
1,35419383;0,00000000
1,35919383;0,46598175
1,36419383;0,46598175
1,36919383;0,46598175
1,37419383;0,00000000
1,37919383;0,00000000
1,38419383;0,00000000
1,38919383;0,46598175
1,39419383;0,93196350
1,39919383;0,00000000
1,40419383;0,00000000
1,40919383;0,00000000
1,41419383;-0,46598175
1,41919383;0,00000000
1,42419383;0,00000000
1,42919383;0,00000000
1,43419383;0,46598175
1,43919383;0,00000000
1,44419383;-0,93196350
1,44919383;0,46598175
1,45419383;0,46598175
1,45919383;2,79896641
1,46419383;0,46598175
1,46919383;0,46598175
1,47419383;0,46598175
1,47919383;0,46598175
1,48419383;0,46598175
1,48919383;0,46598175
1,49419383;0,00000000
1,49919383;0,46598175
1,50419383;0,46598175
1,50919383;0,00000000
1,51419383;0,46598175
1,51919383;0,00000000
1,52419383;0,00000000
1,52919383;0,46598175
1,53419383;-0,46598175
1,53919383;0,93196350
1,54419383;0,00000000
1,54919383;0,46598175
1,55419383;0,00000000
1,55919383;-0,46598175
1,56419383;0,93196350
1,56919383;1,39948320
1,57419383;0,00000000
1,57919383;0,46598175
1,58419382;0,46598175
1,58919382;0,46598175
1,59419382;0,00000000
1,59919382;0,46598175
1,60419382;-0,46598175
1,60919382;0,00000000
1,61419382;0,00000000
1,61919382;0,00000000
1,62419382;0,00000000
1,62919382;-0,46598175
1,63419382;0,00000000
1,63919382;0,93196350
1,64419382;0,00000000
1,64919382;0,00000000
1,65419382;0,93196350
1,65919382;0,93196350
1,66419382;0,46598175
1,66919382;0,93196350
1,67419382;0,46598175
1,67919382;0,46598175
1,68419382;0,00000000
1,68919382;0,46598175
1,69419382;0,46598175
1,69919382;0,93196350
1,70419382;0,00000000
1,70919382;0,46598175
1,71419382;0,46598175
1,71919382;0,46598175
1,72419382;0,93196350
1,72919382;0,46598175
1,73419382;0,46598175
1,73919382;0,00000000
1,74419382;0,00000000
1,74919382;0,46598175
1,75419382;0,00000000
1,75919382;0,00000000
1,76419382;0,46598175
1,76919382;0,00000000
1,77419382;0,00000000
1,77919382;0,46598175
1,78419382;0,46598175
1,78919382;0,93196350
1,79419382;-1,39948320
1,79919382;-0,46598175
1,80419382;0,00000000
1,80919382;0,46598175
1,81419382;0,46598175
1,81919382;0,93196350
1,82419382;0,00000000
1,82919382;0,00000000
1,83419382;0,93196350
1,83919382;0,46598175
1,84419382;0,00000000
1,84919382;0,00000000
1,85419382;1,39948320
1,85919382;0,00000000
1,86419382;0,93196350
1,86919382;0,46598175
1,87419382;-0,93196350
1,87919382;0,00000000
1,88419382;0,00000000
1,88919382;0,46598175
1,89419382;0,00000000
1,89919382;0,00000000
1,90419382;-0,93196350
1,90919382;0,00000000
1,91419382;0,46598175
1,91919382;0,00000000
1,92419382;0,00000000
1,92919382;0,46598175
1,93419382;0,93196350
1,93919382;-1,39948320
1,94419382;0,46598175
1,94919382;-0,46598175
1,95419382;0,93196350
1,95919382;0,46598175
1,96419382;0,46598175
1,96919382;0,00000000
1,97419382;-0,46598175
1,97919381;0,00000000
1,98419381;-0,46598175
1,98919381;0,00000000
1,99419381;0,46598175
1,99919381;0,00000000
2,00419381;0,46598175
2,00919381;0,46598175
2,01419381;0,46598175
2,01919381;0,46598175
2,02419381;0,00000000
2,02919381;-0,46598175
2,03419381;0,46598175
2,03919381;1,86546493
2,04419381;0,46598175
2,04919381;0,00000000
2,05419381;1,86546493
2,05919381;0,00000000
2,06419381;-0,46598175
2,06919381;-0,46598175
2,07419381;0,00000000
2,07919381;0,00000000
2,08419381;0,00000000
2,08919381;0,93196350
2,09419381;0,46598175
2,09919381;0,00000000
2,10419381;0,00000000
2,10919381;0,00000000
2,11419381;0,00000000
2,11919381;0,46598175
2,12419381;0,46598175
2,12919381;0,93196350
2,13419381;0,46598175
2,13919381;0,00000000
2,14419381;-0,46598175
2,14919381;0,00000000
2,15419381;0,00000000
2,15919381;0,46598175
2,16419381;0,00000000
2,16919381;0,46598175
2,17419381;0,00000000
2,17919381;2,79896641
2,18419381;0,93196350
2,18919381;-0,46598175
2,19419381;0,46598175
2,19919381;-0,46598175
2,20419381;0,46598175
2,20919381;0,93196350
2,21419381;0,00000000
2,21919381;-0,46598175
2,22419381;0,00000000
2,22919381;-0,46598175
2,23419381;0,46598175
2,23919381;-1,39948320
2,24419381;0,46598175
2,24919381;0,46598175
2,25419381;0,00000000
2,25919381;-0,46598175
2,26419381;-0,93196350
2,26919381;0,46598175
2,27419381;0,46598175
2,27919381;0,00000000
2,28419381;0,46598175
2,28919381;0,46598175
2,29419381;-0,46598175
2,29919381;-0,46598175
2,30419381;0,00000000
2,30919381;0,46598175
2,31419381;0,00000000
2,31919381;0,00000000
2,32419381;0,46598175
2,32919381;0,00000000
2,33419381;0,93196350
2,33919381;0,46598175
2,34419381;0,46598175
2,34919381;0,00000000
2,35419381;0,00000000
2,35919381;-0,93196350
2,36419381;0,46598175
2,36919381;0,00000000
2,37419381;-0,93196350
2,37919380;0,00000000
2,38419380;-0,46598175
2,38919380;0,00000000
2,39419380;0,00000000
2,39919380;0,00000000
2,40419380;0,00000000
2,40919380;-1,39948320
2,41419380;-0,46598175
2,41919380;0,00000000
2,42419380;0,46598175
2,42919380;0,00000000
2,43419380;-0,46598175
2,43919380;1,86546493
2,44419380;0,00000000
2,44919380;-0,93196350
2,45419380;-0,93196350
2,45919380;0,46598175
2,46419380;0,00000000
2,46919380;0,00000000
2,47419380;0,00000000
2,47919380;-0,46598175
2,48419380;-0,46598175
2,48919380;-0,46598175
2,49419380;-0,93196350
2,49919380;0,46598175
2,50419380;0,00000000
2,50919380;0,46598175
2,51419380;0,00000000
2,51919380;0,46598175
2,52419380;-0,46598175
2,52919380;0,46598175
2,53419380;0,00000000
2,53919380;0,00000000
2,54419380;0,46598175
2,54919380;0,00000000
2,55419380;0,46598175
2,55919380;0,46598175
2,56419380;0,46598175
2,56919380;0,46598175
2,57419380;0,00000000
2,57919380;0,00000000
2,58419380;0,00000000
2,58919380;0,46598175
2,59419380;0,46598175
2,59919380;0,00000000
2,60419380;0,46598175
2,60919380;0,00000000
2,61419380;0,46598175
2,61919380;0,00000000
2,62419380;-0,46598175
2,62919380;0,46598175
2,63419380;0,00000000
2,63919380;-0,46598175
2,64419380;0,46598175
2,64919380;0,46598175
2,65419380;0,00000000
2,65919380;0,46598175
2,66419380;0,46598175
2,66919380;0,00000000
2,67419380;-0,46598175
2,67919380;0,46598175
2,68419380;0,00000000
2,68919380;0,00000000
2,69419380;0,46598175
2,69919380;0,00000000
2,70419380;-0,46598175
2,70919380;-0,46598175
2,71419380;0,00000000
2,71919380;0,00000000
2,72419380;0,46598175
2,72919380;0,46598175
2,73419380;0,00000000
2,73919380;0,46598175
2,74419380;0,46598175
2,74919380;0,00000000
2,75419380;0,00000000
2,75919380;0,00000000
2,76419380;7,46647358
2,76919380;0,00000000
2,77419379;0,00000000
2,77919379;0,46598175
2,78419379;0,46598175
2,78919379;0,46598175
2,79419379;0,46598175
2,79919379;0,00000000
2,80419379;0,00000000
2,80919379;0,46598175
2,81419379;0,46598175
2,81919379;0,00000000
2,82419379;0,00000000
2,82919379;0,00000000
2,83419379;0,46598175
2,83919379;0,00000000
2,84419379;0,46598175
2,84919379;0,46598175
2,85419379;0,00000000
2,85919379;0,46598175
2,86419379;0,46598175
2,86919379;0,00000000
2,87419379;0,00000000
2,87919379;0,46598175
2,88419379;-0,46598175
2,88919379;0,46598175
2,89419379;0,00000000
2,89919379;0,93196350
2,90419379;-0,93196350
2,90919379;-0,93196350
2,91419379;0,46598175
2,91919379;0,00000000
2,92419379;0,46598175
2,92919379;-0,93196350
2,93419379;0,00000000
2,93919379;0,00000000
2,94419379;0,46598175
2,94919379;0,00000000
2,95419379;0,46598175
2,95919379;0,46598175
2,96419379;0,00000000
2,96919379;0,46598175
2,97419379;0,00000000
2,97919379;0,46598175
2,98419379;0,00000000
2,98919379;0,00000000
2,99419379;-0,46598175
2,99919379;0,00000000
3,00419379;-1,39948320
3,00919379;0,93196350
3,01419379;0,00000000
3,01919379;0,46598175
3,02419379;0,00000000
3,02919379;1,39948320
3,03419379;0,46598175
3,03919379;-0,46598175
3,04419379;0,00000000
3,04919379;0,46598175
3,05419379;0,00000000
3,05919379;0,46598175
3,06419379;0,93196350
3,06919379;-0,46598175
3,07419379;0,46598175
3,07919379;0,00000000
3,08419379;0,46598175
3,08919379;0,46598175
3,09419379;-0,46598175
3,09919379;-0,46598175
3,10419379;0,93196350
3,10919379;-0,46598175
3,11419379;0,46598175
3,11919379;0,93196350
3,12419379;0,00000000
3,12919379;0,46598175
3,13419379;0,46598175
3,13919379;0,00000000
3,14419379;-0,46598175
3,14919379;0,46598175
3,15419379;0,46598175
3,15919379;-0,46598175
3,16419379;1,86546493
3,16919378;0,46598175
3,17419378;0,00000000
3,17919378;0,46598175
3,18419378;0,46598175
3,18919378;0,46598175
3,19419378;0,00000000
3,19919378;0,00000000
3,20419378;0,46598175
3,20919378;0,00000000
3,21419378;0,46598175
3,21919378;-0,46598175
3,22419378;0,46598175
3,22919378;0,46598175
3,23419378;0,00000000
3,23919378;0,46598175
3,24419378;0,46598175
3,24919378;0,00000000
3,25419378;2,33298445
3,25919378;0,46598175
3,26419378;0,46598175
3,26919378;1,39948320
3,27419378;0,46598175
3,27919378;0,00000000
3,28419378;-0,46598175
3,28919378;0,46598175
3,29419378;0,93196350
3,29919378;0,93196350
3,30419378;0,93196350
3,30919378;0,00000000
3,31419378;0,00000000
3,31919378;0,00000000
3,32419378;-0,46598175
3,32919378;-0,46598175
3,33419378;0,46598175
3,33919378;-0,46598175
3,34419378;0,46598175
3,34919378;0,00000000
3,35419378;0,00000000
3,35919378;0,00000000
3,36419378;0,46598175
3,36919378;0,93196350
3,37419378;0,00000000
3,37919378;0,46598175
3,38419378;0,46598175
3,38919378;0,46598175
3,39419378;0,00000000
3,39919378;0,00000000
3,40419378;0,46598175
3,40919378;0,46598175
3,41419378;-0,46598175
3,41919378;11,66799831
3,42419378;0,46598175
3,42919378;0,46598175
3,43419378;-1,39948320
3,43919378;-0,46598175
3,44419378;0,00000000
3,44919378;0,46598175
3,45419378;-0,46598175
3,45919378;0,00000000
3,46419378;0,46598175
3,46919378;0,00000000
3,47419378;0,00000000
3,47919378;0,46598175
3,48419378;-0,46598175
3,48919378;0,93196350
3,49419378;0,46598175
3,49919378;0,46598175
3,50419378;0,00000000
3,50919378;-1,86546493
3,51419378;0,00000000
3,51919378;0,46598175
3,52419378;0,46598175
3,52919378;0,00000000
3,53419378;0,00000000
3,53919378;0,00000000
3,54419378;0,46598175
3,54919378;0,00000000
3,55419378;0,46598175
3,55919378;0,46598175
3,56419377;0,00000000
3,56919377;-0,46598175
3,57419377;0,46598175
3,57919377;0,46598175
3,58419377;0,00000000
3,58919377;-0,46598175
3,59419377;-0,46598175
3,59919377;0,00000000
3,60419377;0,00000000
3,60919377;0,00000000
3,61419377;0,00000000
3,61919377;0,46598175
3,62419377;0,00000000
3,62919377;0,00000000
3,63419377;0,00000000
3,63919377;0,46598175
3,64419377;-0,46598175
3,64919377;-0,93196350
3,65419377;-0,93196350
3,65919377;0,46598175
3,66419377;0,46598175
3,66919377;0,46598175
3,67419377;0,46598175
3,67919377;0,46598175
3,68419377;0,46598175
3,68919377;-0,46598175
3,69419377;0,00000000
3,69919377;-0,46598175
3,70419377;-1,39948320
3,70919377;0,93196350
3,71419377;0,46598175
3,71919377;0,00000000
3,72419377;0,46598175
3,72919377;-0,46598175
3,73419377;0,00000000
3,73919377;-0,46598175
3,74419377;0,00000000
3,74919377;0,00000000
3,75419377;0,46598175
3,75919377;0,46598175
3,76419377;0,46598175
3,76919377;0,00000000
3,77419377;0,00000000
3,77919377;0,46598175
3,78419377;-0,46598175
3,78919377;0,00000000
3,79419377;0,93196350
3,79919377;0,00000000
3,80419377;0,46598175
3,80919377;0,00000000
3,81419377;-0,93196350
3,81919377;0,00000000
3,82419377;0,00000000
3,82919377;0,00000000
3,83419377;-0,46598175
3,83919377;-0,93196350
3,84419377;0,00000000
3,84919377;0,00000000
3,85419377;2,33298445
3,85919377;0,00000000
3,86419377;-0,46598175
3,86919377;1,39948320
3,87419377;0,46598175
3,87919377;0,00000000
3,88419377;0,00000000
3,88919377;0,46598175
3,89419377;0,00000000
3,89919377;0,00000000
3,90419377;0,00000000
3,90919377;0,46598175
3,91419377;0,46598175
3,91919377;0,46598175
3,92419377;0,46598175
3,92919377;0,00000000
3,93419377;-0,46598175
3,93919377;0,00000000
3,94419377;1,39948320
3,94919377;0,46598175
3,95419377;0,93196350
3,95919376;0,00000000
3,96419376;-0,46598175
3,96919376;0,00000000
3,97419376;0,00000000
3,97919376;-0,46598175
3,98419376;-0,46598175
3,98919376;0,00000000
3,99419376;-0,46598175
3,99919376;0,00000000
4,00419376;0,93196350
4,00919376;0,00000000
4,01419376;0,46598175
4,01919376;0,00000000
4,02419376;-0,93196350
4,02919376;0,46598175
4,03419376;0,46598175
4,03919376;0,46598175
4,04419376;0,00000000
4,04919376;0,00000000
4,05419376;-2,33298445
4,05919376;0,46598175
4,06419376;0,46598175
4,06919376;0,46598175
4,07419376;0,00000000
4,07919376;0,00000000
4,08419376;-0,46598175
4,08919376;0,00000000
4,09419376;0,00000000
4,09919376;0,00000000
4,10419376;0,00000000
4,10919376;-0,46598175
4,11419376;0,46598175
4,11919376;-0,46598175
4,12419376;0,00000000
4,12919376;0,00000000
4,13419376;0,00000000
4,13919376;0,00000000
4,14419376;-0,46598175
4,14919376;0,46598175
4,15419376;0,00000000
4,15919376;-0,93196350
4,16419376;0,46598175
4,16919376;-0,46598175
4,17419376;0,46598175
4,17919376;0,46598175
4,18419376;0,93196350
4,18919376;0,46598175
4,19419376;0,46598175
4,19919376;0,00000000
4,20419376;0,46598175
4,20919376;0,93196350
4,21419376;-0,93196350
4,21919376;0,46598175
4,22419376;0,46598175
4,22919376;0,00000000
4,23419376;0,00000000
4,23919376;0,00000000
4,24419376;0,00000000
4,24919376;-0,46598175
4,25419376;0,00000000
4,25919376;0,46598175
4,26419376;1,39948320
4,26919376;0,46598175
4,27419376;0,00000000
4,27919376;-0,46598175
4,28419376;0,00000000
4,28919376;0,00000000
4,29419376;0,00000000
4,29919376;-0,46598175
4,30419376;0,93196350
4,30919376;0,00000000
4,31419376;0,00000000
4,31919376;-0,46598175
4,32419376;0,00000000
4,32919376;0,46598175
4,33419376;0,46598175
4,33919376;0,00000000
4,34419376;-1,39948320
4,34919376;0,00000000
4,35419376;1,39948320
4,35919375;-0,46598175
4,36419375;0,00000000
4,36919375;-0,93196350
4,37419375;0,93196350
4,37919375;-0,46598175
4,38419375;0,00000000
4,38919375;0,00000000
4,39419375;0,00000000
4,39919375;0,46598175
4,40419375;0,00000000
4,40919375;0,46598175
4,41419375;0,93196350
4,41919375;0,46598175
4,42419375;0,00000000
4,42919375;0,46598175
4,43419375;0,00000000
4,43919375;-1,39948320
4,44419375;0,46598175
4,44919375;0,46598175
4,45419375;-1,86546493
4,45919375;0,46598175
4,46419375;0,00000000
4,46919375;0,46598175
4,47419375;0,46598175
4,47919375;0,00000000
4,48419375;0,93196350
4,48919375;-0,46598175
4,49419375;-0,46598175
4,49919375;2,33298445
4,50419375;-0,46598175
4,50919375;0,46598175
4,51419375;0,46598175
4,51919375;0,00000000
4,52419375;0,46598175
4,52919375;0,00000000
4,53419375;-0,46598175
4,53919375;0,00000000
4,54419375;-0,46598175
4,54919375;0,46598175
4,55419375;-0,46598175
4,55919375;0,46598175
4,56419375;0,00000000
4,56919375;-0,46598175
4,57419375;0,46598175
4,57919375;0,46598175
4,58419375;-0,46598175
4,58919375;-0,46598175
4,59419375;0,00000000
4,59919375;0,46598175
4,60419375;0,46598175
4,60919375;-0,46598175
4,61419375;-0,46598175
4,61919375;0,00000000
4,62419375;0,00000000
4,62919375;0,46598175
4,63419375;0,46598175
4,63919375;-0,93196350
4,64419375;-0,46598175
4,64919375;0,00000000
4,65419375;0,00000000
4,65919375;0,46598175
4,66419375;0,00000000
4,66919375;0,46598175
4,67419375;0,00000000
4,67919375;0,46598175
4,68419375;0,93196350
4,68919375;-0,46598175
4,69419375;0,46598175
4,69919375;-0,46598175
4,70419375;0,00000000
4,70919375;-0,46598175
4,71419375;0,93196350
4,71919375;0,00000000
4,72419375;0,00000000
4,72919375;0,00000000
4,73419375;0,00000000
4,73919375;1,39948320
4,74419375;0,46598175
4,74919375;0,46598175
4,75419374;0,00000000
4,75919374;0,00000000
4,76419374;0,00000000
4,76919374;0,00000000
4,77419374;0,00000000
4,77919374;0,46598175
4,78419374;-0,46598175
4,78919374;0,93196350
4,79419374;0,46598175
4,79919374;0,46598175
4,80419374;0,00000000
4,80919374;-0,46598175
4,81419374;0,46598175
4,81919374;0,00000000
4,82419374;0,46598175
4,82919374;0,00000000
4,83419374;0,00000000
4,83919374;0,00000000
4,84419374;0,46598175
4,84919374;0,00000000
4,85419374;1,39948320
4,85919374;0,46598175
4,86419374;0,46598175
4,86919374;0,46598175
4,87419374;0,00000000
4,87919374;1,86546493
4,88419374;0,00000000
4,88919374;0,00000000
4,89419374;0,00000000
4,89919374;0,46598175
4,90419374;0,00000000
4,90919374;0,46598175
4,91419374;0,46598175
4,91919374;0,46598175
4,92419374;-0,46598175
4,92919374;-0,46598175
4,93419374;0,00000000
4,93919374;-1,39948320
4,94419374;0,46598175
4,94919374;0,46598175
4,95419374;-0,46598175
4,95919374;0,00000000
4,96419374;0,00000000
4,96919374;0,00000000
4,97419374;-0,93196350
4,97919374;0,00000000
4,98419374;0,00000000
4,98919374;-0,46598175
4,99419374;0,46598175
4,99919374;0,00000000
5,00419374;0,00000000
5,00919374;0,46598175
5,01419374;1,39948320
5,01919374;0,46598175
5,02419374;0,00000000
5,02919374;-0,93196350
5,03419374;0,00000000
5,03919374;-0,46598175
5,04419374;0,93196350
5,04919374;0,46598175
5,05419374;0,00000000
5,05919374;0,00000000
5,06419374;-0,46598175
5,06919374;-0,46598175
5,07419374;-0,46598175
5,07919374;0,46598175
5,08419374;1,39948320
5,08919374;0,00000000
5,09419374;0,46598175
5,09919374;0,46598175
5,10419374;-0,93196350
5,10919374;0,00000000
5,11419374;-0,46598175
5,11919374;1,86546493
5,12419374;0,46598175
5,12919374;0,00000000
5,13419374;0,00000000
5,13919374;0,00000000
5,14419374;0,46598175
5,14919373;0,00000000
5,15419373;0,46598175
5,15919373;0,00000000
5,16419373;0,46598175
5,16919373;-0,46598175
5,17419373;0,00000000
5,17919373;0,46598175
5,18419373;0,46598175
5,18919373;0,00000000
5,19419373;0,46598175
5,19919373;0,00000000
5,20419373;0,93196350
5,20919373;0,93196350
5,21419373;0,00000000
5,21919373;0,93196350
5,22419373;0,00000000
5,22919373;0,00000000
5,23419373;0,00000000
5,23919373;0,93196350
5,24419373;0,00000000
5,24919373;0,00000000
5,25419373;0,00000000
5,25919373;-0,46598175
5,26419373;0,46598175
5,26919373;-0,93196350
5,27419373;0,46598175
5,27919373;0,00000000
5,28419373;0,46598175
5,28919373;-1,39948320
5,29419373;0,00000000
5,29919373;-0,93196350
5,30419373;0,93196350
5,30919373;0,46598175
5,31419373;0,46598175
5,31919373;0,00000000
5,32419373;-0,46598175
5,32919373;0,00000000
5,33419373;0,46598175
5,33919373;0,46598175
5,34419373;-0,46598175
5,34919373;0,46598175
5,35419373;0,93196350
5,35919373;-0,46598175
5,36419373;0,46598175
5,36919373;0,46598175
5,37419373;0,93196350
5,37919373;0,46598175
5,38419373;0,46598175
5,38919373;-0,46598175
5,39419373;0,00000000
5,39919373;-0,46598175
5,40419373;0,00000000
5,40919373;0,00000000
5,41419373;0,46598175
5,41919373;0,00000000
5,42419373;0,46598175
5,42919373;0,46598175
5,43419373;0,00000000
5,43919373;0,00000000
5,44419373;0,46598175
5,44919373;0,93196350
5,45419373;0,46598175
5,45919373;0,46598175
5,46419373;0,46598175
5,46919373;-0,46598175
5,47419373;0,93196350
5,47919373;0,00000000
5,48419373;0,46598175
5,48919373;0,00000000
5,49419373;0,00000000
5,49919373;0,93196350
5,50419373;1,39948320
5,50919373;0,46598175
5,51419373;0,46598175
5,51919373;0,00000000
5,52419373;0,00000000
5,52919373;0,46598175
5,53419373;0,46598175
5,53919373;0,46598175
5,54419372;0,93196350
5,54919372;0,00000000
5,55419372;0,00000000
5,55919372;-1,86546493
5,56419372;0,93196350
5,56919372;0,46598175
5,57419372;0,00000000
5,57919372;1,39948320
5,58419372;0,46598175
5,58919372;0,00000000
5,59419372;0,93196350
5,59919372;0,46598175
5,60419372;0,00000000
5,60919372;0,46598175
5,61419372;0,00000000
5,61919372;0,93196350
5,62419372;0,46598175
5,62919372;-1,39948320
5,63419372;-0,46598175
5,63919372;-0,46598175
5,64419372;0,46598175
5,64919372;0,46598175
5,65419372;-0,46598175
5,65919372;1,39948320
5,66419372;0,93196350
5,66919372;-0,46598175
5,67419372;0,00000000
5,67919372;-0,46598175
5,68419372;0,93196350
5,68919372;0,46598175
5,69419372;0,46598175
5,69919372;-0,46598175
5,70419372;-0,46598175
5,70919372;0,46598175
5,71419372;0,00000000
5,71919372;-0,46598175
5,72419372;0,93196350
5,72919372;-0,46598175
5,73419372;0,46598175
5,73919372;0,46598175
5,74419372;0,00000000
5,74919372;0,46598175
5,75419372;0,93196350
5,75919372;0,46598175
5,76419372;-0,46598175
5,76919372;0,93196350
5,77419372;0,00000000
5,77919372;0,46598175
5,78419372;0,46598175
5,78919372;0,46598175
5,79419372;-0,46598175
5,79919372;0,00000000
5,80419372;0,46598175
5,80919372;-0,46598175
5,81419372;0,46598175
5,81919372;0,00000000
5,82419372;0,00000000
5,82919372;0,00000000
5,83419372;0,46598175
5,83919372;0,00000000
5,84419372;0,00000000
5,84919372;0,00000000
5,85419372;0,00000000
5,85919372;-0,46598175
5,86419372;-7,93399334
5,86919372;-2,33298445
5,87419372;1,39948320
5,87919372;0,46598175
5,88419372;0,93196350
5,88919372;0,46598175
5,89419372;0,46598175
5,89919372;1,39948320
5,90419372;0,46598175
5,90919372;0,00000000
5,91419372;0,00000000
5,91919372;0,46598175
5,92419372;0,00000000
5,92919372;9,33347607
5,93419372;0,00000000
5,93919371;0,93196350
5,94419371;0,46598175
5,94919371;0,00000000
5,95419371;0,46598175
5,95919371;-0,46598175
5,96419371;0,00000000
5,96919371;0,46598175
5,97419371;0,46598175
5,97919371;0,46598175
5,98419371;0,00000000
5,98919371;0,93196350
5,99419371;0,93196350
5,99919371;0,46598175
6,00419371;0,46598175
6,00919371;0,00000000
6,01419371;0,00000000
6,01919371;0,46598175
6,02419371;0,00000000
6,02919371;0,00000000
6,03419371;0,00000000
6,03919371;0,46598175
6,04419371;1,39948320
6,04919371;0,00000000
6,05419371;0,00000000
6,05919371;-1,39948320
6,06419371;0,93196350
6,06919371;0,93196350
6,07419371;0,93196350
6,07919371;0,93196350
6,08419371;-0,46598175
6,08919371;0,00000000
6,09419371;0,46598175
6,09919371;0,00000000
6,10419371;0,46598175
6,10919371;0,00000000
6,11419371;0,00000000
6,11919371;0,00000000
6,12419371;0,00000000
6,12919371;0,00000000
6,13419371;0,46598175
6,13919371;0,93196350
6,14419371;0,46598175
6,14919371;0,46598175
6,15419371;0,00000000
6,15919371;0,00000000
6,16419371;0,00000000
6,16919371;-0,46598175
6,17419371;1,39948320
6,17919371;0,00000000
6,18419371;0,46598175
6,18919371;0,46598175
6,19419371;0,46598175
6,19919371;0,46598175
6,20419371;0,46598175
6,20919371;0,46598175
6,21419371;0,46598175
6,21919371;0,93196350
6,22419371;0,46598175
6,22919371;-0,46598175
6,23419371;0,00000000
6,23919371;-0,46598175
6,24419371;0,00000000
6,24919371;0,00000000
6,25419371;-1,39948320
6,25919371;-0,46598175
6,26419371;-0,93196350
6,26919371;0,00000000
6,27419371;0,46598175
6,27919371;0,00000000
6,28419371;1,39948320
6,28919371;0,93196350
6,29419371;0,46598175
6,29919371;0,00000000
6,30419371;0,00000000
6,30919371;1,39948320
6,31419371;0,46598175
6,31919371;0,00000000
6,32419371;0,46598175
6,32919371;0,46598175
6,33419370;-0,46598175
6,33919370;0,00000000
6,34419370;-0,46598175
6,34919370;0,00000000
6,35419370;-0,46598175
6,35919370;0,00000000
6,36419370;0,00000000
6,36919370;0,46598175
6,37419370;-0,46598175
6,37919370;0,93196350
6,38419370;-0,93196350
6,38919370;-0,46598175
6,39419370;0,93196350
6,39919370;0,00000000
6,40419370;0,00000000
6,40919370;0,46598175
6,41419370;0,00000000
6,41919370;0,46598175
6,42419370;0,00000000
6,42919370;0,00000000
6,43419370;0,00000000
6,43919370;-2,79896641
6,44419370;0,46598175
6,44919370;0,00000000
6,45419370;0,46598175
6,45919370;1,39948320
6,46419370;0,00000000
6,46919370;-0,93196350
6,47419370;0,46598175
6,47919370;0,00000000
6,48419370;0,93196350
6,48919370;0,00000000
6,49419370;0,00000000
6,49919370;0,93196350
6,50419370;1,39948320
6,50919370;0,46598175
6,51419370;0,46598175
6,51919370;0,46598175
6,52419370;0,46598175
6,52919370;0,46598175
6,53419370;-0,93196350
6,53919370;0,46598175
6,54419370;0,46598175
6,54919370;-0,93196350
6,55419370;0,00000000
6,55919370;0,00000000
6,56419370;0,46598175
6,56919370;0,46598175
6,57419370;0,00000000
6,57919370;0,93196350
6,58419370;0,46598175
6,58919370;-0,46598175
6,59419370;0,46598175
6,59919370;0,00000000
6,60419370;0,00000000
6,60919370;0,00000000
6,61419370;-0,93196350
6,61919370;0,00000000
6,62419370;0,93196350
6,62919370;-0,46598175
6,63419370;-0,93196350
6,63919370;0,00000000
6,64419370;0,00000000
6,64919370;0,00000000
6,65419370;1,39948320
6,65919370;0,93196350
6,66419370;0,00000000
6,66919370;0,00000000
6,67419370;-0,46598175
6,67919370;0,00000000
6,68419370;0,00000000
6,68919370;0,00000000
6,69419370;0,46598175
6,69919370;-0,93196350
6,70419370;0,00000000
6,70919370;0,46598175
6,71419370;0,00000000
6,71919370;-0,93196350
6,72419370;0,46598175
6,72919370;0,00000000
6,73419369;0,00000000
6,73919369;-0,46598175
6,74419369;0,93196350
6,74919369;0,00000000
6,75419369;0,00000000
6,75919369;0,93196350
6,76419369;-0,46598175
6,76919369;0,46598175
6,77419369;0,00000000
6,77919369;0,46598175
6,78419369;0,00000000
6,78919369;-0,46598175
6,79419369;0,00000000
6,79919369;0,46598175
6,80419369;-0,93196350
6,80919369;0,93196350
6,81419369;0,00000000
6,81919369;0,00000000
6,82419369;0,00000000
6,82919369;0,00000000
6,83419369;0,00000000
6,83919369;0,00000000
6,84419369;0,00000000
6,84919369;0,00000000
6,85419369;0,00000000
6,85919369;0,46598175
6,86419369;0,46598175
6,86919369;-0,46598175
6,87419369;-0,46598175
6,87919369;0,00000000
6,88419369;-0,93196350
6,88919369;0,00000000
6,89419369;0,00000000
6,89919369;-0,46598175
6,90419369;0,93196350
6,90919369;0,46598175
6,91419369;0,46598175
6,91919369;0,00000000
6,92419369;-0,46598175
6,92919369;0,46598175
6,93419369;0,00000000
6,93919369;-0,46598175
6,94419369;0,46598175
6,94919369;0,46598175
6,95419369;0,00000000
6,95919369;-0,93196350
6,96419369;0,00000000
6,96919369;0,46598175
6,97419369;0,46598175
6,97919369;0,93196350
6,98419369;0,46598175
6,98919369;0,46598175
6,99419369;-0,46598175
6,99919369;0,46598175
7,00419369;0,93196350
7,00919369;0,00000000
7,01419369;0,00000000
7,01919369;0,46598175
7,02419369;0,00000000
7,02919369;0,93196350
7,03419369;-0,46598175
7,03919369;0,46598175
7,04419369;0,46598175
7,04919369;0,46598175
7,05419369;0,46598175
7,05919369;0,00000000
7,06419369;0,00000000
7,06919369;0,46598175
7,07419369;0,00000000
7,07919369;0,00000000
7,08419369;0,00000000
7,08919369;0,00000000
7,09419369;0,00000000
7,09919369;0,93196350
7,10419369;-0,46598175
7,10919369;0,00000000
7,11419369;-0,46598175
7,11919369;0,46598175
7,12419369;0,00000000
7,12919368;0,00000000
7,13419368;0,00000000
7,13919368;0,46598175
7,14419368;0,00000000
7,14919368;-0,46598175
7,15419368;0,00000000
7,15919368;0,46598175
7,16419368;0,00000000
7,16919368;0,00000000
7,17419368;0,46598175
7,17919368;0,00000000
7,18419368;0,00000000
7,18919368;0,00000000
7,19419368;0,46598175
7,19919368;0,46598175
7,20419368;0,46598175
7,20919368;0,46598175
7,21419368;0,46598175
7,21919368;0,46598175
7,22419368;-0,93196350
7,22919368;-0,46598175
7,23419368;0,46598175
7,23919368;0,00000000
7,24419368;0,00000000
7,24919368;-0,46598175
7,25419368;-0,93196350
7,25919368;0,00000000
7,26419368;0,93196350
7,26919368;0,93196350
7,27419368;-0,46598175
7,27919368;0,00000000
7,28419368;0,46598175
7,28919368;0,93196350
7,29419368;0,93196350
7,29919368;0,46598175
7,30419368;-0,46598175
7,30919368;-0,93196350
7,31419368;0,46598175
7,31919368;0,46598175
7,32419368;0,00000000
7,32919368;0,00000000
7,33419368;0,00000000
7,33919368;-0,46598175
7,34419368;-0,46598175
7,34919368;-0,46598175
7,35419368;0,00000000
7,35919368;0,46598175
7,36419368;0,46598175
7,36919368;0,46598175
7,37419368;0,00000000
7,37919368;0,93196350
7,38419368;0,46598175
7,38919368;-0,46598175
7,39419368;0,00000000
7,39919368;-0,46598175
7,40419368;0,46598175
7,40919368;0,46598175
7,41419368;0,93196350
7,41919368;0,46598175
7,42419368;0,46598175
7,42919368;0,46598175
7,43419368;0,93196350
7,43919368;0,00000000
7,44419368;-0,46598175
7,44919368;-0,46598175
7,45419368;0,46598175
7,45919368;0,00000000
7,46419368;0,00000000
7,46919368;0,93196350
7,47419368;-0,46598175
7,47919368;0,46598175
7,48419368;-0,46598175
7,48919368;-0,46598175
7,49419368;-0,46598175
7,49919368;0,46598175
7,50419368;0,93196350
7,50919368;0,46598175
7,51419368;0,00000000
7,51919368;0,46598175
7,52419367;0,93196350
7,52919367;0,46598175
7,53419367;0,00000000
7,53919367;0,46598175
7,54419367;0,46598175
7,54919367;0,46598175
7,55419367;0,00000000
7,55919367;0,93196350
7,56419367;0,46598175
7,56919367;0,46598175
7,57419367;0,00000000
7,57919367;0,46598175
7,58419367;0,46598175
7,58919367;0,46598175
7,59419367;0,46598175
7,59919367;0,93196350
7,60419367;0,93196350
7,60919367;0,00000000
7,61419367;0,00000000
7,61919367;0,00000000
7,62419367;-0,46598175
7,62919367;0,00000000
7,63419367;-0,46598175
7,63919367;0,46598175
7,64419367;0,46598175
7,64919367;0,46598175
7,65419367;0,00000000
7,65919367;0,46598175
7,66419367;0,00000000
7,66919367;-0,46598175
7,67419367;0,46598175
7,67919367;0,46598175
7,68419367;0,00000000
7,68919367;1,39948320
7,69419367;0,46598175
7,69919367;0,93196350
7,70419367;0,00000000
7,70919367;0,00000000
7,71419367;0,46598175
7,71919367;0,46598175
7,72419367;1,39948320
7,72919367;-0,46598175
7,73419367;0,00000000
7,73919367;0,93196350
7,74419367;0,00000000
7,74919367;0,46598175
7,75419367;-0,46598175
7,75919367;0,46598175
7,76419367;0,46598175
7,76919367;0,93196350
7,77419367;0,46598175
7,77919367;0,46598175
7,78419367;-0,46598175
7,78919367;0,46598175
7,79419367;0,00000000
7,79919367;0,93196350
7,80419367;0,93196350
7,80919367;0,46598175
7,81419367;-1,39948320
7,81919367;0,00000000
7,82419367;0,46598175
7,82919367;0,46598175
7,83419367;0,93196350
7,83919367;0,46598175
7,84419367;0,46598175
7,84919367;0,46598175
7,85419367;0,93196350
7,85919367;0,00000000
7,86419367;0,00000000
7,86919367;0,00000000
7,87419367;-0,46598175
7,87919367;0,46598175
7,88419367;0,93196350
7,88919367;0,46598175
7,89419367;-0,46598175
7,89919367;0,46598175
7,90419367;0,93196350
7,90919367;0,00000000
7,91419367;0,46598175
7,91919366;-0,46598175
7,92419366;0,46598175
7,92919366;0,46598175
7,93419366;0,00000000
7,93919366;0,46598175
7,94419366;0,46598175
7,94919366;0,46598175
7,95419366;0,46598175
7,95919366;0,46598175
7,96419366;0,46598175
7,96919366;0,00000000
7,97419366;0,00000000
7,97919366;-0,46598175
7,98419366;-0,93196350
7,98919366;0,00000000
7,99419366;0,00000000
7,99919366;0,93196350
8,00419366;0,46598175
8,00919366;0,46598175
8,01419366;0,46598175
8,01919366;0,46598175
8,02419366;0,46598175
8,02919366;0,00000000
8,03419366;0,46598175
8,03919366;0,46598175
8,04419366;0,00000000
8,04919366;0,00000000
8,05419366;0,00000000
8,05919366;0,46598175
8,06419366;-0,93196350
8,06919366;0,93196350
8,07419366;0,46598175
8,07919366;0,46598175
8,08419366;0,93196350
8,08919366;-0,46598175
8,09419366;0,46598175
8,09919366;0,93196350
8,10419366;0,93196350
8,10919366;0,00000000
8,11419366;0,46598175
8,11919366;0,46598175
8,12419366;0,46598175
8,12919366;0,00000000
8,13419366;0,46598175
8,13919366;0,00000000
8,14419366;-0,46598175
8,14919366;0,46598175
8,15419366;1,39948320
8,15919366;0,46598175
8,16419366;0,46598175
8,16919366;0,00000000
8,17419366;0,46598175
8,17919366;0,46598175
8,18419366;0,93196350
8,18919366;0,46598175
8,19419366;0,00000000
8,19919366;0,46598175
8,20419366;0,46598175
8,20919366;0,46598175
8,21419366;0,93196350
8,21919366;0,46598175
8,22419366;-0,46598175
8,22919366;-0,46598175
8,23419366;0,46598175
8,23919366;0,46598175
8,24419366;0,46598175
8,24919366;0,00000000
8,25419366;0,00000000
8,25919366;0,93196350
8,26419366;0,93196350
8,26919366;0,00000000
8,27419366;0,46598175
8,27919366;-0,93196350
8,28419366;-0,46598175
8,28919366;0,00000000
8,29419366;0,00000000
8,29919366;-0,46598175
8,30419366;-0,93196350
8,30919366;0,93196350
8,31419365;0,93196350
8,31919365;-0,93196350
8,32419365;0,46598175
8,32919365;0,46598175
8,33419365;0,00000000
8,33919365;0,00000000
8,34419365;0,00000000
8,34919365;0,46598175
8,35419365;0,46598175
8,35919365;0,00000000
8,36419365;0,93196350
8,36919365;0,46598175
8,37419365;1,39948320
8,37919365;0,46598175
8,38419365;0,46598175
8,38919365;0,00000000
8,39419365;0,46598175
8,39919365;0,00000000
8,40419365;-0,46598175
8,40919365;0,46598175
8,41419365;-0,46598175
8,41919365;1,39948320
8,42419365;1,39948320
8,42919365;0,00000000
8,43419365;0,00000000
8,43919365;-0,46598175
8,44419365;0,46598175
8,44919365;0,00000000
8,45419365;0,00000000
8,45919365;0,00000000
8,46419365;0,93196350
8,46919365;1,86546493
8,47419365;0,93196350
8,47919365;0,00000000
8,48419365;0,00000000
8,48919365;0,00000000
8,49419365;0,46598175
8,49919365;0,00000000
8,50419365;0,93196350
8,50919365;0,00000000
8,51419365;-0,46598175
8,51919365;-0,46598175
8,52419365;0,46598175
8,52919365;0,46598175
8,53419365;0,00000000
8,53919365;0,93196350
8,54419365;0,00000000
8,54919365;0,00000000
8,55419365;0,00000000
8,55919365;0,00000000
8,56419365;0,46598175
8,56919365;0,46598175
8,57419365;0,46598175
8,57919365;0,00000000
8,58419365;0,00000000
8,58919365;0,00000000
8,59419365;0,00000000
8,59919365;0,00000000
8,60419365;-0,46598175
8,60919365;0,00000000
8,61419365;-0,46598175
8,61919365;0,00000000
8,62419365;0,46598175
8,62919365;0,46598175
8,63419365;0,46598175
8,63919365;0,00000000
8,64419365;0,46598175
8,64919365;0,00000000
8,65419365;0,93196350
8,65919365;0,93196350
8,66419365;0,46598175
8,66919365;0,46598175
8,67419365;-0,46598175
8,67919365;-0,46598175
8,68419365;-0,46598175
8,68919365;0,93196350
8,69419365;0,46598175
8,69919365;0,46598175
8,70419365;0,00000000
8,70919364;0,46598175
8,71419364;-0,93196350
8,71919364;0,00000000
8,72419364;0,00000000
8,72919364;0,46598175
8,73419364;0,93196350
8,73919364;0,93196350
8,74419364;-0,93196350
8,74919364;0,46598175
8,75419364;0,00000000
8,75919364;0,46598175
8,76419364;0,46598175
8,76919364;0,00000000
8,77419364;-0,46598175
8,77919364;-0,93196350
8,78419364;0,00000000
8,78919364;0,46598175
8,79419364;0,93196350
8,79919364;0,00000000
8,80419364;0,46598175
8,80919364;0,00000000
8,81419364;0,46598175
8,81919364;0,46598175
8,82419364;0,00000000
8,82919364;0,00000000
8,83419364;0,00000000
8,83919364;-0,46598175
8,84419364;0,00000000
8,84919364;-0,93196350
8,85419364;0,46598175
8,85919364;0,00000000
8,86419364;0,00000000
8,86919364;-0,46598175
8,87419364;0,46598175
8,87919364;0,46598175
8,88419364;0,46598175
8,88919364;0,46598175
8,89419364;0,46598175
8,89919364;-0,46598175
8,90419364;0,46598175
8,90919364;0,46598175
8,91419364;-0,46598175
8,91919364;0,00000000
8,92419364;0,46598175
8,92919364;0,00000000
8,93419364;0,00000000
8,93919364;0,00000000
8,94419364;-0,46598175
8,94919364;1,39948320
8,95419364;0,93196350
8,95919364;0,46598175
8,96419364;0,46598175
8,96919364;0,00000000
8,97419364;0,46598175
8,97919364;0,00000000
8,98419364;0,00000000
8,98919364;0,00000000
8,99419364;0,46598175
8,99919364;0,46598175
9,00419364;0,46598175
9,00919364;0,46598175
9,01419364;0,00000000
9,01919364;0,46598175
9,02419364;0,00000000
9,02919364;0,00000000
9,03419364;-0,46598175
9,03919364;0,00000000
9,04419364;0,46598175
9,04919364;-2,79896641
9,05419364;0,00000000
9,05919364;0,46598175
9,06419364;0,00000000
9,06919364;-0,46598175
9,07419364;0,93196350
9,07919364;0,00000000
9,08419364;0,00000000
9,08919364;0,46598175
9,09419364;0,00000000
9,09919364;0,46598175
9,10419364;0,46598175
9,10919363;0,46598175
9,11419363;0,00000000
9,11919363;0,00000000
9,12419363;0,00000000
9,12919363;0,46598175
9,13419363;0,46598175
9,13919363;0,00000000
9,14419363;-0,93196350
9,14919363;-0,46598175
9,15419363;0,00000000
9,15919363;0,93196350
9,16419363;0,93196350
9,16919363;0,93196350
9,17419363;0,00000000
9,17919363;-0,46598175
9,18419363;1,86546493
9,18919363;0,00000000
9,19419363;0,46598175
9,19919363;0,00000000
9,20419363;0,46598175
9,20919363;0,46598175
9,21419363;0,46598175
9,21919363;0,00000000
9,22419363;0,00000000
9,22919363;0,46598175
9,23419363;0,46598175
9,23919363;0,00000000
9,24419363;0,46598175
9,24919363;0,46598175
9,25419363;-0,46598175
9,25919363;0,00000000
9,26419363;0,00000000
9,26919363;0,00000000
9,27419363;-0,93196350
9,27919363;0,00000000
9,28419363;1,39948320
9,28919363;0,46598175
9,29419363;0,00000000
9,29919363;0,46598175
9,30419363;0,00000000
9,30919363;0,46598175
9,31419363;0,00000000
9,31919363;0,00000000
9,32419363;-0,46598175
9,32919363;0,00000000
9,33419363;0,46598175
9,33919363;-0,46598175
9,34419363;-0,46598175
9,34919363;0,46598175
9,35419363;0,00000000
9,35919363;0,46598175
9,36419363;0,00000000
9,36919363;0,46598175
9,37419363;-0,46598175
9,37919363;0,00000000
9,38419363;-0,46598175
9,38919363;0,46598175
9,39419363;0,00000000
9,39919363;0,00000000
9,40419363;0,46598175
9,40919363;0,46598175
9,41419363;0,46598175
9,41919363;-0,93196350
9,42419363;0,00000000
9,42919363;-0,46598175
9,43419363;0,00000000
9,43919363;0,46598175
9,44419363;0,93196350
9,44919363;0,46598175
9,45419363;1,86546493
9,45919363;0,00000000
9,46419363;0,46598175
9,46919363;-0,46598175
9,47419363;0,46598175
9,47919363;-0,93196350
9,48419363;-0,46598175
9,48919363;-0,46598175
9,49419363;0,00000000
9,49919363;0,00000000
9,50419362;-0,46598175
9,50919362;0,00000000
9,51419362;0,46598175
9,51919362;0,46598175
9,52419362;0,93196350
9,52919362;0,00000000
9,53419362;0,46598175
9,53919362;-0,46598175
9,54419362;1,39948320
9,54919362;-5,13348866
9,55419362;0,00000000
9,55919362;0,46598175
9,56419362;0,46598175
9,56919362;0,46598175
9,57419362;0,00000000
9,57919362;0,93196350
9,58419362;0,00000000
9,58919362;-0,46598175
9,59419362;0,00000000
9,59919362;0,93196350
9,60419362;0,46598175
9,60919362;0,46598175
9,61419362;0,00000000
9,61919362;0,00000000
9,62419362;0,46598175
9,62919362;0,00000000
9,63419362;0,46598175
9,63919362;-0,93196350
9,64419362;0,00000000
9,64919362;0,00000000
9,65419362;0,46598175
9,65919362;0,00000000
9,66419362;0,00000000
9,66919362;-0,93196350
9,67419362;0,46598175
9,67919362;0,00000000
9,68419362;-0,46598175
9,68919362;0,46598175
9,69419362;-0,46598175
9,69919362;0,46598175
9,70419362;0,00000000
9,70919362;0,00000000
9,71419362;0,46598175
9,71919362;-0,46598175
9,72419362;-0,93196350
9,72919362;0,00000000
9,73419362;0,00000000
9,73919362;0,00000000
9,74419362;0,93196350
9,74919362;0,00000000
9,75419362;0,00000000
9,75919362;0,00000000
9,76419362;-0,46598175
9,76919362;-0,46598175
9,77419362;0,46598175
9,77919362;0,00000000
9,78419362;0,46598175
9,78919362;0,00000000
9,79419362;0,00000000
9,79919362;0,46598175
9,80419362;0,00000000
9,80919362;0,46598175
9,81419362;0,00000000
9,81919362;-0,93196350
9,82419362;0,00000000
9,82919362;0,46598175
9,83419362;-0,93196350
9,83919362;-0,46598175
9,84419362;0,46598175
9,84919362;0,46598175
9,85419362;0,46598175
9,85919362;-0,46598175
9,86419362;0,00000000
9,86919362;0,00000000
9,87419362;0,00000000
9,87919362;0,93196350
9,88419362;0,46598175
9,88919362;0,46598175
9,89419362;0,00000000
9,89919361;1,86546493
9,90419361;-0,46598175
9,90919361;0,00000000
9,91419361;0,46598175
9,91919361;0,00000000
9,92419361;0,00000000
9,92919361;0,00000000
9,93419361;0,46598175
9,93919361;0,00000000
9,94419361;1,39948320
9,94919361;0,00000000
9,95419361;0,00000000
9,95919361;-0,93196350
9,96419361;-0,46598175
9,96919361;0,46598175
9,97419361;0,00000000
9,97919361;0,00000000
9,98419361;0,46598175
9,98919361;0,46598175
9,99419361;0,00000000
9,99919361;0,00000000
10,00419361;0,00000000
10,00919361;0,00000000
10,01419361;0,00000000
10,01919361;-0,46598175
10,02419361;0,46598175
10,02919361;0,46598175
10,03419361;-0,46598175
10,03919361;0,00000000
10,04419361;0,93196350
10,04919361;0,93196350
10,05419361;0,93196350
10,05919361;-0,93196350
10,06419361;-0,46598175
10,06919361;-0,46598175
10,07419361;0,93196350
10,07919361;-0,46598175
10,08419361;2,33298445
10,08919361;0,46598175
10,09419361;0,46598175
10,09919361;0,46598175
10,10419361;0,00000000
10,10919361;-0,46598175
10,11419361;0,00000000
10,11919361;0,00000000
10,12419361;0,46598175
10,12919361;0,00000000
10,13419361;0,46598175
10,13919361;0,00000000
10,14419361;0,00000000
10,14919361;0,93196350
10,15419361;0,00000000
10,15919361;0,00000000
10,16419361;0,93196350
10,16919361;0,00000000
10,17419361;0,46598175
10,17919361;0,46598175
10,18419361;-0,93196350
10,18919361;0,46598175
10,19419361;0,46598175
10,19919361;0,00000000
10,20419361;0,46598175
10,20919361;0,00000000
10,21419361;0,93196350
10,21919361;-0,46598175
10,22419361;0,00000000
10,22919361;0,00000000
10,23419361;0,46598175
10,23919361;-1,86546493
10,24419361;0,46598175
10,24919361;0,93196350
10,25419361;-0,93196350
10,25919361;0,00000000
10,26419361;1,39948320
10,26919361;0,00000000
10,27419361;0,00000000
10,27919361;0,00000000
10,28419361;0,00000000
10,28919361;0,00000000
10,29419360;0,00000000
10,29919360;2,33298445
10,30419360;0,46598175
10,30919360;0,00000000
10,31419360;-0,46598175
10,31919360;-0,46598175
10,32419360;0,00000000
10,32919360;0,00000000
10,33419360;-0,46598175
10,33919360;-0,46598175
10,34419360;-0,93196350
10,34919360;0,46598175
10,35419360;-0,46598175
10,35919360;0,00000000
10,36419360;0,46598175
10,36919360;0,46598175
10,37419360;0,46598175
10,37919360;0,00000000
10,38419360;0,00000000
10,38919360;0,00000000
10,39419360;-0,46598175
10,39919360;0,46598175
10,40419360;0,46598175
10,40919360;0,46598175
10,41419360;-0,46598175
10,41919360;0,00000000
10,42419360;-0,46598175
10,42919360;0,46598175
10,43419360;0,00000000
10,43919360;0,00000000
10,44419360;0,46598175
10,44919360;0,46598175
10,45419360;0,46598175
10,45919360;0,00000000
10,46419360;0,00000000
10,46919360;0,46598175
10,47419360;0,00000000
10,47919360;0,46598175
10,48419360;1,39948320
10,48919360;0,00000000
10,49419360;-0,46598175
10,49919360;0,00000000
10,50419360;-0,46598175
10,50919360;1,39948320
10,51419360;0,00000000
10,51919360;0,46598175
10,52419360;-0,93196350
10,52919360;0,00000000
10,53419360;0,00000000
10,53919360;0,46598175
10,54419360;0,00000000
10,54919360;0,00000000
10,55419360;-0,46598175
10,55919360;0,46598175
10,56419360;-0,46598175
10,56919360;0,46598175
10,57419360;0,00000000
10,57919360;0,00000000
10,58419360;0,00000000
10,58919360;0,00000000
10,59419360;-0,46598175
10,59919360;0,00000000
10,60419360;0,93196350
10,60919360;0,00000000
10,61419360;-0,46598175
10,61919360;0,46598175
10,62419360;-0,46598175
10,62919360;0,00000000
10,63419360;0,46598175
10,63919360;0,00000000
10,64419360;0,46598175
10,64919360;0,00000000
10,65419360;-0,93196350
10,65919360;0,46598175
10,66419360;1,39948320
10,66919360;0,46598175
10,67419360;0,46598175
10,67919360;0,46598175
10,68419360;-1,86546493
10,68919359;0,46598175
10,69419359;-0,46598175
10,69919359;0,46598175
10,70419359;-0,46598175
10,70919359;0,46598175
10,71419359;-0,93196350
10,71919359;0,00000000
10,72419359;0,00000000
10,72919359;0,00000000
10,73419359;-0,46598175
10,73919359;0,46598175
10,74419359;-0,46598175
10,74919359;0,00000000
10,75419359;0,46598175
10,75919359;0,00000000
10,76419359;0,00000000
10,76919359;-0,46598175
10,77419359;0,46598175
10,77919359;0,93196350
10,78419359;-0,46598175
10,78919359;0,46598175
10,79419359;0,00000000
10,79919359;0,00000000
10,80419359;0,00000000
10,80919359;0,46598175
10,81419359;0,46598175
10,81919359;0,00000000
10,82419359;0,93196350
10,82919359;2,79896641
10,83419359;0,00000000
10,83919359;0,00000000
10,84419359;0,46598175
10,84919359;-0,46598175
10,85419359;-0,46598175
10,85919359;0,93196350
10,86419359;0,00000000
10,86919359;0,00000000
10,87419359;0,46598175
10,87919359;-0,46598175
10,88419359;0,46598175
10,88919359;0,93196350
10,89419359;0,46598175
10,89919359;-0,46598175
10,90419359;0,00000000
10,90919359;0,00000000
10,91419359;0,00000000
10,91919359;0,46598175
10,92419359;0,46598175
10,92919359;-0,46598175
10,93419359;0,46598175
10,93919359;1,39948320
10,94419359;0,00000000
10,94919359;0,46598175
10,95419359;-0,46598175
10,95919359;0,93196350
10,96419359;0,00000000
10,96919359;0,00000000
10,97419359;0,46598175
10,97919359;0,00000000
10,98419359;0,00000000
10,98919359;-0,93196350
10,99419359;0,00000000
10,99919359;-0,46598175
11,00419359;0,46598175
11,00919359;-0,46598175
11,01419359;0,00000000
11,01919359;-0,93196350
11,02419359;0,46598175
11,02919359;-0,46598175
11,03419359;-0,46598175
11,03919359;-0,46598175
11,04419359;0,46598175
11,04919359;-0,46598175
11,05419359;0,00000000
11,05919359;-0,46598175
11,06419359;0,46598175
11,06919359;0,00000000
11,07419359;-0,46598175
11,07919359;-0,46598175
11,08419358;0,00000000
11,08919358;0,00000000
11,09419358;1,39948320
11,09919358;-0,46598175
11,10419358;0,00000000
11,10919358;0,00000000
11,11419358;0,00000000
11,11919358;0,00000000
11,12419358;0,46598175
11,12919358;0,00000000
11,13419358;0,00000000
11,13919358;0,46598175
11,14419358;0,00000000
11,14919358;0,00000000
11,15419358;-0,46598175
11,15919358;-0,46598175
11,16419358;0,00000000
11,16919358;0,46598175
11,17419358;0,00000000
11,17919358;0,00000000
11,18419358;-0,46598175
11,18919358;0,00000000
11,19419358;1,86546493
11,19919358;0,00000000
11,20419358;0,00000000
11,20919358;0,46598175
11,21419358;0,00000000
11,21919358;0,46598175
11,22419358;0,00000000
11,22919358;1,86546493
11,23419358;0,93196350
11,23919358;1,39948320
11,24419358;0,46598175
11,24919358;0,00000000
11,25419358;0,00000000
11,25919358;-1,86546493
11,26419358;0,46598175
11,26919358;0,46598175
11,27419358;0,00000000
11,27919358;0,00000000
11,28419358;-1,39948320
11,28919358;0,93196350
11,29419358;0,00000000
11,29919358;0,93196350
11,30419358;0,00000000
11,30919358;0,46598175
11,31419358;0,93196350
11,31919358;0,00000000
11,32419358;0,00000000
11,32919358;0,46598175
11,33419358;0,00000000
11,33919358;-9,33347607
11,34419358;-0,46598175
11,34919358;0,46598175
11,35419358;-0,93196350
11,35919358;0,93196350
11,36419358;-0,93196350
11,36919358;0,00000000
11,37419358;0,46598175
11,37919358;0,00000000
11,38419358;0,93196350
11,38919358;0,00000000
11,39419358;0,00000000
11,39919358;0,00000000
11,40419358;0,00000000
11,40919358;0,00000000
11,41419358;-0,46598175
11,41919358;-0,93196350
11,42419358;0,00000000
11,42919358;0,93196350
11,43419358;-0,46598175
11,43919358;0,00000000
11,44419358;0,46598175
11,44919358;0,46598175
11,45419358;0,46598175
11,45919358;0,00000000
11,46419358;0,00000000
11,46919358;0,46598175
11,47419358;0,46598175
11,47919358;0,46598175
11,48419357;-1,86546493
11,48919357;0,46598175
11,49419357;0,46598175
11,49919357;0,46598175
11,50419357;-0,93196350
11,50919357;0,46598175
11,51419357;1,86546493
11,51919357;-0,46598175
11,52419357;-0,46598175
11,52919357;0,46598175
11,53419357;0,00000000
11,53919357;0,46598175
11,54419357;-0,46598175
11,54919357;0,93196350
11,55419357;0,00000000
11,55919357;0,00000000
11,56419357;0,00000000
11,56919357;0,93196350
11,57419357;0,00000000
11,57919357;0,46598175
11,58419357;0,46598175
11,58919357;0,93196350
11,59419357;-0,46598175
11,59919357;0,93196350
11,60419357;0,93196350
11,60919357;0,46598175
11,61419357;-0,93196350
11,61919357;0,93196350
11,62419357;0,46598175
11,62919357;0,46598175
11,63419357;0,00000000
11,63919357;0,93196350
11,64419357;0,00000000
11,64919357;-0,93196350
11,65419357;-0,93196350
11,65919357;0,93196350
11,66419357;0,46598175
11,66919357;0,46598175
11,67419357;0,00000000
11,67919357;0,00000000
11,68419357;0,93196350
11,68919357;0,00000000
11,69419357;-0,46598175
11,69919357;-2,33298445
11,70419357;0,93196350
11,70919357;0,00000000
11,71419357;0,00000000
11,71919357;0,00000000
11,72419357;0,93196350
11,72919357;0,46598175
11,73419357;0,46598175
11,73919357;0,93196350
11,74419357;0,46598175
11,74919357;0,00000000
11,75419357;0,00000000
11,75919357;0,00000000
11,76419357;-0,46598175
11,76919357;0,46598175
11,77419357;-0,46598175
11,77919357;0,46598175
11,78419357;-0,46598175
11,78919357;0,00000000
11,79419357;0,00000000
11,79919357;0,00000000
11,80419357;0,93196350
11,80919357;0,46598175
11,81419357;0,00000000
11,81919357;0,00000000
11,82419357;0,00000000
11,82919357;0,00000000
11,83419357;0,00000000
11,83919357;-0,46598175
11,84419357;0,00000000
11,84919357;-0,46598175
11,85419357;0,00000000
11,85919357;-0,46598175
11,86419357;0,00000000
11,86919357;-0,93196350
11,87419357;-0,46598175
11,87919356;0,00000000
11,88419356;-0,93196350
11,88919356;0,00000000
11,89419356;-1,39948320
11,89919356;0,93196350
11,90419356;0,00000000
11,90919356;-0,46598175
11,91419356;1,39948320
11,91919356;0,93196350
11,92419356;0,46598175
11,92919356;-0,46598175
11,93419356;0,93196350
11,93919356;-0,46598175
11,94419356;0,46598175
11,94919356;0,93196350
11,95419356;-0,46598175
11,95919356;0,46598175
11,96419356;0,46598175
11,96919356;0,00000000
11,97419356;-0,46598175
11,97919356;0,00000000
11,98419356;0,00000000
11,98919356;-0,46598175
11,99419356;0,46598175
11,99919356;0,46598175
12,00419356;0,46598175
12,00919356;0,46598175
12,01419356;0,00000000
12,01919356;0,00000000
12,02419356;0,46598175
12,02919356;0,46598175
12,03419356;0,00000000
12,03919356;-0,46598175
12,04419356;0,46598175
12,04919356;0,00000000
12,05419356;0,46598175
12,05919356;0,46598175
12,06419356;0,46598175
12,06919356;0,46598175
12,07419356;0,00000000
12,07919356;-0,46598175
12,08419356;0,93196350
12,08919356;0,46598175
12,09419356;0,00000000
12,09919356;-0,46598175
12,10419356;-0,46598175
12,10919356;0,00000000
12,11419356;0,93196350
12,11919356;0,00000000
12,12419356;0,00000000
12,12919356;0,46598175
12,13419356;0,00000000
12,13919356;0,46598175
12,14419356;-0,46598175
12,14919356;0,00000000
12,15419356;0,00000000
12,15919356;0,00000000
12,16419356;0,00000000
12,16919356;0,00000000
12,17419356;-0,46598175
12,17919356;0,46598175
12,18419356;0,00000000
12,18919356;0,46598175
12,19419356;0,46598175
12,19919356;0,00000000
12,20419356;2,33298445
12,20919356;0,93196350
12,21419356;0,46598175
12,21919356;0,46598175
12,22419356;-0,46598175
12,22919356;0,46598175
12,23419356;0,00000000
12,23919356;14,46850300
12,24419356;0,00000000
12,24919356;0,46598175
12,25419356;0,46598175
12,25919356;0,00000000
12,26419356;0,93196350
12,26919356;0,00000000
12,27419355;15,40046692
12,27919355;-0,46598175
12,28419355;0,00000000
12,28919355;0,00000000
12,29419355;0,00000000
12,29919355;-0,46598175
12,30419355;0,00000000
12,30919355;1,86546493
12,31419355;0,46598175
12,31919355;0,00000000
12,32419355;0,46598175
12,32919355;0,00000000
12,33419355;-0,46598175
12,33919355;0,00000000
12,34419355;0,00000000
12,34919355;0,00000000
12,35419355;0,00000000
12,35919355;0,46598175
12,36419355;0,00000000
12,36919355;0,00000000
12,37419355;0,46598175
12,37919355;-0,46598175
12,38419355;0,00000000
12,38919355;0,00000000
12,39419355;0,00000000
12,39919355;-0,93196350
12,40419355;0,00000000
12,40919355;0,46598175
12,41419355;3,73246789
12,41919355;0,46598175
12,42419355;0,93196350
12,42919355;0,00000000
12,43419355;0,46598175
12,43919355;0,46598175
12,44419355;0,46598175
12,44919355;0,00000000
12,45419355;0,00000000
12,45919355;0,00000000
12,46419355;0,93196350
12,46919355;0,46598175
12,47419355;0,00000000
12,47919355;0,00000000
12,48419355;-0,93196350
12,48919355;0,93196350
12,49419355;0,00000000
12,49919355;-1,39948320
12,50419355;-0,46598175
12,50919355;0,00000000
12,51419355;0,93196350
12,51919355;-0,93196350
12,52419355;0,46598175
12,52919355;0,46598175
12,53419355;0,46598175
12,53919355;0,93196350
12,54419355;0,00000000
12,54919355;-0,46598175
12,55419355;0,46598175
12,55919355;0,00000000
12,56419355;-0,46598175
12,56919355;0,00000000
12,57419355;0,00000000
12,57919355;0,46598175
12,58419355;0,93196350
12,58919355;0,93196350
12,59419355;-0,46598175
12,59919355;0,46598175
12,60419355;0,00000000
12,60919355;0,46598175
12,61419355;0,00000000
12,61919355;0,46598175
12,62419355;0,93196350
12,62919355;0,46598175
12,63419355;-0,93196350
12,63919355;0,46598175
12,64419355;0,46598175
12,64919355;0,00000000
12,65419355;0,93196350
12,65919355;0,00000000
12,66419355;0,00000000
12,66919354;0,00000000
12,67419354;0,00000000
12,67919354;0,00000000
12,68419354;0,46598175
12,68919354;0,00000000
12,69419354;0,00000000
12,69919354;-0,93196350
12,70419354;-0,46598175
12,70919354;0,93196350
12,71419354;2,33298445
12,71919354;0,00000000
12,72419354;0,46598175
12,72919354;1,39948320
12,73419354;-0,46598175
12,73919354;0,00000000
12,74419354;0,00000000
12,74919354;0,46598175
12,75419354;0,00000000
12,75919354;0,93196350
12,76419354;0,00000000
12,76919354;0,46598175
12,77419354;0,46598175
12,77919354;0,93196350
12,78419354;0,46598175
12,78919354;-0,46598175
12,79419354;0,00000000
12,79919354;0,46598175
12,80419354;0,46598175
12,80919354;0,00000000
12,81419354;0,93196350
12,81919354;-0,93196350
12,82419354;0,00000000
12,82919354;-0,46598175
12,83419354;0,46598175
12,83919354;-0,46598175
12,84419354;-0,93196350
12,84919354;0,00000000
12,85419354;-0,46598175
12,85919354;-0,46598175
12,86419354;0,00000000
12,86919354;0,93196350
12,87419354;0,46598175
12,87919354;-0,93196350
12,88419354;0,00000000
12,88919354;-0,46598175
12,89419354;0,00000000
12,89919354;1,86546493
12,90419354;0,93196350
12,90919354;-0,93196350
12,91419354;0,93196350
12,91919354;0,00000000
12,92419354;0,46598175
12,92919354;0,00000000
12,93419354;0,46598175
12,93919354;0,46598175
12,94419354;0,00000000
12,94919354;0,00000000
12,95419354;0,46598175
12,95919354;0,00000000
12,96419354;0,46598175
12,96919354;0,46598175
12,97419354;0,00000000
12,97919354;0,46598175
12,98419354;0,46598175
12,98919354;0,00000000
12,99419354;0,00000000
12,99919354;0,46598175
13,00419354;0,00000000
13,00919354;0,46598175
13,01419354;0,46598175
13,01919354;0,00000000
13,02419354;0,00000000
13,02919354;0,46598175
13,03419354;0,00000000
13,03919354;0,46598175
13,04419354;0,00000000
13,04919354;0,46598175
13,05419354;0,46598175
13,05919354;0,46598175
13,06419353;0,46598175
13,06919353;0,00000000
13,07419353;0,00000000
13,07919353;0,00000000
13,08419353;0,00000000
13,08919353;-1,39948320
13,09419353;0,00000000
13,09919353;-1,39948320
13,10419353;0,46598175
13,10919353;0,00000000
13,11419353;-0,93196350
13,11919353;0,00000000
13,12419353;0,00000000
13,12919353;0,46598175
13,13419353;0,46598175
13,13919353;0,00000000
13,14419353;0,00000000
13,14919353;0,00000000
13,15419353;0,46598175
13,15919353;0,46598175
13,16419353;0,00000000
13,16919353;0,00000000
13,17419353;0,00000000
13,17919353;0,46598175
13,18419353;0,00000000
13,18919353;0,00000000
13,19419353;0,00000000
13,19919353;0,46598175
13,20419353;0,46598175
13,20919353;0,46598175
13,21419353;0,00000000
13,21919353;-0,46598175
13,22419353;0,00000000
13,22919353;0,46598175
13,23419353;0,00000000
13,23919353;0,46598175
13,24419353;0,46598175
13,24919353;-0,46598175
13,25419353;0,46598175
13,25919353;0,00000000
13,26419353;-7,00049162
13,26919353;0,00000000
13,27419353;0,46598175
13,27919353;0,46598175
13,28419353;0,00000000
13,28919353;0,46598175
13,29419353;0,93196350
13,29919353;12,13398075
13,30419353;-1,39948320
13,30919353;0,46598175
13,31419353;0,93196350
13,31919353;0,00000000
13,32419353;0,46598175
13,32919353;0,46598175
13,33419353;-0,93196350
13,33919353;0,00000000
13,34419353;0,00000000
13,34919353;0,00000000
13,35419353;0,46598175
13,35919353;-0,46598175
13,36419353;0,00000000
13,36919353;0,00000000
13,37419353;0,46598175
13,37919353;0,00000000
13,38419353;0,46598175
13,38919353;0,46598175
13,39419353;0,00000000
13,39919353;0,46598175
13,40419353;0,46598175
13,40919353;0,00000000
13,41419353;0,00000000
13,41919353;0,00000000
13,42419353;0,00000000
13,42919353;0,00000000
13,43419353;-0,46598175
13,43919353;0,46598175
13,44419353;0,46598175
13,44919353;0,46598175
13,45419353;0,00000000
13,45919352;0,00000000
13,46419352;0,00000000
13,46919352;0,00000000
13,47419352;0,93196350
13,47919352;0,00000000
13,48419352;0,46598175
13,48919352;0,00000000
13,49419352;0,00000000
13,49919352;0,00000000
13,50419352;0,46598175
13,50919352;0,46598175
13,51419352;0,00000000
13,51919352;-0,46598175
13,52419352;0,00000000
13,52919352;0,46598175
13,53419352;0,46598175
13,53919352;0,46598175
13,54419352;0,00000000
13,54919352;0,00000000
13,55419352;0,00000000
13,55919352;0,00000000
13,56419352;-0,46598175
13,56919352;0,46598175
13,57419352;0,46598175
13,57919352;0,46598175
13,58419352;0,00000000
13,58919352;0,46598175
13,59419352;0,00000000
13,59919352;0,00000000
13,60419352;0,46598175
13,60919352;0,46598175
13,61419352;0,00000000
13,61919352;-0,46598175
13,62419352;0,00000000
13,62919352;0,46598175
13,63419352;0,00000000
13,63919352;0,46598175
13,64419352;0,00000000
13,64919352;0,46598175
13,65419352;0,00000000
13,65919352;0,00000000
13,66419352;0,00000000
13,66919352;0,00000000
13,67419352;-0,46598175
13,67919352;0,00000000
13,68419352;-0,46598175
13,68919352;0,46598175
13,69419352;0,46598175
13,69919352;0,00000000
13,70419352;0,00000000
13,70919352;0,46598175
13,71419352;-0,46598175
13,71919352;0,00000000
13,72419352;0,00000000
13,72919352;0,46598175
13,73419352;-0,46598175
13,73919352;0,00000000
13,74419352;0,00000000
13,74919352;0,46598175
13,75419352;0,00000000
13,75919352;0,46598175
13,76419352;-0,46598175
13,76919352;0,46598175
13,77419352;0,00000000
13,77919352;0,00000000
13,78419352;0,00000000
13,78919352;0,46598175
13,79419352;0,46598175
13,79919352;0,00000000
13,80419352;0,00000000
13,80919352;0,00000000
13,81419352;0,00000000
13,81919352;0,00000000
13,82419352;0,00000000
13,82919352;0,46598175
13,83419352;0,93196350
13,83919352;0,46598175
13,84419352;0,46598175
13,84919352;0,46598175
13,85419352;0,46598175
13,85919351;0,46598175
13,86419351;0,00000000
13,86919351;0,00000000
13,87419351;0,46598175
13,87919351;0,46598175
13,88419351;0,46598175
13,88919351;0,00000000
13,89419351;0,00000000
13,89919351;0,00000000
13,90419351;0,00000000
13,90919351;-0,46598175
13,91419351;0,00000000
13,91919351;0,00000000
13,92419351;0,46598175
13,92919351;0,46598175
13,93419351;0,46598175
13,93919351;0,46598175
13,94419351;0,00000000
13,94919351;0,46598175
13,95419351;0,00000000
13,95919351;0,00000000
13,96419351;0,00000000
13,96919351;0,00000000
13,97419351;0,00000000
13,97919351;0,93196350
13,98419351;0,46598175
13,98919351;0,00000000
13,99419351;0,00000000
13,99919351;0,00000000
14,00419351;0,46598175
14,00919351;0,00000000
14,01419351;0,00000000
14,01919351;0,46598175
14,02419351;0,46598175
14,02919351;0,00000000
14,03419351;0,00000000
14,03919351;0,00000000
14,04419351;0,93196350
14,04919351;0,00000000
14,05419351;0,46598175
14,05919351;0,93196350
14,06419351;0,93196350
14,06919351;-1,39948320
14,07419351;0,00000000
14,07919351;-0,46598175
14,08419351;0,46598175
14,08919351;0,00000000
14,09419351;0,00000000
14,09919351;-0,46598175
14,10419351;-1,39948320
14,10919351;0,46598175
14,11419351;1,39948320
14,11919351;-0,46598175
14,12419351;0,00000000
14,12919351;0,00000000
14,13419351;0,93196350
14,13919351;0,46598175
14,14419351;0,00000000
14,14919351;-0,46598175
14,15419351;0,00000000
14,15919351;0,00000000
14,16419351;0,46598175
14,16919351;0,46598175
14,17419351;0,46598175
14,17919351;0,46598175
14,18419351;-0,46598175
14,18919351;0,00000000
14,19419351;0,00000000
14,19919351;0,46598175
14,20419351;0,46598175
14,20919351;0,00000000
14,21419351;0,00000000
14,21919351;0,46598175
14,22419351;0,00000000
14,22919351;0,93196350
14,23419351;0,46598175
14,23919351;0,00000000
14,24419351;0,46598175
14,24919351;-0,93196350
14,25419350;0,00000000
14,25919350;0,00000000
14,26419350;0,46598175
14,26919350;0,00000000
14,27419350;0,46598175
14,27919350;0,00000000
14,28419350;0,46598175
14,28919350;0,00000000
14,29419350;0,46598175
14,29919350;0,46598175
14,30419350;0,00000000
14,30919350;0,00000000
14,31419350;0,00000000
14,31919350;0,00000000
14,32419350;0,46598175
14,32919350;0,93196350
14,33419350;0,00000000
14,33919350;0,00000000
14,34419350;0,00000000
14,34919350;0,46598175
14,35419350;0,46598175
14,35919350;0,00000000
14,36419350;0,46598175
14,36919350;0,00000000
14,37419350;0,00000000
14,37919350;0,46598175
14,38419350;0,00000000
14,38919350;-0,93196350
14,39419350;0,46598175
14,39919350;0,93196350
14,40419350;0,00000000
14,40919350;0,00000000
14,41419350;0,46598175
14,41919350;-0,46598175
14,42419350;0,46598175
14,42919350;0,00000000
14,43419350;0,46598175
14,43919350;0,46598175
14,44419350;0,00000000
14,44919350;-0,93196350
14,45419350;0,00000000
14,45919350;-1,39948320
14,46419350;0,46598175
14,46919350;0,46598175
14,47419350;0,00000000
14,47919350;0,46598175
14,48419350;1,39948320
14,48919350;0,00000000
14,49419350;0,00000000
14,49919350;0,46598175
14,50419350;0,00000000
14,50919350;-0,46598175
14,51419350;-0,46598175
14,51919350;-0,46598175
14,52419350;-0,46598175
14,52919350;0,93196350
14,53419350;0,93196350
14,53919350;0,00000000
14,54419350;0,00000000
14,54919350;0,00000000
14,55419350;0,00000000
14,55919350;0,46598175
14,56419350;0,00000000
14,56919350;0,93196350
14,57419350;-0,46598175
14,57919350;-0,93196350
14,58419350;0,00000000
14,58919350;0,46598175
14,59419350;0,00000000
14,59919350;-0,46598175
14,60419350;0,00000000
14,60919350;0,00000000
14,61419350;0,00000000
14,61919350;-0,46598175
14,62419350;0,00000000
14,62919350;0,46598175
14,63419350;-0,46598175
14,63919350;-0,46598175
14,64419350;0,93196350
14,64919349;0,46598175
14,65419349;0,00000000
14,65919349;-1,39948320
14,66419349;0,46598175
14,66919349;0,00000000
14,67419349;0,46598175
14,67919349;0,46598175
14,68419349;-0,93196350
14,68919349;0,93196350
14,69419349;-0,46598175
14,69919349;0,93196350
14,70419349;0,93196350
14,70919349;-0,93196350
14,71419349;-0,93196350
14,71919349;0,00000000
14,72419349;-5,13348866
14,72919349;0,00000000
14,73419349;0,00000000
14,73919349;0,00000000
14,74419349;0,00000000
14,74919349;0,46598175
14,75419349;0,46598175
14,75919349;0,93196350
14,76419349;0,93196350
14,76919349;0,46598175
14,77419349;-0,46598175
14,77919349;0,00000000
14,78419349;-0,93196350
14,78919349;0,46598175
14,79419349;0,00000000
14,79919349;-0,46598175
14,80419349;0,00000000
14,80919349;0,46598175
14,81419349;0,46598175
14,81919349;0,00000000
14,82419349;0,93196350
14,82919349;0,00000000
14,83419349;-0,93196350
14,83919349;0,00000000
14,84419349;0,93196350
14,84919349;0,00000000
14,85419349;0,46598175
14,85919349;0,93196350
14,86419349;0,00000000
14,86919349;0,46598175
14,87419349;0,00000000
14,87919349;0,00000000
14,88419349;0,46598175
14,88919349;-0,93196350
14,89419349;0,00000000
14,89919349;0,93196350
14,90419349;0,46598175
14,90919349;0,00000000
14,91419349;0,46598175
14,91919349;-0,46598175
14,92419349;0,00000000
14,92919349;0,00000000
14,93419349;0,46598175
14,93919349;0,00000000
14,94419349;-0,46598175
14,94919349;0,00000000
14,95419349;0,46598175
14,95919349;0,93196350
14,96419349;0,46598175
14,96919349;-0,93196350
14,97419349;0,00000000
14,97919349;0,00000000
14,98419349;0,46598175
14,98919349;0,00000000
14,99419349;-0,46598175
14,99919349;0,93196350
15,00419349;0,46598175
15,00919349;0,46598175
15,01419349;0,46598175
15,01919349;0,46598175
15,02419349;0,46598175
15,02919349;-0,46598175
15,03419349;0,00000000
15,03919349;-0,46598175
15,04419348;0,00000000
15,04919348;0,00000000
15,05419348;0,00000000
15,05919348;-0,93196350
15,06419348;-0,46598175
15,06919348;0,00000000
15,07419348;0,00000000
15,07919348;0,00000000
15,08419348;0,00000000
15,08919348;0,00000000
15,09419348;-0,93196350
15,09919348;0,00000000
15,10419348;0,93196350
15,10919348;0,46598175
15,11419348;0,00000000
15,11919348;-0,46598175
15,12419348;0,00000000
15,12919348;-0,46598175
15,13419348;0,00000000
15,13919348;0,46598175
15,14419348;-0,93196350
15,14919348;0,00000000
15,15419348;0,00000000
15,15919348;-0,46598175
15,16419348;0,00000000
15,16919348;0,46598175
15,17419348;0,00000000
15,17919348;0,00000000
15,18419348;0,46598175
15,18919348;0,00000000
15,19419348;0,46598175
15,19919348;0,00000000
15,20419348;0,46598175
15,20919348;0,46598175
15,21419348;-0,46598175
15,21919348;0,00000000
15,22419348;0,46598175
15,22919348;0,46598175
15,23419348;0,46598175
15,23919348;1,39948320
15,24419348;0,00000000
15,24919348;0,00000000
15,25419348;-0,93196350
15,25919348;0,00000000
15,26419348;0,93196350
15,26919348;-0,46598175
15,27419348;-0,93196350
15,27919348;0,00000000
15,28419348;0,93196350
15,28919348;-0,93196350
15,29419348;0,46598175
15,29919348;0,46598175
15,30419348;0,46598175
15,30919348;0,00000000
15,31419348;-0,46598175
15,31919348;-0,46598175
15,32419348;0,46598175
15,32919348;0,93196350
15,33419348;0,93196350
15,33919348;0,93196350
15,34419348;-0,46598175
15,34919348;-0,46598175
15,35419348;0,46598175
15,35919348;0,00000000
15,36419348;0,00000000
15,36919348;0,46598175
15,37419348;0,00000000
15,37919348;0,00000000
15,38419348;0,46598175
15,38919348;0,00000000
15,39419348;0,46598175
15,39919348;0,93196350
15,40419348;0,00000000
15,40919348;-0,46598175
15,41419348;-0,93196350
15,41919348;-0,46598175
15,42419348;-0,93196350
15,42919348;0,46598175
15,43419348;0,00000000
15,43919347;-1,86546493
15,44419347;-0,93196350
15,44919347;-0,46598175
15,45419347;-1,39948320
15,45919347;-0,46598175
15,46419347;0,00000000
15,46919347;0,46598175
15,47419347;-1,86546493
15,47919347;0,00000000
15,48419347;-0,46598175
15,48919347;0,00000000
15,49419347;0,46598175
15,49919347;-0,93196350
15,50419347;0,46598175
15,50919347;0,46598175
15,51419347;0,46598175
15,51919347;0,00000000
15,52419347;0,00000000
15,52919347;0,00000000
15,53419347;0,46598175
15,53919347;0,46598175
15,54419347;0,46598175
15,54919347;0,00000000
15,55419347;0,00000000
15,55919347;0,00000000
15,56419347;-0,46598175
15,56919347;0,00000000
15,57419347;0,00000000
15,57919347;0,00000000
15,58419347;0,46598175
15,58919347;0,00000000
15,59419347;0,46598175
15,59919347;-1,39948320
15,60419347;0,00000000
15,60919347;1,39948320
15,61419347;0,00000000
15,61919347;-0,46598175
15,62419347;-0,46598175
15,62919347;0,46598175
15,63419347;0,00000000
15,63919347;-0,93196350
15,64419347;0,46598175
15,64919347;2,79896641
15,65419347;-0,93196350
15,65919347;-0,46598175
15,66419347;0,46598175
15,66919347;-0,46598175
15,67419347;-0,93196350
15,67919347;0,00000000
15,68419347;0,00000000
15,68919347;0,46598175
15,69419347;-0,46598175
15,69919347;-0,46598175
15,70419347;0,46598175
15,70919347;0,00000000
15,71419347;0,00000000
15,71919347;2,79896641
15,72419347;0,46598175
15,72919347;-0,46598175
15,73419347;-0,46598175
15,73919347;0,00000000
15,74419347;0,00000000
15,74919347;-0,46598175
15,75419347;-0,46598175
15,75919347;0,00000000
15,76419347;0,46598175
15,76919347;0,93196350
15,77419347;0,00000000
15,77919347;0,46598175
15,78419347;0,00000000
15,78919347;0,00000000
15,79419347;0,00000000
15,79919347;0,46598175
15,80419347;0,46598175
15,80919347;-0,93196350
15,81419347;-0,93196350
15,81919347;0,00000000
15,82419347;-0,46598175
15,82919347;0,46598175
15,83419346;0,00000000
15,83919346;0,00000000
15,84419346;0,00000000
15,84919346;0,46598175
15,85419346;-0,93196350
15,85919346;0,00000000
15,86419346;-0,46598175
15,86919346;0,00000000
15,87419346;0,46598175
15,87919346;1,86546493
15,88419346;0,93196350
15,88919346;-0,93196350
15,89419346;-0,46598175
15,89919346;-0,93196350
15,90419346;-0,46598175
15,90919346;0,00000000
15,91419346;-0,46598175
15,91919346;16,80148888
15,92419346;0,00000000
15,92919346;0,46598175
15,93419346;-0,93196350
15,93919346;0,00000000
15,94419346;0,00000000
15,94919346;0,46598175
15,95419346;0,46598175
15,95919346;0,93196350
15,96419346;0,00000000
15,96919346;-1,39948320
15,97419346;0,46598175
15,97919346;0,46598175
15,98419346;0,93196350
15,98919346;0,46598175
15,99419346;0,00000000
15,99919346;0,93196350
16,00419346;0,93196350
16,00919346;1,39948320
16,01419346;0,00000000
16,01919346;0,00000000
16,02419346;0,46598175
16,02919346;0,46598175
16,03419346;0,00000000
16,03919346;0,46598175
16,04419346;0,00000000
16,04919346;0,46598175
16,05419346;0,46598175
16,05919346;0,00000000
16,06419346;0,00000000
16,06919346;0,00000000
16,07419346;0,46598175
16,07919346;0,00000000
16,08419346;0,46598175
16,08919346;0,00000000
16,09419346;0,46598175
16,09919346;-0,46598175
16,10419346;0,00000000
16,10919346;0,46598175
16,11419346;0,00000000
16,11919346;0,46598175
16,12419346;0,00000000
16,12919346;0,93196350
16,13419346;0,46598175
16,13919346;0,00000000
16,14419346;0,46598175
16,14919346;0,46598175
16,15419346;0,00000000
16,15919346;0,93196350
16,16419346;0,46598175
16,16919346;0,46598175
16,17419346;-0,46598175
16,17919346;0,00000000
16,18419346;0,00000000
16,18919346;0,00000000
16,19419346;0,46598175
16,19919346;0,46598175
16,20419346;0,00000000
16,20919346;0,00000000
16,21419346;0,46598175
16,21919346;0,00000000
16,22419346;0,93196350
16,22919346;-0,46598175
16,23419345;0,00000000
16,23919345;-0,46598175
16,24419345;0,00000000
16,24919345;-0,93196350
16,25419345;0,93196350
16,25919345;-0,46598175
16,26419345;0,00000000
16,26919345;0,46598175
16,27419345;-0,93196350
16,27919345;-0,46598175
16,28419345;-0,46598175
16,28919345;0,00000000
16,29419345;17,26746941
16,29919345;0,00000000
16,30419345;3,26648593
16,30919345;0,00000000
16,31419345;0,46598175
16,31919345;-0,46598175
16,32419345;0,46598175
16,32919345;0,00000000
16,33419345;0,00000000
16,33919345;0,00000000
16,34419345;-0,46598175
16,34919345;0,00000000
16,35419345;0,00000000
16,35919345;-0,46598175
16,36419345;0,00000000
16,36919345;0,00000000
16,37419345;0,00000000
16,37919345;0,46598175
16,38419345;0,93196350
16,38919345;0,46598175
16,39419345;0,00000000
16,39919345;0,00000000
16,40419345;-0,93196350
16,40919345;0,46598175
16,41419345;0,46598175
16,41919345;0,46598175
16,42419345;0,00000000
16,42919345;0,93196350
16,43419345;0,46598175
16,43919345;-1,39948320
16,44419345;0,00000000
16,44919345;0,00000000
16,45419345;0,00000000
16,45919345;0,00000000
16,46419345;0,46598175
16,46919345;0,00000000
16,47419345;0,46598175
16,47919345;-0,46598175
16,48419345;0,00000000
16,48919345;-0,46598175
16,49419345;0,00000000
16,49919345;-0,46598175
16,50419345;0,00000000
16,50919345;0,00000000
16,51419345;0,46598175
16,51919345;-0,46598175
16,52419345;0,46598175
16,52919345;0,46598175
16,53419345;0,46598175
16,53919345;-0,46598175
16,54419345;0,93196350
16,54919345;0,46598175
16,55419345;0,00000000
16,55919345;0,00000000
16,56419345;-0,46598175
16,56919345;1,39948320
16,57419345;0,00000000
16,57919345;-0,46598175
16,58419345;0,00000000
16,58919345;0,00000000
16,59419345;0,00000000
16,59919345;0,00000000
16,60419345;0,00000000
16,60919345;-0,46598175
16,61419345;1,39948320
16,61919345;0,00000000
16,62419345;-0,46598175
16,62919344;-0,46598175
16,63419344;0,00000000
16,63919344;1,39948320
16,64419344;0,00000000
16,64919344;0,00000000
16,65419344;0,93196350
16,65919344;0,00000000
16,66419344;0,46598175
16,66919344;0,00000000
16,67419344;-0,93196350
16,67919344;0,46598175
16,68419344;0,00000000
16,68919344;0,00000000
16,69419344;0,46598175
16,69919344;0,00000000
16,70419344;0,00000000
16,70919344;0,46598175
16,71419344;0,46598175
16,71919344;-0,46598175
16,72419344;0,00000000
16,72919344;0,46598175
16,73419344;0,00000000
16,73919344;-0,93196350
16,74419344;0,46598175
16,74919344;0,46598175
16,75419344;0,46598175
16,75919344;0,46598175
16,76419344;0,93196350
16,76919344;0,00000000
16,77419344;0,00000000
16,77919344;0,00000000
16,78419344;0,00000000
16,78919344;0,00000000
16,79419344;0,46598175
16,79919344;-0,46598175
16,80419344;-0,46598175
16,80919344;-0,46598175
16,81419344;0,00000000
16,81919344;-0,46598175
16,82419344;0,46598175
16,82919344;-0,46598175
16,83419344;-0,46598175
16,83919344;0,93196350
16,84419344;0,46598175
16,84919344;0,93196350
16,85419344;0,46598175
16,85919344;0,46598175
16,86419344;0,46598175
16,86919344;0,00000000
16,87419344;0,00000000
16,87919344;0,46598175
16,88419344;0,46598175
16,88919344;0,00000000
16,89419344;0,00000000
16,89919344;0,00000000
16,90419344;-0,46598175
16,90919344;0,00000000
16,91419344;0,46598175
16,91919344;0,00000000
16,92419344;0,00000000
16,92919344;0,46598175
16,93419344;0,00000000
16,93919344;0,46598175
16,94419344;0,00000000
16,94919344;0,46598175
16,95419344;0,46598175
16,95919344;0,00000000
16,96419344;0,00000000
16,96919344;0,00000000
16,97419344;0,46598175
16,97919344;1,39948320
16,98419344;0,00000000
16,98919344;0,46598175
16,99419344;-0,46598175
16,99919344;-0,46598175
17,00419344;0,00000000
17,00919344;0,00000000
17,01419344;0,93196350
17,01919344;0,46598175
17,02419343;0,00000000
17,02919343;0,00000000
17,03419343;0,00000000
17,03919343;-0,46598175
17,04419343;0,93196350
17,04919343;-0,46598175
17,05419343;0,93196350
17,05919343;-0,46598175
17,06419343;0,00000000
17,06919343;-0,93196350
17,07419343;0,46598175
17,07919343;1,86546493
17,08419343;-1,39948320
17,08919343;0,93196350
17,09419343;-0,46598175
17,09919343;0,46598175
17,10419343;0,46598175
17,10919343;0,00000000
17,11419343;0,00000000
17,11919343;0,46598175
17,12419343;0,00000000
17,12919343;0,46598175
17,13419343;0,46598175
17,13919343;0,00000000
17,14419343;0,00000000
17,14919343;0,00000000
17,15419343;0,00000000
17,15919343;0,00000000
17,16419343;0,00000000
17,16919343;0,46598175
17,17419343;-0,46598175
17,17919343;0,46598175
17,18419343;0,00000000
17,18919343;0,00000000
17,19419343;0,46598175
17,19919343;0,46598175
17,20419343;0,46598175
17,20919343;0,46598175
17,21419343;-0,46598175
17,21919343;0,00000000
17,22419343;0,46598175
17,22919343;-0,46598175
17,23419343;0,00000000
17,23919343;0,00000000
17,24419343;0,00000000
17,24919343;-0,93196350
17,25419343;0,46598175
17,25919343;0,93196350
17,26419343;0,00000000
17,26919343;-0,93196350
17,27419343;0,46598175
17,27919343;0,93196350
17,28419343;0,00000000
17,28919343;-0,93196350
17,29419343;-0,46598175
17,29919343;0,46598175
17,30419343;-0,46598175
17,30919343;0,00000000
17,31419343;0,46598175
17,31919343;-0,46598175
17,32419343;0,00000000
17,32919343;0,46598175
17,33419343;0,00000000
17,33919343;0,46598175
17,34419343;0,93196350
17,34919343;0,46598175
17,35419343;-0,46598175
17,35919343;0,46598175
17,36419343;0,46598175
17,36919343;0,00000000
17,37419343;0,00000000
17,37919343;0,00000000
17,38419343;0,93196350
17,38919343;0,46598175
17,39419343;0,46598175
17,39919343;0,00000000
17,40419343;0,93196350
17,40919343;0,00000000
17,41419343;0,00000000
17,41919342;0,46598175
17,42419342;0,46598175
17,42919342;0,00000000
17,43419342;0,00000000
17,43919342;-0,46598175
17,44419342;0,00000000
17,44919342;0,46598175
17,45419342;-1,39948320
17,45919342;0,00000000
17,46419342;0,46598175
17,46919342;0,00000000
17,47419342;0,00000000
17,47919342;-0,93196350
17,48419342;0,00000000
17,48919342;-0,46598175
17,49419342;0,46598175
17,49919342;-0,46598175
17,50419342;0,00000000
17,50919342;-0,46598175
17,51419342;0,00000000
17,51919342;0,00000000
17,52419342;0,00000000
17,52919342;0,46598175
17,53419342;0,46598175
17,53919342;0,00000000
17,54419342;0,93196350
17,54919342;0,00000000
17,55419342;0,00000000
17,55919342;0,00000000
17,56419342;0,93196350
17,56919342;0,00000000
17,57419342;0,00000000
17,57919342;0,93196350
17,58419342;0,93196350
17,58919342;0,46598175
17,59419342;0,46598175
17,59919342;0,46598175
17,60419342;0,46598175
17,60919342;0,93196350
17,61419342;0,46598175
17,61919342;0,46598175
17,62419342;0,46598175
17,62919342;0,46598175
17,63419342;0,46598175
17,63919342;0,00000000
17,64419342;0,00000000
17,64919342;0,46598175
17,65419342;-1,39948320
17,65919342;0,00000000
17,66419342;0,46598175
17,66919342;0,00000000
17,67419342;0,00000000
17,67919342;0,00000000
17,68419342;0,46598175
17,68919342;0,46598175
17,69419342;0,00000000
17,69919342;0,00000000
17,70419342;0,00000000
17,70919342;0,46598175
17,71419342;0,00000000
17,71919342;0,00000000
17,72419342;0,46598175
17,72919342;0,46598175
17,73419342;0,46598175
17,73919342;-0,93196350
17,74419342;0,00000000
17,74919342;0,00000000
17,75419342;0,00000000
17,75919342;0,46598175
17,76419342;0,93196350
17,76919342;0,00000000
17,77419342;0,00000000
17,77919342;-0,93196350
17,78419342;4,66596889
17,78919342;0,46598175
17,79419342;0,46598175
17,79919342;0,46598175
17,80419342;0,46598175
17,80919342;0,46598175
17,81419341;0,46598175
17,81919341;0,46598175
17,82419341;0,46598175
17,82919341;0,00000000
17,83419341;-0,46598175
17,83919341;1,39948320
17,84419341;0,46598175
17,84919341;0,00000000
17,85419341;-0,46598175
17,85919341;0,00000000
17,86419341;0,93196350
17,86919341;0,00000000
17,87419341;0,46598175
17,87919341;0,46598175
17,88419341;0,00000000
17,88919341;0,46598175
17,89419341;0,00000000
17,89919341;-1,39948320
17,90419341;0,00000000
17,90919341;0,00000000
17,91419341;0,46598175
17,91919341;0,00000000
17,92419341;0,00000000
17,92919341;0,00000000
17,93419341;-0,46598175
17,93919341;0,93196350
17,94419341;-0,46598175
17,94919341;-0,93196350
17,95419341;0,93196350
17,95919341;0,00000000
17,96419341;0,46598175
17,96919341;0,00000000
17,97419341;0,46598175
17,97919341;0,93196350
17,98419341;0,93196350
17,98919341;-0,46598175
17,99419341;0,93196350
17,99919341;2,79896641
18,00419341;0,00000000
18,00919341;0,00000000
18,01419341;0,00000000
18,01919341;0,46598175
18,02419341;0,46598175
18,02919341;0,00000000
18,03419341;1,39948320
18,03919341;0,00000000
18,04419341;0,46598175
18,04919341;0,00000000
18,05419341;0,46598175
18,05919341;1,39948320
18,06419341;0,00000000
18,06919341;0,00000000
18,07419341;-0,46598175
18,07919341;0,93196350
18,08419341;0,46598175
18,08919341;0,46598175
18,09419341;0,46598175
18,09919341;-0,46598175
18,10419341;-0,46598175
18,10919341;0,00000000
18,11419341;0,46598175
18,11919341;0,00000000
18,12419341;0,93196350
18,12919341;0,46598175
18,13419341;0,46598175
18,13919341;0,46598175
18,14419341;0,00000000
18,14919341;0,00000000
18,15419341;10,73449707
18,15919341;0,00000000
18,16419341;0,46598175
18,16919341;0,46598175
18,17419341;0,46598175
18,17919341;0,00000000
18,18419341;0,00000000
18,18919341;0,46598175
18,19419341;0,00000000
18,19919341;-0,46598175
18,20419341;0,46598175
18,20919340;0,46598175
18,21419340;1,39948320
18,21919340;0,00000000
18,22419340;0,93196350
18,22919340;0,00000000
18,23419340;-0,93196350
18,23919340;0,00000000
18,24419340;-1,39948320
18,24919340;-0,46598175
18,25419340;0,93196350
18,25919340;0,46598175
18,26419340;0,93196350
18,26919340;0,46598175
18,27419340;-0,46598175
18,27919340;0,00000000
18,28419340;0,93196350
18,28919340;0,00000000
18,29419340;0,00000000
18,29919340;0,46598175
18,30419340;0,46598175
18,30919340;0,46598175
18,31419340;0,46598175
18,31919340;0,00000000
18,32419340;-0,46598175
18,32919340;0,46598175
18,33419340;0,00000000
18,33919340;0,46598175
18,34419340;0,00000000
18,34919340;-1,39948320
18,35419340;-0,46598175
18,35919340;0,46598175
18,36419340;0,46598175
18,36919340;0,93196350
18,37419340;0,46598175
18,37919340;0,46598175
18,38419340;0,00000000
18,38919340;0,00000000
18,39419340;-0,46598175
18,39919340;0,46598175
18,40419340;0,46598175
18,40919340;0,00000000
18,41419340;0,46598175
18,41919340;-0,46598175
18,42419340;0,46598175
18,42919340;0,00000000
18,43419340;0,93196350
18,43919340;0,00000000
18,44419340;0,46598175
18,44919340;0,46598175
18,45419340;-0,46598175
18,45919340;-0,93196350
18,46419340;-0,46598175
18,46919340;0,00000000
18,47419340;-0,46598175
18,47919340;0,00000000
18,48419340;1,39948320
18,48919340;0,00000000
18,49419340;0,46598175
18,49919340;0,00000000
18,50419340;0,00000000
18,50919340;0,00000000
18,51419340;0,00000000
18,51919340;0,00000000
18,52419340;-0,46598175
18,52919340;0,46598175
18,53419340;0,46598175
18,53919340;0,00000000
18,54419340;0,46598175
18,54919340;0,46598175
18,55419340;0,46598175
18,55919340;0,00000000
18,56419340;0,46598175
18,56919340;0,00000000
18,57419340;-0,46598175
18,57919340;0,46598175
18,58419340;0,00000000
18,58919340;6,53297186
18,59419340;0,00000000
18,59919340;0,00000000
18,60419340;0,00000000
18,60919339;-1,86546493
18,61419339;0,46598175
18,61919339;0,00000000
18,62419339;0,93196350
18,62919339;0,46598175
18,63419339;0,00000000
18,63919339;0,46598175
18,64419339;0,46598175
18,64919339;0,46598175
18,65419339;0,46598175
18,65919339;0,00000000
18,66419339;-0,46598175
18,66919339;0,93196350
18,67419339;0,00000000
18,67919339;-0,46598175
18,68419339;-0,46598175
18,68919339;1,39948320
18,69419339;0,46598175
18,69919339;-0,46598175
18,70419339;-0,46598175
18,70919339;0,46598175
18,71419339;0,46598175
18,71919339;0,46598175
18,72419339;0,00000000
18,72919339;0,93196350
18,73419339;-0,46598175
18,73919339;0,46598175
18,74419339;0,93196350
18,74919339;0,93196350
18,75419339;0,46598175
18,75919339;0,46598175
18,76419339;0,00000000
18,76919339;0,00000000
18,77419339;0,00000000
18,77919339;0,00000000
18,78419339;0,00000000
18,78919339;3,73246789
18,79419339;-0,93196350
18,79919339;0,46598175
18,80419339;-0,93196350
18,80919339;0,93196350
18,81419339;0,46598175
18,81919339;0,93196350
18,82419339;0,00000000
18,82919339;0,00000000
18,83419339;0,46598175
18,83919339;0,00000000
18,84419339;-0,46598175
18,84919339;0,46598175
18,85419339;-0,93196350
18,85919339;0,00000000
18,86419339;-0,93196350
18,86919339;0,93196350
18,87419339;-0,46598175
18,87919339;0,00000000
18,88419339;0,46598175
18,88919339;2,79896641
18,89419339;0,46598175
18,89919339;-0,93196350
18,90419339;0,46598175
18,90919339;0,46598175
18,91419339;0,46598175
18,91919339;0,00000000
18,92419339;0,00000000
18,92919339;0,46598175
18,93419339;0,00000000
18,93919339;0,93196350
18,94419339;0,46598175
18,94919339;0,00000000
18,95419339;0,46598175
18,95919339;0,46598175
18,96419339;0,00000000
18,96919339;0,46598175
18,97419339;0,46598175
18,97919339;0,46598175
18,98419339;0,46598175
18,98919339;-0,46598175
18,99419339;1,39948320
18,99919339;0,00000000
19,00419338;-0,46598175
19,00919338;0,46598175
19,01419338;-0,93196350
19,01919338;-0,46598175
19,02419338;0,00000000
19,02919338;0,93196350
19,03419338;0,46598175
19,03919338;0,00000000
19,04419338;0,46598175
19,04919338;0,00000000
19,05419338;-0,46598175
19,05919338;0,46598175
19,06419338;0,46598175
19,06919338;0,46598175
19,07419338;0,46598175
19,07919338;1,39948320
19,08419338;0,93196350
19,08919338;0,00000000
19,09419338;-0,93196350
19,09919338;0,00000000
19,10419338;0,00000000
19,10919338;0,00000000
19,11419338;0,00000000
19,11919338;0,00000000
19,12419338;0,46598175
19,12919338;0,00000000
19,13419338;0,00000000
19,13919338;0,46598175
19,14419338;-0,46598175
19,14919338;0,46598175
19,15419338;0,46598175
19,15919338;0,00000000
19,16419338;0,46598175
19,16919338;0,93196350
19,17419338;0,00000000
19,17919338;0,00000000
19,18419338;0,46598175
19,18919338;0,46598175
19,19419338;0,46598175
19,19919338;0,46598175
19,20419338;0,00000000
19,20919338;0,46598175
19,21419338;0,93196350
19,21919338;0,93196350
19,22419338;0,00000000
19,22919338;0,00000000
19,23419338;-0,46598175
19,23919338;0,46598175
19,24419338;0,00000000
19,24919338;0,46598175
19,25419338;1,39948320
19,25919338;0,46598175
19,26419338;0,46598175
19,26919338;0,00000000
19,27419338;-0,93196350
19,27919338;0,00000000
19,28419338;-0,46598175
19,28919338;0,46598175
19,29419338;0,93196350
19,29919338;0,93196350
19,30419338;0,00000000
19,30919338;0,00000000
19,31419338;0,93196350
19,31919338;-8,39997482
19,32419338;-0,93196350
19,32919338;0,00000000
19,33419338;0,93196350
19,33919338;0,46598175
19,34419338;0,00000000
19,34919338;0,00000000
19,35419338;0,46598175
19,35919338;0,00000000
19,36419338;0,46598175
19,36919338;0,93196350
19,37419338;0,00000000
19,37919338;0,46598175
19,38419338;0,46598175
19,38919338;0,93196350
19,39419338;0,46598175
19,39919337;0,00000000
19,40419337;1,39948320
19,40919337;0,93196350
19,41419337;0,00000000
19,41919337;3,26648593
19,42419337;0,93196350
19,42919337;0,46598175
19,43419337;0,00000000
19,43919337;0,93196350
19,44419337;0,00000000
19,44919337;-0,46598175
19,45419337;0,00000000
19,45919337;0,46598175
19,46419337;0,93196350
19,46919337;0,46598175
19,47419337;0,46598175
19,47919337;0,00000000
19,48419337;0,46598175
19,48919337;-0,46598175
19,49419337;0,93196350
19,49919337;0,00000000
19,50419337;0,00000000
19,50919337;0,00000000
19,51419337;0,46598175
19,51919337;-0,93196350
19,52419337;0,46598175
19,52919337;0,00000000
19,53419337;0,46598175
19,53919337;0,46598175
19,54419337;0,46598175
19,54919337;0,00000000
19,55419337;0,46598175
19,55919337;0,46598175
19,56419337;0,00000000
19,56919337;0,00000000
19,57419337;0,00000000
19,57919337;-0,93196350
19,58419337;0,46598175
19,58919337;0,46598175
19,59419337;0,00000000
19,59919337;0,00000000
19,60419337;0,46598175
19,60919337;0,00000000
19,61419337;0,00000000
19,61919337;0,00000000
19,62419337;0,93196350
19,62919337;0,46598175
19,63419337;0,00000000
19,63919337;-0,93196350
19,64419337;0,46598175
19,64919337;0,46598175
19,65419337;0,00000000
19,65919337;0,00000000
19,66419337;0,00000000
19,66919337;0,00000000
19,67419337;-0,93196350
19,67919337;0,46598175
19,68419337;0,46598175
19,68919337;-0,93196350
19,69419337;0,00000000
19,69919337;0,00000000
19,70419337;-0,46598175
19,70919337;0,46598175
19,71419337;0,00000000
19,71919337;1,39948320
19,72419337;0,00000000
19,72919337;0,46598175
19,73419337;0,46598175
19,73919337;0,46598175
19,74419337;0,46598175
19,74919337;0,93196350
19,75419337;0,93196350
19,75919337;0,46598175
19,76419337;0,00000000
19,76919337;0,00000000
19,77419337;0,46598175
19,77919337;0,00000000
19,78419337;0,46598175
19,78919337;0,46598175
19,79419336;-0,46598175
19,79919336;0,46598175
19,80419336;0,00000000
19,80919336;0,93196350
19,81419336;0,46598175
19,81919336;0,46598175
19,82419336;0,46598175
19,82919336;0,00000000
19,83419336;0,46598175
19,83919336;0,46598175
19,84419336;0,46598175
19,84919336;0,00000000
19,85419336;0,93196350
19,85919336;0,00000000
19,86419336;0,00000000
19,86919336;0,46598175
19,87419336;-0,93196350
19,87919336;-0,46598175
19,88419336;-0,46598175
19,88919336;0,00000000
19,89419336;-0,93196350
19,89919336;-0,46598175
19,90419336;0,00000000
19,90919336;0,00000000
19,91419336;-0,46598175
19,91919336;0,00000000
19,92419336;-0,46598175
19,92919336;0,00000000
19,93419336;-0,46598175
19,93919336;-0,46598175
19,94419336;0,46598175
19,94919336;0,46598175
19,95419336;0,46598175
19,95919336;0,00000000
19,96419336;0,46598175
19,96919336;0,00000000
19,97419336;0,00000000
19,97919336;0,00000000
19,98419336;0,00000000
19,98919336;0,46598175
19,99419336;-0,93196350
19,99919336;0,46598175
20,00419336;0,00000000
20,00919336;0,00000000
20,01419336;0,46598175
20,01919336;-15,86798668
20,02419336;0,00000000
20,02919336;-0,93196350
20,03419336;0,46598175
20,03919336;0,00000000
20,04419336;0,00000000
20,04919336;0,00000000
20,05419336;0,93196350
20,05919336;0,46598175
20,06419336;0,00000000
20,06919336;-0,46598175
20,07419336;0,46598175
20,07919336;-0,46598175
20,08419336;1,39948320
20,08919336;0,00000000
20,09419336;0,00000000
20,09919336;0,93196350
20,10419336;0,00000000
20,10919336;0,46598175
20,11419336;0,00000000
20,11919336;3,73246789
20,12419336;0,00000000
20,12919336;0,46598175
20,13419336;0,00000000
20,13919336;0,00000000
20,14419336;-0,46598175
20,14919336;-0,46598175
20,15419336;-0,46598175
20,15919336;0,00000000
20,16419336;0,46598175
20,16919336;0,00000000
20,17419336;0,00000000
20,17919336;0,46598175
20,18419336;0,46598175
20,18919335;0,00000000
20,19419335;0,46598175
20,19919335;0,00000000
20,20419335;0,00000000
20,20919335;0,00000000
20,21419335;0,46598175
20,21919335;0,46598175
20,22419335;0,00000000
20,22919335;0,46598175
20,23419335;0,00000000
20,23919335;0,46598175
20,24419335;0,00000000
20,24919335;0,00000000
20,25419335;-1,39948320
20,25919335;0,46598175
20,26419335;0,93196350
20,26919335;-0,46598175
20,27419335;0,00000000
20,27919335;0,46598175
20,28419335;0,93196350
20,28919335;0,00000000
20,29419335;0,00000000
20,29919335;0,93196350
20,30419335;0,00000000
20,30919335;0,93196350
20,31419335;0,93196350
20,31919335;0,46598175
20,32419335;0,46598175
20,32919335;0,00000000
20,33419335;0,00000000
20,33919335;0,00000000
20,34419335;0,00000000
20,34919335;0,00000000
20,35419335;3,73246789
20,35919335;0,00000000
20,36419335;0,00000000
20,36919335;0,00000000
20,37419335;0,46598175
20,37919335;-0,46598175
20,38419335;-0,93196350
20,38919335;0,46598175
20,39419335;-0,46598175
20,39919335;0,00000000
20,40419335;0,93196350
20,40919335;0,93196350
20,41419335;0,46598175
20,41919335;0,00000000
20,42419335;0,93196350
20,42919335;0,00000000
20,43419335;0,00000000
20,43919335;0,00000000
20,44419335;1,39948320
20,44919335;-0,46598175
20,45419335;-0,93196350
20,45919335;0,46598175
20,46419335;0,00000000
20,46919335;0,93196350
20,47419335;0,00000000
20,47919335;0,00000000
20,48419335;0,93196350
20,48919335;0,93196350
20,49419335;0,46598175
20,49919335;-0,46598175
20,50419335;1,39948320
20,50919335;0,46598175
20,51419335;0,46598175
20,51919335;-0,46598175
20,52419335;1,39948320
20,52919335;0,93196350
20,53419335;0,46598175
20,53919335;0,46598175
20,54419335;0,46598175
20,54919335;0,00000000
20,55419335;0,93196350
20,55919335;0,93196350
20,56419335;0,00000000
20,56919335;0,46598175
20,57419335;0,46598175
20,57919335;0,00000000
20,58419334;0,93196350
20,58919334;-0,46598175
20,59419334;7,46647358
20,59919334;0,00000000
20,60419334;-0,46598175
20,60919334;0,93196350
20,61419334;1,39948320
20,61919334;0,46598175
20,62419334;0,00000000
20,62919334;0,00000000
20,63419334;0,46598175
20,63919334;-0,46598175
20,64419334;0,46598175
20,64919334;-0,46598175
20,65419334;1,86546493
20,65919334;0,46598175
20,66419334;0,46598175
20,66919334;-0,93196350
20,67419334;0,00000000
20,67919334;-0,46598175
20,68419334;0,00000000
20,68919334;0,93196350
20,69419334;0,46598175
20,69919334;1,39948320
20,70419334;0,93196350
20,70919334;0,00000000
20,71419334;-0,93196350
20,71919334;0,46598175
20,72419334;0,00000000
20,72919334;0,93196350
20,73419334;-0,46598175
20,73919334;0,00000000
20,74419334;-0,46598175
20,74919334;0,46598175
20,75419334;0,46598175
20,75919334;0,46598175
20,76419334;0,46598175
20,76919334;-0,46598175
20,77419334;0,46598175
20,77919334;0,46598175
20,78419334;0,46598175
20,78919334;-0,46598175
20,79419334;-0,46598175
20,79919334;0,46598175
20,80419334;0,46598175
20,80919334;0,46598175
20,81419334;0,00000000
20,81919334;0,46598175
20,82419334;0,46598175
20,82919334;0,46598175
20,83419334;0,93196350
20,83919334;0,00000000
20,84419334;0,46598175
20,84919334;-0,46598175
20,85419334;0,00000000
20,85919334;-0,46598175
20,86419334;-0,46598175
20,86919334;-0,93196350
20,87419334;-0,93196350
20,87919334;0,00000000
20,88419334;-0,93196350
20,88919334;0,00000000
20,89419334;-0,46598175
20,89919334;0,00000000
20,90419334;0,46598175
20,90919334;0,46598175
20,91419334;0,46598175
20,91919334;-0,93196350
20,92419334;0,46598175
20,92919334;0,46598175
20,93419334;0,46598175
20,93919334;0,93196350
20,94419334;0,00000000
20,94919334;0,00000000
20,95419334;0,93196350
20,95919334;0,00000000
20,96419334;0,00000000
20,96919334;0,00000000
20,97419334;0,00000000
20,97919334;0,00000000
20,98419333;-0,46598175
20,98919333;0,00000000
20,99419333;0,46598175
20,99919333;-0,93196350
21,00419333;0,93196350
21,00919333;-0,46598175
21,01419333;0,00000000
21,01919333;-0,46598175
21,02419333;0,46598175
21,02919333;0,00000000
21,03419333;3,73246789
21,03919333;0,00000000
21,04419333;0,00000000
21,04919333;0,00000000
21,05419333;0,00000000
21,05919333;0,93196350
21,06419333;0,00000000
21,06919333;0,00000000
21,07419333;0,93196350
21,07919333;0,00000000
21,08419333;-0,46598175
21,08919333;0,46598175
21,09419333;0,46598175
21,09919333;-0,93196350
21,10419333;0,00000000
21,10919333;0,46598175
21,11419333;0,46598175
21,11919333;0,46598175
21,12419333;0,00000000
21,12919333;0,00000000
21,13419333;0,00000000
21,13919333;0,00000000
21,14419333;0,00000000
21,14919333;0,00000000
21,15419333;0,46598175
21,15919333;-1,39948320
21,16419333;0,00000000
21,16919333;0,93196350
21,17419333;0,46598175
21,17919333;0,00000000
21,18419333;0,46598175
21,18919333;0,00000000
21,19419333;0,46598175
21,19919333;0,46598175
21,20419333;-0,46598175
21,20919333;0,46598175
21,21419333;0,00000000
21,21919333;0,46598175
21,22419333;0,00000000
21,22919333;0,46598175
21,23419333;0,46598175
21,23919333;-0,93196350
21,24419333;0,93196350
21,24919333;0,46598175
21,25419333;0,00000000
21,25919333;-0,46598175
21,26419333;0,00000000
21,26919333;-1,39948320
21,27419333;0,00000000
21,27919333;0,00000000
21,28419333;0,00000000
21,28919333;0,00000000
21,29419333;0,00000000
21,29919333;0,00000000
21,30419333;0,46598175
21,30919333;0,00000000
21,31419333;0,46598175
21,31919333;-0,46598175
21,32419333;0,46598175
21,32919333;-0,93196350
21,33419333;0,00000000
21,33919333;0,00000000
21,34419333;0,46598175
21,34919333;-0,46598175
21,35419333;0,00000000
21,35919333;-1,39948320
21,36419333;0,46598175
21,36919333;0,00000000
21,37419333;0,00000000
21,37919332;0,46598175
21,38419332;0,00000000
21,38919332;-0,46598175
21,39419332;-0,46598175
21,39919332;0,00000000
21,40419332;0,46598175
21,40919332;0,00000000
21,41419332;0,00000000
21,41919332;0,00000000
21,42419332;0,93196350
21,42919332;0,46598175
21,43419332;0,93196350
21,43919332;-4,19998741
21,44419332;0,00000000
21,44919332;0,00000000
21,45419332;0,00000000
21,45919332;0,00000000
21,46419332;-0,46598175
21,46919332;0,00000000
21,47419332;0,46598175
21,47919332;0,00000000
21,48419332;-1,39948320
21,48919332;0,00000000
21,49419332;-0,93196350
21,49919332;0,46598175
21,50419332;0,46598175
21,50919332;0,46598175
21,51419332;0,93196350
21,51919332;0,00000000
21,52419332;0,46598175
21,52919332;-0,46598175
21,53419332;0,46598175
21,53919332;0,93196350
21,54419332;0,46598175
21,54919332;0,00000000
21,55419332;0,00000000
21,55919332;0,46598175
21,56419332;0,00000000
21,56919332;-0,46598175
21,57419332;0,00000000
21,57919332;0,00000000
21,58419332;0,46598175
21,58919332;0,00000000
21,59419332;0,46598175
21,59919332;0,46598175
21,60419332;-0,46598175
21,60919332;0,46598175
21,61419332;0,93196350
21,61919332;0,46598175
21,62419332;0,00000000
21,62919332;-0,46598175
21,63419332;0,00000000
21,63919332;-0,46598175
21,64419332;0,00000000
21,64919332;0,00000000
21,65419332;0,00000000
21,65919332;0,93196350
21,66419332;0,46598175
21,66919332;-1,39948320
21,67419332;0,46598175
21,67919332;-0,93196350
21,68419332;0,00000000
21,68919332;0,93196350
21,69419332;-0,93196350
21,69919332;0,46598175
21,70419332;-0,93196350
21,70919332;0,00000000
21,71419332;0,00000000
21,71919332;0,46598175
21,72419332;0,00000000
21,72919332;0,46598175
21,73419332;-0,46598175
21,73919332;0,93196350
21,74419332;3,73246789
21,74919332;0,46598175
21,75419332;0,00000000
21,75919332;0,46598175
21,76419332;-0,46598175
21,76919332;-0,46598175
21,77419331;0,00000000
21,77919331;-0,93196350
21,78419331;0,93196350
21,78919331;-0,46598175
21,79419331;0,46598175
21,79919331;0,00000000
21,80419331;0,46598175
21,80919331;0,46598175
21,81419331;-0,46598175
21,81919331;0,46598175
21,82419331;0,00000000
21,82919331;0,93196350
21,83419331;0,00000000
21,83919331;0,00000000
21,84419331;0,00000000
21,84919331;0,00000000
21,85419331;0,00000000
21,85919331;0,46598175
21,86419331;-0,46598175
21,86919331;0,00000000
21,87419331;-0,46598175
21,87919331;0,00000000
21,88419331;-1,39948320
21,88919331;-0,46598175
21,89419331;-0,46598175
21,89919331;0,46598175
21,90419331;-0,93196350
21,90919331;0,00000000
21,91419331;3,26648593
21,91919331;0,46598175
21,92419331;0,46598175
21,92919331;0,46598175
21,93419331;0,00000000
21,93919331;0,46598175
21,94419331;-0,46598175
21,94919331;0,00000000
21,95419331;0,00000000
21,95919331;-0,46598175
21,96419331;0,00000000
21,96919331;0,46598175
21,97419331;0,46598175
21,97919331;-0,46598175
21,98419331;0,46598175
21,98919331;0,00000000
21,99419331;-0,46598175
21,99919331;0,00000000
22,00419331;0,00000000
22,00919331;0,46598175
22,01419331;0,00000000
22,01919331;-0,46598175
22,02419331;0,46598175
22,02919331;-0,93196350
22,03419331;0,00000000
22,03919331;-0,46598175
22,04419331;0,46598175
22,04919331;0,46598175
22,05419331;-0,46598175
22,05919331;-0,46598175
22,06419331;0,00000000
22,06919331;0,46598175
22,07419331;0,00000000
22,07919331;0,00000000
22,08419331;-1,39948320
22,08919331;0,93196350
22,09419331;0,00000000
22,09919331;0,46598175
22,10419331;-0,46598175
22,10919331;-0,46598175
22,11419331;-0,46598175
22,11919331;-0,46598175
22,12419331;0,46598175
22,12919331;0,46598175
22,13419331;0,00000000
22,13919331;-0,46598175
22,14419331;0,00000000
22,14919331;0,00000000
22,15419331;0,00000000
22,15919331;0,00000000
22,16419331;-0,46598175
22,16919330;-0,46598175
22,17419330;-0,93196350
22,17919330;0,46598175
22,18419330;0,46598175
22,18919330;0,46598175
22,19419330;0,00000000
22,19919330;0,46598175
22,20419330;0,00000000
22,20919330;0,00000000
22,21419330;-0,46598175
22,21919330;0,46598175
22,22419330;-0,46598175
22,22919330;0,93196350
22,23419330;0,00000000
22,23919330;0,00000000
22,24419330;0,46598175
22,24919330;0,46598175
22,25419330;0,46598175
22,25919330;0,46598175
22,26419330;-0,93196350
22,26919330;0,46598175
22,27419330;0,93196350
22,27919330;-0,93196350
22,28419330;0,46598175
22,28919330;0,46598175
22,29419330;0,93196350
22,29919330;0,00000000
22,30419330;-0,46598175
22,30919330;0,00000000
22,31419330;-0,93196350
22,31919330;0,46598175
22,32419330;0,00000000
22,32919330;-0,46598175
22,33419330;0,00000000
22,33919330;-0,46598175
22,34419330;0,00000000
22,34919330;0,46598175
22,35419330;-1,39948320
22,35919330;0,00000000
22,36419330;0,00000000
22,36919330;0,93196350
22,37419330;-0,46598175
22,37919330;0,93196350
22,38419330;0,00000000
22,38919330;0,00000000
22,39419330;0,00000000
22,39919330;-0,46598175
22,40419330;0,00000000
22,40919330;-0,46598175
22,41419330;0,00000000
22,41919330;0,46598175
22,42419330;0,93196350
22,42919330;-1,39948320
22,43419330;0,00000000
22,43919330;0,00000000
22,44419330;0,00000000
22,44919330;0,00000000
22,45419330;1,39948320
22,45919330;1,86546493
22,46419330;0,00000000
22,46919330;0,00000000
22,47419330;0,00000000
22,47919330;-0,46598175
22,48419330;0,93196350
22,48919330;-0,93196350
22,49419330;0,46598175
22,49919330;0,00000000
22,50419330;0,00000000
22,50919330;-0,93196350
22,51419330;0,46598175
22,51919330;0,46598175
22,52419330;-0,46598175
22,52919330;0,46598175
22,53419330;0,00000000
22,53919330;0,00000000
22,54419330;0,00000000
22,54919330;0,46598175
22,55419330;0,46598175
22,55919330;0,00000000
22,56419329;0,00000000
22,56919329;-0,46598175
22,57419329;0,46598175
22,57919329;0,46598175
22,58419329;0,46598175
22,58919329;0,93196350
22,59419329;-1,86546493
22,59919329;0,46598175
22,60419329;-0,93196350
22,60919329;-0,46598175
22,61419329;-0,46598175
22,61919329;0,00000000
22,62419329;0,00000000
22,62919329;0,00000000
22,63419329;-0,93196350
22,63919329;0,00000000
22,64419329;0,46598175
22,64919329;-0,46598175
22,65419329;-0,93196350
22,65919329;0,46598175
22,66419329;0,00000000
22,66919329;0,00000000
22,67419329;0,46598175
22,67919329;0,00000000
22,68419329;-1,86546493
22,68919329;0,00000000
22,69419329;-0,93196350
22,69919329;0,46598175
22,70419329;-0,93196350
22,70919329;0,00000000
22,71419329;0,00000000
22,71919329;0,00000000
22,72419329;0,46598175
22,72919329;-1,86546493
22,73419329;0,00000000
22,73919329;0,93196350
22,74419329;0,46598175
22,74919329;0,46598175
22,75419329;0,46598175
22,75919329;0,00000000
22,76419329;0,93196350
22,76919329;0,00000000
22,77419329;0,00000000
22,77919329;-0,46598175
22,78419329;0,00000000
22,78919329;-0,46598175
22,79419329;0,46598175
22,79919329;0,00000000
22,80419329;0,46598175
22,80919329;0,93196350
22,81419329;0,00000000
22,81919329;0,00000000
22,82419329;0,46598175
22,82919329;0,93196350
22,83419329;0,46598175
22,83919329;0,00000000
22,84419329;0,46598175
22,84919329;1,39948320
22,85419329;0,00000000
22,85919329;0,93196350
22,86419329;0,46598175
22,86919329;-0,46598175
22,87419329;0,00000000
22,87919329;0,00000000
22,88419329;0,46598175
22,88919329;0,46598175
22,89419329;0,46598175
22,89919329;-0,46598175
22,90419329;0,00000000
22,90919329;-0,46598175
22,91419329;0,00000000
22,91919329;0,00000000
22,92419329;0,46598175
22,92919329;0,46598175
22,93419329;1,39948320
22,93919329;0,00000000
22,94419329;0,46598175
22,94919329;-0,46598175
22,95419329;0,46598175
22,95919328;0,46598175
22,96419328;0,00000000
22,96919328;0,00000000
22,97419328;0,00000000
22,97919328;0,00000000
22,98419328;0,46598175
22,98919328;-0,46598175
22,99419328;0,46598175
22,99919328;-0,93196350
23,00419328;-1,86546493
23,00919328;0,00000000
23,01419328;0,46598175
23,01919328;-0,93196350
23,02419328;-0,46598175
23,02919328;0,00000000
23,03419328;0,93196350
23,03919328;0,00000000
23,04419328;0,46598175
23,04919328;-0,46598175
23,05419328;0,00000000
23,05919328;-0,46598175
23,06419328;0,93196350
23,06919328;1,39948320
23,07419328;0,46598175
23,07919328;-0,46598175
23,08419328;-0,46598175
23,08919328;0,00000000
23,09419328;0,46598175
23,09919328;-0,46598175
23,10419328;-0,93196350
23,10919328;0,93196350
23,11419328;0,46598175
23,11919328;0,46598175
23,12419328;0,00000000
23,12919328;0,46598175
23,13419328;0,00000000
23,13919328;0,93196350
23,14419328;0,00000000
23,14919328;0,46598175
23,15419328;0,00000000
23,15919328;0,00000000
23,16419328;0,00000000
23,16919328;0,00000000
23,17419328;-0,46598175
23,17919328;-0,46598175
23,18419328;0,00000000
23,18919328;0,00000000
23,19419328;-0,46598175
23,19919328;0,00000000
23,20419328;0,46598175
23,20919328;-0,46598175
23,21419328;0,00000000
23,21919328;0,00000000
23,22419328;0,00000000
23,22919328;0,00000000
23,23419328;-0,46598175
23,23919328;0,46598175
23,24419328;8,39997482
23,24919328;0,00000000
23,25419328;0,00000000
23,25919328;0,46598175
23,26419328;-0,93196350
23,26919328;0,46598175
23,27419328;0,93196350
23,27919328;0,46598175
23,28419328;1,39948320
23,28919328;0,46598175
23,29419328;0,46598175
23,29919328;-1,39948320
23,30419328;0,46598175
23,30919328;0,00000000
23,31419328;0,46598175
23,31919328;0,00000000
23,32419328;0,46598175
23,32919328;0,00000000
23,33419328;0,00000000
23,33919328;0,00000000
23,34419328;0,00000000
23,34919328;0,93196350
23,35419328;0,00000000
23,35919327;0,00000000
23,36419327;-0,46598175
23,36919327;0,00000000
23,37419327;-0,46598175
23,37919327;0,46598175
23,38419327;0,46598175
23,38919327;0,00000000
23,39419327;-0,46598175
23,39919327;0,46598175
23,40419327;0,00000000
23,40919327;0,00000000
23,41419327;-0,46598175
23,41919327;-0,46598175
23,42419327;1,39948320
23,42919327;-0,46598175
23,43419327;0,00000000
23,43919327;0,46598175
23,44419327;0,00000000
23,44919327;0,93196350
23,45419327;0,46598175
23,45919327;0,00000000
23,46419327;0,46598175
23,46919327;0,93196350
23,47419327;-0,46598175
23,47919327;0,00000000
23,48419327;-1,86546493
23,48919327;0,46598175
23,49419327;0,00000000
23,49919327;-0,46598175
23,50419327;0,93196350
23,50919327;0,00000000
23,51419327;0,46598175
23,51919327;0,00000000
23,52419327;0,93196350
23,52919327;-0,93196350
23,53419327;0,46598175
23,53919327;0,46598175
23,54419327;0,00000000
23,54919327;0,00000000
23,55419327;0,93196350
23,55919327;0,00000000
23,56419327;0,46598175
23,56919327;0,46598175
23,57419327;0,00000000
23,57919327;0,46598175
23,58419327;-1,39948320
23,58919327;0,46598175
23,59419327;-0,46598175
23,59919327;0,00000000
23,60419327;0,46598175
23,60919327;-0,46598175
23,61419327;0,00000000
23,61919327;0,00000000
23,62419327;0,00000000
23,62919327;0,46598175
23,63419327;-0,46598175
23,63919327;0,00000000
23,64419327;0,46598175
23,64919327;-0,46598175
23,65419327;-1,39948320
23,65919327;0,00000000
23,66419327;0,00000000
23,66919327;0,00000000
23,67419327;0,93196350
23,67919327;0,46598175
23,68419327;0,00000000
23,68919327;-17,73498917
23,69419327;-1,39948320
23,69919327;0,46598175
23,70419327;0,46598175
23,70919327;0,46598175
23,71419327;0,00000000
23,71919327;0,00000000
23,72419327;4,66596889
23,72919327;0,00000000
23,73419327;0,00000000
23,73919327;0,46598175
23,74419327;0,00000000
23,74919327;0,46598175
23,75419326;0,93196350
23,75919326;0,46598175
23,76419326;0,46598175
23,76919326;0,46598175
23,77419326;0,46598175
23,77919326;0,93196350
23,78419326;0,93196350
23,78919326;0,00000000
23,79419326;0,93196350
23,79919326;0,00000000
23,80419326;0,46598175
23,80919326;0,00000000
23,81419326;0,00000000
23,81919326;0,00000000
23,82419326;0,00000000
23,82919326;0,00000000
23,83419326;0,46598175
23,83919326;0,93196350
23,84419326;0,46598175
23,84919326;0,00000000
23,85419326;0,46598175
23,85919326;0,00000000
23,86419326;1,39948320
23,86919326;0,00000000
23,87419326;-0,46598175
23,87919326;0,00000000
23,88419326;0,00000000
23,88919326;0,00000000
23,89419326;0,00000000
23,89919326;-0,93196350
23,90419326;0,00000000
23,90919326;0,00000000
23,91419326;0,46598175
23,91919326;0,00000000
23,92419326;-0,46598175
23,92919326;-0,93196350
23,93419326;-0,46598175
23,93919326;-0,93196350
23,94419326;-0,46598175
23,94919326;-0,46598175
23,95419326;0,00000000
23,95919326;0,00000000
23,96419326;-1,86546493
23,96919326;0,46598175
23,97419326;0,46598175
23,97919326;0,93196350
23,98419326;0,00000000
23,98919326;-0,93196350
23,99419326;-0,46598175
23,99919326;0,00000000
24,00419326;-0,46598175
24,00919326;0,46598175
24,01419326;0,00000000
24,01919326;0,46598175
24,02419326;0,00000000
24,02919326;0,46598175
24,03419326;1,86546493
24,03919326;0,46598175
24,04419326;0,46598175
24,04919326;0,00000000
24,05419326;0,93196350
24,05919326;0,00000000
24,06419326;0,00000000
24,06919326;0,00000000
24,07419326;0,93196350
24,07919326;-0,93196350
24,08419326;1,86546493
24,08919326;0,00000000
24,09419326;0,00000000
24,09919326;1,39948320
24,10419326;-0,93196350
24,10919326;0,00000000
24,11419326;-0,46598175
24,11919326;0,46598175
24,12419326;0,00000000
24,12919326;0,00000000
24,13419326;0,46598175
24,13919326;0,00000000
24,14419326;0,00000000
24,14919325;0,46598175
24,15419325;0,46598175
24,15919325;0,00000000
24,16419325;-0,46598175
24,16919325;0,46598175
24,17419325;-0,93196350
24,17919325;0,00000000
24,18419325;0,00000000
24,18919325;0,00000000
24,19419325;0,46598175
24,19919325;-0,46598175
24,20419325;-0,46598175
24,20919325;0,46598175
24,21419325;0,46598175
24,21919325;0,46598175
24,22419325;0,00000000
24,22919325;0,46598175
24,23419325;-1,86546493
24,23919325;0,00000000
24,24419325;0,00000000
24,24919325;-0,46598175
24,25419325;0,00000000
24,25919325;0,00000000
24,26419325;0,00000000
24,26919325;0,00000000
24,27419325;0,00000000
24,27919325;0,46598175
24,28419325;1,39948320
24,28919325;0,00000000
24,29419325;0,00000000
24,29919325;-0,46598175
24,30419325;0,46598175
24,30919325;0,00000000
24,31419325;0,00000000
24,31919325;0,00000000
24,32419325;0,00000000
24,32919325;0,00000000
24,33419325;0,46598175
24,33919325;0,00000000
24,34419325;0,00000000
24,34919325;-0,46598175
24,35419325;0,00000000
24,35919325;0,00000000
24,36419325;0,00000000
24,36919325;-1,86546493
24,37419325;0,46598175
24,37919325;0,00000000
24,38419325;0,00000000
24,38919325;0,00000000
24,39419325;-0,46598175
24,39919325;0,00000000
24,40419325;-0,93196350
24,40919325;0,46598175
24,41419325;0,00000000
24,41919325;0,46598175
24,42419325;0,00000000
24,42919325;-0,46598175
24,43419325;0,00000000
24,43919325;0,46598175
24,44419325;0,46598175
24,44919325;0,00000000
24,45419325;0,93196350
24,45919325;0,00000000
24,46419325;-0,46598175
24,46919325;-0,46598175
24,47419325;0,00000000
24,47919325;-0,46598175
24,48419325;5,59947062
24,48919325;0,00000000
24,49419325;-1,39948320
24,49919325;0,46598175
24,50419325;0,46598175
24,50919325;0,46598175
24,51419325;0,00000000
24,51919325;0,46598175
24,52419325;0,46598175
24,52919325;0,93196350
24,53419325;-0,93196350
24,53919325;0,46598175
24,54419324;0,46598175
24,54919324;-0,46598175
24,55419324;0,46598175
24,55919324;0,00000000
24,56419324;0,46598175
24,56919324;0,00000000
24,57419324;0,00000000
24,57919324;0,46598175
24,58419324;0,00000000
24,58919324;0,00000000
24,59419324;0,00000000
24,59919324;0,00000000
24,60419324;-0,46598175
24,60919324;-0,46598175
24,61419324;-0,46598175
24,61919324;0,00000000
24,62419324;-0,93196350
24,62919324;0,00000000
24,63419324;0,00000000
24,63919324;0,00000000
24,64419324;0,00000000
24,64919324;0,00000000
24,65419324;-0,46598175
24,65919324;0,00000000
24,66419324;-0,46598175
24,66919324;0,00000000
24,67419324;-1,39948320
24,67919324;0,46598175
24,68419324;-1,39948320
24,68919324;-0,46598175
24,69419324;0,46598175
24,69919324;0,46598175
24,70419324;0,93196350
24,70919324;-0,93196350
24,71419324;0,93196350
24,71919324;0,46598175
24,72419324;0,00000000
24,72919324;-0,46598175
24,73419324;0,00000000
24,73919324;0,93196350
24,74419324;0,00000000
24,74919324;-0,93196350
24,75419324;0,00000000
24,75919324;0,00000000
24,76419324;0,93196350
24,76919324;0,46598175
24,77419324;0,93196350
24,77919324;0,93196350
24,78419324;0,00000000
24,78919324;-0,46598175
24,79419324;-0,93196350
24,79919324;-0,46598175
24,80419324;-0,93196350
24,80919324;0,00000000
24,81419324;0,46598175
24,81919324;0,46598175
24,82419324;0,00000000
24,82919324;-0,46598175
24,83419324;-1,39948320
24,83919324;0,00000000
24,84419324;0,00000000
24,84919324;0,46598175
24,85419324;-0,46598175
24,85919324;-0,46598175
24,86419324;-12,60150051
24,86919324;-0,46598175
24,87419324;0,00000000
24,87919324;0,46598175
24,88419324;0,46598175
24,88919324;0,46598175
24,89419324;0,00000000
24,89919324;1,39948320
24,90419324;0,00000000
24,90919324;0,00000000
24,91419324;0,00000000
24,91919324;0,46598175
24,92419324;0,00000000
24,92919324;0,00000000
24,93419324;0,46598175
24,93919323;0,46598175
24,94419323;0,00000000
24,94919323;0,00000000
24,95419323;0,00000000
24,95919323;-0,46598175
24,96419323;0,00000000
24,96919323;0,93196350
24,97419323;0,00000000
24,97919323;0,00000000
24,98419323;0,00000000
24,98919323;-0,46598175
24,99419323;0,46598175
24,99919323;0,46598175
25,00419323;0,00000000
25,00919323;0,00000000
