Zeit;Kanal A
(ms);(mV)

-25,00999905;-4,19998741
-25,00499905;-3,26648593
-24,99999905;-3,26648593
-24,99499905;-3,73246789
-24,98999905;-3,26648593
-24,98499905;-1,86546493
-24,97999905;-3,26648593
-24,97499905;-3,73246789
-24,96999905;-2,79896641
-24,96499905;-3,26648593
-24,95999905;-3,26648593
-24,95499905;-4,19998741
-24,94999905;-4,19998741
-24,94499905;-3,73246789
-24,93999905;-4,19998741
-24,93499905;-4,66596889
-24,92999905;-4,19998741
-24,92499905;-5,13348866
-24,91999905;-5,59947062
-24,91499905;-5,59947062
-24,90999905;-5,13348866
-24,90499905;-7,00049162
-24,89999905;-6,06699038
-24,89499905;-4,66596889
-24,88999905;-4,19998741
-24,88499905;-4,66596889
-24,87999905;-5,13348866
-24,87499906;-4,19998741
-24,86999906;-5,13348866
-24,86499906;-3,73246789
-24,85999906;-3,26648593
-24,85499906;-3,73246789
-24,84999906;-3,73246789
-24,84499906;-2,79896641
-24,83999906;-3,26648593
-24,83499906;-3,26648593
-24,82999906;-2,79896641
-24,82499906;-2,33298445
-24,81999906;-1,86546493
-24,81499906;-1,39948320
-24,80999906;0,00000000
-24,80499906;0,93196350
-24,79999906;0,93196350
-24,79499906;2,33298445
-24,78999906;2,79896641
-24,78499906;3,26648593
-24,77999906;3,73246789
-24,77499906;4,66596889
-24,76999906;5,13348866
-24,76499906;4,19998741
-24,75999906;4,66596889
-24,75499906;5,13348866
-24,74999906;4,66596889
-24,74499906;4,19998741
-24,73999906;4,19998741
-24,73499906;4,66596889
-24,72999906;2,79896641
-24,72499906;2,79896641
-24,71999906;2,33298445
-24,71499906;1,86546493
-24,70999906;1,39948320
-24,70499906;1,39948320
-24,69999906;0,93196350
-24,69499906;1,39948320
-24,68999906;1,86546493
-24,68499906;1,39948320
-24,67999906;1,39948320
-24,67499906;0,93196350
-24,66999906;1,86546493
-24,66499906;1,39948320
-24,65999906;2,79896641
-24,65499906;2,79896641
-24,64999906;3,26648593
-24,64499906;3,26648593
-24,63999906;3,73246789
-24,63499906;4,19998741
-24,62999906;4,66596889
-24,62499906;4,66596889
-24,61999906;4,19998741
-24,61499906;5,13348866
-24,60999906;4,19998741
-24,60499906;4,19998741
-24,59999906;3,73246789
-24,59499906;3,73246789
-24,58999906;3,26648593
-24,58499906;1,86546493
-24,57999906;1,86546493
-24,57499906;3,73246789
-24,56999906;1,86546493
-24,56499906;1,86546493
-24,55999906;1,86546493
-24,55499906;2,79896641
-24,54999906;2,33298445
-24,54499906;2,79896641
-24,53999906;2,33298445
-24,53499906;3,73246789
-24,52999906;4,19998741
-24,52499906;3,26648593
-24,51999906;4,19998741
-24,51499906;4,19998741
-24,50999906;5,13348866
-24,50499906;6,06699038
-24,49999906;6,53297186
-24,49499906;6,06699038
-24,48999906;6,06699038
-24,48499906;6,06699038
-24,47999907;6,06699038
-24,47499907;7,00049162
-24,46999907;6,06699038
-24,46499907;5,59947062
-24,45999907;4,66596889
-24,45499907;5,13348866
-24,44999907;4,19998741
-24,44499907;4,66596889
-24,43999907;4,66596889
-24,43499907;4,19998741
-24,42999907;3,73246789
-24,42499907;3,73246789
-24,41999907;4,19998741
-24,41499907;3,73246789
-24,40999907;4,19998741
-24,40499907;3,26648593
-24,39999907;3,73246789
-24,39499907;4,19998741
-24,38999907;3,73246789
-24,38499907;3,73246789
-24,37999907;3,73246789
-24,37499907;4,19998741
-24,36999907;3,26648593
-24,36499907;4,19998741
-24,35999907;3,73246789
-24,35499907;1,39948320
-24,34999907;4,19998741
-24,34499907;4,19998741
-24,33999907;4,19998741
-24,33499907;4,66596889
-24,32999907;4,66596889
-24,32499907;4,66596889
-24,31999907;4,19998741
-24,31499907;5,13348866
-24,30999907;4,19998741
-24,30499907;3,26648593
-24,29999907;2,33298445
-24,29499907;2,79896641
-24,28999907;1,86546493
-24,28499907;1,39948320
-24,27999907;1,39948320
-24,27499907;-0,46598175
-24,26999907;0,46598175
-24,26499907;0,00000000
-24,25999907;0,00000000
-24,25499907;0,46598175
-24,24999907;-1,39948320
-24,24499907;-0,46598175
-24,23999907;-1,39948320
-24,23499907;-1,39948320
-24,22999907;-0,93196350
-24,22499907;-0,93196350
-24,21999907;0,00000000
-24,21499907;-0,93196350
-24,20999907;-0,46598175
-24,20499907;0,00000000
-24,19999907;-1,39948320
-24,19499907;-0,93196350
-24,18999907;-0,93196350
-24,18499907;0,00000000
-24,17999907;-1,39948320
-24,17499907;0,00000000
-24,16999907;-0,46598175
-24,16499907;-0,93196350
-24,15999907;-0,46598175
-24,15499907;-0,46598175
-24,14999907;0,46598175
-24,14499907;-0,93196350
-24,13999907;0,00000000
-24,13499907;0,00000000
-24,12999907;-0,46598175
-24,12499907;0,00000000
-24,11999907;-0,93196350
-24,11499907;-0,93196350
-24,10999907;-0,46598175
-24,10499907;0,00000000
-24,09999907;0,46598175
-24,09499907;0,00000000
-24,08999907;0,00000000
-24,08499908;0,46598175
-24,07999908;0,46598175
-24,07499908;0,00000000
-24,06999908;0,93196350
-24,06499908;1,39948320
-24,05999908;1,39948320
-24,05499908;1,86546493
-24,04999908;1,86546493
-24,04499908;2,33298445
-24,03999908;1,86546493
-24,03499908;2,33298445
-24,02999908;2,33298445
-24,02499908;3,26648593
-24,01999908;1,86546493
-24,01499908;2,33298445
-24,00999908;2,33298445
-24,00499908;2,79896641
-23,99999908;2,33298445
-23,99499908;2,33298445
-23,98999908;5,13348866
-23,98499908;1,86546493
-23,97999908;2,79896641
-23,97499908;2,33298445
-23,96999908;3,26648593
-23,96499908;2,79896641
-23,95999908;2,79896641
-23,95499908;3,73246789
-23,94999908;2,79896641
-23,94499908;2,79896641
-23,93999908;1,86546493
-23,93499908;2,33298445
-23,92999908;1,86546493
-23,92499908;2,33298445
-23,91999908;0,00000000
-23,91499908;0,46598175
-23,90999908;1,39948320
-23,90499908;1,39948320
-23,89999908;1,39948320
-23,89499908;1,39948320
-23,88999908;1,39948320
-23,88499908;0,46598175
-23,87999908;0,93196350
-23,87499908;1,39948320
-23,86999908;0,46598175
-23,86499908;1,39948320
-23,85999908;1,86546493
-23,85499908;1,39948320
-23,84999908;0,93196350
-23,84499908;0,93196350
-23,83999908;0,93196350
-23,83499908;0,93196350
-23,82999908;0,00000000
-23,82499908;0,00000000
-23,81999908;0,00000000
-23,81499908;0,00000000
-23,80999908;0,00000000
-23,80499908;0,00000000
-23,79999908;-1,86546493
-23,79499908;-0,46598175
-23,78999908;-2,33298445
-23,78499908;-2,33298445
-23,77999908;-2,33298445
-23,77499908;-2,79896641
-23,76999908;-3,26648593
-23,76499908;-3,26648593
-23,75999908;-3,73246789
-23,75499908;-3,26648593
-23,74999908;-4,19998741
-23,74499908;-4,19998741
-23,73999908;-4,66596889
-23,73499908;-3,26648593
-23,72999908;-4,19998741
-23,72499908;-5,59947062
-23,71999908;-5,59947062
-23,71499908;-5,13348866
-23,70999908;-6,53297186
-23,70499908;-6,06699038
-23,69999908;-7,00049162
-23,69499908;-6,53297186
-23,68999909;-7,00049162
-23,68499909;-6,53297186
-23,67999909;-6,53297186
-23,67499909;-5,59947062
-23,66999909;-5,13348866
-23,66499909;-4,66596889
-23,65999909;-3,73246789
-23,65499909;-2,33298445
-23,64999909;-2,33298445
-23,64499909;-1,39948320
-23,63999909;-0,93196350
-23,63499909;-0,93196350
-23,62999909;-0,46598175
-23,62499909;-1,39948320
-23,61999909;-0,93196350
-23,61499909;-3,26648593
-23,60999909;-1,86546493
-23,60499909;-1,39948320
-23,59999909;-2,33298445
-23,59499909;-2,79896641
-23,58999909;-3,73246789
-23,58499909;-2,33298445
-23,57999909;-3,73246789
-23,57499909;-3,26648593
-23,56999909;-1,86546493
-23,56499909;-2,79896641
-23,55999909;-3,26648593
-23,55499909;-2,33298445
-23,54999909;4,66596889
-23,54499909;-2,33298445
-23,53999909;-2,33298445
-23,53499909;-0,93196350
-23,52999909;-1,39948320
-23,52499909;-0,46598175
-23,51999909;-0,93196350
-23,51499909;-0,93196350
-23,50999909;0,00000000
-23,50499909;0,46598175
-23,49999909;0,00000000
-23,49499909;0,46598175
-23,48999909;0,93196350
-23,48499909;0,46598175
-23,47999909;1,39948320
-23,47499909;1,39948320
-23,46999909;1,39948320
-23,46499909;2,33298445
-23,45999909;1,86546493
-23,45499909;2,79896641
-23,44999909;2,33298445
-23,44499909;3,26648593
-23,43999909;2,79896641
-23,43499909;3,26648593
-23,42999909;2,33298445
-23,42499909;2,33298445
-23,41999909;1,39948320
-23,41499909;1,39948320
-23,40999909;1,86546493
-23,40499909;1,39948320
-23,39999909;1,39948320
-23,39499909;1,86546493
-23,38999909;1,39948320
-23,38499909;1,39948320
-23,37999909;1,86546493
-23,37499909;1,39948320
-23,36999909;3,73246789
-23,36499909;2,79896641
-23,35999909;2,79896641
-23,35499909;4,66596889
-23,34999909;4,19998741
-23,34499909;3,26648593
-23,33999909;5,13348866
-23,33499909;4,19998741
-23,32999909;3,26648593
-23,32499909;2,33298445
-23,31999909;3,73246789
-23,31499909;1,86546493
-23,30999909;3,73246789
-23,30499909;2,79896641
-23,29999909;2,33298445
-23,29499910;1,86546493
-23,28999910;1,39948320
-23,28499910;0,93196350
-23,27999910;1,86546493
-23,27499910;1,39948320
-23,26999910;0,93196350
-23,26499910;0,46598175
-23,25999910;0,00000000
-23,25499910;-0,46598175
-23,24999910;-0,93196350
-23,24499910;-0,93196350
-23,23999910;-1,39948320
-23,23499910;-1,86546493
-23,22999910;-3,26648593
-23,22499910;-2,33298445
-23,21999910;-2,79896641
-23,21499910;-2,33298445
-23,20999910;-3,26648593
-23,20499910;-2,79896641
-23,19999910;-1,86546493
-23,19499910;-3,26648593
-23,18999910;-1,86546493
-23,18499910;-1,39948320
-23,17999910;-1,86546493
-23,17499910;-2,33298445
-23,16999910;-2,79896641
-23,16499910;-2,79896641
-23,15999910;-1,86546493
-23,15499910;-1,39948320
-23,14999910;-2,33298445
-23,14499910;-3,26648593
-23,13999910;-4,19998741
-23,13499910;-4,66596889
-23,12999910;-4,66596889
-23,12499910;-4,19998741
-23,11999910;-5,59947062
-23,11499910;-5,59947062
-23,10999910;-5,59947062
-23,10499910;-6,06699038
-23,09999910;-5,59947062
-23,09499910;-6,53297186
-23,08999910;-7,00049162
-23,08499910;-7,46647358
-23,07999910;-6,53297186
-23,07499910;-7,00049162
-23,06999910;-7,00049162
-23,06499910;-7,00049162
-23,05999910;-7,46647358
-23,05499910;-7,46647358
-23,04999910;-7,46647358
-23,04499910;-8,39997482
-23,03999910;-7,93399334
-23,03499910;-7,46647358
-23,02999910;-9,33347607
-23,02499910;-8,39997482
-23,01999910;-8,86749458
-23,01499910;-8,86749458
-23,00999910;-8,86749458
-23,00499910;-8,86749458
-22,99999910;-8,39997482
-22,99499910;-9,33347607
-22,98999910;-8,39997482
-22,98499910;-9,33347607
-22,97999910;-7,93399334
-22,97499910;-7,46647358
-22,96999910;-5,59947062
-22,96499910;-6,53297186
-22,95999910;-5,59947062
-22,95499910;-6,06699038
-22,94999910;-5,59947062
-22,94499910;-6,06699038
-22,93999910;-4,66596889
-22,93499910;-5,59947062
-22,92999910;-4,66596889
-22,92499910;-4,66596889
-22,91999910;-4,66596889
-22,91499910;-3,26648593
-22,90999910;-3,26648593
-22,90499910;-2,33298445
-22,89999910;-3,26648593
-22,89499911;-1,86546493
-22,88999911;-1,39948320
-22,88499911;-1,39948320
-22,87999911;0,00000000
-22,87499911;0,00000000
-22,86999911;0,00000000
-22,86499911;0,93196350
-22,85999911;-0,93196350
-22,85499911;0,93196350
-22,84999911;0,46598175
-22,84499911;-0,46598175
-22,83999911;0,00000000
-22,83499911;0,46598175
-22,82999911;0,00000000
-22,82499911;-0,93196350
-22,81999911;-0,93196350
-22,81499911;-0,93196350
-22,80999911;-1,86546493
-22,80499911;-1,86546493
-22,79999911;-1,39948320
-22,79499911;-1,86546493
-22,78999911;-1,86546493
-22,78499911;-1,39948320
-22,77999911;-1,39948320
-22,77499911;-0,93196350
-22,76999911;-1,86546493
-22,76499911;-0,93196350
-22,75999911;-1,39948320
-22,75499911;-1,86546493
-22,74999911;-0,93196350
-22,74499911;0,00000000
-22,73999911;0,00000000
-22,73499911;0,46598175
-22,72999911;-0,46598175
-22,72499911;-2,33298445
-22,71999911;-0,46598175
-22,71499911;0,93196350
-22,70999911;0,00000000
-22,70499911;-0,46598175
-22,69999911;0,46598175
-22,69499911;0,93196350
-22,68999911;0,93196350
-22,68499911;0,93196350
-22,67999911;0,46598175
-22,67499911;1,39948320
-22,66999911;0,93196350
-22,66499911;1,39948320
-22,65999911;1,39948320
-22,65499911;0,93196350
-22,64999911;2,33298445
-22,64499911;2,33298445
-22,63999911;1,39948320
-22,63499911;1,86546493
-22,62999911;2,79896641
-22,62499911;2,33298445
-22,61999911;2,79896641
-22,61499911;2,79896641
-22,60999911;3,26648593
-22,60499911;3,26648593
-22,59999911;3,26648593
-22,59499911;3,26648593
-22,58999911;5,13348866
-22,58499911;3,73246789
-22,57999911;2,79896641
-22,57499911;3,26648593
-22,56999911;4,66596889
-22,56499911;4,19998741
-22,55999911;3,26648593
-22,55499911;1,86546493
-22,54999911;2,79896641
-22,54499911;2,79896641
-22,53999911;1,86546493
-22,53499911;2,79896641
-22,52999911;2,33298445
-22,52499911;0,93196350
-22,51999911;1,39948320
-22,51499911;1,86546493
-22,50999911;1,39948320
-22,50499911;1,86546493
-22,49999912;1,39948320
-22,49499912;1,86546493
-22,48999912;1,39948320
-22,48499912;0,46598175
-22,47999912;-1,86546493
-22,47499912;0,46598175
-22,46999912;0,46598175
-22,46499912;1,86546493
-22,45999912;0,93196350
-22,45499912;2,33298445
-22,44999912;0,93196350
-22,44499912;1,39948320
-22,43999912;0,93196350
-22,43499912;1,86546493
-22,42999912;1,86546493
-22,42499912;1,39948320
-22,41999912;1,39948320
-22,41499912;1,86546493
-22,40999912;1,39948320
-22,40499912;1,86546493
-22,39999912;0,93196350
-22,39499912;1,86546493
-22,38999912;0,93196350
-22,38499912;0,93196350
-22,37999912;0,46598175
-22,37499912;0,46598175
-22,36999912;-0,46598175
-22,36499912;0,46598175
-22,35999912;0,93196350
-22,35499912;-0,46598175
-22,34999912;0,93196350
-22,34499912;0,93196350
-22,33999912;0,46598175
-22,33499912;0,46598175
-22,32999912;1,39948320
-22,32499912;2,33298445
-22,31999912;3,73246789
-22,31499912;2,33298445
-22,30999912;2,33298445
-22,30499912;2,33298445
-22,29999912;2,33298445
-22,29499912;1,86546493
-22,28999912;2,33298445
-22,28499912;3,26648593
-22,27999912;2,33298445
-22,27499912;2,79896641
-22,26999912;2,79896641
-22,26499912;2,79896641
-22,25999912;2,33298445
-22,25499912;3,26648593
-22,24999912;2,79896641
-22,24499912;2,33298445
-22,23999912;2,33298445
-22,23499912;2,79896641
-22,22999912;2,33298445
-22,22499912;2,79896641
-22,21999912;2,79896641
-22,21499912;2,79896641
-22,20999912;2,33298445
-22,20499912;2,79896641
-22,19999912;2,79896641
-22,19499912;3,26648593
-22,18999912;2,33298445
-22,18499912;2,79896641
-22,17999912;2,79896641
-22,17499912;3,73246789
-22,16999912;2,79896641
-22,16499912;4,66596889
-22,15999912;3,73246789
-22,15499912;3,73246789
-22,14999912;5,13348866
-22,14499912;4,19998741
-22,13999912;5,13348866
-22,13499912;5,13348866
-22,12999912;5,59947062
-22,12499912;5,13348866
-22,11999912;5,59947062
-22,11499912;5,13348866
-22,10999912;5,13348866
-22,10499913;5,59947062
-22,09999913;4,19998741
-22,09499913;4,66596889
-22,08999913;4,19998741
-22,08499913;3,26648593
-22,07999913;3,73246789
-22,07499913;4,19998741
-22,06999913;3,73246789
-22,06499913;3,26648593
-22,05999913;3,26648593
-22,05499913;2,79896641
-22,04999913;3,26648593
-22,04499913;3,73246789
-22,03999913;4,19998741
-22,03499913;3,26648593
-22,02999913;2,33298445
-22,02499913;3,26648593
-22,01999913;3,26648593
-22,01499913;3,26648593
-22,00999913;0,93196350
-22,00499913;3,26648593
-21,99999913;3,26648593
-21,99499913;3,26648593
-21,98999913;2,79896641
-21,98499913;2,79896641
-21,97999913;2,79896641
-21,97499913;2,79896641
-21,96999913;2,33298445
-21,96499913;2,79896641
-21,95999913;2,33298445
-21,95499913;2,33298445
-21,94999913;2,33298445
-21,94499913;3,26648593
-21,93999913;2,33298445
-21,93499913;2,79896641
-21,92999913;2,33298445
-21,92499913;2,79896641
-21,91999913;1,86546493
-21,91499913;2,33298445
-21,90999913;2,33298445
-21,90499913;2,79896641
-21,89999913;1,86546493
-21,89499913;1,86546493
-21,88999913;2,79896641
-21,88499913;2,33298445
-21,87999913;1,86546493
-21,87499913;2,33298445
-21,86999913;2,33298445
-21,86499913;1,86546493
-21,85999913;1,86546493
-21,85499913;1,86546493
-21,84999913;1,86546493
-21,84499913;1,86546493
-21,83999913;1,86546493
-21,83499913;0,93196350
-21,82999913;0,93196350
-21,82499913;0,46598175
-21,81999913;0,00000000
-21,81499913;-0,46598175
-21,80999913;-0,46598175
-21,80499913;-0,93196350
-21,79999913;-1,39948320
-21,79499913;-0,93196350
-21,78999913;-0,93196350
-21,78499913;-1,39948320
-21,77999913;-1,39948320
-21,77499913;-1,39948320
-21,76999913;-0,46598175
-21,76499913;-0,46598175
-21,75999913;0,46598175
-21,75499913;0,46598175
-21,74999913;2,33298445
-21,74499913;3,26648593
-21,73999913;4,66596889
-21,73499913;5,13348866
-21,72999913;5,13348866
-21,72499913;5,13348866
-21,71999913;7,00049162
-21,71499913;5,59947062
-21,70999914;5,59947062
-21,70499914;6,06699038
-21,69999914;5,59947062
-21,69499914;4,66596889
-21,68999914;3,73246789
-21,68499914;3,73246789
-21,67999914;3,26648593
-21,67499914;3,73246789
-21,66999914;2,79896641
-21,66499914;2,79896641
-21,65999914;2,79896641
-21,65499914;4,19998741
-21,64999914;4,66596889
-21,64499914;5,13348866
-21,63999914;5,13348866
-21,63499914;4,66596889
-21,62999914;5,13348866
-21,62499914;4,66596889
-21,61999914;5,13348866
-21,61499914;4,66596889
-21,60999914;4,66596889
-21,60499914;4,66596889
-21,59999914;5,13348866
-21,59499914;4,19998741
-21,58999914;4,66596889
-21,58499914;5,13348866
-21,57999914;5,13348866
-21,57499914;6,06699038
-21,56999914;4,66596889
-21,56499914;6,06699038
-21,55999914;6,06699038
-21,55499914;7,00049162
-21,54999914;7,00049162
-21,54499914;6,53297186
-21,53999914;7,46647358
-21,53499914;8,86749458
-21,52999914;7,93399334
-21,52499914;7,46647358
-21,51999914;7,46647358
-21,51499914;7,46647358
-21,50999914;6,06699038
-21,50499914;6,53297186
-21,49999914;6,53297186
-21,49499914;6,53297186
-21,48999914;7,00049162
-21,48499914;6,53297186
-21,47999914;7,00049162
-21,47499914;7,46647358
-21,46999914;7,00049162
-21,46499914;8,39997482
-21,45999914;8,86749458
-21,45499914;8,39997482
-21,44999914;9,80099583
-21,44499914;10,73449707
-21,43999914;10,73449707
-21,43499914;10,26697731
-21,42999914;10,73449707
-21,42499914;10,73449707
-21,41999914;11,20047951
-21,41499914;11,20047951
-21,40999914;10,26697731
-21,40499914;7,93399334
-21,39999914;10,26697731
-21,39499914;10,73449707
-21,38999914;9,80099583
-21,38499914;10,26697731
-21,37999914;9,33347607
-21,37499914;9,80099583
-21,36999914;7,00049162
-21,36499914;8,86749458
-21,35999914;8,39997482
-21,35499914;8,86749458
-21,34999914;8,86749458
-21,34499914;8,86749458
-21,33999914;8,39997482
-21,33499914;7,93399334
-21,32999914;7,46647358
-21,32499914;7,93399334
-21,31999914;7,93399334
-21,31499915;8,86749458
-21,30999915;8,39997482
-21,30499915;7,93399334
-21,29999915;8,39997482
-21,29499915;8,86749458
-21,28999915;9,33347607
-21,28499915;9,80099583
-21,27999915;9,33347607
-21,27499915;9,80099583
-21,26999915;10,73449707
-21,26499915;10,73449707
-21,25999915;9,33347607
-21,25499915;9,80099583
-21,24999915;9,33347607
-21,24499915;9,33347607
-21,23999915;8,39997482
-21,23499915;8,39997482
-21,22999915;7,93399334
-21,22499915;7,93399334
-21,21999915;7,00049162
-21,21499915;7,00049162
-21,20999915;6,06699038
-21,20499915;6,06699038
-21,19999915;4,66596889
-21,19499915;6,06699038
-21,18999915;4,66596889
-21,18499915;4,66596889
-21,17999915;4,66596889
-21,17499915;4,66596889
-21,16999915;1,86546493
-21,16499915;4,19998741
-21,15999915;2,79896641
-21,15499915;3,26648593
-21,14999915;2,79896641
-21,14499915;2,79896641
-21,13999915;2,79896641
-21,13499915;2,79896641
-21,12999915;3,26648593
-21,12499915;3,26648593
-21,11999915;2,33298445
-21,11499915;2,79896641
-21,10999915;2,79896641
-21,10499915;3,26648593
-21,09999915;3,26648593
-21,09499915;3,26648593
-21,08999915;4,19998741
-21,08499915;2,79896641
-21,07999915;3,73246789
-21,07499915;3,26648593
-21,06999915;4,19998741
-21,06499915;3,26648593
-21,05999915;3,73246789
-21,05499915;3,26648593
-21,04999915;2,79896641
-21,04499915;1,86546493
-21,03999915;2,79896641
-21,03499915;2,33298445
-21,02999915;2,79896641
-21,02499915;3,26648593
-21,01999915;4,19998741
-21,01499915;5,13348866
-21,00999915;4,66596889
-21,00499915;5,59947062
-20,99999915;5,59947062
-20,99499915;7,93399334
-20,98999915;7,93399334
-20,98499915;9,33347607
-20,97999915;9,80099583
-20,97499915;10,26697731
-20,96999915;11,20047951
-20,96499915;10,73449707
-20,95999915;10,73449707
-20,95499915;11,20047951
-20,94999915;9,33347607
-20,94499915;9,80099583
-20,93999915;9,80099583
-20,93499915;9,33347607
-20,92999915;9,33347607
-20,92499915;9,33347607
-20,91999916;8,86749458
-20,91499916;8,86749458
-20,90999916;8,39997482
-20,90499916;8,39997482
-20,89999916;7,93399334
-20,89499916;7,93399334
-20,88999916;7,93399334
-20,88499916;8,39997482
-20,87999916;8,86749458
-20,87499916;8,39997482
-20,86999916;8,86749458
-20,86499916;9,33347607
-20,85999916;9,80099583
-20,85499916;9,33347607
-20,84999916;10,73449707
-20,84499916;9,80099583
-20,83999916;10,26697731
-20,83499916;10,73449707
-20,82999916;10,73449707
-20,82499916;10,73449707
-20,81999916;10,73449707
-20,81499916;13,06748199
-20,80999916;12,13398075
-20,80499916;11,66799831
-20,79999916;12,13398075
-20,79499916;12,13398075
-20,78999916;12,60150051
-20,78499916;12,60150051
-20,77999916;13,06748199
-20,77499916;12,13398075
-20,76999916;12,60150051
-20,76499916;13,06748199
-20,75999916;13,53500175
-20,75499916;14,46850300
-20,74999916;14,46850300
-20,74499916;13,53500175
-20,73999916;13,06748199
-20,73499916;14,46850300
-20,72999916;14,00098324
-20,72499916;13,06748199
-20,71999916;14,00098324
-20,71499916;14,46850300
-20,70999916;14,00098324
-20,70499916;13,53500175
-20,69999916;13,06748199
-20,69499916;11,66799831
-20,68999916;13,06748199
-20,68499916;13,53500175
-20,67999916;13,53500175
-20,67499916;13,53500175
-20,66999916;12,13398075
-20,66499916;12,60150051
-20,65999916;12,13398075
-20,65499916;12,13398075
-20,64999916;12,13398075
-20,64499916;12,13398075
-20,63999916;11,66799831
-20,63499916;11,20047951
-20,62999916;10,73449707
-20,62499916;10,26697731
-20,61999916;10,26697731
-20,61499916;10,73449707
-20,60999916;10,26697731
-20,60499916;10,26697731
-20,59999916;10,73449707
-20,59499916;9,33347607
-20,58999916;9,33347607
-20,58499916;9,80099583
-20,57999916;9,33347607
-20,57499916;9,80099583
-20,56999916;9,80099583
-20,56499916;8,86749458
-20,55999916;9,80099583
-20,55499916;10,26697731
-20,54999916;10,73449707
-20,54499916;10,26697731
-20,53999916;10,26697731
-20,53499916;9,80099583
-20,52999916;10,73449707
-20,52499916;9,80099583
-20,51999917;10,26697731
-20,51499917;11,20047951
-20,50999917;10,26697731
-20,50499917;10,73449707
-20,49999917;9,33347607
-20,49499917;10,73449707
-20,48999917;9,80099583
-20,48499917;9,80099583
-20,47999917;9,33347607
-20,47499917;9,33347607
-20,46999917;8,86749458
-20,46499917;8,86749458
-20,45999917;7,93399334
-20,45499917;9,33347607
-20,44999917;8,86749458
-20,44499917;8,39997482
-20,43999917;8,86749458
-20,43499917;8,86749458
-20,42999917;8,86749458
-20,42499917;7,93399334
-20,41999917;9,33347607
-20,41499917;8,39997482
-20,40999917;8,39997482
-20,40499917;8,86749458
-20,39999917;8,39997482
-20,39499917;7,93399334
-20,38999917;7,46647358
-20,38499917;7,93399334
-20,37999917;8,39997482
-20,37499917;8,86749458
-20,36999917;8,39997482
-20,36499917;7,93399334
-20,35999917;8,86749458
-20,35499917;10,73449707
-20,34999917;9,33347607
-20,34499917;10,26697731
-20,33999917;9,33347607
-20,33499917;10,73449707
-20,32999917;10,73449707
-20,32499917;11,66799831
-20,31999917;10,26697731
-20,31499917;11,20047951
-20,30999917;10,26697731
-20,30499917;10,73449707
-20,29999917;10,73449707
-20,29499917;9,33347607
-20,28999917;8,86749458
-20,28499917;8,86749458
-20,27999917;8,39997482
-20,27499917;8,39997482
-20,26999917;7,93399334
-20,26499917;7,46647358
-20,25999917;7,93399334
-20,25499917;8,39997482
-20,24999917;7,46647358
-20,24499917;7,00049162
-20,23999917;7,93399334
-20,23499917;7,46647358
-20,22999917;8,39997482
-20,22499917;8,39997482
-20,21999917;7,93399334
-20,21499917;7,93399334
-20,20999917;7,46647358
-20,20499917;7,46647358
-20,19999917;7,46647358
-20,19499917;6,53297186
-20,18999917;6,53297186
-20,18499917;6,06699038
-20,17999917;6,06699038
-20,17499917;4,66596889
-20,16999917;3,26648593
-20,16499917;4,66596889
-20,15999917;3,26648593
-20,15499917;5,13348866
-20,14999917;3,26648593
-20,14499917;2,79896641
-20,13999917;2,79896641
-20,13499917;3,26648593
-20,12999917;2,79896641
-20,12499918;2,33298445
-20,11999918;1,86546493
-20,11499918;1,39948320
-20,10999918;0,93196350
-20,10499918;1,39948320
-20,09999918;0,93196350
-20,09499918;0,00000000
-20,08999918;0,46598175
-20,08499918;0,00000000
-20,07999918;-0,93196350
-20,07499918;-0,93196350
-20,06999918;-1,39948320
-20,06499918;-0,93196350
-20,05999918;-0,46598175
-20,05499918;-1,39948320
-20,04999918;-0,46598175
-20,04499918;0,46598175
-20,03999918;0,00000000
-20,03499918;-0,93196350
-20,02999918;0,00000000
-20,02499918;0,46598175
-20,01999918;0,46598175
-20,01499918;0,00000000
-20,00999918;0,46598175
-20,00499918;-0,46598175
-19,99999918;-0,93196350
-19,99499918;-1,39948320
-19,98999918;-1,86546493
-19,98499918;-0,93196350
-19,97999918;-1,86546493
-19,97499918;-1,86546493
-19,96999918;-2,79896641
-19,96499918;-2,79896641
-19,95999918;-3,26648593
-19,95499918;-3,26648593
-19,94999918;-3,73246789
-19,94499918;-3,26648593
-19,93999918;-5,59947062
-19,93499918;-4,19998741
-19,92999918;-4,19998741
-19,92499918;-4,66596889
-19,91999918;-4,66596889
-19,91499918;-6,06699038
-19,90999918;-6,53297186
-19,90499918;-6,53297186
-19,89999918;-7,93399334
-19,89499918;-7,46647358
-19,88999918;-7,93399334
-19,88499918;-9,33347607
-19,87999918;-8,86749458
-19,87499918;-8,86749458
-19,86999918;-8,39997482
-19,86499918;-7,93399334
-19,85999918;-7,93399334
-19,85499918;-7,93399334
-19,84999918;-6,53297186
-19,84499918;-7,00049162
-19,83999918;-4,66596889
-19,83499918;-4,66596889
-19,82999918;-3,26648593
-19,82499918;-2,33298445
-19,81999918;-1,86546493
-19,81499918;0,46598175
-19,80999918;-0,46598175
-19,80499918;-0,93196350
-19,79999918;-1,39948320
-19,79499918;-0,93196350
-19,78999918;-2,33298445
-19,78499918;-2,33298445
-19,77999918;-4,19998741
-19,77499918;-3,73246789
-19,76999918;-4,19998741
-19,76499918;-3,73246789
-19,75999918;-5,59947062
-19,75499918;-6,53297186
-19,74999918;-5,59947062
-19,74499918;-5,59947062
-19,73999918;-4,19998741
-19,73499918;-5,13348866
-19,72999919;-4,19998741
-19,72499919;-3,73246789
-19,71999919;-5,13348866
-19,71499919;-5,13348866
-19,70999919;-3,73246789
-19,70499919;-3,73246789
-19,69999919;-3,26648593
-19,69499919;-3,26648593
-19,68999919;-3,73246789
-19,68499919;-2,79896641
-19,67999919;-3,73246789
-19,67499919;-3,73246789
-19,66999919;-3,73246789
-19,66499919;-3,26648593
-19,65999919;-3,26648593
-19,65499919;-2,79896641
-19,64999919;-1,86546493
-19,64499919;-2,33298445
-19,63999919;-1,86546493
-19,63499919;-1,39948320
-19,62999919;-1,86546493
-19,62499919;-3,26648593
-19,61999919;-3,26648593
-19,61499919;-3,73246789
-19,60999919;-2,79896641
-19,60499919;-4,19998741
-19,59999919;-4,66596889
-19,59499919;-5,13348866
-19,58999919;-5,13348866
-19,58499919;-6,53297186
-19,57999919;-5,59947062
-19,57499919;-6,53297186
-19,56999919;-7,00049162
-19,56499919;-6,53297186
-19,55999919;-6,53297186
-19,55499919;-5,59947062
-19,54999919;-5,59947062
-19,54499919;-5,13348866
-19,53999919;-5,13348866
-19,53499919;-6,06699038
-19,52999919;-5,13348866
-19,52499919;-5,59947062
-19,51999919;-5,13348866
-19,51499919;-4,19998741
-19,50999919;-6,06699038
-19,50499919;-5,59947062
-19,49999919;-6,06699038
-19,49499919;-6,53297186
-19,48999919;-6,53297186
-19,48499919;-7,46647358
-19,47999919;-7,93399334
-19,47499919;-9,33347607
-19,46999919;-8,86749458
-19,46499919;-9,80099583
-19,45999919;-9,80099583
-19,45499919;-10,26697731
-19,44999919;-10,73449707
-19,44499919;-12,13398075
-19,43999919;-10,26697731
-19,43499919;-10,73449707
-19,42999919;-10,73449707
-19,42499919;-9,80099583
-19,41999919;-9,80099583
-19,41499919;-9,80099583
-19,40999919;-9,80099583
-19,40499919;-9,33347607
-19,39999919;-9,33347607
-19,39499919;-8,86749458
-19,38999919;-9,33347607
-19,38499919;-7,93399334
-19,37999919;-7,46647358
-19,37499919;-7,46647358
-19,36999919;-7,46647358
-19,36499919;-8,39997482
-19,35999919;-6,53297186
-19,35499919;-7,93399334
-19,34999919;-6,53297186
-19,34499919;-7,00049162
-19,33999919;-6,06699038
-19,33499920;-6,53297186
-19,32999920;-7,46647358
-19,32499920;-6,53297186
-19,31999920;-8,39997482
-19,31499920;-7,93399334
-19,30999920;-7,00049162
-19,30499920;-8,86749458
-19,29999920;-18,20096970
-19,29499920;-9,33347607
-19,28999920;-10,73449707
-19,28499920;-9,80099583
-19,27999920;-10,73449707
-19,27499920;-9,80099583
-19,26999920;-10,73449707
-19,26499920;-11,20047951
-19,25999920;-10,73449707
-19,25499920;-11,20047951
-19,24999920;-10,73449707
-19,24499920;-9,80099583
-19,23999920;-11,20047951
-19,23499920;-11,20047951
-19,22999920;-10,73449707
-19,22499920;-11,20047951
-19,21999920;-11,66799831
-19,21499920;-12,13398075
-19,20999920;-12,13398075
-19,20499920;-13,53500175
-19,19999920;-14,00098324
-19,19499920;-14,93448448
-19,18999920;-14,93448448
-19,18499920;-14,93448448
-19,17999920;-14,46850300
-19,17499920;-15,40046692
-19,16999920;-14,93448448
-19,16499920;-14,93448448
-19,15999920;-14,93448448
-19,15499920;-15,86798668
-19,14999920;-15,40046692
-19,14499920;-14,93448448
-19,13999920;-15,86798668
-19,13499920;-14,93448448
-19,12999920;-15,40046692
-19,12499920;-15,40046692
-19,11999920;-14,46850300
-19,11499920;-14,46850300
-19,10999920;-13,53500175
-19,10499920;-13,53500175
-19,09999920;-13,06748199
-19,09499920;-14,46850300
-19,08999920;-13,06748199
-19,08499920;-12,13398075
-19,07999920;-11,20047951
-19,07499920;-12,60150051
-19,06999920;-11,66799831
-19,06499920;-12,13398075
-19,05999920;-0,46598175
-19,05499920;-10,73449707
-19,04999920;-10,26697731
-19,04499920;-10,26697731
-19,03999920;-10,73449707
-19,03499920;-10,73449707
-19,02999920;-11,20047951
-19,02499920;-10,26697731
-19,01999920;-10,26697731
-19,01499920;-12,13398075
-19,00999920;-11,20047951
-19,00499920;-11,66799831
-18,99999920;-11,66799831
-18,99499920;-11,20047951
-18,98999920;-11,66799831
-18,98499920;-11,66799831
-18,97999920;-11,20047951
-18,97499920;-10,73449707
-18,96999920;-11,20047951
-18,96499920;-10,26697731
-18,95999920;-10,73449707
-18,95499920;-11,20047951
-18,94999920;-10,26697731
-18,94499920;-9,33347607
-18,93999921;-9,33347607
-18,93499921;-8,86749458
-18,92999921;-7,93399334
-18,92499921;-7,93399334
-18,91999921;-7,00049162
-18,91499921;-6,06699038
-18,90999921;-6,53297186
-18,90499921;-5,13348866
-18,89999921;-5,13348866
-18,89499921;-4,19998741
-18,88999921;-3,26648593
-18,88499921;-3,73246789
-18,87999921;-3,26648593
-18,87499921;-2,79896641
-18,86999921;-2,79896641
-18,86499921;-2,33298445
-18,85999921;-2,79896641
-18,85499921;-2,33298445
-18,84999921;-3,73246789
-18,84499921;-2,33298445
-18,83999921;-2,33298445
-18,83499921;-2,33298445
-18,82999921;-2,33298445
-18,82499921;-1,86546493
-18,81999921;-1,86546493
-18,81499921;-0,93196350
-18,80999921;-1,39948320
-18,80499921;-0,93196350
-18,79999921;-0,93196350
-18,79499921;-1,39948320
-18,78999921;-1,39948320
-18,78499921;5,13348866
-18,77999921;-1,39948320
-18,77499921;-0,93196350
-18,76999921;-0,93196350
-18,76499921;-0,93196350
-18,75999921;-2,33298445
-18,75499921;-1,86546493
-18,74999921;-3,73246789
-18,74499921;-2,33298445
-18,73999921;-3,26648593
-18,73499921;-4,19998741
-18,72999921;-4,19998741
-18,72499921;-4,66596889
-18,71999921;-5,13348866
-18,71499921;-5,13348866
-18,70999921;-5,59947062
-18,70499921;-5,59947062
-18,69999921;-5,13348866
-18,69499921;-6,06699038
-18,68999921;-6,53297186
-18,68499921;-7,93399334
-18,67999921;-7,00049162
-18,67499921;-5,59947062
-18,66999921;-7,00049162
-18,66499921;-6,06699038
-18,65999921;-5,59947062
-18,65499921;-5,13348866
-18,64999921;-5,59947062
-18,64499921;-4,66596889
-18,63999921;-5,13348866
-18,63499921;-4,19998741
-18,62999921;-5,13348866
-18,62499921;-3,73246789
-18,61999921;-3,73246789
-18,61499921;-3,26648593
-18,60999921;-3,73246789
-18,60499921;-3,73246789
-18,59999921;-4,66596889
-18,59499921;-3,26648593
-18,58999921;-2,79896641
-18,58499921;-3,26648593
-18,57999921;-2,79896641
-18,57499921;-3,73246789
-18,56999921;-2,79896641
-18,56499921;-3,26648593
-18,55999921;-1,86546493
-18,55499921;-2,79896641
-18,54999921;-2,79896641
-18,54499922;-2,79896641
-18,53999922;-3,26648593
-18,53499922;-2,33298445
-18,52999922;-2,79896641
-18,52499922;-2,33298445
-18,51999922;-3,26648593
-18,51499922;-3,26648593
-18,50999922;-3,26648593
-18,50499922;-2,79896641
-18,49999922;-3,26648593
-18,49499922;-2,33298445
-18,48999922;-3,26648593
-18,48499922;-2,79896641
-18,47999922;-3,26648593
-18,47499922;-2,79896641
-18,46999922;-2,79896641
-18,46499922;-1,86546493
-18,45999922;-1,39948320
-18,45499922;-1,39948320
-18,44999922;-1,39948320
-18,44499922;0,46598175
-18,43999922;-0,46598175
-18,43499922;-0,46598175
-18,42999922;-0,46598175
-18,42499922;0,46598175
-18,41999922;0,46598175
-18,41499922;0,46598175
-18,40999922;0,00000000
-18,40499922;0,00000000
-18,39999922;1,39948320
-18,39499922;0,46598175
-18,38999922;0,46598175
-18,38499922;0,46598175
-18,37999922;0,93196350
-18,37499922;0,93196350
-18,36999922;1,39948320
-18,36499922;1,86546493
-18,35999922;1,86546493
-18,35499922;-0,46598175
-18,34999922;2,79896641
-18,34499922;1,39948320
-18,33999922;3,73246789
-18,33499922;3,73246789
-18,32999922;2,79896641
-18,32499922;3,26648593
-18,31999922;2,79896641
-18,31499922;3,26648593
-18,30999922;2,79896641
-18,30499922;3,26648593
-18,29999922;2,79896641
-18,29499922;3,73246789
-18,28999922;3,26648593
-18,28499922;3,73246789
-18,27999922;4,19998741
-18,27499922;4,19998741
-18,26999922;5,13348866
-18,26499922;4,66596889
-18,25999922;1,86546493
-18,25499922;2,33298445
-18,24999922;3,73246789
-18,24499922;3,26648593
-18,23999922;3,26648593
-18,23499922;2,79896641
-18,22999922;2,79896641
-18,22499922;3,26648593
-18,21999922;4,19998741
-18,21499922;1,86546493
-18,20999922;2,33298445
-18,20499922;2,79896641
-18,19999922;2,79896641
-18,19499922;2,79896641
-18,18999922;3,26648593
-18,18499922;1,86546493
-18,17999922;1,86546493
-18,17499922;1,39948320
-18,16999922;1,39948320
-18,16499922;1,86546493
-18,15999922;1,86546493
-18,15499922;0,93196350
-18,14999922;1,86546493
-18,14499923;1,39948320
-18,13999923;2,79896641
-18,13499923;1,39948320
-18,12999923;1,39948320
-18,12499923;1,39948320
-18,11999923;0,93196350
-18,11499923;1,39948320
-18,10999923;0,93196350
-18,10499923;0,93196350
-18,09999923;0,93196350
-18,09499923;0,93196350
-18,08999923;-1,39948320
-18,08499923;0,00000000
-18,07999923;0,00000000
-18,07499923;-0,46598175
-18,06999923;-1,86546493
-18,06499923;-2,33298445
-18,05999923;-2,33298445
-18,05499923;-2,79896641
-18,04999923;-3,26648593
-18,04499923;-2,79896641
-18,03999923;-3,73246789
-18,03499923;-3,73246789
-18,02999923;-5,13348866
-18,02499923;-4,19998741
-18,01999923;-3,73246789
-18,01499923;-4,19998741
-18,00999923;-4,66596889
-18,00499923;-4,19998741
-17,99999923;-4,19998741
-17,99499923;-4,19998741
-17,98999923;-4,66596889
-17,98499923;-4,66596889
-17,97999923;-4,66596889
-17,97499923;-6,06699038
-17,96999923;-6,06699038
-17,96499923;-6,06699038
-17,95999923;-5,59947062
-17,95499923;-5,13348866
-17,94999923;-4,66596889
-17,94499923;-4,19998741
-17,93999923;-4,19998741
-17,93499923;-2,33298445
-17,92999923;-0,93196350
-17,92499923;0,00000000
-17,91999923;0,93196350
-17,91499923;2,33298445
-17,90999923;1,86546493
-17,90499923;2,79896641
-17,89999923;1,86546493
-17,89499923;2,33298445
-17,88999923;1,86546493
-17,88499923;1,86546493
-17,87999923;0,00000000
-17,87499923;0,93196350
-17,86999923;0,00000000
-17,86499923;0,00000000
-17,85999923;-0,46598175
-17,85499923;-0,46598175
-17,84999923;0,00000000
-17,84499923;-0,46598175
-17,83999923;0,00000000
-17,83499923;-0,46598175
-17,82999923;0,00000000
-17,82499923;0,93196350
-17,81999923;1,39948320
-17,81499923;1,39948320
-17,80999923;0,93196350
-17,80499923;2,33298445
-17,79999923;1,39948320
-17,79499923;0,93196350
-17,78999923;0,46598175
-17,78499923;0,00000000
-17,77999923;0,46598175
-17,77499923;0,00000000
-17,76999923;0,00000000
-17,76499923;-0,46598175
-17,75999923;0,00000000
-17,75499923;0,46598175
-17,74999924;0,00000000
-17,74499924;0,93196350
-17,73999924;1,86546493
-17,73499924;1,86546493
-17,72999924;1,39948320
-17,72499924;2,33298445
-17,71999924;2,33298445
-17,71499924;1,39948320
-17,70999924;1,86546493
-17,70499924;3,26648593
-17,69999924;2,33298445
-17,69499924;1,86546493
-17,68999924;2,33298445
-17,68499924;2,33298445
-17,67999924;1,39948320
-17,67499924;2,33298445
-17,66999924;2,79896641
-17,66499924;2,79896641
-17,65999924;2,33298445
-17,65499924;3,26648593
-17,64999924;2,33298445
-17,64499924;2,79896641
-17,63999924;3,26648593
-17,63499924;3,73246789
-17,62999924;3,73246789
-17,62499924;4,19998741
-17,61999924;4,19998741
-17,61499924;5,13348866
-17,60999924;3,26648593
-17,60499924;4,19998741
-17,59999924;4,19998741
-17,59499924;4,19998741
-17,58999924;4,66596889
-17,58499924;3,73246789
-17,57999924;3,73246789
-17,57499924;3,73246789
-17,56999924;3,26648593
-17,56499924;2,33298445
-17,55999924;3,26648593
-17,55499924;2,79896641
-17,54999924;3,26648593
-17,54499924;2,33298445
-17,53999924;1,86546493
-17,53499924;2,79896641
-17,52999924;2,33298445
-17,52499924;4,19998741
-17,51999924;2,79896641
-17,51499924;2,33298445
-17,50999924;1,39948320
-17,50499924;1,86546493
-17,49999924;2,33298445
-17,49499924;1,39948320
-17,48999924;2,33298445
-17,48499924;1,86546493
-17,47999924;2,33298445
-17,47499924;1,86546493
-17,46999924;0,93196350
-17,46499924;1,86546493
-17,45999924;1,86546493
-17,45499924;1,39948320
-17,44999924;0,93196350
-17,44499924;1,39948320
-17,43999924;1,86546493
-17,43499924;0,93196350
-17,42999924;0,46598175
-17,42499924;0,46598175
-17,41999924;-0,93196350
-17,41499924;0,93196350
-17,40999924;0,00000000
-17,40499924;-6,06699038
-17,39999924;-1,39948320
-17,39499924;-1,86546493
-17,38999924;-2,33298445
-17,38499924;-2,33298445
-17,37999924;-2,79896641
-17,37499924;-3,73246789
-17,36999924;-3,26648593
-17,36499924;-3,26648593
-17,35999924;-3,73246789
-17,35499925;-3,73246789
-17,34999925;-4,66596889
-17,34499925;-3,73246789
-17,33999925;-3,73246789
-17,33499925;-4,19998741
-17,32999925;-4,19998741
-17,32499925;-5,13348866
-17,31999925;-6,06699038
-17,31499925;-5,59947062
-17,30999925;-7,00049162
-17,30499925;-6,53297186
-17,29999925;-7,46647358
-17,29499925;-7,00049162
-17,28999925;-7,46647358
-17,28499925;-7,00049162
-17,27999925;-7,93399334
-17,27499925;-7,00049162
-17,26999925;-7,00049162
-17,26499925;-7,46647358
-17,25999925;-7,93399334
-17,25499925;-7,00049162
-17,24999925;-7,46647358
-17,24499925;-7,00049162
-17,23999925;-6,53297186
-17,23499925;-7,00049162
-17,22999925;-6,06699038
-17,22499925;-5,59947062
-17,21999925;-6,06699038
-17,21499925;-5,59947062
-17,20999925;-5,59947062
-17,20499925;-5,13348866
-17,19999925;-4,66596889
-17,19499925;-3,73246789
-17,18999925;-3,73246789
-17,18499925;-3,26648593
-17,17999925;-2,33298445
-17,17499925;-0,93196350
-17,16999925;-0,93196350
-17,16499925;-0,93196350
-17,15999925;0,00000000
-17,15499925;0,00000000
-17,14999925;0,46598175
-17,14499925;1,39948320
-17,13999925;0,46598175
-17,13499925;0,00000000
-17,12999925;1,86546493
-17,12499925;1,39948320
-17,11999925;-1,39948320
-17,11499925;-0,46598175
-17,10999925;-0,46598175
-17,10499925;-0,46598175
-17,09999925;-0,93196350
-17,09499925;-1,86546493
-17,08999925;-1,39948320
-17,08499925;-1,86546493
-17,07999925;-1,86546493
-17,07499925;-2,33298445
-17,06999925;-1,86546493
-17,06499925;-2,79896641
-17,05999925;-0,93196350
-17,05499925;-3,26648593
-17,04999925;-2,33298445
-17,04499925;-1,86546493
-17,03999925;-0,93196350
-17,03499925;-1,39948320
-17,02999925;-1,39948320
-17,02499925;-0,93196350
-17,01999925;0,46598175
-17,01499925;0,00000000
-17,00999925;0,93196350
-17,00499925;0,00000000
-16,99999925;0,46598175
-16,99499925;2,79896641
-16,98999925;1,39948320
-16,98499925;1,39948320
-16,97999925;1,39948320
-16,97499925;0,00000000
-16,96999925;0,93196350
-16,96499925;1,39948320
-16,95999926;13,53500175
-16,95499926;1,39948320
-16,94999926;0,00000000
-16,94499926;0,93196350
-16,93999926;0,93196350
-16,93499926;0,46598175
-16,92999926;0,46598175
-16,92499926;0,46598175
-16,91999926;0,00000000
-16,91499926;0,93196350
-16,90999926;0,00000000
-16,90499926;0,93196350
-16,89999926;2,79896641
-16,89499926;2,33298445
-16,88999926;1,86546493
-16,88499926;2,79896641
-16,87999926;3,73246789
-16,87499926;3,73246789
-16,86999926;2,79896641
-16,86499926;3,26648593
-16,85999926;2,79896641
-16,85499926;2,79896641
-16,84999926;1,86546493
-16,84499926;2,33298445
-16,83999926;0,93196350
-16,83499926;2,33298445
-16,82999926;1,39948320
-16,82499926;1,39948320
-16,81999926;1,39948320
-16,81499926;1,39948320
-16,80999926;1,86546493
-16,80499926;1,86546493
-16,79999926;1,39948320
-16,79499926;2,33298445
-16,78999926;2,79896641
-16,78499926;2,33298445
-16,77999926;2,79896641
-16,77499926;3,26648593
-16,76999926;3,73246789
-16,76499926;2,33298445
-16,75999926;3,73246789
-16,75499926;3,26648593
-16,74999926;4,19998741
-16,74499926;2,79896641
-16,73999926;3,26648593
-16,73499926;2,79896641
-16,72999926;3,26648593
-16,72499926;3,73246789
-16,71999926;3,73246789
-16,71499926;3,73246789
-16,70999926;3,73246789
-16,70499926;1,39948320
-16,69999926;3,73246789
-16,69499926;2,33298445
-16,68999926;1,39948320
-16,68499926;2,79896641
-16,67999926;2,33298445
-16,67499926;1,86546493
-16,66999926;2,33298445
-16,66499926;1,39948320
-16,65999926;1,86546493
-16,65499926;2,33298445
-16,64999926;2,79896641
-16,64499926;1,86546493
-16,63999926;1,86546493
-16,63499926;0,93196350
-16,62999926;0,46598175
-16,62499926;0,93196350
-16,61999926;0,46598175
-16,61499926;0,46598175
-16,60999926;0,00000000
-16,60499926;0,00000000
-16,59999926;0,00000000
-16,59499926;0,46598175
-16,58999926;-1,39948320
-16,58499926;-0,46598175
-16,57999926;-0,46598175
-16,57499926;-0,46598175
-16,56999926;-2,79896641
-16,56499927;-1,39948320
-16,55999927;-0,93196350
-16,55499927;0,00000000
-16,54999927;0,46598175
-16,54499927;0,00000000
-16,53999927;1,86546493
-16,53499927;0,46598175
-16,52999927;2,33298445
-16,52499927;1,86546493
-16,51999927;2,33298445
-16,51499927;2,79896641
-16,50999927;3,26648593
-16,50499927;3,26648593
-16,49999927;3,26648593
-16,49499927;1,86546493
-16,48999927;2,33298445
-16,48499927;2,79896641
-16,47999927;2,33298445
-16,47499927;2,79896641
-16,46999927;2,79896641
-16,46499927;2,79896641
-16,45999927;3,26648593
-16,45499927;3,26648593
-16,44999927;2,79896641
-16,44499927;3,26648593
-16,43999927;2,79896641
-16,43499927;4,19998741
-16,42999927;4,19998741
-16,42499927;4,66596889
-16,41999927;4,19998741
-16,41499927;5,13348866
-16,40999927;4,66596889
-16,40499927;5,13348866
-16,39999927;5,13348866
-16,39499927;4,66596889
-16,38999927;5,13348866
-16,38499927;5,13348866
-16,37999927;4,66596889
-16,37499927;4,66596889
-16,36999927;4,66596889
-16,36499927;4,66596889
-16,35999927;5,13348866
-16,35499927;5,13348866
-16,34999927;4,66596889
-16,34499927;5,13348866
-16,33999927;4,19998741
-16,33499927;4,66596889
-16,32999927;5,13348866
-16,32499927;5,59947062
-16,31999927;4,66596889
-16,31499927;4,19998741
-16,30999927;3,73246789
-16,30499927;18,66848946
-16,29999927;5,13348866
-16,29499927;3,73246789
-16,28999927;3,26648593
-16,28499927;4,66596889
-16,27999927;2,79896641
-16,27499927;2,79896641
-16,26999927;2,79896641
-16,26499927;2,79896641
-16,25999927;1,86546493
-16,25499927;2,33298445
-16,24999927;2,33298445
-16,24499927;1,39948320
-16,23999927;1,86546493
-16,23499927;1,86546493
-16,22999927;1,86546493
-16,22499927;2,79896641
-16,21999927;2,79896641
-16,21499927;2,79896641
-16,20999927;1,39948320
-16,20499927;1,86546493
-16,19999927;1,86546493
-16,19499927;1,86546493
-16,18999927;0,93196350
-16,18499927;0,93196350
-16,17999927;0,00000000
-16,17499927;-0,93196350
-16,16999928;0,46598175
-16,16499928;0,00000000
-16,15999928;-0,46598175
-16,15499928;-1,39948320
-16,14999928;0,00000000
-16,14499928;-2,33298445
-16,13999928;-0,46598175
-16,13499928;-1,86546493
-16,12999928;-3,73246789
-16,12499928;-3,26648593
-16,11999928;-2,79896641
-16,11499928;-3,73246789
-16,10999928;-5,59947062
-16,10499928;-5,13348866
-16,09999928;-5,13348866
-16,09499928;-6,06699038
-16,08999928;-7,00049162
-16,08499928;-7,46647358
-16,07999928;-7,93399334
-16,07499928;-7,00049162
-16,06999928;-8,39997482
-16,06499928;-8,86749458
-16,05999928;-7,46647358
-16,05499928;-7,46647358
-16,04999928;-7,46647358
-16,04499928;-6,06699038
-16,03999928;-5,13348866
-16,03499928;-4,19998741
-16,02999928;-2,79896641
-16,02499928;-2,79896641
-16,01999928;-1,39948320
-16,01499928;-0,93196350
-16,00999928;-0,93196350
-16,00499928;-0,46598175
-15,99999928;0,46598175
-15,99499928;0,00000000
-15,98999928;0,46598175
-15,98499928;-0,46598175
-15,97999928;-0,46598175
-15,97499928;-0,93196350
-15,96999928;-1,39948320
-15,96499928;-2,33298445
-15,95999928;-3,26648593
-15,95499928;-2,79896641
-15,94999928;-2,33298445
-15,94499928;-2,33298445
-15,93999928;-3,73246789
-15,93499928;-0,93196350
-15,92999928;-1,86546493
-15,92499928;-1,86546493
-15,91999928;-0,93196350
-15,91499928;0,00000000
-15,90999928;1,39948320
-15,90499928;0,93196350
-15,89999928;0,00000000
-15,89499928;0,00000000
-15,88999928;1,39948320
-15,88499928;0,93196350
-15,87999928;0,46598175
-15,87499928;0,93196350
-15,86999928;0,93196350
-15,86499928;1,39948320
-15,85999928;1,39948320
-15,85499928;2,33298445
-15,84999928;2,33298445
-15,84499928;2,33298445
-15,83999928;2,33298445
-15,83499928;3,26648593
-15,82999928;3,73246789
-15,82499928;3,26648593
-15,81999928;4,66596889
-15,81499928;4,19998741
-15,80999928;2,33298445
-15,80499928;3,73246789
-15,79999928;4,19998741
-15,79499928;3,26648593
-15,78999928;3,26648593
-15,78499928;3,73246789
-15,77999928;3,73246789
-15,77499928;3,26648593
-15,76999929;2,79896641
-15,76499929;3,26648593
-15,75999929;3,73246789
-15,75499929;3,73246789
-15,74999929;3,73246789
-15,74499929;4,19998741
-15,73999929;5,13348866
-15,73499929;5,59947062
-15,72999929;6,06699038
-15,72499929;5,13348866
-15,71999929;13,53500175
-15,71499929;6,53297186
-15,70999929;6,53297186
-15,70499929;6,53297186
-15,69999929;6,53297186
-15,69499929;6,06699038
-15,68999929;5,59947062
-15,68499929;6,06699038
-15,67999929;4,19998741
-15,67499929;4,19998741
-15,66999929;3,26648593
-15,66499929;2,79896641
-15,65999929;3,26648593
-15,65499929;2,33298445
-15,64999929;0,93196350
-15,64499929;0,46598175
-15,63999929;0,00000000
-15,63499929;0,00000000
-15,62999929;-0,93196350
-15,62499929;-1,39948320
-15,61999929;-1,39948320
-15,61499929;-0,46598175
-15,60999929;-0,93196350
-15,60499929;-2,33298445
-15,59999929;-1,86546493
-15,59499929;-1,86546493
-15,58999929;-1,86546493
-15,58499929;-2,79896641
-15,57999929;-2,79896641
-15,57499929;-2,79896641
-15,56999929;-2,79896641
-15,56499929;-2,33298445
-15,55999929;-2,79896641
-15,55499929;-3,73246789
-15,54999929;-3,73246789
-15,54499929;-3,26648593
-15,53999929;-4,66596889
-15,53499929;-4,66596889
-15,52999929;-4,66596889
-15,52499929;-3,26648593
-15,51999929;-6,06699038
-15,51499929;-5,59947062
-15,50999929;-4,66596889
-15,50499929;-6,06699038
-15,49999929;-5,13348866
-15,49499929;-6,53297186
-15,48999929;-6,53297186
-15,48499929;-6,06699038
-15,47999929;-6,53297186
-15,47499929;-6,06699038
-15,46999929;-6,53297186
-15,46499929;-6,53297186
-15,45999929;-6,53297186
-15,45499929;-6,06699038
-15,44999929;-14,00098324
-15,44499929;-6,06699038
-15,43999929;-5,59947062
-15,43499929;-5,59947062
-15,42999929;-5,59947062
-15,42499929;-5,59947062
-15,41999929;-6,06699038
-15,41499929;-6,06699038
-15,40999929;-5,59947062
-15,40499929;-6,06699038
-15,39999929;-5,13348866
-15,39499929;-5,59947062
-15,38999929;-5,13348866
-15,38499929;-5,59947062
-15,37999929;-6,06699038
-15,37499930;-6,53297186
-15,36999930;-6,53297186
-15,36499930;-6,06699038
-15,35999930;-6,53297186
-15,35499930;-6,06699038
-15,34999930;-6,06699038
-15,34499930;-5,59947062
-15,33999930;-5,59947062
-15,33499930;-6,53297186
-15,32999930;-6,06699038
-15,32499930;-6,06699038
-15,31999930;-6,06699038
-15,31499930;-5,59947062
-15,30999930;-5,13348866
-15,30499930;-5,13348866
-15,29999930;-5,13348866
-15,29499930;-4,66596889
-15,28999930;-4,19998741
-15,28499930;-3,26648593
-15,27999930;-3,26648593
-15,27499930;-2,33298445
-15,26999930;-2,79896641
-15,26499930;-1,39948320
-15,25999930;0,00000000
-15,25499930;0,00000000
-15,24999930;0,00000000
-15,24499930;0,46598175
-15,23999930;0,00000000
-15,23499930;-0,46598175
-15,22999930;-0,46598175
-15,22499930;-0,46598175
-15,21999930;-0,93196350
-15,21499930;-1,86546493
-15,20999930;-2,79896641
-15,20499930;-3,26648593
-15,19999930;-4,19998741
-15,19499930;-3,73246789
-15,18999930;-3,73246789
-15,18499930;-4,66596889
-15,17999930;-4,66596889
-15,17499930;-4,66596889
-15,16999930;-5,13348866
-15,16499930;-5,13348866
-15,15999930;-5,13348866
-15,15499930;-4,66596889
-15,14999930;-5,13348866
-15,14499930;-5,13348866
-15,13999930;-5,13348866
-15,13499930;-5,59947062
-15,12999930;-6,53297186
-15,12499930;-6,06699038
-15,11999930;-5,59947062
-15,11499930;-5,59947062
-15,10999930;-5,59947062
-15,10499930;-6,06699038
-15,09999930;-5,13348866
-15,09499930;-5,59947062
-15,08999930;-4,66596889
-15,08499930;-4,66596889
-15,07999930;-3,26648593
-15,07499930;-2,79896641
-15,06999930;-2,79896641
-15,06499930;-1,86546493
-15,05999930;-1,86546493
-15,05499930;-1,86546493
-15,04999930;-2,33298445
-15,04499930;-2,79896641
-15,03999930;-2,33298445
-15,03499930;-1,39948320
-15,02999930;-0,93196350
-15,02499930;-1,86546493
-15,01999930;-1,86546493
-15,01499930;-1,39948320
-15,00999930;-0,93196350
-15,00499930;-1,86546493
-14,99999930;0,00000000
-14,99499930;0,00000000
-14,98999930;0,46598175
-14,98499930;1,39948320
-14,97999931;0,93196350
-14,97499931;1,86546493
-14,96999931;2,79896641
-14,96499931;2,33298445
-14,95999931;3,73246789
-14,95499931;2,79896641
-14,94999931;3,26648593
-14,94499931;4,19998741
-14,93999931;1,86546493
-14,93499931;-2,33298445
-14,92999931;3,26648593
-14,92499931;1,39948320
-14,91999931;1,86546493
-14,91499931;1,86546493
-14,90999931;2,79896641
-14,90499931;1,39948320
-14,89999931;1,39948320
-14,89499931;1,86546493
-14,88999931;1,39948320
-14,88499931;1,86546493
-14,87999931;0,93196350
-14,87499931;0,93196350
-14,86999931;1,39948320
-14,86499931;2,33298445
-14,85999931;1,39948320
-14,85499931;1,86546493
-14,84999931;1,86546493
-14,84499931;1,39948320
-14,83999931;1,39948320
-14,83499931;1,39948320
-14,82999931;2,33298445
-14,82499931;1,86546493
-14,81999931;2,79896641
-14,81499931;2,79896641
-14,80999931;2,33298445
-14,80499931;2,79896641
-14,79999931;1,39948320
-14,79499931;0,46598175
-14,78999931;2,33298445
-14,78499931;1,86546493
-14,77999931;1,39948320
-14,77499931;1,39948320
-14,76999931;1,86546493
-14,76499931;1,86546493
-14,75999931;0,46598175
-14,75499931;0,46598175
-14,74999931;0,46598175
-14,74499931;0,00000000
-14,73999931;0,93196350
-14,73499931;0,00000000
-14,72999931;-0,93196350
-14,72499931;0,46598175
-14,71999931;0,00000000
-14,71499931;0,00000000
-14,70999931;-0,93196350
-14,70499931;-0,46598175
-14,69999931;0,00000000
-14,69499931;0,00000000
-14,68999931;-0,46598175
-14,68499931;0,46598175
-14,67999931;0,00000000
-14,67499931;0,46598175
-14,66999931;-0,46598175
-14,66499931;0,93196350
-14,65999931;-2,79896641
-14,65499931;0,00000000
-14,64999931;0,46598175
-14,64499931;0,93196350
-14,63999931;0,46598175
-14,63499931;0,46598175
-14,62999931;-1,86546493
-14,62499931;-13,06748199
-14,61999931;0,46598175
-14,61499931;0,93196350
-14,60999931;0,93196350
-14,60499931;0,46598175
-14,59999931;1,86546493
-14,59499931;0,93196350
-14,58999931;1,86546493
-14,58499932;1,39948320
-14,57999932;1,39948320
-14,57499932;1,39948320
-14,56999932;1,39948320
-14,56499932;1,39948320
-14,55999932;2,79896641
-14,55499932;1,86546493
-14,54999932;2,79896641
-14,54499932;2,79896641
-14,53999932;1,86546493
-14,53499932;1,86546493
-14,52999932;1,39948320
-14,52499932;2,79896641
-14,51999932;2,33298445
-14,51499932;2,33298445
-14,50999932;2,33298445
-14,50499932;1,39948320
-14,49999932;1,39948320
-14,49499932;1,86546493
-14,48999932;1,86546493
-14,48499932;2,33298445
-14,47999932;1,39948320
-14,47499932;1,39948320
-14,46999932;1,39948320
-14,46499932;1,39948320
-14,45999932;0,46598175
-14,45499932;2,33298445
-14,44999932;0,00000000
-14,44499932;0,93196350
-14,43999932;1,39948320
-14,43499932;0,46598175
-14,42999932;0,93196350
-14,42499932;0,46598175
-14,41999932;0,46598175
-14,41499932;1,39948320
-14,40999932;0,93196350
-14,40499932;0,46598175
-14,39999932;0,93196350
-14,39499932;0,93196350
-14,38999932;0,46598175
-14,38499932;0,93196350
-14,37999932;0,93196350
-14,37499932;0,93196350
-14,36999932;0,46598175
-14,36499932;1,39948320
-14,35999932;1,39948320
-14,35499932;0,93196350
-14,34999932;0,93196350
-14,34499932;0,93196350
-14,33999932;1,39948320
-14,33499932;2,33298445
-14,32999932;1,39948320
-14,32499932;2,79896641
-14,31999932;1,39948320
-14,31499932;1,39948320
-14,30999932;0,93196350
-14,30499932;0,46598175
-14,29999932;1,39948320
-14,29499932;0,93196350
-14,28999932;1,39948320
-14,28499932;0,93196350
-14,27999932;0,46598175
-14,27499932;-0,46598175
-14,26999932;-0,46598175
-14,26499932;-1,39948320
-14,25999932;-1,39948320
-14,25499932;-0,46598175
-14,24999932;-1,86546493
-14,24499932;-1,86546493
-14,23999932;-1,86546493
-14,23499932;-1,86546493
-14,22999932;-1,39948320
-14,22499932;-2,79896641
-14,21999932;-2,33298445
-14,21499932;-2,79896641
-14,20999932;-2,79896641
-14,20499932;-3,26648593
-14,19999932;-3,26648593
-14,19499932;-3,73246789
-14,18999933;-5,13348866
-14,18499933;-4,66596889
-14,17999933;-5,13348866
-14,17499933;-5,59947062
-14,16999933;-7,00049162
-14,16499933;-7,00049162
-14,15999933;-7,00049162
-14,15499933;-7,00049162
-14,14999933;-7,46647358
-14,14499933;-7,46647358
-14,13999933;-6,53297186
-14,13499933;-6,53297186
-14,12999933;-6,06699038
-14,12499933;-5,59947062
-14,11999933;-4,19998741
-14,11499933;-3,26648593
-14,10999933;-3,26648593
-14,10499933;-1,39948320
-14,09999933;0,00000000
-14,09499933;0,93196350
-14,08999933;0,93196350
-14,08499933;0,93196350
-14,07999933;0,93196350
-14,07499933;0,46598175
-14,06999933;16,33396912
-14,06499933;0,93196350
-14,05999933;0,46598175
-14,05499933;0,00000000
-14,04999933;-0,93196350
-14,04499933;-0,93196350
-14,03999933;-1,39948320
-14,03499933;-1,39948320
-14,02999933;0,46598175
-14,02499933;-1,39948320
-14,01999933;-0,93196350
-14,01499933;-0,93196350
-14,00999933;-0,93196350
-14,00499933;-0,93196350
-13,99999933;0,00000000
-13,99499933;-12,13398075
-13,98999933;-0,46598175
-13,98499933;0,00000000
-13,97999933;0,00000000
-13,97499933;0,46598175
-13,96999933;-0,46598175
-13,96499933;-0,46598175
-13,95999933;0,46598175
-13,95499933;0,93196350
-13,94999933;0,46598175
-13,94499933;2,33298445
-13,93999933;1,39948320
-13,93499933;1,86546493
-13,92999933;1,86546493
-13,92499933;3,26648593
-13,91999933;2,33298445
-13,91499933;3,73246789
-13,90999933;3,73246789
-13,90499933;3,26648593
-13,89999933;3,26648593
-13,89499933;3,73246789
-13,88999933;3,26648593
-13,88499933;3,26648593
-13,87999933;2,79896641
-13,87499933;2,79896641
-13,86999933;3,26648593
-13,86499933;2,33298445
-13,85999933;2,33298445
-13,85499933;2,79896641
-13,84999933;2,79896641
-13,84499933;3,73246789
-13,83999933;3,73246789
-13,83499933;4,66596889
-13,82999933;3,26648593
-13,82499933;4,66596889
-13,81999933;4,66596889
-13,81499933;5,59947062
-13,80999933;6,06699038
-13,80499933;6,53297186
-13,79999933;6,53297186
-13,79499934;6,53297186
-13,78999934;7,46647358
-13,78499934;7,93399334
-13,77999934;6,53297186
-13,77499934;7,00049162
-13,76999934;7,00049162
-13,76499934;6,53297186
-13,75999934;6,06699038
-13,75499934;6,06699038
-13,74999934;5,59947062
-13,74499934;4,66596889
-13,73999934;5,13348866
-13,73499934;4,19998741
-13,72999934;2,79896641
-13,72499934;2,33298445
-13,71999934;3,26648593
-13,71499934;2,33298445
-13,70999934;1,86546493
-13,70499934;1,39948320
-13,69999934;1,86546493
-13,69499934;0,46598175
-13,68999934;0,93196350
-13,68499934;0,00000000
-13,67999934;0,00000000
-13,67499934;0,46598175
-13,66999934;0,46598175
-13,66499934;0,93196350
-13,65999934;1,39948320
-13,65499934;0,93196350
-13,64999934;1,86546493
-13,64499934;1,86546493
-13,63999934;1,86546493
-13,63499934;2,33298445
-13,62999934;2,33298445
-13,62499934;2,33298445
-13,61999934;1,86546493
-13,61499934;0,93196350
-13,60999934;1,39948320
-13,60499934;0,93196350
-13,59999934;0,00000000
-13,59499934;0,46598175
-13,58999934;-0,46598175
-13,58499934;-0,93196350
-13,57999934;-1,39948320
-13,57499934;-1,39948320
-13,56999934;-2,33298445
-13,56499934;-2,79896641
-13,55999934;-3,26648593
-13,55499934;-3,26648593
-13,54999934;-3,73246789
-13,54499934;-3,26648593
-13,53999934;-3,73246789
-13,53499934;-3,73246789
-13,52999934;-3,73246789
-13,52499934;-4,19998741
-13,51999934;-3,73246789
-13,51499934;-3,73246789
-13,50999934;-4,19998741
-13,50499934;-3,73246789
-13,49999934;-3,73246789
-13,49499934;-4,19998741
-13,48999934;-4,19998741
-13,48499934;-3,73246789
-13,47999934;-3,73246789
-13,47499934;-3,73246789
-13,46999934;-4,19998741
-13,46499934;-4,19998741
-13,45999934;-3,73246789
-13,45499934;-3,26648593
-13,44999934;-3,73246789
-13,44499934;-3,26648593
-13,43999934;-3,73246789
-13,43499934;-3,26648593
-13,42999934;-3,73246789
-13,42499934;-3,26648593
-13,41999934;-3,73246789
-13,41499934;-3,73246789
-13,40999934;-3,73246789
-13,40499934;-4,19998741
-13,39999934;-3,73246789
-13,39499935;-3,26648593
-13,38999935;1,86546493
-13,38499935;-2,79896641
-13,37999935;-1,86546493
-13,37499935;-1,86546493
-13,36999935;-0,93196350
-13,36499935;0,00000000
-13,35999935;1,39948320
-13,35499935;1,86546493
-13,34999935;2,33298445
-13,34499935;2,79896641
-13,33999935;3,26648593
-13,33499935;3,26648593
-13,32999935;3,73246789
-13,32499935;3,73246789
-13,31999935;3,26648593
-13,31499935;3,26648593
-13,30999935;3,73246789
-13,30499935;1,39948320
-13,29999935;1,39948320
-13,29499935;0,46598175
-13,28999935;0,00000000
-13,28499935;-0,46598175
-13,27999935;-0,93196350
-13,27499935;-0,93196350
-13,26999935;-0,93196350
-13,26499935;0,00000000
-13,25999935;-0,93196350
-13,25499935;-1,86546493
-13,24999935;-0,93196350
-13,24499935;-1,39948320
-13,23999935;-1,39948320
-13,23499935;-0,93196350
-13,22999935;-1,39948320
-13,22499935;-0,93196350
-13,21999935;-1,39948320
-13,21499935;-0,93196350
-13,20999935;-0,93196350
-13,20499935;-1,39948320
-13,19999935;-0,93196350
-13,19499935;-0,46598175
-13,18999935;-0,46598175
-13,18499935;-0,46598175
-13,17999935;-0,46598175
-13,17499935;-0,46598175
-13,16999935;0,46598175
-13,16499935;0,46598175
-13,15999935;0,46598175
-13,15499935;0,93196350
-13,14999935;0,46598175
-13,14499935;0,93196350
-13,13999935;1,39948320
-13,13499935;1,39948320
-13,12999935;1,86546493
-13,12499935;0,00000000
-13,11999935;6,06699038
-13,11499935;2,33298445
-13,10999935;1,86546493
-13,10499935;2,79896641
-13,09999935;3,26648593
-13,09499935;3,73246789
-13,08999935;4,19998741
-13,08499935;4,66596889
-13,07999935;5,13348866
-13,07499935;5,59947062
-13,06999935;5,59947062
-13,06499935;6,06699038
-13,05999935;6,53297186
-13,05499935;7,00049162
-13,04999935;7,46647358
-13,04499935;7,00049162
-13,03999935;7,46647358
-13,03499935;7,00049162
-13,02999935;7,00049162
-13,02499935;6,53297186
-13,01999935;6,53297186
-13,01499935;6,53297186
-13,00999935;6,53297186
-13,00499935;6,53297186
-12,99999936;6,53297186
-12,99499936;7,00049162
-12,98999936;7,00049162
-12,98499936;6,53297186
-12,97999936;7,00049162
-12,97499936;7,46647358
-12,96999936;7,46647358
-12,96499936;7,00049162
-12,95999936;7,00049162
-12,95499936;7,46647358
-12,94999936;6,53297186
-12,94499936;6,53297186
-12,93999936;5,59947062
-12,93499936;5,59947062
-12,92999936;4,66596889
-12,92499936;4,66596889
-12,91999936;4,66596889
-12,91499936;5,13348866
-12,90999936;4,19998741
-12,90499936;4,19998741
-12,89999936;3,73246789
-12,89499936;4,19998741
-12,88999936;3,73246789
-12,88499936;4,19998741
-12,87999936;3,26648593
-12,87499936;3,26648593
-12,86999936;2,79896641
-12,86499936;2,79896641
-12,85999936;2,79896641
-12,85499936;2,33298445
-12,84999936;3,26648593
-12,84499936;2,33298445
-12,83999936;1,86546493
-12,83499936;0,93196350
-12,82999936;0,93196350
-12,82499936;0,93196350
-12,81999936;0,46598175
-12,81499936;0,00000000
-12,80999936;0,00000000
-12,80499936;-0,93196350
-12,79999936;0,00000000
-12,79499936;-1,39948320
-12,78999936;-0,46598175
-12,78499936;-0,93196350
-12,77999936;-0,93196350
-12,77499936;-0,93196350
-12,76999936;0,00000000
-12,76499936;-0,46598175
-12,75999936;-0,93196350
-12,75499936;-0,93196350
-12,74999936;-0,46598175
-12,74499936;-0,46598175
-12,73999936;0,00000000
-12,73499936;0,00000000
-12,72999936;1,86546493
-12,72499936;1,86546493
-12,71999936;0,00000000
-12,71499936;0,00000000
-12,70999936;0,00000000
-12,70499936;0,93196350
-12,69999936;0,46598175
-12,69499936;0,93196350
-12,68999936;0,46598175
-12,68499936;0,93196350
-12,67999936;0,93196350
-12,67499936;0,93196350
-12,66999936;0,93196350
-12,66499936;1,39948320
-12,65999936;1,86546493
-12,65499936;1,86546493
-12,64999936;2,33298445
-12,64499936;1,86546493
-12,63999936;1,86546493
-12,63499936;2,33298445
-12,62999936;2,79896641
-12,62499936;3,26648593
-12,61999936;2,33298445
-12,61499936;2,33298445
-12,60999936;3,26648593
-12,60499937;3,26648593
-12,59999937;3,26648593
-12,59499937;2,33298445
-12,58999937;2,33298445
-12,58499937;2,79896641
-12,57999937;2,33298445
-12,57499937;0,46598175
-12,56999937;1,86546493
-12,56499937;2,79896641
-12,55999937;2,33298445
-12,55499937;2,33298445
-12,54999937;2,33298445
-12,54499937;2,79896641
-12,53999937;2,79896641
-12,53499937;2,79896641
-12,52999937;2,79896641
-12,52499937;2,79896641
-12,51999937;2,79896641
-12,51499937;2,33298445
-12,50999937;3,26648593
-12,50499937;2,79896641
-12,49999937;2,79896641
-12,49499937;2,79896641
-12,48999937;2,79896641
-12,48499937;2,79896641
-12,47999937;1,86546493
-12,47499937;2,33298445
-12,46999937;2,33298445
-12,46499937;2,79896641
-12,45999937;2,79896641
-12,45499937;2,33298445
-12,44999937;2,33298445
-12,44499937;2,33298445
-12,43999937;1,86546493
-12,43499937;2,33298445
-12,42999937;1,39948320
-12,42499937;1,86546493
-12,41999937;-1,86546493
-12,41499937;1,86546493
-12,40999937;1,86546493
-12,40499937;1,86546493
-12,39999937;1,39948320
-12,39499937;0,93196350
-12,38999937;0,00000000
-12,38499937;0,93196350
-12,37999937;0,46598175
-12,37499937;0,46598175
-12,36999937;-0,46598175
-12,36499937;0,00000000
-12,35999937;0,46598175
-12,35499937;0,00000000
-12,34999937;-1,86546493
-12,34499937;-2,79896641
-12,33999937;-0,93196350
-12,33499937;-1,86546493
-12,32999937;-2,33298445
-12,32499937;-2,33298445
-12,31999937;-9,80099583
-12,31499937;-2,79896641
-12,30999937;-3,73246789
-12,30499937;-3,26648593
-12,29999937;-4,19998741
-12,29499937;-4,66596889
-12,28999937;-4,66596889
-12,28499937;-4,66596889
-12,27999937;-5,13348866
-12,27499937;-4,66596889
-12,26999937;-5,13348866
-12,26499937;-5,59947062
-12,25999937;-5,59947062
-12,25499937;-5,59947062
-12,24999937;-5,59947062
-12,24499937;-5,13348866
-12,23999937;-6,06699038
-12,23499937;-5,13348866
-12,22999937;-3,73246789
-12,22499937;-3,26648593
-12,21999937;-3,26648593
-12,21499937;-2,33298445
-12,20999938;-1,86546493
-12,20499938;-1,86546493
-12,19999938;-0,93196350
-12,19499938;0,00000000
-12,18999938;1,39948320
-12,18499938;0,46598175
-12,17999938;1,39948320
-12,17499938;1,86546493
-12,16999938;1,39948320
-12,16499938;1,86546493
-12,15999938;1,86546493
-12,15499938;1,86546493
-12,14999938;0,93196350
-12,14499938;0,46598175
-12,13999938;0,00000000
-12,13499938;0,46598175
-12,12999938;0,00000000
-12,12499938;0,46598175
-12,11999938;0,00000000
-12,11499938;0,46598175
-12,10999938;0,46598175
-12,10499938;0,93196350
-12,09999938;0,46598175
-12,09499938;0,93196350
-12,08999938;0,00000000
-12,08499938;-0,93196350
-12,07999938;0,46598175
-12,07499938;1,86546493
-12,06999938;0,00000000
-12,06499938;0,93196350
-12,05999938;1,39948320
-12,05499938;0,93196350
-12,04999938;0,46598175
-12,04499938;0,00000000
-12,03999938;1,86546493
-12,03499938;2,33298445
-12,02999938;2,79896641
-12,02499938;2,79896641
-12,01999938;2,79896641
-12,01499938;3,26648593
-12,00999938;4,19998741
-12,00499938;3,73246789
-11,99999938;3,73246789
-11,99499938;3,73246789
-11,98999938;3,73246789
-11,98499938;4,66596889
-11,97999938;2,79896641
-11,97499938;2,79896641
-11,96999938;3,73246789
-11,96499938;3,73246789
-11,95999938;3,26648593
-11,95499938;0,46598175
-11,94999938;3,73246789
-11,94499938;3,73246789
-11,93999938;3,73246789
-11,93499938;3,73246789
-11,92999938;4,66596889
-11,92499938;4,66596889
-11,91999938;5,59947062
-11,91499938;4,19998741
-11,90999938;4,66596889
-11,90499938;5,13348866
-11,89999938;5,59947062
-11,89499938;5,13348866
-11,88999938;5,13348866
-11,88499938;4,66596889
-11,87999938;5,59947062
-11,87499938;4,19998741
-11,86999938;7,46647358
-11,86499938;5,13348866
-11,85999938;3,26648593
-11,85499938;3,73246789
-11,84999938;3,73246789
-11,84499938;3,26648593
-11,83999938;4,66596889
-11,83499938;2,79896641
-11,82999938;1,86546493
-11,82499938;2,33298445
-11,81999938;1,86546493
-11,81499939;1,86546493
-11,80999939;1,39948320
-11,80499939;2,33298445
-11,79999939;1,39948320
-11,79499939;0,00000000
-11,78999939;0,46598175
-11,78499939;0,93196350
-11,77999939;0,46598175
-11,77499939;0,00000000
-11,76999939;0,46598175
-11,76499939;0,46598175
-11,75999939;0,46598175
-11,75499939;-0,46598175
-11,74999939;0,93196350
-11,74499939;1,86546493
-11,73999939;0,00000000
-11,73499939;1,86546493
-11,72999939;1,86546493
-11,72499939;0,93196350
-11,71999939;0,46598175
-11,71499939;0,93196350
-11,70999939;-0,46598175
-11,70499939;0,46598175
-11,69999939;-0,93196350
-11,69499939;-1,39948320
-11,68999939;-1,39948320
-11,68499939;-2,79896641
-11,67999939;-3,26648593
-11,67499939;-2,79896641
-11,66999939;-2,33298445
-11,66499939;-4,19998741
-11,65999939;-4,66596889
-11,65499939;-4,66596889
-11,64999939;-5,13348866
-11,64499939;-5,13348866
-11,63999939;-5,13348866
-11,63499939;-5,13348866
-11,62999939;-5,13348866
-11,62499939;-5,13348866
-11,61999939;-5,13348866
-11,61499939;-5,13348866
-11,60999939;-5,13348866
-11,60499939;-4,19998741
-11,59999939;-5,59947062
-11,59499939;-6,53297186
-11,58999939;-6,53297186
-11,58499939;-7,46647358
-11,57999939;-6,06699038
-11,57499939;-6,06699038
-11,56999939;-7,46647358
-11,56499939;-5,59947062
-11,55999939;-6,53297186
-11,55499939;-6,53297186
-11,54999939;-6,53297186
-11,54499939;-6,06699038
-11,53999939;-6,53297186
-11,53499939;-7,93399334
-11,52999939;-6,53297186
-11,52499939;-7,00049162
-11,51999939;-6,53297186
-11,51499939;-6,53297186
-11,50999939;-6,53297186
-11,50499939;-7,00049162
-11,49999939;-7,93399334
-11,49499939;-7,46647358
-11,48999939;-7,00049162
-11,48499939;-7,00049162
-11,47999939;-6,06699038
-11,47499939;-5,59947062
-11,46999939;-4,19998741
-11,46499939;-3,73246789
-11,45999939;-3,26648593
-11,45499939;-1,86546493
-11,44999939;-0,93196350
-11,44499939;-0,46598175
-11,43999939;0,46598175
-11,43499939;1,39948320
-11,42999939;1,86546493
-11,42499939;1,39948320
-11,41999940;-3,73246789
-11,41499940;1,39948320
-11,40999940;1,39948320
-11,40499940;1,39948320
-11,39999940;0,93196350
-11,39499940;0,93196350
-11,38999940;0,00000000
-11,38499940;0,00000000
-11,37999940;0,46598175
-11,37499940;-0,93196350
-11,36999940;-1,39948320
-11,36499940;0,00000000
-11,35999940;-0,93196350
-11,35499940;-0,93196350
-11,34999940;-1,39948320
-11,34499940;-0,46598175
-11,33999940;0,00000000
-11,33499940;0,00000000
-11,32999940;0,00000000
-11,32499940;0,00000000
-11,31999940;0,00000000
-11,31499940;-0,46598175
-11,30999940;-0,46598175
-11,30499940;0,46598175
-11,29999940;0,93196350
-11,29499940;0,93196350
-11,28999940;0,00000000
-11,28499940;0,46598175
-11,27999940;0,93196350
-11,27499940;1,86546493
-11,26999940;2,33298445
-11,26499940;2,33298445
-11,25999940;2,79896641
-11,25499940;3,73246789
-11,24999940;3,26648593
-11,24499940;3,73246789
-11,23999940;3,73246789
-11,23499940;4,19998741
-11,22999940;4,19998741
-11,22499940;4,19998741
-11,21999940;4,19998741
-11,21499940;3,26648593
-11,20999940;2,33298445
-11,20499940;2,33298445
-11,19999940;2,33298445
-11,19499940;2,33298445
-11,18999940;2,33298445
-11,18499940;2,33298445
-11,17999940;2,33298445
-11,17499940;2,33298445
-11,16999940;1,86546493
-11,16499940;2,79896641
-11,15999940;3,26648593
-11,15499940;4,19998741
-11,14999940;3,73246789
-11,14499940;4,66596889
-11,13999940;3,73246789
-11,13499940;3,73246789
-11,12999940;4,19998741
-11,12499940;3,26648593
-11,11999940;3,26648593
-11,11499940;3,26648593
-11,10999940;3,26648593
-11,10499940;2,79896641
-11,09999940;3,26648593
-11,09499940;2,33298445
-11,08999940;2,33298445
-11,08499940;1,86546493
-11,07999940;1,39948320
-11,07499940;0,93196350
-11,06999940;1,39948320
-11,06499940;1,39948320
-11,05999940;2,33298445
-11,05499940;1,86546493
-11,04999940;1,86546493
-11,04499940;2,79896641
-11,03999940;2,79896641
-11,03499940;2,79896641
-11,02999940;3,26648593
-11,02499940;2,33298445
-11,01999941;2,33298445
-11,01499941;4,19998741
-11,00999941;4,19998741
-11,00499941;4,19998741
-10,99999941;4,19998741
-10,99499941;4,66596889
-10,98999941;5,13348866
-10,98499941;5,13348866
-10,97999941;5,13348866
-10,97499941;4,19998741
-10,96999941;4,66596889
-10,96499941;6,06699038
-10,95999941;5,13348866
-10,95499941;5,59947062
-10,94999941;5,13348866
-10,94499941;5,59947062
-10,93999941;4,66596889
-10,93499941;6,06699038
-10,92999941;5,13348866
-10,92499941;4,66596889
-10,91999941;5,59947062
-10,91499941;5,13348866
-10,90999941;4,19998741
-10,90499941;5,13348866
-10,89999941;5,13348866
-10,89499941;4,19998741
-10,88999941;4,66596889
-10,88499941;4,66596889
-10,87999941;4,19998741
-10,87499941;5,13348866
-10,86999941;4,19998741
-10,86499941;4,19998741
-10,85999941;4,19998741
-10,85499941;4,19998741
-10,84999941;4,19998741
-10,84499941;4,19998741
-10,83999941;4,66596889
-10,83499941;3,26648593
-10,82999941;2,79896641
-10,82499941;4,19998741
-10,81999941;4,19998741
-10,81499941;3,73246789
-10,80999941;3,73246789
-10,80499941;4,66596889
-10,79999941;4,66596889
-10,79499941;5,13348866
-10,78999941;4,19998741
-10,78499941;5,13348866
-10,77999941;4,66596889
-10,77499941;5,59947062
-10,76999941;4,66596889
-10,76499941;5,59947062
-10,75999941;5,13348866
-10,75499941;5,13348866
-10,74999941;4,19998741
-10,74499941;4,66596889
-10,73999941;4,66596889
-10,73499941;4,66596889
-10,72999941;4,19998741
-10,72499941;4,19998741
-10,71999941;4,66596889
-10,71499941;4,66596889
-10,70999941;4,66596889
-10,70499941;5,13348866
-10,69999941;4,66596889
-10,69499941;4,66596889
-10,68999941;4,66596889
-10,68499941;5,13348866
-10,67999941;5,13348866
-10,67499941;7,46647358
-10,66999941;5,13348866
-10,66499941;5,13348866
-10,65999941;4,66596889
-10,65499941;4,19998741
-10,64999941;4,19998741
-10,64499941;4,19998741
-10,63999941;4,19998741
-10,63499941;3,26648593
-10,62999941;3,26648593
-10,62499942;3,73246789
-10,61999942;3,26648593
-10,61499942;2,79896641
-10,60999942;3,26648593
-10,60499942;3,26648593
-10,59999942;3,73246789
-10,59499942;3,73246789
-10,58999942;4,66596889
-10,58499942;2,79896641
-10,57999942;4,19998741
-10,57499942;3,73246789
-10,56999942;4,19998741
-10,56499942;4,19998741
-10,55999942;5,13348866
-10,55499942;5,13348866
-10,54999942;4,19998741
-10,54499942;4,19998741
-10,53999942;4,19998741
-10,53499942;3,26648593
-10,52999942;3,73246789
-10,52499942;2,79896641
-10,51999942;3,73246789
-10,51499942;3,26648593
-10,50999942;3,73246789
-10,50499942;3,26648593
-10,49999942;2,79896641
-10,49499942;2,79896641
-10,48999942;2,79896641
-10,48499942;2,79896641
-10,47999942;3,26648593
-10,47499942;3,73246789
-10,46999942;2,79896641
-10,46499942;2,33298445
-10,45999942;1,86546493
-10,45499942;1,86546493
-10,44999942;0,46598175
-10,44499942;1,39948320
-10,43999942;0,00000000
-10,43499942;-1,39948320
-10,42999942;0,00000000
-10,42499942;0,00000000
-10,41999942;-1,39948320
-10,41499942;-0,93196350
-10,40999942;-1,86546493
-10,40499942;-1,86546493
-10,39999942;-3,26648593
-10,39499942;-3,73246789
-10,38999942;-3,73246789
-10,38499942;-3,73246789
-10,37999942;-5,59947062
-10,37499942;-4,66596889
-10,36999942;-6,53297186
-10,36499942;-5,59947062
-10,35999942;-6,53297186
-10,35499942;-6,53297186
-10,34999942;-6,53297186
-10,34499942;-7,00049162
-10,33999942;-7,46647358
-10,33499942;-7,93399334
-10,32999942;-6,53297186
-10,32499942;-7,00049162
-10,31999942;-7,00049162
-10,31499942;-5,59947062
-10,30999942;-5,13348866
-10,30499942;-4,19998741
-10,29999942;-3,26648593
-10,29499942;-3,26648593
-10,28999942;-1,86546493
-10,28499942;-1,86546493
-10,27999942;0,00000000
-10,27499942;0,46598175
-10,26999942;0,00000000
-10,26499942;0,00000000
-10,25999942;0,46598175
-10,25499942;0,46598175
-10,24999942;0,00000000
-10,24499942;1,86546493
-10,23999942;0,46598175
-10,23499942;0,46598175
-10,22999943;-0,46598175
-10,22499943;-0,46598175
-10,21999943;0,00000000
-10,21499943;-0,46598175
-10,20999943;-0,93196350
-10,20499943;-0,46598175
-10,19999943;-0,46598175
-10,19499943;-0,46598175
-10,18999943;1,39948320
-10,18499943;1,86546493
-10,17999943;1,39948320
-10,17499943;0,93196350
-10,16999943;1,86546493
-10,16499943;0,93196350
-10,15999943;1,86546493
-10,15499943;0,93196350
-10,14999943;1,86546493
-10,14499943;2,79896641
-10,13999943;1,86546493
-10,13499943;3,26648593
-10,12999943;2,33298445
-10,12499943;2,33298445
-10,11999943;3,26648593
-10,11499943;4,19998741
-10,10999943;4,19998741
-10,10499943;4,19998741
-10,09999943;5,13348866
-10,09499943;5,59947062
-10,08999943;5,13348866
-10,08499943;7,00049162
-10,07999943;5,59947062
-10,07499943;6,06699038
-10,06999943;5,59947062
-10,06499943;6,06699038
-10,05999943;6,06699038
-10,05499943;5,13348866
-10,04999943;4,66596889
-10,04499943;5,13348866
-10,03999943;4,66596889
-10,03499943;4,19998741
-10,02999943;3,73246789
-10,02499943;4,66596889
-10,01999943;4,19998741
-10,01499943;4,19998741
-10,00999943;4,66596889
-10,00499943;3,73246789
-9,99999943;4,19998741
-9,99499943;4,19998741
-9,98999943;4,19998741
-9,98499943;4,66596889
-9,97999943;4,66596889
-9,97499943;2,79896641
-9,96999943;3,26648593
-9,96499943;2,79896641
-9,95999943;2,33298445
-9,95499943;1,39948320
-9,94999943;2,33298445
-9,94499943;0,93196350
-9,93999943;0,46598175
-9,93499943;0,00000000
-9,92999943;-0,93196350
-9,92499943;-1,39948320
-9,91999943;-1,39948320
-9,91499943;-1,86546493
-9,90999943;-1,86546493
-9,90499943;-2,33298445
-9,89999943;-3,26648593
-9,89499943;-2,33298445
-9,88999943;-4,19998741
-9,88499943;-3,26648593
-9,87999943;-4,66596889
-9,87499943;-3,73246789
-9,86999943;-5,59947062
-9,86499943;-3,26648593
-9,85999943;-4,19998741
-9,85499943;-4,19998741
-9,84999943;-4,66596889
-9,84499943;-4,66596889
-9,83999943;-5,13348866
-9,83499944;-4,19998741
-9,82999944;-3,26648593
-9,82499944;-3,73246789
-9,81999944;-3,26648593
-9,81499944;-3,73246789
-9,80999944;-2,79896641
-9,80499944;-2,79896641
-9,79999944;-2,33298445
-9,79499944;-2,33298445
-9,78999944;-2,33298445
-9,78499944;-2,79896641
-9,77999944;-3,26648593
-9,77499944;-2,79896641
-9,76999944;-1,39948320
-9,76499944;-4,19998741
-9,75999944;-5,59947062
-9,75499944;-4,66596889
-9,74999944;-3,73246789
-9,74499944;-5,13348866
-9,73999944;-6,06699038
-9,73499944;-5,59947062
-9,72999944;-5,59947062
-9,72499944;-6,06699038
-9,71999944;-5,59947062
-9,71499944;-5,59947062
-9,70999944;-5,59947062
-9,70499944;-6,06699038
-9,69999944;-6,53297186
-9,69499944;-6,06699038
-9,68999944;-6,06699038
-9,68499944;-5,13348866
-9,67999944;-5,13348866
-9,67499944;-5,13348866
-9,66999944;-5,59947062
-9,66499944;-6,06699038
-9,65999944;-7,00049162
-9,65499944;-6,06699038
-9,64999944;-6,06699038
-9,64499944;-7,46647358
-9,63999944;-6,06699038
-9,63499944;-7,00049162
-9,62999944;-8,86749458
-9,62499944;-8,39997482
-9,61999944;-9,33347607
-9,61499944;-9,33347607
-9,60999944;-9,80099583
-9,60499944;-9,80099583
-9,59999944;-10,73449707
-9,59499944;-10,26697731
-9,58999944;-9,33347607
-9,58499944;-11,66799831
-9,57999944;-10,26697731
-9,57499944;-8,86749458
-9,56999944;0,46598175
-9,56499944;-8,86749458
-9,55999944;-8,86749458
-9,55499944;-7,93399334
-9,54999944;-7,46647358
-9,54499944;-7,00049162
-9,53999944;-6,53297186
-9,53499944;-7,00049162
-9,52999944;-5,59947062
-9,52499944;-6,06699038
-9,51999944;-5,13348866
-9,51499944;-5,59947062
-9,50999944;-5,59947062
-9,50499944;-5,13348866
-9,49999944;-7,00049162
-9,49499944;-6,06699038
-9,48999944;-5,59947062
-9,48499944;-6,53297186
-9,47999944;-7,46647358
-9,47499944;-7,46647358
-9,46999944;-7,00049162
-9,46499944;-7,93399334
-9,45999944;-7,46647358
-9,45499944;-8,39997482
-9,44999944;-7,46647358
-9,44499944;-7,00049162
-9,43999945;-7,93399334
-9,43499945;-7,46647358
-9,42999945;-7,93399334
-9,42499945;-7,00049162
-9,41999945;-6,53297186
-9,41499945;-6,06699038
-9,40999945;-6,53297186
-9,40499945;-6,06699038
-9,39999945;-5,59947062
-9,39499945;-6,06699038
-9,38999945;-5,59947062
-9,38499945;-5,59947062
-9,37999945;-5,59947062
-9,37499945;-4,19998741
-9,36999945;-2,79896641
-9,36499945;-3,73246789
-9,35999945;-4,19998741
-9,35499945;-4,19998741
-9,34999945;-1,86546493
-9,34499945;-2,79896641
-9,33999945;-1,86546493
-9,33499945;-2,79896641
-9,32999945;-1,86546493
-9,32499945;-1,86546493
-9,31999945;-2,79896641
-9,31499945;-2,33298445
-9,30999945;-2,79896641
-9,30499945;-2,79896641
-9,29999945;-2,79896641
-9,29499945;-3,73246789
-9,28999945;-2,79896641
-9,28499945;-3,26648593
-9,27999945;-3,26648593
-9,27499945;-2,79896641
-9,26999945;-3,26648593
-9,26499945;-2,33298445
-9,25999945;-1,86546493
-9,25499945;-2,33298445
-9,24999945;-1,86546493
-9,24499945;-2,79896641
-9,23999945;-3,26648593
-9,23499945;-3,73246789
-9,22999945;-3,73246789
-9,22499945;-5,13348866
-9,21999945;-4,19998741
-9,21499945;-5,13348866
-9,20999945;-5,59947062
-9,20499945;-6,06699038
-9,19999945;-6,53297186
-9,19499945;-8,39997482
-9,18999945;-7,93399334
-9,18499945;-8,39997482
-9,17999945;-7,93399334
-9,17499945;-7,46647358
-9,16999945;-9,33347607
-9,16499945;-7,93399334
-9,15999945;-7,46647358
-9,15499945;-8,39997482
-9,14999945;-7,46647358
-9,14499945;-7,46647358
-9,13999945;-6,53297186
-9,13499945;-7,00049162
-9,12999945;-6,06699038
-9,12499945;-6,06699038
-9,11999945;-6,53297186
-9,11499945;-7,00049162
-9,10999945;-7,00049162
-9,10499945;-7,00049162
-9,09999945;-6,53297186
-9,09499945;-6,53297186
-9,08999945;-6,53297186
-9,08499945;-6,06699038
-9,07999945;-6,53297186
-9,07499945;-6,06699038
-9,06999945;-6,53297186
-9,06499945;-7,00049162
-9,05999945;-6,53297186
-9,05499945;-6,06699038
-9,04999945;-7,93399334
-9,04499945;-5,13348866
-9,03999946;-6,53297186
-9,03499946;-6,53297186
-9,02999946;-7,00049162
-9,02499946;-7,00049162
-9,01999946;-7,00049162
-9,01499946;-7,00049162
-9,00999946;-7,93399334
-9,00499946;-7,93399334
-8,99999946;-8,86749458
-8,99499946;-8,86749458
-8,98999946;-8,86749458
-8,98499946;-7,93399334
-8,97999946;-8,39997482
-8,97499946;-8,39997482
-8,96999946;-7,46647358
-8,96499946;-7,93399334
-8,95999946;-8,86749458
-8,95499946;-7,93399334
-8,94999946;-9,33347607
-8,94499946;-8,86749458
-8,93999946;-7,46647358
-8,93499946;-8,86749458
-8,92999946;-9,33347607
-8,92499946;-9,80099583
-8,91999946;-10,26697731
-8,91499946;-9,80099583
-8,90999946;-10,26697731
-8,90499946;-10,26697731
-8,89999946;-10,73449707
-8,89499946;-9,33347607
-8,88999946;-10,73449707
-8,88499946;-9,33347607
-8,87999946;-10,26697731
-8,87499946;-9,33347607
-8,86999946;-9,33347607
-8,86499946;-9,33347607
-8,85999946;-9,33347607
-8,85499946;-8,86749458
-8,84999946;-9,33347607
-8,84499946;-8,86749458
-8,83999946;-9,33347607
-8,83499946;-8,86749458
-8,82999946;-8,86749458
-8,82499946;-8,86749458
-8,81999946;-8,39997482
-8,81499946;-8,86749458
-8,80999946;-8,39997482
-8,80499946;-7,93399334
-8,79999946;-8,86749458
-8,79499946;-8,86749458
-8,78999946;-8,39997482
-8,78499946;-8,39997482
-8,77999946;-8,86749458
-8,77499946;-8,86749458
-8,76999946;-8,39997482
-8,76499946;-9,33347607
-8,75999946;-9,33347607
-8,75499946;-7,93399334
-8,74999946;-7,93399334
-8,74499946;-9,80099583
-8,73999946;-8,86749458
-8,73499946;-9,33347607
-8,72999946;-8,86749458
-8,72499946;-9,33347607
-8,71999946;-9,33347607
-8,71499946;-9,33347607
-8,70999946;-9,80099583
-8,70499946;-9,33347607
-8,69999946;-10,26697731
-8,69499946;-9,33347607
-8,68999946;-9,80099583
-8,68499946;-8,86749458
-8,67999946;-9,33347607
-8,67499946;-9,33347607
-8,66999946;-8,86749458
-8,66499946;-7,93399334
-8,65999946;-8,86749458
-8,65499946;-8,39997482
-8,64999946;-8,86749458
-8,64499947;-7,46647358
-8,63999947;-8,86749458
-8,63499947;-8,39997482
-8,62999947;-9,33347607
-8,62499947;-10,26697731
-8,61999947;-9,33347607
-8,61499947;-9,80099583
-8,60999947;-9,33347607
-8,60499947;-9,33347607
-8,59999947;-8,86749458
-8,59499947;-9,80099583
-8,58999947;-9,80099583
-8,58499947;-9,33347607
-8,57999947;-9,80099583
-8,57499947;-9,33347607
-8,56999947;-9,80099583
-8,56499947;-9,80099583
-8,55999947;-9,33347607
-8,55499947;-9,80099583
-8,54999947;-9,33347607
-8,54499947;-9,33347607
-8,53999947;-9,80099583
-8,53499947;-9,80099583
-8,52999947;-10,73449707
-8,52499947;-10,26697731
-8,51999947;-10,26697731
-8,51499947;-11,20047951
-8,50999947;-6,53297186
-8,50499947;-11,66799831
-8,49999947;-11,66799831
-8,49499947;-11,66799831
-8,48999947;-12,60150051
-8,48499947;-13,53500175
-8,47999947;-13,53500175
-8,47499947;-13,53500175
-8,46999947;-13,53500175
-8,46499947;-13,06748199
-8,45999947;-14,46850300
-8,45499947;-14,93448448
-8,44999947;-15,40046692
-8,44499947;-15,86798668
-8,43999947;-15,86798668
-8,43499947;-16,33396912
-8,42999947;-16,33396912
-8,42499947;-17,26746941
-8,41999947;-16,80148888
-8,41499947;-16,33396912
-8,40999947;-15,86798668
-8,40499947;-15,40046692
-8,39999947;-16,33396912
-8,39499947;-14,46850300
-8,38999947;-14,46850300
-8,38499947;-13,53500175
-8,37999947;-12,13398075
-8,37499947;-11,20047951
-8,36999947;-9,80099583
-8,36499947;-10,26697731
-8,35999947;-10,26697731
-8,35499947;-9,80099583
-8,34999947;-9,80099583
-8,34499947;-10,26697731
-8,33999947;-10,73449707
-8,33499947;-10,26697731
-8,32999947;-10,26697731
-8,32499947;-11,66799831
-8,31999947;-11,66799831
-8,31499947;-11,20047951
-8,30999947;-11,66799831
-8,30499947;-11,20047951
-8,29999947;-11,20047951
-8,29499947;-11,20047951
-8,28999947;-9,80099583
-8,28499947;-10,26697731
-8,27999947;-9,33347607
-8,27499947;-10,26697731
-8,26999947;-8,86749458
-8,26499947;-9,33347607
-8,25999947;-8,86749458
-8,25499947;-9,80099583
-8,24999948;-8,86749458
-8,24499948;-9,33347607
-8,23999948;-9,33347607
-8,23499948;-9,33347607
-8,22999948;-9,33347607
-8,22499948;-8,39997482
-8,21999948;-8,39997482
-8,21499948;-7,46647358
-8,20999948;-7,46647358
-8,20499948;-6,06699038
-8,19999948;-7,00049162
-8,19499948;-5,59947062
-8,18999948;-5,59947062
-8,18499948;-4,19998741
-8,17999948;-4,19998741
-8,17499948;-4,19998741
-8,16999948;-4,19998741
-8,16499948;-3,26648593
-8,15999948;-4,19998741
-8,15499948;-4,19998741
-8,14999948;-4,66596889
-8,14499948;-3,73246789
-8,13999948;-4,66596889
-8,13499948;-5,13348866
-8,12999948;-5,59947062
-8,12499948;-5,59947062
-8,11999948;-5,13348866
-8,11499948;-5,59947062
-8,10999948;-6,06699038
-8,10499948;-5,13348866
-8,09999948;-5,13348866
-8,09499948;-6,06699038
-8,08999948;-4,66596889
-8,08499948;-4,19998741
-8,07999948;-5,13348866
-8,07499948;-4,66596889
-8,06999948;-3,73246789
-8,06499948;-4,66596889
-8,05999948;-4,66596889
-8,05499948;-5,13348866
-8,04999948;-5,13348866
-8,04499948;-6,06699038
-8,03999948;-5,59947062
-8,03499948;-7,00049162
-8,02999948;-6,53297186
-8,02499948;-7,93399334
-8,01999948;-7,93399334
-8,01499948;-8,39997482
-8,00999948;-7,46647358
-8,00499948;-8,39997482
-7,99999948;-7,93399334
-7,99499948;-7,93399334
-7,98999948;-7,93399334
-7,98499948;-6,53297186
-7,97999948;-7,00049162
-7,97499948;-7,93399334
-7,96999948;-7,46647358
-7,96499948;-8,86749458
-7,95999948;-7,46647358
-7,95499948;-7,00049162
-7,94999948;-8,86749458
-7,94499948;-8,86749458
-7,93999948;-9,33347607
-7,93499948;-8,86749458
-7,92999948;-8,86749458
-7,92499948;-8,86749458
-7,91999948;-9,33347607
-7,91499948;-8,39997482
-7,90999948;-8,39997482
-7,90499948;-7,46647358
-7,89999948;-7,93399334
-7,89499948;-7,46647358
-7,88999948;-6,53297186
-7,88499948;-6,53297186
-7,87999948;-6,06699038
-7,87499948;-6,53297186
-7,86999948;-6,53297186
-7,86499948;-6,06699038
-7,85999948;-5,13348866
-7,85499949;-6,06699038
-7,84999949;-6,06699038
-7,84499949;-6,53297186
-7,83999949;-7,00049162
-7,83499949;-7,46647358
-7,82999949;-7,93399334
-7,82499949;-7,93399334
-7,81999949;-8,39997482
-7,81499949;-7,93399334
-7,80999949;-7,46647358
-7,80499949;-7,93399334
-7,79999949;-7,93399334
-7,79499949;-7,93399334
-7,78999949;-7,46647358
-7,78499949;-7,93399334
-7,77999949;-7,93399334
-7,77499949;-6,53297186
-7,76999949;-7,46647358
-7,76499949;-7,93399334
-7,75999949;-7,46647358
-7,75499949;-7,46647358
-7,74999949;-8,39997482
-7,74499949;-8,86749458
-7,73999949;-8,39997482
-7,73499949;-8,39997482
-7,72999949;-8,86749458
-7,72499949;-9,80099583
-7,71999949;-18,66848946
-7,71499949;-9,33347607
-7,70999949;-9,33347607
-7,70499949;-10,26697731
-7,69999949;-8,86749458
-7,69499949;-9,80099583
-7,68999949;-8,39997482
-7,68499949;-9,33347607
-7,67999949;-8,39997482
-7,67499949;-7,93399334
-7,66999949;-7,46647358
-7,66499949;-7,46647358
-7,65999949;-6,53297186
-7,65499949;-7,00049162
-7,64999949;-6,06699038
-7,64499949;-6,53297186
-7,63999949;-5,59947062
-7,63499949;-4,66596889
-7,62999949;-4,66596889
-7,62499949;-5,59947062
-7,61999949;-4,19998741
-7,61499949;-5,13348866
-7,60999949;-5,13348866
-7,60499949;-5,13348866
-7,59999949;-4,66596889
-7,59499949;-5,13348866
-7,58999949;-5,59947062
-7,58499949;-4,66596889
-7,57999949;-4,66596889
-7,57499949;-5,13348866
-7,56999949;-6,06699038
-7,56499949;-6,06699038
-7,55999949;-6,06699038
-7,55499949;-5,13348866
-7,54999949;-6,53297186
-7,54499949;-6,06699038
-7,53999949;-6,53297186
-7,53499949;-6,06699038
-7,52999949;-7,93399334
-7,52499949;-6,06699038
-7,51999949;-6,06699038
-7,51499949;-7,00049162
-7,50999949;-6,53297186
-7,50499949;-6,53297186
-7,49999949;-6,06699038
-7,49499949;-5,59947062
-7,48999949;-4,66596889
-7,48499949;-6,53297186
-7,47999949;-4,66596889
-7,47499949;-4,19998741
-7,46999949;-3,26648593
-7,46499949;-3,73246789
-7,45999950;-1,86546493
-7,45499950;-1,86546493
-7,44999950;-1,39948320
-7,44499950;-1,86546493
-7,43999950;0,93196350
-7,43499950;0,93196350
-7,42999950;2,79896641
-7,42499950;2,33298445
-7,41999950;2,79896641
-7,41499950;3,26648593
-7,40999950;4,19998741
-7,40499950;3,73246789
-7,39999950;4,19998741
-7,39499950;4,19998741
-7,38999950;4,66596889
-7,38499950;3,26648593
-7,37999950;3,26648593
-7,37499950;4,19998741
-7,36999950;4,19998741
-7,36499950;4,19998741
-7,35999950;4,19998741
-7,35499950;4,66596889
-7,34999950;5,13348866
-7,34499950;5,59947062
-7,33999950;5,13348866
-7,33499950;6,06699038
-7,32999950;6,53297186
-7,32499950;6,53297186
-7,31999950;6,06699038
-7,31499950;6,53297186
-7,30999950;6,53297186
-7,30499950;5,13348866
-7,29999950;5,13348866
-7,29499950;3,73246789
-7,28999950;3,26648593
-7,28499950;3,73246789
-7,27999950;3,26648593
-7,27499950;2,79896641
-7,26999950;2,79896641
-7,26499950;3,73246789
-7,25999950;2,79896641
-7,25499950;3,73246789
-7,24999950;3,26648593
-7,24499950;3,26648593
-7,23999950;4,19998741
-7,23499950;3,73246789
-7,22999950;4,66596889
-7,22499950;5,13348866
-7,21999950;5,13348866
-7,21499950;4,66596889
-7,20999950;5,13348866
-7,20499950;4,66596889
-7,19999950;4,66596889
-7,19499950;4,19998741
-7,18999950;4,66596889
-7,18499950;4,19998741
-7,17999950;3,73246789
-7,17499950;5,13348866
-7,16999950;4,19998741
-7,16499950;4,19998741
-7,15999950;4,19998741
-7,15499950;3,73246789
-7,14999950;4,66596889
-7,14499950;4,19998741
-7,13999950;4,66596889
-7,13499950;4,66596889
-7,12999950;4,19998741
-7,12499950;4,66596889
-7,11999950;3,26648593
-7,11499950;3,73246789
-7,10999950;3,73246789
-7,10499950;2,79896641
-7,09999950;3,26648593
-7,09499950;3,73246789
-7,08999950;3,73246789
-7,08499950;3,73246789
-7,07999950;4,19998741
-7,07499950;3,73246789
-7,06999950;3,26648593
-7,06499951;3,73246789
-7,05999951;4,19998741
-7,05499951;4,19998741
-7,04999951;4,19998741
-7,04499951;5,13348866
-7,03999951;4,19998741
-7,03499951;4,19998741
-7,02999951;4,66596889
-7,02499951;5,13348866
-7,01999951;4,19998741
-7,01499951;5,13348866
-7,00999951;4,19998741
-7,00499951;4,19998741
-6,99999951;4,19998741
-6,99499951;3,73246789
-6,98999951;3,26648593
-6,98499951;3,73246789
-6,97999951;4,19998741
-6,97499951;3,73246789
-6,96999951;4,19998741
-6,96499951;4,66596889
-6,95999951;4,66596889
-6,95499951;5,59947062
-6,94999951;5,13348866
-6,94499951;6,06699038
-6,93999951;6,06699038
-6,93499951;7,00049162
-6,92999951;7,46647358
-6,92499951;7,93399334
-6,91999951;7,93399334
-6,91499951;8,39997482
-6,90999951;9,33347607
-6,90499951;10,26697731
-6,89999951;9,33347607
-6,89499951;9,80099583
-6,88999951;10,26697731
-6,88499951;9,80099583
-6,87999951;10,73449707
-6,87499951;10,26697731
-6,86999951;9,80099583
-6,86499951;10,73449707
-6,85999951;9,80099583
-6,85499951;9,33347607
-6,84999951;10,26697731
-6,84499951;10,26697731
-6,83999951;9,33347607
-6,83499951;9,80099583
-6,82999951;10,26697731
-6,82499951;10,26697731
-6,81999951;10,73449707
-6,81499951;10,26697731
-6,80999951;8,86749458
-6,80499951;9,80099583
-6,79999951;9,80099583
-6,79499951;9,80099583
-6,78999951;10,73449707
-6,78499951;11,20047951
-6,77999951;11,20047951
-6,77499951;11,20047951
-6,76999951;13,06748199
-6,76499951;11,66799831
-6,75999951;12,13398075
-6,75499951;13,06748199
-6,74999951;11,66799831
-6,74499951;11,66799831
-6,73999951;12,60150051
-6,73499951;11,66799831
-6,72999951;11,66799831
-6,72499951;12,13398075
-6,71999951;11,66799831
-6,71499951;11,20047951
-6,70999951;11,20047951
-6,70499951;11,20047951
-6,69999951;11,20047951
-6,69499951;12,13398075
-6,68999951;11,20047951
-6,68499951;10,73449707
-6,67999951;10,73449707
-6,67499951;11,20047951
-6,66999951;10,73449707
-6,66499952;10,73449707
-6,65999952;10,26697731
-6,65499952;10,73449707
-6,64999952;10,73449707
-6,64499952;10,26697731
-6,63999952;7,00049162
-6,63499952;10,73449707
-6,62999952;9,80099583
-6,62499952;9,33347607
-6,61999952;9,80099583
-6,61499952;9,80099583
-6,60999952;9,80099583
-6,60499952;7,93399334
-6,59999952;7,93399334
-6,59499952;9,33347607
-6,58999952;8,86749458
-6,58499952;9,33347607
-6,57999952;7,93399334
-6,57499952;8,86749458
-6,56999952;8,39997482
-6,56499952;8,39997482
-6,55999952;7,46647358
-6,55499952;6,53297186
-6,54999952;7,00049162
-6,54499952;7,46647358
-6,53999952;7,00049162
-6,53499952;5,13348866
-6,52999952;4,66596889
-6,52499952;3,73246789
-6,51999952;4,19998741
-6,51499952;4,19998741
-6,50999952;3,73246789
-6,50499952;4,19998741
-6,49999952;4,66596889
-6,49499952;4,19998741
-6,48999952;5,59947062
-6,48499952;5,59947062
-6,47999952;7,00049162
-6,47499952;7,93399334
-6,46999952;7,46647358
-6,46499952;10,73449707
-6,45999952;12,13398075
-6,45499952;12,13398075
-6,44999952;12,60150051
-6,44499952;14,00098324
-6,43999952;14,46850300
-6,43499952;14,00098324
-6,42999952;14,46850300
-6,42499952;13,06748199
-6,41999952;13,06748199
-6,41499952;11,66799831
-6,40999952;11,66799831
-6,40499952;11,20047951
-6,39999952;10,73449707
-6,39499952;10,26697731
-6,38999952;11,20047951
-6,38499952;10,73449707
-6,37999952;11,20047951
-6,37499952;10,73449707
-6,36999952;11,20047951
-6,36499952;29,40298843
-6,35999952;11,20047951
-6,35499952;11,66799831
-6,34999952;11,20047951
-6,34499952;11,20047951
-6,33999952;9,80099583
-6,33499952;11,20047951
-6,32999952;18,66848946
-6,32499952;10,73449707
-6,31999952;10,73449707
-6,31499952;11,20047951
-6,30999952;11,20047951
-6,30499952;11,66799831
-6,29999952;11,66799831
-6,29499952;12,13398075
-6,28999952;13,06748199
-6,28499952;13,53500175
-6,27999952;14,46850300
-6,27499952;14,46850300
-6,26999953;15,40046692
-6,26499953;15,40046692
-6,25999953;15,40046692
-6,25499953;16,33396912
-6,24999953;15,86798668
-6,24499953;15,86798668
-6,23999953;15,40046692
-6,23499953;15,40046692
-6,22999953;15,40046692
-6,22499953;14,93448448
-6,21999953;14,00098324
-6,21499953;14,46850300
-6,20999953;14,93448448
-6,20499953;15,40046692
-6,19999953;16,33396912
-6,19499953;16,33396912
-6,18999953;16,33396912
-6,18499953;17,26746941
-6,17999953;17,73498917
-6,17499953;18,20096970
-6,16999953;18,66848946
-6,16499953;18,66848946
-6,15999953;19,13447189
-6,15499953;19,13447189
-6,14999953;19,60199165
-6,14499953;19,13447189
-6,13999953;19,60199165
-6,13499953;18,66848946
-6,12999953;19,13447189
-6,12499953;19,13447189
-6,11999953;17,26746941
-6,11499953;17,73498917
-6,10999953;18,66848946
-6,10499953;18,66848946
-6,09999953;17,73498917
-6,09499953;17,73498917
-6,08999953;17,26746941
-6,08499953;16,80148888
-6,07999953;16,80148888
-6,07499953;15,86798668
-6,06999953;15,86798668
-6,06499953;15,86798668
-6,05999953;15,40046692
-6,05499953;15,40046692
-6,04999953;15,40046692
-6,04499953;14,93448448
-6,03999953;14,46850300
-6,03499953;13,53500175
-6,02999953;14,00098324
-6,02499953;14,00098324
-6,01999953;14,00098324
-6,01499953;14,00098324
-6,00999953;13,53500175
-6,00499953;15,40046692
-5,99999953;14,93448448
-5,99499953;15,86798668
-5,98999953;15,40046692
-5,98499953;15,86798668
-5,97999953;16,33396912
-5,97499953;16,80148888
-5,96999953;16,33396912
-5,96499953;17,73498917
-5,95999953;15,40046692
-5,95499953;14,93448448
-5,94999953;15,86798668
-5,94499953;14,46850300
-5,93999953;13,06748199
-5,93499953;12,60150051
-5,92999953;11,20047951
-5,92499953;12,60150051
-5,91999953;11,20047951
-5,91499953;10,73449707
-5,90999953;11,66799831
-5,90499953;10,73449707
-5,89999953;11,66799831
-5,89499953;11,20047951
-5,88999953;11,20047951
-5,88499953;11,66799831
-5,87999953;10,26697731
-5,87499954;11,66799831
-5,86999954;10,26697731
-5,86499954;10,73449707
-5,85999954;11,20047951
-5,85499954;11,20047951
-5,84999954;11,20047951
-5,84499954;11,20047951
-5,83999954;11,20047951
-5,83499954;9,80099583
-5,82999954;8,86749458
-5,82499954;9,33347607
-5,81999954;9,33347607
-5,81499954;8,86749458
-5,80999954;8,39997482
-5,80499954;9,33347607
-5,79999954;9,33347607
-5,79499954;9,33347607
-5,78999954;8,86749458
-5,78499954;9,80099583
-5,77999954;9,33347607
-5,77499954;9,33347607
-5,76999954;8,86749458
-5,76499954;9,80099583
-5,75999954;9,33347607
-5,75499954;9,80099583
-5,74999954;9,80099583
-5,74499954;10,26697731
-5,73999954;10,26697731
-5,73499954;11,66799831
-5,72999954;10,73449707
-5,72499954;11,66799831
-5,71999954;12,60150051
-5,71499954;12,60150051
-5,70999954;14,00098324
-5,70499954;14,93448448
-5,69999954;14,93448448
-5,69499954;15,40046692
-5,68999954;14,93448448
-5,68499954;15,40046692
-5,67999954;15,86798668
-5,67499954;16,33396912
-5,66999954;16,80148888
-5,66499954;14,93448448
-5,65999954;15,40046692
-5,65499954;14,93448448
-5,64999954;15,40046692
-5,64499954;14,93448448
-5,63999954;15,40046692
-5,63499954;13,53500175
-5,62999954;13,06748199
-5,62499954;13,53500175
-5,61999954;12,60150051
-5,61499954;12,13398075
-5,60999954;12,60150051
-5,60499954;12,60150051
-5,59999954;13,06748199
-5,59499954;13,06748199
-5,58999954;14,00098324
-5,58499954;12,60150051
-5,57999954;14,93448448
-5,57499954;14,46850300
-5,56999954;15,40046692
-5,56499954;14,93448448
-5,55999954;15,40046692
-5,55499954;14,93448448
-5,54999954;17,26746941
-5,54499954;16,80148888
-5,53999954;17,73498917
-5,53499954;18,20096970
-5,52999954;19,13447189
-5,52499954;19,13447189
-5,51999954;19,60199165
-5,51499954;19,60199165
-5,50999954;20,53549385
-5,50499954;20,06797409
-5,49999954;21,46899414
-5,49499954;20,53549385
-5,48999954;20,53549385
-5,48499954;20,06797409
-5,47999955;20,53549385
-5,47499955;19,60199165
-5,46999955;20,06797409
-5,46499955;20,06797409
-5,45999955;20,06797409
-5,45499955;18,66848946
-5,44999955;19,13447189
-5,44499955;18,66848946
-5,43999955;18,66848946
-5,43499955;18,66848946
-5,42999955;17,26746941
-5,42499955;18,20096970
-5,41999955;17,73498917
-5,41499955;17,26746941
-5,40999955;17,26746941
-5,40499955;17,73498917
-5,39999955;18,20096970
-5,39499955;17,26746941
-5,38999955;16,80148888
-5,38499955;17,26746941
-5,37999955;16,33396912
-5,37499955;16,33396912
-5,36999955;15,86798668
-5,36499955;16,33396912
-5,35999955;15,40046692
-5,35499955;14,00098324
-5,34999955;14,46850300
-5,34499955;14,00098324
-5,33999955;14,93448448
-5,33499955;14,93448448
-5,32999955;13,53500175
-5,32499955;13,06748199
-5,31999955;13,06748199
-5,31499955;13,53500175
-5,30999955;12,60150051
-5,30499955;13,06748199
-5,29999955;13,06748199
-5,29499955;13,06748199
-5,28999955;12,60150051
-5,28499955;14,00098324
-5,27999955;13,53500175
-5,27499955;13,53500175
-5,26999955;13,06748199
-5,26499955;12,60150051
-5,25999955;14,00098324
-5,25499955;14,46850300
-5,24999955;15,86798668
-5,24499955;14,46850300
-5,23999955;14,00098324
-5,23499955;14,46850300
-5,22999955;14,93448448
-5,22499955;14,00098324
-5,21999955;14,00098324
-5,21499955;14,46850300
-5,20999955;14,46850300
-5,20499955;14,00098324
-5,19999955;13,53500175
-5,19499955;13,53500175
-5,18999955;13,53500175
-5,18499955;13,06748199
-5,17999955;13,06748199
-5,17499955;11,66799831
-5,16999955;12,13398075
-5,16499955;11,66799831
-5,15999955;12,13398075
-5,15499955;12,13398075
-5,14999955;11,20047951
-5,14499955;11,66799831
-5,13999955;9,80099583
-5,13499955;11,66799831
-5,12999955;11,20047951
-5,12499955;12,60150051
-5,11999955;11,66799831
-5,11499955;12,13398075
-5,10999955;12,60150051
-5,10499955;13,06748199
-5,09999955;13,06748199
-5,09499955;13,06748199
-5,08999955;12,13398075
-5,08499956;13,53500175
-5,07999956;11,66799831
-5,07499956;13,06748199
-5,06999956;13,06748199
-5,06499956;13,53500175
-5,05999956;14,00098324
-5,05499956;14,46850300
-5,04999956;14,46850300
-5,04499956;14,93448448
-5,03999956;15,40046692
-5,03499956;15,40046692
-5,02999956;14,93448448
-5,02499956;15,40046692
-5,01999956;15,86798668
-5,01499956;15,40046692
-5,00999956;14,93448448
-5,00499956;14,93448448
-4,99999956;14,93448448
-4,99499956;14,00098324
-4,98999956;14,93448448
-4,98499956;15,40046692
-4,97999956;14,93448448
-4,97499956;14,93448448
-4,96999956;15,40046692
-4,96499956;15,86798668
-4,95999956;15,40046692
-4,95499956;13,53500175
-4,94999956;14,46850300
-4,94499956;16,33396912
-4,93999956;15,86798668
-4,93499956;15,40046692
-4,92999956;14,46850300
-4,92499956;14,93448448
-4,91999956;14,00098324
-4,91499956;14,00098324
-4,90999956;12,60150051
-4,90499956;13,06748199
-4,89999956;13,53500175
-4,89499956;11,66799831
-4,88999956;12,60150051
-4,88499956;11,20047951
-4,87999956;11,20047951
-4,87499956;11,66799831
-4,86999956;10,73449707
-4,86499956;11,20047951
-4,85999956;11,66799831
-4,85499956;11,66799831
-4,84999956;11,66799831
-4,84499956;11,20047951
-4,83999956;12,13398075
-4,83499956;10,73449707
-4,82999956;10,73449707
-4,82499956;9,33347607
-4,81999956;9,80099583
-4,81499956;11,66799831
-4,80999956;11,20047951
-4,80499956;10,73449707
-4,79999956;10,26697731
-4,79499956;9,80099583
-4,78999956;10,73449707
-4,78499956;10,26697731
-4,77999956;9,80099583
-4,77499956;10,26697731
-4,76999956;11,20047951
-4,76499956;9,80099583
-4,75999956;10,26697731
-4,75499956;10,26697731
-4,74999956;9,33347607
-4,74499956;9,80099583
-4,73999956;8,39997482
-4,73499956;9,80099583
-4,72999956;9,33347607
-4,72499956;10,73449707
-4,71999956;8,39997482
-4,71499956;8,39997482
-4,70999956;7,93399334
-4,70499956;7,00049162
-4,69999956;7,93399334
-4,69499956;6,53297186
-4,68999957;6,06699038
-4,68499957;7,00049162
-4,67999957;6,06699038
-4,67499957;6,53297186
-4,66999957;5,13348866
-4,66499957;5,59947062
-4,65999957;5,59947062
-4,65499957;5,13348866
-4,64999957;5,13348866
-4,64499957;3,73246789
-4,63999957;4,19998741
-4,63499957;2,79896641
-4,62999957;2,33298445
-4,62499957;1,39948320
-4,61999957;0,00000000
-4,61499957;0,93196350
-4,60999957;0,93196350
-4,60499957;0,46598175
-4,59999957;-0,93196350
-4,59499957;-0,46598175
-4,58999957;-0,93196350
-4,58499957;0,00000000
-4,57999957;0,93196350
-4,57499957;1,86546493
-4,56999957;2,79896641
-4,56499957;3,73246789
-4,55999957;3,73246789
-4,55499957;4,66596889
-4,54999957;7,00049162
-4,54499957;7,00049162
-4,53999957;6,53297186
-4,53499957;7,46647358
-4,52999957;8,39997482
-4,52499957;6,53297186
-4,51999957;7,00049162
-4,51499957;7,00049162
-4,50999957;6,06699038
-4,50499957;5,13348866
-4,49999957;5,13348866
-4,49499957;5,59947062
-4,48999957;4,19998741
-4,48499957;5,13348866
-4,47999957;5,13348866
-4,47499957;4,66596889
-4,46999957;5,59947062
-4,46499957;5,59947062
-4,45999957;5,59947062
-4,45499957;4,19998741
-4,44999957;6,53297186
-4,44499957;6,06699038
-4,43999957;5,59947062
-4,43499957;6,53297186
-4,42999957;7,00049162
-4,42499957;6,06699038
-4,41999957;5,59947062
-4,41499957;4,19998741
-4,40999957;5,59947062
-4,40499957;6,06699038
-4,39999957;5,59947062
-4,39499957;5,59947062
-4,38999957;5,59947062
-4,38499957;6,53297186
-4,37999957;6,06699038
-4,37499957;7,00049162
-4,36999957;8,39997482
-4,36499957;8,39997482
-4,35999957;9,33347607
-4,35499957;8,39997482
-4,34999957;9,33347607
-4,34499957;10,26697731
-4,33999957;7,46647358
-4,33499957;8,86749458
-4,32999957;7,93399334
-4,32499957;8,39997482
-4,31999957;7,93399334
-4,31499957;7,00049162
-4,30999957;7,46647358
-4,30499957;6,06699038
-4,29999957;6,53297186
-4,29499957;7,00049162
-4,28999958;7,46647358
-4,28499958;7,46647358
-4,27999958;7,93399334
-4,27499958;7,93399334
-4,26999958;8,39997482
-4,26499958;8,86749458
-4,25999958;9,80099583
-4,25499958;10,26697731
-4,24999958;10,26697731
-4,24499958;10,26697731
-4,23999958;10,26697731
-4,23499958;10,73449707
-4,22999958;9,80099583
-4,22499958;9,80099583
-4,21999958;10,26697731
-4,21499958;10,26697731
-4,20999958;9,33347607
-4,20499958;8,39997482
-4,19999958;7,46647358
-4,19499958;7,93399334
-4,18999958;6,53297186
-4,18499958;6,53297186
-4,17999958;6,53297186
-4,17499958;7,00049162
-4,16999958;5,59947062
-4,16499958;6,53297186
-4,15999958;5,59947062
-4,15499958;6,06699038
-4,14999958;5,59947062
-4,14499958;5,59947062
-4,13999958;5,13348866
-4,13499958;6,06699038
-4,12999958;6,06699038
-4,12499958;5,59947062
-4,11999958;5,59947062
-4,11499958;5,59947062
-4,10999958;-10,26697731
-4,10499958;5,13348866
-4,09999958;4,19998741
-4,09499958;3,73246789
-4,08999958;4,66596889
-4,08499958;4,19998741
-4,07999958;4,66596889
-4,07499958;4,19998741
-4,06999958;4,19998741
-4,06499958;2,79896641
-4,05999958;3,26648593
-4,05499958;2,79896641
-4,04999958;2,79896641
-4,04499958;2,33298445
-4,03999958;1,39948320
-4,03499958;1,39948320
-4,02999958;1,39948320
-4,02499958;0,00000000
-4,01999958;-0,46598175
-4,01499958;-1,86546493
-4,00999958;-1,39948320
-4,00499958;-1,39948320
-3,99999958;-1,39948320
-3,99499958;-2,33298445
-3,98999958;-2,79896641
-3,98499958;-2,33298445
-3,97999958;-2,79896641
-3,97499958;-3,73246789
-3,96999958;-3,73246789
-3,96499958;-3,73246789
-3,95999958;-3,26648593
-3,95499958;-3,26648593
-3,94999958;-2,33298445
-3,94499958;-3,26648593
-3,93999958;-1,39948320
-3,93499958;-3,26648593
-3,92999958;-3,26648593
-3,92499958;-3,73246789
-3,91999958;-2,33298445
-3,91499958;-2,33298445
-3,90999958;-3,26648593
-3,90499958;-3,26648593
-3,89999958;-2,79896641
-3,89499959;-2,79896641
-3,88999959;-3,26648593
-3,88499959;-2,79896641
-3,87999959;-3,26648593
-3,87499959;-3,26648593
-3,86999959;-3,73246789
-3,86499959;-4,19998741
-3,85999959;-3,26648593
-3,85499959;-3,26648593
-3,84999959;-3,26648593
-3,84499959;-3,73246789
-3,83999959;-3,26648593
-3,83499959;-3,26648593
-3,82999959;-2,79896641
-3,82499959;-1,39948320
-3,81999959;-1,39948320
-3,81499959;0,93196350
-3,80999959;0,93196350
-3,80499959;-0,46598175
-3,79999959;2,33298445
-3,79499959;3,73246789
-3,78999959;4,19998741
-3,78499959;4,66596889
-3,77999959;4,66596889
-3,77499959;5,59947062
-3,76999959;5,59947062
-3,76499959;5,13348866
-3,75999959;5,13348866
-3,75499959;4,19998741
-3,74999959;2,33298445
-3,74499959;3,26648593
-3,73999959;2,79896641
-3,73499959;3,73246789
-3,72999959;1,39948320
-3,72499959;1,86546493
-3,71999959;2,33298445
-3,71499959;2,79896641
-3,70999959;2,79896641
-3,70499959;7,00049162
-3,69999959;2,33298445
-3,69499959;2,33298445
-3,68999959;2,33298445
-3,68499959;1,86546493
-3,67999959;1,39948320
-3,67499959;2,33298445
-3,66999959;1,86546493
-3,66499959;1,86546493
-3,65999959;1,39948320
-3,65499959;1,39948320
-3,64999959;1,86546493
-3,64499959;3,73246789
-3,63999959;3,73246789
-3,63499959;2,79896641
-3,62999959;3,26648593
-3,62499959;4,66596889
-3,61999959;3,73246789
-3,61499959;4,19998741
-3,60999959;3,73246789
-3,60499959;5,13348866
-3,59999959;4,19998741
-3,59499959;4,66596889
-3,58999959;3,73246789
-3,58499959;3,73246789
-3,57999959;3,26648593
-3,57499959;3,26648593
-3,56999959;3,26648593
-3,56499959;2,79896641
-3,55999959;3,26648593
-3,55499959;2,33298445
-3,54999959;2,33298445
-3,54499959;1,86546493
-3,53999959;2,33298445
-3,53499959;2,33298445
-3,52999959;1,86546493
-3,52499959;2,79896641
-3,51999959;2,79896641
-3,51499959;2,79896641
-3,50999959;1,86546493
-3,50499959;2,33298445
-3,49999960;1,86546493
-3,49499960;2,33298445
-3,48999960;3,26648593
-3,48499960;2,79896641
-3,47999960;2,79896641
-3,47499960;3,73246789
-3,46999960;2,79896641
-3,46499960;3,26648593
-3,45999960;2,79896641
-3,45499960;2,79896641
-3,44999960;1,86546493
-3,44499960;2,33298445
-3,43999960;1,39948320
-3,43499960;15,86798668
-3,42999960;0,93196350
-3,42499960;-0,46598175
-3,41999960;0,46598175
-3,41499960;0,46598175
-3,40999960;0,93196350
-3,40499960;0,00000000
-3,39999960;0,46598175
-3,39499960;0,93196350
-3,38999960;-0,46598175
-3,38499960;0,93196350
-3,37999960;0,93196350
-3,37499960;0,46598175
-3,36999960;1,39948320
-3,36499960;1,39948320
-3,35999960;1,86546493
-3,35499960;0,93196350
-3,34999960;0,46598175
-3,34499960;2,33298445
-3,33999960;2,33298445
-3,33499960;2,79896641
-3,32999960;2,79896641
-3,32499960;1,39948320
-3,31999960;2,33298445
-3,31499960;1,86546493
-3,30999960;2,33298445
-3,30499960;0,93196350
-3,29999960;1,86546493
-3,29499960;2,79896641
-3,28999960;1,39948320
-3,28499960;1,86546493
-3,27999960;1,39948320
-3,27499960;0,93196350
-3,26999960;1,39948320
-3,26499960;0,46598175
-3,25999960;0,46598175
-3,25499960;0,00000000
-3,24999960;0,93196350
-3,24499960;0,46598175
-3,23999960;-0,93196350
-3,23499960;-0,93196350
-3,22999960;-0,93196350
-3,22499960;-0,93196350
-3,21999960;-1,39948320
-3,21499960;-0,93196350
-3,20999960;-1,39948320
-3,20499960;-0,93196350
-3,19999960;0,00000000
-3,19499960;0,46598175
-3,18999960;0,00000000
-3,18499960;0,46598175
-3,17999960;1,39948320
-3,17499960;0,00000000
-3,16999960;0,93196350
-3,16499960;0,46598175
-3,15999960;1,39948320
-3,15499960;0,93196350
-3,14999960;0,93196350
-3,14499960;0,93196350
-3,13999960;0,46598175
-3,13499960;0,46598175
-3,12999960;0,93196350
-3,12499960;0,00000000
-3,11999960;-0,93196350
-3,11499960;-0,93196350
-3,10999960;-1,39948320
-3,10499961;-1,39948320
-3,09999961;-2,33298445
-3,09499961;-2,79896641
-3,08999961;-2,33298445
-3,08499961;-3,26648593
-3,07999961;-2,33298445
-3,07499961;-2,33298445
-3,06999961;-2,79896641
-3,06499961;-2,79896641
-3,05999961;-2,33298445
-3,05499961;-2,33298445
-3,04999961;-2,33298445
-3,04499961;-1,86546493
-3,03999961;-1,86546493
-3,03499961;-2,33298445
-3,02999961;-5,13348866
-3,02499961;-1,86546493
-3,01999961;-3,26648593
-3,01499961;-3,26648593
-3,00999961;-3,26648593
-3,00499961;-3,73246789
-2,99999961;-4,19998741
-2,99499961;-4,19998741
-2,98999961;-4,19998741
-2,98499961;-4,66596889
-2,97999961;-5,13348866
-2,97499961;-5,13348866
-2,96999961;-6,06699038
-2,96499961;-6,06699038
-2,95999961;-6,06699038
-2,95499961;-6,06699038
-2,94999961;-6,53297186
-2,94499961;-6,53297186
-2,93999961;-7,00049162
-2,93499961;-7,00049162
-2,92999961;-7,00049162
-2,92499961;-7,00049162
-2,91999961;-6,53297186
-2,91499961;-6,53297186
-2,90999961;-6,53297186
-2,90499961;-7,00049162
-2,89999961;-6,06699038
-2,89499961;-5,59947062
-2,88999961;-5,59947062
-2,88499961;-7,00049162
-2,87999961;-7,00049162
-2,87499961;-5,59947062
-2,86999961;-6,06699038
-2,86499961;-13,06748199
-2,85999961;-5,59947062
-2,85499961;-6,06699038
-2,84999961;-6,53297186
-2,84499961;-6,06699038
-2,83999961;-6,06699038
-2,83499961;-6,06699038
-2,82999961;-6,06699038
-2,82499961;-6,53297186
-2,81999961;-7,00049162
-2,81499961;-5,59947062
-2,80999961;-7,00049162
-2,80499961;-7,00049162
-2,79999961;-9,33347607
-2,79499961;-7,93399334
-2,78999961;-8,39997482
-2,78499961;-9,33347607
-2,77999961;-9,33347607
-2,77499961;-10,73449707
-2,76999961;-10,73449707
-2,76499961;-10,26697731
-2,75999961;-12,60150051
-2,75499961;-12,13398075
-2,74999961;-11,20047951
-2,74499961;-12,13398075
-2,73999961;-13,06748199
-2,73499961;-13,06748199
-2,72999961;-13,53500175
-2,72499961;-14,00098324
-2,71999961;-14,00098324
-2,71499961;-15,86798668
-2,70999962;-16,33396912
-2,70499962;-15,86798668
-2,69999962;-16,33396912
-2,69499962;-16,80148888
-2,68999962;-16,80148888
-2,68499962;-16,80148888
-2,67999962;-18,20096970
-2,67499962;-16,80148888
-2,66999962;-15,86798668
-2,66499962;-14,93448448
-2,65999962;-14,46850300
-2,65499962;-14,00098324
-2,64999962;-13,06748199
-2,64499962;-12,60150051
-2,63999962;-11,66799831
-2,63499962;-11,20047951
-2,62999962;-11,66799831
-2,62499962;-10,73449707
-2,61999962;-11,66799831
-2,61499962;-11,66799831
-2,60999962;-13,06748199
-2,60499962;-13,06748199
-2,59999962;-14,00098324
-2,59499962;-15,40046692
-2,58999962;-16,33396912
-2,58499962;-16,33396912
-2,57999962;-16,80148888
-2,57499962;-16,80148888
-2,56999962;-16,80148888
-2,56499962;-17,73498917
-2,55999962;-17,73498917
-2,55499962;-17,73498917
-2,54999962;-16,80148888
-2,54499962;-14,93448448
-2,53999962;-15,40046692
-2,53499962;-15,86798668
-2,52999962;-15,86798668
-2,52499962;-15,86798668
-2,51999962;-15,40046692
-2,51499962;-14,93448448
-2,50999962;-14,93448448
-2,50499962;-15,40046692
-2,49999962;-15,86798668
-2,49499962;-15,86798668
-2,48999962;-15,40046692
-2,48499962;-16,33396912
-2,47999962;-15,40046692
-2,47499962;-15,86798668
-2,46999962;-15,86798668
-2,46499962;-16,33396912
-2,45999962;-15,86798668
-2,45499962;-14,93448448
-2,44999962;-15,40046692
-2,44499962;-15,40046692
-2,43999962;-15,86798668
-2,43499962;-14,93448448
-2,42999962;-15,40046692
-2,42499962;-15,40046692
-2,41999962;-15,86798668
-2,41499962;-15,86798668
-2,40999962;-14,93448448
-2,40499962;-15,86798668
-2,39999962;-15,40046692
-2,39499962;-14,46850300
-2,38999962;-14,93448448
-2,38499962;-14,00098324
-2,37999962;-14,00098324
-2,37499962;-13,06748199
-2,36999962;-13,53500175
-2,36499962;-12,60150051
-2,35999962;-11,66799831
-2,35499962;-13,53500175
-2,34999962;-12,13398075
-2,34499962;-12,13398075
-2,33999962;-12,13398075
-2,33499962;-12,60150051
-2,32999962;-12,60150051
-2,32499962;-14,00098324
-2,31999962;-12,60150051
-2,31499963;-13,06748199
-2,30999963;-13,06748199
-2,30499963;-14,46850300
-2,29999963;-14,46850300
-2,29499963;-14,00098324
-2,28999963;-14,46850300
-2,28499963;-15,40046692
-2,27999963;-16,80148888
-2,27499963;-15,40046692
-2,26999963;-15,86798668
-2,26499963;-16,33396912
-2,25999963;-17,26746941
-2,25499963;-16,80148888
-2,24999963;-17,26746941
-2,24499963;-16,80148888
-2,23999963;-18,20096970
-2,23499963;-18,66848946
-2,22999963;-19,13447189
-2,22499963;-19,60199165
-2,21999963;-19,60199165
-2,21499963;-20,06797409
-2,20999963;-19,60199165
-2,20499963;-20,06797409
-2,19999963;-20,53549385
-2,19499963;-18,66848946
-2,18999963;-20,06797409
-2,18499963;-19,60199165
-2,17999963;-20,53549385
-2,17499963;-20,53549385
-2,16999963;-20,06797409
-2,16499963;-19,60199165
-2,15999963;-20,53549385
-2,15499963;-19,60199165
-2,14999963;-20,06797409
-2,14499963;-20,53549385
-2,13999963;-20,06797409
-2,13499963;-21,46899414
-2,12999963;-21,93497658
-2,12499963;-21,93497658
-2,11999963;-22,86847687
-2,11499963;-22,40249634
-2,10999963;-22,86847687
-2,10499963;-22,86847687
-2,09999963;-23,33599663
-2,09499963;-24,26949883
-2,08999963;-23,80197906
-2,08499963;-24,26949883
-2,07999963;-24,26949883
-2,07499963;-23,80197906
-2,06999963;-24,26949883
-2,06499963;-23,33599663
-2,05999963;-23,80197906
-2,05499963;-24,73548126
-2,04999963;-23,80197906
-2,04499963;-23,80197906
-2,03999963;-23,33599663
-2,03499963;-23,80197906
-2,02999963;-24,73548126
-2,02499963;-23,80197906
-2,01999963;-24,73548126
-2,01499963;-24,73548126
-2,00999963;-24,26949883
-2,00499963;-23,33599663
-1,99999963;-26,13650131
-1,99499963;-25,66898346
-1,98999963;-26,60248184
-1,98499963;-27,07000351
-1,97999963;-26,60248184
-1,97499963;-27,07000351
-1,96999963;-27,53598404
-1,96499963;-27,53598404
-1,95999963;-27,07000351
-1,95499963;-26,60248184
-1,94999963;-27,53598404
-1,94499963;-27,07000351
-1,93999963;-27,53598404
-1,93499963;-26,13650131
-1,92999963;-26,60248184
-1,92499963;-24,73548126
-1,91999963;-24,73548126
-1,91499964;-23,33599663
-1,90999964;-23,33599663
-1,90499964;-22,86847687
-1,89999964;-21,46899414
-1,89499964;-21,00147629
-1,88999964;-20,53549385
-1,88499964;-20,06797409
-1,87999964;-19,60199165
-1,87499964;-19,13447189
-1,86999964;-19,60199165
-1,86499964;-19,60199165
-1,85999964;-20,06797409
-1,85499964;-19,60199165
-1,84999964;-19,60199165
-1,84499964;-20,06797409
-1,83999964;-20,53549385
-1,83499964;-20,53549385
-1,82999964;-20,53549385
-1,82499964;-21,00147629
-1,81999964;-22,40249634
-1,81499964;-21,93497658
-1,80999964;-21,93497658
-1,80499964;-21,93497658
-1,79999964;-21,93497658
-1,79499964;-21,93497658
-1,78999964;-22,40249634
-1,78499964;-22,40249634
-1,77999964;-21,93497658
-1,77499964;-20,53549385
-1,76999964;-21,93497658
-1,76499964;-21,00147629
-1,75999964;-21,93497658
-1,75499964;-21,00147629
-1,74999964;-21,00147629
-1,74499964;-20,53549385
-1,73999964;-20,06797409
-1,73499964;-14,93448448
-1,72999964;-19,13447189
-1,72499964;-19,13447189
-1,71999964;-19,13447189
-1,71499964;-17,26746941
-1,70999964;-16,33396912
-1,70499964;-17,26746941
-1,69999964;-16,80148888
-1,69499964;-15,86798668
-1,68999964;-15,86798668
-1,68499964;-15,40046692
-1,67999964;-15,86798668
-1,67499964;-15,40046692
-1,66999964;-14,93448448
-1,66499964;-15,40046692
-1,65999964;-15,40046692
-1,65499964;-14,93448448
-1,64999964;-14,93448448
-1,64499964;-15,40046692
-1,63999964;-14,46850300
-1,63499964;-14,46850300
-1,62999964;-14,93448448
-1,62499964;-14,00098324
-1,61999964;-13,53500175
-1,61499964;-13,53500175
-1,60999964;-13,06748199
-1,60499964;-12,60150051
-1,59999964;-12,60150051
-1,59499964;-12,13398075
-1,58999964;-13,06748199
-1,58499964;-13,06748199
-1,57999964;-13,53500175
-1,57499964;-14,00098324
-1,56999964;-14,00098324
-1,56499964;-13,53500175
-1,55999964;-14,00098324
-1,55499964;-14,93448448
-1,54999964;-15,86798668
-1,54499964;-15,40046692
-1,53999964;-16,80148888
-1,53499964;-15,86798668
-1,52999964;-16,33396912
-1,52499964;-15,40046692
-1,51999965;-15,86798668
-1,51499965;-16,33396912
-1,50999965;-16,80148888
-1,50499965;-16,80148888
-1,49999965;-17,26746941
-1,49499965;-15,86798668
-1,48999965;-16,33396912
-1,48499965;-18,20096970
-1,47999965;-17,73498917
-1,47499965;-17,73498917
-1,46999965;-18,20096970
-1,46499965;-17,26746941
-1,45999965;-16,33396912
-1,45499965;-16,80148888
-1,44999965;-17,73498917
-1,44499965;-17,26746941
-1,43999965;-17,26746941
-1,43499965;-17,26746941
-1,42999965;-17,26746941
-1,42499965;-16,80148888
-1,41999965;-17,73498917
-1,41499965;-17,26746941
-1,40999965;-17,26746941
-1,40499965;-16,80148888
-1,39999965;-17,73498917
-1,39499965;-17,26746941
-1,38999965;-17,73498917
-1,38499965;-17,73498917
-1,37999965;-16,80148888
-1,37499965;-17,73498917
-1,36999965;-17,73498917
-1,36499965;-17,26746941
-1,35999965;-17,26746941
-1,35499965;-17,26746941
-1,34999965;-17,26746941
-1,34499965;-17,26746941
-1,33999965;-17,26746941
-1,33499965;-16,80148888
-1,32999965;-16,80148888
-1,32499965;-15,86798668
-1,31999965;-16,80148888
-1,31499965;-16,33396912
-1,30999965;-16,33396912
-1,30499965;-16,33396912
-1,29999965;-16,33396912
-1,29499965;-15,86798668
-1,28999965;-16,33396912
-1,28499965;-16,33396912
-1,27999965;-16,33396912
-1,27499965;-15,40046692
-1,26999965;-14,93448448
-1,26499965;-14,93448448
-1,25999965;-14,93448448
-1,25499965;-14,46850300
-1,24999965;-14,00098324
-1,24499965;-13,06748199
-1,23999965;-12,60150051
-1,23499965;-12,60150051
-1,22999965;-12,60150051
-1,22499965;-12,60150051
-1,21999965;-11,66799831
-1,21499965;-12,60150051
-1,20999965;-11,66799831
-1,20499965;-11,20047951
-1,19999965;-11,20047951
-1,19499965;-11,20047951
-1,18999965;-11,20047951
-1,18499965;-10,26697731
-1,17999965;-10,73449707
-1,17499965;-10,26697731
-1,16999965;-10,26697731
-1,16499965;-10,26697731
-1,15999965;-10,26697731
-1,15499965;-9,80099583
-1,14999965;-10,26697731
-1,14499965;-10,26697731
-1,13999965;-9,33347607
-1,13499965;-7,93399334
-1,12999965;-9,33347607
-1,12499966;-12,60150051
-1,11999966;-9,80099583
-1,11499966;-9,80099583
-1,10999966;-10,26697731
-1,10499966;-10,26697731
-1,09999966;-10,26697731
-1,09499966;-9,80099583
-1,08999966;-10,73449707
-1,08499966;-10,26697731
-1,07999966;-10,73449707
-1,07499966;-10,73449707
-1,06999966;-10,73449707
-1,06499966;-10,73449707
-1,05999966;-11,20047951
-1,05499966;-12,13398075
-1,04999966;-11,66799831
-1,04499966;-11,20047951
-1,03999966;-11,66799831
-1,03499966;-10,73449707
-1,02999966;-12,13398075
-1,02499966;-11,20047951
-1,01999966;-12,60150051
-1,01499966;-12,60150051
-1,00999966;-12,60150051
-1,00499966;-13,53500175
-0,99999966;-13,06748199
-0,99499966;-13,53500175
-0,98999966;-13,06748199
-0,98499966;-13,06748199
-0,97999966;-14,00098324
-0,97499966;-13,53500175
-0,96999966;-13,06748199
-0,96499966;-13,53500175
-0,95999966;-13,53500175
-0,95499966;-13,53500175
-0,94999966;-14,00098324
-0,94499966;-13,53500175
-0,93999966;-14,46850300
-0,93499966;-14,46850300
-0,92999966;-13,06748199
-0,92499966;-15,40046692
-0,91999966;-13,53500175
-0,91499966;-13,06748199
-0,90999966;-13,06748199
-0,90499966;-14,93448448
-0,89999966;-14,93448448
-0,89499966;-14,00098324
-0,88999966;-14,46850300
-0,88499966;-14,46850300
-0,87999966;-15,86798668
-0,87499966;-14,93448448
-0,86999966;-16,80148888
-0,86499966;-16,33396912
-0,85999966;-15,86798668
-0,85499966;-16,33396912
-0,84999966;-16,80148888
-0,84499966;-16,33396912
-0,83999966;-17,26746941
-0,83499966;-17,26746941
-0,82999966;-16,80148888
-0,82499966;-17,26746941
-0,81999966;-17,26746941
-0,81499966;-16,33396912
-0,80999966;-18,20096970
-0,80499966;-16,80148888
-0,79999966;-16,33396912
-0,79499966;-16,80148888
-0,78999966;-17,26746941
-0,78499966;-15,86798668
-0,77999966;-17,26746941
-0,77499966;-15,40046692
-0,76999966;-15,40046692
-0,76499966;-15,40046692
-0,75999966;-14,00098324
-0,75499966;-14,00098324
-0,74999966;-13,53500175
-0,74499966;-12,60150051
-0,73999966;-10,73449707
-0,73499966;-10,26697731
-0,72999967;-9,33347607
-0,72499967;-7,93399334
-0,71999967;-7,93399334
-0,71499967;-7,46647358
-0,70999967;-7,46647358
-0,70499967;-7,93399334
-0,69999967;-22,86847687
-0,69499967;-8,39997482
-0,68999967;-7,46647358
-0,68499967;-8,39997482
-0,67999967;-8,39997482
-0,67499967;-8,39997482
-0,66999967;-7,93399334
-0,66499967;-8,39997482
-0,65999967;-8,39997482
-0,65499967;-7,93399334
-0,64999967;-7,46647358
-0,64499967;-7,93399334
-0,63999967;-7,46647358
-0,63499967;-5,59947062
-0,62999967;-8,39997482
-0,62499967;-7,93399334
-0,61999967;-7,93399334
-0,61499967;-7,00049162
-0,60999967;-7,46647358
-0,60499967;-6,53297186
-0,59999967;-8,39997482
-0,59499967;-7,93399334
-0,58999967;-7,93399334
-0,58499967;-7,46647358
-0,57999967;-7,00049162
-0,57499967;-7,00049162
-0,56999967;-6,06699038
-0,56499967;-6,06699038
-0,55999967;-5,13348866
-0,55499967;-4,66596889
-0,54999967;-5,13348866
-0,54499967;-4,19998741
-0,53999967;-3,73246789
-0,53499967;-3,73246789
-0,52999967;-3,73246789
-0,52499967;-3,26648593
-0,51999967;-4,66596889
-0,51499967;-3,73246789
-0,50999967;-4,66596889
-0,50499967;-4,19998741
-0,49999967;-2,79896641
-0,49499967;-3,26648593
-0,48999967;-4,66596889
-0,48499967;-3,26648593
-0,47999967;-4,19998741
-0,47499967;-3,26648593
-0,46999967;-2,33298445
-0,46499967;-2,79896641
-0,45999967;-2,33298445
-0,45499967;-2,33298445
-0,44999967;-1,39948320
-0,44499967;-1,86546493
-0,43999967;-1,86546493
-0,43499967;-2,79896641
-0,42999967;-1,39948320
-0,42499967;-1,39948320
-0,41999967;-1,86546493
-0,41499967;-2,33298445
-0,40999967;-2,79896641
-0,40499967;-3,26648593
-0,39999967;-3,26648593
-0,39499967;-2,79896641
-0,38999967;-3,26648593
-0,38499967;-2,79896641
-0,37999967;-3,26648593
-0,37499967;-3,73246789
-0,36999967;-3,73246789
-0,36499967;-4,66596889
-0,35999967;-4,66596889
-0,35499967;-4,66596889
-0,34999967;-4,66596889
-0,34499967;-5,13348866
-0,33999967;-3,73246789
-0,33499968;-4,66596889
-0,32999968;-4,66596889
-0,32499968;-4,66596889
-0,31999968;-4,66596889
-0,31499968;-5,13348866
-0,30999968;-5,13348866
-0,30499968;-5,13348866
-0,29999968;-4,66596889
-0,29499968;-4,66596889
-0,28999968;-4,19998741
-0,28499968;-4,66596889
-0,27999968;-4,19998741
-0,27499968;-4,19998741
-0,26999968;-4,19998741
-0,26499968;-4,19998741
-0,25999968;-3,26648593
-0,25499968;-3,73246789
-0,24999968;-2,33298445
-0,24499968;-3,73246789
-0,23999968;-2,79896641
-0,23499968;-3,26648593
-0,22999968;-3,26648593
-0,22499968;-3,73246789
-0,21999968;-2,79896641
-0,21499968;-3,73246789
-0,20999968;-4,19998741
-0,20499968;-3,73246789
-0,19999968;-4,19998741
-0,19499968;-3,73246789
-0,18999968;-5,13348866
-0,18499968;-4,19998741
-0,17999968;-4,66596889
-0,17499968;-4,66596889
-0,16999968;-5,13348866
-0,16499968;-4,66596889
-0,15999968;-5,13348866
-0,15499968;-3,73246789
-0,14999968;-4,19998741
-0,14499968;-4,66596889
-0,13999968;-3,73246789
-0,13499968;-4,19998741
-0,12999968;-4,66596889
-0,12499968;-4,66596889
-0,11999968;-4,19998741
-0,11499968;-4,19998741
-0,10999968;-3,26648593
-0,10499968;-4,66596889
-0,09999968;-5,59947062
-0,09499968;-5,13348866
-0,08999968;-4,19998741
-0,08499968;-4,19998741
-0,07999968;-4,19998741
-0,07499968;-3,73246789
-0,06999968;-3,26648593
-0,06499968;-3,26648593
-0,05999968;-3,26648593
-0,05499968;-3,26648593
-0,04999968;-2,79896641
-0,04499968;-2,33298445
-0,03999968;-1,86546493
-0,03499968;-1,39948320
-0,02999968;-0,93196350
-0,02499968;-0,93196350
-0,01999968;0,00000000
-0,01499968;0,46598175
-0,00999968;1,39948320
-0,00499968;0,93196350
0,00000032;2,33298445
0,00500032;1,39948320
0,01000032;3,73246789
0,01500032;3,73246789
0,02000032;4,19998741
0,02500032;4,19998741
0,03000032;5,13348866
0,03500032;5,13348866
0,04000032;5,13348866
0,04500032;5,13348866
0,05000032;4,66596889
0,05500032;4,66596889
0,06000031;3,73246789
0,06500031;3,26648593
0,07000031;3,73246789
0,07500031;3,73246789
0,08000031;2,33298445
0,08500031;3,26648593
0,09000031;3,26648593
0,09500031;3,26648593
0,10000031;2,79896641
0,10500031;1,86546493
0,11000031;3,26648593
0,11500031;2,79896641
0,12000031;2,79896641
0,12500031;3,26648593
0,13000031;3,26648593
0,13500031;2,79896641
0,14000031;2,33298445
0,14500031;3,73246789
0,15000031;2,79896641
0,15500031;3,73246789
0,16000031;4,19998741
0,16500031;4,66596889
0,17000031;5,59947062
0,17500031;5,13348866
0,18000031;5,59947062
0,18500031;6,53297186
0,19000031;6,53297186
0,19500031;7,93399334
0,20000031;7,93399334
0,20500031;8,39997482
0,21000031;8,39997482
0,21500031;7,93399334
0,22000031;8,39997482
0,22500031;7,93399334
0,23000031;8,86749458
0,23500031;9,33347607
0,24000031;8,39997482
0,24500031;9,33347607
0,25000031;9,33347607
0,25500031;8,86749458
0,26000031;10,26697731
0,26500031;10,73449707
0,27000031;10,73449707
0,27500031;11,20047951
0,28000031;11,20047951
0,28500031;12,13398075
0,29000031;12,13398075
0,29500031;12,60150051
0,30000031;13,06748199
0,30500031;12,60150051
0,31000031;14,46850300
0,31500031;14,00098324
0,32000031;11,66799831
0,32500031;12,60150051
0,33000031;12,60150051
0,33500031;12,60150051
0,34000031;12,60150051
0,34500031;11,20047951
0,35000031;12,13398075
0,35500031;12,60150051
0,36000031;11,66799831
0,36500031;11,66799831
0,37000031;11,66799831
0,37500031;12,13398075
0,38000031;11,20047951
0,38500031;11,20047951
0,39000031;11,20047951
0,39500031;10,73449707
0,40000031;10,26697731
0,40500031;11,20047951
0,41000031;10,73449707
0,41500031;9,80099583
0,42000031;10,26697731
0,42500031;10,26697731
0,43000031;10,73449707
0,43500031;10,73449707
0,44000031;9,80099583
0,44500031;10,73449707
0,45000031;9,80099583
0,45500031;10,26697731
0,46000030;11,20047951
0,46500030;11,20047951
0,47000030;11,20047951
0,47500030;11,66799831
0,48000030;11,66799831
0,48500030;10,73449707
0,49000030;12,13398075
0,49500030;12,13398075
0,50000030;11,20047951
0,50500030;12,13398075
0,51000030;12,13398075
0,51500030;12,13398075
0,52000030;12,60150051
0,52500030;12,60150051
0,53000030;12,60150051
0,53500030;12,13398075
0,54000030;12,13398075
0,54500030;12,60150051
0,55000030;13,06748199
0,55500030;13,53500175
0,56000030;13,06748199
0,56500030;13,53500175
0,57000030;13,06748199
0,57500030;13,53500175
0,58000030;13,06748199
0,58500030;12,60150051
0,59000030;13,53500175
0,59500030;13,06748199
0,60000030;12,13398075
0,60500030;13,06748199
0,61000030;12,60150051
0,61500030;13,06748199
0,62000030;9,33347607
0,62500030;14,00098324
0,63000030;13,53500175
0,63500030;13,53500175
0,64000030;13,53500175
0,64500030;14,00098324
0,65000030;14,00098324
0,65500030;14,00098324
0,66000030;14,46850300
0,66500030;14,93448448
0,67000030;14,46850300
0,67500030;14,93448448
0,68000030;16,80148888
0,68500030;15,86798668
0,69000030;15,86798668
0,69500030;16,33396912
0,70000030;15,86798668
0,70500030;16,80148888
0,71000030;17,73498917
0,71500030;17,26746941
0,72000030;16,80148888
0,72500030;16,80148888
0,73000030;16,33396912
0,73500030;16,33396912
0,74000030;17,73498917
0,74500030;17,73498917
0,75000030;17,26746941
0,75500030;17,26746941
0,76000030;16,33396912
0,76500030;17,73498917
0,77000030;17,26746941
0,77500030;17,73498917
0,78000030;17,26746941
0,78500030;17,26746941
0,79000030;16,80148888
0,79500030;16,33396912
0,80000030;17,73498917
0,80500030;16,33396912
0,81000030;15,86798668
0,81500030;15,86798668
0,82000030;14,93448448
0,82500030;15,40046692
0,83000030;15,40046692
0,83500030;14,93448448
0,84000030;14,93448448
0,84500030;14,93448448
0,85000030;15,40046692
0,85500029;15,40046692
0,86000029;5,13348866
0,86500029;14,93448448
0,87000029;15,40046692
0,87500029;14,93448448
0,88000029;15,40046692
0,88500029;15,40046692
0,89000029;14,46850300
0,89500029;14,93448448
0,90000029;14,00098324
0,90500029;15,86798668
0,91000029;14,46850300
0,91500029;14,93448448
0,92000029;13,53500175
0,92500029;13,06748199
0,93000029;13,53500175
0,93500029;12,60150051
0,94000029;13,06748199
0,94500029;13,53500175
0,95000029;12,60150051
0,95500029;12,60150051
0,96000029;14,46850300
0,96500029;14,00098324
0,97000029;14,00098324
0,97500029;14,00098324
0,98000029;13,53500175
0,98500029;14,00098324
0,99000029;13,53500175
0,99500029;12,60150051
1,00000029;14,00098324
1,00500029;14,46850300
1,01000029;12,60150051
1,01500029;12,60150051
1,02000029;12,13398075
1,02500029;11,66799831
1,03000029;12,13398075
1,03500029;12,13398075
1,04000029;12,13398075
1,04500029;12,13398075
1,05000029;11,66799831
1,05500029;11,66799831
1,06000029;10,73449707
1,06500029;10,73449707
1,07000029;11,20047951
1,07500029;11,20047951
1,08000029;11,66799831
1,08500029;10,73449707
1,09000029;9,80099583
1,09500029;11,20047951
1,10000029;9,80099583
1,10500029;9,33347607
1,11000029;9,80099583
1,11500029;9,33347607
1,12000029;8,86749458
1,12500029;9,33347607
1,13000029;9,33347607
1,13500029;9,80099583
1,14000029;10,73449707
1,14500029;10,26697731
1,15000029;11,20047951
1,15500029;12,13398075
1,16000029;12,60150051
1,16500029;14,46850300
1,17000029;14,93448448
1,17500029;15,86798668
1,18000029;16,80148888
1,18500029;17,26746941
1,19000029;17,73498917
1,19500029;18,66848946
1,20000029;17,73498917
1,20500029;18,20096970
1,21000029;17,26746941
1,21500029;16,80148888
1,22000029;16,33396912
1,22500029;15,40046692
1,23000029;14,93448448
1,23500029;15,40046692
1,24000029;14,93448448
1,24500029;15,40046692
1,25000028;14,93448448
1,25500028;13,53500175
1,26000028;14,46850300
1,26500028;14,46850300
1,27000028;14,93448448
1,27500028;12,60150051
1,28000028;14,93448448
1,28500028;14,93448448
1,29000028;16,33396912
1,29500028;13,53500175
1,30000028;15,40046692
1,30500028;13,53500175
1,31000028;14,00098324
1,31500028;13,53500175
1,32000028;13,53500175
1,32500028;13,53500175
1,33000028;14,00098324
1,33500028;14,00098324
1,34000028;14,00098324
1,34500028;14,00098324
1,35000028;14,46850300
1,35500028;15,40046692
1,36000028;15,40046692
1,36500028;15,40046692
1,37000028;15,40046692
1,37500028;16,33396912
1,38000028;15,40046692
1,38500028;14,93448448
1,39000028;14,93448448
1,39500028;14,46850300
1,40000028;14,00098324
1,40500028;14,00098324
1,41000028;13,53500175
1,41500028;14,00098324
1,42000028;12,60150051
1,42500028;13,53500175
1,43000028;14,46850300
1,43500028;14,00098324
1,44000028;14,00098324
1,44500028;14,46850300
1,45000028;14,93448448
1,45500028;16,33396912
1,46000028;15,86798668
1,46500028;16,33396912
1,47000028;16,80148888
1,47500028;18,20096970
1,48000028;17,73498917
1,48500028;18,66848946
1,49000028;17,73498917
1,49500028;18,20096970
1,50000028;18,20096970
1,50500028;19,13447189
1,51000028;17,73498917
1,51500028;17,73498917
1,52000028;17,26746941
1,52500028;16,80148888
1,53000028;16,33396912
1,53500028;15,40046692
1,54000028;14,93448448
1,54500028;14,93448448
1,55000028;14,46850300
1,55500028;15,40046692
1,56000028;14,93448448
1,56500028;14,93448448
1,57000028;14,46850300
1,57500028;14,46850300
1,58000028;14,46850300
1,58500028;14,93448448
1,59000028;15,40046692
1,59500028;15,40046692
1,60000028;15,40046692
1,60500028;15,40046692
1,61000028;15,86798668
1,61500028;16,33396912
1,62000028;16,33396912
1,62500028;16,33396912
1,63000028;17,73498917
1,63500028;16,33396912
1,64000028;16,33396912
1,64500027;15,86798668
1,65000027;15,86798668
1,65500027;15,86798668
1,66000027;15,40046692
1,66500027;15,40046692
1,67000027;15,40046692
1,67500027;14,46850300
1,68000027;13,06748199
1,68500027;13,06748199
1,69000027;13,53500175
1,69500027;12,13398075
1,70000027;10,73449707
1,70500027;10,73449707
1,71000027;9,33347607
1,71500027;8,86749458
1,72000027;9,33347607
1,72500027;7,93399334
1,73000027;7,46647358
1,73500027;7,00049162
1,74000027;7,00049162
1,74500027;7,46647358
1,75000027;7,00049162
1,75500027;5,13348866
1,76000027;5,59947062
1,76500027;5,13348866
1,77000027;4,66596889
1,77500027;4,66596889
1,78000027;4,66596889
1,78500027;4,19998741
1,79000027;4,19998741
1,79500027;4,19998741
1,80000027;3,73246789
1,80500027;2,79896641
1,81000027;3,26648593
1,81500027;2,79896641
1,82000027;2,79896641
1,82500027;2,33298445
1,83000027;3,26648593
1,83500027;2,33298445
1,84000027;1,86546493
1,84500027;1,86546493
1,85000027;1,39948320
1,85500027;1,86546493
1,86000027;1,86546493
1,86500027;2,33298445
1,87000027;2,33298445
1,87500027;2,33298445
1,88000027;2,79896641
1,88500027;2,33298445
1,89000027;3,73246789
1,89500027;4,19998741
1,90000027;4,66596889
1,90500027;5,59947062
1,91000027;6,53297186
1,91500027;6,53297186
1,92000027;7,46647358
1,92500027;7,93399334
1,93000027;7,00049162
1,93500027;9,33347607
1,94000027;8,86749458
1,94500027;8,39997482
1,95000027;8,86749458
1,95500027;9,33347607
1,96000027;8,86749458
1,96500027;7,93399334
1,97000027;7,46647358
1,97500027;7,46647358
1,98000027;6,53297186
1,98500027;7,00049162
1,99000027;6,53297186
1,99500027;6,06699038
2,00000027;5,59947062
2,00500027;5,59947062
2,01000027;5,59947062
2,01500027;5,59947062
2,02000027;5,13348866
2,02500027;5,59947062
2,03000027;5,13348866
2,03500027;5,13348866
2,04000026;5,59947062
2,04500026;5,13348866
2,05000026;5,13348866
2,05500026;5,59947062
2,06000026;5,59947062
2,06500026;5,59947062
2,07000026;6,53297186
2,07500026;6,06699038
2,08000026;7,46647358
2,08500026;7,00049162
2,09000026;7,46647358
2,09500026;7,93399334
2,10000026;8,39997482
2,10500026;9,33347607
2,11000026;8,86749458
2,11500026;9,33347607
2,12000026;10,26697731
2,12500026;11,20047951
2,13000026;10,26697731
2,13500026;10,73449707
2,14000026;11,20047951
2,14500026;10,73449707
2,15000026;11,20047951
2,15500026;10,73449707
2,16000026;9,80099583
2,16500026;10,26697731
2,17000026;10,26697731
2,17500026;9,80099583
2,18000026;9,33347607
2,18500026;10,73449707
2,19000026;9,80099583
2,19500026;10,73449707
2,20000026;10,73449707
2,20500026;10,73449707
2,21000026;11,20047951
2,21500026;11,66799831
2,22000026;11,20047951
2,22500026;11,66799831
2,23000026;10,73449707
2,23500026;11,66799831
2,24000026;11,20047951
2,24500026;11,20047951
2,25000026;11,20047951
2,25500026;10,26697731
2,26000026;9,33347607
2,26500026;9,80099583
2,27000026;8,86749458
2,27500026;8,86749458
2,28000026;8,39997482
2,28500026;7,93399334
2,29000026;7,46647358
2,29500026;7,46647358
2,30000026;7,93399334
2,30500026;6,53297186
2,31000026;6,53297186
2,31500026;7,00049162
2,32000026;6,53297186
2,32500026;7,00049162
2,33000026;5,13348866
2,33500026;5,59947062
2,34000026;6,06699038
2,34500026;4,66596889
2,35000026;5,13348866
2,35500026;5,13348866
2,36000026;3,73246789
2,36500026;4,19998741
2,37000026;3,73246789
2,37500026;5,13348866
2,38000026;3,73246789
2,38500026;4,19998741
2,39000026;4,19998741
2,39500026;3,73246789
2,40000026;3,26648593
2,40500026;3,26648593
2,41000026;2,33298445
2,41500026;3,26648593
2,42000026;2,33298445
2,42500026;2,33298445
2,43000026;1,86546493
2,43500025;0,93196350
2,44000025;1,39948320
2,44500025;1,39948320
2,45000025;-1,39948320
2,45500025;0,00000000
2,46000025;0,00000000
2,46500025;-0,46598175
2,47000025;-0,93196350
2,47500025;0,46598175
2,48000025;-0,93196350
2,48500025;0,46598175
2,49000025;-0,93196350
2,49500025;0,46598175
2,50000025;0,00000000
2,50500025;0,46598175
2,51000025;0,00000000
2,51500025;0,46598175
2,52000025;0,00000000
2,52500025;0,93196350
2,53000025;1,86546493
2,53500025;1,39948320
2,54000025;1,39948320
2,54500025;1,86546493
2,55000025;2,33298445
2,55500025;1,86546493
2,56000025;1,86546493
2,56500025;2,79896641
2,57000025;2,33298445
2,57500025;1,86546493
2,58000025;3,26648593
2,58500025;2,79896641
2,59000025;3,26648593
2,59500025;2,79896641
2,60000025;3,73246789
2,60500025;16,33396912
2,61000025;3,26648593
2,61500025;3,73246789
2,62000025;3,26648593
2,62500025;3,73246789
2,63000025;2,79896641
2,63500025;3,26648593
2,64000025;3,73246789
2,64500025;5,59947062
2,65000025;4,66596889
2,65500025;4,19998741
2,66000025;4,66596889
2,66500025;4,19998741
2,67000025;5,13348866
2,67500025;4,66596889
2,68000025;4,19998741
2,68500025;3,73246789
2,69000025;2,33298445
2,69500025;3,73246789
2,70000025;3,73246789
2,70500025;4,66596889
2,71000025;2,79896641
2,71500025;1,86546493
2,72000025;1,86546493
2,72500025;1,39948320
2,73000025;1,39948320
2,73500025;0,93196350
2,74000025;0,46598175
2,74500025;0,46598175
2,75000025;0,00000000
2,75500025;0,93196350
2,76000025;-0,93196350
2,76500025;-0,46598175
2,77000025;0,00000000
2,77500025;-1,86546493
2,78000025;0,93196350
2,78500025;0,00000000
2,79000025;0,00000000
2,79500025;0,00000000
2,80000025;0,00000000
2,80500025;0,00000000
2,81000025;0,00000000
2,81500025;0,00000000
2,82000025;-0,93196350
2,82500025;-0,93196350
2,83000025;-0,93196350
2,83500024;-1,86546493
2,84000024;-1,86546493
2,84500024;-1,86546493
2,85000024;-1,86546493
2,85500024;-1,86546493
2,86000024;-3,26648593
2,86500024;-2,33298445
2,87000024;-1,86546493
2,87500024;-2,79896641
2,88000024;-2,33298445
2,88500024;-2,79896641
2,89000024;-2,33298445
2,89500024;-3,26648593
2,90000024;-2,33298445
2,90500024;-2,79896641
2,91000024;-2,33298445
2,91500024;-4,66596889
2,92000024;-3,26648593
2,92500024;-2,79896641
2,93000024;-4,66596889
2,93500024;-5,13348866
2,94000024;-5,13348866
2,94500024;-6,06699038
2,95000024;-5,59947062
2,95500024;-6,06699038
2,96000024;-7,46647358
2,96500024;-7,46647358
2,97000024;-7,93399334
2,97500024;-8,39997482
2,98000024;-9,33347607
2,98500024;-9,33347607
2,99000024;-9,80099583
2,99500024;-10,73449707
3,00000024;-11,20047951
3,00500024;-10,73449707
3,01000024;-12,13398075
3,01500024;-11,66799831
3,02000024;-12,13398075
3,02500024;-12,13398075
3,03000024;-12,60150051
3,03500024;-12,60150051
3,04000024;-12,60150051
3,04500024;-12,13398075
3,05000024;-12,13398075
3,05500024;-11,66799831
3,06000024;-11,20047951
3,06500024;-10,26697731
3,07000024;-9,80099583
3,07500024;-10,26697731
3,08000024;-8,86749458
3,08500024;-9,33347607
3,09000024;-8,39997482
3,09500024;-7,46647358
3,10000024;-7,00049162
3,10500024;-6,53297186
3,11000024;-6,53297186
3,11500024;-7,00049162
3,12000024;-7,93399334
3,12500024;-7,46647358
3,13000024;-7,93399334
3,13500024;-7,93399334
3,14000024;-7,93399334
3,14500024;-7,93399334
3,15000024;-7,93399334
3,15500024;-9,33347607
3,16000024;-8,39997482
3,16500024;-7,93399334
3,17000024;-7,93399334
3,17500024;-7,93399334
3,18000024;-7,93399334
3,18500024;-7,93399334
3,19000024;-7,93399334
3,19500024;-7,46647358
3,20000024;-7,46647358
3,20500024;-6,06699038
3,21000024;-7,46647358
3,21500024;-7,93399334
3,22000024;-7,00049162
3,22500024;-7,93399334
3,23000023;-7,00049162
3,23500023;-7,00049162
3,24000023;-6,53297186
3,24500023;-5,13348866
3,25000023;-6,06699038
3,25500023;-6,06699038
3,26000023;-4,66596889
3,26500023;-5,13348866
3,27000023;-3,73246789
3,27500023;-4,19998741
3,28000023;-5,13348866
3,28500023;-3,73246789
3,29000023;-3,26648593
3,29500023;-4,66596889
3,30000023;-4,19998741
3,30500023;-4,66596889
3,31000023;-4,66596889
3,31500023;-4,19998741
3,32000023;-4,19998741
3,32500023;-3,73246789
3,33000023;-4,66596889
3,33500023;-4,19998741
3,34000023;-3,73246789
3,34500023;-3,73246789
3,35000023;-3,73246789
3,35500023;-4,19998741
3,36000023;-4,19998741
3,36500023;-2,33298445
3,37000023;-2,33298445
3,37500023;-1,86546493
3,38000023;-2,33298445
3,38500023;-1,86546493
3,39000023;-3,26648593
3,39500023;-1,86546493
3,40000023;-1,39948320
3,40500023;-2,79896641
3,41000023;-3,73246789
3,41500023;-2,33298445
3,42000023;-3,26648593
3,42500023;-4,66596889
3,43000023;-5,13348866
3,43500023;-5,13348866
3,44000023;-6,06699038
3,44500023;-6,06699038
3,45000023;-7,00049162
3,45500023;-7,46647358
3,46000023;-8,39997482
3,46500023;-8,39997482
3,47000023;-8,86749458
3,47500023;-7,46647358
3,48000023;-8,86749458
3,48500023;-8,86749458
3,49000023;-9,80099583
3,49500023;-10,26697731
3,50000023;-10,73449707
3,50500023;-10,26697731
3,51000023;-11,20047951
3,51500023;-9,80099583
3,52000023;-10,73449707
3,52500023;-11,66799831
3,53000023;-10,73449707
3,53500023;-10,26697731
3,54000023;-9,80099583
3,54500023;-9,80099583
3,55000023;-8,86749458
3,55500023;-9,80099583
3,56000023;-8,86749458
3,56500023;-9,33347607
3,57000023;-9,33347607
3,57500023;-9,33347607
3,58000023;-9,33347607
3,58500023;-9,80099583
3,59000023;-10,73449707
3,59500023;-11,20047951
3,60000023;-10,73449707
3,60500023;-11,66799831
3,61000023;-12,13398075
3,61500023;-12,60150051
3,62000023;-14,00098324
3,62500022;-13,06748199
3,63000022;-14,00098324
3,63500022;-13,06748199
3,64000022;-13,06748199
3,64500022;-13,06748199
3,65000022;-13,06748199
3,65500022;-13,53500175
3,66000022;-13,53500175
3,66500022;-13,06748199
3,67000022;-12,60150051
3,67500022;-12,60150051
3,68000022;-12,13398075
3,68500022;-12,13398075
3,69000022;-13,53500175
3,69500022;-12,60150051
3,70000022;-12,60150051
3,70500022;-12,60150051
3,71000022;-12,13398075
3,71500022;-12,13398075
3,72000022;-12,60150051
3,72500022;-12,60150051
3,73000022;-12,60150051
3,73500022;-13,06748199
3,74000022;-12,60150051
3,74500022;-13,06748199
3,75000022;-13,06748199
3,75500022;-12,13398075
3,76000022;-13,06748199
3,76500022;-12,60150051
3,77000022;-13,06748199
3,77500022;-14,00098324
3,78000022;-13,06748199
3,78500022;-12,60150051
3,79000022;-10,26697731
3,79500022;-12,13398075
3,80000022;-11,20047951
3,80500022;-11,66799831
3,81000022;-10,73449707
3,81500022;-9,80099583
3,82000022;-8,86749458
3,82500022;-7,93399334
3,83000022;-8,39997482
3,83500022;-6,06699038
3,84000022;-6,53297186
3,84500022;-5,59947062
3,85000022;-6,06699038
3,85500022;-6,06699038
3,86000022;-5,59947062
3,86500022;-5,59947062
3,87000022;-5,59947062
3,87500022;-6,53297186
3,88000022;-8,39997482
3,88500022;-8,39997482
3,89000022;-8,86749458
3,89500022;-7,93399334
3,90000022;-10,26697731
3,90500022;-10,73449707
3,91000022;-10,26697731
3,91500022;-10,73449707
3,92000022;-9,80099583
3,92500022;-10,26697731
3,93000022;-10,73449707
3,93500022;-10,73449707
3,94000022;-10,26697731
3,94500022;-10,73449707
3,95000022;-10,26697731
3,95500022;-11,66799831
3,96000022;-11,20047951
3,96500022;-10,73449707
3,97000022;-11,20047951
3,97500022;-10,73449707
3,98000022;-10,73449707
3,98500022;-11,66799831
3,99000022;-10,73449707
3,99500022;-9,80099583
4,00000022;-9,80099583
4,00500022;-9,80099583
4,01000022;-8,86749458
4,01500022;-7,93399334
4,02000021;-8,86749458
4,02500021;-8,39997482
4,03000021;-8,39997482
4,03500021;-7,93399334
4,04000021;-7,46647358
4,04500021;-7,46647358
4,05000021;-7,93399334
4,05500021;-7,93399334
4,06000021;-7,93399334
4,06500021;-7,93399334
4,07000021;-7,93399334
4,07500021;-7,93399334
4,08000021;-7,93399334
4,08500021;-7,00049162
4,09000021;-7,00049162
4,09500021;-6,06699038
4,10000021;-6,06699038
4,10500021;-5,59947062
4,11000021;-4,66596889
4,11500021;-5,13348866
4,12000021;-4,66596889
4,12500021;-3,73246789
4,13000021;-4,66596889
4,13500021;-2,79896641
4,14000021;-3,26648593
4,14500021;-2,79896641
4,15000021;-3,26648593
4,15500021;-2,79896641
4,16000021;-3,26648593
4,16500021;-3,26648593
4,17000021;-3,26648593
4,17500021;-2,79896641
4,18000021;-3,73246789
4,18500021;-4,19998741
4,19000021;-3,73246789
4,19500021;-3,26648593
4,20000021;-3,26648593
4,20500021;-3,73246789
4,21000021;-4,66596889
4,21500021;-4,19998741
4,22000021;-4,66596889
4,22500021;-4,19998741
4,23000021;-4,66596889
4,23500021;-4,66596889
4,24000021;-4,19998741
4,24500021;-3,73246789
4,25000021;-3,73246789
4,25500021;-3,73246789
4,26000021;-4,19998741
4,26500021;-2,33298445
4,27000021;-3,26648593
4,27500021;-2,33298445
4,28000021;-2,79896641
4,28500021;-3,73246789
4,29000021;-2,33298445
4,29500021;-2,33298445
4,30000021;-0,93196350
4,30500021;-2,33298445
4,31000021;-1,86546493
4,31500021;-1,86546493
4,32000021;-1,86546493
4,32500021;-2,33298445
4,33000021;-2,79896641
4,33500021;-2,79896641
4,34000021;-3,26648593
4,34500021;-3,26648593
4,35000021;-4,19998741
4,35500021;-4,19998741
4,36000021;-4,19998741
4,36500021;-5,13348866
4,37000021;-5,59947062
4,37500021;-5,59947062
4,38000021;-5,59947062
4,38500021;-5,59947062
4,39000021;-6,06699038
4,39500021;-6,06699038
4,40000021;-6,06699038
4,40500021;-6,06699038
4,41000021;-6,53297186
4,41500020;-6,53297186
4,42000020;-7,46647358
4,42500020;-6,53297186
4,43000020;-6,06699038
4,43500020;-6,06699038
4,44000020;-6,53297186
4,44500020;-6,06699038
4,45000020;-6,53297186
4,45500020;-6,06699038
4,46000020;-5,59947062
4,46500020;-6,06699038
4,47000020;-6,06699038
4,47500020;-5,59947062
4,48000020;-5,13348866
4,48500020;-5,13348866
4,49000020;-5,59947062
4,49500020;-4,66596889
4,50000020;-5,13348866
4,50500020;-3,73246789
4,51000020;-4,66596889
4,51500020;-3,26648593
4,52000020;-3,73246789
4,52500020;-3,26648593
4,53000020;-3,73246789
4,53500020;-2,79896641
4,54000020;-2,79896641
4,54500020;-1,86546493
4,55000020;-2,33298445
4,55500020;-0,93196350
4,56000020;-1,86546493
4,56500020;-1,86546493
4,57000020;-0,93196350
4,57500020;-1,39948320
4,58000020;-1,39948320
4,58500020;-1,86546493
4,59000020;-0,93196350
4,59500020;-0,93196350
4,60000020;-1,39948320
4,60500020;0,00000000
4,61000020;0,00000000
4,61500020;0,00000000
4,62000020;0,00000000
4,62500020;0,00000000
4,63000020;1,39948320
4,63500020;0,00000000
4,64000020;0,00000000
4,64500020;0,00000000
4,65000020;0,00000000
4,65500020;3,73246789
4,66000020;-0,93196350
4,66500020;-0,93196350
4,67000020;0,00000000
4,67500020;0,46598175
4,68000020;0,93196350
4,68500020;1,39948320
4,69000020;1,86546493
4,69500020;0,46598175
4,70000020;1,86546493
4,70500020;2,33298445
4,71000020;1,86546493
4,71500020;2,33298445
4,72000020;2,33298445
4,72500020;2,33298445
4,73000020;1,86546493
4,73500020;2,79896641
4,74000020;1,86546493
4,74500020;1,86546493
4,75000020;1,86546493
4,75500020;0,46598175
4,76000020;1,39948320
4,76500020;0,93196350
4,77000020;0,46598175
4,77500020;0,93196350
4,78000020;0,93196350
4,78500020;0,93196350
4,79000020;0,93196350
4,79500020;0,46598175
4,80000020;-0,46598175
4,80500020;0,93196350
4,81000019;0,93196350
4,81500019;0,00000000
4,82000019;-0,93196350
4,82500019;0,93196350
4,83000019;-1,39948320
4,83500019;-0,93196350
4,84000019;-1,86546493
4,84500019;-3,73246789
4,85000019;-1,86546493
4,85500019;-2,79896641
4,86000019;-3,26648593
4,86500019;-3,73246789
4,87000019;-3,73246789
4,87500019;-4,19998741
4,88000019;-4,66596889
4,88500019;-4,66596889
4,89000019;-5,13348866
4,89500019;-4,66596889
4,90000019;-6,06699038
4,90500019;-4,66596889
4,91000019;-5,59947062
4,91500019;-7,00049162
4,92000019;-7,46647358
4,92500019;-7,93399334
4,93000019;-8,86749458
4,93500019;-9,33347607
4,94000019;-8,86749458
4,94500019;-9,33347607
4,95000019;-9,33347607
4,95500019;-9,33347607
4,96000019;-8,39997482
4,96500019;-8,39997482
4,97000019;-7,46647358
4,97500019;-6,06699038
4,98000019;-4,66596889
4,98500019;-3,73246789
4,99000019;-2,79896641
4,99500019;-0,93196350
5,00000019;-0,46598175
5,00500019;0,00000000
5,01000019;0,93196350
5,01500019;1,39948320
5,02000019;0,00000000
5,02500019;0,00000000
5,03000019;0,46598175
5,03500019;-2,33298445
5,04000019;-0,93196350
5,04500019;-1,86546493
5,05000019;-1,39948320
5,05500019;-0,93196350
5,06000019;-1,39948320
5,06500019;-0,93196350
5,07000019;-1,39948320
5,07500019;0,00000000
5,08000019;0,93196350
5,08500019;0,46598175
5,09000019;0,93196350
5,09500019;1,39948320
5,10000019;0,93196350
5,10500019;0,93196350
5,11000019;1,39948320
5,11500019;1,39948320
5,12000019;0,93196350
5,12500019;2,33298445
5,13000019;2,33298445
5,13500019;2,33298445
5,14000019;2,33298445
5,14500019;2,33298445
5,15000019;3,73246789
5,15500019;3,73246789
5,16000019;4,19998741
5,16500019;5,13348866
5,17000019;5,59947062
5,17500019;6,53297186
5,18000019;7,00049162
5,18500019;7,00049162
5,19000019;7,46647358
5,19500019;8,39997482
5,20000019;8,39997482
5,20500019;9,33347607
5,21000018;8,39997482
5,21500018;8,39997482
5,22000018;7,93399334
5,22500018;7,46647358
5,23000018;7,00049162
5,23500018;8,86749458
5,24000018;9,33347607
5,24500018;9,80099583
5,25000018;9,80099583
5,25500018;9,80099583
5,26000018;11,66799831
5,26500018;11,20047951
5,27000018;12,13398075
5,27500018;11,66799831
5,28000018;12,60150051
5,28500018;13,06748199
5,29000018;12,60150051
5,29500018;12,13398075
5,30000018;13,06748199
5,30500018;12,60150051
5,31000018;12,13398075
5,31500018;12,13398075
5,32000018;10,73449707
5,32500018;11,20047951
5,33000018;11,20047951
5,33500018;9,80099583
5,34000018;10,26697731
5,34500018;9,80099583
5,35000018;9,33347607
5,35500018;9,33347607
5,36000018;9,33347607
5,36500018;9,33347607
5,37000018;9,80099583
5,37500018;9,33347607
5,38000018;8,86749458
5,38500018;8,39997482
5,39000018;7,93399334
5,39500018;7,46647358
5,40000018;7,46647358
5,40500018;6,06699038
5,41000018;6,53297186
5,41500018;5,59947062
5,42000018;5,59947062
5,42500018;5,59947062
5,43000018;5,13348866
5,43500018;4,19998741
5,44000018;5,13348866
5,44500018;4,19998741
5,45000018;4,66596889
5,45500018;5,59947062
5,46000018;6,06699038
5,46500018;6,06699038
5,47000018;5,59947062
5,47500018;5,13348866
5,48000018;5,59947062
5,48500018;6,06699038
5,49000018;5,13348866
5,49500018;5,13348866
5,50000018;4,66596889
5,50500018;3,73246789
5,51000018;4,19998741
5,51500018;3,73246789
5,52000018;2,79896641
5,52500018;2,79896641
5,53000018;2,33298445
5,53500018;2,33298445
5,54000018;6,53297186
5,54500018;1,39948320
5,55000018;2,33298445
5,55500018;1,86546493
5,56000018;2,79896641
5,56500018;2,33298445
5,57000018;1,86546493
5,57500018;2,33298445
5,58000018;1,86546493
5,58500018;2,33298445
5,59000018;2,33298445
5,59500018;1,86546493
5,60000018;1,39948320
5,60500017;0,93196350
5,61000017;0,93196350
5,61500017;0,93196350
5,62000017;0,93196350
5,62500017;0,93196350
5,63000017;2,33298445
5,63500017;0,93196350
5,64000017;1,39948320
5,64500017;0,93196350
5,65000017;0,93196350
5,65500017;1,39948320
5,66000017;1,39948320
5,66500017;1,39948320
5,67000017;2,33298445
5,67500017;2,33298445
5,68000017;2,79896641
5,68500017;2,79896641
5,69000017;1,86546493
5,69500017;2,79896641
5,70000017;2,33298445
5,70500017;3,26648593
5,71000017;3,26648593
5,71500017;4,19998741
5,72000017;4,66596889
5,72500017;5,13348866
5,73000017;5,59947062
5,73500017;7,00049162
5,74000017;7,46647358
5,74500017;8,39997482
5,75000017;8,86749458
5,75500017;9,33347607
5,76000017;10,73449707
5,76500017;10,26697731
5,77000017;11,20047951
5,77500017;11,20047951
5,78000017;11,66799831
5,78500017;10,26697731
5,79000017;9,80099583
5,79500017;9,80099583
5,80000017;9,80099583
5,80500017;8,86749458
5,81000017;7,46647358
5,81500017;7,46647358
5,82000017;7,93399334
5,82500017;7,00049162
5,83000017;6,53297186
5,83500017;6,06699038
5,84000017;6,53297186
5,84500017;7,00049162
5,85000017;7,46647358
5,85500017;6,53297186
5,86000017;7,46647358
5,86500017;7,00049162
5,87000017;7,46647358
5,87500017;7,46647358
5,88000017;7,93399334
5,88500017;7,93399334
5,89000017;7,46647358
5,89500017;7,93399334
5,90000017;9,33347607
5,90500017;8,86749458
5,91000017;9,80099583
5,91500017;9,33347607
5,92000017;9,80099583
5,92500017;10,73449707
5,93000017;10,26697731
5,93500017;9,33347607
5,94000017;9,33347607
5,94500017;10,26697731
5,95000017;10,73449707
5,95500017;9,33347607
5,96000017;8,86749458
5,96500017;8,86749458
5,97000017;8,86749458
5,97500017;8,39997482
5,98000017;8,39997482
5,98500017;8,86749458
5,99000017;8,39997482
5,99500017;7,93399334
6,00000016;7,93399334
6,00500016;7,93399334
6,01000016;8,86749458
6,01500016;8,86749458
6,02000016;9,33347607
6,02500016;9,80099583
6,03000016;8,86749458
6,03500016;9,80099583
6,04000016;9,33347607
6,04500016;10,73449707
6,05000016;11,66799831
6,05500016;10,26697731
6,06000016;10,73449707
6,06500016;10,26697731
6,07000016;9,80099583
6,07500016;9,33347607
6,08000016;10,73449707
6,08500016;9,80099583
6,09000016;9,80099583
6,09500016;9,33347607
6,10000016;8,86749458
6,10500016;9,33347607
6,11000016;8,86749458
6,11500016;8,86749458
6,12000016;8,39997482
6,12500016;8,86749458
6,13000016;9,33347607
6,13500016;8,86749458
6,14000016;9,33347607
6,14500016;8,39997482
6,15000016;8,86749458
6,15500016;9,33347607
6,16000016;8,86749458
6,16500016;8,86749458
6,17000016;8,86749458
6,17500016;10,73449707
6,18000016;9,33347607
6,18500016;9,80099583
6,19000016;9,80099583
6,19500016;10,26697731
6,20000016;9,80099583
6,20500016;9,80099583
6,21000016;9,80099583
6,21500016;10,26697731
6,22000016;9,33347607
6,22500016;9,33347607
6,23000016;9,80099583
6,23500016;10,73449707
6,24000016;10,26697731
6,24500016;11,20047951
6,25000016;7,93399334
6,25500016;9,33347607
6,26000016;9,33347607
6,26500016;7,93399334
6,27000016;8,39997482
6,27500016;7,93399334
6,28000016;7,46647358
6,28500016;7,00049162
6,29000016;6,06699038
6,29500016;6,06699038
6,30000016;6,06699038
6,30500016;5,59947062
6,31000016;5,59947062
6,31500016;4,19998741
6,32000016;4,19998741
6,32500016;3,73246789
6,33000016;4,19998741
6,33500016;4,19998741
6,34000016;3,26648593
6,34500016;3,26648593
6,35000016;3,73246789
6,35500016;2,79896641
6,36000016;4,19998741
6,36500016;3,73246789
6,37000016;3,26648593
6,37500016;2,33298445
6,38000016;3,73246789
6,38500016;3,26648593
6,39000016;3,26648593
6,39500015;3,26648593
6,40000015;4,19998741
6,40500015;4,19998741
6,41000015;4,66596889
6,41500015;3,73246789
6,42000015;4,19998741
6,42500015;4,19998741
6,43000015;3,73246789
6,43500015;3,73246789
6,44000015;3,73246789
6,44500015;3,26648593
6,45000015;3,73246789
6,45500015;3,26648593
6,46000015;3,73246789
6,46500015;1,39948320
6,47000015;3,26648593
6,47500015;2,79896641
6,48000015;2,79896641
6,48500015;3,26648593
6,49000015;3,26648593
6,49500015;4,66596889
6,50000015;4,66596889
6,50500015;4,66596889
6,51000015;4,66596889
6,51500015;4,66596889
6,52000015;5,13348866
6,52500015;5,59947062
6,53000015;4,66596889
6,53500015;5,59947062
6,54000015;4,66596889
6,54500015;5,13348866
6,55000015;5,13348866
6,55500015;6,06699038
6,56000015;4,66596889
6,56500015;5,13348866
6,57000015;4,19998741
6,57500015;5,13348866
6,58000015;5,59947062
6,58500015;5,59947062
6,59000015;5,59947062
6,59500015;5,59947062
6,60000015;5,13348866
6,60500015;6,06699038
6,61000015;6,06699038
6,61500015;5,13348866
6,62000015;5,13348866
6,62500015;5,13348866
6,63000015;5,13348866
6,63500015;4,66596889
6,64000015;4,66596889
6,64500015;4,19998741
6,65000015;4,66596889
6,65500015;4,66596889
6,66000015;4,19998741
6,66500015;5,13348866
6,67000015;5,13348866
6,67500015;5,13348866
6,68000015;4,66596889
6,68500015;4,66596889
6,69000015;4,66596889
6,69500015;4,66596889
6,70000015;5,13348866
6,70500015;4,19998741
6,71000015;4,19998741
6,71500015;3,73246789
6,72000015;3,73246789
6,72500015;2,79896641
6,73000015;2,33298445
6,73500015;1,86546493
6,74000015;0,46598175
6,74500015;0,46598175
6,75000015;0,00000000
6,75500015;-0,46598175
6,76000015;0,00000000
6,76500015;-1,86546493
6,77000015;-1,39948320
6,77500015;-1,39948320
6,78000015;-1,86546493
6,78500015;-2,79896641
6,79000014;-2,79896641
6,79500014;-3,26648593
6,80000014;-3,73246789
6,80500014;-4,66596889
6,81000014;-5,13348866
6,81500014;-5,59947062
6,82000014;-6,53297186
6,82500014;-6,06699038
6,83000014;-8,39997482
6,83500014;-7,46647358
6,84000014;-8,39997482
6,84500014;-7,00049162
6,85000014;-8,86749458
6,85500014;-7,93399334
6,86000014;-8,86749458
6,86500014;-7,00049162
6,87000014;-7,00049162
6,87500014;-6,06699038
6,88000014;-5,59947062
6,88500014;-4,19998741
6,89000014;-2,79896641
6,89500014;-2,79896641
6,90000014;-1,86546493
6,90500014;-2,33298445
6,91000014;-0,93196350
6,91500014;-0,46598175
6,92000014;0,46598175
6,92500014;-0,93196350
6,93000014;-1,39948320
6,93500014;-1,39948320
6,94000014;-2,79896641
6,94500014;-2,33298445
6,95000014;-3,26648593
6,95500014;-1,86546493
6,96000014;-2,33298445
6,96500014;-2,79896641
6,97000014;-2,79896641
6,97500014;-1,39948320
6,98000014;-1,86546493
6,98500014;-2,33298445
6,99000014;-1,39948320
6,99500014;-2,33298445
7,00000014;-1,86546493
7,00500014;-1,39948320
7,01000014;-0,46598175
7,01500014;-0,46598175
7,02000014;-1,39948320
7,02500014;-1,86546493
7,03000014;-2,33298445
7,03500014;-2,33298445
7,04000014;-1,86546493
7,04500014;-3,26648593
7,05000014;-1,86546493
7,05500014;-2,33298445
7,06000014;-2,79896641
7,06500014;-2,33298445
7,07000014;-0,93196350
7,07500014;0,00000000
7,08000014;0,46598175
7,08500014;1,39948320
7,09000014;0,93196350
7,09500014;2,33298445
7,10000014;1,86546493
7,10500014;2,33298445
7,11000014;1,86546493
7,11500014;1,39948320
7,12000014;1,86546493
7,12500014;1,39948320
7,13000014;1,39948320
7,13500014;0,93196350
7,14000014;0,93196350
7,14500014;0,00000000
7,15000014;0,93196350
7,15500014;1,86546493
7,16000014;0,46598175
7,16500014;0,93196350
7,17000014;1,39948320
7,17500014;2,33298445
7,18000014;3,73246789
7,18500013;3,73246789
7,19000013;3,73246789
7,19500013;4,19998741
7,20000013;4,19998741
7,20500013;4,66596889
7,21000013;4,66596889
7,21500013;5,13348866
7,22000013;4,66596889
7,22500013;5,13348866
7,23000013;4,19998741
7,23500013;4,66596889
7,24000013;4,19998741
7,24500013;4,19998741
7,25000013;3,26648593
7,25500013;4,19998741
7,26000013;3,73246789
7,26500013;2,79896641
7,27000013;1,86546493
7,27500013;2,33298445
7,28000013;1,86546493
7,28500013;1,39948320
7,29000013;0,93196350
7,29500013;1,39948320
7,30000013;0,46598175
7,30500013;-0,46598175
7,31000013;0,46598175
7,31500013;-1,39948320
7,32000013;-1,39948320
7,32500013;-1,39948320
7,33000013;-1,39948320
7,33500013;-0,93196350
7,34000013;-0,93196350
7,34500013;-1,39948320
7,35000013;-1,39948320
7,35500013;-0,93196350
7,36000013;-1,39948320
7,36500013;-0,93196350
7,37000013;-0,46598175
7,37500013;-0,93196350
7,38000013;-0,93196350
7,38500013;-1,86546493
7,39000013;-2,33298445
7,39500013;-1,86546493
7,40000013;-2,79896641
7,40500013;-3,26648593
7,41000013;-3,26648593
7,41500013;-3,73246789
7,42000013;-5,59947062
7,42500013;-5,59947062
7,43000013;-6,53297186
7,43500013;-5,13348866
7,44000013;-7,00049162
7,44500013;-6,53297186
7,45000013;-7,00049162
7,45500013;-7,46647358
7,46000013;-8,86749458
7,46500013;-8,39997482
7,47000013;-8,39997482
7,47500013;-8,86749458
7,48000013;-8,86749458
7,48500013;-8,39997482
7,49000013;-8,86749458
7,49500013;-7,93399334
7,50000013;-9,33347607
7,50500013;-9,80099583
7,51000013;-8,86749458
7,51500013;-9,33347607
7,52000013;-8,86749458
7,52500013;-8,86749458
7,53000013;-8,39997482
7,53500013;-8,86749458
7,54000013;-9,33347607
7,54500013;-8,39997482
7,55000013;-8,86749458
7,55500013;-7,46647358
7,56000013;-8,39997482
7,56500013;-8,86749458
7,57000013;-8,39997482
7,57500013;-9,33347607
7,58000013;-9,80099583
7,58500012;-8,86749458
7,59000012;-9,33347607
7,59500012;-9,33347607
7,60000012;-10,26697731
7,60500012;-9,33347607
7,61000012;-9,33347607
7,61500012;-8,86749458
7,62000012;-8,39997482
7,62500012;-7,93399334
7,63000012;-7,93399334
7,63500012;-7,00049162
7,64000012;-5,13348866
7,64500012;-4,19998741
7,65000012;-3,26648593
7,65500012;-3,26648593
7,66000012;-1,39948320
7,66500012;-1,86546493
7,67000012;-1,39948320
7,67500012;-2,79896641
7,68000012;-1,86546493
7,68500012;-2,33298445
7,69000012;-2,33298445
7,69500012;-3,26648593
7,70000012;-15,86798668
7,70500012;-4,19998741
7,71000012;-5,13348866
7,71500012;-5,59947062
7,72000012;-5,59947062
7,72500012;-6,06699038
7,73000012;-5,59947062
7,73500012;-6,06699038
7,74000012;-5,13348866
7,74500012;-5,59947062
7,75000012;-5,13348866
7,75500012;-5,59947062
7,76000012;-5,59947062
7,76500012;-5,13348866
7,77000012;-5,59947062
7,77500012;-4,66596889
7,78000012;-5,59947062
7,78500012;-4,66596889
7,79000012;-4,66596889
7,79500012;-4,66596889
7,80000012;-4,66596889
7,80500012;-5,13348866
7,81000012;-4,66596889
7,81500012;-4,66596889
7,82000012;-4,19998741
7,82500012;-4,66596889
7,83000012;-3,26648593
7,83500012;-3,26648593
7,84000012;-3,26648593
7,84500012;-2,33298445
7,85000012;-2,33298445
7,85500012;-3,26648593
7,86000012;-1,86546493
7,86500012;-1,86546493
7,87000012;-2,33298445
7,87500012;-2,33298445
7,88000012;-3,26648593
7,88500012;-2,79896641
7,89000012;-3,26648593
7,89500012;-3,26648593
7,90000012;-4,19998741
7,90500012;-3,26648593
7,91000012;-4,19998741
7,91500012;-4,19998741
7,92000012;-3,26648593
7,92500012;-3,73246789
7,93000012;-3,26648593
7,93500012;-3,26648593
7,94000012;-4,19998741
7,94500012;-3,73246789
7,95000012;-3,73246789
7,95500012;-3,26648593
7,96000012;-4,19998741
7,96500012;-4,66596889
7,97000012;-4,19998741
7,97500012;-3,73246789
7,98000011;-4,19998741
7,98500011;-4,19998741
7,99000011;-3,73246789
7,99500011;-4,19998741
8,00000011;-3,26648593
8,00500011;-4,19998741
8,01000011;-4,66596889
8,01500011;-4,66596889
8,02000011;-5,13348866
8,02500011;-4,66596889
8,03000011;-5,13348866
8,03500011;-5,13348866
8,04000011;-6,53297186
8,04500011;-6,06699038
8,05000011;-6,53297186
8,05500011;-7,46647358
8,06000011;-7,00049162
8,06500011;-7,93399334
8,07000011;-7,46647358
8,07500011;-7,46647358
8,08000011;-7,46647358
8,08500011;-7,93399334
8,09000011;-7,00049162
8,09500011;-7,46647358
8,10000011;-6,06699038
8,10500011;-6,06699038
8,11000011;-7,00049162
8,11500011;-6,06699038
8,12000011;-5,59947062
8,12500011;-6,06699038
8,13000011;-6,06699038
8,13500011;-6,06699038
8,14000011;-6,06699038
8,14500011;-6,06699038
8,15000011;-6,53297186
8,15500011;-7,00049162
8,16000011;-7,46647358
8,16500011;-7,93399334
8,17000011;-7,93399334
8,17500011;-7,93399334
8,18000011;-7,46647358
8,18500011;-8,39997482
8,19000011;-8,86749458
8,19500011;-7,46647358
8,20000011;-8,86749458
8,20500011;-8,39997482
8,21000011;-8,86749458
8,21500011;-8,39997482
8,22000011;-8,39997482
8,22500011;-7,46647358
8,23000011;-7,46647358
8,23500011;-7,46647358
8,24000011;-5,59947062
8,24500011;-6,53297186
8,25000011;-7,00049162
8,25500011;-6,53297186
8,26000011;-6,06699038
8,26500011;-6,06699038
8,27000011;-5,59947062
8,27500011;-5,59947062
8,28000011;-5,13348866
8,28500011;-5,59947062
8,29000011;-4,66596889
8,29500011;-5,13348866
8,30000011;-4,19998741
8,30500011;-4,19998741
8,31000011;-4,66596889
8,31500011;-3,73246789
8,32000011;-4,66596889
8,32500011;-3,73246789
8,33000011;-3,73246789
8,33500011;-3,73246789
8,34000011;-4,19998741
8,34500011;-4,66596889
8,35000011;-6,53297186
8,35500011;-4,66596889
8,36000011;-4,19998741
8,36500011;-4,19998741
8,37000011;-4,66596889
8,37500010;-5,13348866
8,38000010;-5,13348866
8,38500010;-4,66596889
8,39000010;-4,66596889
8,39500010;-4,66596889
8,40000010;-4,19998741
8,40500010;-4,19998741
8,41000010;-4,19998741
8,41500010;-4,19998741
8,42000010;-4,66596889
8,42500010;-4,19998741
8,43000010;-4,66596889
8,43500010;-4,19998741
8,44000010;-4,66596889
8,44500010;-5,59947062
8,45000010;-5,13348866
8,45500010;-5,59947062
8,46000010;-7,00049162
8,46500010;-5,59947062
8,47000010;-6,53297186
8,47500010;-7,00049162
8,48000010;-6,53297186
8,48500010;-7,46647358
8,49000010;-6,53297186
8,49500010;-7,46647358
8,50000010;-7,46647358
8,50500010;-8,39997482
8,51000010;-8,86749458
8,51500010;-8,39997482
8,52000010;-7,46647358
8,52500010;-8,39997482
8,53000010;-7,46647358
8,53500010;-8,39997482
8,54000010;-8,86749458
8,54500010;-8,86749458
8,55000010;-8,86749458
8,55500010;-8,39997482
8,56000010;-9,33347607
8,56500010;-5,59947062
8,57000010;-9,33347607
8,57500010;-9,33347607
8,58000010;-9,80099583
8,58500010;-9,33347607
8,59000010;-8,86749458
8,59500010;-8,86749458
8,60000010;-9,80099583
8,60500010;-9,33347607
8,61000010;-9,33347607
8,61500010;-8,86749458
8,62000010;-9,33347607
8,62500010;-9,80099583
8,63000010;-9,80099583
8,63500010;-10,26697731
8,64000010;-10,73449707
8,64500010;-9,33347607
8,65000010;-10,26697731
8,65500010;-11,20047951
8,66000010;-11,66799831
8,66500010;-12,13398075
8,67000010;-12,60150051
8,67500010;-13,53500175
8,68000010;-12,13398075
8,68500010;-13,06748199
8,69000010;-13,53500175
8,69500010;-14,00098324
8,70000010;-13,53500175
8,70500010;-13,06748199
8,71000010;-14,00098324
8,71500010;-14,00098324
8,72000010;-14,46850300
8,72500010;-14,46850300
8,73000010;-14,46850300
8,73500010;-14,93448448
8,74000010;-14,00098324
8,74500010;-15,40046692
8,75000010;-15,40046692
8,75500010;-16,33396912
8,76000010;-15,40046692
8,76500010;-15,86798668
8,77000009;-16,33396912
8,77500009;-15,40046692
8,78000009;-14,46850300
8,78500009;-14,00098324
8,79000009;-13,53500175
8,79500009;-13,06748199
8,80000009;-13,06748199
8,80500009;-11,66799831
8,81000009;-10,26697731
8,81500009;-10,73449707
8,82000009;-9,80099583
8,82500009;-9,80099583
8,83000009;-8,86749458
8,83500009;-8,39997482
8,84000009;-8,86749458
8,84500009;-8,39997482
8,85000009;-9,33347607
8,85500009;-9,80099583
8,86000009;-9,80099583
8,86500009;-9,80099583
8,87000009;-10,73449707
8,87500009;-11,20047951
8,88000009;-10,26697731
8,88500009;-10,73449707
8,89000009;-9,33347607
8,89500009;-9,80099583
8,90000009;-10,26697731
8,90500009;-9,33347607
8,91000009;-9,33347607
8,91500009;-9,33347607
8,92000009;-9,33347607
8,92500009;-8,86749458
8,93000009;-9,33347607
8,93500009;-8,39997482
8,94000009;-11,20047951
8,94500009;-9,33347607
8,95000009;-9,33347607
8,95500009;-9,80099583
8,96000009;-9,33347607
8,96500009;-8,39997482
8,97000009;-8,39997482
8,97500009;-8,39997482
8,98000009;-7,00049162
8,98500009;-7,00049162
8,99000009;-6,53297186
8,99500009;-6,53297186
9,00000009;-5,59947062
9,00500009;-5,59947062
9,01000009;-5,59947062
9,01500009;-4,66596889
9,02000009;-5,59947062
9,02500009;-6,06699038
9,03000009;-5,59947062
9,03500009;-5,13348866
9,04000009;-4,66596889
9,04500009;-5,13348866
9,05000009;-5,59947062
9,05500009;-5,59947062
9,06000009;-6,06699038
9,06500009;-5,59947062
9,07000009;-4,19998741
9,07500009;-3,73246789
9,08000009;-4,19998741
9,08500009;-3,73246789
9,09000009;-3,73246789
9,09500009;-1,86546493
9,10000009;-1,86546493
9,10500009;-2,33298445
9,11000009;-1,39948320
9,11500009;-1,86546493
9,12000009;-0,93196350
9,12500009;-2,33298445
9,13000009;-2,79896641
9,13500009;-2,33298445
9,14000009;-2,79896641
9,14500009;-3,26648593
9,15000009;-2,79896641
9,15500009;-4,19998741
9,16000009;-3,73246789
9,16500008;-4,66596889
9,17000008;-3,26648593
9,17500008;-4,19998741
9,18000008;-4,66596889
9,18500008;-4,66596889
9,19000008;-4,66596889
9,19500008;-5,59947062
9,20000008;-5,59947062
9,20500008;-5,59947062
9,21000008;-5,59947062
9,21500008;-5,59947062
9,22000008;-5,59947062
9,22500008;-6,53297186
9,23000008;-6,06699038
9,23500008;-7,46647358
9,24000008;-7,46647358
9,24500008;-8,39997482
9,25000008;-7,93399334
9,25500008;-7,46647358
9,26000008;-8,86749458
9,26500008;-8,39997482
9,27000008;-8,39997482
9,27500008;-7,00049162
9,28000008;-9,33347607
9,28500008;-7,46647358
9,29000008;-8,86749458
9,29500008;-7,93399334
9,30000008;-7,93399334
9,30500008;-7,46647358
9,31000008;-8,39997482
9,31500008;-7,46647358
9,32000008;-8,86749458
9,32500008;-7,93399334
9,33000008;-8,86749458
9,33500008;-9,33347607
9,34000008;-10,26697731
9,34500008;-9,80099583
9,35000008;-11,20047951
9,35500008;-10,73449707
9,36000008;-11,20047951
9,36500008;-21,00147629
9,37000008;-11,20047951
9,37500008;-11,66799831
9,38000008;-12,13398075
9,38500008;-11,66799831
9,39000008;-11,66799831
9,39500008;-11,20047951
9,40000008;-12,13398075
9,40500008;-12,13398075
9,41000008;-12,13398075
9,41500008;-11,66799831
9,42000008;-12,13398075
9,42500008;-11,66799831
9,43000008;-10,26697731
9,43500008;-12,13398075
9,44000008;-12,60150051
9,44500008;-13,06748199
9,45000008;-12,60150051
9,45500008;-11,66799831
9,46000008;-13,06748199
9,46500008;-13,06748199
9,47000008;-11,66799831
9,47500008;-11,20047951
9,48000008;-13,06748199
9,48500008;-12,13398075
9,49000008;-12,13398075
9,49500008;-12,60150051
9,50000008;-13,06748199
9,50500008;-12,13398075
9,51000008;-12,13398075
9,51500008;-11,66799831
9,52000008;-11,20047951
9,52500008;-11,20047951
9,53000008;-10,26697731
9,53500008;-10,26697731
9,54000008;-9,80099583
9,54500008;-8,39997482
9,55000008;-8,86749458
9,55500008;-7,00049162
9,56000007;-6,53297186
9,56500007;-6,06699038
9,57000007;-5,59947062
9,57500007;-5,59947062
9,58000007;-5,59947062
9,58500007;-5,13348866
9,59000007;-5,13348866
9,59500007;-5,59947062
9,60000007;-6,06699038
9,60500007;-6,06699038
9,61000007;-7,00049162
9,61500007;-7,46647358
9,62000007;-7,00049162
9,62500007;-7,93399334
9,63000007;-7,46647358
9,63500007;-7,93399334
9,64000007;-8,39997482
9,64500007;-7,46647358
9,65000007;-8,86749458
9,65500007;-8,39997482
9,66000007;-6,53297186
9,66500007;-7,00049162
9,67000007;-7,46647358
9,67500007;-5,59947062
9,68000007;-7,00049162
9,68500007;-6,06699038
9,69000007;-6,06699038
9,69500007;-7,00049162
9,70000007;-2,79896641
9,70500007;-6,06699038
9,71000007;-6,06699038
9,71500007;-5,59947062
9,72000007;-5,59947062
9,72500007;-6,06699038
9,73000007;-4,66596889
9,73500007;-4,19998741
9,74000007;-3,26648593
9,74500007;-5,13348866
9,75000007;-3,73246789
9,75500007;-2,33298445
9,76000007;-1,86546493
9,76500007;-1,39948320
9,77000007;-3,26648593
9,77500007;-2,33298445
9,78000007;-0,93196350
9,78500007;-2,33298445
9,79000007;0,00000000
9,79500007;-0,46598175
9,80000007;0,00000000
9,80500007;0,93196350
9,81000007;0,93196350
9,81500007;1,39948320
9,82000007;1,39948320
9,82500007;1,86546493
9,83000007;3,26648593
9,83500007;3,26648593
9,84000007;3,26648593
9,84500007;4,66596889
9,85000007;4,19998741
9,85500007;5,13348866
9,86000007;6,53297186
9,86500007;5,13348866
9,87000007;6,06699038
9,87500007;5,13348866
9,88000007;4,66596889
9,88500007;5,13348866
9,89000007;4,66596889
9,89500007;4,66596889
9,90000007;3,73246789
9,90500007;4,66596889
9,91000007;4,19998741
9,91500007;3,26648593
9,92000007;3,73246789
9,92500007;3,73246789
9,93000007;2,79896641
9,93500007;2,33298445
9,94000007;2,33298445
9,94500007;1,86546493
9,95000007;2,79896641
9,95500007;1,39948320
9,96000006;1,86546493
9,96500006;1,86546493
9,97000006;3,73246789
9,97500006;0,93196350
9,98000006;0,93196350
9,98500006;0,00000000
9,99000006;0,00000000
9,99500006;0,46598175
10,00000006;0,93196350
10,00500006;0,00000000
10,01000006;0,00000000
10,01500006;0,93196350
10,02000006;0,93196350
10,02500006;0,00000000
10,03000006;0,00000000
10,03500006;0,46598175
10,04000006;0,46598175
10,04500006;0,46598175
10,05000006;-0,46598175
10,05500006;0,00000000
10,06000006;0,00000000
10,06500006;-0,46598175
10,07000006;-0,46598175
10,07500006;-0,93196350
10,08000006;-0,93196350
10,08500006;-0,93196350
10,09000006;-1,39948320
10,09500006;-0,93196350
10,10000006;-0,93196350
10,10500006;-0,93196350
10,11000006;-0,46598175
10,11500006;-0,93196350
10,12000006;-1,39948320
10,12500006;-0,46598175
10,13000006;-1,39948320
10,13500006;-0,93196350
10,14000006;-0,93196350
10,14500006;-0,93196350
10,15000006;-0,46598175
10,15500006;-0,93196350
10,16000006;-0,46598175
10,16500006;-0,93196350
10,17000006;-1,39948320
10,17500006;-0,46598175
10,18000006;0,00000000
10,18500006;-0,46598175
10,19000006;0,46598175
10,19500006;0,46598175
10,20000006;1,39948320
10,20500006;1,86546493
10,21000006;2,33298445
10,21500006;1,39948320
10,22000006;2,33298445
10,22500006;2,33298445
10,23000006;2,33298445
10,23500006;1,86546493
10,24000006;2,79896641
10,24500006;1,86546493
10,25000006;2,33298445
10,25500006;1,86546493
10,26000006;0,93196350
10,26500006;0,93196350
10,27000006;1,39948320
10,27500006;0,93196350
10,28000006;0,93196350
10,28500006;2,33298445
10,29000006;0,93196350
10,29500006;0,93196350
10,30000006;0,93196350
10,30500006;2,33298445
10,31000006;0,93196350
10,31500006;1,39948320
10,32000006;2,79896641
10,32500006;1,86546493
10,33000006;3,26648593
10,33500006;3,26648593
10,34000006;2,79896641
10,34500006;3,73246789
10,35000006;4,19998741
10,35500005;4,19998741
10,36000005;5,13348866
10,36500005;5,13348866
10,37000005;5,13348866
10,37500005;4,66596889
10,38000005;5,59947062
10,38500005;5,13348866
10,39000005;5,13348866
10,39500005;5,13348866
10,40000005;4,19998741
10,40500005;3,26648593
10,41000005;3,73246789
10,41500005;3,26648593
10,42000005;2,79896641
10,42500005;2,79896641
10,43000005;2,33298445
10,43500005;1,86546493
10,44000005;0,93196350
10,44500005;1,86546493
10,45000005;1,86546493
10,45500005;1,86546493
10,46000005;1,39948320
10,46500005;1,86546493
10,47000005;1,86546493
10,47500005;0,00000000
10,48000005;1,39948320
10,48500005;1,86546493
10,49000005;1,86546493
10,49500005;2,33298445
10,50000005;2,79896641
10,50500005;2,33298445
10,51000005;3,73246789
10,51500005;3,26648593
10,52000005;3,73246789
10,52500005;3,26648593
10,53000005;4,66596889
10,53500005;3,73246789
10,54000005;3,73246789
10,54500005;3,26648593
10,55000005;3,26648593
10,55500005;4,66596889
10,56000005;2,79896641
10,56500005;1,86546493
10,57000005;1,86546493
10,57500005;1,39948320
10,58000005;0,46598175
10,58500005;0,93196350
10,59000005;0,00000000
10,59500005;0,00000000
10,60000005;-1,86546493
10,60500005;-1,39948320
10,61000005;-2,33298445
10,61500005;-1,39948320
10,62000005;-2,79896641
10,62500005;-2,79896641
10,63000005;-3,73246789
10,63500005;-3,26648593
10,64000005;-2,79896641
10,64500005;-3,26648593
10,65000005;-3,26648593
10,65500005;-2,33298445
10,66000005;-3,26648593
10,66500005;-3,73246789
10,67000005;-3,73246789
10,67500005;-5,59947062
10,68000005;-3,26648593
10,68500005;-4,19998741
10,69000005;-4,19998741
10,69500005;-2,79896641
10,70000005;-2,33298445
10,70500005;-2,33298445
10,71000005;-1,39948320
10,71500005;-0,46598175
10,72000005;0,93196350
10,72500005;0,46598175
10,73000005;0,93196350
10,73500005;1,39948320
10,74000005;1,86546493
10,74500005;1,39948320
10,75000004;0,93196350
10,75500004;0,93196350
10,76000004;-0,46598175
10,76500004;0,00000000
10,77000004;0,46598175
10,77500004;0,00000000
10,78000004;-1,39948320
10,78500004;-2,33298445
10,79000004;-1,39948320
10,79500004;-0,46598175
10,80000004;0,46598175
10,80500004;0,00000000
10,81000004;0,00000000
10,81500004;0,46598175
10,82000004;0,00000000
10,82500004;0,46598175
10,83000004;1,39948320
10,83500004;0,93196350
10,84000004;1,86546493
10,84500004;2,33298445
10,85000004;1,86546493
10,85500004;2,79896641
10,86000004;3,73246789
10,86500004;1,86546493
10,87000004;2,33298445
10,87500004;2,79896641
10,88000004;2,33298445
10,88500004;2,79896641
10,89000004;4,19998741
10,89500004;5,13348866
10,90000004;5,13348866
10,90500004;5,59947062
10,91000004;5,59947062
10,91500004;6,06699038
10,92000004;6,06699038
10,92500004;6,53297186
10,93000004;7,46647358
10,93500004;7,93399334
10,94000004;7,46647358
10,94500004;8,39997482
10,95000004;8,39997482
10,95500004;7,46647358
10,96000004;7,93399334
10,96500004;8,39997482
10,97000004;8,86749458
10,97500004;8,86749458
10,98000004;10,26697731
10,98500004;9,33347607
10,99000004;9,80099583
10,99500004;9,80099583
11,00000004;10,73449707
11,00500004;9,80099583
11,01000004;10,73449707
11,01500004;10,73449707
11,02000004;8,39997482
11,02500004;10,73449707
11,03000004;10,73449707
11,03500004;10,73449707
11,04000004;11,20047951
11,04500004;11,20047951
11,05000004;10,73449707
11,05500004;10,26697731
11,06000004;10,26697731
11,06500004;9,80099583
11,07000004;8,86749458
11,07500004;7,00049162
11,08000004;8,39997482
11,08500004;7,46647358
11,09000004;7,46647358
11,09500004;7,00049162
11,10000004;6,06699038
11,10500004;5,59947062
11,11000004;6,53297186
11,11500004;5,13348866
11,12000004;5,13348866
11,12500004;5,59947062
11,13000004;5,59947062
11,13500004;5,13348866
11,14000004;5,13348866
11,14500003;5,59947062
11,15000003;6,06699038
11,15500003;5,59947062
11,16000003;6,53297186
11,16500003;6,06699038
11,17000003;6,53297186
11,17500003;6,53297186
11,18000003;6,53297186
11,18500003;3,26648593
11,19000003;6,06699038
11,19500003;5,59947062
11,20000003;5,59947062
11,20500003;5,13348866
11,21000003;4,19998741
11,21500003;3,73246789
11,22000003;4,19998741
11,22500003;2,33298445
11,23000003;3,73246789
11,23500003;2,79896641
11,24000003;2,33298445
11,24500003;1,86546493
11,25000003;1,86546493
11,25500003;2,33298445
11,26000003;1,86546493
11,26500003;1,86546493
11,27000003;0,00000000
11,27500003;0,93196350
11,28000003;-0,46598175
11,28500003;-0,93196350
11,29000003;-0,46598175
11,29500003;0,00000000
11,30000003;-1,86546493
11,30500003;-0,46598175
11,31000003;-0,93196350
11,31500003;-1,86546493
11,32000003;-2,33298445
11,32500003;-1,86546493
11,33000003;-0,93196350
11,33500003;-1,86546493
11,34000003;-0,93196350
11,34500003;-1,39948320
11,35000003;-0,46598175
11,35500003;-0,46598175
11,36000003;-0,46598175
11,36500003;-0,93196350
11,37000003;-0,46598175
11,37500003;-0,46598175
11,38000003;-0,93196350
11,38500003;0,00000000
11,39000003;0,46598175
11,39500003;-0,46598175
11,40000003;-0,93196350
11,40500003;0,00000000
11,41000003;0,00000000
11,41500003;0,46598175
11,42000003;0,46598175
11,42500003;0,93196350
11,43000003;0,93196350
11,43500003;2,79896641
11,44000003;2,33298445
11,44500003;4,19998741
11,45000003;4,66596889
11,45500003;5,13348866
11,46000003;6,06699038
11,46500003;5,59947062
11,47000003;8,39997482
11,47500003;8,86749458
11,48000003;9,33347607
11,48500003;9,33347607
11,49000003;9,80099583
11,49500003;10,26697731
11,50000003;10,26697731
11,50500003;9,80099583
11,51000003;8,86749458
11,51500003;9,33347607
11,52000003;7,93399334
11,52500003;7,93399334
11,53000003;10,26697731
11,53500003;7,93399334
11,54000002;7,46647358
11,54500002;7,46647358
11,55000002;7,93399334
11,55500002;7,46647358
11,56000002;7,00049162
11,56500002;7,93399334
11,57000002;9,33347607
11,57500002;7,93399334
11,58000002;8,39997482
11,58500002;8,86749458
11,59000002;7,93399334
11,59500002;8,86749458
11,60000002;8,86749458
11,60500002;8,39997482
11,61000002;8,39997482
11,61500002;9,80099583
11,62000002;9,33347607
11,62500002;10,73449707
11,63000002;9,80099583
11,63500002;11,20047951
11,64000002;10,73449707
11,64500002;11,20047951
11,65000002;12,13398075
11,65500002;11,66799831
11,66000002;12,60150051
11,66500002;12,60150051
11,67000002;12,60150051
11,67500002;12,13398075
11,68000002;12,60150051
11,68500002;13,53500175
11,69000002;13,06748199
11,69500002;12,13398075
11,70000002;12,60150051
11,70500002;11,20047951
11,71000002;11,20047951
11,71500002;12,13398075
11,72000002;11,66799831
11,72500002;11,20047951
11,73000002;11,20047951
11,73500002;11,66799831
11,74000002;12,13398075
11,74500002;12,13398075
11,75000002;12,13398075
11,75500002;11,66799831
11,76000002;11,66799831
11,76500002;12,13398075
11,77000002;12,13398075
11,77500002;11,66799831
11,78000002;12,60150051
11,78500002;12,13398075
11,79000002;11,66799831
11,79500002;10,73449707
11,80000002;12,13398075
11,80500002;11,20047951
11,81000002;10,73449707
11,81500002;10,73449707
11,82000002;11,20047951
11,82500002;10,73449707
11,83000002;10,73449707
11,83500002;11,20047951
11,84000002;10,26697731
11,84500002;10,73449707
11,85000002;11,20047951
11,85500002;11,66799831
11,86000002;11,20047951
11,86500002;10,26697731
11,87000002;11,20047951
11,87500002;10,26697731
11,88000002;11,20047951
11,88500002;10,26697731
11,89000002;10,26697731
11,89500002;11,20047951
11,90000002;10,26697731
11,90500002;11,20047951
11,91000002;10,26697731
11,91500002;10,73449707
11,92000002;10,26697731
11,92500002;12,13398075
11,93000002;11,66799831
11,93500002;13,06748199
11,94000001;12,60150051
11,94500001;14,00098324
11,95000001;14,93448448
11,95500001;13,53500175
11,96000001;15,40046692
11,96500001;15,40046692
11,97000001;15,86798668
11,97500001;14,93448448
11,98000001;15,40046692
11,98500001;15,40046692
11,99000001;15,40046692
11,99500001;15,40046692
12,00000001;14,46850300
12,00500001;15,86798668
12,01000001;14,93448448
12,01500001;14,46850300
12,02000001;14,93448448
12,02500001;15,40046692
12,03000001;14,46850300
12,03500001;14,93448448
12,04000001;14,93448448
12,04500001;15,40046692
12,05000001;14,46850300
12,05500001;14,46850300
12,06000001;14,93448448
12,06500001;14,93448448
12,07000001;14,46850300
12,07500001;14,46850300
12,08000001;14,46850300
12,08500001;14,93448448
12,09000001;15,86798668
12,09500001;15,40046692
12,10000001;15,40046692
12,10500001;14,93448448
12,11000001;15,40046692
12,11500001;15,86798668
12,12000001;16,33396912
12,12500001;16,33396912
12,13000001;16,33396912
12,13500001;16,80148888
12,14000001;15,40046692
12,14500001;15,40046692
12,15000001;15,86798668
12,15500001;15,40046692
12,16000001;14,46850300
12,16500001;14,46850300
12,17000001;14,00098324
12,17500001;14,00098324
12,18000001;13,53500175
12,18500001;13,53500175
12,19000001;13,06748199
12,19500001;13,53500175
12,20000001;12,13398075
12,20500001;12,60150051
12,21000001;11,20047951
12,21500001;12,13398075
12,22000001;13,53500175
12,22500001;12,13398075
12,23000001;11,66799831
12,23500001;11,66799831
12,24000001;12,60150051
12,24500001;11,66799831
12,25000001;12,13398075
12,25500001;13,53500175
12,26000001;12,60150051
12,26500001;13,06748199
12,27000001;12,60150051
12,27500001;14,00098324
12,28000001;12,13398075
12,28500001;12,13398075
12,29000001;10,73449707
12,29500001;12,60150051
12,30000001;12,13398075
12,30500001;11,20047951
12,31000001;12,13398075
12,31500001;12,13398075
12,32000001;11,66799831
12,32500001;12,13398075
12,33000001;13,06748199
12,33500000;12,60150051
12,34000000;11,66799831
12,34500000;12,60150051
12,35000000;12,60150051
12,35500000;13,06748199
12,36000000;12,60150051
12,36500000;13,06748199
12,37000000;13,06748199
12,37500000;13,06748199
12,38000000;12,13398075
12,38500000;13,53500175
12,39000000;13,06748199
12,39500000;13,06748199
12,40000000;13,06748199
12,40500000;12,60150051
12,41000000;12,60150051
12,41500000;13,53500175
12,42000000;12,60150051
12,42500000;13,06748199
12,43000000;12,13398075
12,43500000;12,60150051
12,44000000;12,13398075
12,44500000;12,60150051
12,45000000;12,60150051
12,45500000;12,60150051
12,46000000;12,13398075
12,46500000;10,73449707
12,47000000;12,13398075
12,47500000;11,66799831
12,48000000;10,73449707
12,48500000;10,26697731
12,49000000;6,06699038
12,49500000;10,26697731
12,50000000;8,86749458
12,50500000;10,26697731
12,51000000;7,00049162
12,51500000;7,93399334
12,52000000;7,00049162
12,52500000;6,53297186
12,53000000;5,59947062
12,53500000;5,13348866
12,54000000;5,13348866
12,54500000;5,13348866
12,55000000;3,73246789
12,55500000;4,66596889
12,56000000;4,19998741
12,56500000;3,73246789
12,57000000;3,26648593
12,57500000;3,73246789
12,58000000;3,26648593
12,58500000;3,26648593
12,59000000;3,73246789
12,59500000;2,79896641
12,60000000;4,66596889
12,60500000;4,19998741
12,61000000;5,13348866
12,61500000;6,06699038
12,62000000;6,53297186
12,62500000;7,00049162
12,63000000;7,93399334
12,63500000;7,93399334
12,64000000;8,86749458
12,64500000;9,80099583
12,65000000;9,33347607
12,65500000;8,39997482
12,66000000;7,93399334
12,66500000;8,39997482
12,67000000;7,93399334
12,67500000;7,46647358
12,68000000;7,00049162
12,68500000;6,53297186
12,69000000;5,59947062
12,69500000;5,59947062
12,70000000;5,13348866
12,70500000;5,59947062
12,71000000;5,59947062
12,71500000;6,06699038
12,72000000;6,06699038
12,72500000;6,06699038
12,72999999;6,53297186
12,73499999;6,53297186
12,73999999;8,39997482
12,74499999;7,46647358
12,74999999;8,39997482
12,75499999;9,80099583
12,75999999;9,80099583
12,76499999;9,33347607
12,76999999;10,73449707
12,77499999;9,80099583
12,77999999;10,26697731
12,78499999;10,26697731
12,78999999;11,66799831
12,79499999;10,73449707
12,79999999;11,20047951
12,80499999;11,66799831
12,80999999;11,20047951
12,81499999;11,20047951
12,81999999;10,73449707
12,82499999;10,73449707
12,82999999;10,26697731
12,83499999;11,20047951
12,83999999;9,80099583
12,84499999;9,33347607
12,84999999;9,80099583
12,85499999;9,33347607
12,85999999;8,86749458
12,86499999;9,33347607
12,86999999;9,80099583
12,87499999;9,80099583
12,87999999;8,86749458
12,88499999;10,73449707
12,88999999;10,26697731
12,89499999;11,20047951
12,89999999;11,20047951
12,90499999;11,66799831
12,90999999;11,20047951
12,91499999;12,13398075
12,91999999;11,66799831
12,92499999;12,60150051
12,92999999;11,20047951
12,93499999;11,66799831
12,93999999;11,20047951
12,94499999;10,73449707
12,94999999;10,26697731
12,95499999;9,80099583
12,95999999;8,86749458
12,96499999;8,86749458
12,96999999;7,46647358
12,97499999;8,86749458
12,97999999;7,00049162
12,98499999;7,93399334
12,98999999;7,46647358
12,99499999;7,00049162
12,99999999;6,53297186
13,00499999;7,00049162
13,00999999;6,06699038
13,01499999;6,53297186
13,01999999;5,59947062
13,02499999;6,06699038
13,02999999;5,59947062
13,03499999;5,59947062
13,03999999;0,93196350
13,04499999;5,59947062
13,04999999;4,66596889
13,05499999;5,59947062
13,05999999;6,06699038
13,06499999;5,59947062
13,06999999;6,06699038
13,07499999;8,39997482
13,07999999;6,53297186
13,08499999;7,46647358
13,08999999;7,93399334
13,09499999;7,93399334
13,09999999;7,46647358
13,10499999;8,39997482
13,10999999;6,53297186
13,11499999;7,46647358
13,11999999;6,06699038
13,12499998;5,59947062
13,12999998;4,66596889
13,13499998;3,73246789
13,13999998;3,26648593
13,14499998;2,79896641
13,14999998;2,79896641
13,15499998;2,33298445
13,15999998;0,93196350
13,16499998;0,00000000
13,16999998;0,00000000
13,17499998;-0,46598175
13,17999998;-0,93196350
13,18499998;-1,39948320
13,18999998;-1,39948320
13,19499998;-0,46598175
13,19999998;-0,46598175
13,20499998;-0,46598175
13,20999998;-1,39948320
13,21499998;-1,39948320
13,21999998;-1,86546493
13,22499998;-1,39948320
13,22999998;-0,93196350
13,23499998;-1,86546493
13,23999998;-1,86546493
13,24499998;-2,33298445
13,24999998;-2,33298445
13,25499998;-2,33298445
13,25999998;-3,26648593
13,26499998;-3,26648593
13,26999998;-3,73246789
13,27499998;-4,19998741
13,27999998;-4,19998741
13,28499998;-3,73246789
13,28999998;-5,13348866
13,29499998;-4,19998741
13,29999998;-5,59947062
13,30499998;-4,66596889
13,30999998;-5,59947062
13,31499998;-5,13348866
13,31999998;-6,06699038
13,32499998;-4,66596889
13,32999998;-5,13348866
13,33499998;-6,06699038
13,33999998;-4,66596889
13,34499998;-4,19998741
13,34999998;-3,73246789
13,35499998;-1,86546493
13,35999998;-1,39948320
13,36499998;-1,39948320
13,36999998;0,46598175
13,37499998;0,46598175
13,37999998;1,39948320
13,38499998;1,86546493
13,38999998;2,79896641
13,39499998;2,79896641
13,39999998;2,79896641
13,40499998;2,79896641
13,40999998;1,86546493
13,41499998;2,33298445
13,41999998;-8,86749458
13,42499998;1,39948320
13,42999998;1,39948320
13,43499998;0,93196350
13,43999998;0,00000000
13,44499998;0,46598175
13,44999998;0,46598175
13,45499998;0,00000000
13,45999998;0,00000000
13,46499998;0,46598175
13,46999998;-0,93196350
13,47499998;-0,93196350
13,47999998;-1,39948320
13,48499998;0,00000000
13,48999998;0,46598175
13,49499998;0,46598175
13,49999998;0,00000000
13,50499998;-0,93196350
13,50999998;0,00000000
13,51499998;1,39948320
13,51999997;0,00000000
13,52499997;2,33298445
13,52999997;0,93196350
13,53499997;0,00000000
13,53999997;1,86546493
13,54499997;2,33298445
13,54999997;1,86546493
13,55499997;3,26648593
13,55999997;6,53297186
13,56499997;2,79896641
13,56999997;3,26648593
13,57499997;3,26648593
13,57999997;4,19998741
13,58499997;3,26648593
13,58999997;3,26648593
13,59499997;3,73246789
13,59999997;3,26648593
13,60499997;3,26648593
13,60999997;3,26648593
13,61499997;2,79896641
13,61999997;2,33298445
13,62499997;2,33298445
13,62999997;2,33298445
13,63499997;2,33298445
13,63999997;1,86546493
13,64499997;3,26648593
13,64999997;3,26648593
13,65499997;3,26648593
13,65999997;4,19998741
13,66499997;4,19998741
13,66999997;4,19998741
13,67499997;6,06699038
13,67999997;4,66596889
13,68499997;5,13348866
13,68999997;1,86546493
13,69499997;4,19998741
13,69999997;4,19998741
13,70499997;2,79896641
13,70999997;2,33298445
13,71499997;2,33298445
13,71999997;2,33298445
13,72499997;1,39948320
13,72999997;1,39948320
13,73499997;0,93196350
13,73999997;0,93196350
13,74499997;0,46598175
13,74999997;0,46598175
13,75499997;0,46598175
13,75999997;-0,46598175
13,76499997;0,46598175
13,76999997;0,00000000
13,77499997;0,46598175
13,77999997;0,46598175
13,78499997;0,93196350
13,78999997;0,46598175
13,79499997;0,93196350
13,79999997;0,93196350
13,80499997;0,93196350
13,80999997;0,93196350
13,81499997;0,93196350
13,81999997;0,00000000
13,82499997;0,93196350
13,82999997;0,93196350
13,83499997;0,46598175
13,83999997;0,46598175
13,84499997;1,39948320
13,84999997;1,39948320
13,85499997;0,46598175
13,85999997;0,93196350
13,86499997;0,46598175
13,86999997;0,93196350
13,87499997;0,00000000
13,87999997;-0,93196350
13,88499997;0,00000000
13,88999997;-0,46598175
13,89499997;0,00000000
13,89999997;-0,93196350
13,90499997;-1,86546493
13,90999997;-1,39948320
13,91499996;-0,93196350
13,91999996;-1,86546493
13,92499996;-1,39948320
13,92999996;-1,86546493
13,93499996;-1,86546493
13,93999996;-1,86546493
13,94499996;-1,86546493
13,94999996;-1,39948320
13,95499996;-1,39948320
13,95999996;-1,86546493
13,96499996;-2,33298445
13,96999996;-4,19998741
13,97499996;-1,86546493
13,97999996;-1,86546493
13,98499996;-1,86546493
13,98999996;-2,33298445
13,99499996;-1,86546493
13,99999996;-0,93196350
14,00499996;-1,86546493
14,00999996;0,46598175
14,01499996;-0,46598175
14,01999996;-1,39948320
14,02499996;-0,46598175
14,02999996;-0,46598175
14,03499996;-0,46598175
14,03999996;-0,93196350
14,04499996;0,00000000
14,04999996;0,00000000
14,05499996;0,46598175
14,05999996;0,93196350
14,06499996;0,93196350
14,06999996;0,46598175
14,07499996;0,93196350
14,07999996;0,46598175
14,08499996;0,93196350
14,08999996;0,00000000
14,09499996;0,93196350
14,09999996;1,39948320
14,10499996;0,46598175
14,10999996;0,93196350
14,11499996;-0,46598175
14,11999996;-0,46598175
14,12499996;0,46598175
14,12999996;0,46598175
14,13499996;0,46598175
14,13999996;0,00000000
14,14499996;0,00000000
14,14999996;0,00000000
14,15499996;0,00000000
14,15999996;-0,93196350
14,16499996;-1,39948320
14,16999996;-1,39948320
14,17499996;-1,86546493
14,17999996;-2,79896641
14,18499996;-2,79896641
14,18999996;-3,26648593
14,19499996;-2,33298445
14,19999996;-2,79896641
14,20499996;-3,26648593
14,20999996;-3,73246789
14,21499996;-3,26648593
14,21999996;-3,73246789
14,22499996;-3,73246789
14,22999996;-3,73246789
14,23499996;-4,66596889
14,23999996;-5,13348866
14,24499996;-3,73246789
14,24999996;-4,19998741
14,25499996;-3,73246789
14,25999996;-5,13348866
14,26499996;-6,53297186
14,26999996;-5,13348866
14,27499996;-5,59947062
14,27999996;-6,06699038
14,28499996;-6,06699038
14,28999996;-6,53297186
14,29499996;-5,13348866
14,29999996;-6,06699038
14,30499996;-6,53297186
14,30999996;-7,46647358
14,31499995;-7,00049162
14,31999995;-6,53297186
14,32499995;-7,00049162
14,32999995;-7,00049162
14,33499995;-7,00049162
14,33999995;-6,53297186
14,34499995;-7,93399334
14,34999995;-7,00049162
14,35499995;-7,93399334
14,35999995;-7,93399334
14,36499995;-7,46647358
14,36999995;-7,93399334
14,37499995;-7,46647358
14,37999995;-7,46647358
14,38499995;-8,39997482
14,38999995;-8,86749458
14,39499995;-8,39997482
14,39999995;-8,86749458
14,40499995;-9,80099583
14,40999995;-8,86749458
14,41499995;-9,80099583
14,41999995;-9,80099583
14,42499995;-9,33347607
14,42999995;-10,73449707
14,43499995;-9,33347607
14,43999995;-9,80099583
14,44499995;-9,33347607
14,44999995;-9,80099583
14,45499995;-10,26697731
14,45999995;-10,26697731
14,46499995;-10,26697731
14,46999995;-11,20047951
14,47499995;-11,66799831
14,47999995;-12,13398075
14,48499995;-11,20047951
14,48999995;-13,53500175
14,49499995;-11,20047951
14,49999995;-11,66799831
14,50499995;-12,60150051
14,50999995;-11,66799831
14,51499995;-9,80099583
14,51999995;-10,26697731
14,52499995;-9,33347607
14,52999995;-7,93399334
14,53499995;-7,00049162
14,53999995;-6,53297186
14,54499995;-4,66596889
14,54999995;-5,13348866
14,55499995;-3,73246789
14,55999995;-4,19998741
14,56499995;-3,73246789
14,56999995;-3,73246789
14,57499995;-4,19998741
14,57999995;-4,19998741
14,58499995;-4,19998741
14,58999995;-5,59947062
14,59499995;-5,13348866
14,59999995;-5,13348866
14,60499995;-5,59947062
14,60999995;-5,59947062
14,61499995;-5,59947062
14,61999995;-5,13348866
14,62499995;-6,06699038
14,62999995;-6,06699038
14,63499995;-6,06699038
14,63999995;-4,66596889
14,64499995;-6,06699038
14,64999995;-4,66596889
14,65499995;-4,66596889
14,65999995;-4,66596889
14,66499995;-4,19998741
14,66999995;-4,66596889
14,67499995;-5,13348866
14,67999995;-5,13348866
14,68499995;-4,19998741
14,68999995;-6,06699038
14,69499995;-4,66596889
14,69999995;-4,66596889
14,70499995;-4,19998741
14,70999994;-4,66596889
14,71499994;-3,73246789
14,71999994;-3,26648593
14,72499994;-2,79896641
14,72999994;-3,73246789
14,73499994;-3,26648593
14,73999994;-3,73246789
14,74499994;-2,79896641
14,74999994;-3,73246789
14,75499994;-3,26648593
14,75999994;-4,66596889
14,76499994;-5,13348866
14,76999994;-3,73246789
14,77499994;-4,66596889
14,77999994;-5,13348866
14,78499994;-4,66596889
14,78999994;-5,59947062
14,79499994;-4,19998741
14,79999994;-4,19998741
14,80499994;-4,66596889
14,80999994;-4,19998741
14,81499994;-3,73246789
14,81999994;-3,73246789
14,82499994;-4,19998741
14,82999994;-3,73246789
14,83499994;-3,73246789
14,83999994;-3,73246789
14,84499994;-3,26648593
14,84999994;-2,79896641
14,85499994;-5,13348866
14,85999994;-2,79896641
14,86499994;-3,73246789
14,86999994;-3,26648593
14,87499994;-3,73246789
14,87999994;-4,19998741
14,88499994;-4,19998741
14,88999994;-3,73246789
14,89499994;-4,19998741
14,89999994;-4,19998741
14,90499994;-4,66596889
14,90999994;-6,53297186
14,91499994;-5,59947062
14,91999994;-6,06699038
14,92499994;-5,59947062
14,92999994;-6,06699038
14,93499994;-6,06699038
14,93999994;-5,59947062
14,94499994;-7,00049162
14,94999994;-6,53297186
14,95499994;-7,46647358
14,95999994;-7,00049162
14,96499994;-7,00049162
14,96999994;-7,46647358
14,97499994;-7,46647358
14,97999994;-6,53297186
14,98499994;-6,53297186
14,98999994;-6,06699038
14,99499994;-5,59947062
14,99999994;-6,06699038
15,00499994;-5,13348866
15,00999994;-5,59947062
15,01499994;-5,59947062
15,01999994;-5,59947062
15,02499994;-6,06699038
15,02999994;-6,06699038
15,03499994;-5,59947062
15,03999994;-7,00049162
15,04499994;-7,00049162
15,04999994;-7,00049162
15,05499994;-7,46647358
15,05999994;-7,93399334
15,06499994;-8,39997482
15,06999994;-8,86749458
15,07499994;-8,86749458
15,07999994;-8,39997482
15,08499994;-8,86749458
15,08999994;-8,86749458
15,09499994;-7,93399334
15,09999994;-8,86749458
15,10499993;-10,26697731
15,10999993;-9,80099583
15,11499993;-8,86749458
15,11999993;-8,86749458
15,12499993;-8,86749458
15,12999993;-9,33347607
15,13499993;-9,33347607
15,13999993;-9,80099583
15,14499993;-9,80099583
15,14999993;-10,26697731
15,15499993;-9,80099583
15,15999993;-8,86749458
15,16499993;-8,86749458
15,16999993;-10,26697731
15,17499993;-10,26697731
15,17999993;-9,33347607
15,18499993;-9,33347607
15,18999993;-10,26697731
15,19499993;-9,80099583
15,19999993;-10,26697731
15,20499993;-10,26697731
15,20999993;-6,53297186
15,21499993;-10,26697731
15,21999993;-11,66799831
15,22499993;-11,66799831
15,22999993;-12,13398075
15,23499993;-12,13398075
15,23999993;-12,13398075
15,24499993;-12,13398075
15,24999993;-11,66799831
15,25499993;-11,66799831
15,25999993;-10,73449707
15,26499993;-9,80099583
15,26999993;-8,86749458
15,27499993;-7,00049162
15,27999993;-7,46647358
15,28499993;-5,59947062
15,28999993;-4,66596889
15,29499993;-4,19998741
15,29999993;-3,26648593
15,30499993;-2,79896641
15,30999993;-1,86546493
15,31499993;-1,39948320
15,31999993;-2,79896641
15,32499993;-2,79896641
15,32999993;-2,79896641
15,33499993;-4,19998741
15,33999993;-4,66596889
15,34499993;-4,66596889
15,34999993;-5,59947062
15,35499993;-5,59947062
15,35999993;-5,59947062
15,36499993;-5,59947062
15,36999993;-6,06699038
15,37499993;-6,53297186
15,37999993;-7,46647358
15,38499993;-6,53297186
15,38999993;-6,53297186
15,39499993;-7,00049162
15,39999993;-6,06699038
15,40499993;-6,53297186
15,40999993;-6,53297186
15,41499993;-6,06699038
15,41999993;-6,06699038
15,42499993;-6,06699038
15,42999993;-4,66596889
15,43499993;-5,59947062
15,43999993;-5,13348866
15,44499993;-4,66596889
15,44999993;-4,19998741
15,45499993;-4,19998741
15,45999993;-3,26648593
15,46499993;-2,79896641
15,46999993;-2,33298445
15,47499993;-0,93196350
15,47999993;-1,39948320
15,48499993;-0,46598175
15,48999993;-0,93196350
15,49499993;-0,93196350
15,49999992;-1,39948320
15,50499992;-1,39948320
15,50999992;-1,39948320
15,51499992;-1,39948320
15,51999992;-1,86546493
15,52499992;-1,86546493
15,52999992;-1,39948320
15,53499992;-1,39948320
15,53999992;-2,33298445
15,54499992;-2,33298445
15,54999992;0,46598175
15,55499992;-1,39948320
15,55999992;-0,93196350
15,56499992;-2,33298445
15,56999992;0,00000000
15,57499992;-0,93196350
15,57999992;-0,46598175
15,58499992;0,00000000
15,58999992;-0,46598175
15,59499992;-0,46598175
15,59999992;0,00000000
15,60499992;0,00000000
15,60999992;0,93196350
15,61499992;0,00000000
15,61999992;-0,46598175
15,62499992;0,00000000
15,62999992;-0,93196350
15,63499992;-1,86546493
15,63999992;-1,86546493
15,64499992;-2,33298445
15,64999992;-2,33298445
15,65499992;-2,79896641
15,65999992;-3,26648593
15,66499992;-2,33298445
15,66999992;-2,79896641
15,67499992;-2,79896641
15,67999992;-3,73246789
15,68499992;-3,26648593
15,68999992;-2,33298445
15,69499992;-2,33298445
15,69999992;-1,39948320
15,70499992;-1,39948320
15,70999992;-2,79896641
15,71499992;-1,86546493
15,71999992;-2,33298445
15,72499992;-1,39948320
15,72999992;-0,46598175
15,73499992;0,46598175
15,73999992;0,93196350
15,74499992;-0,46598175
15,74999992;1,86546493
15,75499992;1,39948320
15,75999992;1,39948320
15,76499992;1,39948320
15,76999992;2,33298445
15,77499992;1,39948320
15,77999992;1,39948320
15,78499992;1,86546493
15,78999992;2,33298445
15,79499992;1,39948320
15,79999992;0,93196350
15,80499992;0,93196350
15,80999992;0,46598175
15,81499992;0,93196350
15,81999992;0,93196350
15,82499992;-0,46598175
15,82999992;0,00000000
15,83499992;-1,39948320
15,83999992;-0,93196350
15,84499992;-0,46598175
15,84999992;-0,46598175
15,85499992;-0,46598175
15,85999992;0,00000000
15,86499992;-0,46598175
15,86999992;0,46598175
15,87499992;0,46598175
15,87999992;0,46598175
15,88499992;0,93196350
15,88999992;0,93196350
15,89499991;-0,46598175
15,89999991;1,86546493
15,90499991;2,33298445
15,90999991;1,86546493
15,91499991;1,86546493
15,91999991;2,79896641
15,92499991;2,33298445
15,92999991;2,33298445
15,93499991;2,33298445
15,93999991;0,93196350
15,94499991;1,39948320
15,94999991;0,93196350
15,95499991;1,39948320
15,95999991;0,93196350
15,96499991;1,39948320
15,96999991;0,93196350
15,97499991;1,39948320
15,97999991;0,93196350
15,98499991;0,46598175
15,98999991;1,39948320
15,99499991;-0,93196350
15,99999991;0,00000000
16,00499991;0,46598175
16,00999991;0,46598175
16,01499991;0,93196350
16,01999991;0,46598175
16,02499991;0,46598175
16,02999991;0,00000000
16,03499991;0,93196350
16,03999991;0,93196350
16,04499991;1,39948320
16,04999991;2,33298445
16,05499991;1,86546493
16,05999991;2,79896641
16,06499991;3,26648593
16,06999991;3,26648593
16,07499991;2,33298445
16,07999991;4,19998741
16,08499991;3,73246789
16,08999991;5,59947062
16,09499991;3,26648593
16,09999991;3,26648593
16,10499991;3,26648593
16,10999991;2,79896641
16,11499991;2,79896641
16,11999991;3,73246789
16,12499991;2,33298445
16,12999991;1,39948320
16,13499991;2,79896641
16,13999991;1,39948320
16,14499991;1,39948320
16,14999991;2,79896641
16,15499991;1,39948320
16,15999991;1,39948320
16,16499991;1,39948320
16,16999991;0,46598175
16,17499991;1,39948320
16,17999991;0,93196350
16,18499991;1,39948320
16,18999991;0,46598175
16,19499991;1,86546493
16,19999991;0,93196350
16,20499991;1,39948320
16,20999991;1,39948320
16,21499991;1,86546493
16,21999991;1,86546493
16,22499991;1,86546493
16,22999991;2,33298445
16,23499991;2,79896641
16,23999991;2,79896641
16,24499991;2,79896641
16,24999991;3,26648593
16,25499991;3,26648593
16,25999991;3,26648593
16,26499991;1,39948320
16,26999991;2,79896641
16,27499991;1,86546493
16,27999991;1,39948320
16,28499991;0,46598175
16,28999990;0,00000000
16,29499990;0,00000000
16,29999990;-0,46598175
16,30499990;-0,46598175
16,30999990;-0,93196350
16,31499990;-1,39948320
16,31999990;-3,26648593
16,32499990;-1,86546493
16,32999990;-2,79896641
16,33499990;-3,26648593
16,33999990;-2,79896641
16,34499990;-4,19998741
16,34999990;-4,19998741
16,35499990;-4,66596889
16,35999990;-4,66596889
16,36499990;-5,59947062
16,36999990;-6,06699038
16,37499990;-6,06699038
16,37999990;-7,00049162
16,38499990;-8,39997482
16,38999990;-8,86749458
16,39499990;-8,86749458
16,39999990;-7,93399334
16,40499990;-29,40298843
16,40999990;-7,93399334
16,41499990;-7,46647358
16,41999990;-6,53297186
16,42499990;-5,13348866
16,42999990;-4,66596889
16,43499990;-2,79896641
16,43999990;-1,86546493
16,44499990;-0,93196350
16,44999990;-0,93196350
16,45499990;0,00000000
16,45999990;0,46598175
16,46499990;0,46598175
16,46999990;0,93196350
16,47499990;0,46598175
16,47999990;-0,46598175
16,48499990;-0,93196350
16,48999990;-0,93196350
16,49499990;-0,93196350
16,49999990;-2,33298445
16,50499990;-3,73246789
16,50999990;-2,79896641
16,51499990;-2,79896641
16,51999990;-3,26648593
16,52499990;-2,79896641
16,52999990;-1,86546493
16,53499990;-1,39948320
16,53999990;-1,86546493
16,54499990;-1,39948320
16,54999990;-1,86546493
16,55499990;-1,39948320
16,55999990;-1,39948320
16,56499990;-0,93196350
16,56999990;-1,86546493
16,57499990;-1,39948320
16,57999990;-1,39948320
16,58499990;-1,39948320
16,58999990;-1,86546493
16,59499990;-1,86546493
16,59999990;-1,39948320
16,60499990;-0,46598175
16,60999990;-0,93196350
16,61499990;0,00000000
16,61999990;0,46598175
16,62499990;1,39948320
16,62999990;-0,93196350
16,63499990;0,46598175
16,63999990;0,93196350
16,64499990;1,39948320
16,64999990;1,39948320
16,65499990;0,93196350
16,65999990;1,39948320
16,66499990;1,39948320
16,66999990;0,93196350
16,67499990;1,86546493
16,67999990;1,86546493
16,68499990;1,39948320
16,68999989;1,39948320
16,69499989;2,33298445
16,69999989;2,79896641
16,70499989;3,73246789
16,70999989;3,26648593
16,71499989;5,13348866
16,71999989;5,13348866
16,72499989;5,59947062
16,72999989;6,06699038
16,73499989;6,53297186
16,73999989;6,53297186
16,74499989;7,00049162
16,74999989;6,06699038
16,75499989;6,06699038
16,75999989;6,06699038
16,76499989;6,06699038
16,76999989;6,06699038
16,77499989;5,59947062
16,77999989;6,06699038
16,78499989;4,66596889
16,78999989;5,13348866
16,79499989;5,59947062
16,79999989;4,19998741
16,80499989;4,66596889
16,80999989;4,19998741
16,81499989;3,73246789
16,81999989;3,73246789
16,82499989;3,73246789
16,82999989;3,26648593
16,83499989;2,33298445
16,83999989;1,86546493
16,84499989;0,00000000
16,84999989;0,93196350
16,85499989;0,00000000
16,85999989;0,46598175
16,86499989;-0,46598175
16,86999989;-0,93196350
16,87499989;-0,46598175
16,87999989;-1,39948320
16,88499989;-1,86546493
16,88999989;-1,39948320
16,89499989;-1,39948320
16,89999989;-1,39948320
16,90499989;-1,86546493
16,90999989;-1,39948320
16,91499989;-1,86546493
16,91999989;-2,33298445
16,92499989;-0,93196350
16,92999989;-1,86546493
16,93499989;-2,33298445
16,93999989;-2,79896641
16,94499989;-3,26648593
16,94999989;-4,66596889
16,95499989;-4,19998741
16,95999989;-5,13348866
16,96499989;-4,66596889
16,96999989;-5,59947062
16,97499989;-6,06699038
16,97999989;-6,06699038
16,98499989;-5,59947062
16,98999989;-7,46647358
16,99499989;-6,06699038
16,99999989;-7,00049162
17,00499989;-7,00049162
17,00999989;-7,00049162
17,01499989;-6,53297186
17,01999989;-7,00049162
17,02499989;-7,00049162
17,02999989;-6,53297186
17,03499989;-7,46647358
17,03999989;-7,93399334
17,04499989;-8,86749458
17,04999989;-8,39997482
17,05499989;-8,39997482
17,05999989;-8,86749458
17,06499989;-7,93399334
17,06999989;-8,39997482
17,07499989;-8,86749458
17,07999989;-9,33347607
17,08499988;-7,93399334
17,08999988;-8,39997482
17,09499988;-7,46647358
17,09999988;-8,39997482
17,10499988;-8,86749458
17,10999988;-8,86749458
17,11499988;-7,46647358
17,11999988;-8,86749458
17,12499988;-8,86749458
17,12999988;-8,39997482
17,13499988;-10,26697731
17,13999988;-9,33347607
17,14499988;-9,33347607
17,14999988;-8,86749458
17,15499988;-8,86749458
17,15999988;-8,39997482
17,16499988;-7,93399334
17,16999988;-7,93399334
17,17499988;-6,06699038
17,17999988;-6,06699038
17,18499988;-4,19998741
17,18999988;-3,26648593
17,19499988;-3,26648593
17,19999988;-1,39948320
17,20499988;-0,93196350
17,20999988;-1,39948320
17,21499988;0,00000000
17,21999988;0,00000000
17,22499988;0,46598175
17,22999988;0,46598175
17,23499988;0,00000000
17,23999988;0,00000000
17,24499988;-1,39948320
17,24999988;-2,79896641
17,25499988;-1,86546493
17,25999988;-1,86546493
17,26499988;-2,33298445
17,26999988;-1,86546493
17,27499988;-2,79896641
17,27999988;-2,79896641
17,28499988;-3,73246789
17,28999988;-3,73246789
17,29499988;-3,73246789
17,29999988;-4,19998741
17,30499988;-4,19998741
17,30999988;-3,73246789
17,31499988;-3,73246789
17,31999988;-3,73246789
17,32499988;-3,73246789
17,32999988;-4,19998741
17,33499988;-4,66596889
17,33999988;-4,19998741
17,34499988;-4,66596889
17,34999988;-4,19998741
17,35499988;-4,66596889
17,35999988;-4,19998741
17,36499988;-3,73246789
17,36999988;-3,73246789
17,37499988;-3,26648593
17,37999988;-4,66596889
17,38499988;-4,19998741
17,38999988;-2,33298445
17,39499988;-1,86546493
17,39999988;-1,86546493
17,40499988;-1,86546493
17,40999988;-1,86546493
17,41499988;-2,33298445
17,41999988;-2,79896641
17,42499988;-2,33298445
17,42999988;-2,33298445
17,43499988;-2,33298445
17,43999988;-2,79896641
17,44499988;-2,33298445
17,44999988;-2,33298445
17,45499988;-2,79896641
17,45999988;-1,86546493
17,46499988;-2,79896641
17,46999988;-0,93196350
17,47499988;-1,86546493
17,47999987;-1,39948320
17,48499987;-0,93196350
17,48999987;-0,46598175
17,49499987;0,00000000
17,49999987;-0,46598175
17,50499987;-1,39948320
17,50999987;-0,46598175
17,51499987;0,00000000
17,51999987;-1,39948320
17,52499987;0,00000000
17,52999987;0,00000000
17,53499987;-0,46598175
17,53999987;0,00000000
17,54499987;-1,86546493
17,54999987;-0,46598175
17,55499987;-1,39948320
17,55999987;-1,86546493
17,56499987;-1,39948320
17,56999987;-2,33298445
17,57499987;-2,33298445
17,57999987;-2,79896641
17,58499987;-1,86546493
17,58999987;-2,79896641
17,59499987;-2,79896641
17,59999987;-2,79896641
17,60499987;-3,26648593
17,60999987;-2,79896641
17,61499987;-2,79896641
17,61999987;-3,26648593
17,62499987;-2,33298445
17,62999987;-1,86546493
17,63499987;-1,86546493
17,63999987;-0,46598175
17,64499987;-0,93196350
17,64999987;-0,93196350
17,65499987;0,00000000
17,65999987;0,00000000
17,66499987;0,00000000
17,66999987;0,00000000
17,67499987;-0,46598175
17,67999987;0,46598175
17,68499987;0,00000000
17,68999987;-0,93196350
17,69499987;-0,46598175
17,69999987;-0,46598175
17,70499987;-0,46598175
17,70999987;-1,39948320
17,71499987;-1,39948320
17,71999987;0,00000000
17,72499987;-0,46598175
17,72999987;-1,39948320
17,73499987;-0,46598175
17,73999987;-0,93196350
17,74499987;-1,39948320
17,74999987;-1,39948320
17,75499987;-1,86546493
17,75999987;-0,46598175
17,76499987;-0,93196350
17,76999987;-1,86546493
17,77499987;-0,93196350
17,77999987;-1,39948320
17,78499987;-0,46598175
17,78999987;-1,86546493
17,79499987;-0,93196350
17,79999987;-3,26648593
17,80499987;-2,33298445
17,80999987;-2,33298445
17,81499987;-1,86546493
17,81999987;-2,33298445
17,82499987;-1,86546493
17,82999987;-1,86546493
17,83499987;-2,33298445
17,83999987;-1,39948320
17,84499987;-0,93196350
17,84999987;-0,46598175
17,85499987;0,00000000
17,85999987;-0,46598175
17,86499987;-0,46598175
17,86999987;-0,46598175
17,87499986;0,46598175
17,87999986;-0,46598175
17,88499986;-0,93196350
17,88999986;-1,39948320
17,89499986;-0,93196350
17,89999986;-2,33298445
17,90499986;-1,86546493
17,90999986;-1,39948320
17,91499986;-2,33298445
17,91999986;-1,86546493
17,92499986;-2,33298445
17,92999986;-2,33298445
17,93499986;-1,86546493
17,93999986;-1,86546493
17,94499986;-3,26648593
17,94999986;-1,39948320
17,95499986;-2,33298445
17,95999986;-1,86546493
17,96499986;-2,79896641
17,96999986;-2,79896641
17,97499986;-2,33298445
17,97999986;-3,26648593
17,98499986;-2,79896641
17,98999986;-3,73246789
17,99499986;-2,33298445
17,99999986;-3,26648593
18,00499986;-3,26648593
18,00999986;-3,73246789
18,01499986;-3,26648593
18,01999986;-3,26648593
18,02499986;-3,73246789
18,02999986;-3,73246789
18,03499986;-3,26648593
18,03999986;-3,73246789
18,04499986;-3,73246789
18,04999986;-3,26648593
18,05499986;-3,26648593
18,05999986;-3,26648593
18,06499986;-3,26648593
18,06999986;-2,79896641
18,07499986;-3,26648593
18,07999986;-2,79896641
18,08499986;-2,79896641
18,08999986;-3,26648593
18,09499986;-2,79896641
18,09999986;-5,59947062
18,10499986;-3,26648593
18,10999986;-2,33298445
18,11499986;-3,26648593
18,11999986;-2,33298445
18,12499986;-2,79896641
18,12999986;-2,79896641
18,13499986;-4,19998741
18,13999986;-2,79896641
18,14499986;-3,26648593
18,14999986;-2,79896641
18,15499986;-2,79896641
18,15999986;-1,86546493
18,16499986;-2,33298445
18,16999986;-2,33298445
18,17499986;-1,86546493
18,17999986;-2,79896641
18,18499986;-2,33298445
18,18999986;-1,86546493
18,19499986;-2,33298445
18,19999986;-3,73246789
18,20499986;-3,26648593
18,20999986;-3,26648593
18,21499986;-5,13348866
18,21999986;-4,66596889
18,22499986;-3,73246789
18,22999986;-4,19998741
18,23499986;-4,19998741
18,23999986;-2,79896641
18,24499986;-4,66596889
18,24999986;-5,13348866
18,25499986;-4,66596889
18,25999986;-5,59947062
18,26499986;-5,59947062
18,26999985;-6,53297186
18,27499985;-6,53297186
18,27999985;-7,00049162
18,28499985;-7,46647358
18,28999985;-7,46647358
18,29499985;-8,86749458
18,29999985;-8,39997482
18,30499985;-8,39997482
18,30999985;-8,39997482
18,31499985;-8,39997482
18,31999985;-7,93399334
18,32499985;-7,00049162
18,32999985;-6,53297186
18,33499985;-6,53297186
18,33999985;-1,86546493
18,34499985;-4,19998741
18,34999985;-2,33298445
18,35499985;-2,79896641
18,35999985;-1,39948320
18,36499985;-1,39948320
18,36999985;-1,39948320
18,37499985;-0,93196350
18,37999985;-0,93196350
18,38499985;-0,46598175
18,38999985;-0,93196350
18,39499985;-1,39948320
18,39999985;-2,79896641
18,40499985;-2,33298445
18,40999985;-2,33298445
18,41499985;-2,79896641
18,41999985;-2,79896641
18,42499985;-3,26648593
18,42999985;-3,26648593
18,43499985;-1,86546493
18,43999985;-2,79896641
18,44499985;-2,79896641
18,44999985;-2,33298445
18,45499985;-2,33298445
18,45999985;-1,86546493
18,46499985;-2,33298445
18,46999985;-1,86546493
18,47499985;-2,33298445
18,47999985;-2,33298445
18,48499985;-3,26648593
18,48999985;-1,86546493
18,49499985;-2,33298445
18,49999985;-0,93196350
18,50499985;-1,86546493
18,50999985;-0,93196350
18,51499985;0,00000000
18,51999985;-0,46598175
18,52499985;0,93196350
18,52999985;1,39948320
18,53499985;0,93196350
18,53999985;0,93196350
18,54499985;0,93196350
18,54999985;1,39948320
18,55499985;0,46598175
18,55999985;0,46598175
18,56499985;0,93196350
18,56999985;0,93196350
18,57499985;0,46598175
18,57999985;0,00000000
18,58499985;0,93196350
18,58999985;0,00000000
18,59499985;0,93196350
18,59999985;0,46598175
18,60499985;0,93196350
18,60999985;0,93196350
18,61499985;2,33298445
18,61999985;2,79896641
18,62499985;3,26648593
18,62999985;3,26648593
18,63499985;4,19998741
18,63999985;4,19998741
18,64499985;4,66596889
18,64999985;4,66596889
18,65499985;5,13348866
18,65999985;6,06699038
18,66499984;4,66596889
18,66999984;5,13348866
18,67499984;6,06699038
18,67999984;4,19998741
18,68499984;5,13348866
18,68999984;5,13348866
18,69499984;4,66596889
18,69999984;4,66596889
18,70499984;4,66596889
18,70999984;4,66596889
18,71499984;3,26648593
18,71999984;3,26648593
18,72499984;4,19998741
18,72999984;3,73246789
18,73499984;3,26648593
18,73999984;1,86546493
18,74499984;2,79896641
18,74999984;2,79896641
18,75499984;3,26648593
18,75999984;2,33298445
18,76499984;2,33298445
18,76999984;1,86546493
18,77499984;3,26648593
18,77999984;2,79896641
18,78499984;3,26648593
18,78999984;3,73246789
18,79499984;3,26648593
18,79999984;4,19998741
18,80499984;4,19998741
18,80999984;5,13348866
18,81499984;5,13348866
18,81999984;6,06699038
18,82499984;6,53297186
18,82999984;5,13348866
18,83499984;6,06699038
18,83999984;5,13348866
18,84499984;4,19998741
18,84999984;4,19998741
18,85499984;3,73246789
18,85999984;3,73246789
18,86499984;3,26648593
18,86999984;2,79896641
18,87499984;2,33298445
18,87999984;1,39948320
18,88499984;1,39948320
18,88999984;0,93196350
18,89499984;0,46598175
18,89999984;-0,46598175
18,90499984;1,86546493
18,90999984;0,46598175
18,91499984;-0,46598175
18,91999984;1,39948320
18,92499984;-0,93196350
18,92999984;-0,46598175
18,93499984;0,00000000
18,93999984;-1,39948320
18,94499984;-1,39948320
18,94999984;-2,33298445
18,95499984;-1,39948320
18,95999984;-1,86546493
18,96499984;-2,33298445
18,96999984;-3,26648593
18,97499984;-2,79896641
18,97999984;-3,73246789
18,98499984;-3,73246789
18,98999984;-3,26648593
18,99499984;-4,19998741
18,99999984;-3,73246789
19,00499984;-3,73246789
19,00999984;-4,19998741
19,01499984;-4,19998741
19,01999984;-4,19998741
19,02499984;-4,19998741
19,02999984;-4,19998741
19,03499984;-4,66596889
19,03999984;-4,66596889
19,04499984;-3,73246789
19,04999984;-4,66596889
19,05499984;-4,66596889
19,05999984;-4,19998741
19,06499983;-4,19998741
19,06999983;-3,26648593
19,07499983;-3,26648593
19,07999983;-1,86546493
19,08499983;-1,39948320
19,08999983;0,00000000
19,09499983;0,93196350
19,09999983;2,33298445
19,10499983;2,79896641
19,10999983;4,19998741
19,11499983;4,19998741
19,11999983;5,59947062
19,12499983;6,06699038
19,12999983;5,13348866
19,13499983;4,66596889
19,13999983;6,06699038
19,14499983;6,06699038
19,14999983;5,13348866
19,15499983;5,13348866
19,15999983;4,66596889
19,16499983;5,13348866
19,16999983;3,73246789
19,17499983;4,19998741
19,17999983;4,19998741
19,18499983;3,26648593
19,18999983;3,26648593
19,19499983;3,73246789
19,19999983;3,26648593
19,20499983;3,26648593
19,20999983;3,26648593
19,21499983;3,73246789
19,21999983;3,26648593
19,22499983;3,73246789
19,22999983;4,19998741
19,23499983;5,13348866
19,23999983;4,19998741
19,24499983;4,66596889
19,24999983;5,13348866
19,25499983;5,13348866
19,25999983;5,59947062
19,26499983;5,59947062
19,26999983;5,59947062
19,27499983;7,46647358
19,27999983;7,00049162
19,28499983;7,93399334
19,28999983;7,46647358
19,29499983;7,46647358
19,29999983;7,93399334
19,30499983;7,46647358
19,30999983;7,00049162
19,31499983;7,00049162
19,31999983;7,46647358
19,32499983;7,46647358
19,32999983;5,59947062
19,33499983;7,00049162
19,33999983;6,53297186
19,34499983;6,53297186
19,34999983;6,06699038
19,35499983;6,53297186
19,35999983;7,46647358
19,36499983;7,00049162
19,36999983;7,93399334
19,37499983;7,93399334
19,37999983;7,93399334
19,38499983;8,86749458
19,38999983;8,39997482
19,39499983;8,86749458
19,39999983;8,86749458
19,40499983;9,80099583
19,40999983;9,33347607
19,41499983;8,86749458
19,41999983;8,86749458
19,42499983;9,33347607
19,42999983;10,26697731
19,43499983;8,39997482
19,43999983;8,86749458
19,44499983;8,86749458
19,44999983;7,93399334
19,45499983;8,39997482
19,45999982;8,39997482
19,46499982;8,39997482
19,46999982;8,39997482
19,47499982;8,39997482
19,47999982;7,93399334
19,48499982;7,46647358
19,48999982;7,93399334
19,49499982;7,93399334
19,49999982;6,53297186
19,50499982;8,39997482
19,50999982;7,46647358
19,51499982;8,39997482
19,51999982;8,86749458
19,52499982;9,33347607
19,52999982;8,86749458
19,53499982;9,33347607
19,53999982;8,86749458
19,54499982;9,33347607
19,54999982;9,80099583
19,55499982;9,80099583
19,55999982;8,86749458
19,56499982;8,86749458
19,56999982;7,93399334
19,57499982;7,93399334
19,57999982;7,93399334
19,58499982;6,06699038
19,58999982;6,53297186
19,59499982;6,53297186
19,59999982;6,53297186
19,60499982;6,06699038
19,60999982;5,13348866
19,61499982;5,59947062
19,61999982;5,59947062
19,62499982;5,13348866
19,62999982;4,19998741
19,63499982;4,66596889
19,63999982;3,26648593
19,64499982;4,66596889
19,64999982;4,19998741
19,65499982;4,66596889
19,65999982;5,13348866
19,66499982;5,13348866
19,66999982;4,19998741
19,67499982;4,19998741
19,67999982;4,19998741
19,68499982;4,19998741
19,68999982;5,13348866
19,69499982;4,19998741
19,69999982;4,19998741
19,70499982;4,19998741
19,70999982;4,66596889
19,71499982;4,66596889
19,71999982;6,06699038
19,72499982;5,59947062
19,72999982;5,59947062
19,73499982;6,53297186
19,73999982;4,66596889
19,74499982;5,59947062
19,74999982;5,59947062
19,75499982;6,53297186
19,75999982;6,06699038
19,76499982;6,53297186
19,76999982;5,59947062
19,77499982;6,53297186
19,77999982;5,13348866
19,78499982;6,53297186
19,78999982;6,53297186
19,79499982;6,53297186
19,79999982;6,06699038
19,80499982;6,53297186
19,80999982;6,53297186
19,81499982;6,53297186
19,81999982;6,53297186
19,82499982;7,00049162
19,82999982;7,00049162
19,83499982;7,46647358
19,83999982;7,00049162
19,84499982;7,46647358
19,84999982;7,93399334
19,85499981;7,93399334
19,85999981;8,39997482
19,86499981;8,39997482
19,86999981;7,93399334
19,87499981;9,33347607
19,87999981;8,86749458
19,88499981;8,39997482
19,88999981;8,86749458
19,89499981;9,33347607
19,89999981;8,86749458
19,90499981;8,86749458
19,90999981;7,93399334
19,91499981;8,39997482
19,91999981;7,93399334
19,92499981;8,39997482
19,92999981;7,93399334
19,93499981;7,93399334
19,93999981;7,00049162
19,94499981;7,46647358
19,94999981;7,00049162
19,95499981;7,46647358
19,95999981;7,00049162
19,96499981;7,00049162
19,96999981;6,53297186
19,97499981;6,53297186
19,97999981;6,53297186
19,98499981;7,00049162
19,98999981;5,59947062
19,99499981;5,59947062
19,99999981;6,53297186
20,00499981;6,06699038
20,00999981;6,53297186
20,01499981;6,06699038
20,01999981;5,59947062
20,02499981;6,53297186
20,02999981;5,59947062
20,03499981;6,06699038
20,03999981;5,59947062
20,04499981;5,59947062
20,04999981;5,13348866
20,05499981;4,66596889
20,05999981;3,73246789
20,06499981;4,66596889
20,06999981;2,79896641
20,07499981;2,79896641
20,07999981;2,33298445
20,08499981;1,39948320
20,08999981;1,39948320
20,09499981;0,00000000
20,09999981;0,00000000
20,10499981;0,46598175
20,10999981;0,00000000
20,11499981;-1,39948320
20,11999981;-0,93196350
20,12499981;-2,79896641
20,12999981;-2,79896641
20,13499981;-0,93196350
20,13999981;-0,46598175
20,14499981;-0,93196350
20,14999981;-1,86546493
20,15499981;-2,33298445
20,15999981;-2,79896641
20,16499981;-2,79896641
20,16999981;-3,26648593
20,17499981;-4,66596889
20,17999981;-4,66596889
20,18499981;-4,66596889
20,18999981;-3,73246789
20,19499981;-6,06699038
20,19999981;-5,59947062
20,20499981;-6,06699038
20,20999981;-6,53297186
20,21499981;-6,53297186
20,21999981;-6,06699038
20,22499981;-5,59947062
20,22999981;-5,59947062
20,23499981;-4,66596889
20,23999981;-3,26648593
20,24499981;-2,33298445
20,24999980;-0,93196350
20,25499980;-0,93196350
20,25999980;0,46598175
20,26499980;5,59947062
20,26999980;1,86546493
20,27499980;1,86546493
20,27999980;1,86546493
20,28499980;2,33298445
20,28999980;1,86546493
20,29499980;1,86546493
20,29999980;1,39948320
20,30499980;0,93196350
20,30999980;0,93196350
20,31499980;0,93196350
20,31999980;1,86546493
20,32499980;0,46598175
20,32999980;0,00000000
20,33499980;-1,39948320
20,33999980;0,46598175
20,34499980;0,00000000
20,34999980;-0,46598175
20,35499980;0,00000000
20,35999980;0,46598175
20,36499980;0,00000000
20,36999980;0,00000000
20,37499980;0,93196350
20,37999980;0,46598175
20,38499980;0,00000000
20,38999980;0,93196350
20,39499980;-1,39948320
20,39999980;0,00000000
20,40499980;0,93196350
20,40999980;0,93196350
20,41499980;0,93196350
20,41999980;1,39948320
20,42499980;2,79896641
20,42999980;1,86546493
20,43499980;2,33298445
20,43999980;1,86546493
20,44499980;2,79896641
20,44999980;2,79896641
20,45499980;2,33298445
20,45999980;2,79896641
20,46499980;2,79896641
20,46999980;2,33298445
20,47499980;2,33298445
20,47999980;1,39948320
20,48499980;1,39948320
20,48999980;1,39948320
20,49499980;1,39948320
20,49999980;0,93196350
20,50499980;1,39948320
20,50999980;1,39948320
20,51499980;2,79896641
20,51999980;2,79896641
20,52499980;4,19998741
20,52999980;4,66596889
20,53499980;5,59947062
20,53999980;5,13348866
20,54499980;6,06699038
20,54999980;6,06699038
20,55499980;7,93399334
20,55999980;7,46647358
20,56499980;7,46647358
20,56999980;7,00049162
20,57499980;6,53297186
20,57999980;6,53297186
20,58499980;6,06699038
20,58999980;5,13348866
20,59499980;5,59947062
20,59999980;4,66596889
20,60499980;5,13348866
20,60999980;4,66596889
20,61499980;4,19998741
20,61999980;3,73246789
20,62499980;3,26648593
20,62999980;3,26648593
20,63499980;2,79896641
20,63999980;2,79896641
20,64499979;2,33298445
20,64999979;2,79896641
20,65499979;2,79896641
20,65999979;1,86546493
20,66499979;1,39948320
20,66999979;1,86546493
20,67499979;0,93196350
20,67999979;0,46598175
20,68499979;0,46598175
20,68999979;0,46598175
20,69499979;0,93196350
20,69999979;0,46598175
20,70499979;0,93196350
20,70999979;0,46598175
20,71499979;0,93196350
20,71999979;0,93196350
20,72499979;0,93196350
20,72999979;0,93196350
20,73499979;2,33298445
20,73999979;0,93196350
20,74499979;1,39948320
20,74999979;0,93196350
20,75499979;0,00000000
20,75999979;-0,46598175
20,76499979;-0,46598175
20,76999979;-0,93196350
20,77499979;-0,93196350
20,77999979;-1,39948320
20,78499979;-1,86546493
20,78999979;-2,33298445
20,79499979;-3,26648593
20,79999979;-3,26648593
20,80499979;-3,26648593
20,80999979;-3,73246789
20,81499979;-4,19998741
20,81999979;-3,26648593
20,82499979;-5,13348866
20,82999979;-4,19998741
20,83499979;-3,73246789
20,83999979;-3,73246789
20,84499979;-3,73246789
20,84999979;-3,73246789
20,85499979;-4,19998741
20,85999979;-4,19998741
20,86499979;-5,59947062
20,86999979;-4,66596889
20,87499979;-5,13348866
20,87999979;-5,59947062
20,88499979;-6,53297186
20,88999979;-6,53297186
20,89499979;-7,00049162
20,89999979;-7,00049162
20,90499979;-6,53297186
20,90999979;-6,53297186
20,91499979;-7,46647358
20,91999979;-7,00049162
20,92499979;-6,53297186
20,92999979;-7,46647358
20,93499979;-6,53297186
20,93999979;-16,80148888
20,94499979;-7,46647358
20,94999979;-7,00049162
20,95499979;-7,46647358
20,95999979;-7,46647358
20,96499979;-7,00049162
20,96999979;-7,00049162
20,97499979;-7,00049162
20,97999979;-6,06699038
20,98499979;-6,06699038
20,98999979;-5,13348866
20,99499979;-4,19998741
20,99999979;-3,26648593
21,00499979;-3,73246789
21,00999979;-0,93196350
21,01499979;-0,93196350
21,01999979;-0,93196350
21,02499979;0,93196350
21,02999979;1,39948320
21,03499979;0,93196350
21,03999978;1,39948320
21,04499978;1,86546493
21,04999978;1,86546493
21,05499978;0,93196350
21,05999978;0,93196350
21,06499978;1,39948320
21,06999978;0,00000000
21,07499978;0,00000000
21,07999978;-0,93196350
21,08499978;-0,93196350
21,08999978;-1,39948320
21,09499978;-1,86546493
21,09999978;-1,39948320
21,10499978;-1,39948320
21,10999978;-1,86546493
21,11499978;-2,79896641
21,11999978;-2,33298445
21,12499978;-1,86546493
21,12999978;-1,39948320
21,13499978;-0,93196350
21,13999978;-1,39948320
21,14499978;-1,86546493
21,14999978;-1,86546493
21,15499978;-2,33298445
21,15999978;-1,86546493
21,16499978;-1,86546493
21,16999978;-1,39948320
21,17499978;-0,93196350
21,17999978;-1,39948320
21,18499978;-0,46598175
21,18999978;-1,39948320
21,19499978;-0,93196350
21,19999978;-0,46598175
21,20499978;-0,93196350
21,20999978;-0,46598175
21,21499978;-0,93196350
21,21999978;-0,93196350
21,22499978;0,00000000
21,22999978;-0,93196350
21,23499978;-0,46598175
21,23999978;-1,39948320
21,24499978;-0,93196350
21,24999978;-1,86546493
21,25499978;-1,86546493
21,25999978;-1,39948320
21,26499978;-2,33298445
21,26999978;-1,86546493
21,27499978;-2,33298445
21,27999978;-0,93196350
21,28499978;-0,93196350
21,28999978;-0,46598175
21,29499978;-0,93196350
21,29999978;0,46598175
21,30499978;0,93196350
21,30999978;0,93196350
21,31499978;1,39948320
21,31999978;1,39948320
21,32499978;1,86546493
21,32999978;1,39948320
21,33499978;1,39948320
21,33999978;0,93196350
21,34499978;1,39948320
21,34999978;1,39948320
21,35499978;0,93196350
21,35999978;0,93196350
21,36499978;1,86546493
21,36999978;0,93196350
21,37499978;0,46598175
21,37999978;0,46598175
21,38499978;0,00000000
21,38999978;-0,93196350
21,39499978;-0,46598175
21,39999978;-0,46598175
21,40499978;0,00000000
21,40999978;0,46598175
21,41499978;0,00000000
21,41999978;0,00000000
21,42499978;-0,46598175
21,42999978;0,46598175
21,43499978;0,46598175
21,43999977;2,33298445
21,44499977;2,33298445
21,44999977;0,46598175
21,45499977;1,39948320
21,45999977;0,46598175
21,46499977;1,86546493
21,46999977;1,86546493
21,47499977;1,86546493
21,47999977;14,00098324
21,48499977;1,86546493
21,48999977;2,79896641
21,49499977;2,79896641
21,49999977;2,33298445
21,50499977;1,39948320
21,50999977;1,86546493
21,51499977;1,39948320
21,51999977;1,86546493
21,52499977;0,46598175
21,52999977;-0,46598175
21,53499977;-1,39948320
21,53999977;-1,39948320
21,54499977;-1,39948320
21,54999977;-2,79896641
21,55499977;-2,79896641
21,55999977;-3,73246789
21,56499977;-4,66596889
21,56999977;-4,19998741
21,57499977;-4,66596889
21,57999977;-4,66596889
21,58499977;-4,19998741
21,58999977;-4,19998741
21,59499977;-4,66596889
21,59999977;-4,66596889
21,60499977;-4,66596889
21,60999977;-5,59947062
21,61499977;-4,66596889
21,61999977;-4,66596889
21,62499977;-4,19998741
21,62999977;-3,73246789
21,63499977;-4,19998741
21,63999977;-4,19998741
21,64499977;-4,19998741
21,64999977;-15,86798668
21,65499977;-4,19998741
21,65999977;-6,06699038
21,66499977;-3,73246789
21,66999977;-3,73246789
21,67499977;-2,79896641
21,67999977;-4,66596889
21,68499977;-3,26648593
21,68999977;-3,73246789
21,69499977;-3,73246789
21,69999977;-3,73246789
21,70499977;-2,33298445
21,70999977;-2,79896641
21,71499977;-1,86546493
21,71999977;-2,33298445
21,72499977;-1,39948320
21,72999977;-2,33298445
21,73499977;-1,86546493
21,73999977;-1,86546493
21,74499977;-1,39948320
21,74999977;-0,46598175
21,75499977;0,00000000
21,75999977;-0,46598175
21,76499977;-1,86546493
21,76999977;-0,46598175
21,77499977;0,46598175
21,77999977;1,86546493
21,78499977;-0,46598175
21,78999977;1,86546493
21,79499977;1,86546493
21,79999977;1,39948320
21,80499977;1,39948320
21,80999977;2,33298445
21,81499977;1,86546493
21,81999977;2,33298445
21,82499977;2,79896641
21,82999977;2,79896641
21,83499976;1,86546493
21,83999976;2,33298445
21,84499976;2,33298445
21,84999976;2,33298445
21,85499976;1,86546493
21,85999976;-0,46598175
21,86499976;1,86546493
21,86999976;1,39948320
21,87499976;1,86546493
21,87999976;1,39948320
21,88499976;0,46598175
21,88999976;0,46598175
21,89499976;0,93196350
21,89999976;0,00000000
21,90499976;1,39948320
21,90999976;1,39948320
21,91499976;0,46598175
21,91999976;0,93196350
21,92499976;0,46598175
21,92999976;0,46598175
21,93499976;0,93196350
21,93999976;0,93196350
21,94499976;0,00000000
21,94999976;0,93196350
21,95499976;0,93196350
21,95999976;0,46598175
21,96499976;1,39948320
21,96999976;0,46598175
21,97499976;0,46598175
21,97999976;0,00000000
21,98499976;-0,93196350
21,98999976;0,00000000
21,99499976;-2,79896641
21,99999976;-2,33298445
22,00499976;-3,26648593
22,00999976;-3,26648593
22,01499976;-3,73246789
22,01999976;-4,66596889
22,02499976;-5,59947062
22,02999976;-6,06699038
22,03499976;-6,06699038
22,03999976;-7,00049162
22,04499976;-7,00049162
22,04999976;-7,46647358
22,05499976;-7,00049162
22,05999976;-7,46647358
22,06499976;-8,39997482
22,06999976;-8,39997482
22,07499976;-8,39997482
22,07999976;-9,80099583
22,08499976;-10,26697731
22,08999976;-10,73449707
22,09499976;-11,20047951
22,09999976;-10,73449707
22,10499976;-12,60150051
22,10999976;-12,13398075
22,11499976;-13,06748199
22,11999976;-12,60150051
22,12499976;-12,13398075
22,12999976;-12,13398075
22,13499976;-12,13398075
22,13999976;-11,20047951
22,14499976;-10,73449707
22,14999976;-8,86749458
22,15499976;-7,93399334
22,15999976;-6,06699038
22,16499976;-6,53297186
22,16999976;-5,13348866
22,17499976;-5,13348866
22,17999976;-4,19998741
22,18499976;-3,26648593
22,18999976;-2,79896641
22,19499976;-3,26648593
22,19999976;-3,26648593
22,20499976;-3,73246789
22,20999976;-3,73246789
22,21499976;-3,73246789
22,21999976;-4,66596889
22,22499976;-4,19998741
22,22999975;-3,73246789
22,23499975;-3,73246789
22,23999975;-4,19998741
22,24499975;-3,73246789
22,24999975;-3,73246789
22,25499975;-2,79896641
22,25999975;-2,79896641
22,26499975;-3,26648593
22,26999975;-1,86546493
22,27499975;-1,86546493
22,27999975;-1,86546493
22,28499975;0,00000000
22,28999975;-0,93196350
22,29499975;-0,93196350
22,29999975;-0,93196350
22,30499975;-0,46598175
22,30999975;-0,93196350
22,31499975;-1,39948320
22,31999975;0,00000000
22,32499975;-0,46598175
22,32999975;-1,86546493
22,33499975;0,46598175
22,33999975;0,46598175
22,34499975;1,39948320
22,34999975;1,86546493
22,35499975;1,86546493
22,35999975;1,39948320
22,36499975;3,26648593
22,36999975;2,79896641
22,37499975;2,79896641
22,37999975;2,33298445
22,38499975;2,33298445
22,38999975;2,79896641
22,39499975;2,79896641
22,39999975;2,79896641
22,40499975;2,79896641
22,40999975;3,26648593
22,41499975;2,79896641
22,41999975;2,79896641
22,42499975;2,79896641
22,42999975;2,33298445
22,43499975;2,79896641
22,43999975;3,73246789
22,44499975;4,19998741
22,44999975;3,26648593
22,45499975;3,73246789
22,45999975;4,19998741
22,46499975;4,66596889
22,46999975;4,66596889
22,47499975;5,13348866
22,47999975;5,13348866
22,48499975;5,59947062
22,48999975;5,59947062
22,49499975;4,19998741
22,49999975;3,73246789
22,50499975;4,66596889
22,50999975;3,73246789
22,51499975;3,26648593
22,51999975;2,33298445
22,52499975;2,33298445
22,52999975;1,86546493
22,53499975;0,93196350
22,53999975;0,00000000
22,54499975;0,00000000
22,54999975;-0,46598175
22,55499975;0,00000000
22,55999975;-0,46598175
22,56499975;-0,93196350
22,56999975;-1,39948320
22,57499975;-1,86546493
22,57999975;-1,39948320
22,58499975;-2,33298445
22,58999975;-3,26648593
22,59499975;-3,26648593
22,59999975;-2,79896641
22,60499975;-4,19998741
22,60999975;-3,26648593
22,61499975;-3,26648593
22,61999975;-3,26648593
22,62499974;-3,73246789
22,62999974;-2,79896641
22,63499974;-2,79896641
22,63999974;-2,33298445
22,64499974;-2,79896641
22,64999974;-2,33298445
22,65499974;-2,79896641
22,65999974;-2,33298445
22,66499974;-3,26648593
22,66999974;-2,79896641
22,67499974;-1,86546493
22,67999974;-4,66596889
22,68499974;-5,13348866
22,68999974;-4,66596889
22,69499974;-5,59947062
22,69999974;-5,13348866
22,70499974;-20,06797409
22,70999974;-6,06699038
22,71499974;-7,00049162
22,71999974;-7,00049162
22,72499974;-7,46647358
22,72999974;-8,86749458
22,73499974;-8,39997482
22,73999974;-7,46647358
22,74499974;-7,46647358
22,74999974;-7,93399334
22,75499974;-7,93399334
22,75999974;-7,46647358
22,76499974;-8,39997482
22,76999974;-8,86749458
22,77499974;-8,39997482
22,77999974;-8,39997482
22,78499974;-9,33347607
22,78999974;-8,39997482
22,79499974;-8,86749458
22,79999974;-7,93399334
22,80499974;-7,93399334
22,80999974;-8,86749458
22,81499974;-7,93399334
22,81999974;-8,39997482
22,82499974;-7,93399334
22,82999974;-8,39997482
22,83499974;-8,39997482
22,83999974;-6,53297186
22,84499974;-7,46647358
22,84999974;-8,39997482
22,85499974;-8,39997482
22,85999974;-7,00049162
22,86499974;-8,39997482
22,86999974;-7,93399334
22,87499974;-8,39997482
22,87999974;-7,46647358
22,88499974;-6,53297186
22,88999974;-6,53297186
22,89499974;-5,13348866
22,89999974;-4,66596889
22,90499974;-3,73246789
22,90999974;-2,79896641
22,91499974;-1,86546493
22,91999974;-1,39948320
22,92499974;-0,93196350
22,92999974;0,46598175
22,93499974;0,93196350
22,93999974;0,93196350
22,94499974;1,86546493
22,94999974;2,33298445
22,95499974;1,39948320
22,95999974;1,39948320
22,96499974;0,93196350
22,96999974;0,93196350
22,97499974;0,46598175
22,97999974;0,00000000
22,98499974;-0,93196350
22,98999974;-1,86546493
22,99499974;-1,39948320
22,99999974;-3,26648593
23,00499974;-2,33298445
23,00999974;-2,79896641
23,01499974;-3,26648593
23,01999973;-2,79896641
23,02499973;-3,26648593
23,02999973;-3,26648593
23,03499973;-2,33298445
23,03999973;-2,33298445
23,04499973;-3,26648593
23,04999973;-1,86546493
23,05499973;-2,79896641
23,05999973;-2,33298445
23,06499973;-2,79896641
23,06999973;-1,86546493
23,07499973;-2,79896641
23,07999973;-1,86546493
23,08499973;-2,33298445
23,08999973;-0,93196350
23,09499973;-1,39948320
23,09999973;-0,46598175
23,10499973;-0,46598175
23,10999973;0,00000000
23,11499973;-0,46598175
23,11999973;-0,93196350
23,12499973;0,00000000
23,12999973;-0,93196350
23,13499973;0,00000000
23,13999973;-0,93196350
23,14499973;-1,39948320
23,14999973;-1,86546493
23,15499973;-1,86546493
23,15999973;-1,86546493
23,16499973;-2,33298445
23,16999973;-2,79896641
23,17499973;-2,79896641
23,17999973;-1,86546493
23,18499973;-2,79896641
23,18999973;-3,26648593
23,19499973;-2,79896641
23,19999973;-1,86546493
23,20499973;-2,33298445
23,20999973;-1,86546493
23,21499973;0,00000000
23,21999973;-0,93196350
23,22499973;-0,93196350
23,22999973;-0,46598175
23,23499973;-1,39948320
23,23999973;-1,39948320
23,24499973;-0,46598175
23,24999973;0,00000000
23,25499973;-1,39948320
23,25999973;0,46598175
23,26499973;-1,39948320
23,26999973;-1,86546493
23,27499973;-1,39948320
23,27999973;-1,86546493
23,28499973;-2,79896641
23,28999973;-1,86546493
23,29499973;-0,93196350
23,29999973;-1,39948320
23,30499973;-0,93196350
23,30999973;-1,86546493
23,31499973;-0,93196350
23,31999973;-7,93399334
23,32499973;-0,93196350
23,32999973;-0,93196350
23,33499973;-0,46598175
23,33999973;-0,93196350
23,34499973;-0,46598175
23,34999973;0,46598175
23,35499973;0,00000000
23,35999973;0,00000000
23,36499973;0,46598175
23,36999973;0,93196350
23,37499973;0,93196350
23,37999973;0,93196350
23,38499973;0,93196350
23,38999973;1,86546493
23,39499973;1,86546493
23,39999973;2,33298445
23,40499973;2,33298445
23,40999973;2,33298445
23,41499972;2,33298445
23,41999972;1,39948320
23,42499972;1,86546493
23,42999972;2,79896641
23,43499972;1,39948320
23,43999972;0,93196350
23,44499972;0,93196350
23,44999972;0,00000000
23,45499972;-0,93196350
23,45999972;-0,46598175
23,46499972;0,00000000
23,46999972;-1,39948320
23,47499972;-2,33298445
23,47999972;-1,86546493
23,48499972;-1,86546493
23,48999972;-2,79896641
23,49499972;-2,33298445
23,49999972;-3,73246789
23,50499972;-2,79896641
23,50999972;-2,33298445
23,51499972;-2,33298445
23,51999972;-3,26648593
23,52499972;-2,79896641
23,52999972;-2,79896641
23,53499972;-3,26648593
23,53999972;-3,73246789
23,54499972;-2,79896641
23,54999972;-3,26648593
23,55499972;-2,33298445
23,55999972;-3,73246789
23,56499972;-3,26648593
23,56999972;-2,79896641
23,57499972;-2,79896641
23,57999972;-2,79896641
23,58499972;-2,79896641
23,58999972;-3,73246789
23,59499972;-3,26648593
23,59999972;-3,73246789
23,60499972;-4,66596889
23,60999972;-3,73246789
23,61499972;-3,73246789
23,61999972;-4,19998741
23,62499972;-4,66596889
23,62999972;-3,73246789
23,63499972;-4,19998741
23,63999972;-4,19998741
23,64499972;-4,19998741
23,64999972;-4,66596889
23,65499972;-4,19998741
23,65999972;-2,33298445
23,66499972;-4,19998741
23,66999972;-3,26648593
23,67499972;-3,73246789
23,67999972;-3,26648593
23,68499972;-2,79896641
23,68999972;-2,79896641
23,69499972;-3,26648593
23,69999972;-2,79896641
23,70499972;-1,86546493
23,70999972;-2,33298445
23,71499972;-2,33298445
23,71999972;-2,79896641
23,72499972;-2,33298445
23,72999972;-2,79896641
23,73499972;-2,79896641
23,73999972;-3,26648593
23,74499972;-2,79896641
23,74999972;-2,79896641
23,75499972;-3,73246789
23,75999972;-2,79896641
23,76499972;-4,19998741
23,76999972;-3,73246789
23,77499972;-4,19998741
23,77999972;-3,73246789
23,78499972;-2,79896641
23,78999972;-4,19998741
23,79499972;-2,79896641
23,79999972;-2,79896641
23,80499972;-2,79896641
23,80999972;-3,26648593
23,81499971;-2,79896641
23,81999971;-2,33298445
23,82499971;-0,93196350
23,82999971;-0,46598175
23,83499971;-1,39948320
23,83999971;-0,46598175
23,84499971;-0,93196350
23,84999971;-1,86546493
23,85499971;-0,93196350
23,85999971;-1,39948320
23,86499971;-1,39948320
23,86999971;-1,86546493
23,87499971;-1,86546493
23,87999971;-1,39948320
23,88499971;-1,86546493
23,88999971;-2,79896641
23,89499971;-2,33298445
23,89999971;-4,19998741
23,90499971;-2,79896641
23,90999971;-2,79896641
23,91499971;-3,26648593
23,91999971;-4,19998741
23,92499971;-3,73246789
23,92999971;-4,19998741
23,93499971;-4,66596889
23,93999971;-4,66596889
23,94499971;-5,13348866
23,94999971;-5,13348866
23,95499971;-5,59947062
23,95999971;-6,06699038
23,96499971;-5,59947062
23,96999971;-7,46647358
23,97499971;-8,86749458
23,97999971;-7,93399334
23,98499971;-8,86749458
23,98999971;-8,86749458
23,99499971;-9,33347607
23,99999971;-10,26697731
24,00499971;-9,80099583
24,00999971;-10,73449707
24,01499971;-11,20047951
24,01999971;-10,26697731
24,02499971;-11,66799831
24,02999971;-11,66799831
24,03499971;-12,13398075
24,03999971;-10,73449707
24,04499971;-11,20047951
24,04999971;-9,80099583
24,05499971;-9,33347607
24,05999971;-9,80099583
24,06499971;-7,46647358
24,06999971;-7,00049162
24,07499971;-7,46647358
24,07999971;-3,26648593
24,08499971;-3,73246789
24,08999971;-3,26648593
24,09499971;-3,26648593
24,09999971;-3,26648593
24,10499971;-2,79896641
24,10999971;-2,33298445
24,11499971;-3,26648593
24,11999971;-4,66596889
24,12499971;-4,66596889
24,12999971;-4,19998741
24,13499971;-4,66596889
24,13999971;-4,66596889
24,14499971;-5,13348866
24,14999971;-5,13348866
24,15499971;-5,13348866
24,15999971;-4,19998741
24,16499971;-4,19998741
24,16999971;-4,19998741
24,17499971;-3,26648593
24,17999971;-3,26648593
24,18499971;-2,79896641
24,18999971;-3,26648593
24,19499971;-2,79896641
24,19999971;-3,26648593
24,20499971;-2,33298445
24,20999970;-2,79896641
24,21499970;-2,33298445
24,21999970;-1,86546493
24,22499970;-1,86546493
24,22999970;-1,39948320
24,23499970;0,46598175
24,23999970;-0,93196350
24,24499970;0,00000000
24,24999970;0,46598175
24,25499970;1,39948320
24,25999970;2,33298445
24,26499970;0,93196350
24,26999970;0,93196350
24,27499970;0,46598175
24,27999970;1,86546493
24,28499970;1,86546493
24,28999970;0,46598175
24,29499970;1,39948320
24,29999970;0,93196350
24,30499970;0,93196350
24,30999970;1,39948320
24,31499970;1,39948320
24,31999970;2,79896641
24,32499970;1,86546493
24,32999970;1,39948320
24,33499970;1,39948320
24,33999970;1,86546493
24,34499970;3,26648593
24,34999970;3,73246789
24,35499970;3,73246789
24,35999970;3,26648593
24,36499970;4,66596889
24,36999970;4,66596889
24,37499970;4,66596889
24,37999970;4,66596889
24,38499970;4,66596889
24,38999970;6,06699038
24,39499970;5,13348866
24,39999970;5,13348866
24,40499970;4,66596889
24,40999970;4,66596889
24,41499970;4,19998741
24,41999970;4,19998741
24,42499970;5,59947062
24,42999970;3,73246789
24,43499970;3,26648593
24,43999970;2,33298445
24,44499970;2,79896641
24,44999970;1,86546493
24,45499970;0,93196350
24,45999970;0,46598175
24,46499970;1,39948320
24,46999970;0,93196350
24,47499970;0,93196350
24,47999970;0,00000000
24,48499970;0,46598175
24,48999970;1,86546493
24,49499970;0,46598175
24,49999970;0,46598175
24,50499970;1,39948320
24,50999970;0,93196350
24,51499970;1,39948320
24,51999970;1,86546493
24,52499970;2,33298445
24,52999970;2,79896641
24,53499970;3,73246789
24,53999970;4,19998741
24,54499970;4,66596889
24,54999970;5,13348866
24,55499970;5,13348866
24,55999970;5,13348866
24,56499970;3,73246789
24,56999970;3,73246789
24,57499970;3,26648593
24,57999970;3,26648593
24,58499970;2,33298445
24,58999970;1,86546493
24,59499970;0,93196350
24,59999970;0,93196350
24,60499969;0,00000000
24,60999969;-0,93196350
24,61499969;0,00000000
24,61999969;-0,93196350
24,62499969;-0,46598175
24,62999969;-1,39948320
24,63499969;-1,39948320
24,63999969;0,00000000
24,64499969;-1,39948320
24,64999969;-1,39948320
24,65499969;-1,86546493
24,65999969;-0,93196350
24,66499969;-1,39948320
24,66999969;-1,86546493
24,67499969;0,00000000
24,67999969;-1,86546493
24,68499969;-2,33298445
24,68999969;-2,33298445
24,69499969;-1,86546493
24,69999969;-2,79896641
24,70499969;-2,79896641
24,70999969;-2,79896641
24,71499969;-3,26648593
24,71999969;-3,26648593
24,72499969;-3,26648593
24,72999969;-3,26648593
24,73499969;-2,79896641
24,73999969;-3,73246789
24,74499969;-3,26648593
24,74999969;-3,73246789
24,75499969;-4,66596889
24,75999969;-3,73246789
24,76499969;-4,19998741
24,76999969;-3,26648593
24,77499969;-3,73246789
24,77999969;-3,73246789
24,78499969;-4,66596889
24,78999969;-4,66596889
24,79499969;-3,26648593
24,79999969;-2,79896641
24,80499969;-2,33298445
24,80999969;-1,86546493
24,81499969;0,00000000
24,81999969;0,93196350
24,82499969;2,33298445
24,82999969;3,26648593
24,83499969;2,79896641
24,83999969;4,66596889
24,84499969;5,59947062
24,84999969;5,59947062
24,85499969;6,53297186
24,85999969;6,06699038
24,86499969;6,06699038
24,86999969;6,06699038
24,87499969;5,13348866
24,87999969;5,59947062
24,88499969;5,59947062
24,88999969;4,19998741
24,89499969;5,13348866
24,89999969;3,73246789
24,90499969;5,13348866
24,90999969;4,66596889
24,91499969;3,73246789
24,91999969;4,19998741
24,92499969;4,19998741
24,92999969;4,66596889
24,93499969;5,13348866
24,93999969;5,13348866
24,94499969;4,66596889
24,94999969;4,66596889
24,95499969;5,13348866
24,95999969;5,59947062
24,96499969;5,59947062
24,96999969;5,59947062
24,97499969;6,06699038
24,97999969;6,06699038
24,98499969;6,06699038
24,98999969;6,53297186
24,99499969;6,06699038
24,99999968;7,00049162
25,00499968;7,00049162
