Zeit;Kanal A
(ms);(mV)

-25,00708239;0,00000000
-25,00208239;1,86546493
-24,99708239;0,46598175
-24,99208239;-0,46598175
-24,98708239;0,00000000
-24,98208239;0,46598175
-24,97708239;-0,46598175
-24,97208239;0,00000000
-24,96708239;0,00000000
-24,96208239;0,00000000
-24,95708239;0,00000000
-24,95208239;0,00000000
-24,94708239;0,93196350
-24,94208239;-0,46598175
-24,93708239;0,46598175
-24,93208239;-0,93196350
-24,92708239;-1,39948320
-24,92208239;0,46598175
-24,91708239;0,46598175
-24,91208239;0,00000000
-24,90708239;0,00000000
-24,90208239;0,46598175
-24,89708239;0,46598175
-24,89208239;0,00000000
-24,88708239;0,46598175
-24,88208239;0,00000000
-24,87708239;0,46598175
-24,87208239;0,46598175
-24,86708239;0,00000000
-24,86208239;-0,93196350
-24,85708239;-0,93196350
-24,85208239;0,00000000
-24,84708239;-0,46598175
-24,84208239;0,46598175
-24,83708239;0,00000000
-24,83208239;0,46598175
-24,82708239;0,00000000
-24,82208239;2,79896641
-24,81708239;0,00000000
-24,81208239;0,46598175
-24,80708239;-0,46598175
-24,80208239;0,46598175
-24,79708239;0,93196350
-24,79208239;0,00000000
-24,78708239;0,00000000
-24,78208239;0,46598175
-24,77708239;-0,46598175
-24,77208239;-0,46598175
-24,76708239;-0,46598175
-24,76208239;0,00000000
-24,75708239;0,46598175
-24,75208239;0,93196350
-24,74708239;-0,46598175
-24,74208239;-1,39948320
-24,73708239;-0,46598175
-24,73208239;0,00000000
-24,72708239;-0,93196350
-24,72208239;0,00000000
-24,71708239;0,46598175
-24,71208239;0,00000000
-24,70708239;0,46598175
-24,70208239;0,93196350
-24,69708239;-1,39948320
-24,69208239;0,00000000
-24,68708239;0,00000000
-24,68208239;-1,86546493
-24,67708239;-0,46598175
-24,67208239;0,00000000
-24,66708239;0,46598175
-24,66208239;0,00000000
-24,65708239;-0,93196350
-24,65208239;0,46598175
-24,64708239;0,00000000
-24,64208239;0,00000000
-24,63708239;0,00000000
-24,63208239;0,46598175
-24,62708239;0,00000000
-24,62208239;0,93196350
-24,61708239;0,93196350
-24,61208240;0,46598175
-24,60708240;0,46598175
-24,60208240;0,00000000
-24,59708240;0,00000000
-24,59208240;0,93196350
-24,58708240;0,46598175
-24,58208240;-0,46598175
-24,57708240;0,00000000
-24,57208240;-0,46598175
-24,56708240;0,46598175
-24,56208240;0,00000000
-24,55708240;0,00000000
-24,55208240;0,46598175
-24,54708240;0,00000000
-24,54208240;-0,46598175
-24,53708240;0,00000000
-24,53208240;-0,46598175
-24,52708240;-0,46598175
-24,52208240;-0,46598175
-24,51708240;0,00000000
-24,51208240;0,93196350
-24,50708240;0,00000000
-24,50208240;0,00000000
-24,49708240;0,46598175
-24,49208240;0,00000000
-24,48708240;0,00000000
-24,48208240;0,93196350
-24,47708240;0,46598175
-24,47208240;0,46598175
-24,46708240;-0,46598175
-24,46208240;0,93196350
-24,45708240;0,00000000
-24,45208240;0,46598175
-24,44708240;0,00000000
-24,44208240;0,46598175
-24,43708240;0,00000000
-24,43208240;0,00000000
-24,42708240;-0,46598175
-24,42208240;0,00000000
-24,41708240;0,00000000
-24,41208240;-0,93196350
-24,40708240;0,00000000
-24,40208240;0,00000000
-24,39708240;-0,46598175
-24,39208240;-0,46598175
-24,38708240;-0,46598175
-24,38208240;0,00000000
-24,37708240;-0,46598175
-24,37208240;0,00000000
-24,36708240;0,46598175
-24,36208240;0,00000000
-24,35708240;0,93196350
-24,35208240;-0,46598175
-24,34708240;-0,46598175
-24,34208240;0,46598175
-24,33708240;0,00000000
-24,33208240;1,86546493
-24,32708240;0,00000000
-24,32208240;0,00000000
-24,31708240;-0,46598175
-24,31208240;0,00000000
-24,30708240;0,00000000
-24,30208240;-0,46598175
-24,29708240;0,46598175
-24,29208240;0,00000000
-24,28708240;-0,46598175
-24,28208240;1,39948320
-24,27708240;0,00000000
-24,27208240;0,00000000
-24,26708240;0,46598175
-24,26208240;0,46598175
-24,25708240;0,00000000
-24,25208240;-0,93196350
-24,24708240;0,00000000
-24,24208240;0,46598175
-24,23708240;-0,93196350
-24,23208240;0,00000000
-24,22708240;0,46598175
-24,22208240;0,46598175
-24,21708240;0,00000000
-24,21208241;0,00000000
-24,20708241;0,00000000
-24,20208241;0,00000000
-24,19708241;-0,46598175
-24,19208241;0,46598175
-24,18708241;-0,46598175
-24,18208241;0,46598175
-24,17708241;0,46598175
-24,17208241;-0,46598175
-24,16708241;-0,46598175
-24,16208241;0,46598175
-24,15708241;-0,46598175
-24,15208241;0,00000000
-24,14708241;-0,46598175
-24,14208241;0,00000000
-24,13708241;0,00000000
-24,13208241;0,00000000
-24,12708241;0,00000000
-24,12208241;0,46598175
-24,11708241;0,00000000
-24,11208241;-0,93196350
-24,10708241;-0,46598175
-24,10208241;0,00000000
-24,09708241;0,46598175
-24,09208241;0,46598175
-24,08708241;0,93196350
-24,08208241;0,00000000
-24,07708241;0,46598175
-24,07208241;-0,93196350
-24,06708241;-0,46598175
-24,06208241;-0,93196350
-24,05708241;0,00000000
-24,05208241;0,00000000
-24,04708241;0,00000000
-24,04208241;0,46598175
-24,03708241;-0,46598175
-24,03208241;-0,46598175
-24,02708241;0,00000000
-24,02208241;0,00000000
-24,01708241;0,00000000
-24,01208241;-0,46598175
-24,00708241;0,00000000
-24,00208241;0,46598175
-23,99708241;0,00000000
-23,99208241;-0,46598175
-23,98708241;0,46598175
-23,98208241;0,46598175
-23,97708241;0,46598175
-23,97208241;0,00000000
-23,96708241;0,00000000
-23,96208241;0,00000000
-23,95708241;0,46598175
-23,95208241;0,93196350
-23,94708241;-0,46598175
-23,94208241;0,00000000
-23,93708241;0,46598175
-23,93208241;1,39948320
-23,92708241;0,46598175
-23,92208241;0,00000000
-23,91708241;-0,46598175
-23,91208241;0,46598175
-23,90708241;-0,46598175
-23,90208241;0,00000000
-23,89708241;0,00000000
-23,89208241;0,00000000
-23,88708241;-0,46598175
-23,88208241;-0,93196350
-23,87708241;0,46598175
-23,87208241;0,00000000
-23,86708241;-1,86546493
-23,86208241;0,00000000
-23,85708241;0,46598175
-23,85208241;-0,46598175
-23,84708241;-0,46598175
-23,84208241;0,00000000
-23,83708241;-0,46598175
-23,83208241;0,00000000
-23,82708241;0,00000000
-23,82208241;-0,46598175
-23,81708242;0,93196350
-23,81208242;0,46598175
-23,80708242;-0,46598175
-23,80208242;0,00000000
-23,79708242;0,00000000
-23,79208242;-0,93196350
-23,78708242;-0,46598175
-23,78208242;0,00000000
-23,77708242;-0,46598175
-23,77208242;0,46598175
-23,76708242;0,46598175
-23,76208242;-0,46598175
-23,75708242;0,00000000
-23,75208242;-0,46598175
-23,74708242;-0,93196350
-23,74208242;-0,46598175
-23,73708242;0,00000000
-23,73208242;-0,46598175
-23,72708242;0,00000000
-23,72208242;0,46598175
-23,71708242;0,00000000
-23,71208242;-0,46598175
-23,70708242;0,00000000
-23,70208242;0,00000000
-23,69708242;0,46598175
-23,69208242;0,93196350
-23,68708242;0,00000000
-23,68208242;0,46598175
-23,67708242;0,00000000
-23,67208242;0,00000000
-23,66708242;-0,46598175
-23,66208242;-0,46598175
-23,65708242;0,93196350
-23,65208242;0,00000000
-23,64708242;0,00000000
-23,64208242;0,93196350
-23,63708242;0,00000000
-23,63208242;0,00000000
-23,62708242;0,00000000
-23,62208242;0,00000000
-23,61708242;-0,46598175
-23,61208242;0,00000000
-23,60708242;0,00000000
-23,60208242;0,00000000
-23,59708242;0,93196350
-23,59208242;0,46598175
-23,58708242;0,46598175
-23,58208242;-0,46598175
-23,57708242;-7,93399334
-23,57208242;0,00000000
-23,56708242;-0,93196350
-23,56208242;0,00000000
-23,55708242;-0,93196350
-23,55208242;0,00000000
-23,54708242;-0,93196350
-23,54208242;0,00000000
-23,53708242;0,00000000
-23,53208242;-0,93196350
-23,52708242;0,46598175
-23,52208242;0,00000000
-23,51708242;-0,46598175
-23,51208242;-0,93196350
-23,50708242;0,00000000
-23,50208242;-0,46598175
-23,49708242;0,46598175
-23,49208242;0,46598175
-23,48708242;0,00000000
-23,48208242;-0,46598175
-23,47708242;-0,93196350
-23,47208242;0,00000000
-23,46708242;-0,93196350
-23,46208242;0,46598175
-23,45708242;-0,46598175
-23,45208242;0,93196350
-23,44708242;0,00000000
-23,44208242;0,46598175
-23,43708242;-0,46598175
-23,43208242;0,46598175
-23,42708242;0,00000000
-23,42208243;0,46598175
-23,41708243;0,46598175
-23,41208243;0,46598175
-23,40708243;0,46598175
-23,40208243;0,93196350
-23,39708243;-0,93196350
-23,39208243;0,00000000
-23,38708243;-0,46598175
-23,38208243;0,00000000
-23,37708243;0,00000000
-23,37208243;0,46598175
-23,36708243;0,00000000
-23,36208243;0,00000000
-23,35708243;0,00000000
-23,35208243;-0,46598175
-23,34708243;-0,46598175
-23,34208243;0,00000000
-23,33708243;0,46598175
-23,33208243;0,00000000
-23,32708243;0,46598175
-23,32208243;0,00000000
-23,31708243;0,00000000
-23,31208243;-0,46598175
-23,30708243;0,00000000
-23,30208243;-1,39948320
-23,29708243;-1,39948320
-23,29208243;0,93196350
-23,28708243;0,00000000
-23,28208243;-0,93196350
-23,27708243;0,00000000
-23,27208243;0,00000000
-23,26708243;-0,93196350
-23,26208243;-0,46598175
-23,25708243;0,00000000
-23,25208243;0,00000000
-23,24708243;0,00000000
-23,24208243;0,00000000
-23,23708243;0,00000000
-23,23208243;0,00000000
-23,22708243;0,00000000
-23,22208243;-0,46598175
-23,21708243;0,46598175
-23,21208243;0,00000000
-23,20708243;0,00000000
-23,20208243;-0,93196350
-23,19708243;0,00000000
-23,19208243;-0,46598175
-23,18708243;0,46598175
-23,18208243;0,00000000
-23,17708243;0,00000000
-23,17208243;0,00000000
-23,16708243;0,93196350
-23,16208243;0,46598175
-23,15708243;-0,46598175
-23,15208243;0,46598175
-23,14708243;-0,46598175
-23,14208243;0,00000000
-23,13708243;0,93196350
-23,13208243;-0,46598175
-23,12708243;0,46598175
-23,12208243;0,00000000
-23,11708243;0,00000000
-23,11208243;0,46598175
-23,10708243;-1,86546493
-23,10208243;0,00000000
-23,09708243;0,46598175
-23,09208243;-0,46598175
-23,08708243;0,46598175
-23,08208243;0,46598175
-23,07708243;0,00000000
-23,07208243;-0,46598175
-23,06708243;0,93196350
-23,06208243;-0,93196350
-23,05708243;-0,46598175
-23,05208243;0,00000000
-23,04708243;0,00000000
-23,04208243;0,00000000
-23,03708243;-0,46598175
-23,03208243;0,00000000
-23,02708244;0,00000000
-23,02208244;0,46598175
-23,01708244;0,93196350
-23,01208244;0,00000000
-23,00708244;0,46598175
-23,00208244;-0,93196350
-22,99708244;0,93196350
-22,99208244;0,00000000
-22,98708244;0,46598175
-22,98208244;0,46598175
-22,97708244;0,00000000
-22,97208244;-0,46598175
-22,96708244;0,46598175
-22,96208244;0,46598175
-22,95708244;0,00000000
-22,95208244;0,00000000
-22,94708244;-0,46598175
-22,94208244;0,46598175
-22,93708244;0,46598175
-22,93208244;0,00000000
-22,92708244;0,46598175
-22,92208244;-3,73246789
-22,91708244;-0,46598175
-22,91208244;0,46598175
-22,90708244;0,93196350
-22,90208244;0,00000000
-22,89708244;0,46598175
-22,89208244;0,46598175
-22,88708244;3,73246789
-22,88208244;-0,93196350
-22,87708244;0,00000000
-22,87208244;0,00000000
-22,86708244;-0,93196350
-22,86208244;0,46598175
-22,85708244;0,46598175
-22,85208244;2,33298445
-22,84708244;0,46598175
-22,84208244;0,46598175
-22,83708244;0,93196350
-22,83208244;-0,46598175
-22,82708244;0,00000000
-22,82208244;0,00000000
-22,81708244;-15,86798668
-22,81208244;0,46598175
-22,80708244;0,00000000
-22,80208244;-0,93196350
-22,79708244;0,46598175
-22,79208244;0,93196350
-22,78708244;0,00000000
-22,78208244;0,46598175
-22,77708244;0,00000000
-22,77208244;0,00000000
-22,76708244;0,93196350
-22,76208244;0,46598175
-22,75708244;0,46598175
-22,75208244;0,00000000
-22,74708244;0,00000000
-22,74208244;0,46598175
-22,73708244;0,46598175
-22,73208244;0,00000000
-22,72708244;0,93196350
-22,72208244;-0,46598175
-22,71708244;0,46598175
-22,71208244;0,00000000
-22,70708244;0,46598175
-22,70208244;0,93196350
-22,69708244;0,46598175
-22,69208244;0,00000000
-22,68708244;0,46598175
-22,68208244;0,46598175
-22,67708244;-0,46598175
-22,67208244;0,93196350
-22,66708244;-1,39948320
-22,66208244;0,93196350
-22,65708244;0,46598175
-22,65208244;1,39948320
-22,64708244;0,93196350
-22,64208244;0,46598175
-22,63708244;0,93196350
-22,63208245;0,00000000
-22,62708245;0,00000000
-22,62208245;0,00000000
-22,61708245;0,93196350
-22,61208245;0,00000000
-22,60708245;0,46598175
-22,60208245;0,46598175
-22,59708245;0,46598175
-22,59208245;0,00000000
-22,58708245;0,93196350
-22,58208245;0,46598175
-22,57708245;0,46598175
-22,57208245;0,46598175
-22,56708245;0,46598175
-22,56208245;0,00000000
-22,55708245;-0,46598175
-22,55208245;0,46598175
-22,54708245;0,46598175
-22,54208245;0,46598175
-22,53708245;0,46598175
-22,53208245;-0,46598175
-22,52708245;-0,46598175
-22,52208245;0,93196350
-22,51708245;1,39948320
-22,51208245;0,46598175
-22,50708245;0,46598175
-22,50208245;0,93196350
-22,49708245;0,00000000
-22,49208245;0,00000000
-22,48708245;0,93196350
-22,48208245;1,86546493
-22,47708245;0,46598175
-22,47208245;0,00000000
-22,46708245;0,93196350
-22,46208245;0,93196350
-22,45708245;0,46598175
-22,45208245;0,00000000
-22,44708245;0,00000000
-22,44208245;0,46598175
-22,43708245;-0,46598175
-22,43208245;0,00000000
-22,42708245;-0,93196350
-22,42208245;0,46598175
-22,41708245;0,00000000
-22,41208245;0,00000000
-22,40708245;0,46598175
-22,40208245;-0,46598175
-22,39708245;0,00000000
-22,39208245;0,00000000
-22,38708245;0,00000000
-22,38208245;0,00000000
-22,37708245;-0,46598175
-22,37208245;0,00000000
-22,36708245;0,46598175
-22,36208245;0,46598175
-22,35708245;0,00000000
-22,35208245;0,00000000
-22,34708245;0,46598175
-22,34208245;0,00000000
-22,33708245;0,00000000
-22,33208245;-0,46598175
-22,32708245;1,39948320
-22,32208245;0,46598175
-22,31708245;0,00000000
-22,31208245;0,46598175
-22,30708245;0,00000000
-22,30208245;0,46598175
-22,29708245;0,00000000
-22,29208245;0,00000000
-22,28708245;0,00000000
-22,28208245;-0,93196350
-22,27708245;0,00000000
-22,27208245;-0,46598175
-22,26708245;-0,93196350
-22,26208245;-0,46598175
-22,25708245;0,46598175
-22,25208245;-0,93196350
-22,24708245;0,00000000
-22,24208245;0,46598175
-22,23708246;0,00000000
-22,23208246;0,46598175
-22,22708246;0,46598175
-22,22208246;0,00000000
-22,21708246;0,46598175
-22,21208246;0,46598175
-22,20708246;0,46598175
-22,20208246;-0,46598175
-22,19708246;0,00000000
-22,19208246;-0,93196350
-22,18708246;0,00000000
-22,18208246;0,00000000
-22,17708246;0,00000000
-22,17208246;0,46598175
-22,16708246;1,39948320
-22,16208246;0,00000000
-22,15708246;0,00000000
-22,15208246;0,00000000
-22,14708246;0,00000000
-22,14208246;0,93196350
-22,13708246;0,46598175
-22,13208246;0,93196350
-22,12708246;0,46598175
-22,12208246;0,46598175
-22,11708246;0,46598175
-22,11208246;0,46598175
-22,10708246;0,46598175
-22,10208246;0,46598175
-22,09708246;0,93196350
-22,09208246;0,00000000
-22,08708246;0,00000000
-22,08208246;0,93196350
-22,07708246;0,00000000
-22,07208246;-0,46598175
-22,06708246;0,46598175
-22,06208246;0,00000000
-22,05708246;0,00000000
-22,05208246;0,00000000
-22,04708246;0,93196350
-22,04208246;0,00000000
-22,03708246;0,46598175
-22,03208246;0,00000000
-22,02708246;0,00000000
-22,02208246;-0,46598175
-22,01708246;0,00000000
-22,01208246;0,93196350
-22,00708246;0,46598175
-22,00208246;0,46598175
-21,99708246;0,00000000
-21,99208246;0,46598175
-21,98708246;0,46598175
-21,98208246;0,00000000
-21,97708246;0,46598175
-21,97208246;0,46598175
-21,96708246;0,46598175
-21,96208246;0,00000000
-21,95708246;0,46598175
-21,95208246;0,46598175
-21,94708246;0,93196350
-21,94208246;0,46598175
-21,93708246;-0,46598175
-21,93208246;0,00000000
-21,92708246;0,00000000
-21,92208246;0,46598175
-21,91708246;0,00000000
-21,91208246;0,46598175
-21,90708246;0,46598175
-21,90208246;0,00000000
-21,89708246;-0,46598175
-21,89208246;-0,46598175
-21,88708246;-0,46598175
-21,88208246;-0,93196350
-21,87708246;0,46598175
-21,87208246;0,00000000
-21,86708246;0,46598175
-21,86208246;-0,46598175
-21,85708246;0,00000000
-21,85208246;0,93196350
-21,84708246;0,00000000
-21,84208246;0,93196350
-21,83708247;0,46598175
-21,83208247;0,00000000
-21,82708247;0,00000000
-21,82208247;0,00000000
-21,81708247;-0,46598175
-21,81208247;0,00000000
-21,80708247;-0,93196350
-21,80208247;1,86546493
-21,79708247;0,00000000
-21,79208247;-0,46598175
-21,78708247;-0,46598175
-21,78208247;0,46598175
-21,77708247;0,00000000
-21,77208247;-0,93196350
-21,76708247;0,00000000
-21,76208247;-0,93196350
-21,75708247;-0,93196350
-21,75208247;0,46598175
-21,74708247;-0,46598175
-21,74208247;-0,46598175
-21,73708247;-0,93196350
-21,73208247;0,00000000
-21,72708247;-0,46598175
-21,72208247;-0,46598175
-21,71708247;-0,46598175
-21,71208247;-0,93196350
-21,70708247;-0,93196350
-21,70208247;0,00000000
-21,69708247;0,00000000
-21,69208247;-0,46598175
-21,68708247;-0,46598175
-21,68208247;0,93196350
-21,67708247;0,46598175
-21,67208247;-0,93196350
-21,66708247;1,39948320
-21,66208247;-0,46598175
-21,65708247;0,00000000
-21,65208247;-0,46598175
-21,64708247;0,00000000
-21,64208247;-0,46598175
-21,63708247;0,93196350
-21,63208247;0,00000000
-21,62708247;0,46598175
-21,62208247;0,00000000
-21,61708247;0,00000000
-21,61208247;0,46598175
-21,60708247;-0,46598175
-21,60208247;0,00000000
-21,59708247;0,46598175
-21,59208247;0,46598175
-21,58708247;0,00000000
-21,58208247;0,46598175
-21,57708247;0,46598175
-21,57208247;0,46598175
-21,56708247;0,00000000
-21,56208247;-0,93196350
-21,55708247;0,46598175
-21,55208247;0,46598175
-21,54708247;0,46598175
-21,54208247;0,46598175
-21,53708247;0,00000000
-21,53208247;0,00000000
-21,52708247;0,00000000
-21,52208247;0,93196350
-21,51708247;1,39948320
-21,51208247;0,00000000
-21,50708247;0,46598175
-21,50208247;0,46598175
-21,49708247;0,00000000
-21,49208247;1,86546493
-21,48708247;0,93196350
-21,48208247;0,46598175
-21,47708247;-0,46598175
-21,47208247;0,46598175
-21,46708247;-1,86546493
-21,46208247;0,46598175
-21,45708247;0,93196350
-21,45208247;0,46598175
-21,44708247;3,26648593
-21,44208248;0,93196350
-21,43708248;0,93196350
-21,43208248;0,00000000
-21,42708248;-0,46598175
-21,42208248;0,46598175
-21,41708248;0,00000000
-21,41208248;0,46598175
-21,40708248;-0,46598175
-21,40208248;0,46598175
-21,39708248;1,39948320
-21,39208248;0,93196350
-21,38708248;0,00000000
-21,38208248;0,93196350
-21,37708248;0,46598175
-21,37208248;0,46598175
-21,36708248;0,46598175
-21,36208248;0,00000000
-21,35708248;1,39948320
-21,35208248;0,00000000
-21,34708248;0,46598175
-21,34208248;0,00000000
-21,33708248;0,46598175
-21,33208248;0,46598175
-21,32708248;0,93196350
-21,32208248;0,46598175
-21,31708248;0,46598175
-21,31208248;0,46598175
-21,30708248;0,46598175
-21,30208248;1,39948320
-21,29708248;0,00000000
-21,29208248;0,46598175
-21,28708248;0,46598175
-21,28208248;0,93196350
-21,27708248;-0,93196350
-21,27208248;0,93196350
-21,26708248;0,46598175
-21,26208248;0,00000000
-21,25708248;0,46598175
-21,25208248;0,93196350
-21,24708248;0,46598175
-21,24208248;0,46598175
-21,23708248;0,93196350
-21,23208248;1,86546493
-21,22708248;0,46598175
-21,22208248;0,00000000
-21,21708248;0,00000000
-21,21208248;0,93196350
-21,20708248;0,46598175
-21,20208248;0,46598175
-21,19708248;0,46598175
-21,19208248;0,46598175
-21,18708248;0,46598175
-21,18208248;0,00000000
-21,17708248;0,93196350
-21,17208248;0,46598175
-21,16708248;0,93196350
-21,16208248;0,46598175
-21,15708248;-0,46598175
-21,15208248;0,46598175
-21,14708248;0,46598175
-21,14208248;-0,46598175
-21,13708248;0,00000000
-21,13208248;0,46598175
-21,12708248;0,46598175
-21,12208248;0,46598175
-21,11708248;0,46598175
-21,11208248;-0,46598175
-21,10708248;0,00000000
-21,10208248;0,93196350
-21,09708248;1,39948320
-21,09208248;0,46598175
-21,08708248;0,93196350
-21,08208248;0,00000000
-21,07708248;0,93196350
-21,07208248;0,46598175
-21,06708248;0,46598175
-21,06208248;-0,93196350
-21,05708248;-0,46598175
-21,05208248;1,86546493
-21,04708249;0,00000000
-21,04208249;0,93196350
-21,03708249;0,46598175
-21,03208249;0,93196350
-21,02708249;0,00000000
-21,02208249;0,93196350
-21,01708249;-0,46598175
-21,01208249;0,46598175
-21,00708249;0,93196350
-21,00208249;0,46598175
-20,99708249;0,00000000
-20,99208249;0,46598175
-20,98708249;0,46598175
-20,98208249;-0,46598175
-20,97708249;1,39948320
-20,97208249;0,00000000
-20,96708249;0,46598175
-20,96208249;0,46598175
-20,95708249;0,93196350
-20,95208249;0,00000000
-20,94708249;0,00000000
-20,94208249;1,39948320
-20,93708249;0,00000000
-20,93208249;0,46598175
-20,92708249;-0,46598175
-20,92208249;0,93196350
-20,91708249;0,00000000
-20,91208249;0,00000000
-20,90708249;0,00000000
-20,90208249;0,46598175
-20,89708249;0,00000000
-20,89208249;0,46598175
-20,88708249;0,46598175
-20,88208249;0,93196350
-20,87708249;0,46598175
-20,87208249;0,46598175
-20,86708249;0,00000000
-20,86208249;0,00000000
-20,85708249;0,93196350
-20,85208249;0,00000000
-20,84708249;0,46598175
-20,84208249;0,93196350
-20,83708249;0,46598175
-20,83208249;0,46598175
-20,82708249;0,46598175
-20,82208249;0,93196350
-20,81708249;0,46598175
-20,81208249;0,46598175
-20,80708249;-13,53500175
-20,80208249;0,00000000
-20,79708249;0,00000000
-20,79208249;0,46598175
-20,78708249;0,93196350
-20,78208249;0,93196350
-20,77708249;0,00000000
-20,77208249;0,93196350
-20,76708249;0,46598175
-20,76208249;0,46598175
-20,75708249;0,46598175
-20,75208249;0,93196350
-20,74708249;1,39948320
-20,74208249;0,46598175
-20,73708249;0,46598175
-20,73208249;0,93196350
-20,72708249;0,46598175
-20,72208249;1,86546493
-20,71708249;0,46598175
-20,71208249;1,39948320
-20,70708249;-0,93196350
-20,70208249;0,46598175
-20,69708249;0,46598175
-20,69208249;0,46598175
-20,68708249;0,46598175
-20,68208249;0,93196350
-20,67708249;0,00000000
-20,67208249;0,93196350
-20,66708249;0,00000000
-20,66208249;0,00000000
-20,65708249;0,00000000
-20,65208250;1,39948320
-20,64708250;0,46598175
-20,64208250;0,93196350
-20,63708250;0,46598175
-20,63208250;0,46598175
-20,62708250;0,00000000
-20,62208250;0,93196350
-20,61708250;0,93196350
-20,61208250;0,93196350
-20,60708250;0,46598175
-20,60208250;0,46598175
-20,59708250;0,46598175
-20,59208250;0,93196350
-20,58708250;1,39948320
-20,58208250;0,46598175
-20,57708250;0,46598175
-20,57208250;0,46598175
-20,56708250;0,00000000
-20,56208250;0,46598175
-20,55708250;0,46598175
-20,55208250;0,00000000
-20,54708250;0,93196350
-20,54208250;0,46598175
-20,53708250;0,93196350
-20,53208250;0,00000000
-20,52708250;-0,46598175
-20,52208250;1,39948320
-20,51708250;0,93196350
-20,51208250;0,46598175
-20,50708250;0,00000000
-20,50208250;0,46598175
-20,49708250;0,46598175
-20,49208250;0,00000000
-20,48708250;-0,46598175
-20,48208250;-0,46598175
-20,47708250;0,00000000
-20,47208250;0,00000000
-20,46708250;0,93196350
-20,46208250;0,46598175
-20,45708250;-0,93196350
-20,45208250;0,00000000
-20,44708250;0,00000000
-20,44208250;0,93196350
-20,43708250;0,93196350
-20,43208250;0,46598175
-20,42708250;0,46598175
-20,42208250;0,00000000
-20,41708250;0,46598175
-20,41208250;0,00000000
-20,40708250;0,93196350
-20,40208250;0,00000000
-20,39708250;0,46598175
-20,39208250;0,46598175
-20,38708250;0,93196350
-20,38208250;0,00000000
-20,37708250;0,46598175
-20,37208250;0,93196350
-20,36708250;0,46598175
-20,36208250;0,00000000
-20,35708250;0,46598175
-20,35208250;0,93196350
-20,34708250;0,00000000
-20,34208250;0,00000000
-20,33708250;0,00000000
-20,33208250;-0,46598175
-20,32708250;-0,46598175
-20,32208250;-0,46598175
-20,31708250;-0,46598175
-20,31208250;0,46598175
-20,30708250;0,46598175
-20,30208250;0,00000000
-20,29708250;0,00000000
-20,29208250;0,93196350
-20,28708250;0,93196350
-20,28208250;-0,46598175
-20,27708250;-0,46598175
-20,27208250;0,93196350
-20,26708250;-0,46598175
-20,26208250;-0,46598175
-20,25708251;0,46598175
-20,25208251;0,46598175
-20,24708251;0,46598175
-20,24208251;0,00000000
-20,23708251;-0,46598175
-20,23208251;0,00000000
-20,22708251;0,00000000
-20,22208251;0,93196350
-20,21708251;-0,46598175
-20,21208251;0,46598175
-20,20708251;0,00000000
-20,20208251;0,46598175
-20,19708251;-0,93196350
-20,19208251;-0,46598175
-20,18708251;0,46598175
-20,18208251;0,00000000
-20,17708251;0,00000000
-20,17208251;0,46598175
-20,16708251;0,46598175
-20,16208251;0,00000000
-20,15708251;0,00000000
-20,15208251;0,46598175
-20,14708251;0,00000000
-20,14208251;0,00000000
-20,13708251;0,00000000
-20,13208251;0,00000000
-20,12708251;0,00000000
-20,12208251;-0,46598175
-20,11708251;0,00000000
-20,11208251;0,46598175
-20,10708251;0,93196350
-20,10208251;0,46598175
-20,09708251;0,00000000
-20,09208251;0,46598175
-20,08708251;0,00000000
-20,08208251;0,46598175
-20,07708251;0,46598175
-20,07208251;-0,46598175
-20,06708251;0,93196350
-20,06208251;0,46598175
-20,05708251;0,46598175
-20,05208251;0,46598175
-20,04708251;-0,46598175
-20,04208251;0,46598175
-20,03708251;0,46598175
-20,03208251;0,93196350
-20,02708251;0,00000000
-20,02208251;0,00000000
-20,01708251;-0,46598175
-20,01208251;0,46598175
-20,00708251;1,39948320
-20,00208251;0,46598175
-19,99708251;-0,46598175
-19,99208251;0,00000000
-19,98708251;-0,46598175
-19,98208251;0,46598175
-19,97708251;0,46598175
-19,97208251;0,93196350
-19,96708251;0,00000000
-19,96208251;-0,93196350
-19,95708251;-0,46598175
-19,95208251;0,00000000
-19,94708251;0,46598175
-19,94208251;0,46598175
-19,93708251;0,93196350
-19,93208251;0,00000000
-19,92708251;0,00000000
-19,92208251;1,39948320
-19,91708251;0,00000000
-19,91208251;0,00000000
-19,90708251;0,00000000
-19,90208251;0,00000000
-19,89708251;0,46598175
-19,89208251;0,46598175
-19,88708251;0,00000000
-19,88208251;0,46598175
-19,87708251;0,46598175
-19,87208251;0,00000000
-19,86708251;0,46598175
-19,86208251;1,39948320
-19,85708252;0,00000000
-19,85208252;-0,93196350
-19,84708252;-0,46598175
-19,84208252;0,46598175
-19,83708252;0,93196350
-19,83208252;0,46598175
-19,82708252;0,00000000
-19,82208252;0,46598175
-19,81708252;0,00000000
-19,81208252;0,93196350
-19,80708252;0,00000000
-19,80208252;0,00000000
-19,79708252;0,00000000
-19,79208252;-0,46598175
-19,78708252;0,46598175
-19,78208252;0,46598175
-19,77708252;0,00000000
-19,77208252;0,00000000
-19,76708252;0,46598175
-19,76208252;0,00000000
-19,75708252;0,46598175
-19,75208252;0,46598175
-19,74708252;0,46598175
-19,74208252;0,46598175
-19,73708252;0,00000000
-19,73208252;0,00000000
-19,72708252;0,00000000
-19,72208252;0,46598175
-19,71708252;-1,86546493
-19,71208252;0,00000000
-19,70708252;0,46598175
-19,70208252;1,39948320
-19,69708252;0,46598175
-19,69208252;0,00000000
-19,68708252;-0,46598175
-19,68208252;0,46598175
-19,67708252;0,00000000
-19,67208252;0,93196350
-19,66708252;0,46598175
-19,66208252;0,93196350
-19,65708252;0,00000000
-19,65208252;0,00000000
-19,64708252;0,46598175
-19,64208252;0,93196350
-19,63708252;0,00000000
-19,63208252;0,46598175
-19,62708252;0,00000000
-19,62208252;1,39948320
-19,61708252;0,46598175
-19,61208252;0,46598175
-19,60708252;0,46598175
-19,60208252;0,46598175
-19,59708252;0,93196350
-19,59208252;0,00000000
-19,58708252;0,00000000
-19,58208252;1,86546493
-19,57708252;0,00000000
-19,57208252;0,00000000
-19,56708252;0,00000000
-19,56208252;0,00000000
-19,55708252;0,93196350
-19,55208252;0,46598175
-19,54708252;-0,46598175
-19,54208252;0,46598175
-19,53708252;0,93196350
-19,53208252;-0,46598175
-19,52708252;0,46598175
-19,52208252;0,00000000
-19,51708252;-0,93196350
-19,51208252;0,93196350
-19,50708252;0,46598175
-19,50208252;0,00000000
-19,49708252;-0,46598175
-19,49208252;-5,13348866
-19,48708252;-0,46598175
-19,48208252;0,00000000
-19,47708252;0,00000000
-19,47208252;0,00000000
-19,46708252;0,00000000
-19,46208253;0,93196350
-19,45708253;0,46598175
-19,45208253;0,00000000
-19,44708253;0,00000000
-19,44208253;0,46598175
-19,43708253;-0,46598175
-19,43208253;0,00000000
-19,42708253;0,46598175
-19,42208253;-0,46598175
-19,41708253;0,46598175
-19,41208253;0,00000000
-19,40708253;0,46598175
-19,40208253;0,00000000
-19,39708253;0,46598175
-19,39208253;0,46598175
-19,38708253;0,93196350
-19,38208253;-0,46598175
-19,37708253;0,00000000
-19,37208253;-0,46598175
-19,36708253;0,00000000
-19,36208253;-0,46598175
-19,35708253;0,93196350
-19,35208253;0,46598175
-19,34708253;-2,33298445
-19,34208253;0,46598175
-19,33708253;0,46598175
-19,33208253;0,46598175
-19,32708253;0,00000000
-19,32208253;0,46598175
-19,31708253;0,93196350
-19,31208253;-0,93196350
-19,30708253;0,46598175
-19,30208253;0,00000000
-19,29708253;0,93196350
-19,29208253;0,93196350
-19,28708253;0,00000000
-19,28208253;0,00000000
-19,27708253;0,46598175
-19,27208253;0,00000000
-19,26708253;0,46598175
-19,26208253;0,93196350
-19,25708253;0,46598175
-19,25208253;0,00000000
-19,24708253;-0,46598175
-19,24208253;0,00000000
-19,23708253;0,46598175
-19,23208253;0,46598175
-19,22708253;0,00000000
-19,22208253;0,46598175
-19,21708253;0,93196350
-19,21208253;0,46598175
-19,20708253;0,00000000
-19,20208253;-0,93196350
-19,19708253;0,00000000
-19,19208253;0,93196350
-19,18708253;0,00000000
-19,18208253;0,46598175
-19,17708253;0,46598175
-19,17208253;0,46598175
-19,16708253;0,46598175
-19,16208253;-0,46598175
-19,15708253;0,46598175
-19,15208253;0,00000000
-19,14708253;0,46598175
-19,14208253;0,46598175
-19,13708253;0,93196350
-19,13208253;0,46598175
-19,12708253;0,00000000
-19,12208253;0,46598175
-19,11708253;0,00000000
-19,11208253;0,46598175
-19,10708253;0,00000000
-19,10208253;0,93196350
-19,09708253;0,93196350
-19,09208253;0,93196350
-19,08708253;0,00000000
-19,08208253;1,39948320
-19,07708253;0,00000000
-19,07208253;0,93196350
-19,06708254;0,46598175
-19,06208254;0,46598175
-19,05708254;0,00000000
-19,05208254;0,46598175
-19,04708254;0,46598175
-19,04208254;0,00000000
-19,03708254;0,46598175
-19,03208254;0,93196350
-19,02708254;0,00000000
-19,02208254;0,93196350
-19,01708254;0,00000000
-19,01208254;0,46598175
-19,00708254;0,46598175
-19,00208254;0,93196350
-18,99708254;-0,46598175
-18,99208254;0,46598175
-18,98708254;-0,46598175
-18,98208254;0,00000000
-18,97708254;0,00000000
-18,97208254;0,46598175
-18,96708254;-0,46598175
-18,96208254;0,46598175
-18,95708254;-0,46598175
-18,95208254;0,46598175
-18,94708254;0,46598175
-18,94208254;0,46598175
-18,93708254;0,46598175
-18,93208254;-0,46598175
-18,92708254;0,00000000
-18,92208254;0,93196350
-18,91708254;0,00000000
-18,91208254;1,39948320
-18,90708254;0,46598175
-18,90208254;0,00000000
-18,89708254;-0,46598175
-18,89208254;0,00000000
-18,88708254;0,46598175
-18,88208254;0,46598175
-18,87708254;0,00000000
-18,87208254;0,00000000
-18,86708254;-0,93196350
-18,86208254;0,46598175
-18,85708254;0,00000000
-18,85208254;-0,46598175
-18,84708254;0,00000000
-18,84208254;0,00000000
-18,83708254;0,00000000
-18,83208254;0,00000000
-18,82708254;-0,46598175
-18,82208254;-0,46598175
-18,81708254;0,00000000
-18,81208254;0,00000000
-18,80708254;0,46598175
-18,80208254;0,00000000
-18,79708254;-0,46598175
-18,79208254;0,46598175
-18,78708254;0,93196350
-18,78208254;0,00000000
-18,77708254;-5,13348866
-18,77208254;-0,46598175
-18,76708254;0,46598175
-18,76208254;0,46598175
-18,75708254;0,00000000
-18,75208254;0,93196350
-18,74708254;0,00000000
-18,74208254;0,46598175
-18,73708254;-0,46598175
-18,73208254;0,00000000
-18,72708254;0,93196350
-18,72208254;0,00000000
-18,71708254;0,00000000
-18,71208254;-0,46598175
-18,70708254;0,46598175
-18,70208254;0,46598175
-18,69708254;0,93196350
-18,69208254;-0,46598175
-18,68708254;0,46598175
-18,68208254;0,46598175
-18,67708254;0,00000000
-18,67208255;0,00000000
-18,66708255;1,39948320
-18,66208255;1,39948320
-18,65708255;0,00000000
-18,65208255;0,00000000
-18,64708255;0,46598175
-18,64208255;0,46598175
-18,63708255;0,46598175
-18,63208255;0,46598175
-18,62708255;0,00000000
-18,62208255;0,46598175
-18,61708255;1,39948320
-18,61208255;-0,46598175
-18,60708255;0,00000000
-18,60208255;0,00000000
-18,59708255;0,00000000
-18,59208255;0,00000000
-18,58708255;0,00000000
-18,58208255;0,46598175
-18,57708255;0,46598175
-18,57208255;0,46598175
-18,56708255;-0,46598175
-18,56208255;0,46598175
-18,55708255;0,00000000
-18,55208255;0,00000000
-18,54708255;-0,46598175
-18,54208255;-0,93196350
-18,53708255;0,46598175
-18,53208255;0,00000000
-18,52708255;0,46598175
-18,52208255;0,00000000
-18,51708255;0,46598175
-18,51208255;1,39948320
-18,50708255;0,00000000
-18,50208255;0,46598175
-18,49708255;0,00000000
-18,49208255;0,46598175
-18,48708255;0,46598175
-18,48208255;-2,33298445
-18,47708255;0,46598175
-18,47208255;0,00000000
-18,46708255;0,46598175
-18,46208255;0,00000000
-18,45708255;0,00000000
-18,45208255;0,00000000
-18,44708255;-0,46598175
-18,44208255;0,93196350
-18,43708255;-0,46598175
-18,43208255;-0,46598175
-18,42708255;0,46598175
-18,42208255;0,46598175
-18,41708255;0,46598175
-18,41208255;0,00000000
-18,40708255;0,46598175
-18,40208255;-0,46598175
-18,39708255;0,00000000
-18,39208255;-0,93196350
-18,38708255;0,46598175
-18,38208255;0,00000000
-18,37708255;-0,46598175
-18,37208255;0,00000000
-18,36708255;-0,93196350
-18,36208255;-0,46598175
-18,35708255;0,46598175
-18,35208255;0,46598175
-18,34708255;0,93196350
-18,34208255;-0,93196350
-18,33708255;0,46598175
-18,33208255;0,00000000
-18,32708255;-0,93196350
-18,32208255;0,00000000
-18,31708255;0,46598175
-18,31208255;0,00000000
-18,30708255;-0,46598175
-18,30208255;-0,46598175
-18,29708255;0,46598175
-18,29208255;0,46598175
-18,28708255;-0,46598175
-18,28208255;0,00000000
-18,27708256;0,00000000
-18,27208256;-0,46598175
-18,26708256;0,46598175
-18,26208256;0,46598175
-18,25708256;0,00000000
-18,25208256;0,00000000
-18,24708256;0,00000000
-18,24208256;-0,93196350
-18,23708256;0,00000000
-18,23208256;-0,46598175
-18,22708256;-0,46598175
-18,22208256;0,00000000
-18,21708256;-0,46598175
-18,21208256;-0,46598175
-18,20708256;0,00000000
-18,20208256;-0,46598175
-18,19708256;-0,46598175
-18,19208256;-0,93196350
-18,18708256;0,00000000
-18,18208256;-0,93196350
-18,17708256;0,00000000
-18,17208256;-0,46598175
-18,16708256;0,46598175
-18,16208256;0,00000000
-18,15708256;-0,93196350
-18,15208256;0,00000000
-18,14708256;-0,46598175
-18,14208256;0,46598175
-18,13708256;0,00000000
-18,13208256;0,00000000
-18,12708256;0,00000000
-18,12208256;0,00000000
-18,11708256;0,00000000
-18,11208256;-1,86546493
-18,10708256;0,46598175
-18,10208256;-0,46598175
-18,09708256;-0,93196350
-18,09208256;-0,46598175
-18,08708256;0,00000000
-18,08208256;0,46598175
-18,07708256;-0,46598175
-18,07208256;0,00000000
-18,06708256;-0,46598175
-18,06208256;0,46598175
-18,05708256;0,46598175
-18,05208256;-0,93196350
-18,04708256;0,00000000
-18,04208256;0,00000000
-18,03708256;-0,46598175
-18,03208256;0,46598175
-18,02708256;0,46598175
-18,02208256;-0,46598175
-18,01708256;0,00000000
-18,01208256;0,46598175
-18,00708256;0,93196350
-18,00208256;0,93196350
-17,99708256;-0,46598175
-17,99208256;-0,46598175
-17,98708256;0,46598175
-17,98208256;0,46598175
-17,97708256;-0,46598175
-17,97208256;0,00000000
-17,96708256;0,93196350
-17,96208256;0,46598175
-17,95708256;0,46598175
-17,95208256;-1,39948320
-17,94708256;-0,46598175
-17,94208256;0,00000000
-17,93708256;-0,46598175
-17,93208256;0,46598175
-17,92708256;0,46598175
-17,92208256;-0,46598175
-17,91708256;-0,46598175
-17,91208256;0,00000000
-17,90708256;-0,93196350
-17,90208256;0,00000000
-17,89708256;-0,46598175
-17,89208256;0,00000000
-17,88708256;0,00000000
-17,88208257;-0,93196350
-17,87708257;-0,46598175
-17,87208257;-0,46598175
-17,86708257;0,93196350
-17,86208257;-0,46598175
-17,85708257;0,00000000
-17,85208257;0,00000000
-17,84708257;0,00000000
-17,84208257;0,00000000
-17,83708257;0,00000000
-17,83208257;-0,46598175
-17,82708257;0,46598175
-17,82208257;-0,46598175
-17,81708257;0,46598175
-17,81208257;0,46598175
-17,80708257;-0,46598175
-17,80208257;-0,46598175
-17,79708257;-0,46598175
-17,79208257;-0,46598175
-17,78708257;0,46598175
-17,78208257;-0,46598175
-17,77708257;0,00000000
-17,77208257;0,00000000
-17,76708257;0,46598175
-17,76208257;0,00000000
-17,75708257;-0,46598175
-17,75208257;-0,46598175
-17,74708257;-0,93196350
-17,74208257;0,00000000
-17,73708257;-0,93196350
-17,73208257;-0,93196350
-17,72708257;-1,86546493
-17,72208257;-0,93196350
-17,71708257;0,46598175
-17,71208257;0,46598175
-17,70708257;0,00000000
-17,70208257;0,00000000
-17,69708257;0,46598175
-17,69208257;-0,93196350
-17,68708257;-0,93196350
-17,68208257;-0,46598175
-17,67708257;0,00000000
-17,67208257;-0,93196350
-17,66708257;0,00000000
-17,66208257;0,00000000
-17,65708257;-0,46598175
-17,65208257;0,93196350
-17,64708257;0,00000000
-17,64208257;0,00000000
-17,63708257;-0,46598175
-17,63208257;0,46598175
-17,62708257;0,00000000
-17,62208257;-0,46598175
-17,61708257;0,46598175
-17,61208257;0,00000000
-17,60708257;0,00000000
-17,60208257;0,46598175
-17,59708257;-0,93196350
-17,59208257;-0,46598175
-17,58708257;-0,46598175
-17,58208257;-0,46598175
-17,57708257;0,00000000
-17,57208257;0,46598175
-17,56708257;-0,93196350
-17,56208257;0,46598175
-17,55708257;0,00000000
-17,55208257;0,93196350
-17,54708257;0,46598175
-17,54208257;0,46598175
-17,53708257;0,00000000
-17,53208257;0,46598175
-17,52708257;-0,93196350
-17,52208257;0,46598175
-17,51708257;-0,93196350
-17,51208257;0,00000000
-17,50708257;0,46598175
-17,50208257;0,46598175
-17,49708257;0,46598175
-17,49208257;0,93196350
-17,48708257;0,00000000
-17,48208258;0,00000000
-17,47708258;0,46598175
-17,47208258;0,46598175
-17,46708258;0,00000000
-17,46208258;0,00000000
-17,45708258;1,39948320
-17,45208258;0,93196350
-17,44708258;-0,46598175
-17,44208258;0,00000000
-17,43708258;0,00000000
-17,43208258;0,00000000
-17,42708258;-0,93196350
-17,42208258;0,46598175
-17,41708258;0,46598175
-17,41208258;0,46598175
-17,40708258;0,93196350
-17,40208258;0,93196350
-17,39708258;-0,93196350
-17,39208258;0,93196350
-17,38708258;0,00000000
-17,38208258;0,00000000
-17,37708258;0,00000000
-17,37208258;0,00000000
-17,36708258;0,46598175
-17,36208258;-0,93196350
-17,35708258;0,46598175
-17,35208258;0,46598175
-17,34708258;0,93196350
-17,34208258;0,00000000
-17,33708258;0,46598175
-17,33208258;0,00000000
-17,32708258;0,46598175
-17,32208258;0,93196350
-17,31708258;0,00000000
-17,31208258;0,46598175
-17,30708258;0,46598175
-17,30208258;0,46598175
-17,29708258;-0,46598175
-17,29208258;0,46598175
-17,28708258;0,00000000
-17,28208258;-0,46598175
-17,27708258;0,46598175
-17,27208258;0,93196350
-17,26708258;0,46598175
-17,26208258;0,46598175
-17,25708258;0,00000000
-17,25208258;0,46598175
-17,24708258;0,00000000
-17,24208258;0,00000000
-17,23708258;0,00000000
-17,23208258;0,00000000
-17,22708258;-0,46598175
-17,22208258;0,00000000
-17,21708258;-0,46598175
-17,21208258;0,00000000
-17,20708258;-0,93196350
-17,20208258;-0,46598175
-17,19708258;0,00000000
-17,19208258;-0,93196350
-17,18708258;-0,93196350
-17,18208258;0,46598175
-17,17708258;0,46598175
-17,17208258;-0,46598175
-17,16708258;0,46598175
-17,16208258;-0,46598175
-17,15708258;0,93196350
-17,15208258;-0,46598175
-17,14708258;0,00000000
-17,14208258;0,46598175
-17,13708258;0,46598175
-17,13208258;-0,46598175
-17,12708258;0,46598175
-17,12208258;0,00000000
-17,11708258;-0,93196350
-17,11208258;-1,86546493
-17,10708258;-0,46598175
-17,10208258;-0,93196350
-17,09708258;0,00000000
-17,09208258;-0,46598175
-17,08708259;-0,46598175
-17,08208259;0,00000000
-17,07708259;-0,46598175
-17,07208259;0,00000000
-17,06708259;-0,46598175
-17,06208259;0,00000000
-17,05708259;-0,46598175
-17,05208259;0,00000000
-17,04708259;0,00000000
-17,04208259;-1,39948320
-17,03708259;-0,46598175
-17,03208259;-0,93196350
-17,02708259;-0,93196350
-17,02208259;-0,46598175
-17,01708259;-0,93196350
-17,01208259;-0,46598175
-17,00708259;-0,93196350
-17,00208259;-0,46598175
-16,99708259;0,00000000
-16,99208259;0,00000000
-16,98708259;0,00000000
-16,98208259;-0,93196350
-16,97708259;0,00000000
-16,97208259;0,00000000
-16,96708259;-0,93196350
-16,96208259;0,00000000
-16,95708259;-0,46598175
-16,95208259;0,46598175
-16,94708259;0,00000000
-16,94208259;0,00000000
-16,93708259;0,00000000
-16,93208259;0,46598175
-16,92708259;-0,93196350
-16,92208259;0,93196350
-16,91708259;-1,86546493
-16,91208259;0,46598175
-16,90708259;0,00000000
-16,90208259;-1,39948320
-16,89708259;0,46598175
-16,89208259;0,46598175
-16,88708259;0,46598175
-16,88208259;0,93196350
-16,87708259;0,46598175
-16,87208259;0,00000000
-16,86708259;0,00000000
-16,86208259;0,46598175
-16,85708259;0,46598175
-16,85208259;0,93196350
-16,84708259;0,46598175
-16,84208259;0,00000000
-16,83708259;1,39948320
-16,83208259;0,46598175
-16,82708259;0,93196350
-16,82208259;1,39948320
-16,81708259;0,93196350
-16,81208259;0,00000000
-16,80708259;0,46598175
-16,80208259;0,00000000
-16,79708259;0,46598175
-16,79208259;0,00000000
-16,78708259;0,00000000
-16,78208259;0,46598175
-16,77708259;0,46598175
-16,77208259;0,00000000
-16,76708259;0,00000000
-16,76208259;0,46598175
-16,75708259;0,46598175
-16,75208259;0,46598175
-16,74708259;0,46598175
-16,74208259;0,46598175
-16,73708259;0,00000000
-16,73208259;0,46598175
-16,72708259;0,00000000
-16,72208259;0,46598175
-16,71708259;0,46598175
-16,71208259;0,93196350
-16,70708259;0,46598175
-16,70208259;14,00098324
-16,69708259;0,93196350
-16,69208260;0,93196350
-16,68708260;-0,93196350
-16,68208260;0,00000000
-16,67708260;0,00000000
-16,67208260;0,00000000
-16,66708260;-0,93196350
-16,66208260;0,46598175
-16,65708260;0,00000000
-16,65208260;0,93196350
-16,64708260;0,46598175
-16,64208260;0,00000000
-16,63708260;0,00000000
-16,63208260;0,46598175
-16,62708260;0,46598175
-16,62208260;0,00000000
-16,61708260;0,00000000
-16,61208260;0,93196350
-16,60708260;0,00000000
-16,60208260;0,00000000
-16,59708260;0,00000000
-16,59208260;0,00000000
-16,58708260;-0,46598175
-16,58208260;-0,46598175
-16,57708260;0,00000000
-16,57208260;0,00000000
-16,56708260;0,46598175
-16,56208260;0,00000000
-16,55708260;-0,93196350
-16,55208260;1,39948320
-16,54708260;0,46598175
-16,54208260;0,93196350
-16,53708260;0,00000000
-16,53208260;0,00000000
-16,52708260;0,93196350
-16,52208260;-0,46598175
-16,51708260;0,00000000
-16,51208260;-1,39948320
-16,50708260;0,46598175
-16,50208260;0,46598175
-16,49708260;1,86546493
-16,49208260;0,00000000
-16,48708260;0,46598175
-16,48208260;0,00000000
-16,47708260;0,46598175
-16,47208260;0,00000000
-16,46708260;0,00000000
-16,46208260;0,46598175
-16,45708260;0,00000000
-16,45208260;0,46598175
-16,44708260;0,46598175
-16,44208260;0,46598175
-16,43708260;-0,93196350
-16,43208260;0,00000000
-16,42708260;0,46598175
-16,42208260;0,00000000
-16,41708260;-0,46598175
-16,41208260;-0,93196350
-16,40708260;0,00000000
-16,40208260;0,93196350
-16,39708260;0,00000000
-16,39208260;0,46598175
-16,38708260;0,46598175
-16,38208260;0,00000000
-16,37708260;0,46598175
-16,37208260;-0,46598175
-16,36708260;0,00000000
-16,36208260;0,46598175
-16,35708260;0,46598175
-16,35208260;0,00000000
-16,34708260;0,00000000
-16,34208260;0,46598175
-16,33708260;0,00000000
-16,33208260;-0,46598175
-16,32708260;1,39948320
-16,32208260;0,93196350
-16,31708260;0,46598175
-16,31208260;-0,93196350
-16,30708260;-0,46598175
-16,30208260;0,00000000
-16,29708261;-0,46598175
-16,29208261;0,46598175
-16,28708261;0,93196350
-16,28208261;-0,93196350
-16,27708261;0,00000000
-16,27208261;0,93196350
-16,26708261;0,93196350
-16,26208261;0,00000000
-16,25708261;0,46598175
-16,25208261;0,00000000
-16,24708261;-0,93196350
-16,24208261;0,46598175
-16,23708261;0,00000000
-16,23208261;0,00000000
-16,22708261;-0,93196350
-16,22208261;0,46598175
-16,21708261;0,00000000
-16,21208261;0,00000000
-16,20708261;0,00000000
-16,20208261;0,46598175
-16,19708261;0,00000000
-16,19208261;0,46598175
-16,18708261;0,46598175
-16,18208261;0,93196350
-16,17708261;0,00000000
-16,17208261;-0,46598175
-16,16708261;0,00000000
-16,16208261;0,00000000
-16,15708261;0,00000000
-16,15208261;0,93196350
-16,14708261;0,46598175
-16,14208261;-0,46598175
-16,13708261;0,00000000
-16,13208261;0,46598175
-16,12708261;0,00000000
-16,12208261;0,46598175
-16,11708261;0,00000000
-16,11208261;-0,93196350
-16,10708261;0,00000000
-16,10208261;0,46598175
-16,09708261;0,00000000
-16,09208261;0,46598175
-16,08708261;0,00000000
-16,08208261;0,00000000
-16,07708261;-0,46598175
-16,07208261;0,46598175
-16,06708261;0,00000000
-16,06208261;0,93196350
-16,05708261;0,00000000
-16,05208261;-0,46598175
-16,04708261;0,46598175
-16,04208261;-0,46598175
-16,03708261;0,00000000
-16,03208261;0,00000000
-16,02708261;-0,46598175
-16,02208261;0,00000000
-16,01708261;0,00000000
-16,01208261;0,00000000
-16,00708261;0,00000000
-16,00208261;0,00000000
-15,99708261;-0,46598175
-15,99208261;-0,93196350
-15,98708261;-0,46598175
-15,98208261;-0,46598175
-15,97708261;0,00000000
-15,97208261;0,46598175
-15,96708261;-0,93196350
-15,96208261;0,00000000
-15,95708261;-0,46598175
-15,95208261;-0,46598175
-15,94708261;1,39948320
-15,94208261;-0,46598175
-15,93708261;0,46598175
-15,93208261;-0,46598175
-15,92708261;-0,93196350
-15,92208261;-0,46598175
-15,91708261;-0,46598175
-15,91208261;-0,93196350
-15,90708261;0,93196350
-15,90208262;0,00000000
-15,89708262;0,93196350
-15,89208262;0,00000000
-15,88708262;-0,46598175
-15,88208262;0,46598175
-15,87708262;-0,46598175
-15,87208262;-4,19998741
-15,86708262;-0,93196350
-15,86208262;-0,93196350
-15,85708262;0,46598175
-15,85208262;0,46598175
-15,84708262;0,46598175
-15,84208262;0,93196350
-15,83708262;0,46598175
-15,83208262;0,46598175
-15,82708262;0,46598175
-15,82208262;0,46598175
-15,81708262;0,00000000
-15,81208262;0,46598175
-15,80708262;0,00000000
-15,80208262;0,00000000
-15,79708262;0,00000000
-15,79208262;0,46598175
-15,78708262;0,46598175
-15,78208262;0,00000000
-15,77708262;0,00000000
-15,77208262;9,33347607
-15,76708262;0,00000000
-15,76208262;0,46598175
-15,75708262;0,46598175
-15,75208262;0,46598175
-15,74708262;0,93196350
-15,74208262;0,00000000
-15,73708262;0,00000000
-15,73208262;0,00000000
-15,72708262;0,93196350
-15,72208262;1,39948320
-15,71708262;0,00000000
-15,71208262;1,39948320
-15,70708262;0,00000000
-15,70208262;0,46598175
-15,69708262;-0,93196350
-15,69208262;0,00000000
-15,68708262;0,46598175
-15,68208262;0,46598175
-15,67708262;0,00000000
-15,67208262;-0,46598175
-15,66708262;-0,46598175
-15,66208262;0,00000000
-15,65708262;0,00000000
-15,65208262;0,46598175
-15,64708262;0,00000000
-15,64208262;0,00000000
-15,63708262;0,46598175
-15,63208262;0,46598175
-15,62708262;0,93196350
-15,62208262;-0,46598175
-15,61708262;0,46598175
-15,61208262;0,46598175
-15,60708262;0,93196350
-15,60208262;0,00000000
-15,59708262;0,46598175
-15,59208262;0,00000000
-15,58708262;0,00000000
-15,58208262;0,46598175
-15,57708262;0,93196350
-15,57208262;-0,46598175
-15,56708262;0,93196350
-15,56208262;0,00000000
-15,55708262;0,00000000
-15,55208262;0,46598175
-15,54708262;0,00000000
-15,54208262;-0,46598175
-15,53708262;0,00000000
-15,53208262;0,93196350
-15,52708262;0,46598175
-15,52208262;-0,46598175
-15,51708262;0,00000000
-15,51208262;-0,93196350
-15,50708263;-0,46598175
-15,50208263;0,00000000
-15,49708263;-0,46598175
-15,49208263;0,46598175
-15,48708263;0,00000000
-15,48208263;0,00000000
-15,47708263;0,46598175
-15,47208263;0,46598175
-15,46708263;0,00000000
-15,46208263;-0,46598175
-15,45708263;-0,46598175
-15,45208263;0,00000000
-15,44708263;-0,93196350
-15,44208263;-0,46598175
-15,43708263;0,00000000
-15,43208263;0,00000000
-15,42708263;0,00000000
-15,42208263;-0,46598175
-15,41708263;-0,93196350
-15,41208263;-0,46598175
-15,40708263;-0,46598175
-15,40208263;-0,93196350
-15,39708263;0,00000000
-15,39208263;-0,93196350
-15,38708263;0,00000000
-15,38208263;0,00000000
-15,37708263;0,00000000
-15,37208263;0,00000000
-15,36708263;-0,46598175
-15,36208263;-1,39948320
-15,35708263;-0,46598175
-15,35208263;0,46598175
-15,34708263;-0,46598175
-15,34208263;-0,46598175
-15,33708263;-0,46598175
-15,33208263;0,46598175
-15,32708263;-0,46598175
-15,32208263;0,46598175
-15,31708263;0,46598175
-15,31208263;-0,46598175
-15,30708263;-0,46598175
-15,30208263;0,93196350
-15,29708263;0,00000000
-15,29208263;-0,46598175
-15,28708263;0,00000000
-15,28208263;0,00000000
-15,27708263;-0,46598175
-15,27208263;-0,93196350
-15,26708263;0,46598175
-15,26208263;-0,93196350
-15,25708263;0,00000000
-15,25208263;0,00000000
-15,24708263;-0,93196350
-15,24208263;0,00000000
-15,23708263;0,00000000
-15,23208263;0,00000000
-15,22708263;0,46598175
-15,22208263;-0,46598175
-15,21708263;0,00000000
-15,21208263;0,00000000
-15,20708263;-0,93196350
-15,20208263;0,00000000
-15,19708263;0,46598175
-15,19208263;0,46598175
-15,18708263;0,46598175
-15,18208263;1,39948320
-15,17708263;-0,93196350
-15,17208263;-2,79896641
-15,16708263;0,46598175
-15,16208263;0,00000000
-15,15708263;0,46598175
-15,15208263;0,46598175
-15,14708263;1,39948320
-15,14208263;-0,46598175
-15,13708263;0,00000000
-15,13208263;0,46598175
-15,12708263;0,00000000
-15,12208263;-0,46598175
-15,11708263;0,00000000
-15,11208263;1,39948320
-15,10708264;0,00000000
-15,10208264;0,46598175
-15,09708264;-0,46598175
-15,09208264;0,46598175
-15,08708264;0,46598175
-15,08208264;0,46598175
-15,07708264;0,00000000
-15,07208264;0,00000000
-15,06708264;0,93196350
-15,06208264;0,00000000
-15,05708264;0,00000000
-15,05208264;0,00000000
-15,04708264;1,86546493
-15,04208264;0,00000000
-15,03708264;-0,46598175
-15,03208264;0,46598175
-15,02708264;0,00000000
-15,02208264;0,46598175
-15,01708264;0,46598175
-15,01208264;0,46598175
-15,00708264;-0,46598175
-15,00208264;0,00000000
-14,99708264;0,00000000
-14,99208264;-0,46598175
-14,98708264;0,00000000
-14,98208264;0,93196350
-14,97708264;0,46598175
-14,97208264;0,46598175
-14,96708264;0,46598175
-14,96208264;0,46598175
-14,95708264;-0,46598175
-14,95208264;-0,46598175
-14,94708264;0,00000000
-14,94208264;0,00000000
-14,93708264;0,46598175
-14,93208264;0,00000000
-14,92708264;0,00000000
-14,92208264;0,93196350
-14,91708264;0,46598175
-14,91208264;-0,46598175
-14,90708264;-0,46598175
-14,90208264;0,46598175
-14,89708264;0,93196350
-14,89208264;0,46598175
-14,88708264;0,00000000
-14,88208264;0,46598175
-14,87708264;0,46598175
-14,87208264;-0,46598175
-14,86708264;-0,93196350
-14,86208264;0,00000000
-14,85708264;1,86546493
-14,85208264;0,00000000
-14,84708264;0,46598175
-14,84208264;0,93196350
-14,83708264;-0,46598175
-14,83208264;0,93196350
-14,82708264;-0,93196350
-14,82208264;0,00000000
-14,81708264;0,46598175
-14,81208264;0,00000000
-14,80708264;0,46598175
-14,80208264;0,46598175
-14,79708264;1,39948320
-14,79208264;0,00000000
-14,78708264;0,00000000
-14,78208264;0,00000000
-14,77708264;0,46598175
-14,77208264;0,93196350
-14,76708264;0,46598175
-14,76208264;0,46598175
-14,75708264;0,46598175
-14,75208264;0,46598175
-14,74708264;0,46598175
-14,74208264;0,00000000
-14,73708264;-0,46598175
-14,73208264;1,39948320
-14,72708264;0,46598175
-14,72208264;0,46598175
-14,71708264;0,46598175
-14,71208265;0,00000000
-14,70708265;0,00000000
-14,70208265;0,93196350
-14,69708265;0,46598175
-14,69208265;0,46598175
-14,68708265;0,93196350
-14,68208265;0,93196350
-14,67708265;0,46598175
-14,67208265;0,00000000
-14,66708265;-0,93196350
-14,66208265;0,46598175
-14,65708265;0,46598175
-14,65208265;0,46598175
-14,64708265;0,00000000
-14,64208265;-0,93196350
-14,63708265;0,93196350
-14,63208265;0,46598175
-14,62708265;-0,46598175
-14,62208265;0,93196350
-14,61708265;0,46598175
-14,61208265;0,93196350
-14,60708265;0,46598175
-14,60208265;0,46598175
-14,59708265;0,00000000
-14,59208265;0,46598175
-14,58708265;0,46598175
-14,58208265;0,46598175
-14,57708265;0,46598175
-14,57208265;0,00000000
-14,56708265;0,00000000
-14,56208265;0,00000000
-14,55708265;-0,93196350
-14,55208265;-0,93196350
-14,54708265;-0,46598175
-14,54208265;-0,46598175
-14,53708265;-0,93196350
-14,53208265;0,00000000
-14,52708265;0,00000000
-14,52208265;0,93196350
-14,51708265;-0,46598175
-14,51208265;0,00000000
-14,50708265;0,46598175
-14,50208265;0,46598175
-14,49708265;0,00000000
-14,49208265;0,00000000
-14,48708265;-1,39948320
-14,48208265;0,46598175
-14,47708265;-0,46598175
-14,47208265;-0,46598175
-14,46708265;0,00000000
-14,46208265;-0,46598175
-14,45708265;-0,93196350
-14,45208265;0,00000000
-14,44708265;-0,46598175
-14,44208265;0,46598175
-14,43708265;-0,93196350
-14,43208265;0,00000000
-14,42708265;-0,93196350
-14,42208265;0,46598175
-14,41708265;0,00000000
-14,41208265;0,00000000
-14,40708265;0,00000000
-14,40208265;0,46598175
-14,39708265;0,00000000
-14,39208265;0,00000000
-14,38708265;0,46598175
-14,38208265;0,00000000
-14,37708265;0,46598175
-14,37208265;0,00000000
-14,36708265;0,00000000
-14,36208265;-0,46598175
-14,35708265;0,93196350
-14,35208265;0,46598175
-14,34708265;-0,46598175
-14,34208265;0,46598175
-14,33708265;0,00000000
-14,33208265;-0,46598175
-14,32708265;-0,46598175
-14,32208265;0,00000000
-14,31708266;-0,46598175
-14,31208266;0,00000000
-14,30708266;-0,46598175
-14,30208266;-0,46598175
-14,29708266;0,93196350
-14,29208266;0,46598175
-14,28708266;0,00000000
-14,28208266;0,93196350
-14,27708266;0,00000000
-14,27208266;0,46598175
-14,26708266;0,00000000
-14,26208266;0,46598175
-14,25708266;-0,46598175
-14,25208266;0,46598175
-14,24708266;0,46598175
-14,24208266;-0,46598175
-14,23708266;0,00000000
-14,23208266;-0,46598175
-14,22708266;-0,46598175
-14,22208266;-0,46598175
-14,21708266;-0,93196350
-14,21208266;0,00000000
-14,20708266;-0,46598175
-14,20208266;0,93196350
-14,19708266;1,39948320
-14,19208266;0,00000000
-14,18708266;0,93196350
-14,18208266;0,46598175
-14,17708266;0,00000000
-14,17208266;0,00000000
-14,16708266;0,93196350
-14,16208266;0,46598175
-14,15708266;0,46598175
-14,15208266;0,46598175
-14,14708266;0,46598175
-14,14208266;0,46598175
-14,13708266;0,46598175
-14,13208266;0,93196350
-14,12708266;0,46598175
-14,12208266;-0,46598175
-14,11708266;0,46598175
-14,11208266;1,39948320
-14,10708266;0,46598175
-14,10208266;0,00000000
-14,09708266;-0,93196350
-14,09208266;-0,46598175
-14,08708266;0,46598175
-14,08208266;0,93196350
-14,07708266;0,46598175
-14,07208266;0,00000000
-14,06708266;0,00000000
-14,06208266;0,00000000
-14,05708266;0,46598175
-14,05208266;0,46598175
-14,04708266;0,00000000
-14,04208266;0,46598175
-14,03708266;0,46598175
-14,03208266;0,00000000
-14,02708266;0,93196350
-14,02208266;0,00000000
-14,01708266;0,00000000
-14,01208266;0,93196350
-14,00708266;0,00000000
-14,00208266;0,93196350
-13,99708266;0,00000000
-13,99208266;0,46598175
-13,98708266;0,00000000
-13,98208266;-0,46598175
-13,97708266;-0,46598175
-13,97208266;0,46598175
-13,96708266;0,00000000
-13,96208266;0,00000000
-13,95708266;0,46598175
-13,95208266;0,46598175
-13,94708266;0,46598175
-13,94208266;0,00000000
-13,93708266;0,00000000
-13,93208266;-0,46598175
-13,92708266;-0,93196350
-13,92208267;0,00000000
-13,91708267;-0,93196350
-13,91208267;-0,93196350
-13,90708267;0,00000000
-13,90208267;0,00000000
-13,89708267;0,93196350
-13,89208267;0,00000000
-13,88708267;-0,46598175
-13,88208267;-0,93196350
-13,87708267;0,46598175
-13,87208267;0,00000000
-13,86708267;0,00000000
-13,86208267;-0,46598175
-13,85708267;-0,46598175
-13,85208267;-0,93196350
-13,84708267;0,00000000
-13,84208267;-0,46598175
-13,83708267;0,00000000
-13,83208267;-0,46598175
-13,82708267;0,00000000
-13,82208267;0,00000000
-13,81708267;-2,79896641
-13,81208267;-0,46598175
-13,80708267;0,00000000
-13,80208267;-0,46598175
-13,79708267;0,46598175
-13,79208267;0,00000000
-13,78708267;-0,46598175
-13,78208267;0,00000000
-13,77708267;0,46598175
-13,77208267;0,00000000
-13,76708267;-0,93196350
-13,76208267;0,00000000
-13,75708267;0,46598175
-13,75208267;0,46598175
-13,74708267;-0,46598175
-13,74208267;0,00000000
-13,73708267;0,46598175
-13,73208267;-0,46598175
-13,72708267;0,46598175
-13,72208267;0,93196350
-13,71708267;0,46598175
-13,71208267;0,93196350
-13,70708267;0,93196350
-13,70208267;0,00000000
-13,69708267;0,93196350
-13,69208267;0,00000000
-13,68708267;-0,46598175
-13,68208267;-0,46598175
-13,67708267;0,93196350
-13,67208267;-0,93196350
-13,66708267;0,93196350
-13,66208267;0,93196350
-13,65708267;0,00000000
-13,65208267;0,46598175
-13,64708267;0,00000000
-13,64208267;-0,46598175
-13,63708267;0,00000000
-13,63208267;0,00000000
-13,62708267;0,46598175
-13,62208267;0,46598175
-13,61708267;0,46598175
-13,61208267;0,00000000
-13,60708267;0,46598175
-13,60208267;0,00000000
-13,59708267;0,93196350
-13,59208267;0,46598175
-13,58708267;0,46598175
-13,58208267;0,46598175
-13,57708267;0,46598175
-13,57208267;0,00000000
-13,56708267;-0,46598175
-13,56208267;0,46598175
-13,55708267;-0,46598175
-13,55208267;-1,39948320
-13,54708267;-0,46598175
-13,54208267;0,00000000
-13,53708267;0,00000000
-13,53208267;0,00000000
-13,52708268;0,00000000
-13,52208268;0,00000000
-13,51708268;-0,46598175
-13,51208268;0,46598175
-13,50708268;0,00000000
-13,50208268;0,00000000
-13,49708268;-0,46598175
-13,49208268;0,46598175
-13,48708268;-0,93196350
-13,48208268;0,93196350
-13,47708268;0,46598175
-13,47208268;-0,93196350
-13,46708268;0,00000000
-13,46208268;0,00000000
-13,45708268;0,00000000
-13,45208268;0,00000000
-13,44708268;-0,46598175
-13,44208268;0,00000000
-13,43708268;-0,93196350
-13,43208268;0,00000000
-13,42708268;-0,46598175
-13,42208268;0,46598175
-13,41708268;0,46598175
-13,41208268;-0,46598175
-13,40708268;-0,46598175
-13,40208268;0,00000000
-13,39708268;-0,46598175
-13,39208268;0,00000000
-13,38708268;0,00000000
-13,38208268;0,00000000
-13,37708268;-0,46598175
-13,37208268;-0,93196350
-13,36708268;0,00000000
-13,36208268;-0,93196350
-13,35708268;0,46598175
-13,35208268;0,46598175
-13,34708268;0,46598175
-13,34208268;0,46598175
-13,33708268;0,00000000
-13,33208268;0,00000000
-13,32708268;0,46598175
-13,32208268;0,00000000
-13,31708268;0,00000000
-13,31208268;0,00000000
-13,30708268;0,46598175
-13,30208268;0,46598175
-13,29708268;0,00000000
-13,29208268;0,00000000
-13,28708268;-0,46598175
-13,28208268;0,00000000
-13,27708268;1,39948320
-13,27208268;0,46598175
-13,26708268;0,46598175
-13,26208268;1,39948320
-13,25708268;0,00000000
-13,25208268;-0,46598175
-13,24708268;0,93196350
-13,24208268;0,93196350
-13,23708268;-14,93448448
-13,23208268;0,46598175
-13,22708268;0,46598175
-13,22208268;0,93196350
-13,21708268;0,00000000
-13,21208268;0,46598175
-13,20708268;0,00000000
-13,20208268;0,93196350
-13,19708268;0,00000000
-13,19208268;0,46598175
-13,18708268;0,00000000
-13,18208268;0,46598175
-13,17708268;0,46598175
-13,17208268;0,00000000
-13,16708268;1,39948320
-13,16208268;0,00000000
-13,15708268;0,00000000
-13,15208268;0,00000000
-13,14708268;0,46598175
-13,14208268;0,93196350
-13,13708268;0,93196350
-13,13208269;0,46598175
-13,12708269;0,00000000
-13,12208269;0,93196350
-13,11708269;0,93196350
-13,11208269;0,00000000
-13,10708269;0,46598175
-13,10208269;0,93196350
-13,09708269;2,33298445
-13,09208269;0,00000000
-13,08708269;-0,46598175
-13,08208269;0,93196350
-13,07708269;0,00000000
-13,07208269;0,46598175
-13,06708269;0,46598175
-13,06208269;0,46598175
-13,05708269;0,46598175
-13,05208269;0,46598175
-13,04708269;0,46598175
-13,04208269;0,93196350
-13,03708269;0,46598175
-13,03208269;0,00000000
-13,02708269;-0,46598175
-13,02208269;0,46598175
-13,01708269;0,93196350
-13,01208269;0,93196350
-13,00708269;0,46598175
-13,00208269;0,00000000
-12,99708269;0,93196350
-12,99208269;0,00000000
-12,98708269;0,00000000
-12,98208269;1,39948320
-12,97708269;1,39948320
-12,97208269;0,46598175
-12,96708269;0,00000000
-12,96208269;0,00000000
-12,95708269;0,00000000
-12,95208269;0,46598175
-12,94708269;0,46598175
-12,94208269;0,46598175
-12,93708269;0,00000000
-12,93208269;0,46598175
-12,92708269;0,00000000
-12,92208269;0,46598175
-12,91708269;0,46598175
-12,91208269;0,00000000
-12,90708269;0,00000000
-12,90208269;0,00000000
-12,89708269;0,00000000
-12,89208269;0,46598175
-12,88708269;0,00000000
-12,88208269;-0,93196350
-12,87708269;0,46598175
-12,87208269;0,00000000
-12,86708269;0,93196350
-12,86208269;0,46598175
-12,85708269;0,00000000
-12,85208269;0,00000000
-12,84708269;0,46598175
-12,84208269;0,00000000
-12,83708269;0,46598175
-12,83208269;-0,46598175
-12,82708269;-2,79896641
-12,82208269;-0,46598175
-12,81708269;-0,46598175
-12,81208269;0,46598175
-12,80708269;0,00000000
-12,80208269;0,00000000
-12,79708269;0,00000000
-12,79208269;0,46598175
-12,78708269;0,00000000
-12,78208269;-0,93196350
-12,77708269;0,00000000
-12,77208269;0,00000000
-12,76708269;0,00000000
-12,76208269;0,00000000
-12,75708269;-0,93196350
-12,75208269;0,00000000
-12,74708269;0,00000000
-12,74208269;-0,46598175
-12,73708269;-0,46598175
-12,73208270;0,00000000
-12,72708270;0,00000000
-12,72208270;-0,46598175
-12,71708270;0,00000000
-12,71208270;-0,46598175
-12,70708270;0,00000000
-12,70208270;0,46598175
-12,69708270;0,93196350
-12,69208270;0,00000000
-12,68708270;-0,93196350
-12,68208270;0,00000000
-12,67708270;0,00000000
-12,67208270;0,00000000
-12,66708270;0,00000000
-12,66208270;0,00000000
-12,65708270;-0,46598175
-12,65208270;0,93196350
-12,64708270;-0,46598175
-12,64208270;-0,46598175
-12,63708270;0,46598175
-12,63208270;0,00000000
-12,62708270;-0,46598175
-12,62208270;-0,46598175
-12,61708270;0,93196350
-12,61208270;0,46598175
-12,60708270;-0,93196350
-12,60208270;0,00000000
-12,59708270;0,00000000
-12,59208270;0,00000000
-12,58708270;0,00000000
-12,58208270;0,00000000
-12,57708270;1,39948320
-12,57208270;0,00000000
-12,56708270;0,00000000
-12,56208270;0,00000000
-12,55708270;-0,93196350
-12,55208270;0,93196350
-12,54708270;0,00000000
-12,54208270;0,46598175
-12,53708270;0,46598175
-12,53208270;-0,93196350
-12,52708270;0,46598175
-12,52208270;0,00000000
-12,51708270;0,46598175
-12,51208270;0,00000000
-12,50708270;-0,93196350
-12,50208270;-0,46598175
-12,49708270;-0,93196350
-12,49208270;0,46598175
-12,48708270;0,46598175
-12,48208270;0,00000000
-12,47708270;-0,46598175
-12,47208270;0,00000000
-12,46708270;0,00000000
-12,46208270;0,93196350
-12,45708270;0,93196350
-12,45208270;0,46598175
-12,44708270;0,00000000
-12,44208270;-1,39948320
-12,43708270;0,46598175
-12,43208270;-0,46598175
-12,42708270;0,00000000
-12,42208270;0,00000000
-12,41708270;2,79896641
-12,41208270;0,00000000
-12,40708270;-0,46598175
-12,40208270;0,00000000
-12,39708270;0,46598175
-12,39208270;0,00000000
-12,38708270;0,00000000
-12,38208270;0,00000000
-12,37708270;0,00000000
-12,37208270;0,00000000
-12,36708270;0,00000000
-12,36208270;-1,39948320
-12,35708270;-0,93196350
-12,35208270;0,00000000
-12,34708270;0,00000000
-12,34208270;0,00000000
-12,33708271;0,00000000
-12,33208271;0,46598175
-12,32708271;0,00000000
-12,32208271;-0,93196350
-12,31708271;0,00000000
-12,31208271;-0,46598175
-12,30708271;-2,33298445
-12,30208271;0,46598175
-12,29708271;0,00000000
-12,29208271;-0,46598175
-12,28708271;-0,46598175
-12,28208271;0,93196350
-12,27708271;0,00000000
-12,27208271;-0,46598175
-12,26708271;0,00000000
-12,26208271;0,93196350
-12,25708271;-0,46598175
-12,25208271;0,00000000
-12,24708271;0,00000000
-12,24208271;-0,46598175
-12,23708271;-0,93196350
-12,23208271;0,46598175
-12,22708271;0,46598175
-12,22208271;0,93196350
-12,21708271;0,46598175
-12,21208271;0,00000000
-12,20708271;0,00000000
-12,20208271;0,00000000
-12,19708271;0,46598175
-12,19208271;-0,93196350
-12,18708271;0,00000000
-12,18208271;0,46598175
-12,17708271;0,46598175
-12,17208271;0,00000000
-12,16708271;0,93196350
-12,16208271;0,46598175
-12,15708271;0,93196350
-12,15208271;0,93196350
-12,14708271;0,93196350
-12,14208271;-0,93196350
-12,13708271;0,93196350
-12,13208271;1,86546493
-12,12708271;0,46598175
-12,12208271;0,93196350
-12,11708271;0,93196350
-12,11208271;0,00000000
-12,10708271;0,00000000
-12,10208271;0,46598175
-12,09708271;0,93196350
-12,09208271;-0,46598175
-12,08708271;0,46598175
-12,08208271;0,46598175
-12,07708271;0,93196350
-12,07208271;0,93196350
-12,06708271;0,00000000
-12,06208271;1,39948320
-12,05708271;0,46598175
-12,05208271;1,39948320
-12,04708271;-0,46598175
-12,04208271;0,46598175
-12,03708271;2,33298445
-12,03208271;1,39948320
-12,02708271;0,93196350
-12,02208271;0,46598175
-12,01708271;0,46598175
-12,01208271;0,46598175
-12,00708271;0,46598175
-12,00208271;0,00000000
-11,99708271;-0,46598175
-11,99208271;0,00000000
-11,98708271;0,00000000
-11,98208271;0,46598175
-11,97708271;0,00000000
-11,97208271;-0,93196350
-11,96708271;0,46598175
-11,96208271;-0,46598175
-11,95708271;0,46598175
-11,95208271;-0,46598175
-11,94708271;0,46598175
-11,94208272;-0,46598175
-11,93708272;0,46598175
-11,93208272;0,46598175
-11,92708272;0,00000000
-11,92208272;0,00000000
-11,91708272;-0,93196350
-11,91208272;0,46598175
-11,90708272;-0,46598175
-11,90208272;0,46598175
-11,89708272;1,39948320
-11,89208272;0,93196350
-11,88708272;0,00000000
-11,88208272;0,00000000
-11,87708272;-0,93196350
-11,87208272;-0,46598175
-11,86708272;-0,93196350
-11,86208272;-0,93196350
-11,85708272;0,00000000
-11,85208272;2,33298445
-11,84708272;0,00000000
-11,84208272;0,00000000
-11,83708272;-0,93196350
-11,83208272;3,73246789
-11,82708272;-0,46598175
-11,82208272;-0,93196350
-11,81708272;-0,46598175
-11,81208272;-0,46598175
-11,80708272;0,00000000
-11,80208272;0,00000000
-11,79708272;0,46598175
-11,79208272;-0,93196350
-11,78708272;0,00000000
-11,78208272;-0,93196350
-11,77708272;0,00000000
-11,77208272;-0,46598175
-11,76708272;1,39948320
-11,76208272;0,46598175
-11,75708272;-0,46598175
-11,75208272;0,93196350
-11,74708272;0,00000000
-11,74208272;-0,93196350
-11,73708272;-0,46598175
-11,73208272;0,00000000
-11,72708272;-0,46598175
-11,72208272;0,00000000
-11,71708272;0,00000000
-11,71208272;-0,93196350
-11,70708272;-0,46598175
-11,70208272;0,00000000
-11,69708272;0,00000000
-11,69208272;0,00000000
-11,68708272;-0,46598175
-11,68208272;1,39948320
-11,67708272;0,46598175
-11,67208272;0,46598175
-11,66708272;0,00000000
-11,66208272;0,46598175
-11,65708272;0,00000000
-11,65208272;0,00000000
-11,64708272;0,46598175
-11,64208272;0,00000000
-11,63708272;0,46598175
-11,63208272;0,93196350
-11,62708272;0,46598175
-11,62208272;0,00000000
-11,61708272;0,00000000
-11,61208272;0,00000000
-11,60708272;0,00000000
-11,60208272;1,39948320
-11,59708272;0,93196350
-11,59208272;0,46598175
-11,58708272;0,93196350
-11,58208272;0,93196350
-11,57708272;0,93196350
-11,57208272;0,00000000
-11,56708272;0,46598175
-11,56208272;0,46598175
-11,55708272;0,46598175
-11,55208272;0,46598175
-11,54708273;0,93196350
-11,54208273;0,46598175
-11,53708273;0,46598175
-11,53208273;0,93196350
-11,52708273;0,00000000
-11,52208273;0,93196350
-11,51708273;1,39948320
-11,51208273;0,46598175
-11,50708273;0,46598175
-11,50208273;0,46598175
-11,49708273;1,39948320
-11,49208273;0,46598175
-11,48708273;0,93196350
-11,48208273;0,00000000
-11,47708273;0,00000000
-11,47208273;0,46598175
-11,46708273;0,46598175
-11,46208273;0,46598175
-11,45708273;0,00000000
-11,45208273;0,00000000
-11,44708273;0,93196350
-11,44208273;0,93196350
-11,43708273;-0,46598175
-11,43208273;0,46598175
-11,42708273;0,00000000
-11,42208273;0,00000000
-11,41708273;0,00000000
-11,41208273;2,79896641
-11,40708273;0,93196350
-11,40208273;-0,46598175
-11,39708273;0,00000000
-11,39208273;0,46598175
-11,38708273;0,46598175
-11,38208273;0,00000000
-11,37708273;0,00000000
-11,37208273;-1,39948320
-11,36708273;0,00000000
-11,36208273;0,00000000
-11,35708273;-0,46598175
-11,35208273;0,46598175
-11,34708273;-0,46598175
-11,34208273;0,93196350
-11,33708273;0,46598175
-11,33208273;-0,93196350
-11,32708273;0,46598175
-11,32208273;-0,46598175
-11,31708273;0,93196350
-11,31208273;0,00000000
-11,30708273;-0,46598175
-11,30208273;-0,93196350
-11,29708273;-1,39948320
-11,29208273;0,00000000
-11,28708273;0,46598175
-11,28208273;0,93196350
-11,27708273;-0,93196350
-11,27208273;0,00000000
-11,26708273;0,46598175
-11,26208273;-0,46598175
-11,25708273;-0,46598175
-11,25208273;-0,93196350
-11,24708273;0,00000000
-11,24208273;-0,46598175
-11,23708273;-0,46598175
-11,23208273;-0,46598175
-11,22708273;-0,93196350
-11,22208273;-0,46598175
-11,21708273;-0,46598175
-11,21208273;0,00000000
-11,20708273;0,46598175
-11,20208273;0,46598175
-11,19708273;0,00000000
-11,19208273;0,00000000
-11,18708273;-0,46598175
-11,18208273;0,00000000
-11,17708273;-0,93196350
-11,17208273;0,46598175
-11,16708273;-0,46598175
-11,16208273;0,00000000
-11,15708273;0,93196350
-11,15208274;0,00000000
-11,14708274;0,00000000
-11,14208274;0,46598175
-11,13708274;0,46598175
-11,13208274;0,00000000
-11,12708274;0,00000000
-11,12208274;0,46598175
-11,11708274;0,46598175
-11,11208274;0,93196350
-11,10708274;0,00000000
-11,10208274;0,46598175
-11,09708274;0,00000000
-11,09208274;-0,46598175
-11,08708274;0,93196350
-11,08208274;2,33298445
-11,07708274;0,46598175
-11,07208274;0,46598175
-11,06708274;0,00000000
-11,06208274;0,46598175
-11,05708274;0,93196350
-11,05208274;0,93196350
-11,04708274;0,00000000
-11,04208274;0,93196350
-11,03708274;1,39948320
-11,03208274;0,93196350
-11,02708274;0,93196350
-11,02208274;0,00000000
-11,01708274;0,46598175
-11,01208274;0,93196350
-11,00708274;0,93196350
-11,00208274;0,46598175
-10,99708274;0,00000000
-10,99208274;0,93196350
-10,98708274;0,46598175
-10,98208274;1,39948320
-10,97708274;0,46598175
-10,97208274;0,46598175
-10,96708274;1,39948320
-10,96208274;0,46598175
-10,95708274;0,46598175
-10,95208274;0,46598175
-10,94708274;0,46598175
-10,94208274;0,46598175
-10,93708274;-0,93196350
-10,93208274;0,00000000
-10,92708274;0,00000000
-10,92208274;0,93196350
-10,91708274;0,00000000
-10,91208274;0,93196350
-10,90708274;0,46598175
-10,90208274;0,00000000
-10,89708274;-0,46598175
-10,89208274;0,46598175
-10,88708274;0,00000000
-10,88208274;1,39948320
-10,87708274;-0,93196350
-10,87208274;-0,93196350
-10,86708274;-0,46598175
-10,86208274;0,00000000
-10,85708274;-0,93196350
-10,85208274;-0,46598175
-10,84708274;0,00000000
-10,84208274;0,46598175
-10,83708274;-0,46598175
-10,83208274;0,46598175
-10,82708274;-0,46598175
-10,82208274;-0,46598175
-10,81708274;-0,46598175
-10,81208274;-0,46598175
-10,80708274;-0,93196350
-10,80208274;1,39948320
-10,79708274;-0,46598175
-10,79208274;-0,46598175
-10,78708274;-0,46598175
-10,78208274;-0,93196350
-10,77708274;-0,46598175
-10,77208274;-0,93196350
-10,76708274;0,00000000
-10,76208274;0,46598175
-10,75708275;-1,86546493
-10,75208275;-0,46598175
-10,74708275;-0,93196350
-10,74208275;-0,93196350
-10,73708275;-0,46598175
-10,73208275;-0,93196350
-10,72708275;-3,26648593
-10,72208275;-0,93196350
-10,71708275;-0,46598175
-10,71208275;0,46598175
-10,70708275;0,00000000
-10,70208275;-0,46598175
-10,69708275;-0,93196350
-10,69208275;-1,39948320
-10,68708275;-0,93196350
-10,68208275;-0,93196350
-10,67708275;0,00000000
-10,67208275;0,00000000
-10,66708275;-2,33298445
-10,66208275;0,00000000
-10,65708275;-0,46598175
-10,65208275;0,93196350
-10,64708275;0,00000000
-10,64208275;0,46598175
-10,63708275;0,93196350
-10,63208275;0,00000000
-10,62708275;0,00000000
-10,62208275;0,46598175
-10,61708275;0,46598175
-10,61208275;0,00000000
-10,60708275;-0,46598175
-10,60208275;0,46598175
-10,59708275;-0,46598175
-10,59208275;0,00000000
-10,58708275;0,93196350
-10,58208275;0,46598175
-10,57708275;0,00000000
-10,57208275;0,46598175
-10,56708275;0,46598175
-10,56208275;0,46598175
-10,55708275;0,46598175
-10,55208275;0,46598175
-10,54708275;0,46598175
-10,54208275;0,00000000
-10,53708275;0,93196350
-10,53208275;-1,39948320
-10,52708275;0,46598175
-10,52208275;0,00000000
-10,51708275;0,46598175
-10,51208275;0,93196350
-10,50708275;1,39948320
-10,50208275;0,46598175
-10,49708275;0,46598175
-10,49208275;0,00000000
-10,48708275;-0,46598175
-10,48208275;0,93196350
-10,47708275;0,46598175
-10,47208275;0,00000000
-10,46708275;0,93196350
-10,46208275;-0,93196350
-10,45708275;0,00000000
-10,45208275;0,00000000
-10,44708275;0,46598175
-10,44208275;0,00000000
-10,43708275;0,00000000
-10,43208275;0,46598175
-10,42708275;0,00000000
-10,42208275;0,46598175
-10,41708275;0,00000000
-10,41208275;0,00000000
-10,40708275;-0,93196350
-10,40208275;-0,46598175
-10,39708275;0,93196350
-10,39208275;0,00000000
-10,38708275;0,93196350
-10,38208275;0,00000000
-10,37708275;0,00000000
-10,37208275;0,00000000
-10,36708275;-0,46598175
-10,36208275;0,00000000
-10,35708276;-0,46598175
-10,35208276;0,00000000
-10,34708276;0,00000000
-10,34208276;0,00000000
-10,33708276;0,46598175
-10,33208276;0,00000000
-10,32708276;-0,46598175
-10,32208276;0,00000000
-10,31708276;0,00000000
-10,31208276;-2,33298445
-10,30708276;-0,46598175
-10,30208276;-0,93196350
-10,29708276;-0,46598175
-10,29208276;-0,93196350
-10,28708276;-0,93196350
-10,28208276;-1,39948320
-10,27708276;-2,79896641
-10,27208276;0,00000000
-10,26708276;0,00000000
-10,26208276;0,00000000
-10,25708276;-0,46598175
-10,25208276;-1,39948320
-10,24708276;-0,93196350
-10,24208276;-0,46598175
-10,23708276;0,00000000
-10,23208276;-0,93196350
-10,22708276;0,46598175
-10,22208276;0,46598175
-10,21708276;0,46598175
-10,21208276;0,00000000
-10,20708276;-0,93196350
-10,20208276;0,00000000
-10,19708276;-0,46598175
-10,19208276;0,00000000
-10,18708276;0,00000000
-10,18208276;-0,46598175
-10,17708276;-0,93196350
-10,17208276;0,00000000
-10,16708276;-1,86546493
-10,16208276;-0,93196350
-10,15708276;-0,93196350
-10,15208276;-0,93196350
-10,14708276;-1,39948320
-10,14208276;-0,93196350
-10,13708276;-1,39948320
-10,13208276;-0,46598175
-10,12708276;-0,93196350
-10,12208276;-0,46598175
-10,11708276;-0,93196350
-10,11208276;-0,46598175
-10,10708276;-0,46598175
-10,10208276;0,00000000
-10,09708276;-0,46598175
-10,09208276;-0,46598175
-10,08708276;-1,39948320
-10,08208276;-1,39948320
-10,07708276;-1,39948320
-10,07208276;-0,46598175
-10,06708276;-1,86546493
-10,06208276;-0,46598175
-10,05708276;-0,46598175
-10,05208276;-0,93196350
-10,04708276;0,46598175
-10,04208276;-0,93196350
-10,03708276;-0,93196350
-10,03208276;-0,46598175
-10,02708276;-0,93196350
-10,02208276;-0,93196350
-10,01708276;-0,93196350
-10,01208276;0,46598175
-10,00708276;-0,93196350
-10,00208276;-0,93196350
-9,99708276;-1,39948320
-9,99208276;0,46598175
-9,98708276;-0,46598175
-9,98208276;0,00000000
-9,97708276;-0,46598175
-9,97208276;0,00000000
-9,96708276;0,00000000
-9,96208277;0,00000000
-9,95708277;0,46598175
-9,95208277;0,46598175
-9,94708277;0,46598175
-9,94208277;0,93196350
-9,93708277;0,46598175
-9,93208277;0,46598175
-9,92708277;0,46598175
-9,92208277;0,00000000
-9,91708277;0,00000000
-9,91208277;0,46598175
-9,90708277;-0,93196350
-9,90208277;0,46598175
-9,89708277;0,46598175
-9,89208277;0,46598175
-9,88708277;0,46598175
-9,88208277;-0,93196350
-9,87708277;-0,93196350
-9,87208277;0,00000000
-9,86708277;0,46598175
-9,86208277;0,93196350
-9,85708277;0,46598175
-9,85208277;0,46598175
-9,84708277;0,46598175
-9,84208277;0,46598175
-9,83708277;-0,93196350
-9,83208277;0,00000000
-9,82708277;0,93196350
-9,82208277;0,46598175
-9,81708277;0,00000000
-9,81208277;0,46598175
-9,80708277;-0,46598175
-9,80208277;0,00000000
-9,79708277;0,00000000
-9,79208277;0,93196350
-9,78708277;0,00000000
-9,78208277;-0,46598175
-9,77708277;0,00000000
-9,77208277;0,00000000
-9,76708277;0,00000000
-9,76208277;-0,46598175
-9,75708277;0,00000000
-9,75208277;0,00000000
-9,74708277;-0,93196350
-9,74208277;-1,39948320
-9,73708277;0,00000000
-9,73208277;-0,46598175
-9,72708277;-0,93196350
-9,72208277;0,00000000
-9,71708277;-0,46598175
-9,71208277;0,46598175
-9,70708277;-0,93196350
-9,70208277;0,46598175
-9,69708277;-0,93196350
-9,69208277;-0,93196350
-9,68708277;-0,93196350
-9,68208277;-1,86546493
-9,67708277;-0,46598175
-9,67208277;0,00000000
-9,66708277;0,46598175
-9,66208277;0,00000000
-9,65708277;-0,46598175
-9,65208277;0,00000000
-9,64708277;-0,93196350
-9,64208277;-0,46598175
-9,63708277;-0,46598175
-9,63208277;-0,93196350
-9,62708277;0,00000000
-9,62208277;0,00000000
-9,61708277;-1,39948320
-9,61208277;-1,86546493
-9,60708277;-0,46598175
-9,60208277;-0,46598175
-9,59708277;0,46598175
-9,59208277;0,00000000
-9,58708277;0,00000000
-9,58208277;0,46598175
-9,57708277;0,00000000
-9,57208277;-1,39948320
-9,56708278;0,46598175
-9,56208278;0,00000000
-9,55708278;-0,46598175
-9,55208278;0,46598175
-9,54708278;0,00000000
-9,54208278;0,46598175
-9,53708278;-0,46598175
-9,53208278;-0,46598175
-9,52708278;-0,46598175
-9,52208278;0,93196350
-9,51708278;0,46598175
-9,51208278;0,46598175
-9,50708278;0,46598175
-9,50208278;0,46598175
-9,49708278;0,46598175
-9,49208278;0,00000000
-9,48708278;0,46598175
-9,48208278;0,00000000
-9,47708278;0,46598175
-9,47208278;0,46598175
-9,46708278;-0,46598175
-9,46208278;1,39948320
-9,45708278;0,00000000
-9,45208278;0,93196350
-9,44708278;0,93196350
-9,44208278;0,46598175
-9,43708278;0,00000000
-9,43208278;2,33298445
-9,42708278;0,93196350
-9,42208278;0,93196350
-9,41708278;0,93196350
-9,41208278;1,39948320
-9,40708278;0,46598175
-9,40208278;0,93196350
-9,39708278;1,39948320
-9,39208278;0,93196350
-9,38708278;1,39948320
-9,38208278;0,46598175
-9,37708278;1,39948320
-9,37208278;0,93196350
-9,36708278;0,46598175
-9,36208278;1,39948320
-9,35708278;0,46598175
-9,35208278;0,93196350
-9,34708278;-0,46598175
-9,34208278;0,46598175
-9,33708278;0,00000000
-9,33208278;0,00000000
-9,32708278;0,46598175
-9,32208278;0,46598175
-9,31708278;-1,39948320
-9,31208278;0,00000000
-9,30708278;0,93196350
-9,30208278;0,46598175
-9,29708278;0,93196350
-9,29208278;1,39948320
-9,28708278;0,46598175
-9,28208278;0,46598175
-9,27708278;0,46598175
-9,27208278;0,46598175
-9,26708278;0,93196350
-9,26208278;0,46598175
-9,25708278;0,00000000
-9,25208278;0,00000000
-9,24708278;0,00000000
-9,24208278;0,46598175
-9,23708278;0,00000000
-9,23208278;-0,93196350
-9,22708278;0,46598175
-9,22208278;0,93196350
-9,21708278;1,39948320
-9,21208278;0,46598175
-9,20708278;1,39948320
-9,20208278;0,00000000
-9,19708278;0,93196350
-9,19208278;0,00000000
-9,18708278;0,93196350
-9,18208278;0,93196350
-9,17708278;0,00000000
-9,17208279;0,93196350
-9,16708279;0,46598175
-9,16208279;1,39948320
-9,15708279;0,46598175
-9,15208279;0,00000000
-9,14708279;0,93196350
-9,14208279;0,00000000
-9,13708279;0,00000000
-9,13208279;0,93196350
-9,12708279;0,00000000
-9,12208279;0,46598175
-9,11708279;0,93196350
-9,11208279;-0,93196350
-9,10708279;0,00000000
-9,10208279;1,39948320
-9,09708279;0,46598175
-9,09208279;-0,46598175
-9,08708279;0,46598175
-9,08208279;-0,93196350
-9,07708279;0,93196350
-9,07208279;0,00000000
-9,06708279;0,46598175
-9,06208279;0,93196350
-9,05708279;0,00000000
-9,05208279;0,93196350
-9,04708279;0,93196350
-9,04208279;0,46598175
-9,03708279;-0,93196350
-9,03208279;0,93196350
-9,02708279;-0,46598175
-9,02208279;0,93196350
-9,01708279;0,46598175
-9,01208279;0,46598175
-9,00708279;0,93196350
-9,00208279;0,00000000
-8,99708279;0,46598175
-8,99208279;0,00000000
-8,98708279;0,93196350
-8,98208279;0,93196350
-8,97708279;-0,46598175
-8,97208279;0,00000000
-8,96708279;0,93196350
-8,96208279;0,93196350
-8,95708279;0,46598175
-8,95208279;0,93196350
-8,94708279;0,46598175
-8,94208279;0,00000000
-8,93708279;0,00000000
-8,93208279;0,93196350
-8,92708279;-0,46598175
-8,92208279;0,93196350
-8,91708279;0,00000000
-8,91208279;0,46598175
-8,90708279;-0,46598175
-8,90208279;1,39948320
-8,89708279;0,00000000
-8,89208279;1,39948320
-8,88708279;0,46598175
-8,88208279;1,86546493
-8,87708279;0,00000000
-8,87208279;0,00000000
-8,86708279;0,46598175
-8,86208279;0,00000000
-8,85708279;0,00000000
-8,85208279;0,00000000
-8,84708279;0,46598175
-8,84208279;-0,46598175
-8,83708279;0,00000000
-8,83208279;0,00000000
-8,82708279;0,46598175
-8,82208279;0,00000000
-8,81708279;0,46598175
-8,81208279;0,46598175
-8,80708279;0,93196350
-8,80208279;0,46598175
-8,79708279;-0,93196350
-8,79208279;0,46598175
-8,78708279;0,46598175
-8,78208279;0,46598175
-8,77708280;0,46598175
-8,77208280;0,00000000
-8,76708280;0,46598175
-8,76208280;-0,46598175
-8,75708280;0,00000000
-8,75208280;0,93196350
-8,74708280;0,93196350
-8,74208280;-0,46598175
-8,73708280;-0,46598175
-8,73208280;-0,93196350
-8,72708280;1,39948320
-8,72208280;0,46598175
-8,71708280;0,46598175
-8,71208280;0,00000000
-8,70708280;0,00000000
-8,70208280;1,39948320
-8,69708280;0,46598175
-8,69208280;0,46598175
-8,68708280;-0,46598175
-8,68208280;0,46598175
-8,67708280;-0,46598175
-8,67208280;-0,46598175
-8,66708280;1,39948320
-8,66208280;0,00000000
-8,65708280;0,00000000
-8,65208280;0,93196350
-8,64708280;-0,46598175
-8,64208280;0,46598175
-8,63708280;0,00000000
-8,63208280;0,00000000
-8,62708280;0,46598175
-8,62208280;0,00000000
-8,61708280;-0,93196350
-8,61208280;0,46598175
-8,60708280;0,00000000
-8,60208280;0,00000000
-8,59708280;0,00000000
-8,59208280;0,46598175
-8,58708280;0,00000000
-8,58208280;-0,46598175
-8,57708280;0,93196350
-8,57208280;0,46598175
-8,56708280;-0,93196350
-8,56208280;0,00000000
-8,55708280;0,00000000
-8,55208280;0,93196350
-8,54708280;0,46598175
-8,54208280;0,46598175
-8,53708280;0,00000000
-8,53208280;0,00000000
-8,52708280;0,46598175
-8,52208280;0,00000000
-8,51708280;1,39948320
-8,51208280;0,46598175
-8,50708280;0,93196350
-8,50208280;0,46598175
-8,49708280;0,46598175
-8,49208280;0,46598175
-8,48708280;0,46598175
-8,48208280;-0,46598175
-8,47708280;0,46598175
-8,47208280;0,93196350
-8,46708280;0,93196350
-8,46208280;-0,46598175
-8,45708280;0,93196350
-8,45208280;0,93196350
-8,44708280;0,93196350
-8,44208280;2,33298445
-8,43708280;0,46598175
-8,43208280;0,93196350
-8,42708280;0,93196350
-8,42208280;0,93196350
-8,41708280;0,93196350
-8,41208280;0,46598175
-8,40708280;0,93196350
-8,40208280;0,46598175
-8,39708280;1,39948320
-8,39208280;0,93196350
-8,38708280;1,39948320
-8,38208281;0,93196350
-8,37708281;0,46598175
-8,37208281;0,93196350
-8,36708281;1,39948320
-8,36208281;0,93196350
-8,35708281;0,93196350
-8,35208281;1,39948320
-8,34708281;0,00000000
-8,34208281;0,46598175
-8,33708281;0,00000000
-8,33208281;0,46598175
-8,32708281;0,00000000
-8,32208281;0,46598175
-8,31708281;0,00000000
-8,31208281;0,00000000
-8,30708281;-0,93196350
-8,30208281;0,46598175
-8,29708281;0,00000000
-8,29208281;0,46598175
-8,28708281;0,00000000
-8,28208281;-0,46598175
-8,27708281;0,46598175
-8,27208281;-0,46598175
-8,26708281;-1,39948320
-8,26208281;0,00000000
-8,25708281;0,46598175
-8,25208281;-0,46598175
-8,24708281;0,00000000
-8,24208281;0,46598175
-8,23708281;0,00000000
-8,23208281;0,00000000
-8,22708281;0,93196350
-8,22208281;0,00000000
-8,21708281;0,46598175
-8,21208281;0,46598175
-8,20708281;0,46598175
-8,20208281;0,46598175
-8,19708281;0,00000000
-8,19208281;-0,93196350
-8,18708281;-0,46598175
-8,18208281;-0,46598175
-8,17708281;-0,46598175
-8,17208281;0,00000000
-8,16708281;0,46598175
-8,16208281;0,93196350
-8,15708281;0,00000000
-8,15208281;0,00000000
-8,14708281;0,46598175
-8,14208281;0,46598175
-8,13708281;0,93196350
-8,13208281;0,46598175
-8,12708281;0,93196350
-8,12208281;0,00000000
-8,11708281;0,46598175
-8,11208281;0,46598175
-8,10708281;0,46598175
-8,10208281;0,00000000
-8,09708281;0,46598175
-8,09208281;-0,46598175
-8,08708281;0,00000000
-8,08208281;0,46598175
-8,07708281;0,00000000
-8,07208281;0,93196350
-8,06708281;0,00000000
-8,06208281;0,00000000
-8,05708281;0,93196350
-8,05208281;0,00000000
-8,04708281;0,46598175
-8,04208281;0,93196350
-8,03708281;0,46598175
-8,03208281;0,00000000
-8,02708281;0,46598175
-8,02208281;0,00000000
-8,01708281;-0,46598175
-8,01208281;0,46598175
-8,00708281;0,00000000
-8,00208281;-0,93196350
-7,99708281;-0,46598175
-7,99208281;-1,86546493
-7,98708281;0,00000000
-7,98208282;0,46598175
-7,97708282;0,00000000
-7,97208282;0,00000000
-7,96708282;0,00000000
-7,96208282;0,46598175
-7,95708282;0,46598175
-7,95208282;0,00000000
-7,94708282;0,00000000
-7,94208282;0,00000000
-7,93708282;-0,46598175
-7,93208282;0,46598175
-7,92708282;-1,39948320
-7,92208282;0,00000000
-7,91708282;0,00000000
-7,91208282;0,00000000
-7,90708282;0,46598175
-7,90208282;0,00000000
-7,89708282;0,93196350
-7,89208282;-0,93196350
-7,88708282;0,00000000
-7,88208282;0,00000000
-7,87708282;0,46598175
-7,87208282;0,46598175
-7,86708282;-2,33298445
-7,86208282;0,46598175
-7,85708282;0,00000000
-7,85208282;0,93196350
-7,84708282;0,00000000
-7,84208282;0,46598175
-7,83708282;0,93196350
-7,83208282;0,46598175
-7,82708282;0,93196350
-7,82208282;0,00000000
-7,81708282;0,93196350
-7,81208282;0,46598175
-7,80708282;0,46598175
-7,80208282;0,46598175
-7,79708282;0,46598175
-7,79208282;2,79896641
-7,78708282;0,46598175
-7,78208282;0,93196350
-7,77708282;0,46598175
-7,77208282;0,00000000
-7,76708282;0,46598175
-7,76208282;0,93196350
-7,75708282;0,93196350
-7,75208282;0,46598175
-7,74708282;0,46598175
-7,74208282;0,93196350
-7,73708282;0,93196350
-7,73208282;0,93196350
-7,72708282;0,46598175
-7,72208282;0,93196350
-7,71708282;0,00000000
-7,71208282;0,46598175
-7,70708282;0,00000000
-7,70208282;0,46598175
-7,69708282;1,39948320
-7,69208282;0,46598175
-7,68708282;0,46598175
-7,68208282;0,93196350
-7,67708282;0,00000000
-7,67208282;0,46598175
-7,66708282;1,86546493
-7,66208282;0,93196350
-7,65708282;0,93196350
-7,65208282;0,46598175
-7,64708282;0,46598175
-7,64208282;0,93196350
-7,63708282;0,93196350
-7,63208282;0,46598175
-7,62708282;0,93196350
-7,62208282;1,39948320
-7,61708282;-0,46598175
-7,61208282;0,46598175
-7,60708282;0,93196350
-7,60208282;0,46598175
-7,59708282;0,93196350
-7,59208282;0,93196350
-7,58708283;0,93196350
-7,58208283;1,39948320
-7,57708283;0,93196350
-7,57208283;0,46598175
-7,56708283;0,93196350
-7,56208283;0,93196350
-7,55708283;0,93196350
-7,55208283;0,93196350
-7,54708283;0,46598175
-7,54208283;0,93196350
-7,53708283;0,93196350
-7,53208283;0,46598175
-7,52708283;0,46598175
-7,52208283;-0,46598175
-7,51708283;0,00000000
-7,51208283;0,93196350
-7,50708283;0,46598175
-7,50208283;0,93196350
-7,49708283;0,00000000
-7,49208283;1,39948320
-7,48708283;0,93196350
-7,48208283;0,93196350
-7,47708283;0,00000000
-7,47208283;0,93196350
-7,46708283;-0,93196350
-7,46208283;0,93196350
-7,45708283;0,93196350
-7,45208283;0,46598175
-7,44708283;-0,93196350
-7,44208283;0,93196350
-7,43708283;0,00000000
-7,43208283;0,46598175
-7,42708283;0,00000000
-7,42208283;0,00000000
-7,41708283;0,00000000
-7,41208283;0,00000000
-7,40708283;0,00000000
-7,40208283;0,93196350
-7,39708283;0,00000000
-7,39208283;-0,46598175
-7,38708283;0,00000000
-7,38208283;0,00000000
-7,37708283;0,00000000
-7,37208283;0,46598175
-7,36708283;-0,46598175
-7,36208283;0,46598175
-7,35708283;0,00000000
-7,35208283;0,46598175
-7,34708283;1,39948320
-7,34208283;0,46598175
-7,33708283;1,39948320
-7,33208283;0,93196350
-7,32708283;0,93196350
-7,32208283;0,93196350
-7,31708283;0,46598175
-7,31208283;0,00000000
-7,30708283;0,46598175
-7,30208283;0,93196350
-7,29708283;0,46598175
-7,29208283;0,46598175
-7,28708283;0,46598175
-7,28208283;0,00000000
-7,27708283;0,00000000
-7,27208283;0,93196350
-7,26708283;0,00000000
-7,26208283;0,93196350
-7,25708283;1,39948320
-7,25208283;1,39948320
-7,24708283;0,93196350
-7,24208283;0,46598175
-7,23708283;1,39948320
-7,23208283;0,00000000
-7,22708283;1,39948320
-7,22208283;0,46598175
-7,21708283;1,39948320
-7,21208283;0,46598175
-7,20708283;1,86546493
-7,20208283;0,46598175
-7,19708283;0,93196350
-7,19208284;0,93196350
-7,18708284;0,93196350
-7,18208284;1,39948320
-7,17708284;0,93196350
-7,17208284;1,39948320
-7,16708284;0,93196350
-7,16208284;0,93196350
-7,15708284;0,93196350
-7,15208284;0,00000000
-7,14708284;0,93196350
-7,14208284;0,46598175
-7,13708284;0,93196350
-7,13208284;0,93196350
-7,12708284;1,39948320
-7,12208284;0,00000000
-7,11708284;0,93196350
-7,11208284;0,93196350
-7,10708284;1,39948320
-7,10208284;0,46598175
-7,09708284;0,93196350
-7,09208284;0,46598175
-7,08708284;0,46598175
-7,08208284;0,93196350
-7,07708284;0,46598175
-7,07208284;0,46598175
-7,06708284;1,86546493
-7,06208284;0,93196350
-7,05708284;0,00000000
-7,05208284;1,86546493
-7,04708284;0,46598175
-7,04208284;0,93196350
-7,03708284;0,46598175
-7,03208284;1,39948320
-7,02708284;1,39948320
-7,02208284;0,46598175
-7,01708284;-0,46598175
-7,01208284;0,46598175
-7,00708284;0,93196350
-7,00208284;1,39948320
-6,99708284;0,93196350
-6,99208284;0,46598175
-6,98708284;-0,46598175
-6,98208284;0,93196350
-6,97708284;0,46598175
-6,97208284;0,46598175
-6,96708284;0,46598175
-6,96208284;-0,46598175
-6,95708284;0,46598175
-6,95208284;15,40046692
-6,94708284;0,00000000
-6,94208284;0,00000000
-6,93708284;-0,46598175
-6,93208284;0,46598175
-6,92708284;0,46598175
-6,92208284;0,00000000
-6,91708284;-0,93196350
-6,91208284;0,00000000
-6,90708284;0,00000000
-6,90208284;-0,46598175
-6,89708284;0,00000000
-6,89208284;0,93196350
-6,88708284;0,00000000
-6,88208284;-0,46598175
-6,87708284;0,00000000
-6,87208284;0,46598175
-6,86708284;0,93196350
-6,86208284;0,46598175
-6,85708284;0,00000000
-6,85208284;0,00000000
-6,84708284;0,46598175
-6,84208284;0,46598175
-6,83708284;0,00000000
-6,83208284;-0,46598175
-6,82708284;0,93196350
-6,82208284;0,46598175
-6,81708284;0,00000000
-6,81208284;0,00000000
-6,80708284;0,46598175
-6,80208284;1,39948320
-6,79708285;-0,46598175
-6,79208285;0,00000000
-6,78708285;0,46598175
-6,78208285;0,46598175
-6,77708285;-0,46598175
-6,77208285;0,93196350
-6,76708285;0,93196350
-6,76208285;0,46598175
-6,75708285;0,46598175
-6,75208285;0,00000000
-6,74708285;0,00000000
-6,74208285;0,46598175
-6,73708285;0,46598175
-6,73208285;0,46598175
-6,72708285;0,93196350
-6,72208285;1,39948320
-6,71708285;0,93196350
-6,71208285;0,46598175
-6,70708285;0,46598175
-6,70208285;1,86546493
-6,69708285;1,39948320
-6,69208285;1,86546493
-6,68708285;0,46598175
-6,68208285;0,93196350
-6,67708285;0,93196350
-6,67208285;1,39948320
-6,66708285;0,46598175
-6,66208285;0,93196350
-6,65708285;0,93196350
-6,65208285;-12,60150051
-6,64708285;1,86546493
-6,64208285;0,93196350
-6,63708285;2,33298445
-6,63208285;0,93196350
-6,62708285;0,93196350
-6,62208285;0,46598175
-6,61708285;0,46598175
-6,61208285;0,00000000
-6,60708285;0,46598175
-6,60208285;1,39948320
-6,59708285;1,39948320
-6,59208285;0,93196350
-6,58708285;0,93196350
-6,58208285;1,39948320
-6,57708285;0,00000000
-6,57208285;0,93196350
-6,56708285;1,39948320
-6,56208285;0,46598175
-6,55708285;0,46598175
-6,55208285;2,33298445
-6,54708285;0,46598175
-6,54208285;0,93196350
-6,53708285;0,46598175
-6,53208285;-0,93196350
-6,52708285;0,00000000
-6,52208285;0,46598175
-6,51708285;0,00000000
-6,51208285;0,00000000
-6,50708285;0,93196350
-6,50208285;0,93196350
-6,49708285;0,00000000
-6,49208285;0,46598175
-6,48708285;0,00000000
-6,48208285;0,00000000
-6,47708285;-0,46598175
-6,47208285;-0,46598175
-6,46708285;0,00000000
-6,46208285;0,00000000
-6,45708285;0,46598175
-6,45208285;-1,39948320
-6,44708285;-0,93196350
-6,44208285;-0,46598175
-6,43708285;-0,93196350
-6,43208285;0,00000000
-6,42708285;0,00000000
-6,42208285;0,46598175
-6,41708285;-0,93196350
-6,41208285;0,00000000
-6,40708285;0,00000000
-6,40208286;-0,93196350
-6,39708286;0,00000000
-6,39208286;0,00000000
-6,38708286;0,00000000
-6,38208286;0,00000000
-6,37708286;0,00000000
-6,37208286;0,00000000
-6,36708286;0,00000000
-6,36208286;0,00000000
-6,35708286;-0,93196350
-6,35208286;-0,46598175
-6,34708286;-0,46598175
-6,34208286;-0,93196350
-6,33708286;0,00000000
-6,33208286;0,46598175
-6,32708286;0,00000000
-6,32208286;0,00000000
-6,31708286;0,00000000
-6,31208286;0,00000000
-6,30708286;0,93196350
-6,30208286;0,00000000
-6,29708286;-0,46598175
-6,29208286;-0,93196350
-6,28708286;-2,33298445
-6,28208286;-0,93196350
-6,27708286;0,93196350
-6,27208286;0,00000000
-6,26708286;-0,46598175
-6,26208286;0,00000000
-6,25708286;0,46598175
-6,25208286;0,46598175
-6,24708286;0,93196350
-6,24208286;0,00000000
-6,23708286;0,00000000
-6,23208286;0,93196350
-6,22708286;0,46598175
-6,22208286;1,39948320
-6,21708286;0,46598175
-6,21208286;0,00000000
-6,20708286;0,46598175
-6,20208286;0,93196350
-6,19708286;0,93196350
-6,19208286;0,93196350
-6,18708286;0,93196350
-6,18208286;0,93196350
-6,17708286;0,93196350
-6,17208286;1,39948320
-6,16708286;0,46598175
-6,16208286;1,39948320
-6,15708286;0,93196350
-6,15208286;1,39948320
-6,14708286;1,86546493
-6,14208286;1,39948320
-6,13708286;0,93196350
-6,13208286;1,39948320
-6,12708286;0,46598175
-6,12208286;0,93196350
-6,11708286;0,93196350
-6,11208286;0,46598175
-6,10708286;1,39948320
-6,10208286;1,39948320
-6,09708286;0,93196350
-6,09208286;0,93196350
-6,08708286;1,39948320
-6,08208286;0,46598175
-6,07708286;0,93196350
-6,07208286;0,93196350
-6,06708286;-0,93196350
-6,06208286;0,93196350
-6,05708286;0,93196350
-6,05208286;0,00000000
-6,04708286;0,93196350
-6,04208286;0,46598175
-6,03708286;1,39948320
-6,03208286;0,46598175
-6,02708286;0,00000000
-6,02208286;0,93196350
-6,01708286;0,93196350
-6,01208286;0,46598175
-6,00708287;0,46598175
-6,00208287;1,39948320
-5,99708287;0,46598175
-5,99208287;0,93196350
-5,98708287;0,00000000
-5,98208287;0,46598175
-5,97708287;0,93196350
-5,97208287;0,00000000
-5,96708287;0,00000000
-5,96208287;0,46598175
-5,95708287;0,46598175
-5,95208287;0,46598175
-5,94708287;-0,46598175
-5,94208287;0,46598175
-5,93708287;0,46598175
-5,93208287;-0,46598175
-5,92708287;-0,93196350
-5,92208287;-0,46598175
-5,91708287;-0,46598175
-5,91208287;-0,46598175
-5,90708287;-0,93196350
-5,90208287;-0,46598175
-5,89708287;-0,93196350
-5,89208287;0,00000000
-5,88708287;0,00000000
-5,88208287;0,93196350
-5,87708287;0,00000000
-5,87208287;-0,46598175
-5,86708287;-0,46598175
-5,86208287;-0,46598175
-5,85708287;-0,46598175
-5,85208287;0,93196350
-5,84708287;-1,39948320
-5,84208287;-0,93196350
-5,83708287;-0,93196350
-5,83208287;0,00000000
-5,82708287;-0,93196350
-5,82208287;0,46598175
-5,81708287;-0,46598175
-5,81208287;0,46598175
-5,80708287;-0,46598175
-5,80208287;0,46598175
-5,79708287;0,46598175
-5,79208287;-0,46598175
-5,78708287;-0,46598175
-5,78208287;-0,46598175
-5,77708287;0,46598175
-5,77208287;-0,46598175
-5,76708287;0,00000000
-5,76208287;0,46598175
-5,75708287;-0,46598175
-5,75208287;0,00000000
-5,74708287;-1,39948320
-5,74208287;-0,46598175
-5,73708287;-0,93196350
-5,73208287;-0,46598175
-5,72708287;0,46598175
-5,72208287;0,00000000
-5,71708287;0,00000000
-5,71208287;0,00000000
-5,70708287;0,00000000
-5,70208287;0,00000000
-5,69708287;0,00000000
-5,69208287;0,46598175
-5,68708287;0,93196350
-5,68208287;-0,46598175
-5,67708287;0,46598175
-5,67208287;0,93196350
-5,66708287;1,39948320
-5,66208287;1,86546493
-5,65708287;0,93196350
-5,65208287;1,39948320
-5,64708287;0,46598175
-5,64208287;0,00000000
-5,63708287;0,46598175
-5,63208287;0,46598175
-5,62708287;0,93196350
-5,62208287;0,46598175
-5,61708287;0,46598175
-5,61208287;0,46598175
-5,60708288;0,93196350
-5,60208288;1,39948320
-5,59708288;0,93196350
-5,59208288;1,39948320
-5,58708288;0,93196350
-5,58208288;0,93196350
-5,57708288;0,93196350
-5,57208288;-0,46598175
-5,56708288;0,46598175
-5,56208288;1,39948320
-5,55708288;0,93196350
-5,55208288;0,93196350
-5,54708288;0,46598175
-5,54208288;0,93196350
-5,53708288;0,93196350
-5,53208288;1,39948320
-5,52708288;0,93196350
-5,52208288;0,46598175
-5,51708288;0,46598175
-5,51208288;1,39948320
-5,50708288;0,93196350
-5,50208288;0,46598175
-5,49708288;0,93196350
-5,49208288;0,46598175
-5,48708288;1,39948320
-5,48208288;0,46598175
-5,47708288;0,93196350
-5,47208288;0,93196350
-5,46708288;1,39948320
-5,46208288;0,93196350
-5,45708288;0,00000000
-5,45208288;2,79896641
-5,44708288;1,39948320
-5,44208288;0,46598175
-5,43708288;1,39948320
-5,43208288;1,39948320
-5,42708288;1,39948320
-5,42208288;1,39948320
-5,41708288;0,93196350
-5,41208288;0,93196350
-5,40708288;0,93196350
-5,40208288;0,93196350
-5,39708288;0,93196350
-5,39208288;0,46598175
-5,38708288;0,46598175
-5,38208288;0,00000000
-5,37708288;0,46598175
-5,37208288;0,46598175
-5,36708288;1,39948320
-5,36208288;0,93196350
-5,35708288;0,00000000
-5,35208288;0,46598175
-5,34708288;0,46598175
-5,34208288;0,00000000
-5,33708288;0,46598175
-5,33208288;0,00000000
-5,32708288;0,00000000
-5,32208288;0,00000000
-5,31708288;0,00000000
-5,31208288;0,00000000
-5,30708288;0,00000000
-5,30208288;-0,46598175
-5,29708288;0,00000000
-5,29208288;0,00000000
-5,28708288;0,00000000
-5,28208288;0,00000000
-5,27708288;0,00000000
-5,27208288;-0,93196350
-5,26708288;-0,46598175
-5,26208288;-0,46598175
-5,25708288;0,00000000
-5,25208288;0,00000000
-5,24708288;-0,93196350
-5,24208288;-0,46598175
-5,23708288;0,93196350
-5,23208288;0,46598175
-5,22708288;0,00000000
-5,22208288;-0,93196350
-5,21708288;0,00000000
-5,21208289;-1,39948320
-5,20708289;0,46598175
-5,20208289;-0,46598175
-5,19708289;0,00000000
-5,19208289;-0,46598175
-5,18708289;-0,46598175
-5,18208289;0,46598175
-5,17708289;0,00000000
-5,17208289;0,00000000
-5,16708289;0,46598175
-5,16208289;0,46598175
-5,15708289;0,46598175
-5,15208289;-0,46598175
-5,14708289;0,00000000
-5,14208289;0,00000000
-5,13708289;0,00000000
-5,13208289;0,46598175
-5,12708289;0,46598175
-5,12208289;0,00000000
-5,11708289;0,46598175
-5,11208289;0,46598175
-5,10708289;0,46598175
-5,10208289;0,00000000
-5,09708289;-0,46598175
-5,09208289;0,46598175
-5,08708289;0,46598175
-5,08208289;0,00000000
-5,07708289;-0,93196350
-5,07208289;0,93196350
-5,06708289;0,93196350
-5,06208289;0,00000000
-5,05708289;0,46598175
-5,05208289;0,93196350
-5,04708289;0,00000000
-5,04208289;-0,93196350
-5,03708289;0,46598175
-5,03208289;-0,93196350
-5,02708289;0,46598175
-5,02208289;0,46598175
-5,01708289;0,46598175
-5,01208289;-0,46598175
-5,00708289;0,46598175
-5,00208289;0,46598175
-4,99708289;0,93196350
-4,99208289;0,46598175
-4,98708289;0,00000000
-4,98208289;0,46598175
-4,97708289;0,93196350
-4,97208289;0,00000000
-4,96708289;-0,46598175
-4,96208289;0,46598175
-4,95708289;0,46598175
-4,95208289;-0,46598175
-4,94708289;-0,46598175
-4,94208289;0,93196350
-4,93708289;0,46598175
-4,93208289;0,00000000
-4,92708289;-0,46598175
-4,92208289;0,00000000
-4,91708289;0,93196350
-4,91208289;0,00000000
-4,90708289;0,00000000
-4,90208289;0,00000000
-4,89708289;0,00000000
-4,89208289;0,00000000
-4,88708289;0,00000000
-4,88208289;0,00000000
-4,87708289;0,00000000
-4,87208289;-0,46598175
-4,86708289;-0,46598175
-4,86208289;-0,46598175
-4,85708289;-0,46598175
-4,85208289;1,39948320
-4,84708289;-0,93196350
-4,84208289;-0,46598175
-4,83708289;-1,39948320
-4,83208289;0,00000000
-4,82708289;-0,46598175
-4,82208289;0,00000000
-4,81708290;0,46598175
-4,81208290;0,46598175
-4,80708290;-0,46598175
-4,80208290;-1,39948320
-4,79708290;0,00000000
-4,79208290;-0,46598175
-4,78708290;0,00000000
-4,78208290;-2,33298445
-4,77708290;-0,46598175
-4,77208290;0,46598175
-4,76708290;0,46598175
-4,76208290;0,00000000
-4,75708290;-1,86546493
-4,75208290;-0,46598175
-4,74708290;-0,93196350
-4,74208290;0,00000000
-4,73708290;0,00000000
-4,73208290;-0,93196350
-4,72708290;-7,46647358
-4,72208290;-0,46598175
-4,71708290;0,46598175
-4,71208290;0,46598175
-4,70708290;0,00000000
-4,70208290;0,93196350
-4,69708290;0,00000000
-4,69208290;0,00000000
-4,68708290;0,93196350
-4,68208290;0,00000000
-4,67708290;0,46598175
-4,67208290;1,39948320
-4,66708290;0,00000000
-4,66208290;0,00000000
-4,65708290;0,46598175
-4,65208290;1,39948320
-4,64708290;1,39948320
-4,64208290;0,46598175
-4,63708290;0,00000000
-4,63208290;-0,46598175
-4,62708290;0,00000000
-4,62208290;0,00000000
-4,61708290;-0,46598175
-4,61208290;0,93196350
-4,60708290;0,00000000
-4,60208290;0,00000000
-4,59708290;0,00000000
-4,59208290;0,00000000
-4,58708290;0,93196350
-4,58208290;0,00000000
-4,57708290;0,46598175
-4,57208290;0,46598175
-4,56708290;0,93196350
-4,56208290;0,46598175
-4,55708290;0,00000000
-4,55208290;0,46598175
-4,54708290;0,00000000
-4,54208290;0,46598175
-4,53708290;0,46598175
-4,53208290;0,93196350
-4,52708290;0,46598175
-4,52208290;0,46598175
-4,51708290;0,00000000
-4,51208290;0,00000000
-4,50708290;0,00000000
-4,50208290;-1,39948320
-4,49708290;-0,93196350
-4,49208290;0,00000000
-4,48708290;0,00000000
-4,48208290;-0,46598175
-4,47708290;-0,46598175
-4,47208290;-0,46598175
-4,46708290;0,00000000
-4,46208290;-0,46598175
-4,45708290;0,93196350
-4,45208290;-1,39948320
-4,44708290;0,00000000
-4,44208290;0,93196350
-4,43708290;-0,93196350
-4,43208290;0,93196350
-4,42708290;0,46598175
-4,42208291;0,00000000
-4,41708291;-0,46598175
-4,41208291;0,46598175
-4,40708291;0,00000000
-4,40208291;0,46598175
-4,39708291;-0,46598175
-4,39208291;0,93196350
-4,38708291;-0,46598175
-4,38208291;-0,46598175
-4,37708291;-0,46598175
-4,37208291;0,00000000
-4,36708291;-0,46598175
-4,36208291;0,46598175
-4,35708291;-0,93196350
-4,35208291;0,00000000
-4,34708291;0,00000000
-4,34208291;-0,46598175
-4,33708291;-0,93196350
-4,33208291;0,46598175
-4,32708291;-0,93196350
-4,32208291;0,46598175
-4,31708291;0,00000000
-4,31208291;0,00000000
-4,30708291;0,93196350
-4,30208291;-0,46598175
-4,29708291;-0,46598175
-4,29208291;-0,46598175
-4,28708291;0,46598175
-4,28208291;0,00000000
-4,27708291;0,93196350
-4,27208291;-0,46598175
-4,26708291;-0,93196350
-4,26208291;-0,93196350
-4,25708291;0,46598175
-4,25208291;-2,33298445
-4,24708291;-0,93196350
-4,24208291;0,00000000
-4,23708291;0,93196350
-4,23208291;0,46598175
-4,22708291;-0,46598175
-4,22208291;0,00000000
-4,21708291;-0,93196350
-4,21208291;-0,46598175
-4,20708291;0,00000000
-4,20208291;0,00000000
-4,19708291;-0,93196350
-4,19208291;-0,93196350
-4,18708291;-0,46598175
-4,18208291;0,00000000
-4,17708291;-0,93196350
-4,17208291;-0,46598175
-4,16708291;-0,93196350
-4,16208291;0,00000000
-4,15708291;-0,46598175
-4,15208291;0,00000000
-4,14708291;-1,39948320
-4,14208291;-0,46598175
-4,13708291;-0,93196350
-4,13208291;-1,39948320
-4,12708291;-0,93196350
-4,12208291;0,00000000
-4,11708291;0,00000000
-4,11208291;0,93196350
-4,10708291;-0,93196350
-4,10208291;0,00000000
-4,09708291;-0,46598175
-4,09208291;0,00000000
-4,08708291;-0,93196350
-4,08208291;0,46598175
-4,07708291;-1,39948320
-4,07208291;0,00000000
-4,06708291;-0,46598175
-4,06208291;0,93196350
-4,05708291;0,46598175
-4,05208291;0,00000000
-4,04708291;0,46598175
-4,04208291;0,00000000
-4,03708291;0,00000000
-4,03208291;0,46598175
-4,02708292;0,46598175
-4,02208292;0,46598175
-4,01708292;0,46598175
-4,01208292;-1,86546493
-4,00708292;1,39948320
-4,00208292;0,00000000
-3,99708292;1,39948320
-3,99208292;0,00000000
-3,98708292;0,93196350
-3,98208292;0,46598175
-3,97708292;0,46598175
-3,97208292;0,93196350
-3,96708292;0,46598175
-3,96208292;-0,93196350
-3,95708292;0,93196350
-3,95208292;-0,46598175
-3,94708292;0,46598175
-3,94208292;1,39948320
-3,93708292;1,39948320
-3,93208292;0,93196350
-3,92708292;0,93196350
-3,92208292;1,86546493
-3,91708292;0,93196350
-3,91208292;1,86546493
-3,90708292;0,93196350
-3,90208292;1,39948320
-3,89708292;0,93196350
-3,89208292;1,86546493
-3,88708292;0,93196350
-3,88208292;0,46598175
-3,87708292;0,93196350
-3,87208292;1,39948320
-3,86708292;0,93196350
-3,86208292;0,00000000
-3,85708292;0,46598175
-3,85208292;1,86546493
-3,84708292;1,86546493
-3,84208292;0,93196350
-3,83708292;0,00000000
-3,83208292;1,39948320
-3,82708292;1,39948320
-3,82208292;0,00000000
-3,81708292;0,46598175
-3,81208292;0,93196350
-3,80708292;18,66848946
-3,80208292;1,39948320
-3,79708292;0,46598175
-3,79208292;0,00000000
-3,78708292;0,93196350
-3,78208292;1,39948320
-3,77708292;0,93196350
-3,77208292;0,93196350
-3,76708292;1,39948320
-3,76208292;0,93196350
-3,75708292;0,46598175
-3,75208292;0,46598175
-3,74708292;0,46598175
-3,74208292;0,93196350
-3,73708292;0,00000000
-3,73208292;0,46598175
-3,72708292;0,93196350
-3,72208292;0,93196350
-3,71708292;0,46598175
-3,71208292;0,46598175
-3,70708292;0,46598175
-3,70208292;0,46598175
-3,69708292;0,46598175
-3,69208292;0,46598175
-3,68708292;0,00000000
-3,68208292;-0,46598175
-3,67708292;-0,46598175
-3,67208292;0,00000000
-3,66708292;0,46598175
-3,66208292;0,93196350
-3,65708292;-0,93196350
-3,65208292;-0,93196350
-3,64708292;0,46598175
-3,64208292;-0,46598175
-3,63708292;1,39948320
-3,63208293;-0,46598175
-3,62708293;-0,46598175
-3,62208293;-0,46598175
-3,61708293;-1,39948320
-3,61208293;-0,46598175
-3,60708293;-1,39948320
-3,60208293;-0,46598175
-3,59708293;-0,93196350
-3,59208293;-0,93196350
-3,58708293;-0,46598175
-3,58208293;-0,46598175
-3,57708293;-1,39948320
-3,57208293;0,00000000
-3,56708293;-0,46598175
-3,56208293;-0,46598175
-3,55708293;-0,46598175
-3,55208293;0,00000000
-3,54708293;0,00000000
-3,54208293;0,00000000
-3,53708293;0,46598175
-3,53208293;0,46598175
-3,52708293;0,46598175
-3,52208293;0,93196350
-3,51708293;0,00000000
-3,51208293;0,93196350
-3,50708293;0,00000000
-3,50208293;0,00000000
-3,49708293;-0,46598175
-3,49208293;0,46598175
-3,48708293;0,00000000
-3,48208293;0,00000000
-3,47708293;-0,46598175
-3,47208293;0,00000000
-3,46708293;-0,46598175
-3,46208293;0,46598175
-3,45708293;-0,93196350
-3,45208293;0,93196350
-3,44708293;0,46598175
-3,44208293;0,00000000
-3,43708293;1,86546493
-3,43208293;-2,79896641
-3,42708293;0,00000000
-3,42208293;0,00000000
-3,41708293;0,00000000
-3,41208293;-0,46598175
-3,40708293;-0,46598175
-3,40208293;0,46598175
-3,39708293;0,93196350
-3,39208293;0,00000000
-3,38708293;0,00000000
-3,38208293;0,93196350
-3,37708293;0,00000000
-3,37208293;0,93196350
-3,36708293;0,00000000
-3,36208293;0,46598175
-3,35708293;0,46598175
-3,35208293;0,93196350
-3,34708293;0,00000000
-3,34208293;0,46598175
-3,33708293;-0,46598175
-3,33208293;0,93196350
-3,32708293;-0,46598175
-3,32208293;0,00000000
-3,31708293;0,46598175
-3,31208293;0,46598175
-3,30708293;0,93196350
-3,30208293;0,46598175
-3,29708293;0,46598175
-3,29208293;0,00000000
-3,28708293;0,00000000
-3,28208293;0,46598175
-3,27708293;0,00000000
-3,27208293;0,00000000
-3,26708293;0,00000000
-3,26208293;0,93196350
-3,25708293;0,00000000
-3,25208293;-1,39948320
-3,24708293;0,46598175
-3,24208293;0,46598175
-3,23708293;0,93196350
-3,23208294;0,00000000
-3,22708294;0,93196350
-3,22208294;0,93196350
-3,21708294;0,46598175
-3,21208294;0,46598175
-3,20708294;0,46598175
-3,20208294;0,93196350
-3,19708294;0,46598175
-3,19208294;0,46598175
-3,18708294;0,93196350
-3,18208294;-0,93196350
-3,17708294;-0,93196350
-3,17208294;0,00000000
-3,16708294;-1,39948320
-3,16208294;0,00000000
-3,15708294;-0,93196350
-3,15208294;0,93196350
-3,14708294;-0,93196350
-3,14208294;0,46598175
-3,13708294;-0,46598175
-3,13208294;0,00000000
-3,12708294;-0,93196350
-3,12208294;-0,46598175
-3,11708294;0,00000000
-3,11208294;0,00000000
-3,10708294;0,46598175
-3,10208294;0,00000000
-3,09708294;-0,46598175
-3,09208294;-0,46598175
-3,08708294;-0,46598175
-3,08208294;0,00000000
-3,07708294;-0,93196350
-3,07208294;0,46598175
-3,06708294;0,46598175
-3,06208294;0,00000000
-3,05708294;-0,93196350
-3,05208294;0,00000000
-3,04708294;-0,93196350
-3,04208294;-0,46598175
-3,03708294;1,39948320
-3,03208294;-0,46598175
-3,02708294;0,46598175
-3,02208294;-1,39948320
-3,01708294;-0,93196350
-3,01208294;0,00000000
-3,00708294;0,00000000
-3,00208294;0,93196350
-2,99708294;0,00000000
-2,99208294;0,46598175
-2,98708294;0,46598175
-2,98208294;-0,93196350
-2,97708294;-0,93196350
-2,97208294;0,00000000
-2,96708294;-0,46598175
-2,96208294;0,00000000
-2,95708294;-0,46598175
-2,95208294;0,00000000
-2,94708294;0,46598175
-2,94208294;0,00000000
-2,93708294;-0,46598175
-2,93208294;-0,46598175
-2,92708294;0,00000000
-2,92208294;0,00000000
-2,91708294;0,00000000
-2,91208294;-0,46598175
-2,90708294;0,00000000
-2,90208294;-0,93196350
-2,89708294;0,46598175
-2,89208294;0,00000000
-2,88708294;-0,93196350
-2,88208294;-0,93196350
-2,87708294;-0,93196350
-2,87208294;-0,46598175
-2,86708294;-1,39948320
-2,86208294;-0,93196350
-2,85708294;-1,86546493
-2,85208294;-3,73246789
-2,84708294;-1,39948320
-2,84208294;-0,93196350
-2,83708295;-1,39948320
-2,83208295;-0,93196350
-2,82708295;-0,93196350
-2,82208295;-1,39948320
-2,81708295;-1,86546493
-2,81208295;-0,93196350
-2,80708295;-0,93196350
-2,80208295;-1,86546493
-2,79708295;0,00000000
-2,79208295;-0,46598175
-2,78708295;-0,93196350
-2,78208295;-0,93196350
-2,77708295;-0,46598175
-2,77208295;-0,93196350
-2,76708295;-1,39948320
-2,76208295;-0,46598175
-2,75708295;-0,93196350
-2,75208295;-0,93196350
-2,74708295;-0,93196350
-2,74208295;-0,46598175
-2,73708295;-1,39948320
-2,73208295;0,00000000
-2,72708295;-0,93196350
-2,72208295;-1,39948320
-2,71708295;-0,93196350
-2,71208295;-0,93196350
-2,70708295;-0,93196350
-2,70208295;-0,46598175
-2,69708295;-0,46598175
-2,69208295;-1,39948320
-2,68708295;-0,46598175
-2,68208295;6,53297186
-2,67708295;-0,93196350
-2,67208295;-0,93196350
-2,66708295;-0,93196350
-2,66208295;-0,93196350
-2,65708295;-0,46598175
-2,65208295;-0,93196350
-2,64708295;-0,93196350
-2,64208295;-1,39948320
-2,63708295;-1,39948320
-2,63208295;-0,93196350
-2,62708295;-0,93196350
-2,62208295;-0,93196350
-2,61708295;-1,39948320
-2,61208295;-1,39948320
-2,60708295;-0,46598175
-2,60208295;-0,93196350
-2,59708295;-1,39948320
-2,59208295;-0,93196350
-2,58708295;-1,39948320
-2,58208295;-0,93196350
-2,57708295;-0,93196350
-2,57208295;-1,39948320
-2,56708295;-0,93196350
-2,56208295;-0,46598175
-2,55708295;-0,93196350
-2,55208295;-0,93196350
-2,54708295;-0,93196350
-2,54208295;-1,39948320
-2,53708295;-0,93196350
-2,53208295;-0,93196350
-2,52708295;-1,39948320
-2,52208295;-1,39948320
-2,51708295;-1,39948320
-2,51208295;-1,86546493
-2,50708295;-0,93196350
-2,50208295;-0,93196350
-2,49708295;-1,39948320
-2,49208295;-1,39948320
-2,48708295;-1,39948320
-2,48208295;-0,46598175
-2,47708295;-1,86546493
-2,47208295;-0,93196350
-2,46708295;-1,86546493
-2,46208295;-0,93196350
-2,45708295;-0,93196350
-2,45208295;-1,39948320
-2,44708295;-1,86546493
-2,44208296;-1,39948320
-2,43708296;-0,93196350
-2,43208296;-0,93196350
-2,42708296;-0,46598175
-2,42208296;-0,93196350
-2,41708296;-0,93196350
-2,41208296;-0,93196350
-2,40708296;-0,46598175
-2,40208296;-1,86546493
-2,39708296;-0,93196350
-2,39208296;-0,46598175
-2,38708296;-2,33298445
-2,38208296;-0,93196350
-2,37708296;-1,39948320
-2,37208296;-0,93196350
-2,36708296;-1,39948320
-2,36208296;-0,93196350
-2,35708296;-0,93196350
-2,35208296;-1,39948320
-2,34708296;-1,86546493
-2,34208296;-1,39948320
-2,33708296;-2,33298445
-2,33208296;-0,46598175
-2,32708296;-1,86546493
-2,32208296;-0,93196350
-2,31708296;-0,93196350
-2,31208296;-0,46598175
-2,30708296;-1,39948320
-2,30208296;-0,93196350
-2,29708296;-1,39948320
-2,29208296;-1,39948320
-2,28708296;-1,39948320
-2,28208296;-0,93196350
-2,27708296;-1,39948320
-2,27208296;-2,33298445
-2,26708296;-0,93196350
-2,26208296;0,00000000
-2,25708296;-1,39948320
-2,25208296;-1,39948320
-2,24708296;-0,93196350
-2,24208296;-1,39948320
-2,23708296;-7,93399334
-2,23208296;-1,86546493
-2,22708296;-0,93196350
-2,22208296;-2,33298445
-2,21708296;-0,93196350
-2,21208296;-1,39948320
-2,20708296;-1,39948320
-2,20208296;0,00000000
-2,19708296;-1,86546493
-2,19208296;-0,93196350
-2,18708296;-0,93196350
-2,18208296;-1,39948320
-2,17708296;-0,46598175
-2,17208296;-0,93196350
-2,16708296;-1,39948320
-2,16208296;-0,93196350
-2,15708296;-0,93196350
-2,15208296;-0,93196350
-2,14708296;-1,39948320
-2,14208296;-0,93196350
-2,13708296;-1,86546493
-2,13208296;-1,39948320
-2,12708296;-1,86546493
-2,12208296;-1,39948320
-2,11708296;-0,46598175
-2,11208296;-3,26648593
-2,10708296;-1,39948320
-2,10208296;0,00000000
-2,09708296;-0,93196350
-2,09208296;-0,93196350
-2,08708296;-1,39948320
-2,08208296;-0,93196350
-2,07708296;-0,93196350
-2,07208296;-0,93196350
-2,06708296;-1,86546493
-2,06208296;-0,93196350
-2,05708296;-0,93196350
-2,05208296;-1,39948320
-2,04708297;-1,39948320
-2,04208297;-0,46598175
-2,03708297;-1,39948320
-2,03208297;-0,93196350
-2,02708297;-1,39948320
-2,02208297;-1,39948320
-2,01708297;-0,93196350
-2,01208297;-1,39948320
-2,00708297;-0,93196350
-2,00208297;-0,93196350
-1,99708297;-0,93196350
-1,99208297;-0,46598175
-1,98708297;-0,46598175
-1,98208297;-0,93196350
-1,97708297;-0,46598175
-1,97208297;-0,46598175
-1,96708297;-0,93196350
-1,96208297;-1,39948320
-1,95708297;-0,93196350
-1,95208297;-0,46598175
-1,94708297;-0,93196350
-1,94208297;-1,39948320
-1,93708297;-0,46598175
-1,93208297;-0,93196350
-1,92708297;-1,86546493
-1,92208297;-1,86546493
-1,91708297;-0,93196350
-1,91208297;-1,86546493
-1,90708297;0,46598175
-1,90208297;-1,39948320
-1,89708297;0,46598175
-1,89208297;-0,93196350
-1,88708297;-0,93196350
-1,88208297;-0,46598175
-1,87708297;-0,46598175
-1,87208297;-0,46598175
-1,86708297;-0,93196350
-1,86208297;-0,93196350
-1,85708297;0,00000000
-1,85208297;0,00000000
-1,84708297;-0,93196350
-1,84208297;-0,46598175
-1,83708297;-0,93196350
-1,83208297;-0,93196350
-1,82708297;0,46598175
-1,82208297;-0,93196350
-1,81708297;-0,93196350
-1,81208297;-0,46598175
-1,80708297;0,00000000
-1,80208297;-0,46598175
-1,79708297;-0,93196350
-1,79208297;-1,39948320
-1,78708297;-0,93196350
-1,78208297;-0,93196350
-1,77708297;-0,93196350
-1,77208297;0,00000000
-1,76708297;-1,86546493
-1,76208297;-0,93196350
-1,75708297;-0,93196350
-1,75208297;-1,39948320
-1,74708297;-1,86546493
-1,74208297;-0,93196350
-1,73708297;-0,93196350
-1,73208297;-1,39948320
-1,72708297;0,00000000
-1,72208297;-0,46598175
-1,71708297;0,00000000
-1,71208297;-2,33298445
-1,70708297;0,00000000
-1,70208297;0,00000000
-1,69708297;0,46598175
-1,69208297;-1,39948320
-1,68708297;-0,93196350
-1,68208297;-1,39948320
-1,67708297;-0,46598175
-1,67208297;-0,46598175
-1,66708297;-0,93196350
-1,66208297;0,00000000
-1,65708297;-1,86546493
-1,65208298;0,00000000
-1,64708298;-0,93196350
-1,64208298;-0,93196350
-1,63708298;-0,93196350
-1,63208298;-1,39948320
-1,62708298;-1,39948320
-1,62208298;-0,93196350
-1,61708298;0,00000000
-1,61208298;-0,93196350
-1,60708298;-0,93196350
-1,60208298;-0,46598175
-1,59708298;-0,93196350
-1,59208298;-0,93196350
-1,58708298;-0,93196350
-1,58208298;-0,93196350
-1,57708298;-0,93196350
-1,57208298;-0,46598175
-1,56708298;-0,46598175
-1,56208298;-0,93196350
-1,55708298;-0,93196350
-1,55208298;-1,39948320
-1,54708298;-1,39948320
-1,54208298;0,00000000
-1,53708298;-0,46598175
-1,53208298;-1,39948320
-1,52708298;0,00000000
-1,52208298;0,00000000
-1,51708298;0,00000000
-1,51208298;-1,86546493
-1,50708298;-0,93196350
-1,50208298;-1,86546493
-1,49708298;-0,93196350
-1,49208298;-0,93196350
-1,48708298;-0,46598175
-1,48208298;-0,93196350
-1,47708298;-0,93196350
-1,47208298;-0,46598175
-1,46708298;-1,39948320
-1,46208298;-2,33298445
-1,45708298;0,00000000
-1,45208298;-0,46598175
-1,44708298;0,00000000
-1,44208298;-0,93196350
-1,43708298;-0,46598175
-1,43208298;-0,93196350
-1,42708298;-0,46598175
-1,42208298;-0,46598175
-1,41708298;-1,39948320
-1,41208298;-1,39948320
-1,40708298;-1,39948320
-1,40208298;-1,39948320
-1,39708298;-0,46598175
-1,39208298;-0,46598175
-1,38708298;-0,93196350
-1,38208298;0,46598175
-1,37708298;-2,33298445
-1,37208298;-0,93196350
-1,36708298;-0,93196350
-1,36208298;0,00000000
-1,35708298;-0,93196350
-1,35208298;-0,93196350
-1,34708298;-0,46598175
-1,34208298;-0,46598175
-1,33708298;-0,93196350
-1,33208298;-0,93196350
-1,32708298;-0,46598175
-1,32208298;-0,93196350
-1,31708298;0,46598175
-1,31208298;-1,39948320
-1,30708298;-1,39948320
-1,30208298;0,00000000
-1,29708298;0,00000000
-1,29208298;-1,86546493
-1,28708298;-1,86546493
-1,28208298;-1,86546493
-1,27708298;-0,93196350
-1,27208298;-1,39948320
-1,26708298;-0,93196350
-1,26208298;-0,46598175
-1,25708298;-0,46598175
-1,25208299;-0,46598175
-1,24708299;-0,46598175
-1,24208299;-0,46598175
-1,23708299;-0,93196350
-1,23208299;-0,93196350
-1,22708299;-1,39948320
-1,22208299;-0,93196350
-1,21708299;-0,93196350
-1,21208299;0,00000000
-1,20708299;-0,46598175
-1,20208299;0,00000000
-1,19708299;-0,93196350
-1,19208299;-0,46598175
-1,18708299;-0,46598175
-1,18208299;0,00000000
-1,17708299;-0,93196350
-1,17208299;-0,93196350
-1,16708299;-0,93196350
-1,16208299;-0,46598175
-1,15708299;-0,46598175
-1,15208299;-1,39948320
-1,14708299;-0,46598175
-1,14208299;0,00000000
-1,13708299;-0,93196350
-1,13208299;-0,46598175
-1,12708299;-0,93196350
-1,12208299;0,46598175
-1,11708299;-1,39948320
-1,11208299;-0,93196350
-1,10708299;-2,33298445
-1,10208299;0,00000000
-1,09708299;0,46598175
-1,09208299;-0,93196350
-1,08708299;-0,93196350
-1,08208299;-0,46598175
-1,07708299;0,00000000
-1,07208299;-0,93196350
-1,06708299;-1,39948320
-1,06208299;0,00000000
-1,05708299;-0,93196350
-1,05208299;0,00000000
-1,04708299;-0,93196350
-1,04208299;-0,46598175
-1,03708299;0,00000000
-1,03208299;-0,46598175
-1,02708299;-0,93196350
-1,02208299;0,46598175
-1,01708299;-0,93196350
-1,01208299;-0,93196350
-1,00708299;-0,93196350
-1,00208299;-0,46598175
-0,99708299;-0,46598175
-0,99208299;0,00000000
-0,98708299;0,46598175
-0,98208299;-1,39948320
-0,97708299;0,00000000
-0,97208299;-0,93196350
-0,96708299;-0,93196350
-0,96208299;-0,46598175
-0,95708299;-0,93196350
-0,95208299;-0,93196350
-0,94708299;0,00000000
-0,94208299;-1,39948320
-0,93708299;0,00000000
-0,93208299;0,00000000
-0,92708299;-0,46598175
-0,92208299;-0,46598175
-0,91708299;-0,93196350
-0,91208299;-1,86546493
-0,90708299;-0,93196350
-0,90208299;-0,46598175
-0,89708299;-0,93196350
-0,89208299;0,93196350
-0,88708299;0,00000000
-0,88208299;-1,39948320
-0,87708299;-0,93196350
-0,87208299;-0,46598175
-0,86708299;0,00000000
-0,86208299;-0,46598175
-0,85708300;-0,93196350
-0,85208300;-0,93196350
-0,84708300;0,00000000
-0,84208300;-0,93196350
-0,83708300;-0,93196350
-0,83208300;-0,93196350
-0,82708300;-1,39948320
-0,82208300;-1,39948320
-0,81708300;-0,93196350
-0,81208300;-1,39948320
-0,80708300;0,00000000
-0,80208300;-0,93196350
-0,79708300;-0,46598175
-0,79208300;-0,46598175
-0,78708300;-0,93196350
-0,78208300;-0,93196350
-0,77708300;-0,93196350
-0,77208300;-0,46598175
-0,76708300;-0,93196350
-0,76208300;-0,93196350
-0,75708300;-0,93196350
-0,75208300;-0,93196350
-0,74708300;-0,93196350
-0,74208300;-0,93196350
-0,73708300;0,00000000
-0,73208300;-1,39948320
-0,72708300;-0,93196350
-0,72208300;-1,39948320
-0,71708300;-0,93196350
-0,71208300;-0,93196350
-0,70708300;-0,46598175
-0,70208300;-0,93196350
-0,69708300;-1,39948320
-0,69208300;-1,39948320
-0,68708300;-1,39948320
-0,68208300;-1,39948320
-0,67708300;-1,86546493
-0,67208300;-1,86546493
-0,66708300;-1,39948320
-0,66208300;-1,39948320
-0,65708300;-0,93196350
-0,65208300;0,00000000
-0,64708300;-0,93196350
-0,64208300;-0,93196350
-0,63708300;-1,39948320
-0,63208300;-0,93196350
-0,62708300;0,00000000
-0,62208300;-0,46598175
-0,61708300;0,46598175
-0,61208300;-0,46598175
-0,60708300;0,00000000
-0,60208300;-0,93196350
-0,59708300;0,00000000
-0,59208300;-0,46598175
-0,58708300;-3,26648593
-0,58208300;0,46598175
-0,57708300;-0,46598175
-0,57208300;-1,39948320
-0,56708300;-0,46598175
-0,56208300;-0,93196350
-0,55708300;-0,93196350
-0,55208300;-1,39948320
-0,54708300;-0,93196350
-0,54208300;-0,93196350
-0,53708300;-1,86546493
-0,53208300;-1,39948320
-0,52708300;-0,46598175
-0,52208300;-0,93196350
-0,51708300;-0,93196350
-0,51208300;-0,93196350
-0,50708300;0,46598175
-0,50208300;-0,93196350
-0,49708300;0,00000000
-0,49208300;0,00000000
-0,48708300;-0,93196350
-0,48208300;-0,46598175
-0,47708300;0,46598175
-0,47208300;-0,46598175
-0,46708300;-0,93196350
-0,46208301;0,00000000
-0,45708301;-0,46598175
-0,45208301;-0,93196350
-0,44708301;-0,46598175
-0,44208301;-0,93196350
-0,43708301;0,00000000
-0,43208301;-1,39948320
-0,42708301;-1,39948320
-0,42208301;-1,39948320
-0,41708301;-1,86546493
-0,41208301;-0,93196350
-0,40708301;-1,86546493
-0,40208301;-1,86546493
-0,39708301;-0,93196350
-0,39208301;-1,39948320
-0,38708301;-0,46598175
-0,38208301;-0,93196350
-0,37708301;-0,46598175
-0,37208301;-1,39948320
-0,36708301;-0,93196350
-0,36208301;-0,46598175
-0,35708301;-0,46598175
-0,35208301;-1,39948320
-0,34708301;-0,93196350
-0,34208301;-1,39948320
-0,33708301;-1,39948320
-0,33208301;-0,93196350
-0,32708301;-0,93196350
-0,32208301;-0,46598175
-0,31708301;-0,93196350
-0,31208301;-1,86546493
-0,30708301;-1,39948320
-0,30208301;-0,93196350
-0,29708301;-0,46598175
-0,29208301;-0,93196350
-0,28708301;-0,46598175
-0,28208301;0,00000000
-0,27708301;-1,86546493
-0,27208301;-0,93196350
-0,26708301;-0,46598175
-0,26208301;-0,93196350
-0,25708301;-1,39948320
-0,25208301;-0,93196350
-0,24708301;-0,93196350
-0,24208301;-0,93196350
-0,23708301;-1,86546493
-0,23208301;-0,93196350
-0,22708301;-0,93196350
-0,22208301;-1,39948320
-0,21708301;-1,39948320
-0,21208301;-0,93196350
-0,20708301;-0,46598175
-0,20208301;-0,93196350
-0,19708301;-0,93196350
-0,19208301;-0,93196350
-0,18708301;-0,93196350
-0,18208301;-0,46598175
-0,17708301;-0,93196350
-0,17208301;-0,93196350
-0,16708301;0,00000000
-0,16208301;-0,93196350
-0,15708301;0,00000000
-0,15208301;-1,39948320
-0,14708301;-0,93196350
-0,14208301;-0,46598175
-0,13708301;-0,93196350
-0,13208301;-1,39948320
-0,12708301;-0,46598175
-0,12208301;-0,93196350
-0,11708301;-0,46598175
-0,11208301;0,00000000
-0,10708301;-0,46598175
-0,10208301;-0,46598175
-0,09708301;0,93196350
-0,09208301;0,00000000
-0,08708301;-0,46598175
-0,08208301;0,46598175
-0,07708301;-0,46598175
-0,07208301;-0,46598175
-0,06708302;0,46598175
-0,06208302;0,00000000
-0,05708302;0,00000000
-0,05208302;0,00000000
-0,04708302;0,00000000
-0,04208302;0,00000000
-0,03708302;0,00000000
-0,03208302;0,00000000
-0,02708302;-0,46598175
-0,02208302;0,46598175
-0,01708302;0,00000000
-0,01208302;-0,46598175
-0,00708302;0,00000000
-0,00208302;0,00000000
0,00291698;5,59947062
0,00791698;-0,46598175
0,01291698;-0,46598175
0,01791698;0,46598175
0,02291698;0,46598175
0,02791698;0,00000000
0,03291698;-0,46598175
0,03791698;0,00000000
0,04291698;-0,46598175
0,04791698;0,46598175
0,05291698;-0,46598175
0,05791698;0,00000000
0,06291698;-0,46598175
0,06791698;0,00000000
0,07291698;-0,93196350
0,07791698;0,46598175
0,08291698;-0,93196350
0,08791698;-0,46598175
0,09291698;-0,46598175
0,09791698;0,00000000
0,10291698;-2,33298445
0,10791698;-0,93196350
0,11291698;-1,39948320
0,11791698;0,46598175
0,12291698;-0,93196350
0,12791698;-0,46598175
0,13291698;-1,39948320
0,13791698;0,00000000
0,14291698;-1,39948320
0,14791698;-0,93196350
0,15291698;-0,46598175
0,15791698;-0,93196350
0,16291698;-1,39948320
0,16791698;-0,93196350
0,17291698;-0,93196350
0,17791698;0,46598175
0,18291698;0,46598175
0,18791698;-0,46598175
0,19291698;-0,93196350
0,19791698;-0,93196350
0,20291698;-0,46598175
0,20791698;-1,39948320
0,21291698;0,00000000
0,21791698;-1,39948320
0,22291698;-0,93196350
0,22791698;0,46598175
0,23291698;-1,39948320
0,23791698;-0,46598175
0,24291698;-0,93196350
0,24791698;-0,93196350
0,25291698;-0,93196350
0,25791698;-0,93196350
0,26291698;-0,46598175
0,26791698;0,00000000
0,27291698;-0,46598175
0,27791698;-0,93196350
0,28291698;-0,46598175
0,28791698;0,93196350
0,29291698;-0,93196350
0,29791698;-0,46598175
0,30291698;-3,26648593
0,30791698;-0,93196350
0,31291698;-2,33298445
0,31791698;-1,86546493
0,32291698;-1,86546493
0,32791697;-0,93196350
0,33291697;-0,93196350
0,33791697;-0,93196350
0,34291697;-0,93196350
0,34791697;-0,93196350
0,35291697;-1,86546493
0,35791697;-1,39948320
0,36291697;-0,93196350
0,36791697;0,46598175
0,37291697;-0,93196350
0,37791697;-1,39948320
0,38291697;-1,39948320
0,38791697;-1,39948320
0,39291697;-0,93196350
0,39791697;-2,33298445
0,40291697;-1,39948320
0,40791697;-0,93196350
0,41291697;-1,86546493
0,41791697;-2,33298445
0,42291697;-1,86546493
0,42791697;-0,93196350
0,43291697;-1,39948320
0,43791697;-1,39948320
0,44291697;-2,33298445
0,44791697;-1,39948320
0,45291697;-1,86546493
0,45791697;-0,93196350
0,46291697;-1,86546493
0,46791697;-1,39948320
0,47291697;-2,33298445
0,47791697;-1,39948320
0,48291697;-0,93196350
0,48791697;-1,39948320
0,49291697;-1,39948320
0,49791697;-0,93196350
0,50291697;-2,33298445
0,50791697;-1,39948320
0,51291697;-0,93196350
0,51791697;0,93196350
0,52291697;-2,33298445
0,52791697;-1,86546493
0,53291697;-1,86546493
0,53791697;-0,93196350
0,54291697;-1,86546493
0,54791697;-1,86546493
0,55291697;-0,93196350
0,55791697;-1,86546493
0,56291697;-0,46598175
0,56791697;-0,93196350
0,57291697;-2,33298445
0,57791697;-1,39948320
0,58291697;-0,93196350
0,58791697;-1,39948320
0,59291697;-0,93196350
0,59791697;-1,86546493
0,60291697;-1,86546493
0,60791697;-0,93196350
0,61291697;-1,39948320
0,61791697;-1,86546493
0,62291697;-1,39948320
0,62791697;-1,39948320
0,63291697;-1,39948320
0,63791697;-0,93196350
0,64291697;-1,86546493
0,64791697;-1,39948320
0,65291697;-1,39948320
0,65791697;-1,86546493
0,66291697;-1,86546493
0,66791697;-1,39948320
0,67291697;-1,39948320
0,67791697;-1,39948320
0,68291697;-0,93196350
0,68791697;-1,39948320
0,69291697;-2,33298445
0,69791697;-1,39948320
0,70291697;0,00000000
0,70791697;-1,39948320
0,71291697;-1,39948320
0,71791697;-1,39948320
0,72291696;-0,93196350
0,72791696;-1,86546493
0,73291696;-2,79896641
0,73791696;-1,39948320
0,74291696;-1,86546493
0,74791696;-2,33298445
0,75291696;-0,93196350
0,75791696;-1,86546493
0,76291696;-1,86546493
0,76791696;-1,39948320
0,77291696;-2,33298445
0,77791696;-2,33298445
0,78291696;-2,33298445
0,78791696;-1,86546493
0,79291696;-1,86546493
0,79791696;-1,86546493
0,80291696;-1,86546493
0,80791696;-2,33298445
0,81291696;-1,86546493
0,81791696;-1,39948320
0,82291696;-1,39948320
0,82791696;-2,33298445
0,83291696;-0,46598175
0,83791696;-2,33298445
0,84291696;-1,39948320
0,84791696;-1,86546493
0,85291696;-2,79896641
0,85791696;-1,39948320
0,86291696;-2,33298445
0,86791696;-1,39948320
0,87291696;-1,86546493
0,87791696;-2,33298445
0,88291696;-2,79896641
0,88791696;-2,33298445
0,89291696;-1,39948320
0,89791696;-1,86546493
0,90291696;-3,73246789
0,90791696;-1,86546493
0,91291696;-1,86546493
0,91791696;-2,33298445
0,92291696;-1,39948320
0,92791696;-1,86546493
0,93291696;-2,33298445
0,93791696;-2,33298445
0,94291696;-2,33298445
0,94791696;-1,86546493
0,95291696;-0,93196350
0,95791696;-1,39948320
0,96291696;-1,86546493
0,96791696;-0,46598175
0,97291696;-1,86546493
0,97791696;-2,33298445
0,98291696;-1,86546493
0,98791696;-1,86546493
0,99291696;-1,86546493
0,99791696;-2,33298445
1,00291696;-2,33298445
1,00791696;-1,86546493
1,01291696;-1,86546493
1,01791696;-1,86546493
1,02291696;-1,86546493
1,02791696;-1,39948320
1,03291696;-1,86546493
1,03791696;-2,33298445
1,04291696;-2,33298445
1,04791696;-1,86546493
1,05291696;-2,33298445
1,05791696;-2,79896641
1,06291696;-1,86546493
1,06791696;-0,93196350
1,07291696;-2,33298445
1,07791696;-1,86546493
1,08291696;-1,86546493
1,08791696;-1,86546493
1,09291696;-1,86546493
1,09791696;-2,79896641
1,10291696;-2,33298445
1,10791696;-2,79896641
1,11291696;-3,73246789
1,11791696;-4,19998741
1,12291695;-2,33298445
1,12791695;-2,33298445
1,13291695;-2,79896641
1,13791695;-2,33298445
1,14291695;-2,79896641
1,14791695;-2,33298445
1,15291695;-1,86546493
1,15791695;-3,26648593
1,16291695;-2,33298445
1,16791695;-2,33298445
1,17291695;-2,33298445
1,17791695;-1,39948320
1,18291695;-2,79896641
1,18791695;-2,79896641
1,19291695;-1,86546493
1,19791695;-2,33298445
1,20291695;-2,33298445
1,20791695;-2,33298445
1,21291695;-2,33298445
1,21791695;-1,39948320
1,22291695;-2,33298445
1,22791695;-1,86546493
1,23291695;-2,79896641
1,23791695;-0,93196350
1,24291695;-2,79896641
1,24791695;-1,86546493
1,25291695;-1,86546493
1,25791695;-2,33298445
1,26291695;-2,33298445
1,26791695;-2,79896641
1,27291695;-2,33298445
1,27791695;-2,33298445
1,28291695;-2,33298445
1,28791695;-1,86546493
1,29291695;-2,33298445
1,29791695;-1,86546493
1,30291695;-1,86546493
1,30791695;-2,79896641
1,31291695;-2,33298445
1,31791695;-2,79896641
1,32291695;-1,86546493
1,32791695;-2,79896641
1,33291695;-2,33298445
1,33791695;-2,79896641
1,34291695;-1,86546493
1,34791695;-2,79896641
1,35291695;-2,33298445
1,35791695;-2,33298445
1,36291695;-2,33298445
1,36791695;-2,33298445
1,37291695;-2,33298445
1,37791695;-1,86546493
1,38291695;-3,73246789
1,38791695;-3,26648593
1,39291695;-3,26648593
1,39791695;-2,33298445
1,40291695;-2,33298445
1,40791695;-1,86546493
1,41291695;-3,26648593
1,41791695;-2,79896641
1,42291695;-2,79896641
1,42791695;-3,26648593
1,43291695;-3,26648593
1,43791695;-2,79896641
1,44291695;-2,79896641
1,44791695;-1,39948320
1,45291695;-3,26648593
1,45791695;-2,79896641
1,46291695;-3,26648593
1,46791695;-3,26648593
1,47291695;-3,73246789
1,47791695;-3,26648593
1,48291695;-2,33298445
1,48791695;-2,79896641
1,49291695;-2,79896641
1,49791695;-2,33298445
1,50291695;-3,26648593
1,50791695;-3,26648593
1,51291695;-3,73246789
1,51791694;-2,33298445
1,52291694;-2,79896641
1,52791694;-3,26648593
1,53291694;-2,33298445
1,53791694;-2,33298445
1,54291694;-2,33298445
1,54791694;-2,79896641
1,55291694;-2,79896641
1,55791694;-2,79896641
1,56291694;-2,33298445
1,56791694;-1,86546493
1,57291694;-2,79896641
1,57791694;-2,79896641
1,58291694;-2,79896641
1,58791694;-2,79896641
1,59291694;-2,33298445
1,59791694;-2,33298445
1,60291694;-1,86546493
1,60791694;-2,79896641
1,61291694;-2,33298445
1,61791694;-2,79896641
1,62291694;-2,79896641
1,62791694;-2,33298445
1,63291694;-2,79896641
1,63791694;-2,79896641
1,64291694;-2,33298445
1,64791694;-2,79896641
1,65291694;-3,26648593
1,65791694;-2,33298445
1,66291694;-2,79896641
1,66791694;-3,26648593
1,67291694;-2,79896641
1,67791694;-2,79896641
1,68291694;-2,33298445
1,68791694;-2,79896641
1,69291694;-3,26648593
1,69791694;-2,79896641
1,70291694;-2,79896641
1,70791694;-1,86546493
1,71291694;-3,26648593
1,71791694;-0,93196350
1,72291694;-1,86546493
1,72791694;-3,26648593
1,73291694;-2,79896641
1,73791694;-3,26648593
1,74291694;-2,79896641
1,74791694;-3,73246789
1,75291694;-2,79896641
1,75791694;-3,26648593
1,76291694;-3,26648593
1,76791694;-2,33298445
1,77291694;-3,26648593
1,77791694;-2,33298445
1,78291694;-2,79896641
1,78791694;-2,79896641
1,79291694;-2,79896641
1,79791694;-2,79896641
1,80291694;-2,79896641
1,80791694;-3,73246789
1,81291694;-2,79896641
1,81791694;-2,79896641
1,82291694;-2,79896641
1,82791694;-2,79896641
1,83291694;-2,33298445
1,83791694;-3,26648593
1,84291694;-2,79896641
1,84791694;-3,26648593
1,85291694;-3,26648593
1,85791694;-3,26648593
1,86291694;-3,26648593
1,86791694;-3,73246789
1,87291694;-2,79896641
1,87791694;-2,79896641
1,88291694;-3,73246789
1,88791694;-2,79896641
1,89291694;-2,33298445
1,89791694;-2,33298445
1,90291694;-3,26648593
1,90791694;-3,26648593
1,91291693;-2,33298445
1,91791693;-1,39948320
1,92291693;-2,79896641
1,92791693;-2,33298445
1,93291693;-3,26648593
1,93791693;-2,33298445
1,94291693;-2,33298445
1,94791693;-1,86546493
1,95291693;-1,86546493
1,95791693;-1,86546493
1,96291693;-1,86546493
1,96791693;-1,86546493
1,97291693;-1,39948320
1,97791693;-2,33298445
1,98291693;-2,33298445
1,98791693;-2,33298445
1,99291693;-2,79896641
1,99791693;-1,39948320
2,00291693;-2,79896641
2,00791693;-1,86546493
2,01291693;-2,33298445
2,01791693;-2,79896641
2,02291693;-2,79896641
2,02791693;-1,86546493
2,03291693;-1,39948320
2,03791693;-1,86546493
2,04291693;-1,39948320
2,04791693;-1,86546493
2,05291693;-1,39948320
2,05791693;-1,39948320
2,06291693;-2,33298445
2,06791693;-1,86546493
2,07291693;-1,39948320
2,07791693;-2,33298445
2,08291693;-1,39948320
2,08791693;-0,46598175
2,09291693;-1,39948320
2,09791693;-2,33298445
2,10291693;-0,93196350
2,10791693;-1,39948320
2,11291693;-1,86546493
2,11791693;-2,33298445
2,12291693;-2,33298445
2,12791693;-1,86546493
2,13291693;-1,86546493
2,13791693;-2,33298445
2,14291693;-1,86546493
2,14791693;-1,86546493
2,15291693;-1,39948320
2,15791693;-2,79896641
2,16291693;-1,86546493
2,16791693;-2,33298445
2,17291693;-1,86546493
2,17791693;-1,86546493
2,18291693;-1,39948320
2,18791693;-2,79896641
2,19291693;-2,33298445
2,19791693;-2,79896641
2,20291693;-2,33298445
2,20791693;-2,79896641
2,21291693;-2,79896641
2,21791693;-2,79896641
2,22291693;-1,86546493
2,22791693;-2,79896641
2,23291693;-3,26648593
2,23791693;-2,79896641
2,24291693;-3,26648593
2,24791693;-2,33298445
2,25291693;-4,66596889
2,25791693;-0,46598175
2,26291693;-2,79896641
2,26791693;-2,33298445
2,27291693;-3,26648593
2,27791693;-2,79896641
2,28291693;-3,26648593
2,28791693;-1,86546493
2,29291693;-2,79896641
2,29791693;-3,26648593
2,30291693;-2,33298445
2,30791692;-3,73246789
2,31291692;-2,33298445
2,31791692;-4,19998741
2,32291692;-2,33298445
2,32791692;-1,39948320
2,33291692;-2,33298445
2,33791692;-2,79896641
2,34291692;-2,33298445
2,34791692;-2,33298445
2,35291692;-3,26648593
2,35791692;-1,86546493
2,36291692;-2,79896641
2,36791692;-1,86546493
2,37291692;-2,33298445
2,37791692;-3,26648593
2,38291692;-2,33298445
2,38791692;-2,33298445
2,39291692;-2,33298445
2,39791692;-1,86546493
2,40291692;-1,86546493
2,40791692;-2,33298445
2,41291692;-2,33298445
2,41791692;-2,33298445
2,42291692;-1,39948320
2,42791692;-2,33298445
2,43291692;-2,33298445
2,43791692;-1,86546493
2,44291692;-1,86546493
2,44791692;-1,39948320
2,45291692;-1,39948320
2,45791692;-2,33298445
2,46291692;-1,39948320
2,46791692;-1,86546493
2,47291692;-0,93196350
2,47791692;-1,86546493
2,48291692;-1,39948320
2,48791692;-0,93196350
2,49291692;-1,86546493
2,49791692;-1,86546493
2,50291692;-2,33298445
2,50791692;-2,33298445
2,51291692;-1,86546493
2,51791692;-2,33298445
2,52291692;-1,86546493
2,52791692;-1,39948320
2,53291692;-1,39948320
2,53791692;-0,93196350
2,54291692;-0,93196350
2,54791692;-1,86546493
2,55291692;-0,93196350
2,55791692;-1,39948320
2,56291692;-1,39948320
2,56791692;-1,39948320
2,57291692;-1,39948320
2,57791692;-0,93196350
2,58291692;-1,39948320
2,58791692;-0,93196350
2,59291692;-0,46598175
2,59791692;-1,86546493
2,60291692;-0,93196350
2,60791692;0,00000000
2,61291692;-1,39948320
2,61791692;-1,86546493
2,62291692;-1,39948320
2,62791692;-0,46598175
2,63291692;-0,93196350
2,63791692;-0,93196350
2,64291692;-0,93196350
2,64791692;-1,39948320
2,65291692;-1,39948320
2,65791692;-0,46598175
2,66291692;-0,93196350
2,66791692;-1,39948320
2,67291692;-1,39948320
2,67791692;-0,46598175
2,68291692;-0,46598175
2,68791692;-1,86546493
2,69291692;-1,39948320
2,69791692;-0,93196350
2,70291691;-1,86546493
2,70791691;-1,39948320
2,71291691;-1,39948320
2,71791691;-0,46598175
2,72291691;-1,86546493
2,72791691;-1,86546493
2,73291691;-1,86546493
2,73791691;-2,33298445
2,74291691;-3,26648593
2,74791691;-2,33298445
2,75291691;0,00000000
2,75791691;-1,86546493
2,76291691;-2,33298445
2,76791691;-1,86546493
2,77291691;-2,33298445
2,77791691;-1,39948320
2,78291691;-2,33298445
2,78791691;-1,86546493
2,79291691;-1,39948320
2,79791691;-1,39948320
2,80291691;-1,39948320
2,80791691;-1,86546493
2,81291691;-1,39948320
2,81791691;-1,86546493
2,82291691;-1,86546493
2,82791691;-1,39948320
2,83291691;-2,79896641
2,83791691;-1,86546493
2,84291691;-0,93196350
2,84791691;-2,33298445
2,85291691;-1,39948320
2,85791691;-1,39948320
2,86291691;-1,86546493
2,86791691;-1,39948320
2,87291691;-1,39948320
2,87791691;-1,39948320
2,88291691;-2,33298445
2,88791691;-1,86546493
2,89291691;-1,39948320
2,89791691;-0,93196350
2,90291691;-1,39948320
2,90791691;-1,86546493
2,91291691;-0,93196350
2,91791691;0,00000000
2,92291691;0,00000000
2,92791691;-1,39948320
2,93291691;-2,33298445
2,93791691;-1,39948320
2,94291691;-1,39948320
2,94791691;-1,39948320
2,95291691;-0,93196350
2,95791691;-0,93196350
2,96291691;-0,93196350
2,96791691;-0,46598175
2,97291691;-1,39948320
2,97791691;0,00000000
2,98291691;-0,93196350
2,98791691;-0,46598175
2,99291691;-0,93196350
2,99791691;-0,46598175
3,00291691;-1,86546493
3,00791691;-0,93196350
3,01291691;-1,39948320
3,01791691;0,00000000
3,02291691;-0,93196350
3,02791691;0,00000000
3,03291691;-1,39948320
3,03791691;-0,46598175
3,04291691;0,00000000
3,04791691;0,00000000
3,05291691;-0,93196350
3,05791691;-0,93196350
3,06291691;-0,46598175
3,06791691;-1,39948320
3,07291691;-0,46598175
3,07791691;-0,46598175
3,08291691;-0,93196350
3,08791691;-0,93196350
3,09291691;-0,93196350
3,09791690;0,00000000
3,10291690;0,46598175
3,10791690;0,00000000
3,11291690;0,00000000
3,11791690;-1,86546493
3,12291690;-1,39948320
3,12791690;0,00000000
3,13291690;0,00000000
3,13791690;-0,46598175
3,14291690;-1,39948320
3,14791690;0,00000000
3,15291690;0,00000000
3,15791690;0,00000000
3,16291690;-0,46598175
3,16791690;0,46598175
3,17291690;0,93196350
3,17791690;0,93196350
3,18291690;0,00000000
3,18791690;0,00000000
3,19291690;0,00000000
3,19791690;0,00000000
3,20291690;0,00000000
3,20791690;0,46598175
3,21291690;0,00000000
3,21791690;0,46598175
3,22291690;0,46598175
3,22791690;0,93196350
3,23291690;0,00000000
3,23791690;0,46598175
3,24291690;-0,46598175
3,24791690;0,46598175
3,25291690;0,00000000
3,25791690;0,46598175
3,26291690;-0,93196350
3,26791690;-0,93196350
3,27291690;0,46598175
3,27791690;0,00000000
3,28291690;0,46598175
3,28791690;0,46598175
3,29291690;0,93196350
3,29791690;0,00000000
3,30291690;0,46598175
3,30791690;0,93196350
3,31291690;0,93196350
3,31791690;2,33298445
3,32291690;0,93196350
3,32791690;0,93196350
3,33291690;-0,93196350
3,33791690;0,93196350
3,34291690;0,46598175
3,34791690;0,93196350
3,35291690;0,46598175
3,35791690;0,46598175
3,36291690;1,39948320
3,36791690;1,39948320
3,37291690;0,46598175
3,37791690;1,39948320
3,38291690;0,46598175
3,38791690;0,93196350
3,39291690;0,93196350
3,39791690;0,46598175
3,40291690;0,46598175
3,40791690;0,93196350
3,41291690;0,93196350
3,41791690;0,93196350
3,42291690;0,93196350
3,42791690;0,93196350
3,43291690;0,93196350
3,43791690;0,93196350
3,44291690;0,93196350
3,44791690;0,93196350
3,45291690;0,93196350
3,45791690;0,46598175
3,46291690;0,93196350
3,46791690;0,46598175
3,47291690;0,46598175
3,47791690;0,46598175
3,48291690;0,46598175
3,48791690;0,46598175
3,49291690;0,93196350
3,49791689;0,93196350
3,50291689;0,46598175
3,50791689;0,93196350
3,51291689;0,46598175
3,51791689;0,93196350
3,52291689;1,86546493
3,52791689;0,93196350
3,53291689;1,86546493
3,53791689;0,93196350
3,54291689;0,93196350
3,54791689;1,39948320
3,55291689;0,93196350
3,55791689;0,93196350
3,56291689;1,39948320
3,56791689;1,39948320
3,57291689;1,86546493
3,57791689;1,39948320
3,58291689;1,86546493
3,58791689;1,39948320
3,59291689;2,33298445
3,59791689;1,39948320
3,60291689;0,93196350
3,60791689;0,00000000
3,61291689;1,39948320
3,61791689;1,86546493
3,62291689;1,86546493
3,62791689;0,93196350
3,63291689;1,86546493
3,63791689;0,93196350
3,64291689;0,93196350
3,64791689;1,86546493
3,65291689;0,93196350
3,65791689;0,93196350
3,66291689;1,39948320
3,66791689;0,93196350
3,67291689;1,86546493
3,67791689;1,39948320
3,68291689;0,46598175
3,68791689;1,39948320
3,69291689;0,93196350
3,69791689;1,86546493
3,70291689;1,86546493
3,70791689;0,93196350
3,71291689;0,46598175
3,71791689;1,86546493
3,72291689;1,86546493
3,72791689;0,93196350
3,73291689;0,93196350
3,73791689;1,39948320
3,74291689;0,93196350
3,74791689;1,39948320
3,75291689;0,93196350
3,75791689;0,93196350
3,76291689;1,39948320
3,76791689;1,86546493
3,77291689;1,86546493
3,77791689;0,93196350
3,78291689;2,33298445
3,78791689;0,93196350
3,79291689;1,39948320
3,79791689;2,33298445
3,80291689;0,93196350
3,80791689;1,86546493
3,81291689;-8,86749458
3,81791689;2,33298445
3,82291689;1,86546493
3,82791689;1,86546493
3,83291689;1,39948320
3,83791689;2,33298445
3,84291689;2,79896641
3,84791689;1,86546493
3,85291689;1,39948320
3,85791689;2,33298445
3,86291689;2,33298445
3,86791689;2,33298445
3,87291689;1,86546493
3,87791689;2,33298445
3,88291689;1,86546493
3,88791689;1,86546493
3,89291688;1,86546493
3,89791688;2,79896641
3,90291688;1,39948320
3,90791688;2,33298445
3,91291688;3,26648593
3,91791688;2,33298445
3,92291688;2,79896641
3,92791688;2,33298445
3,93291688;1,86546493
3,93791688;2,33298445
3,94291688;2,33298445
3,94791688;2,33298445
3,95291688;2,33298445
3,95791688;2,33298445
3,96291688;2,33298445
3,96791688;2,33298445
3,97291688;1,86546493
3,97791688;2,79896641
3,98291688;2,33298445
3,98791688;2,79896641
3,99291688;2,79896641
3,99791688;3,26648593
4,00291688;2,33298445
4,00791688;2,33298445
4,01291688;2,79896641
4,01791688;3,26648593
4,02291688;2,33298445
4,02791688;2,33298445
4,03291688;3,26648593
4,03791688;1,86546493
4,04291688;3,26648593
4,04791688;3,26648593
4,05291688;2,79896641
4,05791688;2,33298445
4,06291688;2,79896641
4,06791688;2,79896641
4,07291688;2,33298445
4,07791688;3,26648593
4,08291688;2,33298445
4,08791688;2,33298445
4,09291688;2,79896641
4,09791688;2,79896641
4,10291688;2,33298445
4,10791688;1,86546493
4,11291688;3,26648593
4,11791688;1,86546493
4,12291688;2,33298445
4,12791688;2,79896641
4,13291688;2,79896641
4,13791688;2,33298445
4,14291688;2,79896641
4,14791688;3,26648593
4,15291688;2,79896641
4,15791688;2,79896641
4,16291688;2,79896641
4,16791688;3,26648593
4,17291688;3,26648593
4,17791688;3,73246789
4,18291688;4,19998741
4,18791688;3,73246789
4,19291688;2,79896641
4,19791688;3,26648593
4,20291688;4,19998741
4,20791688;3,26648593
4,21291688;3,73246789
4,21791688;3,73246789
4,22291688;3,73246789
4,22791688;3,26648593
4,23291688;2,79896641
4,23791688;3,26648593
4,24291688;3,26648593
4,24791688;1,39948320
4,25291688;3,26648593
4,25791688;3,26648593
4,26291688;3,73246789
4,26791688;3,26648593
4,27291688;3,73246789
4,27791688;3,73246789
4,28291688;4,66596889
4,28791687;3,26648593
4,29291687;3,26648593
4,29791687;3,73246789
4,30291687;3,26648593
4,30791687;4,19998741
4,31291687;3,73246789
4,31791687;2,33298445
4,32291687;3,26648593
4,32791687;3,73246789
4,33291687;3,73246789
4,33791687;3,26648593
4,34291687;3,73246789
4,34791687;2,33298445
4,35291687;2,79896641
4,35791687;2,79896641
4,36291687;3,26648593
4,36791687;2,79896641
4,37291687;2,79896641
4,37791687;2,33298445
4,38291687;3,73246789
4,38791687;3,26648593
4,39291687;3,26648593
4,39791687;3,26648593
4,40291687;2,79896641
4,40791687;2,33298445
4,41291687;2,33298445
4,41791687;2,33298445
4,42291687;2,33298445
4,42791687;2,33298445
4,43291687;1,86546493
4,43791687;1,86546493
4,44291687;1,39948320
4,44791687;1,39948320
4,45291687;1,86546493
4,45791687;1,86546493
4,46291687;2,33298445
4,46791687;2,33298445
4,47291687;1,39948320
4,47791687;2,33298445
4,48291687;2,33298445
4,48791687;1,86546493
4,49291687;2,79896641
4,49791687;1,86546493
4,50291687;2,33298445
4,50791687;1,86546493
4,51291687;1,39948320
4,51791687;3,26648593
4,52291687;2,79896641
4,52791687;1,86546493
4,53291687;3,26648593
4,53791687;2,79896641
4,54291687;1,86546493
4,54791687;1,86546493
4,55291687;2,79896641
4,55791687;2,33298445
4,56291687;2,33298445
4,56791687;2,33298445
4,57291687;2,79896641
4,57791687;2,79896641
4,58291687;2,79896641
4,58791687;2,33298445
4,59291687;2,33298445
4,59791687;1,86546493
4,60291687;2,33298445
4,60791687;2,79896641
4,61291687;2,33298445
4,61791687;2,33298445
4,62291687;2,33298445
4,62791687;2,33298445
4,63291687;2,79896641
4,63791687;2,33298445
4,64291687;2,79896641
4,64791687;2,79896641
4,65291687;2,33298445
4,65791687;4,66596889
4,66291687;2,79896641
4,66791687;2,79896641
4,67291687;2,79896641
4,67791687;2,79896641
4,68291686;2,33298445
4,68791686;3,26648593
4,69291686;2,79896641
4,69791686;2,79896641
4,70291686;4,19998741
4,70791686;3,73246789
4,71291686;2,33298445
4,71791686;2,79896641
4,72291686;2,33298445
4,72791686;2,79896641
4,73291686;3,73246789
4,73791686;3,26648593
4,74291686;3,26648593
4,74791686;2,79896641
4,75291686;3,26648593
4,75791686;2,33298445
4,76291686;2,33298445
4,76791686;3,26648593
4,77291686;2,33298445
4,77791686;2,33298445
4,78291686;3,26648593
4,78791686;4,19998741
4,79291686;3,26648593
4,79791686;3,26648593
4,80291686;3,26648593
4,80791686;2,33298445
4,81291686;3,26648593
4,81791686;2,79896641
4,82291686;3,73246789
4,82791686;3,26648593
4,83291686;2,79896641
4,83791686;3,26648593
4,84291686;2,79896641
4,84791686;3,26648593
4,85291686;2,33298445
4,85791686;2,79896641
4,86291686;2,79896641
4,86791686;2,33298445
4,87291686;1,86546493
4,87791686;2,33298445
4,88291686;1,86546493
4,88791686;2,33298445
4,89291686;2,79896641
4,89791686;2,33298445
4,90291686;2,79896641
4,90791686;1,86546493
4,91291686;1,86546493
4,91791686;4,19998741
4,92291686;2,79896641
4,92791686;2,33298445
4,93291686;2,79896641
4,93791686;1,86546493
4,94291686;2,33298445
4,94791686;1,39948320
4,95291686;3,26648593
4,95791686;2,79896641
4,96291686;2,79896641
4,96791686;2,33298445
4,97291686;2,33298445
4,97791686;2,33298445
4,98291686;2,79896641
4,98791686;2,79896641
4,99291686;2,33298445
4,99791686;2,33298445
5,00291686;2,33298445
5,00791686;1,39948320
5,01291686;2,79896641
5,01791686;2,79896641
5,02291686;1,86546493
5,02791686;1,86546493
5,03291686;1,86546493
5,03791686;1,86546493
5,04291686;2,33298445
5,04791686;1,86546493
5,05291686;2,33298445
5,05791686;1,86546493
5,06291686;1,86546493
5,06791686;1,86546493
5,07291686;4,66596889
5,07791685;1,86546493
5,08291685;1,86546493
5,08791685;2,33298445
5,09291685;2,79896641
5,09791685;1,86546493
5,10291685;2,33298445
5,10791685;1,86546493
5,11291685;2,33298445
5,11791685;2,33298445
5,12291685;1,39948320
5,12791685;0,00000000
5,13291685;2,79896641
5,13791685;0,93196350
5,14291685;2,33298445
5,14791685;1,39948320
5,15291685;1,39948320
5,15791685;1,39948320
5,16291685;0,93196350
5,16791685;1,39948320
5,17291685;0,93196350
5,17791685;1,39948320
5,18291685;1,86546493
5,18791685;1,39948320
5,19291685;1,86546493
5,19791685;1,86546493
5,20291685;1,86546493
5,20791685;1,86546493
5,21291685;2,33298445
5,21791685;2,33298445
5,22291685;0,93196350
5,22791685;0,93196350
5,23291685;0,93196350
5,23791685;1,39948320
5,24291685;1,39948320
5,24791685;1,39948320
5,25291685;1,39948320
5,25791685;0,93196350
5,26291685;1,39948320
5,26791685;0,46598175
5,27291685;1,39948320
5,27791685;1,39948320
5,28291685;1,39948320
5,28791685;0,93196350
5,29291685;0,93196350
5,29791685;0,00000000
5,30291685;0,93196350
5,30791685;1,86546493
5,31291685;0,93196350
5,31791685;0,46598175
5,32291685;1,86546493
5,32791685;1,39948320
5,33291685;0,93196350
5,33791685;1,86546493
5,34291685;0,93196350
5,34791685;2,33298445
5,35291685;0,46598175
5,35791685;0,93196350
5,36291685;1,86546493
5,36791685;0,93196350
5,37291685;0,46598175
5,37791685;0,93196350
5,38291685;0,93196350
5,38791685;0,93196350
5,39291685;0,46598175
5,39791685;0,93196350
5,40291685;-13,06748199
5,40791685;0,93196350
5,41291685;0,93196350
5,41791685;1,86546493
5,42291685;1,39948320
5,42791685;0,93196350
5,43291685;1,39948320
5,43791685;0,93196350
5,44291685;0,93196350
5,44791685;1,39948320
5,45291685;0,46598175
5,45791685;0,46598175
5,46291685;1,86546493
5,46791685;0,93196350
5,47291684;1,86546493
5,47791684;1,39948320
5,48291684;0,46598175
5,48791684;0,93196350
5,49291684;1,86546493
5,49791684;1,39948320
5,50291684;2,33298445
5,50791684;0,93196350
5,51291684;1,86546493
5,51791684;2,33298445
5,52291684;1,39948320
5,52791684;2,33298445
5,53291684;3,73246789
5,53791684;0,93196350
5,54291684;1,86546493
5,54791684;1,39948320
5,55291684;1,86546493
5,55791684;1,39948320
5,56291684;1,86546493
5,56791684;1,86546493
5,57291684;1,39948320
5,57791684;1,86546493
5,58291684;1,39948320
5,58791684;1,86546493
5,59291684;1,86546493
5,59791684;1,86546493
5,60291684;2,33298445
5,60791684;1,86546493
5,61291684;1,39948320
5,61791684;0,46598175
5,62291684;2,33298445
5,62791684;1,39948320
5,63291684;2,33298445
5,63791684;15,86798668
5,64291684;1,39948320
5,64791684;0,93196350
5,65291684;1,39948320
5,65791684;1,39948320
5,66291684;1,39948320
5,66791684;2,33298445
5,67291684;1,39948320
5,67791684;1,39948320
5,68291684;0,00000000
5,68791684;1,39948320
5,69291684;1,39948320
5,69791684;1,39948320
5,70291684;1,39948320
5,70791684;0,93196350
5,71291684;1,39948320
5,71791684;0,46598175
5,72291684;0,93196350
5,72791684;0,46598175
5,73291684;1,86546493
5,73791684;0,46598175
5,74291684;0,93196350
5,74791684;1,39948320
5,75291684;0,93196350
5,75791684;1,39948320
5,76291684;0,46598175
5,76791684;1,39948320
5,77291684;0,46598175
5,77791684;0,93196350
5,78291684;1,39948320
5,78791684;1,39948320
5,79291684;1,86546493
5,79791684;1,86546493
5,80291684;1,39948320
5,80791684;2,33298445
5,81291684;2,33298445
5,81791684;1,86546493
5,82291684;1,86546493
5,82791684;1,39948320
5,83291684;2,33298445
5,83791684;1,86546493
5,84291684;2,33298445
5,84791684;2,33298445
5,85291684;1,86546493
5,85791684;1,86546493
5,86291684;1,86546493
5,86791684;2,33298445
5,87291683;1,39948320
5,87791683;1,86546493
5,88291683;2,33298445
5,88791683;1,86546493
5,89291683;1,86546493
5,89791683;1,39948320
5,90291683;2,33298445
5,90791683;1,86546493
5,91291683;1,86546493
5,91791683;1,39948320
5,92291683;2,33298445
5,92791683;2,33298445
5,93291683;1,39948320
5,93791683;2,79896641
5,94291683;1,86546493
5,94791683;2,79896641
5,95291683;2,33298445
5,95791683;2,33298445
5,96291683;2,79896641
5,96791683;2,33298445
5,97291683;-0,93196350
5,97791683;1,86546493
5,98291683;2,33298445
5,98791683;2,33298445
5,99291683;1,39948320
5,99791683;0,46598175
6,00291683;1,86546493
6,00791683;1,86546493
6,01291683;1,39948320
6,01791683;1,39948320
6,02291683;0,93196350
6,02791683;0,93196350
6,03291683;0,93196350
6,03791683;1,39948320
6,04291683;0,93196350
6,04791683;0,46598175
6,05291683;0,46598175
6,05791683;0,93196350
6,06291683;0,00000000
6,06791683;0,46598175
6,07291683;0,46598175
6,07791683;0,93196350
6,08291683;0,00000000
6,08791683;0,46598175
6,09291683;1,39948320
6,09791683;0,46598175
6,10291683;0,46598175
6,10791683;-0,46598175
6,11291683;0,93196350
6,11791683;0,93196350
6,12291683;0,46598175
6,12791683;0,46598175
6,13291683;1,39948320
6,13791683;0,46598175
6,14291683;0,93196350
6,14791683;1,86546493
6,15291683;0,93196350
6,15791683;0,93196350
6,16291683;0,46598175
6,16791683;0,93196350
6,17291683;1,86546493
6,17791683;0,46598175
6,18291683;1,86546493
6,18791683;0,93196350
6,19291683;1,39948320
6,19791683;1,39948320
6,20291683;0,93196350
6,20791683;-0,46598175
6,21291683;0,93196350
6,21791683;1,39948320
6,22291683;1,86546493
6,22791683;1,39948320
6,23291683;0,93196350
6,23791683;0,93196350
6,24291683;1,86546493
6,24791683;1,86546493
6,25291683;1,86546493
6,25791683;1,39948320
6,26291683;1,86546493
6,26791682;0,93196350
6,27291682;1,86546493
6,27791682;1,86546493
6,28291682;1,86546493
6,28791682;1,86546493
6,29291682;2,33298445
6,29791682;2,33298445
6,30291682;2,33298445
6,30791682;2,33298445
6,31291682;1,39948320
6,31791682;2,79896641
6,32291682;2,79896641
6,32791682;1,86546493
6,33291682;1,86546493
6,33791682;2,33298445
6,34291682;2,33298445
6,34791682;2,79896641
6,35291682;1,86546493
6,35791682;1,86546493
6,36291682;1,39948320
6,36791682;1,86546493
6,37291682;1,86546493
6,37791682;2,33298445
6,38291682;0,93196350
6,38791682;0,93196350
6,39291682;3,26648593
6,39791682;0,46598175
6,40291682;0,46598175
6,40791682;1,39948320
6,41291682;1,39948320
6,41791682;2,33298445
6,42291682;1,86546493
6,42791682;1,39948320
6,43291682;0,93196350
6,43791682;1,39948320
6,44291682;0,00000000
6,44791682;2,33298445
6,45291682;1,86546493
6,45791682;1,86546493
6,46291682;1,86546493
6,46791682;1,39948320
6,47291682;1,39948320
6,47791682;1,86546493
6,48291682;1,86546493
6,48791682;0,93196350
6,49291682;0,93196350
6,49791682;0,93196350
6,50291682;1,39948320
6,50791682;1,39948320
6,51291682;2,33298445
6,51791682;0,00000000
6,52291682;1,39948320
6,52791682;0,46598175
6,53291682;0,93196350
6,53791682;1,86546493
6,54291682;1,39948320
6,54791682;1,86546493
6,55291682;1,39948320
6,55791682;0,93196350
6,56291682;0,46598175
6,56791682;0,93196350
6,57291682;1,39948320
6,57791682;1,39948320
6,58291682;0,46598175
6,58791682;1,39948320
6,59291682;1,86546493
6,59791682;1,39948320
6,60291682;1,86546493
6,60791682;1,39948320
6,61291682;2,33298445
6,61791682;0,93196350
6,62291682;1,39948320
6,62791682;1,39948320
6,63291682;1,86546493
6,63791682;1,86546493
6,64291682;1,86546493
6,64791682;1,86546493
6,65291682;1,39948320
6,65791682;1,39948320
6,66291681;1,86546493
6,66791681;1,39948320
6,67291681;2,33298445
6,67791681;1,86546493
6,68291681;1,86546493
6,68791681;1,39948320
6,69291681;1,86546493
6,69791681;2,33298445
6,70291681;1,39948320
6,70791681;1,86546493
6,71291681;2,79896641
6,71791681;1,86546493
6,72291681;1,39948320
6,72791681;1,39948320
6,73291681;1,39948320
6,73791681;1,39948320
6,74291681;0,00000000
6,74791681;1,86546493
6,75291681;1,39948320
6,75791681;1,39948320
6,76291681;1,86546493
6,76791681;1,86546493
6,77291681;1,39948320
6,77791681;1,86546493
6,78291681;1,39948320
6,78791681;1,86546493
6,79291681;1,86546493
6,79791681;1,86546493
6,80291681;2,33298445
6,80791681;1,86546493
6,81291681;2,33298445
6,81791681;2,79896641
6,82291681;1,86546493
6,82791681;1,86546493
6,83291681;1,39948320
6,83791681;1,39948320
6,84291681;1,86546493
6,84791681;1,86546493
6,85291681;0,46598175
6,85791681;1,86546493
6,86291681;1,39948320
6,86791681;1,39948320
6,87291681;1,39948320
6,87791681;2,33298445
6,88291681;1,86546493
6,88791681;0,93196350
6,89291681;1,39948320
6,89791681;1,39948320
6,90291681;1,39948320
6,90791681;1,39948320
6,91291681;0,93196350
6,91791681;1,39948320
6,92291681;2,33298445
6,92791681;1,86546493
6,93291681;2,33298445
6,93791681;1,86546493
6,94291681;1,39948320
6,94791681;2,79896641
6,95291681;2,33298445
6,95791681;2,33298445
6,96291681;1,39948320
6,96791681;1,86546493
6,97291681;2,33298445
6,97791681;0,93196350
6,98291681;1,86546493
6,98791681;1,86546493
6,99291681;2,79896641
6,99791681;1,86546493
7,00291681;1,39948320
7,00791681;1,86546493
7,01291681;1,86546493
7,01791681;1,86546493
7,02291681;1,39948320
7,02791681;2,79896641
7,03291681;1,86546493
7,03791681;1,86546493
7,04291681;2,79896641
7,04791681;2,79896641
7,05291681;3,26648593
7,05791680;2,79896641
7,06291680;2,33298445
7,06791680;3,26648593
7,07291680;2,79896641
7,07791680;3,26648593
7,08291680;3,26648593
7,08791680;3,73246789
7,09291680;3,26648593
7,09791680;3,26648593
7,10291680;3,73246789
7,10791680;4,19998741
7,11291680;3,73246789
7,11791680;3,26648593
7,12291680;3,73246789
7,12791680;4,19998741
7,13291680;3,73246789
7,13791680;4,66596889
7,14291680;4,19998741
7,14791680;2,79896641
7,15291680;4,19998741
7,15791680;3,73246789
7,16291680;3,26648593
7,16791680;4,19998741
7,17291680;3,73246789
7,17791680;3,73246789
7,18291680;3,73246789
7,18791680;3,73246789
7,19291680;3,73246789
7,19791680;3,73246789
7,20291680;3,26648593
7,20791680;3,73246789
7,21291680;3,73246789
7,21791680;3,26648593
7,22291680;3,73246789
7,22791680;3,73246789
7,23291680;3,73246789
7,23791680;5,13348866
7,24291680;3,73246789
7,24791680;3,26648593
7,25291680;3,26648593
7,25791680;3,26648593
7,26291680;3,73246789
7,26791680;3,26648593
7,27291680;3,73246789
7,27791680;3,26648593
7,28291680;1,39948320
7,28791680;3,26648593
7,29291680;2,79896641
7,29791680;2,79896641
7,30291680;1,86546493
7,30791680;2,79896641
7,31291680;2,33298445
7,31791680;1,86546493
7,32291680;3,26648593
7,32791680;2,79896641
7,33291680;2,79896641
7,33791680;3,26648593
7,34291680;2,33298445
7,34791680;1,86546493
7,35291680;1,86546493
7,35791680;2,79896641
7,36291680;2,33298445
7,36791680;2,33298445
7,37291680;2,79896641
7,37791680;2,79896641
7,38291680;2,33298445
7,38791680;2,79896641
7,39291680;2,79896641
7,39791680;2,79896641
7,40291680;3,26648593
7,40791680;3,26648593
7,41291680;1,86546493
7,41791680;3,26648593
7,42291680;3,73246789
7,42791680;3,26648593
7,43291680;2,79896641
7,43791680;3,26648593
7,44291680;3,26648593
7,44791680;3,73246789
7,45291679;2,79896641
7,45791679;3,73246789
7,46291679;4,19998741
7,46791679;3,26648593
7,47291679;3,26648593
7,47791679;4,19998741
7,48291679;3,73246789
7,48791679;4,66596889
7,49291679;5,13348866
7,49791679;4,66596889
7,50291679;4,19998741
7,50791679;4,19998741
7,51291679;4,66596889
7,51791679;4,66596889
7,52291679;6,06699038
7,52791679;5,13348866
7,53291679;5,13348866
7,53791679;5,13348866
7,54291679;5,59947062
7,54791679;6,53297186
7,55291679;5,13348866
7,55791679;5,13348866
7,56291679;4,66596889
7,56791679;5,59947062
7,57291679;6,06699038
7,57791679;5,13348866
7,58291679;6,06699038
7,58791679;5,59947062
7,59291679;6,06699038
7,59791679;5,59947062
7,60291679;5,59947062
7,60791679;4,66596889
7,61291679;6,06699038
7,61791679;5,59947062
7,62291679;5,13348866
7,62791679;5,13348866
7,63291679;5,13348866
7,63791679;5,13348866
7,64291679;5,13348866
7,64791679;5,59947062
7,65291679;4,66596889
7,65791679;4,19998741
7,66291679;5,13348866
7,66791679;4,66596889
7,67291679;5,59947062
7,67791679;4,66596889
7,68291679;5,13348866
7,68791679;5,13348866
7,69291679;4,19998741
7,69791679;5,13348866
7,70291679;4,66596889
7,70791679;4,19998741
7,71291679;4,66596889
7,71791679;4,19998741
7,72291679;4,19998741
7,72791679;4,19998741
7,73291679;3,26648593
7,73791679;5,13348866
7,74291679;4,66596889
7,74791679;5,13348866
7,75291679;4,66596889
7,75791679;5,13348866
7,76291679;4,66596889
7,76791679;4,66596889
7,77291679;4,66596889
7,77791679;5,59947062
7,78291679;4,66596889
7,78791679;4,66596889
7,79291679;5,13348866
7,79791679;4,66596889
7,80291679;6,06699038
7,80791679;4,66596889
7,81291679;5,13348866
7,81791679;5,59947062
7,82291679;5,13348866
7,82791679;5,59947062
7,83291679;4,66596889
7,83791679;5,13348866
7,84291679;5,13348866
7,84791678;5,59947062
7,85291678;5,13348866
7,85791678;5,13348866
7,86291678;4,66596889
7,86791678;5,13348866
7,87291678;6,06699038
7,87791678;5,59947062
7,88291678;5,59947062
7,88791678;6,06699038
7,89291678;5,59947062
7,89791678;6,53297186
7,90291678;5,59947062
7,90791678;6,06699038
7,91291678;5,59947062
7,91791678;5,13348866
7,92291678;5,59947062
7,92791678;5,13348866
7,93291678;5,59947062
7,93791678;5,59947062
7,94291678;5,13348866
7,94791678;5,13348866
7,95291678;5,59947062
7,95791678;6,06699038
7,96291678;6,06699038
7,96791678;5,59947062
7,97291678;6,06699038
7,97791678;5,59947062
7,98291678;6,06699038
7,98791678;7,00049162
7,99291678;6,06699038
7,99791678;5,59947062
8,00291678;6,53297186
8,00791678;7,00049162
8,01291678;6,53297186
8,01791678;6,53297186
8,02291678;6,53297186
8,02791678;7,00049162
8,03291678;6,06699038
8,03791678;7,00049162
8,04291678;6,53297186
8,04791678;6,53297186
8,05291678;7,00049162
8,05791678;7,00049162
8,06291678;7,00049162
8,06791678;7,00049162
8,07291678;6,53297186
8,07791678;6,53297186
8,08291678;6,06699038
8,08791678;7,00049162
8,09291678;7,46647358
8,09791678;7,00049162
8,10291678;7,93399334
8,10791678;7,46647358
8,11291678;7,46647358
8,11791678;7,46647358
8,12291678;7,93399334
8,12791678;7,46647358
8,13291678;7,46647358
8,13791678;7,93399334
8,14291678;7,46647358
8,14791678;6,53297186
8,15291678;8,39997482
8,15791678;7,93399334
8,16291678;7,46647358
8,16791678;7,00049162
8,17291678;7,46647358
8,17791678;7,00049162
8,18291678;7,00049162
8,18791678;7,46647358
8,19291678;7,46647358
8,19791678;7,00049162
8,20291678;3,73246789
8,20791678;7,46647358
8,21291678;7,00049162
8,21791678;7,46647358
8,22291678;6,53297186
8,22791678;7,00049162
8,23291678;6,53297186
8,23791678;7,00049162
8,24291678;6,06699038
8,24791677;7,00049162
8,25291677;6,53297186
8,25791677;7,00049162
8,26291677;7,46647358
8,26791677;6,53297186
8,27291677;8,39997482
8,27791677;7,00049162
8,28291677;6,06699038
8,28791677;7,46647358
8,29291677;7,00049162
8,29791677;7,00049162
8,30291677;7,46647358
8,30791677;7,46647358
8,31291677;6,53297186
8,31791677;6,06699038
8,32291677;7,00049162
8,32791677;7,00049162
8,33291677;7,93399334
8,33791677;6,53297186
8,34291677;7,00049162
8,34791677;6,53297186
8,35291677;6,06699038
8,35791677;6,06699038
8,36291677;7,00049162
8,36791677;7,46647358
8,37291677;7,46647358
8,37791677;6,06699038
8,38291677;6,06699038
8,38791677;6,53297186
8,39291677;7,46647358
8,39791677;6,06699038
8,40291677;7,00049162
8,40791677;7,46647358
8,41291677;7,00049162
8,41791677;7,00049162
8,42291677;7,00049162
8,42791677;6,53297186
8,43291677;6,06699038
8,43791677;7,00049162
8,44291677;6,53297186
8,44791677;6,53297186
8,45291677;6,06699038
8,45791677;6,53297186
8,46291677;7,00049162
8,46791677;6,53297186
8,47291677;6,53297186
8,47791677;7,00049162
8,48291677;7,00049162
8,48791677;7,46647358
8,49291677;6,53297186
8,49791677;7,46647358
8,50291677;7,00049162
8,50791677;6,53297186
8,51291677;6,53297186
8,51791677;6,53297186
8,52291677;6,53297186
8,52791677;6,53297186
8,53291677;6,53297186
8,53791677;5,13348866
8,54291677;5,59947062
8,54791677;5,59947062
8,55291677;6,53297186
8,55791677;6,06699038
8,56291677;5,59947062
8,56791677;6,06699038
8,57291677;5,13348866
8,57791677;6,06699038
8,58291677;6,53297186
8,58791677;5,59947062
8,59291677;6,53297186
8,59791677;6,06699038
8,60291677;7,00049162
8,60791677;7,00049162
8,61291677;6,53297186
8,61791677;6,53297186
8,62291677;6,06699038
8,62791677;6,53297186
8,63291677;6,53297186
8,63791677;7,00049162
8,64291676;6,06699038
8,64791676;6,53297186
8,65291676;7,00049162
8,65791676;7,46647358
8,66291676;7,93399334
8,66791676;7,46647358
8,67291676;7,93399334
8,67791676;7,00049162
8,68291676;7,93399334
8,68791676;7,00049162
8,69291676;8,39997482
8,69791676;6,53297186
8,70291676;7,46647358
8,70791676;7,46647358
8,71291676;7,00049162
8,71791676;7,46647358
8,72291676;7,46647358
8,72791676;7,46647358
8,73291676;7,46647358
8,73791676;7,46647358
8,74291676;7,93399334
8,74791676;8,86749458
8,75291676;7,00049162
8,75791676;7,46647358
8,76291676;7,00049162
8,76791676;7,93399334
8,77291676;8,86749458
8,77791676;7,46647358
8,78291676;8,39997482
8,78791676;7,46647358
8,79291676;7,46647358
8,79791676;7,46647358
8,80291676;7,46647358
8,80791676;8,39997482
8,81291676;7,46647358
8,81791676;8,39997482
8,82291676;7,46647358
8,82791676;7,93399334
8,83291676;8,39997482
8,83791676;7,46647358
8,84291676;7,00049162
8,84791676;7,46647358
8,85291676;7,00049162
8,85791676;7,00049162
8,86291676;7,46647358
8,86791676;7,46647358
8,87291676;7,46647358
8,87791676;7,00049162
8,88291676;7,00049162
8,88791676;7,46647358
8,89291676;7,00049162
8,89791676;7,46647358
8,90291676;7,46647358
8,90791676;7,46647358
8,91291676;7,00049162
8,91791676;4,66596889
8,92291676;6,53297186
8,92791676;7,93399334
8,93291676;7,46647358
8,93791676;6,06699038
8,94291676;6,53297186
8,94791676;6,53297186
8,95291676;7,00049162
8,95791676;7,00049162
8,96291676;6,06699038
8,96791676;6,53297186
8,97291676;6,53297186
8,97791676;6,53297186
8,98291676;7,46647358
8,98791676;7,93399334
8,99291676;7,00049162
8,99791676;7,46647358
9,00291676;6,53297186
9,00791676;7,46647358
9,01291676;6,53297186
9,01791676;7,00049162
9,02291676;6,53297186
9,02791676;7,46647358
9,03291676;7,00049162
9,03791675;6,53297186
9,04291675;6,53297186
9,04791675;6,53297186
9,05291675;7,00049162
9,05791675;6,53297186
9,06291675;6,53297186
9,06791675;7,00049162
9,07291675;6,53297186
9,07791675;7,00049162
9,08291675;6,53297186
9,08791675;6,53297186
9,09291675;6,06699038
9,09791675;6,06699038
9,10291675;7,46647358
9,10791675;7,00049162
9,11291675;6,53297186
9,11791675;7,93399334
9,12291675;7,93399334
9,12791675;7,46647358
9,13291675;7,00049162
9,13791675;7,46647358
9,14291675;7,00049162
9,14791675;7,93399334
9,15291675;7,00049162
9,15791675;7,00049162
9,16291675;6,53297186
9,16791675;7,46647358
9,17291675;7,46647358
9,17791675;7,00049162
9,18291675;6,53297186
9,18791675;6,06699038
9,19291675;7,00049162
9,19791675;6,06699038
9,20291675;7,00049162
9,20791675;7,00049162
9,21291675;7,00049162
9,21791675;7,46647358
9,22291675;7,00049162
9,22791675;6,53297186
9,23291675;7,46647358
9,23791675;7,00049162
9,24291675;7,46647358
9,24791675;7,00049162
9,25291675;7,00049162
9,25791675;7,00049162
9,26291675;6,53297186
9,26791675;7,93399334
9,27291675;6,53297186
9,27791675;6,53297186
9,28291675;7,46647358
9,28791675;7,00049162
9,29291675;7,93399334
9,29791675;7,46647358
9,30291675;7,46647358
9,30791675;7,46647358
9,31291675;6,53297186
9,31791675;7,46647358
9,32291675;6,06699038
9,32791675;7,00049162
9,33291675;6,53297186
9,33791675;7,00049162
9,34291675;6,53297186
9,34791675;6,06699038
9,35291675;6,53297186
9,35791675;6,06699038
9,36291675;6,53297186
9,36791675;7,00049162
9,37291675;6,53297186
9,37791675;6,53297186
9,38291675;6,53297186
9,38791675;6,53297186
9,39291675;6,06699038
9,39791675;6,53297186
9,40291675;5,59947062
9,40791675;6,06699038
9,41291675;5,59947062
9,41791675;6,53297186
9,42291675;6,53297186
9,42791675;6,06699038
9,43291674;6,06699038
9,43791674;6,53297186
9,44291674;7,46647358
9,44791674;6,53297186
9,45291674;6,06699038
9,45791674;6,53297186
9,46291674;7,00049162
9,46791674;6,06699038
9,47291674;6,53297186
9,47791674;5,59947062
9,48291674;6,06699038
9,48791674;6,06699038
9,49291674;6,06699038
9,49791674;5,59947062
9,50291674;6,53297186
9,50791674;5,13348866
9,51291674;6,06699038
9,51791674;5,13348866
9,52291674;6,06699038
9,52791674;5,59947062
9,53291674;5,13348866
9,53791674;5,59947062
9,54291674;6,53297186
9,54791674;4,66596889
9,55291674;5,59947062
9,55791674;7,00049162
9,56291674;4,66596889
9,56791674;5,13348866
9,57291674;5,59947062
9,57791674;4,66596889
9,58291674;4,66596889
9,58791674;4,66596889
9,59291674;4,19998741
9,59791674;4,19998741
9,60291674;6,06699038
9,60791674;5,59947062
9,61291674;5,13348866
9,61791674;4,19998741
9,62291674;5,59947062
9,62791674;4,19998741
9,63291674;4,66596889
9,63791674;4,66596889
9,64291674;4,66596889
9,64791674;5,13348866
9,65291674;5,13348866
9,65791674;4,66596889
9,66291674;5,13348866
9,66791674;5,59947062
9,67291674;4,66596889
9,67791674;4,19998741
9,68291674;5,13348866
9,68791674;5,13348866
9,69291674;5,13348866
9,69791674;4,66596889
9,70291674;4,19998741
9,70791674;5,13348866
9,71291674;4,66596889
9,71791674;5,13348866
9,72291674;5,13348866
9,72791674;4,66596889
9,73291674;5,13348866
9,73791674;4,66596889
9,74291674;4,66596889
9,74791674;3,73246789
9,75291674;5,13348866
9,75791674;5,13348866
9,76291674;6,06699038
9,76791674;4,66596889
9,77291674;4,19998741
9,77791674;5,13348866
9,78291674;4,66596889
9,78791674;4,66596889
9,79291674;5,13348866
9,79791674;4,19998741
9,80291674;4,66596889
9,80791674;4,19998741
9,81291674;4,19998741
9,81791674;4,66596889
9,82291674;4,19998741
9,82791673;5,13348866
9,83291673;3,73246789
9,83791673;3,73246789
9,84291673;4,66596889
9,84791673;3,73246789
9,85291673;3,73246789
9,85791673;5,59947062
9,86291673;3,73246789
9,86791673;3,26648593
9,87291673;3,26648593
9,87791673;2,79896641
9,88291673;3,73246789
9,88791673;3,26648593
9,89291673;2,79896641
9,89791673;4,19998741
9,90291673;3,26648593
9,90791673;2,79896641
9,91291673;3,26648593
9,91791673;3,26648593
9,92291673;4,66596889
9,92791673;2,79896641
9,93291673;3,26648593
9,93791673;2,33298445
9,94291673;2,33298445
9,94791673;2,33298445
9,95291673;2,33298445
9,95791673;2,33298445
9,96291673;3,26648593
9,96791673;2,33298445
9,97291673;2,79896641
9,97791673;1,86546493
9,98291673;2,33298445
9,98791673;1,86546493
9,99291673;1,39948320
9,99791673;1,39948320
10,00291673;0,93196350
10,00791673;0,93196350
10,01291673;1,39948320
10,01791673;-0,46598175
10,02291673;0,93196350
10,02791673;0,93196350
10,03291673;0,93196350
10,03791673;0,00000000
10,04291673;0,46598175
10,04791673;0,00000000
10,05291673;0,46598175
10,05791673;0,46598175
10,06291673;0,93196350
10,06791673;-1,39948320
10,07291673;0,46598175
10,07791673;0,46598175
10,08291673;0,46598175
10,08791673;0,46598175
10,09291673;0,46598175
10,09791673;0,00000000
10,10291673;0,46598175
10,10791673;0,46598175
10,11291673;0,93196350
10,11791673;0,46598175
10,12291673;0,46598175
10,12791673;0,00000000
10,13291673;-0,46598175
10,13791673;0,00000000
10,14291673;-0,93196350
10,14791673;-0,93196350
10,15291673;-0,93196350
10,15791673;0,00000000
10,16291673;0,46598175
10,16791673;0,00000000
10,17291673;0,93196350
10,17791673;0,00000000
10,18291673;0,46598175
10,18791673;0,46598175
10,19291673;0,00000000
10,19791673;0,00000000
10,20291673;0,00000000
10,20791673;-5,13348866
10,21291673;0,46598175
10,21791673;0,46598175
10,22291672;0,46598175
10,22791672;0,46598175
10,23291672;0,93196350
10,23791672;0,46598175
10,24291672;0,00000000
10,24791672;0,46598175
10,25291672;-0,46598175
10,25791672;0,00000000
10,26291672;0,00000000
10,26791672;0,46598175
10,27291672;-0,46598175
10,27791672;0,93196350
10,28291672;-0,46598175
10,28791672;-1,39948320
10,29291672;0,00000000
10,29791672;0,00000000
10,30291672;0,00000000
10,30791672;0,00000000
10,31291672;-0,93196350
10,31791672;-0,46598175
10,32291672;-0,46598175
10,32791672;0,00000000
10,33291672;-0,93196350
10,33791672;0,00000000
10,34291672;-0,93196350
10,34791672;-1,39948320
10,35291672;0,00000000
10,35791672;-0,93196350
10,36291672;-0,46598175
10,36791672;-0,93196350
10,37291672;-1,39948320
10,37791672;-1,39948320
10,38291672;-1,86546493
10,38791672;-0,46598175
10,39291672;-1,86546493
10,39791672;-1,86546493
10,40291672;-2,33298445
10,40791672;-1,39948320
10,41291672;-1,39948320
10,41791672;-1,39948320
10,42291672;-0,93196350
10,42791672;-2,33298445
10,43291672;-2,33298445
10,43791672;-2,33298445
10,44291672;-1,86546493
10,44791672;-1,86546493
10,45291672;-1,86546493
10,45791672;-3,26648593
10,46291672;-2,33298445
10,46791672;-3,26648593
10,47291672;-3,26648593
10,47791672;-2,79896641
10,48291672;-3,73246789
10,48791672;-3,26648593
10,49291672;-3,73246789
10,49791672;-3,26648593
10,50291672;-2,79896641
10,50791672;-2,79896641
10,51291672;-3,73246789
10,51791672;-3,73246789
10,52291672;-3,73246789
10,52791672;-3,26648593
10,53291672;-3,73246789
10,53791672;-4,19998741
10,54291672;-3,73246789
10,54791672;-3,73246789
10,55291672;-3,73246789
10,55791672;-3,26648593
10,56291672;-4,66596889
10,56791672;-4,66596889
10,57291672;-4,19998741
10,57791672;-5,13348866
10,58291672;-4,66596889
10,58791672;-4,19998741
10,59291672;-5,13348866
10,59791672;-3,73246789
10,60291672;-5,59947062
10,60791672;-4,66596889
10,61291672;-5,13348866
10,61791672;-5,13348866
10,62291671;-5,13348866
10,62791671;-4,66596889
10,63291671;-5,59947062
10,63791671;-5,13348866
10,64291671;-4,19998741
10,64791671;-5,59947062
10,65291671;-6,06699038
10,65791671;-5,59947062
10,66291671;-6,06699038
10,66791671;-5,13348866
10,67291671;-6,06699038
10,67791671;-5,13348866
10,68291671;-5,59947062
10,68791671;-5,59947062
10,69291671;-7,00049162
10,69791671;-6,53297186
10,70291671;-5,13348866
10,70791671;-6,06699038
10,71291671;-5,59947062
10,71791671;-5,13348866
10,72291671;-5,59947062
10,72791671;-6,53297186
10,73291671;-5,59947062
10,73791671;-6,06699038
10,74291671;-6,53297186
10,74791671;-5,59947062
10,75291671;-6,06699038
10,75791671;-6,06699038
10,76291671;-6,06699038
10,76791671;-5,59947062
10,77291671;-6,53297186
10,77791671;-7,46647358
10,78291671;-6,53297186
10,78791671;-6,53297186
10,79291671;-7,46647358
10,79791671;-7,00049162
10,80291671;-7,00049162
10,80791671;-6,53297186
10,81291671;-7,46647358
10,81791671;-7,00049162
10,82291671;-7,00049162
10,82791671;-7,00049162
10,83291671;-7,00049162
10,83791671;-7,00049162
10,84291671;-7,00049162
10,84791671;-7,00049162
10,85291671;-6,53297186
10,85791671;-7,00049162
10,86291671;-7,00049162
10,86791671;-7,00049162
10,87291671;-7,46647358
10,87791671;-7,00049162
10,88291671;-7,00049162
10,88791671;-7,46647358
10,89291671;-7,46647358
10,89791671;-6,53297186
10,90291671;-7,00049162
10,90791671;-7,46647358
10,91291671;-7,00049162
10,91791671;-7,00049162
10,92291671;-7,46647358
10,92791671;-7,00049162
10,93291671;-7,00049162
10,93791671;-6,53297186
10,94291671;-6,53297186
10,94791671;-7,00049162
10,95291671;-6,06699038
10,95791671;-7,00049162
10,96291671;-6,53297186
10,96791671;-7,00049162
10,97291671;-7,00049162
10,97791671;-6,06699038
10,98291671;-7,00049162
10,98791671;-5,59947062
10,99291671;-6,53297186
10,99791671;-7,00049162
11,00291671;-6,06699038
11,00791671;-7,00049162
11,01291671;-7,00049162
11,01791670;-6,53297186
11,02291670;-6,53297186
11,02791670;-6,53297186
11,03291670;-7,00049162
11,03791670;-6,53297186
11,04291670;-7,93399334
11,04791670;-7,46647358
11,05291670;-7,46647358
11,05791670;-7,93399334
11,06291670;-7,93399334
11,06791670;-7,46647358
11,07291670;-7,46647358
11,07791670;-7,00049162
11,08291670;-7,93399334
11,08791670;-7,46647358
11,09291670;-8,86749458
11,09791670;-8,86749458
11,10291670;-8,39997482
11,10791670;-7,93399334
11,11291670;-9,33347607
11,11791670;-8,86749458
11,12291670;-9,33347607
11,12791670;-8,86749458
11,13291670;-9,80099583
11,13791670;-8,86749458
11,14291670;-8,39997482
11,14791670;-7,93399334
11,15291670;-9,33347607
11,15791670;-9,80099583
11,16291670;-11,20047951
11,16791670;-10,26697731
11,17291670;-10,26697731
11,17791670;-10,73449707
11,18291670;-10,73449707
11,18791670;-9,80099583
11,19291670;-9,80099583
11,19791670;-10,73449707
11,20291670;-9,80099583
11,20791670;-11,66799831
11,21291670;-10,73449707
11,21791670;-10,26697731
11,22291670;-10,73449707
11,22791670;-10,26697731
11,23291670;-10,26697731
11,23791670;-11,20047951
11,24291670;-10,73449707
11,24791670;-10,73449707
11,25291670;-11,20047951
11,25791670;-10,73449707
11,26291670;-10,73449707
11,26791670;-11,20047951
11,27291670;-10,26697731
11,27791670;-9,80099583
11,28291670;-10,73449707
11,28791670;-9,80099583
11,29291670;-10,73449707
11,29791670;-10,73449707
11,30291670;-10,26697731
11,30791670;-10,73449707
11,31291670;-10,26697731
11,31791670;-10,26697731
11,32291670;-11,20047951
11,32791670;-10,73449707
11,33291670;-10,73449707
11,33791670;-11,20047951
11,34291670;-10,26697731
11,34791670;-10,26697731
11,35291670;-9,80099583
11,35791670;-10,73449707
11,36291670;-9,33347607
11,36791670;-9,80099583
11,37291670;-9,80099583
11,37791670;-10,73449707
11,38291670;-9,80099583
11,38791670;-8,39997482
11,39291670;-7,93399334
11,39791670;-8,86749458
11,40291670;-9,33347607
11,40791670;-8,86749458
11,41291669;-9,33347607
11,41791669;-9,33347607
11,42291669;-8,86749458
11,42791669;-9,33347607
11,43291669;-9,33347607
11,43791669;-9,33347607
11,44291669;-9,80099583
11,44791669;-8,86749458
11,45291669;-8,86749458
11,45791669;-9,33347607
11,46291669;-9,80099583
11,46791669;-9,80099583
11,47291669;-8,86749458
11,47791669;-9,33347607
11,48291669;-9,33347607
11,48791669;-9,33347607
11,49291669;-9,80099583
11,49791669;-9,33347607
11,50291669;-8,86749458
11,50791669;-9,33347607
11,51291669;-8,86749458
11,51791669;-9,80099583
11,52291669;-9,33347607
11,52791669;-8,86749458
11,53291669;-9,80099583
11,53791669;-10,26697731
11,54291669;-8,86749458
11,54791669;-9,80099583
11,55291669;-10,26697731
11,55791669;-9,80099583
11,56291669;-10,26697731
11,56791669;-8,86749458
11,57291669;-9,33347607
11,57791669;-9,80099583
11,58291669;-9,80099583
11,58791669;-9,80099583
11,59291669;-8,86749458
11,59791669;-9,80099583
11,60291669;-9,80099583
11,60791669;-8,86749458
11,61291669;-9,33347607
11,61791669;-9,80099583
11,62291669;-9,80099583
11,62791669;-9,80099583
11,63291669;-9,33347607
11,63791669;-9,33347607
11,64291669;-9,80099583
11,64791669;-9,33347607
11,65291669;-9,80099583
11,65791669;-9,80099583
11,66291669;-9,33347607
11,66791669;-9,33347607
11,67291669;-9,33347607
11,67791669;-9,33347607
11,68291669;-10,26697731
11,68791669;-10,26697731
11,69291669;-9,80099583
11,69791669;-10,26697731
11,70291669;-9,80099583
11,70791669;-9,80099583
11,71291669;-9,33347607
11,71791669;-10,26697731
11,72291669;-9,80099583
11,72791669;-8,86749458
11,73291669;-8,86749458
11,73791669;-8,86749458
11,74291669;-8,86749458
11,74791669;-9,33347607
11,75291669;-8,86749458
11,75791669;-9,33347607
11,76291669;-7,46647358
11,76791669;-8,86749458
11,77291669;-8,86749458
11,77791669;-9,33347607
11,78291669;-9,80099583
11,78791669;-9,80099583
11,79291669;-8,86749458
11,79791669;-9,33347607
11,80291669;-9,80099583
11,80791668;-9,80099583
11,81291668;-9,80099583
11,81791668;-9,80099583
11,82291668;-9,80099583
11,82791668;-9,80099583
11,83291668;-10,26697731
11,83791668;-10,26697731
11,84291668;-9,33347607
11,84791668;-9,33347607
11,85291668;-10,26697731
11,85791668;-9,33347607
11,86291668;-10,26697731
11,86791668;-8,86749458
11,87291668;-9,33347607
11,87791668;-9,33347607
11,88291668;-7,46647358
11,88791668;-8,86749458
11,89291668;-9,80099583
11,89791668;-9,33347607
11,90291668;-9,33347607
11,90791668;-9,33347607
11,91291668;-9,33347607
11,91791668;-8,86749458
11,92291668;-8,39997482
11,92791668;-8,86749458
11,93291668;-8,86749458
11,93791668;-8,86749458
11,94291668;-9,80099583
11,94791668;-9,33347607
11,95291668;-8,86749458
11,95791668;-9,33347607
11,96291668;-7,46647358
11,96791668;-9,33347607
11,97291668;-8,86749458
11,97791668;-9,80099583
11,98291668;-9,33347607
11,98791668;-7,93399334
11,99291668;-8,39997482
11,99791668;-8,39997482
12,00291668;-6,53297186
12,00791668;-8,39997482
12,01291668;-8,39997482
12,01791668;-8,86749458
12,02291668;-8,86749458
12,02791668;-9,33347607
12,03291668;-8,39997482
12,03791668;-9,33347607
12,04291668;-9,33347607
12,04791668;-8,39997482
12,05291668;-8,86749458
12,05791668;-8,86749458
12,06291668;-10,26697731
12,06791668;-8,39997482
12,07291668;-8,86749458
12,07791668;-8,39997482
12,08291668;-8,86749458
12,08791668;-9,80099583
12,09291668;-9,33347607
12,09791668;-8,86749458
12,10291668;-8,86749458
12,10791668;-9,80099583
12,11291668;-8,86749458
12,11791668;-9,80099583
12,12291668;-8,86749458
12,12791668;-8,39997482
12,13291668;-7,93399334
12,13791668;-8,86749458
12,14291668;-8,86749458
12,14791668;-8,86749458
12,15291668;-8,39997482
12,15791668;-8,86749458
12,16291668;-9,80099583
12,16791668;-9,33347607
12,17291668;-8,39997482
12,17791668;-9,33347607
12,18291668;-7,93399334
12,18791668;-9,33347607
12,19291668;-7,93399334
12,19791668;-9,80099583
12,20291667;-8,39997482
12,20791667;-9,33347607
12,21291667;-8,39997482
12,21791667;-8,39997482
12,22291667;-7,46647358
12,22791667;-8,39997482
12,23291667;-8,86749458
12,23791667;-8,86749458
12,24291667;-7,93399334
12,24791667;-8,39997482
12,25291667;-8,39997482
12,25791667;-8,39997482
12,26291667;-8,39997482
12,26791667;-7,46647358
12,27291667;-7,93399334
12,27791667;-8,39997482
12,28291667;-7,46647358
12,28791667;-7,93399334
12,29291667;-8,39997482
12,29791667;-7,93399334
12,30291667;-7,46647358
12,30791667;-8,86749458
12,31291667;-7,93399334
12,31791667;-8,39997482
12,32291667;-7,93399334
12,32791667;-7,93399334
12,33291667;-9,80099583
12,33791667;-8,39997482
12,34291667;-7,93399334
12,34791667;-7,46647358
12,35291667;-7,00049162
12,35791667;-7,93399334
12,36291667;-7,00049162
12,36791667;-7,93399334
12,37291667;-7,46647358
12,37791667;-3,73246789
12,38291667;-7,00049162
12,38791667;-7,46647358
12,39291667;-7,46647358
12,39791667;-7,93399334
12,40291667;-7,93399334
12,40791667;-8,39997482
12,41291667;-7,93399334
12,41791667;-7,46647358
12,42291667;-7,93399334
12,42791667;-7,93399334
12,43291667;-7,93399334
12,43791667;-8,39997482
12,44291667;-7,46647358
12,44791667;-7,46647358
12,45291667;-7,93399334
12,45791667;-8,39997482
12,46291667;-8,39997482
12,46791667;-6,53297186
12,47291667;-8,86749458
12,47791667;-8,39997482
12,48291667;-8,39997482
12,48791667;-8,86749458
12,49291667;-8,39997482
12,49791667;-8,86749458
12,50291667;-9,33347607
12,50791667;-9,33347607
12,51291667;-8,39997482
12,51791667;-8,86749458
12,52291667;-8,39997482
12,52791667;-8,39997482
12,53291667;-8,86749458
12,53791667;-8,86749458
12,54291667;-8,86749458
12,54791667;-8,39997482
12,55291667;-8,39997482
12,55791667;-8,86749458
12,56291667;-7,46647358
12,56791667;-8,39997482
12,57291667;-8,86749458
12,57791667;-9,80099583
12,58291667;-8,39997482
12,58791667;-8,86749458
12,59291667;-9,33347607
12,59791666;-9,33347607
12,60291666;-8,86749458
12,60791666;-9,33347607
12,61291666;-8,86749458
12,61791666;-8,86749458
12,62291666;-8,39997482
12,62791666;-8,39997482
12,63291666;-8,39997482
12,63791666;-8,86749458
12,64291666;-8,39997482
12,64791666;-7,93399334
12,65291666;-8,86749458
12,65791666;-7,93399334
12,66291666;-7,46647358
12,66791666;-7,00049162
12,67291666;-7,46647358
12,67791666;-7,46647358
12,68291666;-7,46647358
12,68791666;-7,93399334
12,69291666;-7,46647358
12,69791666;-7,93399334
12,70291666;-7,46647358
12,70791666;-7,93399334
12,71291666;-7,00049162
12,71791666;-7,93399334
12,72291666;-7,46647358
12,72791666;-6,06699038
12,73291666;-7,00049162
12,73791666;-7,46647358
12,74291666;-7,46647358
12,74791666;-7,00049162
12,75291666;-7,00049162
12,75791666;-7,46647358
12,76291666;-7,00049162
12,76791666;-7,00049162
12,77291666;-6,53297186
12,77791666;-6,53297186
12,78291666;-7,00049162
12,78791666;-6,06699038
12,79291666;-7,46647358
12,79791666;-6,53297186
12,80291666;-6,06699038
12,80791666;-7,00049162
12,81291666;-6,06699038
12,81791666;-1,86546493
12,82291666;-6,53297186
12,82791666;-5,59947062
12,83291666;-6,53297186
12,83791666;-6,06699038
12,84291666;-6,53297186
12,84791666;-6,53297186
12,85291666;7,93399334
12,85791666;-6,06699038
12,86291666;-6,06699038
12,86791666;-6,06699038
12,87291666;-6,06699038
12,87791666;-6,53297186
12,88291666;-6,06699038
12,88791666;-5,59947062
12,89291666;-7,00049162
12,89791666;-6,53297186
12,90291666;-6,53297186
12,90791666;-5,59947062
12,91291666;-6,53297186
12,91791666;-6,06699038
12,92291666;-5,59947062
12,92791666;-6,06699038
12,93291666;-5,59947062
12,93791666;-5,13348866
12,94291666;-6,06699038
12,94791666;-5,59947062
12,95291666;-6,06699038
12,95791666;-6,06699038
12,96291666;-2,79896641
12,96791666;-5,13348866
12,97291666;-6,06699038
12,97791666;-6,06699038
12,98291666;-5,13348866
12,98791666;-5,59947062
12,99291666;-6,06699038
12,99791665;-5,59947062
13,00291665;-5,59947062
13,00791665;-6,06699038
13,01291665;-5,59947062
13,01791665;-6,06699038
13,02291665;-6,06699038
13,02791665;-5,59947062
13,03291665;-5,59947062
13,03791665;-6,53297186
13,04291665;-5,13348866
13,04791665;-5,59947062
13,05291665;-5,59947062
13,05791665;-6,06699038
13,06291665;-6,06699038
13,06791665;-6,06699038
13,07291665;-5,13348866
13,07791665;-4,66596889
13,08291665;-5,59947062
13,08791665;-5,59947062
13,09291665;-4,66596889
13,09791665;-4,66596889
13,10291665;-4,66596889
13,10791665;-5,13348866
13,11291665;-5,13348866
13,11791665;-5,59947062
13,12291665;-5,13348866
13,12791665;-3,73246789
13,13291665;-5,59947062
13,13791665;-5,59947062
13,14291665;-5,13348866
13,14791665;-5,59947062
13,15291665;-5,59947062
13,15791665;-5,13348866
13,16291665;-4,66596889
13,16791665;-5,59947062
13,17291665;-4,66596889
13,17791665;-5,59947062
13,18291665;-5,13348866
13,18791665;-5,13348866
13,19291665;-6,06699038
13,19791665;-4,66596889
13,20291665;-5,13348866
13,20791665;-4,66596889
13,21291665;-5,59947062
13,21791665;-5,13348866
13,22291665;-4,66596889
13,22791665;-3,73246789
13,23291665;-4,66596889
13,23791665;-4,66596889
13,24291665;-5,13348866
13,24791665;-5,13348866
13,25291665;-4,66596889
13,25791665;-5,13348866
13,26291665;-4,66596889
13,26791665;-4,66596889
13,27291665;-5,13348866
13,27791665;-5,13348866
13,28291665;-5,13348866
13,28791665;-5,13348866
13,29291665;-4,66596889
13,29791665;-3,73246789
13,30291665;-4,19998741
13,30791665;-5,59947062
13,31291665;-5,13348866
13,31791665;-4,66596889
13,32291665;-5,13348866
13,32791665;-4,19998741
13,33291665;-4,66596889
13,33791665;-4,66596889
13,34291665;-4,19998741
13,34791665;-4,66596889
13,35291665;-4,19998741
13,35791665;-4,19998741
13,36291665;-4,19998741
13,36791665;-4,66596889
13,37291665;-4,19998741
13,37791665;-4,66596889
13,38291665;-3,73246789
13,38791665;-3,73246789
13,39291664;-3,73246789
13,39791664;-3,73246789
13,40291664;-2,33298445
13,40791664;-2,79896641
13,41291664;-3,26648593
13,41791664;-3,26648593
13,42291664;-3,26648593
13,42791664;-2,79896641
13,43291664;-4,66596889
13,43791664;-2,79896641
13,44291664;-2,33298445
13,44791664;-2,33298445
13,45291664;-2,33298445
13,45791664;-2,33298445
13,46291664;-1,86546493
13,46791664;-2,33298445
13,47291664;-1,39948320
13,47791664;-2,33298445
13,48291664;-0,93196350
13,48791664;-0,93196350
13,49291664;-0,93196350
13,49791664;-1,39948320
13,50291664;-0,93196350
13,50791664;-1,86546493
13,51291664;-2,79896641
13,51791664;-1,39948320
13,52291664;-1,39948320
13,52791664;-0,93196350
13,53291664;-0,93196350
13,53791664;-0,93196350
13,54291664;-1,39948320
13,54791664;-1,39948320
13,55291664;-0,46598175
13,55791664;-1,39948320
13,56291664;-0,46598175
13,56791664;-1,39948320
13,57291664;0,00000000
13,57791664;-1,39948320
13,58291664;0,46598175
13,58791664;-0,46598175
13,59291664;0,00000000
13,59791664;-0,93196350
13,60291664;-1,39948320
13,60791664;-0,93196350
13,61291664;-0,46598175
13,61791664;-0,46598175
13,62291664;-0,93196350
13,62791664;-1,39948320
13,63291664;3,73246789
13,63791664;-0,46598175
13,64291664;-0,93196350
13,64791664;-0,93196350
13,65291664;0,00000000
13,65791664;-0,93196350
13,66291664;-0,93196350
13,66791664;-1,39948320
13,67291664;-0,93196350
13,67791664;-1,39948320
13,68291664;-1,86546493
13,68791664;-0,93196350
13,69291664;-0,46598175
13,69791664;-1,39948320
13,70291664;0,46598175
13,70791664;-0,46598175
13,71291664;-0,93196350
13,71791664;-1,39948320
13,72291664;-1,39948320
13,72791664;-1,39948320
13,73291664;-1,86546493
13,73791664;-0,93196350
13,74291664;-1,86546493
13,74791664;-0,46598175
13,75291664;-0,93196350
13,75791664;-2,79896641
13,76291664;-1,39948320
13,76791664;-1,39948320
13,77291664;-0,93196350
13,77791664;0,46598175
13,78291664;-1,39948320
13,78791663;-1,86546493
13,79291663;-1,86546493
13,79791663;-1,39948320
13,80291663;-0,93196350
13,80791663;-1,39948320
13,81291663;-1,39948320
13,81791663;-1,86546493
13,82291663;0,93196350
13,82791663;-1,39948320
13,83291663;-2,33298445
13,83791663;-1,39948320
13,84291663;0,00000000
13,84791663;-1,39948320
13,85291663;-0,46598175
13,85791663;-0,93196350
13,86291663;-0,46598175
13,86791663;-0,93196350
13,87291663;-0,93196350
13,87791663;-0,46598175
13,88291663;0,00000000
13,88791663;-0,46598175
13,89291663;-1,39948320
13,89791663;0,00000000
13,90291663;-0,46598175
13,90791663;0,00000000
13,91291663;-0,93196350
13,91791663;0,00000000
13,92291663;0,46598175
13,92791663;0,46598175
13,93291663;0,46598175
13,93791663;1,39948320
13,94291663;0,46598175
13,94791663;0,46598175
13,95291663;0,46598175
13,95791663;1,39948320
13,96291663;1,39948320
13,96791663;1,39948320
13,97291663;0,93196350
13,97791663;0,93196350
13,98291663;1,86546493
13,98791663;1,39948320
13,99291663;1,86546493
13,99791663;1,39948320
14,00291663;1,86546493
14,00791663;1,39948320
14,01291663;2,33298445
14,01791663;1,39948320
14,02291663;1,39948320
14,02791663;1,39948320
14,03291663;-1,86546493
14,03791663;0,93196350
14,04291663;2,33298445
14,04791663;1,39948320
14,05291663;1,86546493
14,05791663;1,39948320
14,06291663;1,39948320
14,06791663;1,39948320
14,07291663;1,86546493
14,07791663;2,33298445
14,08291663;1,86546493
14,08791663;1,39948320
14,09291663;1,86546493
14,09791663;1,86546493
14,10291663;0,93196350
14,10791663;1,39948320
14,11291663;1,39948320
14,11791663;0,93196350
14,12291663;1,86546493
14,12791663;1,39948320
14,13291663;0,93196350
14,13791663;0,93196350
14,14291663;1,39948320
14,14791663;0,93196350
14,15291663;0,93196350
14,15791663;1,39948320
14,16291663;1,39948320
14,16791663;0,46598175
14,17291663;0,93196350
14,17791663;1,39948320
14,18291662;0,93196350
14,18791662;0,93196350
14,19291662;0,93196350
14,19791662;1,39948320
14,20291662;0,46598175
14,20791662;0,93196350
14,21291662;0,46598175
14,21791662;0,46598175
14,22291662;0,46598175
14,22791662;0,46598175
14,23291662;0,93196350
14,23791662;0,46598175
14,24291662;0,93196350
14,24791662;-0,46598175
14,25291662;0,00000000
14,25791662;0,46598175
14,26291662;0,46598175
14,26791662;-0,93196350
14,27291662;0,00000000
14,27791662;0,46598175
14,28291662;0,00000000
14,28791662;-0,46598175
14,29291662;0,00000000
14,29791662;0,46598175
14,30291662;0,93196350
14,30791662;0,46598175
14,31291662;0,46598175
14,31791662;0,00000000
14,32291662;0,93196350
14,32791662;1,39948320
14,33291662;1,39948320
14,33791662;1,86546493
14,34291662;0,93196350
14,34791662;1,39948320
14,35291662;1,39948320
14,35791662;0,93196350
14,36291662;2,33298445
14,36791662;0,93196350
14,37291662;1,86546493
14,37791662;1,39948320
14,38291662;1,86546493
14,38791662;1,39948320
14,39291662;1,86546493
14,39791662;0,93196350
14,40291662;1,86546493
14,40791662;1,86546493
14,41291662;2,33298445
14,41791662;2,33298445
14,42291662;2,33298445
14,42791662;2,33298445
14,43291662;2,33298445
14,43791662;2,79896641
14,44291662;3,26648593
14,44791662;2,79896641
14,45291662;2,79896641
14,45791662;2,79896641
14,46291662;3,26648593
14,46791662;5,59947062
14,47291662;3,26648593
14,47791662;2,79896641
14,48291662;3,26648593
14,48791662;2,79896641
14,49291662;3,26648593
14,49791662;3,73246789
14,50291662;4,66596889
14,50791662;3,73246789
14,51291662;3,26648593
14,51791662;2,79896641
14,52291662;4,19998741
14,52791662;4,19998741
14,53291662;4,66596889
14,53791662;3,73246789
14,54291662;4,66596889
14,54791662;4,66596889
14,55291662;3,73246789
14,55791662;3,26648593
14,56291662;3,73246789
14,56791662;4,19998741
14,57291662;4,19998741
14,57791661;3,73246789
14,58291661;4,19998741
14,58791661;3,73246789
14,59291661;4,19998741
14,59791661;3,73246789
14,60291661;4,66596889
14,60791661;4,66596889
14,61291661;3,73246789
14,61791661;3,26648593
14,62291661;4,19998741
14,62791661;3,73246789
14,63291661;3,73246789
14,63791661;3,26648593
14,64291661;3,73246789
14,64791661;4,66596889
14,65291661;4,19998741
14,65791661;4,66596889
14,66291661;4,19998741
14,66791661;6,06699038
14,67291661;5,13348866
14,67791661;4,19998741
14,68291661;4,66596889
14,68791661;4,66596889
14,69291661;4,19998741
14,69791661;5,13348866
14,70291661;3,26648593
14,70791661;5,13348866
14,71291661;4,66596889
14,71791661;4,66596889
14,72291661;4,19998741
14,72791661;3,73246789
14,73291661;4,66596889
14,73791661;3,73246789
14,74291661;4,66596889
14,74791661;3,73246789
14,75291661;4,19998741
14,75791661;4,66596889
14,76291661;5,13348866
14,76791661;3,73246789
14,77291661;4,19998741
14,77791661;4,66596889
14,78291661;4,19998741
14,78791661;4,19998741
14,79291661;4,66596889
14,79791661;4,19998741
14,80291661;4,66596889
14,80791661;4,66596889
14,81291661;5,59947062
14,81791661;4,19998741
14,82291661;4,66596889
14,82791661;5,59947062
14,83291661;5,13348866
14,83791661;5,13348866
14,84291661;6,06699038
14,84791661;6,06699038
14,85291661;5,59947062
14,85791661;6,53297186
14,86291661;4,19998741
14,86791661;5,59947062
14,87291661;6,06699038
14,87791661;6,53297186
14,88291661;6,53297186
14,88791661;5,13348866
14,89291661;6,06699038
14,89791661;6,06699038
14,90291661;7,00049162
14,90791661;7,00049162
14,91291661;6,53297186
14,91791661;5,59947062
14,92291661;6,06699038
14,92791661;6,53297186
14,93291661;6,53297186
14,93791661;4,66596889
14,94291661;6,06699038
14,94791661;6,53297186
14,95291661;7,00049162
14,95791661;6,53297186
14,96291661;6,53297186
14,96791661;6,06699038
14,97291660;7,00049162
14,97791660;6,53297186
14,98291660;6,06699038
14,98791660;6,53297186
14,99291660;6,53297186
14,99791660;6,53297186
15,00291660;6,53297186
15,00791660;6,06699038
15,01291660;7,46647358
15,01791660;7,00049162
15,02291660;7,00049162
15,02791660;7,46647358
15,03291660;6,06699038
15,03791660;7,00049162
15,04291660;7,00049162
15,04791660;7,00049162
15,05291660;6,53297186
15,05791660;6,53297186
15,06291660;6,53297186
15,06791660;5,59947062
15,07291660;5,59947062
15,07791660;6,06699038
15,08291660;6,53297186
15,08791660;6,53297186
15,09291660;7,00049162
15,09791660;7,46647358
15,10291660;7,46647358
15,10791660;7,93399334
15,11291660;7,93399334
15,11791660;6,53297186
15,12291660;7,46647358
15,12791660;8,86749458
15,13291660;7,93399334
15,13791660;7,46647358
15,14291660;7,93399334
15,14791660;7,93399334
15,15291660;7,46647358
15,15791660;7,93399334
15,16291660;7,00049162
15,16791660;7,46647358
15,17291660;7,46647358
15,17791660;7,00049162
15,18291660;7,00049162
15,18791660;7,00049162
15,19291660;7,46647358
15,19791660;8,39997482
15,20291660;7,46647358
15,20791660;7,46647358
15,21291660;7,93399334
15,21791660;7,00049162
15,22291660;8,39997482
15,22791660;7,93399334
15,23291660;7,93399334
15,23791660;7,93399334
15,24291660;8,39997482
15,24791660;8,39997482
15,25291660;7,93399334
15,25791660;8,86749458
15,26291660;8,86749458
15,26791660;8,86749458
15,27291660;8,39997482
15,27791660;7,93399334
15,28291660;8,39997482
15,28791660;8,39997482
15,29291660;7,93399334
15,29791660;7,93399334
15,30291660;8,86749458
15,30791660;7,93399334
15,31291660;7,93399334
15,31791660;8,86749458
15,32291660;8,86749458
15,32791660;6,06699038
15,33291660;8,39997482
15,33791660;7,93399334
15,34291660;8,39997482
15,34791660;8,86749458
15,35291660;8,39997482
15,35791660;8,86749458
15,36291660;7,46647358
15,36791660;8,86749458
15,37291659;9,33347607
15,37791659;9,33347607
15,38291659;8,86749458
15,38791659;9,33347607
15,39291659;9,80099583
15,39791659;9,33347607
15,40291659;8,86749458
15,40791659;9,80099583
15,41291659;9,33347607
15,41791659;9,80099583
15,42291659;8,86749458
15,42791659;8,86749458
15,43291659;9,80099583
15,43791659;9,33347607
15,44291659;9,33347607
15,44791659;9,33347607
15,45291659;9,33347607
15,45791659;9,33347607
15,46291659;9,33347607
15,46791659;10,26697731
15,47291659;9,80099583
15,47791659;9,80099583
15,48291659;9,80099583
15,48791659;10,26697731
15,49291659;9,33347607
15,49791659;9,80099583
15,50291659;9,80099583
15,50791659;10,73449707
15,51291659;9,80099583
15,51791659;11,66799831
15,52291659;7,00049162
15,52791659;11,66799831
15,53291659;10,26697731
15,53791659;9,80099583
15,54291659;8,86749458
15,54791659;9,80099583
15,55291659;10,26697731
15,55791659;9,80099583
15,56291659;9,33347607
15,56791659;10,26697731
15,57291659;9,80099583
15,57791659;10,26697731
15,58291659;10,26697731
15,58791659;10,26697731
15,59291659;9,80099583
15,59791659;9,33347607
15,60291659;9,80099583
15,60791659;9,80099583
15,61291659;9,80099583
15,61791659;9,33347607
15,62291659;9,33347607
15,62791659;10,26697731
15,63291659;8,86749458
15,63791659;9,80099583
15,64291659;8,86749458
15,64791659;9,80099583
15,65291659;9,80099583
15,65791659;10,26697731
15,66291659;9,80099583
15,66791659;9,80099583
15,67291659;9,80099583
15,67791659;9,80099583
15,68291659;9,80099583
15,68791659;9,80099583
15,69291659;9,80099583
15,69791659;10,26697731
15,70291659;10,73449707
15,70791659;10,26697731
15,71291659;10,73449707
15,71791659;10,73449707
15,72291659;10,73449707
15,72791659;8,39997482
15,73291659;10,26697731
15,73791659;11,20047951
15,74291659;10,73449707
15,74791659;11,20047951
15,75291659;10,26697731
15,75791659;11,20047951
15,76291659;10,73449707
15,76791658;11,20047951
15,77291658;11,66799831
15,77791658;11,20047951
15,78291658;11,66799831
15,78791658;11,66799831
15,79291658;10,73449707
15,79791658;10,73449707
15,80291658;10,26697731
15,80791658;11,20047951
15,81291658;10,73449707
15,81791658;10,73449707
15,82291658;10,73449707
15,82791658;15,86798668
15,83291658;10,26697731
15,83791658;10,73449707
15,84291658;10,26697731
15,84791658;10,73449707
15,85291658;9,80099583
15,85791658;10,73449707
15,86291658;9,80099583
15,86791658;9,80099583
15,87291658;9,80099583
15,87791658;9,80099583
15,88291658;9,80099583
15,88791658;9,80099583
15,89291658;9,33347607
15,89791658;8,39997482
15,90291658;9,33347607
15,90791658;9,80099583
15,91291658;8,86749458
15,91791658;10,26697731
15,92291658;8,39997482
15,92791658;8,39997482
15,93291658;8,86749458
15,93791658;8,39997482
15,94291658;8,39997482
15,94791658;7,93399334
15,95291658;8,86749458
15,95791658;7,93399334
15,96291658;7,93399334
15,96791658;8,39997482
15,97291658;7,00049162
15,97791658;7,46647358
15,98291658;7,00049162
15,98791658;7,93399334
15,99291658;7,93399334
15,99791658;8,39997482
16,00291658;7,93399334
16,00791658;8,39997482
16,01291658;7,93399334
16,01791658;7,93399334
16,02291658;7,93399334
16,02791658;7,93399334
16,03291658;7,00049162
16,03791658;7,93399334
16,04291658;7,46647358
16,04791658;8,39997482
16,05291658;7,46647358
16,05791658;6,53297186
16,06291658;7,93399334
16,06791658;7,46647358
16,07291658;7,46647358
16,07791658;7,46647358
16,08291658;7,93399334
16,08791658;7,00049162
16,09291658;7,46647358
16,09791658;7,46647358
16,10291658;9,33347607
16,10791658;7,93399334
16,11291658;7,00049162
16,11791658;7,46647358
16,12291658;7,00049162
16,12791658;7,93399334
16,13291658;6,53297186
16,13791658;7,46647358
16,14291658;7,00049162
16,14791658;7,93399334
16,15291658;6,53297186
16,15791658;7,46647358
16,16291657;7,00049162
16,16791657;7,93399334
16,17291657;7,93399334
16,17791657;6,53297186
16,18291657;7,00049162
16,18791657;7,00049162
16,19291657;7,46647358
16,19791657;7,00049162
16,20291657;7,00049162
16,20791657;7,00049162
16,21291657;7,46647358
16,21791657;7,00049162
16,22291657;7,46647358
16,22791657;7,00049162
16,23291657;6,53297186
16,23791657;7,46647358
16,24291657;7,00049162
16,24791657;7,46647358
16,25291657;6,53297186
16,25791657;7,46647358
16,26291657;7,46647358
16,26791657;7,00049162
16,27291657;6,53297186
16,27791657;8,39997482
16,28291657;7,46647358
16,28791657;7,00049162
16,29291657;6,53297186
16,29791657;6,53297186
16,30291657;7,00049162
16,30791657;7,00049162
16,31291657;6,53297186
16,31791657;7,93399334
16,32291657;6,53297186
16,32791657;7,00049162
16,33291657;5,13348866
16,33791657;6,53297186
16,34291657;6,53297186
16,34791657;6,53297186
16,35291657;6,53297186
16,35791657;6,53297186
16,36291657;13,53500175
16,36791657;6,06699038
16,37291657;6,06699038
16,37791657;6,53297186
16,38291657;5,59947062
16,38791657;5,59947062
16,39291657;5,59947062
16,39791657;5,59947062
16,40291657;6,06699038
16,40791657;6,06699038
16,41291657;6,06699038
16,41791657;6,06699038
16,42291657;5,13348866
16,42791657;5,59947062
16,43291657;5,59947062
16,43791657;5,13348866
16,44291657;3,26648593
16,44791657;5,59947062
16,45291657;5,13348866
16,45791657;5,59947062
16,46291657;5,13348866
16,46791657;5,13348866
16,47291657;5,13348866
16,47791657;5,59947062
16,48291657;5,13348866
16,48791657;6,06699038
16,49291657;5,13348866
16,49791657;5,13348866
16,50291657;3,26648593
16,50791657;5,13348866
16,51291657;4,66596889
16,51791657;3,26648593
16,52291657;4,19998741
16,52791657;4,19998741
16,53291657;5,13348866
16,53791657;4,19998741
16,54291657;4,66596889
16,54791657;4,66596889
16,55291657;4,19998741
16,55791656;4,66596889
16,56291656;4,19998741
16,56791656;4,19998741
16,57291656;5,13348866
16,57791656;5,59947062
16,58291656;4,66596889
16,58791656;4,19998741
16,59291656;4,66596889
16,59791656;4,19998741
16,60291656;4,19998741
16,60791656;4,66596889
16,61291656;5,13348866
16,61791656;4,66596889
16,62291656;4,19998741
16,62791656;4,19998741
16,63291656;4,19998741
16,63791656;4,66596889
16,64291656;4,19998741
16,64791656;3,73246789
16,65291656;3,73246789
16,65791656;4,19998741
16,66291656;4,19998741
16,66791656;3,73246789
16,67291656;3,73246789
16,67791656;2,79896641
16,68291656;3,26648593
16,68791656;3,26648593
16,69291656;3,26648593
16,69791656;4,19998741
16,70291656;2,79896641
16,70791656;3,73246789
16,71291656;2,79896641
16,71791656;2,33298445
16,72291656;3,26648593
16,72791656;3,73246789
16,73291656;3,26648593
16,73791656;3,26648593
16,74291656;3,26648593
16,74791656;3,26648593
16,75291656;3,26648593
16,75791656;3,26648593
16,76291656;2,79896641
16,76791656;2,79896641
16,77291656;4,19998741
16,77791656;4,19998741
16,78291656;3,73246789
16,78791656;2,79896641
16,79291656;4,19998741
16,79791656;3,26648593
16,80291656;3,26648593
16,80791656;4,19998741
16,81291656;3,73246789
16,81791656;4,19998741
16,82291656;3,26648593
16,82791656;3,26648593
16,83291656;8,86749458
16,83791656;3,26648593
16,84291656;3,26648593
16,84791656;3,26648593
16,85291656;3,73246789
16,85791656;4,19998741
16,86291656;3,26648593
16,86791656;5,13348866
16,87291656;3,73246789
16,87791656;3,26648593
16,88291656;4,19998741
16,88791656;3,26648593
16,89291656;3,26648593
16,89791656;4,19998741
16,90291656;3,26648593
16,90791656;4,19998741
16,91291656;3,73246789
16,91791656;4,66596889
16,92291656;3,73246789
16,92791656;3,26648593
16,93291656;1,86546493
16,93791656;3,26648593
16,94291656;3,73246789
16,94791656;3,73246789
16,95291655;2,79896641
16,95791655;4,19998741
16,96291655;3,26648593
16,96791655;3,26648593
16,97291655;3,73246789
16,97791655;4,19998741
16,98291655;3,73246789
16,98791655;3,73246789
16,99291655;3,73246789
16,99791655;4,66596889
17,00291655;3,26648593
17,00791655;3,26648593
17,01291655;3,73246789
17,01791655;3,26648593
17,02291655;3,26648593
17,02791655;2,79896641
17,03291655;3,73246789
17,03791655;5,13348866
17,04291655;2,79896641
17,04791655;2,79896641
17,05291655;2,33298445
17,05791655;2,33298445
17,06291655;2,33298445
17,06791655;2,33298445
17,07291655;0,46598175
17,07791655;2,33298445
17,08291655;1,86546493
17,08791655;1,86546493
17,09291655;1,39948320
17,09791655;1,86546493
17,10291655;2,33298445
17,10791655;3,26648593
17,11291655;1,86546493
17,11791655;1,86546493
17,12291655;1,39948320
17,12791655;1,86546493
17,13291655;2,33298445
17,13791655;2,79896641
17,14291655;1,39948320
17,14791655;1,86546493
17,15291655;1,86546493
17,15791655;1,86546493
17,16291655;1,86546493
17,16791655;2,33298445
17,17291655;2,79896641
17,17791655;1,86546493
17,18291655;2,33298445
17,18791655;1,86546493
17,19291655;1,86546493
17,19791655;1,39948320
17,20291655;1,86546493
17,20791655;2,33298445
17,21291655;1,86546493
17,21791655;1,86546493
17,22291655;1,39948320
17,22791655;1,39948320
17,23291655;1,39948320
17,23791655;2,79896641
17,24291655;1,86546493
17,24791655;0,93196350
17,25291655;1,39948320
17,25791655;1,39948320
17,26291655;1,86546493
17,26791655;1,39948320
17,27291655;2,79896641
17,27791655;2,33298445
17,28291655;2,33298445
17,28791655;2,79896641
17,29291655;2,79896641
17,29791655;2,33298445
17,30291655;-7,00049162
17,30791655;2,79896641
17,31291655;1,86546493
17,31791655;3,73246789
17,32291655;2,33298445
17,32791655;2,79896641
17,33291655;2,33298445
17,33791655;2,79896641
17,34291655;2,79896641
17,34791654;2,79896641
17,35291654;1,86546493
17,35791654;2,33298445
17,36291654;2,33298445
17,36791654;1,86546493
17,37291654;2,33298445
17,37791654;2,33298445
17,38291654;2,33298445
17,38791654;1,39948320
17,39291654;2,33298445
17,39791654;1,86546493
17,40291654;1,39948320
17,40791654;1,39948320
17,41291654;2,33298445
17,41791654;1,86546493
17,42291654;1,86546493
17,42791654;2,33298445
17,43291654;2,33298445
17,43791654;1,86546493
17,44291654;1,86546493
17,44791654;2,33298445
17,45291654;2,33298445
17,45791654;2,33298445
17,46291654;1,39948320
17,46791654;2,33298445
17,47291654;2,33298445
17,47791654;2,79896641
17,48291654;1,86546493
17,48791654;1,86546493
17,49291654;2,33298445
17,49791654;2,33298445
17,50291654;2,33298445
17,50791654;1,86546493
17,51291654;1,86546493
17,51791654;1,39948320
17,52291654;1,39948320
17,52791654;1,39948320
17,53291654;1,39948320
17,53791654;1,86546493
17,54291654;0,46598175
17,54791654;1,39948320
17,55291654;0,93196350
17,55791654;1,86546493
17,56291654;1,86546493
17,56791654;0,93196350
17,57291654;-5,59947062
17,57791654;2,33298445
17,58291654;2,79896641
17,58791654;2,33298445
17,59291654;2,33298445
17,59791654;3,26648593
17,60291654;1,86546493
17,60791654;2,33298445
17,61291654;2,79896641
17,61791654;2,79896641
17,62291654;2,79896641
17,62791654;2,79896641
17,63291654;2,79896641
17,63791654;2,79896641
17,64291654;2,33298445
17,64791654;1,39948320
17,65291654;2,79896641
17,65791654;1,86546493
17,66291654;2,79896641
17,66791654;1,86546493
17,67291654;1,39948320
17,67791654;0,93196350
17,68291654;1,86546493
17,68791654;0,93196350
17,69291654;0,93196350
17,69791654;0,93196350
17,70291654;0,93196350
17,70791654;0,93196350
17,71291654;0,46598175
17,71791654;2,33298445
17,72291654;0,93196350
17,72791654;1,86546493
17,73291654;0,46598175
17,73791654;0,93196350
17,74291654;1,39948320
17,74791653;2,33298445
17,75291653;1,86546493
17,75791653;1,39948320
17,76291653;1,39948320
17,76791653;1,39948320
17,77291653;1,39948320
17,77791653;1,86546493
17,78291653;1,86546493
17,78791653;1,86546493
17,79291653;1,39948320
17,79791653;1,39948320
17,80291653;0,46598175
17,80791653;0,93196350
17,81291653;0,93196350
17,81791653;0,93196350
17,82291653;0,46598175
17,82791653;1,86546493
17,83291653;1,39948320
17,83791653;0,93196350
17,84291653;1,86546493
17,84791653;1,39948320
17,85291653;1,39948320
17,85791653;0,46598175
17,86291653;0,00000000
17,86791653;0,93196350
17,87291653;0,00000000
17,87791653;0,46598175
17,88291653;0,46598175
17,88791653;0,93196350
17,89291653;0,93196350
17,89791653;0,00000000
17,90291653;0,46598175
17,90791653;0,93196350
17,91291653;0,93196350
17,91791653;0,00000000
17,92291653;1,39948320
17,92791653;-0,46598175
17,93291653;1,39948320
17,93791653;0,46598175
17,94291653;0,93196350
17,94791653;0,46598175
17,95291653;0,46598175
17,95791653;-0,46598175
17,96291653;0,93196350
17,96791653;0,46598175
17,97291653;0,93196350
17,97791653;0,93196350
17,98291653;0,46598175
17,98791653;0,46598175
17,99291653;-0,46598175
17,99791653;0,00000000
18,00291653;0,46598175
18,00791653;0,00000000
18,01291653;-7,93399334
18,01791653;0,00000000
18,02291653;0,00000000
18,02791653;-0,46598175
18,03291653;-0,93196350
18,03791653;-0,93196350
18,04291653;-0,93196350
18,04791653;-1,39948320
18,05291653;-1,39948320
18,05791653;-1,39948320
18,06291653;-1,86546493
18,06791653;-0,93196350
18,07291653;-1,39948320
18,07791653;-0,93196350
18,08291653;-0,46598175
18,08791653;-0,93196350
18,09291653;-1,86546493
18,09791653;-0,93196350
18,10291653;-1,86546493
18,10791653;-0,93196350
18,11291653;-0,93196350
18,11791653;-1,39948320
18,12291653;-0,46598175
18,12791653;-0,93196350
18,13291653;-0,46598175
18,13791653;-0,93196350
18,14291652;-0,46598175
18,14791652;-1,39948320
18,15291652;-1,39948320
18,15791652;-0,93196350
18,16291652;-0,93196350
18,16791652;-1,39948320
18,17291652;-0,93196350
18,17791652;-1,86546493
18,18291652;-1,86546493
18,18791652;-1,39948320
18,19291652;-1,39948320
18,19791652;-1,86546493
18,20291652;-1,86546493
18,20791652;-0,93196350
18,21291652;-1,86546493
18,21791652;-0,93196350
18,22291652;-2,33298445
18,22791652;-2,33298445
18,23291652;-2,33298445
18,23791652;-2,79896641
18,24291652;-3,26648593
18,24791652;-2,79896641
18,25291652;-1,86546493
18,25791652;-2,33298445
18,26291652;-2,79896641
18,26791652;-2,79896641
18,27291652;-2,33298445
18,27791652;-2,33298445
18,28291652;-2,33298445
18,28791652;-2,79896641
18,29291652;-2,33298445
18,29791652;-1,86546493
18,30291652;-2,33298445
18,30791652;-2,33298445
18,31291652;-2,79896641
18,31791652;-1,86546493
18,32291652;-3,26648593
18,32791652;-3,26648593
18,33291652;-3,73246789
18,33791652;-3,26648593
18,34291652;-4,19998741
18,34791652;-3,73246789
18,35291652;-4,66596889
18,35791652;-3,73246789
18,36291652;-3,26648593
18,36791652;-3,73246789
18,37291652;-3,26648593
18,37791652;-4,19998741
18,38291652;-3,73246789
18,38791652;-4,66596889
18,39291652;-3,73246789
18,39791652;-3,26648593
18,40291652;-4,66596889
18,40791652;-3,73246789
18,41291652;-4,19998741
18,41791652;-4,19998741
18,42291652;-4,19998741
18,42791652;-4,19998741
18,43291652;-4,19998741
18,43791652;-4,19998741
18,44291652;-4,19998741
18,44791652;-4,66596889
18,45291652;-5,13348866
18,45791652;-4,19998741
18,46291652;-4,19998741
18,46791652;-4,19998741
18,47291652;-4,66596889
18,47791652;-3,73246789
18,48291652;-3,73246789
18,48791652;-4,66596889
18,49291652;-3,26648593
18,49791652;-2,79896641
18,50291652;-3,73246789
18,50791652;-3,26648593
18,51291652;-3,26648593
18,51791652;-2,79896641
18,52291652;-2,33298445
18,52791652;-3,26648593
18,53291652;-4,19998741
18,53791651;-2,79896641
18,54291651;-2,33298445
18,54791651;-2,79896641
18,55291651;-1,86546493
18,55791651;-3,26648593
18,56291651;-3,26648593
18,56791651;-2,79896641
18,57291651;-2,79896641
18,57791651;-2,79896641
18,58291651;-2,79896641
18,58791651;-2,79896641
18,59291651;-2,33298445
18,59791651;-2,79896641
18,60291651;-2,33298445
18,60791651;-2,79896641
18,61291651;-3,26648593
18,61791651;-2,33298445
18,62291651;-2,79896641
18,62791651;-3,26648593
18,63291651;-2,79896641
18,63791651;-2,79896641
18,64291651;-4,66596889
18,64791651;-2,79896641
18,65291651;-2,79896641
18,65791651;-2,33298445
18,66291651;-2,79896641
18,66791651;-3,26648593
18,67291651;-1,86546493
18,67791651;-1,86546493
18,68291651;-2,79896641
18,68791651;-2,33298445
18,69291651;-3,73246789
18,69791651;-1,86546493
18,70291651;-2,33298445
18,70791651;-3,26648593
18,71291651;-3,26648593
18,71791651;-3,73246789
18,72291651;-3,73246789
18,72791651;-7,00049162
18,73291651;-4,19998741
18,73791651;-4,19998741
18,74291651;-3,26648593
18,74791651;-3,73246789
18,75291651;-5,13348866
18,75791651;-3,26648593
18,76291651;-3,73246789
18,76791651;-3,73246789
18,77291651;-3,26648593
18,77791651;-6,06699038
18,78291651;-4,19998741
18,78791651;-3,73246789
18,79291651;-3,73246789
18,79791651;-4,66596889
18,80291651;-3,73246789
18,80791651;-4,19998741
18,81291651;-2,79896641
18,81791651;-4,66596889
18,82291651;-4,19998741
18,82791651;-4,19998741
18,83291651;-4,19998741
18,83791651;-4,19998741
18,84291651;-3,73246789
18,84791651;-4,19998741
18,85291651;-3,73246789
18,85791651;-4,19998741
18,86291651;-4,19998741
18,86791651;-4,66596889
18,87291651;-3,73246789
18,87791651;-3,73246789
18,88291651;-5,13348866
18,88791651;-4,19998741
18,89291651;-5,13348866
18,89791651;-3,73246789
18,90291651;-4,19998741
18,90791651;-4,66596889
18,91291651;-4,19998741
18,91791651;-4,19998741
18,92291651;-3,73246789
18,92791651;-4,66596889
18,93291650;-3,26648593
18,93791650;-3,73246789
18,94291650;-3,73246789
18,94791650;-3,73246789
18,95291650;-2,79896641
18,95791650;-4,66596889
18,96291650;-4,19998741
18,96791650;-3,73246789
18,97291650;-3,73246789
18,97791650;-3,73246789
18,98291650;-4,19998741
18,98791650;-3,73246789
18,99291650;-4,66596889
18,99791650;-3,73246789
19,00291650;-3,26648593
19,00791650;-3,26648593
19,01291650;-3,73246789
19,01791650;-3,26648593
19,02291650;-3,26648593
19,02791650;-3,26648593
19,03291650;-3,73246789
19,03791650;-2,79896641
19,04291650;-2,79896641
19,04791650;-3,26648593
19,05291650;-2,79896641
19,05791650;-2,79896641
19,06291650;-2,33298445
19,06791650;-3,26648593
19,07291650;-1,86546493
19,07791650;-1,86546493
19,08291650;1,39948320
19,08791650;-2,33298445
19,09291650;-1,39948320
19,09791650;-1,86546493
19,10291650;-1,39948320
19,10791650;-11,20047951
19,11291650;-1,39948320
19,11791650;-1,86546493
19,12291650;-1,39948320
19,12791650;-1,39948320
19,13291650;-0,93196350
19,13791650;0,00000000
19,14291650;-1,39948320
19,14791650;-1,86546493
19,15291650;-0,93196350
19,15791650;-1,86546493
19,16291650;-0,93196350
19,16791650;-1,39948320
19,17291650;-0,46598175
19,17791650;0,46598175
19,18291650;-0,93196350
19,18791650;0,00000000
19,19291650;-0,93196350
19,19791650;-1,39948320
19,20291650;0,00000000
19,20791650;0,46598175
19,21291650;-0,46598175
19,21791650;0,00000000
19,22291650;-0,46598175
19,22791650;0,93196350
19,23291650;0,46598175
19,23791650;0,46598175
19,24291650;0,93196350
19,24791650;0,00000000
19,25291650;1,39948320
19,25791650;1,86546493
19,26291650;0,46598175
19,26791650;0,93196350
19,27291650;1,39948320
19,27791650;0,46598175
19,28291650;0,46598175
19,28791650;0,46598175
19,29291650;0,46598175
19,29791650;0,00000000
19,30291650;0,00000000
19,30791650;0,00000000
19,31291650;0,00000000
19,31791650;1,86546493
19,32291650;1,39948320
19,32791649;0,46598175
19,33291649;1,86546493
19,33791649;0,46598175
19,34291649;0,46598175
19,34791649;0,93196350
19,35291649;0,46598175
19,35791649;0,00000000
19,36291649;0,00000000
19,36791649;0,46598175
19,37291649;0,46598175
19,37791649;0,46598175
19,38291649;0,00000000
19,38791649;0,46598175
19,39291649;0,46598175
19,39791649;0,46598175
19,40291649;0,00000000
19,40791649;0,93196350
19,41291649;0,93196350
19,41791649;0,46598175
19,42291649;0,46598175
19,42791649;0,93196350
19,43291649;0,46598175
19,43791649;0,93196350
19,44291649;1,39948320
19,44791649;0,93196350
19,45291649;0,46598175
19,45791649;1,39948320
19,46291649;1,39948320
19,46791649;1,86546493
19,47291649;0,93196350
19,47791649;0,46598175
19,48291649;1,86546493
19,48791649;1,39948320
19,49291649;1,39948320
19,49791649;2,33298445
19,50291649;0,93196350
19,50791649;1,39948320
19,51291649;2,33298445
19,51791649;1,39948320
19,52291649;0,93196350
19,52791649;2,33298445
19,53291649;3,26648593
19,53791649;2,79896641
19,54291649;1,86546493
19,54791649;1,86546493
19,55291649;3,26648593
19,55791649;2,33298445
19,56291649;2,33298445
19,56791649;2,79896641
19,57291649;2,79896641
19,57791649;2,79896641
19,58291649;3,26648593
19,58791649;2,79896641
19,59291649;3,26648593
19,59791649;3,73246789
19,60291649;3,73246789
19,60791649;3,73246789
19,61291649;4,19998741
19,61791649;3,73246789
19,62291649;4,66596889
19,62791649;4,19998741
19,63291649;5,13348866
19,63791649;4,66596889
19,64291649;5,59947062
19,64791649;5,13348866
19,65291649;5,13348866
19,65791649;5,59947062
19,66291649;5,13348866
19,66791649;5,59947062
19,67291649;5,59947062
19,67791649;5,59947062
19,68291649;5,13348866
19,68791649;5,13348866
19,69291649;4,66596889
19,69791649;5,13348866
19,70291649;5,13348866
19,70791649;5,59947062
19,71291649;5,59947062
19,71791649;4,66596889
19,72291649;5,13348866
19,72791648;4,66596889
19,73291648;5,59947062
19,73791648;5,13348866
19,74291648;6,06699038
19,74791648;5,59947062
19,75291648;5,59947062
19,75791648;6,06699038
19,76291648;5,59947062
19,76791648;6,06699038
19,77291648;6,06699038
19,77791648;6,06699038
19,78291648;5,13348866
19,78791648;5,59947062
19,79291648;6,06699038
19,79791648;6,53297186
19,80291648;6,06699038
19,80791648;5,59947062
19,81291648;5,59947062
19,81791648;5,59947062
19,82291648;6,06699038
19,82791648;5,13348866
19,83291648;6,06699038
19,83791648;6,06699038
19,84291648;5,59947062
19,84791648;5,59947062
19,85291648;6,53297186
19,85791648;6,06699038
19,86291648;6,53297186
19,86791648;6,06699038
19,87291648;6,53297186
19,87791648;6,06699038
19,88291648;5,13348866
19,88791648;7,00049162
19,89291648;5,59947062
19,89791648;6,06699038
19,90291648;6,53297186
19,90791648;6,06699038
19,91291648;6,53297186
19,91791648;7,00049162
19,92291648;5,59947062
19,92791648;6,53297186
19,93291648;5,13348866
19,93791648;7,93399334
19,94291648;6,06699038
19,94791648;7,00049162
19,95291648;6,06699038
19,95791648;7,00049162
19,96291648;6,06699038
19,96791648;6,53297186
19,97291648;6,53297186
19,97791648;7,00049162
19,98291648;6,06699038
19,98791648;7,46647358
19,99291648;7,46647358
19,99791648;7,93399334
20,00291648;8,39997482
20,00791648;7,46647358
20,01291648;6,53297186
20,01791648;7,93399334
20,02291648;7,46647358
20,02791648;7,93399334
20,03291648;8,39997482
20,03791648;7,93399334
20,04291648;8,86749458
20,04791648;7,93399334
20,05291648;9,33347607
20,05791648;8,39997482
20,06291648;9,33347607
20,06791648;8,86749458
20,07291648;8,39997482
20,07791648;9,80099583
20,08291648;9,33347607
20,08791648;7,00049162
20,09291648;9,80099583
20,09791648;9,33347607
20,10291648;8,86749458
20,10791648;9,80099583
20,11291648;9,33347607
20,11791648;10,26697731
20,12291647;9,80099583
20,12791647;10,26697731
20,13291647;9,80099583
20,13791647;10,26697731
20,14291647;10,73449707
20,14791647;7,93399334
20,15291647;10,73449707
20,15791647;9,80099583
20,16291647;11,20047951
20,16791647;9,33347607
20,17291647;10,73449707
20,17791647;11,66799831
20,18291647;11,20047951
20,18791647;11,20047951
20,19291647;10,26697731
20,19791647;10,26697731
20,20291647;10,26697731
20,20791647;10,73449707
20,21291647;11,20047951
20,21791647;10,26697731
20,22291647;10,73449707
20,22791647;10,73449707
20,23291647;11,20047951
20,23791647;10,73449707
20,24291647;11,20047951
20,24791647;10,73449707
20,25291647;10,26697731
20,25791647;11,20047951
20,26291647;11,20047951
20,26791647;10,73449707
20,27291647;10,73449707
20,27791647;11,20047951
20,28291647;11,20047951
20,28791647;11,20047951
20,29291647;10,26697731
20,29791647;11,20047951
20,30291647;10,73449707
20,30791647;9,80099583
20,31291647;10,73449707
20,31791647;9,80099583
20,32291647;11,20047951
20,32791647;9,80099583
20,33291647;8,39997482
20,33791647;10,26697731
20,34291647;10,26697731
20,34791647;9,33347607
20,35291647;10,26697731
20,35791647;10,26697731
20,36291647;9,80099583
20,36791647;10,26697731
20,37291647;10,26697731
20,37791647;9,80099583
20,38291647;10,26697731
20,38791647;9,33347607
20,39291647;9,33347607
20,39791647;10,26697731
20,40291647;9,80099583
20,40791647;9,80099583
20,41291647;9,33347607
20,41791647;10,26697731
20,42291647;8,86749458
20,42791647;9,33347607
20,43291647;9,33347607
20,43791647;10,26697731
20,44291647;9,33347607
20,44791647;10,26697731
20,45291647;9,80099583
20,45791647;10,26697731
20,46291647;9,33347607
20,46791647;10,73449707
20,47291647;9,80099583
20,47791647;10,73449707
20,48291647;10,26697731
20,48791647;10,26697731
20,49291647;10,73449707
20,49791647;10,26697731
20,50291647;10,73449707
20,50791647;11,20047951
20,51291647;10,26697731
20,51791646;11,20047951
20,52291646;10,26697731
20,52791646;10,73449707
20,53291646;9,80099583
20,53791646;11,20047951
20,54291646;10,73449707
20,54791646;11,66799831
20,55291646;11,66799831
20,55791646;11,66799831
20,56291646;11,66799831
20,56791646;12,13398075
20,57291646;11,66799831
20,57791646;11,66799831
20,58291646;11,66799831
20,58791646;12,60150051
20,59291646;11,66799831
20,59791646;12,13398075
20,60291646;12,13398075
20,60791646;11,66799831
20,61291646;12,13398075
20,61791646;12,13398075
20,62291646;12,13398075
20,62791646;11,66799831
20,63291646;11,66799831
20,63791646;10,73449707
20,64291646;11,20047951
20,64791646;11,66799831
20,65291646;11,20047951
20,65791646;11,20047951
20,66291646;11,20047951
20,66791646;11,66799831
20,67291646;10,73449707
20,67791646;11,66799831
20,68291646;10,26697731
20,68791646;11,20047951
20,69291646;11,66799831
20,69791646;11,20047951
20,70291646;10,73449707
20,70791646;10,73449707
20,71291646;11,20047951
20,71791646;10,73449707
20,72291646;11,66799831
20,72791646;11,20047951
20,73291646;10,26697731
20,73791646;11,20047951
20,74291646;11,20047951
20,74791646;10,26697731
20,75291646;10,26697731
20,75791646;11,20047951
20,76291646;11,20047951
20,76791646;10,26697731
20,77291646;10,26697731
20,77791646;10,73449707
20,78291646;11,66799831
20,78791646;11,20047951
20,79291646;10,73449707
20,79791646;10,26697731
20,80291646;7,93399334
20,80791646;10,26697731
20,81291646;10,73449707
20,81791646;9,80099583
20,82291646;9,33347607
20,82791646;10,26697731
20,83291646;10,26697731
20,83791646;9,80099583
20,84291646;9,33347607
20,84791646;9,80099583
20,85291646;10,26697731
20,85791646;9,33347607
20,86291646;10,26697731
20,86791646;9,80099583
20,87291646;9,80099583
20,87791646;9,80099583
20,88291646;9,80099583
20,88791646;9,33347607
20,89291646;9,33347607
20,89791646;9,80099583
20,90291646;9,80099583
20,90791646;9,33347607
20,91291645;9,80099583
20,91791645;9,80099583
20,92291645;9,33347607
20,92791645;9,80099583
20,93291645;9,33347607
20,93791645;8,86749458
20,94291645;9,80099583
20,94791645;10,26697731
20,95291645;8,86749458
20,95791645;9,33347607
20,96291645;8,39997482
20,96791645;8,86749458
20,97291645;8,86749458
20,97791645;8,86749458
20,98291645;8,39997482
20,98791645;8,39997482
20,99291645;8,39997482
20,99791645;8,86749458
21,00291645;8,86749458
21,00791645;8,39997482
21,01291645;7,93399334
21,01791645;8,39997482
21,02291645;8,39997482
21,02791645;16,80148888
21,03291645;7,93399334
21,03791645;8,86749458
21,04291645;8,39997482
21,04791645;7,93399334
21,05291645;7,00049162
21,05791645;6,53297186
21,06291645;7,93399334
21,06791645;7,93399334
21,07291645;7,46647358
21,07791645;7,93399334
21,08291645;7,00049162
21,08791645;7,46647358
21,09291645;6,53297186
21,09791645;8,39997482
21,10291645;7,00049162
21,10791645;7,46647358
21,11291645;8,39997482
21,11791645;7,00049162
21,12291645;6,53297186
21,12791645;7,46647358
21,13291645;8,86749458
21,13791645;7,46647358
21,14291645;7,93399334
21,14791645;5,59947062
21,15291645;7,46647358
21,15791645;7,46647358
21,16291645;8,39997482
21,16791645;7,46647358
21,17291645;7,00049162
21,17791645;6,06699038
21,18291645;6,53297186
21,18791645;6,53297186
21,19291645;6,53297186
21,19791645;7,00049162
21,20291645;7,00049162
21,20791645;6,53297186
21,21291645;7,46647358
21,21791645;7,00049162
21,22291645;6,53297186
21,22791645;7,00049162
21,23291645;7,46647358
21,23791645;7,46647358
21,24291645;7,00049162
21,24791645;5,59947062
21,25291645;6,53297186
21,25791645;7,00049162
21,26291645;7,93399334
21,26791645;7,00049162
21,27291645;7,00049162
21,27791645;6,53297186
21,28291645;7,00049162
21,28791645;7,00049162
21,29291645;7,00049162
21,29791645;6,53297186
21,30291645;6,53297186
21,30791644;7,00049162
21,31291644;6,53297186
21,31791644;6,53297186
21,32291644;6,06699038
21,32791644;6,53297186
21,33291644;4,19998741
21,33791644;6,53297186
21,34291644;6,06699038
21,34791644;4,66596889
21,35291644;5,59947062
21,35791644;5,13348866
21,36291644;5,13348866
21,36791644;5,59947062
21,37291644;4,66596889
21,37791644;4,66596889
21,38291644;5,13348866
21,38791644;4,66596889
21,39291644;4,66596889
21,39791644;4,19998741
21,40291644;3,73246789
21,40791644;4,19998741
21,41291644;4,19998741
21,41791644;5,13348866
21,42291644;3,73246789
21,42791644;4,66596889
21,43291644;3,26648593
21,43791644;4,19998741
21,44291644;3,73246789
21,44791644;4,66596889
21,45291644;3,73246789
21,45791644;3,73246789
21,46291644;3,26648593
21,46791644;3,26648593
21,47291644;2,79896641
21,47791644;2,79896641
21,48291644;2,79896641
21,48791644;2,79896641
21,49291644;2,79896641
21,49791644;2,33298445
21,50291644;1,86546493
21,50791644;1,86546493
21,51291644;2,33298445
21,51791644;3,73246789
21,52291644;2,33298445
21,52791644;2,33298445
21,53291644;2,33298445
21,53791644;2,33298445
21,54291644;1,86546493
21,54791644;3,26648593
21,55291644;2,33298445
21,55791644;2,33298445
21,56291644;2,33298445
21,56791644;1,86546493
21,57291644;0,93196350
21,57791644;1,86546493
21,58291644;1,39948320
21,58791644;1,86546493
21,59291644;1,39948320
21,59791644;1,39948320
21,60291644;1,86546493
21,60791644;2,33298445
21,61291644;1,86546493
21,61791644;1,86546493
21,62291644;1,86546493
21,62791644;2,33298445
21,63291644;1,39948320
21,63791644;1,86546493
21,64291644;2,33298445
21,64791644;2,33298445
21,65291644;0,93196350
21,65791644;1,86546493
21,66291644;0,93196350
21,66791644;1,86546493
21,67291644;1,86546493
21,67791644;1,39948320
21,68291644;1,39948320
21,68791644;0,93196350
21,69291644;1,39948320
21,69791644;2,79896641
21,70291643;1,39948320
21,70791643;2,79896641
21,71291643;1,39948320
21,71791643;1,39948320
21,72291643;1,86546493
21,72791643;1,39948320
21,73291643;2,33298445
21,73791643;1,39948320
21,74291643;0,93196350
21,74791643;0,00000000
21,75291643;1,39948320
21,75791643;1,39948320
21,76291643;1,39948320
21,76791643;0,46598175
21,77291643;0,00000000
21,77791643;0,46598175
21,78291643;0,00000000
21,78791643;-0,46598175
21,79291643;-0,93196350
21,79791643;0,00000000
21,80291643;-0,46598175
21,80791643;0,46598175
21,81291643;-0,46598175
21,81791643;-1,39948320
21,82291643;-0,46598175
21,82791643;-0,46598175
21,83291643;-0,93196350
21,83791643;-0,93196350
21,84291643;-0,93196350
21,84791643;-0,93196350
21,85291643;-0,46598175
21,85791643;-0,93196350
21,86291643;-0,93196350
21,86791643;-1,39948320
21,87291643;-0,93196350
21,87791643;-1,39948320
21,88291643;-1,39948320
21,88791643;-1,39948320
21,89291643;-1,39948320
21,89791643;-1,86546493
21,90291643;-2,33298445
21,90791643;-1,39948320
21,91291643;-2,33298445
21,91791643;-1,86546493
21,92291643;-5,59947062
21,92791643;-2,33298445
21,93291643;-1,86546493
21,93791643;-3,26648593
21,94291643;-3,26648593
21,94791643;-3,73246789
21,95291643;-2,33298445
21,95791643;-3,26648593
21,96291643;-3,73246789
21,96791643;-2,33298445
21,97291643;-3,26648593
21,97791643;-2,79896641
21,98291643;-2,33298445
21,98791643;-3,26648593
21,99291643;-2,79896641
21,99791643;-3,73246789
22,00291643;-3,26648593
22,00791643;-3,26648593
22,01291643;-2,79896641
22,01791643;-3,73246789
22,02291643;-4,19998741
22,02791643;-3,26648593
22,03291643;-3,73246789
22,03791643;-3,26648593
22,04291643;-4,66596889
22,04791643;-3,73246789
22,05291643;-4,19998741
22,05791643;-3,73246789
22,06291643;-3,73246789
22,06791643;-4,19998741
22,07291643;-3,73246789
22,07791643;-4,66596889
22,08291643;-4,19998741
22,08791643;-4,19998741
22,09291643;-4,66596889
22,09791643;-5,13348866
22,10291642;-4,66596889
22,10791642;-5,13348866
22,11291642;-4,66596889
22,11791642;-5,13348866
22,12291642;-5,13348866
22,12791642;-5,59947062
22,13291642;-5,13348866
22,13791642;-4,66596889
22,14291642;-5,13348866
22,14791642;-5,59947062
22,15291642;-5,13348866
22,15791642;-5,13348866
22,16291642;-5,59947062
22,16791642;-5,59947062
22,17291642;-5,13348866
22,17791642;-5,59947062
22,18291642;-6,53297186
22,18791642;-5,59947062
22,19291642;-7,46647358
22,19791642;-4,66596889
22,20291642;-5,59947062
22,20791642;-6,06699038
22,21291642;-5,59947062
22,21791642;-6,53297186
22,22291642;-5,59947062
22,22791642;-5,59947062
22,23291642;-5,59947062
22,23791642;-5,59947062
22,24291642;-6,06699038
22,24791642;-5,13348866
22,25291642;-6,06699038
22,25791642;-5,59947062
22,26291642;-6,06699038
22,26791642;-5,13348866
22,27291642;-6,06699038
22,27791642;-6,06699038
22,28291642;-6,06699038
22,28791642;-6,06699038
22,29291642;-6,53297186
22,29791642;-5,59947062
22,30291642;-7,00049162
22,30791642;-5,59947062
22,31291642;-6,06699038
22,31791642;-6,53297186
22,32291642;-6,53297186
22,32791642;-6,06699038
22,33291642;-6,53297186
22,33791642;-7,00049162
22,34291642;-6,53297186
22,34791642;-7,93399334
22,35291642;-6,06699038
22,35791642;-6,06699038
22,36291642;-6,53297186
22,36791642;-6,06699038
22,37291642;-6,53297186
22,37791642;-5,59947062
22,38291642;-5,59947062
22,38791642;-6,53297186
22,39291642;-6,53297186
22,39791642;-7,00049162
22,40291642;-20,06797409
22,40791642;-6,06699038
22,41291642;-7,00049162
22,41791642;-7,00049162
22,42291642;-6,53297186
22,42791642;-7,00049162
22,43291642;-7,00049162
22,43791642;-6,53297186
22,44291642;-7,00049162
22,44791642;-7,00049162
22,45291642;-7,00049162
22,45791642;-6,53297186
22,46291642;-7,00049162
22,46791642;-7,00049162
22,47291642;-7,93399334
22,47791642;-7,46647358
22,48291642;-7,93399334
22,48791642;-7,46647358
22,49291642;-7,46647358
22,49791641;-7,00049162
22,50291641;-7,00049162
22,50791641;-7,46647358
22,51291641;-7,46647358
22,51791641;-6,53297186
22,52291641;-7,00049162
22,52791641;-7,00049162
22,53291641;-7,46647358
22,53791641;-7,46647358
22,54291641;-7,93399334
22,54791641;-6,53297186
22,55291641;-7,46647358
22,55791641;-7,93399334
22,56291641;-8,86749458
22,56791641;-9,33347607
22,57291641;-7,46647358
22,57791641;-8,86749458
22,58291641;-8,39997482
22,58791641;-7,46647358
22,59291641;-7,46647358
22,59791641;-7,93399334
22,60291641;-7,93399334
22,60791641;-7,46647358
22,61291641;-8,86749458
22,61791641;-6,53297186
22,62291641;-7,93399334
22,62791641;-7,93399334
22,63291641;-8,86749458
22,63791641;-8,39997482
22,64291641;-7,46647358
22,64791641;-8,86749458
22,65291641;-7,93399334
22,65791641;-8,86749458
22,66291641;-9,33347607
22,66791641;-8,86749458
22,67291641;-8,86749458
22,67791641;-9,33347607
22,68291641;-9,33347607
22,68791641;-9,80099583
22,69291641;-9,33347607
22,69791641;-11,66799831
22,70291641;-9,80099583
22,70791641;-10,26697731
22,71291641;-10,26697731
22,71791641;-10,73449707
22,72291641;-11,20047951
22,72791641;-10,73449707
22,73291641;-11,20047951
22,73791641;-10,26697731
22,74291641;-11,20047951
22,74791641;-12,60150051
22,75291641;-10,26697731
22,75791641;-11,66799831
22,76291641;-11,20047951
22,76791641;-12,13398075
22,77291641;-12,60150051
22,77791641;-12,60150051
22,78291641;-13,53500175
22,78791641;-12,60150051
22,79291641;-13,53500175
22,79791641;-13,06748199
22,80291641;-13,06748199
22,80791641;-13,06748199
22,81291641;-14,00098324
22,81791641;-14,00098324
22,82291641;-14,00098324
22,82791641;-13,53500175
22,83291641;-13,06748199
22,83791641;-14,00098324
22,84291641;-13,53500175
22,84791641;-13,06748199
22,85291641;-14,00098324
22,85791641;-13,06748199
22,86291641;-13,53500175
22,86791641;-14,00098324
22,87291641;-13,53500175
22,87791641;-13,53500175
22,88291641;-13,53500175
22,88791641;-13,53500175
22,89291640;-13,53500175
22,89791640;-14,00098324
22,90291640;-14,00098324
22,90791640;-14,00098324
22,91291640;-14,46850300
22,91791640;-13,53500175
22,92291640;-14,00098324
22,92791640;-14,00098324
22,93291640;-13,53500175
22,93791640;-14,93448448
22,94291640;-13,53500175
22,94791640;-13,53500175
22,95291640;-14,00098324
22,95791640;-13,06748199
22,96291640;-13,06748199
22,96791640;-13,06748199
22,97291640;-13,53500175
22,97791640;-12,13398075
22,98291640;-11,20047951
22,98791640;-12,60150051
22,99291640;-12,13398075
22,99791640;-11,66799831
23,00291640;-11,66799831
23,00791640;-12,13398075
23,01291640;-12,13398075
23,01791640;-11,20047951
23,02291640;-11,66799831
23,02791640;-11,66799831
23,03291640;-11,66799831
23,03791640;-11,20047951
23,04291640;-12,13398075
23,04791640;-11,20047951
23,05291640;-13,06748199
23,05791640;-12,13398075
23,06291640;-10,73449707
23,06791640;-11,66799831
23,07291640;-11,66799831
23,07791640;-11,66799831
23,08291640;-11,66799831
23,08791640;-11,66799831
23,09291640;-12,13398075
23,09791640;-12,13398075
23,10291640;-12,60150051
23,10791640;-12,13398075
23,11291640;-11,66799831
23,11791640;-12,13398075
23,12291640;-11,66799831
23,12791640;-11,66799831
23,13291640;-11,66799831
23,13791640;-11,66799831
23,14291640;-11,20047951
23,14791640;-11,20047951
23,15291640;-11,66799831
23,15791640;-11,66799831
23,16291640;-12,60150051
23,16791640;-12,60150051
23,17291640;-12,60150051
23,17791640;-14,00098324
23,18291640;-13,53500175
23,18791640;-13,06748199
23,19291640;-13,53500175
23,19791640;-13,53500175
23,20291640;-14,46850300
23,20791640;-14,46850300
23,21291640;-13,53500175
23,21791640;-13,53500175
23,22291640;-13,53500175
23,22791640;-14,46850300
23,23291640;-14,00098324
23,23791640;-14,00098324
23,24291640;-14,00098324
23,24791640;-14,46850300
23,25291640;-15,40046692
23,25791640;-14,93448448
23,26291640;-14,93448448
23,26791640;-14,93448448
23,27291640;-15,40046692
23,27791640;-14,46850300
23,28291640;-14,93448448
23,28791639;-14,93448448
23,29291639;-14,46850300
23,29791639;-15,86798668
23,30291639;-15,40046692
23,30791639;-15,40046692
23,31291639;-15,86798668
23,31791639;-15,86798668
23,32291639;-16,33396912
23,32791639;-16,33396912
23,33291639;-15,40046692
23,33791639;-16,80148888
23,34291639;-15,86798668
23,34791639;-17,26746941
23,35291639;-17,73498917
23,35791639;-16,80148888
23,36291639;-14,93448448
23,36791639;-15,86798668
23,37291639;-15,86798668
23,37791639;-16,33396912
23,38291639;-16,33396912
23,38791639;-15,86798668
23,39291639;-15,40046692
23,39791639;-15,40046692
23,40291639;-14,93448448
23,40791639;-14,93448448
23,41291639;-13,06748199
23,41791639;-14,00098324
23,42291639;-14,00098324
23,42791639;-14,46850300
23,43291639;-13,53500175
23,43791639;-13,53500175
23,44291639;-12,60150051
23,44791639;-13,53500175
23,45291639;-12,13398075
23,45791639;-11,66799831
23,46291639;-12,60150051
23,46791639;-12,60150051
23,47291639;-13,06748199
23,47791639;-13,06748199
23,48291639;-13,06748199
23,48791639;-12,60150051
23,49291639;-12,13398075
23,49791639;-12,60150051
23,50291639;-12,13398075
23,50791639;-12,60150051
23,51291639;-12,13398075
23,51791639;-11,66799831
23,52291639;-11,20047951
23,52791639;-11,20047951
23,53291639;-11,20047951
23,53791639;-11,66799831
23,54291639;-9,80099583
23,54791639;-11,20047951
23,55291639;-10,73449707
23,55791639;-11,20047951
23,56291639;-10,73449707
23,56791639;-10,73449707
23,57291639;-10,73449707
23,57791639;-10,26697731
23,58291639;-12,13398075
23,58791639;-11,20047951
23,59291639;-11,66799831
23,59791639;-12,13398075
23,60291639;-11,20047951
23,60791639;-10,73449707
23,61291639;-11,20047951
23,61791639;-10,73449707
23,62291639;-11,20047951
23,62791639;-11,66799831
23,63291639;-11,66799831
23,63791639;-11,66799831
23,64291639;-11,20047951
23,64791639;-11,66799831
23,65291639;-12,13398075
23,65791639;-11,66799831
23,66291639;-11,20047951
23,66791639;-12,13398075
23,67291639;-11,66799831
23,67791639;-11,66799831
23,68291638;-12,60150051
23,68791638;-11,66799831
23,69291638;-12,13398075
23,69791638;-11,66799831
23,70291638;-11,66799831
23,70791638;-12,60150051
23,71291638;-13,06748199
23,71791638;-11,20047951
23,72291638;-12,60150051
23,72791638;-12,60150051
23,73291638;-11,66799831
23,73791638;-13,53500175
23,74291638;-12,60150051
23,74791638;-13,53500175
23,75291638;-12,13398075
23,75791638;-13,06748199
23,76291638;-13,06748199
23,76791638;-13,06748199
23,77291638;-12,60150051
23,77791638;-13,53500175
23,78291638;-13,53500175
23,78791638;-12,60150051
23,79291638;-13,53500175
23,79791638;-13,06748199
23,80291638;-12,60150051
23,80791638;-12,60150051
23,81291638;-12,60150051
23,81791638;-12,60150051
23,82291638;-13,06748199
23,82791638;-12,13398075
23,83291638;-12,60150051
23,83791638;-12,13398075
23,84291638;-12,60150051
23,84791638;-12,60150051
23,85291638;-13,53500175
23,85791638;-12,13398075
23,86291638;-12,13398075
23,86791638;-13,06748199
23,87291638;-12,60150051
23,87791638;-12,13398075
23,88291638;-12,13398075
23,88791638;-11,66799831
23,89291638;-12,60150051
23,89791638;-12,13398075
23,90291638;-12,13398075
23,90791638;-12,13398075
23,91291638;-11,66799831
23,91791638;-11,20047951
23,92291638;-12,13398075
23,92791638;-12,60150051
23,93291638;-12,13398075
23,93791638;-12,13398075
23,94291638;-11,20047951
23,94791638;-12,13398075
23,95291638;-11,20047951
23,95791638;-11,20047951
23,96291638;-11,20047951
23,96791638;-11,66799831
23,97291638;-11,20047951
23,97791638;-11,66799831
23,98291638;-10,73449707
23,98791638;-11,66799831
23,99291638;-11,66799831
23,99791638;-11,66799831
24,00291638;-11,20047951
24,00791638;-11,66799831
24,01291638;-10,26697731
24,01791638;-10,73449707
24,02291638;-11,20047951
24,02791638;-10,73449707
24,03291638;-11,20047951
24,03791638;-10,73449707
24,04291638;-11,66799831
24,04791638;-10,73449707
24,05291638;-11,20047951
24,05791638;-12,13398075
24,06291638;-10,26697731
24,06791638;-11,20047951
24,07291638;-10,73449707
24,07791637;-10,73449707
24,08291637;-10,73449707
24,08791637;-10,26697731
24,09291637;-10,73449707
24,09791637;-10,26697731
24,10291637;-10,26697731
24,10791637;-10,26697731
24,11291637;-10,26697731
24,11791637;-10,26697731
24,12291637;-10,26697731
24,12791637;-9,33347607
24,13291637;-10,26697731
24,13791637;-10,73449707
24,14291637;-9,33347607
24,14791637;-8,86749458
24,15291637;-9,80099583
24,15791637;-10,26697731
24,16291637;-10,73449707
24,16791637;-9,33347607
24,17291637;-9,80099583
24,17791637;-10,26697731
24,18291637;-10,73449707
24,18791637;-9,33347607
24,19291637;-9,33347607
24,19791637;-9,33347607
24,20291637;-9,80099583
24,20791637;-9,33347607
24,21291637;-9,33347607
24,21791637;-9,80099583
24,22291637;-7,93399334
24,22791637;-8,86749458
24,23291637;-7,93399334
24,23791637;-7,46647358
24,24291637;-8,39997482
24,24791637;-7,46647358
24,25291637;-8,39997482
24,25791637;-7,46647358
24,26291637;-7,93399334
24,26791637;-7,93399334
24,27291637;-7,93399334
24,27791637;-8,39997482
24,28291637;-7,00049162
24,28791637;-7,93399334
24,29291637;-7,46647358
24,29791637;-7,46647358
24,30291637;-7,46647358
24,30791637;-7,00049162
24,31291637;-7,93399334
24,31791637;-7,00049162
24,32291637;-7,46647358
24,32791637;-7,00049162
24,33291637;-6,53297186
24,33791637;-6,53297186
24,34291637;-7,00049162
24,34791637;-6,06699038
24,35291637;-6,06699038
24,35791637;-6,53297186
24,36291637;-5,13348866
24,36791637;-6,06699038
24,37291637;-6,06699038
24,37791637;-6,06699038
24,38291637;-5,13348866
24,38791637;-5,13348866
24,39291637;7,93399334
24,39791637;-5,59947062
24,40291637;-6,06699038
24,40791637;-5,59947062
24,41291637;-5,13348866
24,41791637;-5,13348866
24,42291637;-5,59947062
24,42791637;-5,59947062
24,43291637;-6,06699038
24,43791637;-5,59947062
24,44291637;-5,59947062
24,44791637;-5,59947062
24,45291637;-5,13348866
24,45791637;-6,06699038
24,46291637;-5,13348866
24,46791637;-5,59947062
24,47291637;-5,59947062
24,47791636;-5,59947062
24,48291636;-5,13348866
24,48791636;-4,66596889
24,49291636;-9,80099583
24,49791636;-4,66596889
24,50291636;-4,66596889
24,50791636;-4,66596889
24,51291636;-4,66596889
24,51791636;-4,66596889
24,52291636;-3,73246789
24,52791636;-4,19998741
24,53291636;-4,19998741
24,53791636;-4,66596889
24,54291636;-3,73246789
24,54791636;-2,33298445
24,55291636;-4,19998741
24,55791636;-4,66596889
24,56291636;-3,73246789
24,56791636;-4,19998741
24,57291636;-3,73246789
24,57791636;-5,13348866
24,58291636;-4,19998741
24,58791636;-3,73246789
24,59291636;-3,73246789
24,59791636;-4,19998741
24,60291636;-4,19998741
24,60791636;-3,73246789
24,61291636;-4,19998741
24,61791636;-3,26648593
24,62291636;-2,79896641
24,62791636;-2,79896641
24,63291636;-3,73246789
24,63791636;-3,26648593
24,64291636;-3,26648593
24,64791636;-2,79896641
24,65291636;-2,33298445
24,65791636;-2,33298445
24,66291636;-2,33298445
24,66791636;-2,33298445
24,67291636;-1,39948320
24,67791636;-2,33298445
24,68291636;-1,86546493
24,68791636;-1,86546493
24,69291636;-0,93196350
24,69791636;-0,46598175
24,70291636;-0,93196350
24,70791636;-0,46598175
24,71291636;0,00000000
24,71791636;-0,46598175
24,72291636;0,00000000
24,72791636;0,46598175
24,73291636;0,46598175
24,73791636;0,93196350
24,74291636;0,46598175
24,74791636;0,46598175
24,75291636;1,39948320
24,75791636;1,39948320
24,76291636;0,00000000
24,76791636;0,00000000
24,77291636;1,39948320
24,77791636;1,86546493
24,78291636;1,39948320
24,78791636;0,93196350
24,79291636;2,79896641
24,79791636;0,93196350
24,80291636;1,39948320
24,80791636;1,39948320
24,81291636;1,86546493
24,81791636;0,46598175
24,82291636;1,86546493
24,82791636;0,93196350
24,83291636;2,33298445
24,83791636;1,39948320
24,84291636;2,33298445
24,84791636;1,86546493
24,85291636;2,33298445
24,85791636;1,86546493
24,86291636;1,86546493
24,86791636;2,33298445
24,87291635;1,86546493
24,87791635;2,79896641
24,88291635;2,79896641
24,88791635;2,33298445
24,89291635;2,33298445
24,89791635;2,33298445
24,90291635;1,86546493
24,90791635;2,33298445
24,91291635;2,33298445
24,91791635;2,79896641
24,92291635;2,79896641
24,92791635;2,79896641
24,93291635;2,33298445
24,93791635;3,26648593
24,94291635;2,79896641
24,94791635;2,33298445
24,95291635;1,86546493
24,95791635;3,73246789
24,96291635;2,79896641
24,96791635;2,33298445
24,97291635;2,33298445
24,97791635;2,33298445
24,98291635;3,73246789
24,98791635;2,79896641
24,99291635;3,26648593
24,99791635;3,73246789
25,00291635;4,19998741
25,00791635;3,73246789
